Gene	baseMean	log2FoldChange	lfcSE	stat	pvalue	padj
SACI_RS00005	2337.79907321818	0.38	0.258653153122569	1.47349843788316	0.140616684748696	0.265495249063232
SACI_RS00010	344.011382240724	-0.13	0.245965568416983	-0.544351138802775	0.586199862398945	0.730748744131054
SACI_RS00015	5480.24519330658	0.09	0.13990620972738	0.611072937298481	0.54115129507164	0.69525398174767
SACI_RS00020	128.719392751467	-0.32	0.202586477510709	-1.56036411533396	0.118673859858813	0.231384209171958
SACI_RS00025	1096.43551878529	-0.17	0.0948512026444045	-1.80284750051245	0.07141216789958	0.155444157896421
SACI_RS00030	183.063712194577	0.61	0.253758444141566	2.41716376860255	0.0156419777407422	0.0441789798974192
SACI_RS11965	239.185042152751	0.02	0.282838151518778	0.0734296432283412	0.941464229375641	0.969576963497674
SACI_RS00035	401.929582330919	-0.38	0.149232958780871	-2.55692133471371	0.010560309586305	0.0318863822528119
SACI_RS00040	464.197942480944	-0.22	0.161322638131865	-1.33580245513869	0.181613850304362	0.324916075703021
SACI_RS00045	1396.08697900936	-0.21	0.178063410989693	-1.19127015179172	0.233547547544791	0.39079869950352
SACI_RS00050	113.974195116508	0.69	0.218796155686371	3.14651518446539	0.00165228681827934	0.00654170699482026
SACI_RS00055	673.445826787138	-0.32	0.136955629979005	-2.31918042881602	0.020385255195187	0.0545481311429831
SACI_RS00060	207.265129736488	-3.21	0.230869160085967	-13.9230967864061	4.58595289219413e-44	1.09498444441312e-41
SACI_RS00065	202.322776228806	-0.72	0.161887331453115	-4.47243431393435	7.73341591326344e-06	5.55205586478195e-05
SACI_RS00070	491.56992351645	-0.01	0.161374309765416	-0.0336585401070002	0.973149440426332	0.988111175362556
SACI_RS00075	165.230870137534	-0.26	0.183044741020828	-1.44076908887528	0.149649928963987	0.280164885105077
SACI_RS00080	269.289853506432	-0.41	0.171882454119352	-2.38149766440406	0.0172424001060202	0.0479144224969443
SACI_RS00085	865.384897617083	-0.86	0.135911014496116	-6.31268392377693	2.74237237224602e-10	4.0728822217472e-09
SACI_RS00090	717.708217844961	-0.65	0.123154605924257	-5.31516214885525	1.06562392072593e-07	1.06699891933332e-06
SACI_RS00095	467.835314821487	0.02	0.13849619322502	0.118886892366948	0.905364966483063	0.945921797046847
SACI_RS00100	83.1354760963448	0.49	0.248970490027024	1.9612312737175	0.049852050248653	0.114878072733347
nadA	1136.5246668017	0.41	0.25234789951723	1.64336688532075	0.100307047272055	0.203233077501606
SACI_RS00110	1231.35053490159	-0.35	0.120392234775784	-2.88618754009592	0.00389939724048688	0.0137698851359173
SACI_RS00115	1182.11638426997	-0.67	0.099988456648667	-6.68771267183832	2.26685647775604e-11	3.97532345025692e-10
SACI_RS00120	122.341166899158	-0.57	0.197220709983882	-2.87325860447725	0.00406261415876564	0.0142651067294214
SACI_RS00125	869.399603455567	-0.24	0.110093470693952	-2.1399989632843	0.032354850526716	0.0806099161762741
SACI_RS00130	221.81949181405	0.33	0.202207437849888	1.63195476190457	0.102689016460296	0.206308548280104
SACI_RS00135	4582.61266660818	0.32	0.0938944348738367	3.37597171998751	0.000735554794150817	0.00325236763681501
SACI_RS00140	599.459266458724	0.46	0.172083813632566	2.65616375070834	0.00790352260566909	0.0248556577183352
SACI_RS11510	726.022180357939	-0.40	0.120702057025364	-3.32285545898078	0.000891010700358416	0.00383060555943563
SACI_RS00145	190.239757754879	-0.26	0.154984013345702	-1.67014567798395	0.0948905445854404	0.195448075907901
SACI_RS11515	80.1947353796453	-0.22	0.246533967279233	-0.892131448396288	0.372322480342494	0.542322373994885
SACI_RS00150	90.2127728767832	-0.37	0.232189989669838	-1.6142271840818	0.106478157639235	0.212272447856253
SACI_RS00155	1613.11832502153	-0.63	0.113853720183711	-5.55427370860608	2.78768385187167e-08	3.13513430297451e-07
SACI_RS00160	229.213297273159	-0.10	0.197176112207376	-0.492548596758577	0.622331576280938	0.760870640176746
SACI_RS00165	886.90258113639	-0.18	0.11083989378282	-1.57965189156372	0.114186608575346	0.224895452422509
SACI_RS00170	97.5352478470398	-0.03	0.249273625391654	-0.138019433319072	0.890225058965896	0.940203668945268
SACI_RS00175	386.949530542852	-0.22	0.166831486519381	-1.29510223162478	0.195284965186053	0.345325869990016
trxA	674.908762062945	2.49	0.168488864265272	14.798016592622	1.50866009917335e-49	4.68288094783409e-47
SACI_RS00185	145.853946688177	0.50	0.205629827126914	2.45548937988144	0.014069290985433	0.0404361844618372
SACI_RS00190	311.83517747119	0.20	0.153999938488732	1.32918475460171	0.183787023535065	0.328236433287021
SACI_RS00195	1593.58679900004	-0.56	0.182960637635779	-3.04196354036491	0.00235040361809267	0.008929807626144
SACI_RS00200	423.603348197907	0.17	0.159985173072745	1.04565237848372	0.295721556914347	0.460803068605488
SACI_RS00205	14677.5686056703	-0.56	0.136359367397998	-4.10291800193985	4.07971869516682e-05	0.000246850815395669
SACI_RS00210	221.790199092463	-0.36	0.165255546636698	-2.16227929883658	0.0305966543781217	0.0772130204794226
SACI_RS00215	1867.67448725755	0.06	0.114169633049981	0.543100152237918	0.587060847830162	0.731435111166557
SACI_RS00220	363.268849254762	-0.41	0.167599012673748	-2.44917434699464	0.0143184121635061	0.041076110310095
SACI_RS00225	730.96115082445	-0.52	0.164922332663409	-3.15524721298456	0.00160362163601777	0.00638159174128097
SACI_RS00230	5558.48442186209	-0.27	0.186362631338799	-1.42795534020818	0.153304713383444	0.284350637364709
SACI_RS00235	2574.3309450458	-0.33	0.196386975094022	-1.65595098982969	0.0977317443396186	0.199709897584053
SACI_RS00240	4209.78767593423	-0.23	0.141421162108381	-1.60295388988009	0.108944834587355	0.216772286255866
SACI_RS00245	14951.8481386096	0.07	0.183578771151696	0.40188108877203	0.687771541062094	0.808540592488733
SACI_RS00250	883.063951122702	-0.65	0.167845548013169	-3.88809086081798	0.000101035806482866	0.000551168968932894
SACI_RS00255	624.672014607473	-0.04	0.132432540066282	-0.31868104676876	0.749968388367722	0.853336465356821
SACI_RS00260	984.798366708629	-0.29	0.14165698649344	-2.02146137446449	0.0432320268924445	0.101583808837356
SACI_RS00265	1986.36234191904	0.28	0.133575292905423	2.07884418636061	0.0376316740967346	0.0913996215933209
SACI_RS00270	241.915446384457	0.46	0.194924197773475	2.38339966893364	0.0171535596482179	0.0477102590932512
meaB	292.189762497429	-0.58	0.205205902741205	-2.81133647830299	0.00493361615285025	0.016655918983634
SACI_RS00280	169.167334093515	-0.36	0.199137942301084	-1.82353411864388	0.0682225344482168	0.149664906055608
SACI_RS00285	1.42688833800779	-0.19	1.54256547772223	-0.120349411285754	0.904206363975063	NA
SACI_RS00290	18469.4141574923	-0.35	0.268545468127428	-1.28858133146358	0.197543677020607	0.34804364336011
SACI_RS00295	228.439754226232	1.09	0.18535347201874	5.88016853854576	4.09848951316118e-09	5.15049046512239e-08
SACI_RS00300	41.0700874761067	0.99	0.396207862104268	2.5039858256777	0.0122802953835735	0.0358589246195788
lysS	8571.91113194362	-3.44	0.523354837223863	-6.5708985009255	5.00125438923956e-11	8.43689870880412e-10
SACI_RS00310	686.512121514756	-0.85	0.16403621320613	-5.15628469164259	2.51897822316772e-07	2.39131723581644e-06
SACI_RS00315	178.380414055606	-0.47	0.176396468777321	-2.67124910526966	0.00755695423046945	0.0239110967700073
SACI_RS00320	124.462942586062	-0.25	0.1963494385002	-1.27589580024547	0.20199235587855	0.353429691458297
SACI_RS00325	546.952256790971	-0.14	0.12530342262266	-1.09552421750652	0.273287041732973	0.438389135679147
SACI_RS00330	311.472951371902	0.02	0.13996337943461	0.134973287314907	0.892632994670029	0.940656849355684
rimI	719.706621533006	-0.40	0.132266115088696	-3.02042675960187	0.0025241874797289	0.0094909431343976
SACI_RS00340	940.943937805587	-0.57	0.112171411868613	-5.05310355959668	4.34688046889087e-07	3.98015250012898e-06
dnaG	6164.73925817203	0.01	0.181587869369833	0.0452843944393046	0.963880626111081	0.982879587203941
SACI_RS00350	2345.06476055301	-0.22	0.123181061403613	-1.82458591021324	0.0680635412326076	0.149624101973098
SACI_RS00355	616.241843760269	-0.21	0.184112241877188	-1.15829499372235	0.246743673686731	0.405570823868816
SACI_RS00360	155.755627542114	-0.18	0.210696750477639	-0.859581359822147	0.390019853787955	0.558920418355408
SACI_RS00365	357.479191156089	-0.11	0.149703679217269	-0.763140907966113	0.445379365569126	0.611977667430972
SACI_RS00370	3118.69228247258	0.32	0.223357650622513	1.41672953252892	0.156562019146586	0.288923012741382
SACI_RS00375	3230.95462260673	0.41	0.171472001588578	2.37263236736055	0.0176618334237356	0.0486444817633321
SACI_RS00380	2271.31737315384	0.26	0.086068084180811	2.99772350288645	0.00272004328645697	0.0101356715019957
SACI_RS00385	2595.97712120847	-0.14	0.14332910301921	-0.972207641988643	0.330947259535108	0.498428090051904
SACI_RS00390	1626.14597771122	-0.12	0.132893619243532	-0.888493553272517	0.374275322074358	0.544156715977583
SACI_RS00395	2000.07685145188	0.00	0.119870265597807	0.0349735119153722	0.972100862377164	0.98736946230979
SACI_RS00400	2598.67518650617	-0.01	0.101939001101462	-0.0526207784695988	0.9580340610802	0.978525082459013
SACI_RS00405	528.658874895483	0.05	0.149981748861831	0.347885283276944	0.72792633801344	0.840463896046686
rpsB	3507.59052993403	-0.11	0.0868922699287355	-1.21448781689971	0.224561499336813	0.381729952870464
amrB	1459.1773718902	-0.55	0.127491897391605	-4.34289501004118	1.40617343815112e-05	9.36644281549586e-05
SACI_RS00420	418.398285061858	-0.74	0.154014648865328	-4.78728469229631	1.69052944856828e-06	1.37007921889189e-05
fni	943.573988910188	0.10	0.104143545261002	0.95245607124038	0.340865734382887	0.507700210904262
SACI_RS00430	917.519844641267	0.91	0.137240192164379	6.63541197849935	3.23597429425888e-11	5.58025789409976e-10
SACI_RS00435	357.836159087227	0.56	0.204780415580038	2.71534562828249	0.00662066344352691	0.0213445668756537
SACI_RS00440	327.541019725012	0.27	0.156304843049665	1.71195469280378	0.086905018291598	0.181896949950856
ffs	103262.15342811	0.21	0.245581154636969	0.857647688311788	0.391087033823504	0.560191118130206
SACI_RS00450	2.90831491386021	0.05	1.71239016681318	0.0280347775102874	0.977634413598146	NA
SACI_RS00455	4156.84489882527	-1.15	0.128460117877083	-8.9309657577644	4.22305808885923e-19	1.93121380337793e-17
SACI_RS00460	2633.45657418683	-1.17	0.13447654094793	-8.71456193748982	2.91885098549708e-18	1.16155300756192e-16
SACI_RS00465	140.119609300849	-1.48	0.230631074364114	-6.42436393201843	1.32422049275485e-10	2.0864875175183e-09
SACI_RS00470	653.989583149233	0.52	0.138811029174076	3.74862510542614	0.000177806637641998	0.000917963859253552
SACI_RS00475	711.929079617358	0.38	0.217363401804363	1.72745987859381	0.0840851047788464	0.177189521543475
SACI_RS00480	1022.88961824342	-0.09	0.136994316641389	-0.685200223783614	0.493217582673407	0.65700421747176
SACI_RS00485	142.57377547198	0.28	0.251782210607337	1.09259101485457	0.274573409504056	0.439544024291177
SACI_RS00490	213.738921690358	-0.19	0.177426380597483	-1.04333716981488	0.296792161821226	0.462007457519099
SACI_RS00495	232.85206337403	-1.03	0.204750859388952	-5.05479733152005	4.30848046241688e-07	3.96928403185209e-06
SACI_RS00500	1083.71807390154	-0.69	0.113934413205449	-6.07090309506967	1.27192926149164e-09	1.73160895950441e-08
mobB	82.755477508726	-0.37	0.22532705718716	-1.63438593809684	0.102177838999729	0.205814414182453
SACI_RS00510	254.496792196009	-0.25	0.143644224811708	-1.71098431017614	0.0870840092425085	0.182148763267349
SACI_RS00515	379.318292255498	-0.14	0.161156028715991	-0.847917918077705	0.39648368494482	0.564534567921432
SACI_RS00520	627.851714473428	0.15	0.116000605704619	1.25877169864289	0.208112805481393	0.361489730394093
SACI_RS00525	155.758688166337	-1.09	0.282594402552777	-3.86205154429391	0.00011243883548837	0.000609092749312217
SACI_RS00530	1057.71270988951	-0.83	0.180950495737233	-4.60692204263111	4.08673126346618e-06	3.1321515658763e-05
SACI_RS00535	367.876604590062	-0.12	0.143477747382473	-0.82472850136618	0.40952574671933	0.576232057033907
SACI_RS00545	135.682593969633	-0.63	0.204560875929104	-3.07138682270456	0.00213066921734251	0.00815486714011238
SACI_RS00550	405.79351341667	0.79	0.141425990413131	5.60967555368096	2.02706278326991e-08	2.33037143676659e-07
tpiA	256.954147927294	0.02	0.180499929179348	0.0938302915806201	0.925243968627912	0.957638305642227
SACI_RS00560	55.7562250905137	0.28	0.315046078804611	0.879584324309959	0.379084533874118	0.548266652505123
SACI_RS00565	328.61436586982	-0.66	0.131106325583864	-5.04062013767774	4.64025716715313e-07	4.23628183730686e-06
SACI_RS00570	205.327926342656	-0.26	0.175197558431753	-1.50539875500421	0.132221588987916	0.252253111381987
SACI_RS00575	186.565371105075	-0.38	0.171843877619509	-2.20722519061333	0.0272983307083708	0.0703186875674548
SACI_RS00580	2030.40760561483	0.68	0.0867522431154068	7.85527153196345	3.98907002237655e-15	1.16812012730725e-13
SACI_RS00585	320.392836138045	0.15	0.144858194969949	1.04855659194252	0.294382243133264	0.458946500595506
SACI_RS00590	2352.22271528691	0.53	0.126023043886786	4.17103364821755	3.03221079668142e-05	0.000188995628773075
SACI_RS00595	351.548946915481	0.20	0.142683393079778	1.41868862814533	0.155989814033645	0.288381407242664
SACI_RS00600	484.646312982811	-0.61	0.152412575780047	-3.99858356283923	6.3722683791418e-05	0.000366966995340559
SACI_RS00605	1425.39413145767	-0.09	0.139486412232253	-0.649243211499618	0.516181185354372	0.675759763534362
SACI_RS00610	158.763475757852	-0.21	0.174447619371765	-1.21850000621412	0.223034022409911	0.380174412718487
SACI_RS00615	554.344763767268	-0.70	0.171858165082606	-4.0859143520882	4.39035727524004e-05	0.000264102112060951
SACI_RS00620	6043.66810810534	-0.46	0.116449322789075	-3.95767709771047	7.56821719908623e-05	0.000424972416474244
SACI_RS00625	168.793778067837	-0.78	0.186973325499291	-4.14926118433323	3.33550064854918e-05	0.000205017703229637
SACI_RS00630	1636.49665053221	-0.83	0.149636194150359	-5.52396102919471	3.31441009231131e-08	3.62743808518347e-07
SACI_RS00635	829.966348518747	-0.21	0.123794923663858	-1.70099324017551	0.0889442565439562	0.185415025058724
SACI_RS00640	893.750571347638	0.41	0.14016450658621	2.95663521113134	0.00311015834461833	0.0113575664725827
SACI_RS00645	838.454412597752	0.50	0.151452969531758	3.28505355835212	0.0010196298761393	0.00431324304959011
thiC	1531.67733516811	0.79	0.17214913873426	4.56743150733979	4.93736933218248e-06	3.71079767726257e-05
SACI_RS00655	895.363605213216	0.42	0.111609212721478	3.75371201845942	0.000174235027910237	0.000901375877722291
SACI_RS00660	148.513878461598	0.47	0.186365089345053	2.52369284425449	0.0116129346395872	0.0343300467821701
SACI_RS00665	1002.00892564625	0.64	0.16986409565218	3.76988539760116	0.00016332252570203	0.000849167704822616
SACI_RS00670	145.778123816611	-0.48	0.183813150871951	-2.63585634528644	0.00839252533684876	0.0261813051714357
SACI_RS00685	231.945662139326	-0.61	0.189763202128661	-3.20300226443282	0.00136002911650383	0.00554006611237254
SACI_RS00690	1349.31329164897	0.25	0.10748337118724	2.30614051720703	0.0211027819819754	0.0562740852852677
SACI_RS00695	350.487720436884	-0.70	0.151081738300246	-4.60386627280116	4.14718817742725e-06	3.17065815338281e-05
SACI_RS00700	2820.26920175719	-1.32	0.141347437009674	-9.33997007718242	9.6361347266619e-21	5.1569934813032e-19
SACI_RS00705	3887.25928186882	-0.88	0.13793177380484	-6.3921479695998	1.63571490544943e-10	2.52599953557962e-09
SACI_RS00710	1595.91273350901	0.43	0.147168714208019	2.89544625870326	0.00378619853951366	0.0134620392516041
SACI_RS11970	800.525236294354	0.34	0.155805186507267	2.1845575621072	0.028921302405396	0.0738973598822379
SACI_RS00720	1288.81444073212	0.13	0.119598842086834	1.08883493247495	0.276226683988407	0.441507531977351
cysS	2245.26493667216	-0.27	0.115217996511318	-2.38494068473907	0.0170818752958193	0.0475534896127561
SACI_RS00730	159.973164063361	-6.74	0.682037818871577	-9.87726598163505	5.22387051860055e-23	3.60330979771914e-21
SACI_RS00735	2100.31810179777	0.35	0.170715403183149	2.05992633758429	0.0394055834173838	0.0946709991699374
SACI_RS00740	11810.6227760847	0.67	0.157350152951002	4.2286272804985	2.35121487476035e-05	0.000151100848266172
SACI_RS00745	415.75605345717	-0.34	0.13463193090414	-2.48906365277605	0.0128080032291156	0.037155179460911
SACI_RS00750	3295.14647830351	-0.50	0.10271134404107	-4.86885559791425	1.12246390371443e-06	9.46773901393909e-06
SACI_RS00755	809.554421453723	0.40	0.125633708376746	3.16365541128055	0.00155801143920797	0.00622817707793817
SACI_RS00760	207.244172677989	-0.59	0.168477955693535	-3.51149739514	0.000445589829683359	0.00207986591178518
SACI_RS00765	79.1051127360601	0.12	0.249042297662687	0.492667305886494	0.622247682327033	0.760870640176746
SACI_RS00770	488.322965623481	-0.29	0.123575021417826	-2.37447292028018	0.0175740252553617	0.0484927372401337
SACI_RS00775	707.336658055495	-0.35	0.109480313223475	-3.20798110941504	0.00133670278192534	0.00547378025738292
SACI_RS00780	802.655425371813	0.23	0.104556156023889	2.21235306397528	0.0269422792696554	0.0695747378144844
SACI_RS00785	930.183302290999	-0.63	0.11669428227284	-5.40350981809993	6.53493769530175e-08	6.80686127725391e-07
SACI_RS00790	1957.8636577889	-0.17	0.150721471839913	-1.10216203561252	0.270391233568407	0.435092995850873
SACI_RS00795	857.18535578588	0.20	0.155239412045409	1.25836074850219	0.208261320498268	0.361545379656949
SACI_RS00800	1031.7235801522	-0.48	0.188115714696427	-2.57455715669505	0.0100368501662166	0.0305815588391433
SACI_RS00805	888.04474663287	-0.75	0.132363953800494	-5.70243957286328	1.18104785357814e-08	1.40458717912129e-07
SACI_RS00810	80.3694575981033	-0.07	0.306023424914957	-0.213347446250593	0.831055968567995	0.906394141403744
SACI_RS00815	911.323517513219	0.03	0.130739777849509	0.224070536072316	0.82270241840394	0.901082677038049
SACI_RS00820	159.044207925359	-0.19	0.199887309366843	-0.931362856495173	0.351665897630964	0.521285074616291
SACI_RS00825	366.554354893323	-0.04	0.145295983706485	-0.271804625875037	0.785772248153498	0.879883498653845
SACI_RS00830	948.683892478788	-0.21	0.125058590018931	-1.65859687579777	0.0971970517620287	0.198879135576359
dph2	1678.69806240912	-0.52	0.0940862485199234	-5.51340923127299	3.51948586204188e-08	3.80644045845923e-07
SACI_RS00840	3415.86577780529	0.37	0.118879284773407	3.1475521777973	0.00164643718291014	0.00652687230619806
SACI_RS00845	48.8118805181672	-0.47	0.300020976349058	-1.56812594870704	0.116851741814721	0.228549342528604
SACI_RS00850	445.900558654664	-0.82	0.123513507200073	-6.65987568184454	2.74059302197969e-11	4.75240264817037e-10
SACI_RS00855	450.271748616606	-0.41	0.134319143971873	-3.0747509881256	0.0021067837174867	0.00808338276771165
SACI_RS00860	550.728011724329	-0.42	0.112482030504326	-3.77092015739227	0.000162646709900109	0.000848496449630149
SACI_RS00865	4699.67518283028	1.03	0.162824335310487	6.33443935847256	2.38205833155668e-10	3.60678490787899e-09
SACI_RS00870	2938.39027231131	1.04	0.154921626970732	6.68868749331973	2.25181012968291e-11	3.9713742287135e-10
SACI_RS00875	1745.12544479291	0.89	0.161288370350792	5.53454851966052	3.12031048080792e-08	3.44677712897786e-07
aroF	1456.74762881394	0.71	0.157257966398752	4.54591569274639	5.46969286817753e-06	4.05201113671195e-05
aroB	830.3714492527	0.54	0.157576208414042	3.4146334703786	0.000638678933135337	0.00288148169833152
SACI_RS00890	368.223679577065	0.31	0.179483985658958	1.75179216690199	0.0798095516198272	0.170143439716994
aroC	645.759077039751	0.30	0.187385390550987	1.5884364408011	0.112187682748819	0.221520717081638
SACI_RS00900	385.363103766035	0.31	0.183521660119708	1.66789814149372	0.0953359486844328	0.196105225126892
aroA	467.852017745553	0.24	0.17282520094934	1.38834239450132	0.165032808587924	0.301863192608672
SACI_RS00910	126.935092377263	-0.01	0.224174897141618	-0.0252175569547071	0.979881432984489	0.990511707800545
SACI_RS00915	159.204378653772	0.08	0.181981360131203	0.427555419225922	0.668974828919123	0.79665262281334
SACI_RS00920	544.947342078941	-0.35	0.142192447482814	-2.46966619206784	0.0135239183234595	0.0390858868491791
SACI_RS00925	549.399416460542	0.21	0.128244630351296	1.59924783685942	0.109765544955826	0.217707508973088
SACI_RS00930	1879.56995187687	-0.19	0.106432517564626	-1.75045259822634	0.0800402467277958	0.170297945332639
SACI_RS00935	620.999162045595	-0.35	0.138642428248949	-2.54730157767332	0.0108559570521035	0.0325285508596412
SACI_RS00940	4392.92399700297	0.09	0.170982232385817	0.542866467402282	0.587221745176243	0.731435111166557
SACI_RS00945	3787.83355052741	-0.26	0.101803488477922	-2.54727374432988	0.0108568230317617	0.0325285508596412
SACI_RS00950	303.514071441341	0.17	0.16409631512993	1.05603959227818	0.290950126770121	0.455529543400583
SACI_RS00955	3110.03427527428	-0.85	0.128047046286883	-6.60726372278608	3.91488289166662e-11	6.67681126139187e-10
SACI_RS00960	1029.74332866274	-0.92	0.145634574669854	-6.32598040658447	2.51629746128599e-10	3.77323058929069e-09
nucS	227.451748280186	-0.49	0.190519389750822	-2.56928981494231	0.0101907190803216	0.0309510685179239
SACI_RS00970	248.720294685058	0.02	0.157972492911339	0.132340100997001	0.894715290289372	0.940656849355684
SACI_RS00975	942.267259137495	0.20	0.138070923567943	1.46845097135573	0.14198176474407	0.267909664295194
SACI_RS00980	701.674825792438	-0.25	0.233510196375301	-1.06934319299068	0.284915054487094	0.449835365782269
SACI_RS00985	987.625925066437	-0.20	0.165869577246516	-1.21365074093957	0.224881122080204	0.382064041016395
SACI_RS00990	1023.1914474179	-1.40	0.174085970509175	-8.03783466268261	9.14398949629968e-16	2.89621871393002e-14
SACI_RS00995	2455.88689648458	-1.28	0.167125592979498	-7.64887923139727	2.02738531059466e-14	5.11626341795594e-13
SACI_RS01000	354.3879535721	-0.28	0.188790278906703	-1.47661895266024	0.139777808407722	0.26407201296261
SACI_RS01005	6025.64978093448	-0.13	0.140919000102982	-0.901168726590288	0.367498616013149	0.538217746690523
SACI_RS01010	14793.5496896834	0.21	0.14040609590843	1.49619630130533	0.134602508139072	0.255695339818654
SACI_RS01015	1181.27556325586	0.22	0.124976923350813	1.75487281822438	0.0792810645312287	0.169365742811379
SACI_RS01020	1095.01956863306	-0.51	0.127704925842978	-3.96478880490993	7.34609578291561e-05	0.000415342100367396
SACI_RS01025	3760.70172096066	-0.18	0.0877924919213329	-2.10612489633937	0.035193504755657	0.0866301655523864
SACI_RS01030	722.609846202657	-1.16	0.149131576843591	-7.79897468347372	6.2412182661181e-15	1.77731573376427e-13
purT	1330.23070764522	0.37	0.259201342003995	1.4104972075854	0.15839292039547	0.291608318450498
SACI_RS01040	96.267144494739	0.20	0.211641905688026	0.95673916523148	0.338698924649822	0.505541060516648
SACI_RS01045	191.595282512084	0.96	0.204107719525252	4.7020530035889	2.57558615743573e-06	2.01884329108094e-05
SACI_RS01050	716.004536428289	-0.23	0.143713208935166	-1.578625388531	0.114422007701249	0.225073454945929
SACI_RS01055	89.0807780752615	0.49	0.24063183507268	2.01793078202113	0.0435984706638836	0.102289987105589
SACI_RS01060	126.124909885023	0.46	0.249614010035845	1.83635720378434	0.0663048446136181	0.146588488376546
SACI_RS01065	161.752722232901	-0.65	0.19236282596729	-3.39121515947753	0.000695834509109621	0.00311220506668049
SACI_RS01070	292.306895842923	-0.01	0.139474923008436	-0.0983898575323691	0.921622728119989	0.95588294536119
SACI_RS01075	175.559123435182	-0.52	0.177048715152019	-2.94673250138361	0.00321150887203716	0.0116454714238357
SACI_RS01080	95.6481992476794	-0.56	0.228756301137586	-2.44099466254973	0.0146468712424898	0.0419408563991589
SACI_RS01085	424.367916537641	-0.79	0.216393440520646	-3.63741344012406	0.000275389696584694	0.00135041013933474
SACI_RS01090	1033.03530922975	-0.03	0.1984513272374	-0.154138866998262	0.877500243027521	0.934715427027256
SACI_RS01095	743.660036142849	-0.04	0.135355636653123	-0.314224758905744	0.75335033944474	0.856137139701906
SACI_RS01100	1406.61705056025	-0.23	0.219049156100876	-1.02823635257304	0.30383866222192	0.469730538394162
SACI_RS01105	67.0256467407803	0.45	0.262632373121139	1.72377997891837	0.0847475702667035	0.178331262418879
SACI_RS01110	51.7525986796426	0.50	0.305216620634231	1.62355984399079	0.104469781527703	0.208939563055406
SACI_RS01115	27.5500184637405	-0.24	0.387351025253504	-0.621262783688873	0.534426736254276	0.690041842484723
SACI_RS01120	316.882756120068	-0.40	0.140415888325529	-2.86845806184139	0.00412477878054045	0.0144506922514645
SACI_RS01125	865.510124348122	0.43	0.101622187456321	4.22271002063531	2.41382295910405e-05	0.000154484669382659
SACI_RS01130	81.9879229536025	0.87	0.271518940093149	3.22032537636216	0.00128045175067231	0.00526426785971767
SACI_RS01135	409.958655924247	0.60	0.185261142998456	3.24337287773396	0.00118123509243621	0.00490180979535025
SACI_RS01140	292.850737437066	0.08	0.228869258301104	0.328596107944679	0.74246099026666	0.849465135933546
SACI_RS01145	1221.47929396703	0.05	0.153897031752267	0.333727678550087	0.738585061390992	0.845966062936398
SACI_RS01150	1068.45471797582	-0.63	0.133440759094827	-4.7494959735779	2.03924256801494e-06	1.62720023936205e-05
SACI_RS01155	959.619773514835	0.33	0.135198804717287	2.4511271935729	0.0142409620978454	0.0408917172541278
SACI_RS01160	158.048629088211	-0.16	0.203739508950957	-0.797686789353214	0.425052272001965	0.591550592326699
SACI_RS01165	3416.71443494612	-0.11	0.196567542305096	-0.569458926444792	0.569044737067035	0.7175511314509
SACI_RS01170	302.454450892337	0.21	0.163649850099126	1.25973142536644	0.20776626487477	0.361279153381232
SACI_RS01175	625.47632584668	0.43	0.133229951574738	3.26318944828591	0.00110165849450485	0.00462726382536271
SACI_RS01180	4560.71477575317	0.02	0.131390028686103	0.12573952011097	0.899938117591909	0.943490015999953
prpB	1761.48006775228	0.22	0.118296962943328	1.83486764389426	0.066525302869372	0.146971202922798
SACI_RS01195	1334.7520769627	0.27	0.123549022669856	2.22306759016031	0.0262112426678698	0.0679696718805915
SACI_RS01200	7838.17901630305	0.66	0.150531903536053	4.40525658861753	1.05658736312713e-05	7.33701828891859e-05
SACI_RS01205	921.883561750289	0.05	0.111472108145255	0.40410539374438	0.686135218811818	0.808314790692299
SACI_RS01210	161.437907174481	0.32	0.166638657627143	1.93766615545087	0.0526639656058743	0.12073039087196
SACI_RS01215	625.505436341812	0.57	0.170362164525732	3.36819054687946	0.000756632831539966	0.00333133093489369
bluB	112.139806052195	0.65	0.218940617562003	2.97299639175992	0.00294907918189279	0.0108330671959707
SACI_RS01225	32.4615914357664	-0.28	0.358710909563904	-0.772153666706028	0.440023419869332	0.606767079197871
SACI_RS01230	1412.9091317509	-2.19	0.438501230244974	-4.98774706590402	6.10874724972971e-07	5.41758613233172e-06
SACI_RS01235	6722.38563841374	-2.21	0.34806081359926	-6.35716962896227	2.05505021530653e-10	3.1268999354468e-09
tatC	1981.84134414315	-0.58	0.154543925358101	-3.74037787575325	0.000183743806929848	0.000941156397211629
SACI_RS01245	2304.60339816948	-0.24	0.0994847127247006	-2.39008659566983	0.0168444006587466	0.0470189025582279
SACI_RS01250	3757.44267091775	-0.35	0.113767285383249	-3.05673558684422	0.00223761565317909	0.00852215826683178
SACI_RS01255	944.02217422415	0.08	0.185098778730128	0.407698597221924	0.683494967461074	0.806563089737224
SACI_RS01260	1101.03550925568	-0.41	0.151537926232562	-2.68646041800511	0.00722135037486765	0.0229662618479397
SACI_RS01265	1229.35545176386	0.76	0.136293141011379	5.5953023758006	2.20237587508676e-08	2.51329952804018e-07
SACI_RS01270	287.621643815647	0.67	0.24106131078722	2.77534989328857	0.0055142347623328	0.0183847311517519
SACI_RS01275	1051.4019134341	0.60	0.168027842280789	3.59186176721938	0.000328324000317249	0.00158248089593904
SACI_RS01280	3036.84666421283	-0.57	0.142654849459736	-4.02612229970967	5.67042044054137e-05	0.000331679582409103
SACI_RS01285	72.916937148408	0.53	0.336681060334912	1.58255614817465	0.113522665145158	0.223750749128179
SACI_RS01290	631.215167674242	-0.57	0.177404056547679	-3.18824636123232	0.00143138525287533	0.00581547097503277
SACI_RS01295	1242.57625505527	-0.31	0.101948966849753	-3.06259352659321	0.00219427893610792	0.00837766521239726
SACI_RS01300	1632.77001468013	-0.66	0.09236733505845	-7.15534283593403	8.34640636170437e-13	1.73874129843828e-11
SACI_RS01305	247.2880436482	-0.62	0.152767222890512	-4.08260823207801	4.45330605666807e-05	0.000267370638295894
SACI_RS01310	957.640607643675	-0.62	0.165137554484817	-3.74830603829645	0.000178032939198015	0.000917963859253552
SACI_RS01315	790.416036405843	-0.47	0.107143812389623	-4.35628537968661	1.32288278697034e-05	8.90721945934041e-05
SACI_RS01320	397.884574921473	-0.43	0.198343328231989	-2.14543495387596	0.0319180869076487	0.0798337967456419
SACI_RS01325	650.590180071004	-0.55	0.188922967343959	-2.91656004225988	0.00353914597497147	0.0127442101001293
thiD	1763.19322788232	-0.29	0.116886798443887	-2.43836784408741	0.014753752282988	0.0422079696648799
cas4	408.034924585804	-0.09	0.164322945868685	-0.529113956955802	0.596726400022585	0.741191975058064
SACI_RS01340	925.309781706789	-0.07	0.143109852229855	-0.475786585207396	0.634226427853479	0.770202985937872
SACI_RS01345	3910.00698129442	0.26	0.231888235677031	1.11731597645999	0.263859246784151	0.42657244896771
SACI_RS01350	12179.1636012402	0.21	0.239806282509397	0.895727357047529	0.370398395662008	0.540761956175229
SACI_RS01355	1249.97339008567	-1.44	0.268123513486272	-5.37159776371724	7.80420379974879e-08	8.04792312106985e-07
SACI_RS01360	687.805293652945	-0.20	0.106495045316358	-1.86662771051779	0.0619535951158389	0.138547521065968
queC	702.295992151718	1.19	0.126583266552259	9.37289902207847	7.05671268242366e-21	3.98255203022601e-19
SACI_RS01370	796.421574721098	-0.26	0.139114756405426	-1.84360355913733	0.065240936958245	0.14493152232249
SACI_RS01375	1025.38326997116	-0.05	0.119766434182564	-0.450347900760921	0.652459605007091	0.784758334113606
SACI_RS01380	189.634244924644	-0.11	0.169481833210226	-0.62188350596218	0.53401847152622	0.689842976011558
SACI_RS01385	92.9644353727358	-0.06	0.273041235675067	-0.204884949716029	0.837662014173126	0.910081516273498
SACI_RS01390	208.665696626895	0.60	0.221273405649697	2.72639122770338	0.00640310531302363	0.0207562137968346
SACI_RS01395	152.233377042261	0.21	0.242694506048066	0.869083133689267	0.384801661256903	0.554257242014583
SACI_RS01400	87.6874109539058	0.13	0.240441435987028	0.552727350950715	0.580450121726494	0.727378755687944
SACI_RS01405	185.128572682998	0.17	0.187311451023242	0.885892020777335	0.375675716261532	0.545160085682934
SACI_RS01410	79.1325561897862	0.39	0.235601375650879	1.63551449709537	0.101941238159096	0.205604680471628
SACI_RS01415	2614.04942114018	0.32	0.182599855398412	1.76575807457827	0.0774364450393353	0.16588179806908
SACI_RS01420	2813.53567922892	0.15	0.179522927290365	0.834826657680469	0.403815314178458	0.570784487800516
SACI_RS01425	2691.44102742182	-0.04	0.156686620078963	-0.238271212520442	0.811670747510586	0.896273923967577
SACI_RS01430	320.024700382259	-0.24	0.202898820228773	-1.18039826481124	0.23784185176367	0.395214725842844
SACI_RS01435	346.999440140676	-1.74	0.236948287226266	-7.32760053659351	2.34309886500718e-13	5.19498491213021e-12
SACI_RS01440	525.104598915002	1.07	0.158842651589077	6.72309083638457	1.77909592807858e-11	3.19208887904966e-10
SACI_RS01445	226.69960377593	-1.88	0.278875729534552	-6.73823521813407	1.60321886928025e-11	2.89325079665459e-10
SACI_RS01450	630.258930409652	0.17	0.158522952139676	1.04386949072271	0.296545775378034	0.461855537768899
SACI_RS01455	2615.97349980805	-0.46	0.154895899002913	-2.93931531677419	0.00328938240791654	0.0119139358158378
SACI_RS01460	2273.70065909938	-0.25	0.0970891601555561	-2.55115595318819	0.0107366270620427	0.0323704574173246
SACI_RS01465	467.227180425753	-0.31	0.129705238080443	-2.41242348033886	0.0158468634431094	0.044635811367887
SACI_RS01470	17880.7409329407	6.65	0.423456555366372	15.7080120936404	1.33293507173845e-55	5.91061494668019e-53
SACI_RS01475	372.298487733945	-0.61	0.12889722499762	-4.69912775276068	2.61274983985592e-06	2.04281498813924e-05
SACI_RS01480	181.151502362656	-1.42	0.206709462140108	-6.8624095865262	6.77085932331146e-12	1.28937100242692e-10
SACI_RS01485	34.6407552983581	-2.03	0.43052251442629	-4.71783584897238	2.38366696229778e-06	1.877893972328e-05
SACI_RS01490	1436.5591882221	-1.54	0.204753322184215	-7.51280410444461	5.78740986132718e-14	1.39256745810539e-12
acs	17284.1353274201	-0.76	0.158813858385502	-4.79130368938021	1.65701096831462e-06	1.35351632780226e-05
SACI_RS01500	88.5902208493341	0.43	0.259927987065699	1.6590501467594	0.0971056878068219	0.19882325524563
SACI_RS01505	431.420179425748	-0.46	0.164626118279417	-2.80852662007377	0.00497687676492193	0.0167733175660344
lipA	1547.90609184609	-0.46	0.0990293443266115	-4.68334086975333	2.82236579459746e-06	2.19564496903021e-05
SACI_RS01515	1018.95304961301	-0.54	0.104400617458698	-5.14738362220985	2.64144777643349e-07	2.4997115542834e-06
SACI_RS01520	78.8143799795387	-1.01	0.345593481863033	-2.91460243505526	0.00356141910583239	0.0127947278987312
SACI_RS01525	598.936325589263	-0.17	0.148889680896138	-1.17329241676634	0.240678562224833	0.398860788652366
SACI_RS01530	156.706539250524	0.00	0.167790480386318	0.0255848080192537	0.979588503549016	0.990511707800545
SACI_RS01535	1306.0018928619	-0.11	0.169055558748569	-0.666356263755733	0.505183410792891	0.667038487669844
SACI_RS01540	14380.4455031392	0.56	0.0780515526430743	7.19034929652807	6.46257743502112e-13	1.35539461880443e-11
SACI_RS01545	6263.47576047368	0.46	0.0815613429582301	5.68879655125053	1.27937781829001e-08	1.50995769884874e-07
SACI_RS01550	923.036501461546	0.27	0.133214438672879	2.0404420666262	0.0413063156675062	0.0980235503302288
fdhD	377.376313415669	-0.98	0.194820930280875	-5.01971337740565	5.17486348034532e-07	4.66941169854415e-06
SACI_RS01560	173.662608573824	-0.77	0.187231920363091	-4.12851933283919	3.6510674613018e-05	0.000222213988232957
fdhF	4360.56976072269	-0.71	0.145977936981558	-4.84698113217416	1.25354344302889e-06	1.05447123229314e-05
SACI_RS01570	545.625882690807	-0.07	0.16333857692526	-0.442121618117703	0.658401201623266	0.788643823661702
SACI_RS01575	404.418196991837	0.49	0.176116389932822	2.79025153719782	0.00526671066278705	0.0176681673181784
SACI_RS01580	218.237979655902	0.02	0.187237809979735	0.0963924987890702	0.923208849482358	0.956808103102918
SACI_RS01585	249.517928080196	3.20	0.25301577938796	12.6476406035584	1.15285128904327e-36	1.70402400056681e-34
SACI_RS01590	2837.37405430272	-0.31	0.157985936402956	-1.99345835270117	0.046211279634384	0.107768453782966
SACI_RS01595	2472.35408427135	-0.27	0.163293385635031	-1.64533105718891	0.0999015585154438	0.202808657705649
SACI_RS01600	2679.01437414412	-0.19	0.164793391684396	-1.17183147042146	0.241264725050841	0.399353302208418
SACI_RS01605	8200.79855037175	-0.03	0.143221549399752	-0.185147578740943	0.853113284222441	0.919147391262221
SACI_RS01610	28191.0619318392	-0.19	0.139687176373272	-1.36993549604288	0.170707038049619	0.309325537715129
SACI_RS01615	6371.88246569029	0.18	0.276282104142428	0.645062191421777	0.518886884029104	0.678110484054008
SACI_RS01620	31938.2297492835	0.23	0.166842015591672	1.35374971715059	0.175816240643842	0.316550818421396
SACI_RS01625	7704.50280129421	0.30	0.170227185020363	1.77710192293959	0.0755514718593128	0.162328567433465
SACI_RS01630	19664.1181630548	0.21	0.156444802922039	1.32392512925646	0.185527911509481	0.330584751621945
SACI_RS01635	4554.17013861288	-0.02	0.119149804820068	-0.136067727944706	0.891767739579562	0.940656849355684
SACI_RS01640	2951.8132846464	-0.09	0.137278902610742	-0.663952302020316	0.506720839734165	0.668733625227402
SACI_RS01645	6148.87372026712	-0.06	0.148926590843963	-0.413379161129256	0.679328839945354	0.803139593353235
SACI_RS01650	2101.92950028447	-0.15	0.163377341187712	-0.935800952718008	0.349375680886089	0.518385331486816
SACI_RS01655	875.197951279038	-0.28	0.1247811335786	-2.23598381084801	0.02535283163663	0.0659641151719192
SACI_RS01660	242.255390408808	0.10	0.156649230896742	0.647138049803183	0.517542601270609	0.676971021636735
SACI_RS01665	654.731048740452	-0.05	0.138907227915845	-0.342002687694722	0.732348869605648	0.843493686751908
SACI_RS01670	137.616217017449	0.26	0.182105676325725	1.40030326764315	0.161422522753843	0.29665808799759
SACI_RS01675	123.778325663747	-1.06	0.219236153899126	-4.84378413992712	1.273893277503e-06	1.0686931711809e-05
SACI_RS01680	733.587230869586	-0.72	0.162017503203019	-4.46262444525456	8.09618798369115e-06	5.76389162875627e-05
SACI_RS01685	853.440742568269	-0.55	0.166535950988857	-3.31759378572848	0.000907964276661052	0.00389809282815478
SACI_RS01690	1062.6493426848	-0.55	0.164705498356547	-3.33383096652206	0.000856586960417344	0.00371866562956005
SACI_RS01695	198.053455525503	-0.08	0.173389441034265	-0.437435271576707	0.661795709036812	0.790769511395983
SACI_RS01700	105.202148361136	-0.48	0.228355636627102	-2.08121875208066	0.0374138879033033	0.0910844769034146
SACI_RS01705	496.585840926652	-0.15	0.140360955506759	-1.09377966998058	0.274051622553852	0.439161712135858
SACI_RS01710	1242.15239193475	0.23	0.169954417238524	1.35765887663943	0.174571951376903	0.314631606781421
SACI_RS01715	2096.74786731047	-0.12	0.134044721985204	-0.882540284512406	0.377484704930235	0.546863822921
SACI_RS01720	486.081992149026	-0.17	0.145901342808226	-1.19372915520557	0.23258393193273	0.390233418116843
SACI_RS01725	394.527660368713	-0.59	0.219950038971334	-2.68250033720021	0.00730740781340223	0.0231924272523523
SACI_RS01730	397.302616996233	-0.31	0.156507567812855	-1.96319927439623	0.0496230236521027	0.114576861008744
SACI_RS01735	1526.29457237218	-0.08	0.156431291355351	-0.521673122942659	0.601897941139245	0.745824834050386
SACI_RS01740	907.021517383052	0.07	0.156867809295821	0.467179755482895	0.640371276418249	0.775238861935353
SACI_RS01745	2770.24049385045	0.26	0.131798561808335	1.9629884831722	0.0496475122605544	0.114576861008744
SACI_RS01750	15.2606181518977	0.18	0.52344897384233	0.337503344678475	0.735737491218891	0.844574398203934
SACI_RS01755	630.739398653695	0.55	0.142930092037688	3.87554814142018	0.000106384943233565	0.000578316749206631
SACI_RS01760	8244.73063516087	0.37	0.178126377315458	2.08897808882632	0.0367096956031871	0.0897219646868447
SACI_RS01765	956.269937384102	0.61	0.169016930221073	3.62006998259749	0.000294523346551086	0.00143516556937923
SACI_RS01770	7846.81589975445	-0.69	0.241831790393532	-2.83642677352485	0.00456214386776534	0.015716864112701
SACI_RS01775	945.468983300399	-0.24	0.110471250396984	-2.15942303937061	0.0308173620724375	0.0776437434032842
SACI_RS01780	393.692478834425	-0.01	0.178274513252441	-0.0300084823175339	0.97606028830731	0.989125411330686
SACI_RS01785	876.261437340893	0.12	0.100155731933392	1.17812527059323	0.2387466688902	0.396091308926662
SACI_RS01790	472.407589855459	0.10	0.107558061537908	0.914255983815644	0.360582353275637	0.529445423163471
SACI_RS01795	1398.06909483918	-0.63	0.113094631295457	-5.59186664146526	2.24641335748007e-08	2.55416375883448e-07
SACI_RS01800	1661.08723169078	0.32	0.112965418027248	2.81240949930239	0.0049171858487734	0.0166263016063101
SACI_RS01805	2687.83851556922	0.20	0.121336521007059	1.65072605720791	0.0987945246249359	0.201616176486391
SACI_RS01810	173.724857174669	0.09	0.178841293662846	0.494835396421828	0.620716316333367	0.760870640176746
SACI_RS01815	681.419800207488	-0.05	0.121528863729519	-0.403962863397556	0.686240028037081	0.808314790692299
SACI_RS01820	5701.13973219552	1.57	0.214003291847623	7.35194653217096	1.95340951736326e-13	4.36214614524861e-12
leuS	10288.3055616085	-0.77	0.0904204987529942	-8.50659287949146	1.79119122907328e-17	6.46495066865519e-16
SACI_RS01830	662.279517471291	-0.11	0.18037404131641	-0.591340153221234	0.55429253079135	0.70502999715994
SACI_RS01835	1089.38110581917	0.02	0.186373143989516	0.132110611293809	0.894896802882518	0.940656849355684
SACI_RS01840	124.582829906821	-0.20	0.202546768387723	-0.994202661035507	0.320124212864082	0.485900027740885
priX	245.71690837212	-0.52	0.160383458012346	-3.24520569550537	0.00117365812291522	0.0048768873005741
SACI_RS01850	1059.089995709	-0.36	0.106633706496968	-3.38871499332969	0.000702209561047545	0.00313169321478675
SACI_RS01855	736.383262105405	-0.03	0.124853059054341	-0.269429291907102	0.787599347597152	0.881234202125043
sfsA	288.698067092584	-0.80	0.160026959240338	-5.01198947990608	5.38701498575235e-07	4.83274407970384e-06
SACI_RS01865	788.670050298663	-0.67	0.129432326401664	-5.18353262034499	2.17722127798407e-07	2.09864141004852e-06
SACI_RS01870	31.6258072485245	-0.74	0.356194414891721	-2.07409109830671	0.0380708511456823	0.0921777862372838
SACI_RS01875	1615.07604309709	-0.49	0.172251249458309	-2.87333360500296	0.00406164972245349	0.0142651067294214
SACI_RS01880	10811.1377758276	3.93	0.157627097452324	24.9564175911333	1.81892686033271e-137	1.41148724361818e-134
SACI_RS01885	1715.74658463454	0.13	0.222053913020323	0.590091143057057	0.555129546438385	0.70502999715994
SACI_RS01890	4305.55044588086	0.48	0.165933417837366	2.89107963937982	0.00383920817166466	0.0136037695945743
SACI_RS01895	1835.43187432175	0.21	0.237556892171833	0.875488866579994	0.381307965405495	0.549990671291197
SACI_RS01900	352.531556312236	-0.44	0.160958610263976	-2.75414391618294	0.00588458856210705	0.019308417438457
SACI_RS01905	325.901758289687	-0.39	0.130213860833325	-2.96307006345166	0.00304587231171347	0.0111555099023568
SACI_RS01910	291.274623016193	-0.19	0.184416498243744	-1.01675020321021	0.309272276644414	0.473597013667618
SACI_RS01915	74.7268165539336	-0.45	0.244647177132625	-1.84076981972016	0.0656552973124998	0.14556717347
SACI_RS01920	311.563651508197	-0.08	0.14637924776817	-0.528044279867101	0.597468603004611	0.741224038259917
SACI_RS01925	736.316543243327	-0.15	0.107267353383836	-1.39060416271656	0.164345493361253	0.30096071468633
cobM	535.229975982425	0.19	0.117893708147285	1.6479951652232	0.0993536633104816	0.202624028196935
SACI_RS01935	362.268706057491	0.23	0.142791426524911	1.60206878619336	0.109140399469543	0.216866109993831
cbiT	390.243411275057	0.33	0.136708292846528	2.4109768208673	0.0159098595307783	0.0447726237384731
cbiD	420.124892164806	0.09	0.154231954786826	0.596377313394515	0.550923192639296	0.702642115640822
SACI_RS01950	341.304894978475	0.18	0.174338281116565	1.00923643313255	0.312861257668971	0.478620672155981
SACI_RS01955	193.004646854829	0.03	0.160760201285401	0.20324270640195	0.838945334466133	0.910552801834007
SACI_RS01960	92.5234743628031	0.21	0.233470143492741	0.892299561705423	0.372232389132224	0.542322373994885
cbiG	240.902392997937	0.16	0.154601952921139	1.03006075446746	0.302981486649567	0.469140428696668
SACI_RS01970	193.107873791626	0.45	0.178743736447612	2.51255455927287	0.0119860569654023	0.035149288373506
SACI_RS01975	297.571503249185	0.04	0.167159521872216	0.239958289442626	0.810362592176375	0.896273923967577
SACI_RS01980	229.498232877947	0.11	0.173654215349815	0.609826205267512	0.541976940401696	0.695682377852293
SACI_RS01985	5576.55190309461	0.56	0.174677736416598	3.2050281626225	0.00135049266058655	0.00551569634007982
SACI_RS01990	78.8836147955756	0.25	0.242616126451276	1.01947880714683	0.307975709406517	0.472544044487311
SACI_RS01995	199.431479927049	-0.27	0.194789296946542	-1.38638609750547	0.165629039302239	0.302775346286307
SACI_RS02000	917.682370906266	-0.39	0.108612544903937	-3.58464917378365	0.000337531603658294	0.0016243381360548
SACI_RS02005	1292.1750485356	-0.03	0.154545441119577	-0.205527667285749	0.837159884095098	0.909854439856857
SACI_RS11520	78.5496576668283	-0.18	0.237987973065213	-0.742725823365602	0.457647692176915	0.623681397484661
cobS	37.185842312638	0.05	0.351649180639048	0.132448331759522	0.894629688159008	0.940656849355684
SACI_RS02015	466.566135672951	-0.11	0.129600625622325	-0.855128083189151	0.39248024413848	0.561150934042304
SACI_RS02020	354.404747225233	0.25	0.239747751986493	1.0286705877765	0.303634495544093	0.469730538394162
htpX	12020.1154835448	-0.64	0.124417352271468	-5.12027090292095	3.05097057265798e-07	2.87848409043477e-06
SACI_RS02030	388.842926544245	-0.06	0.143780062435418	-0.422844844797206	0.672408466346745	0.79847622107589
SACI_RS02035	87.8164248299146	-0.46	0.222261739854686	-2.08282106356604	0.0372675368661584	0.0907993990836387
SACI_RS02040	696.031845204968	0.08	0.133180116879813	0.594314274889744	0.552301932756941	0.703754186895544
SACI_RS02050	968.834528856368	-0.63	0.113986518320211	-5.5451052596493	2.93777386536483e-08	3.26840504591127e-07
SACI_RS02055	623.279302300755	-0.32	0.124583825340713	-2.53229181274352	0.0113319639992285	0.0336919695915761
SACI_RS02060	3342.17872217672	0.15	0.0941573002424102	1.61559434287901	0.10618204782478	0.211818172524496
SACI_RS02065	642.151609694183	-0.68	0.139515449538766	-4.90163730228028	9.50411876741368e-07	8.13787191515019e-06
SACI_RS02070	1491.40226442025	-0.08	0.109436437534709	-0.77513756621415	0.438258375667941	0.605324050372385
SACI_RS02075	120.566659706989	-0.30	0.196393019487874	-1.50977645582447	0.131100474656553	0.250819127997462
SACI_RS02080	46.606376972164	-0.08	0.2738620618689	-0.306940001077934	0.758889041230667	0.859544204237396
SACI_RS02085	1235.55302452283	-0.22	0.107013088709902	-2.05755242187621	0.0396331178454719	0.0950704774283962
SACI_RS02090	792.976306645739	0.33	0.14174014511368	2.34596209832136	0.0189780372204028	0.05158303636789
SACI_RS02095	432.428783059582	0.05	0.120306665769831	0.407731024827853	0.683471157523025	0.806563089737224
SACI_RS02100	14771.762883159	0.09	0.140977153354573	0.668790822342176	0.50362892197953	0.666443208462163
SACI_RS02105	130.830562905134	-0.32	0.288609928598397	-1.12449815035378	0.260801754747442	0.423393643690407
SACI_RS02110	153.671985891144	0.15	0.186468843898691	0.797715398518517	0.425035665866036	0.591550592326699
SACI_RS02115	777.02364645333	-0.43	0.129881769033934	-3.33509177198131	0.000852712528480458	0.00370703037591505
SACI_RS02120	280.599114293822	-0.27	0.172127373870701	-1.59515939543983	0.110676596191953	0.219094486339172
SACI_RS02125	167.089689247929	0.18	0.172195144969657	1.02757116408355	0.30415159425603	0.469730538394162
SACI_RS12010	69.5711814205516	0.33	0.262951098759516	1.24495601219585	0.213147919883904	0.368380369331648
SACI_RS02130	414.685245396667	0.69	0.16623154094542	4.17623863034102	2.96368915702833e-05	0.000185469579504354
SACI_RS02135	525.966118764956	0.34	0.17035829395829	2.01802928757422	0.0435882112074282	0.102289987105589
SACI_RS02140	56.8169752302581	0.23	0.341275874658453	0.670012213191974	0.502850004626751	0.665890108515971
SACI_RS12015	2.65859703234131	0.04	1.15263045994686	0.0343268968391178	0.972616476928518	NA
SACI_RS02145	176.266409547076	-0.04	0.181335761728245	-0.19957944014625	0.841809508661652	0.912352204918216
SACI_RS02150	2488.99487611564	-0.23	0.112724683688596	-2.0389661753187	0.0414534034908625	0.098222415599723
SACI_RS02155	116.181280392826	0.13	0.228057894201025	0.584740718166733	0.558722070745004	0.708203625996995
abfR1	1782.80108662219	0.51	0.157513092303453	3.24846024257793	0.00116031422639418	0.00483438303184905
SACI_RS02165	223.904093825221	-0.57	0.158954795633106	-3.55667031097588	0.000375585023206523	0.00178259313766521
SACI_RS02170	150.495631994726	-0.22	0.17638227495636	-1.24032042972842	0.214856898888362	0.370714738270971
cbp1	1674.10167206049	0.35	0.115253099291559	3.00054665964516	0.00269495460916737	0.0100613630219997
SACI_RS02180	1366.27829984953	-0.15	0.171243541788131	-0.849697870999854	0.395493082404828	0.56378431759167
SACI_RS02185	19146.9538661406	0.23	0.189595076697886	1.21682292032239	0.22367159743872	0.38096824441021
SACI_RS02190	713.432859133091	-0.63	0.135427218173188	-4.68091786979076	2.85593345220243e-06	2.21620435890909e-05
SACI_RS02195	424.676549262008	0.80	0.196962482863188	4.08150583178224	4.47448547737966e-05	0.000268123608528696
SACI_RS02200	127.594416641381	0.35	0.195731963626194	1.79799035366931	0.0721785364339588	0.156790029007298
SACI_RS02205	106.247423580375	0.48	0.243558284738408	1.98556398247691	0.0470817590744394	0.109469498252479
SACI_RS02210	4823.5933958197	0.79	0.140778734696698	5.59802078322558	2.16812765780083e-08	2.48334621764346e-07
SACI_RS02215	6.76294058900528	-0.25	0.731068497537405	-0.347963255395581	0.727867779041844	0.840463896046686
coaBC	1131.73242856353	0.06	0.0945513900302546	0.644781013441254	0.519069107639279	0.678110484054008
SACI_RS02230	62.3336394396226	-0.29	0.263714446918353	-1.1047352671379	0.269274317076558	0.433970654312375
SACI_RS02235	142.82264716019	-0.49	0.179876578090121	-2.72898216862312	0.00635301390658173	0.0206273589602821
SACI_RS02240	226.594027333821	-0.09	0.172635914263121	-0.508226949426236	0.611294193365623	0.752362084142305
SACI_RS02245	277.900325675642	-0.03	0.1681606799228	-0.198003950865991	0.843041972587091	0.912731874053132
SACI_RS02250	335.840738200565	0.06	0.19016393867054	0.324898433211832	0.745257942735836	0.850598777727556
SACI_RS02255	157.00639547824	-0.15	0.236735880416886	-0.63672166206178	0.524306160940006	0.682653659210477
SACI_RS02260	80.6620696340867	0.21	0.331999343845392	0.63309431747492	0.526672052907698	0.684527574696984
SACI_RS02265	83.0593258425111	0.26	0.451423445917553	0.58461935597673	0.558803689792054	0.708203625996995
SACI_RS02270	58.5438087987796	1.72	0.435545305288401	3.95132799754392	7.77187203823815e-05	0.000435449292539553
SACI_RS02275	4152.4227789348	-0.19	0.113947681674444	-1.67679386144845	0.093582798536257	0.19313896719185
SACI_RS02280	1650.55889305637	-0.51	0.121662810856493	-4.21900232892173	2.45385738868485e-05	0.000156723731162094
SACI_RS02285	615.319151204429	0.53	0.192760212913235	2.7683840621842	0.00563350252753899	0.0186820425699584
SACI_RS02290	43.7907621097464	0.27	0.343376178114949	0.778375691618253	0.436347564920373	0.603844334156415
SACI_RS02295	4.15633189272119	2.54	1.4126262499297	1.79796845044199	0.0721820075552284	0.156790029007298
SACI_RS02300	1.40398314229715	3.71	2.08070421935056	1.78212895261236	0.07472820537681	NA
SACI_RS02305	3.02120445016954	-0.10	1.13646746196198	-0.0888022320948304	0.929239083746515	0.959852950399063
SACI_RS02310	3.38501348047416	4.63	1.67153411885142	2.77258632236532	0.00556127673230743	0.0185018252701846
SACI_RS02315	220.359473500309	0.05	0.195156026338899	0.262755952569729	0.792738687595846	0.884379540518691
SACI_RS02320	3.56472197672608	1.48	0.951355851392298	1.55871244051025	0.119064455979514	0.232000044796241
SACI_RS02325	13.4782097786193	0.85	0.589374109529291	1.43488566914676	0.151319680075303	0.281821754306841
SACI_RS02330	32.0172151227503	0.30	0.353462179975993	0.859731853055702	0.389936871927927	0.558920418355408
SACI_RS02335	44.4718590981812	0.34	0.327602950582112	1.02757494359842	0.304149815612309	0.469730538394162
SACI_RS02340	349.586553070953	-0.01	0.167072638692315	-0.0646410880990674	0.948459769529294	0.974106711776485
SACI_RS11795	22.8312782899084	-0.87	0.460844173460404	-1.88720446834714	0.0591328295438945	0.133295790053921
SACI_RS02345	3.791448189822	1.14	1.13349712973022	1.00727733379899	0.31380151895584	0.479350351790811
SACI_RS02350	94.8186164332661	0.23	0.297746176928	0.760637754501541	0.446873462827834	0.613216281440139
SACI_RS02355	240.894383993539	-0.30	0.172577998441424	-1.76602956012898	0.0773908897342359	0.16588179806908
SACI_RS02360	35.5991703589536	0.25	0.335102237439492	0.740094044438563	0.459242932165535	0.624940842368181
SACI_RS02370	281.184758390955	-0.85	0.156556363126157	-5.4171601662243	6.05530934309321e-08	6.38262844941669e-07
SACI_RS02375	212.271539886298	-0.39	0.167323029918111	-2.32126851164168	0.0202723565734514	0.0542928341708309
SACI_RS02380	304.730302864353	-0.25	0.138784741411371	-1.77025017704238	0.0766854738663037	0.164500145736701
SACI_RS02385	1620.81286216959	-0.40	0.115334525968569	-3.48821622862894	0.000486254669385114	0.00225273805040506
SACI_RS02390	706.177524940574	-0.90	0.126388774203197	-7.1476115828884	8.8300737947758e-13	1.82723660393227e-11
SACI_RS02395	170.920593341789	0.51	0.176528974476155	2.87716354638138	0.00401267566691797	0.0141217066554573
SACI_RS02400	597.496812460496	-0.62	0.121945113055368	-5.09593372911557	3.47026518302814e-07	3.24448889401185e-06
SACI_RS02405	1017.14483416574	-0.64	0.113074033352162	-5.65347287195092	1.57237938309791e-08	1.8211438825134e-07
SACI_RS12020	47.1615837214802	0.04	0.299971707733164	0.138399371861072	0.889924793421829	0.940203668945268
SACI_RS02410	327.751337298108	-0.75	0.145200616083579	-5.15626794521076	2.5192034024226e-07	2.39131723581644e-06
SACI_RS02415	484.312366961489	-0.12	0.163131379648697	-0.73627339386932	0.461564334559364	0.627000303926594
SACI_RS12025	48.0913420696206	-0.22	0.332773857580849	-0.657808965009219	0.510660892980225	0.671364426857526
SACI_RS02420	30.1227327622336	-0.02	0.389178693641036	-0.0415545944253653	0.966853770350253	0.984240084959754
SACI_RS02425	21.9490359577851	0.01	0.447171565377981	0.0275948382438301	0.977985298583999	0.990106447098739
SACI_RS02435	8.00898224206602	0.71	0.657989496171009	1.07626066124707	0.281810696878643	0.446431469126528
SACI_RS02440	34.0586770210787	-0.32	0.375721384690318	-0.843712416663012	0.398830127365961	0.566576071095625
SACI_RS11495	9.88342754274891	-0.16	0.720496830804195	-0.227348839379145	0.820152498891676	0.899877467854282
SACI_RS12030	160.604947807021	-0.35	0.221904791212305	-1.57824739720174	0.114508785359053	0.22510150079449
SACI_RS02455	1733.81735939797	-0.23	0.098311680109939	-2.32136150977608	0.0202673410570265	0.0542928341708309
SACI_RS12035	167.981611824192	-0.64	0.211093622746325	-3.01430694654974	0.00257567074246305	0.00966733009021197
SACI_RS02465	600.861992844766	-0.21	0.155013874508938	-1.35998323431185	0.173835229449644	0.313894445731061
SACI_RS02470	49.7985030150455	0.23	0.307167479979206	0.753613993358085	0.451081039314734	0.616808610587196
SACI_RS12165	4.53076081038935	0.19	0.845581129643006	0.228208918154515	0.819483828671844	0.899701375895967
SACI_RS02475	36.8036457724793	0.80	0.369345727749011	2.170792072003	0.0299468935082351	0.0760058523708601
SACI_RS11530	3.68286626879214	1.33	1.07888047397708	1.22921946776099	0.218989531732465	0.376797952603975
SACI_RS02480	28.2934066106322	0.09	0.364007908527217	0.245583825534613	0.806004411204258	0.894791735471394
SACI_RS11535	7.76906813030227	-0.20	0.767243394884383	-0.262518822370998	0.792921475922525	0.884379540518691
SACI_RS02495	248.801378342784	-0.20	0.162037879514806	-1.2077494856191	0.227143637100901	0.384042151114574
SACI_RS02500	19.0148679884679	-0.05	0.523654774566962	-0.08914940090997	0.928963177407972	0.959852950399063
SACI_RS02505	1.9495325379447	4.07	1.85028886692328	2.19755129983193	0.0279810969398534	NA
SACI_RS02510	40.6344602303254	-1.00	0.286408533256005	-3.49749965967302	0.000469641311919753	0.00218883878708546
SACI_RS02515	100.148400525809	-0.72	0.254497634808474	-2.81734960871101	0.0048421785824412	0.0164443351421198
SACI_RS02520	275.757036456512	-0.68	0.183041087372082	-3.69818552479244	0.000217146158740014	0.0010957241982868
SACI_RS02525	595.00035424591	-0.16	0.152833638051421	-1.0492846076717	0.294047148127401	0.458654446124349
SACI_RS02530	238.587951449816	0.25	0.245210319060569	1.02139317388282	0.307068198114506	0.471667144188477
SACI_RS02535	59.2822106826627	-0.02	0.26619062070779	-0.0889941999405903	0.929086519608096	0.959852950399063
SACI_RS02540	171.084210212659	-0.20	0.1608658347245	-1.22756479573381	0.219610384017921	0.377438825819498
SACI_RS02545	90.5755159829325	-0.78	0.243626335108625	-3.20314521949253	0.00135935415642334	0.00554006611237254
SACI_RS02550	9.53525738699004	0.62	0.671958752187002	0.9225264914661	0.356254018627575	0.525077148062675
SACI_RS02555	10.0855554055241	0.61	0.625329108437342	0.973537758316267	0.330286103626498	0.497673818279928
SACI_RS02560	95.2543461042091	0.47	0.262773881306658	1.77967986853796	0.0751283669172715	0.161718759300423
SACI_RS02565	56.0416506209777	0.71	0.358087896483184	1.99145849978486	0.0464305033557447	0.108198410222396
SACI_RS02570	1996.84759726669	1.16	0.188011818307563	6.17140641182209	6.76851912624118e-10	9.681789570439e-09
SACI_RS02575	1477.97602904744	0.49	0.108534933475595	4.54496731786998	5.49437785622219e-06	4.06060687278897e-05
SACI_RS02580	24.8155038631137	0.15	0.425887784817402	0.35458829486164	0.722898046430525	0.838485394460572
SACI_RS02585	1221.47882786345	0.11	0.103807872431361	1.10179624659236	0.270550262533235	0.435123323784022
SACI_RS02590	1365.30269364353	-0.27	0.141874404268499	-1.93233326167249	0.0533183855460561	0.122050345674748
SACI_RS02595	88.9269912647094	-0.00	0.227476952229595	-0.000806211027499537	0.999356736738093	0.999678798206588
SACI_RS02600	328.233696679299	0.11	0.172511628762022	0.661766116964486	0.508121124207305	0.669305842317254
SACI_RS02605	588.628375673143	-0.82	0.125467764227725	-6.51121988917905	7.45429287580259e-11	1.23075133438783e-09
nadC	503.214346370371	-0.20	0.116314427762096	-1.67740291914726	0.0934637189362939	0.19313896719185
SACI_RS02615	409.310954143835	-0.26	0.125456474419311	-2.03914134468625	0.0414359228880795	0.098222415599723
SACI_RS02620	302.294102920241	0.80	0.20175162901281	3.94227403687934	8.07126802608558e-05	0.00044978843721669
SACI_RS02625	113.834402304337	0.09	0.201637471236378	0.463232529124391	0.643197702106729	0.777750552138406
SACI_RS12170	1024.95201923484	0.88	0.149128233212941	5.88227770068543	4.04658639869891e-09	5.10593665917131e-08
SACI_RS02635	967.110631335715	0.09	0.113389858626137	0.800283009725624	0.423546844676017	0.591137322785233
SACI_RS02640	575.671322174134	-0.08	0.109326142829395	-0.756007619072292	0.449644627627674	0.615549457871223
SACI_RS02645	47.8340167322314	0.63	0.306481307480324	2.04078669408496	0.0412720337118258	0.098017132855017
SACI_RS02650	202.569070667089	0.45	0.172767603650952	2.57859992930407	0.00992016026279704	0.0303371206460315
SACI_RS02655	357.426313282116	0.35	0.166802412858989	2.07900508375281	0.0376168832033716	0.0913996215933209
SACI_RS02660	1228.36598780679	0.52	0.140702985828875	3.71896267461935	0.000200042606083378	0.00101459517856668
SACI_RS02665	297.054007034885	-0.48	0.147964776688928	-3.25931231770015	0.00111682647471732	0.00468463429394942
SACI_RS02670	797.442080279059	-0.03	0.11158372368402	-0.226003770372018	0.821198487861411	0.900445419426435
SACI_RS02675	5.0937393664979	-0.04	0.926279993872069	-0.0404284777582884	0.967751526835428	0.984240084959754
SACI_RS02680	8.32030113558596	1.50	0.823615330475168	1.82043738875195	0.0686924229757019	0.150473733886082
SACI_RS02685	94.7304611581169	0.85	0.269735719044655	3.16660474218099	0.00154229792177778	0.0061851327509021
SACI_RS02690	72.1306112118772	0.12	0.266124344090726	0.467740611464752	0.639970095183864	0.775055472278859
cedA2	20.186255534936	0.33	0.41912025286583	0.794481515934978	0.426915165453604	0.592905894213864
cedA	401.821024215939	0.18	0.194156123061157	0.924207312013828	0.355378389363512	0.524284467958338
cedA1	176.478113031939	0.49	0.236873499117205	2.0520369220932	0.0401660742933976	0.0959568721060543
SACI_RS02705	461.648990454337	0.45	0.14938005538672	3.0008804085829	0.00269200268607255	0.0100613630219997
SACI_RS02710	375.419880434496	0.78	0.155991629784458	5.02413204858298	5.05714345410841e-07	4.57649366809111e-06
SACI_RS02715	208.768937500408	-0.61	0.169270543573034	-3.59553934935503	0.000323720189969323	0.00156389206515596
SACI_RS02720	2208.21402111283	-0.39	0.115674063293859	-3.34599897141645	0.000819866998431219	0.00357927871045078
secY	6606.10977206968	-0.23	0.102963287663988	-2.20526703346794	0.0274353617374474	0.0705301124718302
SACI_RS02730	2571.13185148749	0.35	0.12642270903814	2.74002927197807	0.00614337127005754	0.0200515503914391
SACI_RS02735	2399.93449958384	0.47	0.193128496296938	2.43322437921076	0.0149650239798931	0.0427729598835987
SACI_RS02740	4028.53185489392	0.39	0.165949885452541	2.36786537304459	0.0178910447567148	0.0491884879759457
SACI_RS02745	3067.40170639608	0.63	0.155610218266133	4.06474450120515	4.80851078901812e-05	0.000285931369523223
SACI_RS02750	3215.82039932034	0.59	0.224811654078976	2.6438898101211	0.00819593324844993	0.0256453395193433
SACI_RS02755	1590.15748254659	0.54	0.184227549154712	2.93239830196082	0.00336355063145406	0.0121400711163179
SACI_RS02760	2732.83242879217	0.60	0.175701489454452	3.42959522106184	0.000604482288865745	0.00273914310166317
SACI_RS02765	2379.40921847284	0.58	0.154890009963439	3.77035932595633	0.000163012669322141	0.000848978734187795
SACI_RS11545	331.698955670775	0.66	0.184140021859776	3.55906249804248	0.000372180965823385	0.00176914198761989
SACI_RS02770	2720.36285748112	0.43	0.179141114562541	2.4031886403725	0.0162528009590769	0.0455724427976284
SACI_RS02775	4333.99290861379	0.56	0.220834777810354	2.53908080918152	0.0111144148169167	0.0331887443954988
rplX	2144.82599282437	0.49	0.2492072483959	1.96257589909363	0.0496954734300421	0.114602339915937
SACI_RS02785	1084.53158697168	0.62	0.188513078425707	3.27080382568168	0.00107242275243054	0.00451668958418509
SACI_RS02790	1416.23381423299	0.55	0.264532296365582	2.08849797901943	0.0367529375162446	0.0897569772229922
SACI_RS02795	518.275339854825	0.64	0.251617127018837	2.52563031878079	0.0115490938672736	0.0341738678398638
rpmC	896.517724264432	0.71	0.258212721074467	2.73873367851161	0.00616763124360689	0.0201095875841973
SACI_RS02805	3377.53591394802	0.64	0.242235768883587	2.64978785413447	0.00805423277292628	0.0253039863635255
SACI_RS02810	1924.1023714918	0.91	0.168471700417708	5.42184368774551	5.89874531649304e-08	6.27044707616246e-07
SACI_RS02815	2135.91512346595	0.93	0.204835374068407	4.53530785693366	5.75195226376302e-06	4.24086931751079e-05
SACI_RS02820	3035.35992521477	0.73	0.19980778327901	3.6664229383336	0.000245966995698947	0.00122352813245117
SACI_RS02825	549.59092326274	0.85	0.217184450741937	3.90198325520369	9.54077590624403e-05	0.00052510985833742
rpl4p	3881.7449835927	0.84	0.147653814824291	5.66143832150618	1.50109460380472e-08	1.75165325195859e-07
rpl3p	8812.31294923437	0.79	0.109807447594014	7.23197023742611	4.7603654251194e-13	1.01904650203935e-11
SACI_RS02840	206.579741812056	-0.64	0.165254621488895	-3.86858737879652	0.000109467708003326	0.000594034555318749
ileS	9569.63847935115	-0.25	0.115395136371963	-2.19789617840968	0.0279565053070262	0.0717758415823071
SACI_RS02850	1106.89555845259	0.11	0.11554363411201	0.930064908144192	0.352337478593141	0.521507287032915
SACI_RS02855	216.976700227523	0.85	0.164224879825271	5.19215150079488	2.07877735458421e-07	2.01641403394668e-06
SACI_RS02860	1702.87470750548	-0.19	0.0894620109127758	-2.16721129951817	0.0302187461888268	0.076556844834869
SACI_RS02865	18229.3981978775	0.18	0.0815241669273892	2.1491120004408	0.0316255227064959	0.0792937176744452
SACI_RS02870	381.998638084979	-0.15	0.132504942027319	-1.10236197894614	0.270304334103396	0.435092995850873
SACI_RS02875	1287.15460714265	0.39	0.180637008939674	2.17499964477241	0.0296301430050176	0.0753251137490374
SACI_RS02880	24.1270936304291	0.40	0.442541553339944	0.911987380427149	0.36177536074409	0.530695047140669
SACI_RS02885	164.47021647487	0.47	0.196283972041339	2.41041336381569	0.0159344552991384	0.0448012221454035
SACI_RS02890	757.243122821668	0.34	0.142663790584892	2.37533483229187	0.0175330373197091	0.0484617523066581
rrp42	2903.86429253264	0.07	0.0985460903428244	0.728310000669982	0.466423841826384	0.631115782488708
rrp41	2977.80570381964	0.31	0.0893852126459097	3.47924682572702	0.000502825230382782	0.00232017423537153
rrp4	1482.12565563991	0.37	0.112419672717754	3.24883169559922	0.0011588001875893	0.00483438303184905
SACI_RS02910	1932.47036923945	0.22	0.109128314409288	2.03466609068199	0.0418844823657817	0.0988123466410459
psmA	2724.85975830906	0.38	0.108646447833394	3.51272859475067	0.000443530285300543	0.00207337049032061
SACI_RS02920	169.623103977669	-0.20	0.16841692256995	-1.20832811978799	0.226921076322741	0.384042151114574
SACI_RS02925	658.163169382499	-0.13	0.131335005762545	-1.02152467990166	0.307005922364845	0.471667144188477
SACI_RS02930	496.765562605433	0.06	0.19027541421538	0.300767915465423	0.763591475941491	0.862513806885877
SACI_RS02935	6620.34617945471	0.46	0.103817269735783	4.4028106183347	1.06857438549959e-05	7.38720466055838e-05
SACI_RS02940	695.393166271571	-0.07	0.105887221575435	-0.616687000272143	0.537441197350872	0.692206421816227
SACI_RS02945	975.776284470738	0.31	0.152288727806029	2.05181008331703	0.0401881229825614	0.0959568721060543
SACI_RS02950	2394.48298599027	0.50	0.108714917135153	4.59698569882518	4.28647028536845e-06	3.25310605520383e-05
SACI_RS02955	352.364604751315	0.25	0.151943308220125	1.63732802669931	0.101561947854569	0.205106236916449
SACI_RS02960	84.2288395521226	0.15	0.246644157605532	0.621834840987008	0.534050474019257	0.689842976011558
SACI_RS02965	145.958503599695	-0.10	0.22284419150691	-0.43699274317736	0.662116610862809	0.790769511395983
SACI_RS02970	1018.11439241321	-0.02	0.12216496824565	-0.149209307212041	0.881388476113846	0.937570195290397
SACI_RS02975	416.2517249059	0.55	0.185919426272479	2.95477464847601	0.00312897510854988	0.0113946995272602
SACI_RS02980	1512.33017391722	0.63	0.104313096324192	6.06476252111212	1.32148764707671e-09	1.79122168407253e-08
SACI_RS02985	0	NA	NA	NA	NA	NA
SACI_RS11555	3.84004387692972	0.05	1.31607854519764	0.0410752203418959	0.967235929229807	0.984240084959754
SACI_RS02995	452.572711845651	0.20	0.208344595000089	0.950843763251209	0.341683693061133	0.508674428422904
SACI_RS03000	19.5295576436599	0.84	0.550415149039044	1.53454794349376	0.124894907994937	0.240641709755607
SACI_RS03005	22.4100902933505	0.46	0.475044040656897	0.959136553739679	0.337489957766274	0.505095867360904
SACI_RS03010	74.4682884757563	-0.02	0.261266682714308	-0.0768237491649371	0.938763757466086	0.967437816459074
SACI_RS03015	130.525419019503	0.03	0.208928435483214	0.145445229714712	0.884359356153012	0.938660741043983
SACI_RS03020	14.2948690319609	0.36	0.574456356568718	0.632972987611624	0.526751282971775	0.684527574696984
SACI_RS03025	74.3740443702533	-0.32	0.230553783232851	-1.40031754142159	0.161418250257793	0.29665808799759
SACI_RS03030	556.327906677105	-0.27	0.11297142819765	-2.42913851970982	0.0151347487002174	0.0429902147610656
SACI_RS03035	10.4473625304098	-1.32	0.642883035559518	-2.05561734858078	0.0398194142428505	0.0954435998531335
SACI_RS03040	5890.09454784416	0.27	0.182766487723933	1.50197638662202	0.13310320729795	0.253477103425702
SACI_RS03045	1107.04898197947	-0.36	0.0997090206803555	-3.63777347437367	0.000275005128795952	0.00135041013933474
SACI_RS03050	1153.02458556592	0.78	0.13581097867719	5.73010987442608	1.00365602615627e-08	1.20749934309653e-07
SACI_RS03055	650.144972417534	0.85	0.154843243748833	5.49101254713026	3.99635958884195e-08	4.30718755686299e-07
speE	2913.76009357455	0.90	0.186441387683004	4.83496616776854	1.33168281978488e-06	1.10818859855557e-05
SACI_RS03065	8.84370771473905	0.12	0.835418304415252	0.143401093291295	0.885973419577542	0.938660741043983
SACI_RS03070	15.6196541661539	0.98	0.594009819709104	1.64412917157374	0.100149523395606	0.203064567960799
ahcY	1793.14590250045	0.92	0.116930378082475	7.90263758850403	2.73062654491325e-15	8.14986999558723e-14
SACI_RS03080	150.704596581369	0.02	0.230694900198056	0.0755471087029437	0.939779417274156	0.968163063796542
SACI_RS03085	29.6681121115711	0.17	0.370040860982802	0.470002699322787	0.638353089033414	0.774305583571597
SACI_RS03090	16.9148037270376	0.43	0.545596903244644	0.782653790539013	0.433830444765516	0.60062876920257
SACI_RS03095	128.79371979623	-0.14	0.227995880982929	-0.615130263640698	0.53846869727185	0.693242155259984
SACI_RS03100	746.606528328166	-0.55	0.124851284308216	-4.4156251779541	1.00718474835986e-05	7.05711390272913e-05
SACI_RS03105	1075.8969272603	-0.31	0.13795966468335	-2.26853621631919	0.0232965442215167	0.0614582913478767
SACI_RS03110	204.390605280522	-0.24	0.188835958282091	-1.29488958806707	0.195358320780434	0.345325869990016
hflX	772.424962212432	-0.74	0.115147745996753	-6.40538053467888	1.49994795030794e-10	2.32791921887793e-09
SACI_RS03120	1161.4891390984	-0.43	0.125477360624833	-3.42071967077484	0.00062455673608437	0.00282186915401148
SACI_RS03125	3469.04000109972	-0.09	0.144027870485001	-0.596040346673059	0.551148273638952	0.702642115640822
SACI_RS03130	301.274355364549	-0.36	0.15337430776882	-2.3158558364994	0.0205661413486082	0.0549847568872351
SACI_RS03135	1040.26836442097	-0.06	0.0991509477915211	-0.626128389379187	0.531230732636875	0.687344807880308
tgtA	2272.34791737482	-0.11	0.0936240257967942	-1.1388462702895	0.254767279025746	0.415553144559072
SACI_RS03145	1311.23423810522	0.00	0.122760532849359	0.00994997473056989	0.992061199775162	0.99526760313578
SACI_RS03150	297.202194360849	0.60	0.165008129752499	3.62299496276161	0.000291211495645476	0.00142349682280875
psmB	3231.94021661086	0.18	0.0967632243097071	1.82525424294474	0.0679626716724727	0.149508244416269
hisS	1592.01206247023	-0.01	0.105638942249338	-0.0609396859881307	0.951407243313591	0.975286685351845
SACI_RS03165	89.3868499640074	-0.03	0.270494740299197	-0.115790946332421	0.90781822602929	0.947091774496512
SACI_RS03170	284.528749286877	0.24	0.220755542531509	1.10949516139152	0.26721663063722	0.431102090175639
SACI_RS03175	47108.6426643351	1.48	0.181521964082383	8.13669247616896	4.06222810948945e-16	1.32727958440582e-14
SACI_RS03180	406.804268932271	0.07	0.170154800814432	0.403687426952557	0.686442586425548	0.808314790692299
SACI_RS03190	699.380815536485	-0.16	0.167751652191663	-0.980591855223852	0.326794052409907	0.493850408315653
SACI_RS03195	1409.90305039681	-0.04	0.176107327029754	-0.210205960829564	0.833506927430874	0.908428898435896
fbp	6305.69297574985	0.08	0.113611399064238	0.723197084031871	0.469558810061747	0.633149672646247
SACI_RS03205	2490.89033371751	0.33	0.0868756900455914	3.78044269362286	0.000156549750912603	0.00082082842370392
SACI_RS03210	3.98150064826135	1.60	1.15880113951847	1.37830341384561	0.168109629633265	0.305191113150399
SACI_RS03215	278.679072528733	-1.78	0.190184909939037	-9.370063338726	7.24890141714409e-21	4.01796249978844e-19
SACI_RS12185	1.83673551066513	0.97	1.7348395246352	0.561423496692717	0.574508869820985	NA
SACI_RS12190	2.12114053390065	-0.59	1.59730531203955	-0.36712855233882	0.713523130403306	NA
SACI_RS12195	21.6407340682924	-0.06	0.416069747620578	-0.146874049492991	0.883231435263045	0.938565688139847
SACI_RS03230	399.222457099999	-0.11	0.148502208516644	-0.709264453183601	0.478160382974032	0.642194322366409
SACI_RS03235	126.196862208816	0.83	0.209894104086118	3.96807764755337	7.24547284871931e-05	0.000411903804440013
SACI_RS03240	3.22270687414078	1.85	1.28595006797039	1.43585902316697	0.151042460560886	0.281821754306841
SACI_RS11570	6.69771879168173	1.54	0.842911380363297	1.83064212901761	0.0671539760663875	0.148172361920063
SACI_RS03245	41.1443003914415	-0.04	0.373846852922118	-0.107279018352562	0.914567629399975	0.951984547839545
rpsJ	2032.552043356	0.12	0.139763986284464	0.824895737081753	0.409430786750819	0.576232057033907
tuf	40011.1589365784	0.37	0.147519513373226	2.52588292315774	0.0115407934154921	0.0341738678398638
SACI_RS03260	5183.39405382188	0.40	0.0857465141097307	4.65917186223169	3.17484055204243e-06	2.45753243729169e-05
SACI_RS03265	1199.06818574626	-0.49	0.138181596363934	-3.51530174146288	0.000439254596091773	0.00205958650493786
SACI_RS03270	2913.0810597926	0.12	0.109041851477413	1.05537075048431	0.29125579475486	0.455674388568087
SACI_RS03275	2335.76570364485	-0.02	0.123606179071063	-0.174276369835826	0.861648269190406	0.926413656933502
SACI_RS03280	760.507299553132	0.23	0.170944907049973	1.36346458534127	0.172736138398843	0.312273135463022
rpoA2	3252.88402021958	0.09	0.203585856136161	0.452594004460906	0.650841116819997	0.783939009161533
rpoA1	10174.8012219154	-0.25	0.153313473291259	-1.64575793148414	0.0998136066309154	0.202808657705649
SACI_RS03295	14630.890269968	-0.20	0.105141346813092	-1.89036840503432	0.0587087059385118	0.132532235078648
SACI_RS03300	748.596106258725	-0.11	0.145025049985553	-0.773967432685908	0.438950050524899	0.605555980813016
infB	2826.47890006158	0.17	0.0946369833928606	1.8425067437581	0.0654010609993717	0.145107143203752
ndk	1457.97816845385	0.40	0.142858960793201	2.82202914339865	0.00477208404549055	0.0162905415321319
SACI_RS03315	117.724852885971	0.54	0.214431837176643	2.51054112915168	0.0120546278712377	0.0352995895399264
SACI_RS03320	1088.71158094622	0.43	0.185435136205504	2.3128216301106	0.0207324480388006	0.0553340659608228
upp	708.963156284661	-0.13	0.132310136514117	-0.975723705481564	0.329201401593315	0.496631315086397
gatB	928.787741405221	0.76	0.21966872218744	3.44001645688634	0.000581678816028663	0.00264353008045823
SACI_RS03335	642.577277974149	-0.18	0.15161040527801	-1.16268826137137	0.244956005991338	0.403579321972991
SACI_RS03340	187.83356234966	0.16	0.19268703807598	0.831018623333947	0.405963108752698	0.57251680580117
SACI_RS03345	33389.2951229359	-0.50	0.144812311084563	-3.46498387745464	0.00053026326763873	0.00242406065206277
SACI_RS03350	254.762581161221	0.28	0.190625266223684	1.45635023857889	0.1452958241357	0.273332265525584
SACI_RS03355	3.79859952441821	0.79	1.28766055938527	0.613814307116055	0.539338041861967	0.693498459792687
purB	1314.92498043294	0.14	0.0969952506526891	1.41928796329116	0.155815079875715	0.288364330634812
SACI_RS03365	851.174916448756	0.16	0.139242157834197	1.13274974362051	0.257319361674162	0.419495429956196
SACI_RS03370	780.438555057147	-0.04	0.116651236321729	-0.369669091885294	0.711629064012827	0.829165395906838
SACI_RS03375	1091.58425381084	0.93	0.187051873015748	4.96920924813394	6.72264925457035e-07	5.91136070430209e-06
SACI_RS03380	858.772488516763	1.00	0.229962914079042	4.34643790157647	1.3836620039449e-05	9.27621352104743e-05
SACI_RS03385	1093.35112971083	-0.42	0.0998103263777548	-4.17356753803077	2.99866713312789e-05	0.000187280941272213
SACI_RS03390	910.507664999311	0.27	0.201262739210159	1.338634139998	0.180689806301058	0.32363598312665
ilvA	800.421344337831	-0.09	0.138199593362653	-0.661592272422195	0.508232561321446	0.669305842317254
SACI_RS03400	387.125265060519	-0.14	0.143829848494818	-0.987388509710934	0.323452215093272	0.489753988121715
radA	5556.62351367654	-0.70	0.112345847324626	-6.22022634859258	4.9643818913643e-10	7.13400064388647e-09
SACI_RS03410	38.590514770377	-0.16	0.347246212163779	-0.4572525101268	0.647489559634265	0.781418193275567
SACI_RS03415	150.818345092137	-0.30	0.283705567321428	-1.04028519444042	0.298207420683099	0.463281198098268
cyaB	162.101026414252	0.19	0.194003881518323	0.970681456307519	0.331706928881918	0.499329925921181
SACI_RS03425	585.876575273401	0.19	0.116355871460013	1.59070360499722	0.111676295247628	0.220791860158367
SACI_RS03430	493.131662139837	0.07	0.127815381552829	0.548130787509938	0.5836021019566	0.728680983295771
SACI_RS03435	134.037789501417	-0.37	0.183364829978285	-2.03508651609278	0.0418421684941468	0.0988123466410459
SACI_RS03440	583.778631381949	-0.06	0.137653797664042	-0.416066068232921	0.677361658595652	0.802367431326887
SACI_RS03445	34.0437184274525	1.94	0.451467431022252	4.30642334093064	1.6591539074412e-05	0.00010911046035376
SACI_RS03450	552.278216220597	0.72	0.248106039705414	2.89962875648748	0.00373604865873468	0.0132989621980647
SACI_RS11915	11.7335378943329	1.60	0.710490759456712	2.25876647770955	0.0238979147885848	0.0627572990725612
SACI_RS03455	218.057002210682	0.36	0.160402747092077	2.27325159299526	0.0230110228118932	0.0608400466849373
SACI_RS03460	3.00851045821799	1.08	1.92405308636313	0.560895912048918	0.574868496987836	NA
SACI_RS03465	74.8111347372924	0.10	0.340777225324872	0.289131075675537	0.77248107371027	0.870022225252786
SACI_RS03470	966.349069240103	-0.04	0.129418407786548	-0.306398869402566	0.759300969078266	0.859544204237396
SACI_RS03475	426.502804245036	0.01	0.217240860976004	0.0463781875304744	0.963008821631128	0.982879587203941
SACI_RS03480	585.515116665084	-0.04	0.194027524914646	-0.194986685972785	0.845403370628605	0.914770605556675
rnpB	26561.6635329297	0.32	0.196562897885158	1.60370668806062	0.108778720994607	0.21658059651524
SACI_RS03485	179.35808821062	-0.37	0.16207128076838	-2.29570362847647	0.0216928328484067	0.0576001310192083
SACI_RS03490	918.128151305775	-0.38	0.152524944187077	-2.51768495697754	0.01181289294333	0.0347886334877574
SACI_RS03495	1088.68261018929	-0.72	0.189021461000456	-3.79463631146388	0.000147860031762088	0.000783203990767101
SACI_RS03500	35.7687200468163	-0.29	0.325200412742027	-0.896459070468721	0.370007630779625	0.540726782457606
SACI_RS03505	85.0063990086531	0.41	0.224313201292189	1.83806249924828	0.0660531962870759	0.14613622328944
SACI_RS03510	22.5464281035351	0.91	0.418655441664762	2.17796636967827	0.0294085406071492	0.0748844216936761
SACI_RS11815	1.73087321553817	-1.58	1.42027273193696	-1.10961036926835	0.267166961036064	NA
SACI_RS03515	66.9807003241277	-0.81	0.242938660171294	-3.34047737669276	0.000836344943566818	0.003640974340577
SACI_RS03520	95.2405146024706	-1.10	0.209642303476234	-5.25827594850769	1.45412207649596e-07	1.43745061319856e-06
SACI_RS03525	173.496604989115	-0.45	0.176139734884247	-2.54740600766463	0.0108527084659089	0.0325285508596412
SACI_RS03530	67.3969420326998	-0.22	0.252088978778224	-0.857157861691463	0.391357646991788	0.560320173552818
SACI_RS03535	52.6407415406711	-0.21	0.283880727840606	-0.737445858090935	0.460851256744142	0.626580070492254
SACI_RS03540	10.4396202257287	-0.09	0.608333189597811	-0.144199287332655	0.885343103690654	0.938660741043983
SACI_RS03545	48.4566247840158	0.09	0.348896289708365	0.256062888784985	0.797902277300355	0.888020318659126
SACI_RS03550	216.791648513737	-0.69	0.197771254464843	-3.49122748190619	0.000480806687742029	0.00223416760292105
SACI_RS03555	337.430414703138	-0.27	0.160923525589031	-1.65674208082454	0.0975716313471109	0.199514060409376
SACI_RS03560	231.608716140234	-0.49	0.160234326691948	-3.05040270440313	0.00228534712980183	0.00869328123885401
SACI_RS03565	132.132068515195	-0.46	0.194011901953096	-2.36267983457688	0.0181433363453206	0.049749925809077
hxlB	1081.38004421512	0.03	0.126884766146251	0.239539064912063	0.810687608554474	0.896273923967577
SACI_RS03575	598.364821158243	0.18	0.163238225352558	1.08892412862457	0.276187344956501	0.441507531977351
SACI_RS03580	192.688761078465	-0.40	0.165669518055931	-2.38525632623432	0.0170672248863205	0.0475534896127561
argC	1311.34302581134	0.68	0.114613703641599	5.97632717728826	2.28224422922548e-09	2.9640527562828e-08
SACI_RS03590	1109.14523818888	0.67	0.131355953107738	5.11012157104581	3.21951576410995e-07	3.01914710930432e-06
SACI_RS03595	890.595531058775	0.13	0.131622338553553	0.956609032271963	0.338764628181259	0.505541060516648
SACI_RS03600	445.193798792259	-4.03	0.558034238889834	-7.21572873786976	5.36459022345996e-13	1.13276789480406e-11
lysX	6301.1421462233	-1.58	0.349747369976476	-4.51443789568006	6.34849219928188e-06	4.61492266664426e-05
SACI_RS03610	2700.90241316934	-4.40	0.463675653449379	-9.48678706391427	2.38264910912542e-21	1.47914856694506e-19
SACI_RS03615	851.475976917099	-3.37	0.411223254618598	-8.18555286294749	2.71056370467667e-16	9.14520623838738e-15
uppS	562.161589907331	-0.62	0.185416680359752	-3.35835483395867	0.000784078924722383	0.0034375437603648
SACI_RS03625	2050.93901024028	1.11	0.144853689511819	7.65957272429607	1.86552687972848e-14	4.74638970055509e-13
SACI_RS03630	123.086567138942	1.15	0.284777053739233	4.03943711031279	5.35796315402905e-05	0.00031618094353814
SACI_RS03635	25.4134525020389	1.52	0.479545485707167	3.16686312091815	0.00154092830187537	0.0061851327509021
SACI_RS03640	20.8240881447664	-0.30	0.471725302901833	-0.628777380699348	0.52949481036278	0.686072592447541
SACI_RS03645	437.612632629014	-0.01	0.118764479458099	-0.121518465112224	0.903280390038643	0.945921797046847
SACI_RS03650	6.06415800157315	2.26	1.18231207397524	1.91352379126019	0.0556810307561285	0.127270927442579
SACI_RS03655	3480.03215451136	0.18	0.118982984944276	1.54613769070302	0.122071317843431	0.236498076976616
SACI_RS03660	0.160298829906496	0.00	7.3561311249555	0	1	NA
SACI_RS03665	226.624651528622	0.22	0.164865919733869	1.3414134371561	0.179786257266488	0.322389683740715
SACI_RS03670	166.772777171196	0.51	0.20232420864538	2.50860346910365	0.0121209463967155	0.0354603370550471
SACI_RS03675	885.084523758086	0.10	0.133534823311649	0.764925436377009	0.444315946310038	0.611550429433443
aspS	3733.77115808842	0.21	0.0958590597649521	2.23094994714728	0.025684444696923	0.0666592945980342
SACI_RS03685	249.068906033393	0.77	0.18548751285927	4.15615326843098	3.23650745151872e-05	0.000200121895010241
pth2	97.9802455041415	0.58	0.205992658068267	2.82250509834698	0.00476500643700787	0.0162891850005203
SACI_RS11585	146.349936480387	0.43	0.2323262030359	1.83809094629477	0.0660490050750051	0.14613622328944
SACI_RS03695	492.868379758886	0.41	0.166442223495986	2.45595868158138	0.014050931170944	0.0404208437021411
SACI_RS03700	15798.1277763352	-0.21	0.1032444248082	-2.03714758465811	0.0416352546011074	0.0985029194221322
SACI_RS03705	335.070903192192	-0.61	0.186131261922192	-3.30345090531526	0.000955026902315533	0.00407198283624645
fen	1206.67519292949	-0.76	0.202437710710751	-3.74529788043568	0.00018017985921769	0.000925957422204817
SACI_RS03715	169.700686651368	0.27	0.192690930411291	1.39369508893487	0.163409699889363	0.299423676774841
SACI_RS03720	438.631766919264	0.04	0.176354074539739	0.243521663032408	0.807601305453949	0.895609605557084
hemB	1144.59969363862	-0.09	0.116732958873209	-0.767504817523751	0.442781429995171	0.610028210699073
hemL	958.609702082991	-0.38	0.169595437559713	-2.2689120089803	0.0232736772933888	0.0614582913478767
hemC	517.559636529125	-0.55	0.133451114433876	-4.15700801057082	3.22442688782117e-05	0.000199772875445048
SACI_RS03740	157.42721662323	-0.28	0.188865083461726	-1.49693551762801	0.134410037327021	0.255642620014138
SACI_RS03745	310.60375736026	-0.33	0.14476587673933	-2.31301420796719	0.0207218579925632	0.0553340659608228
SACI_RS03750	1249.99282667567	-0.74	0.0954527026914494	-7.75824716056464	8.61112107864143e-15	2.34464209018447e-13
SACI_RS12200	801.509710135752	0.12	0.114063379984018	1.05019260169053	0.293629570327852	0.458233376720791
SACI_RS12205	685.592858181007	-0.02	0.125916380892855	-0.168555538554959	0.866146255153088	0.928997227365302
SACI_RS03765	939.910963162195	0.72	0.122622773098917	5.86427629410084	4.51095807063357e-09	5.64597332711556e-08
SACI_RS03770	1276.08852137782	-0.98	0.111076977288378	-8.81282464701254	1.22031353422723e-18	5.18884001402922e-17
dcd	952.910148768257	-0.09	0.140987624388498	-0.610125842160585	0.541778449223775	0.695682377852293
SACI_RS03780	2099.1117966395	0.14	0.115551515453656	1.1957208309782	0.231805519522821	0.389352993830539
SACI_RS03785	5990.51429137724	0.06	0.116684302807049	0.5191216716912	0.603675896516291	0.746537841747637
SACI_RS03790	733.015952024791	-0.44	0.115259655799399	-3.78606901659127	0.000153049183168031	0.000803831919718389
SACI_RS03795	304.010305576553	0.07	0.14099537724392	0.507098789116931	0.612085504595117	0.752558887653379
SACI_RS03800	102.179062986244	0.17	0.236656349748608	0.697592220728544	0.485432247982901	0.650035244926197
SACI_RS03805	1542.6832054023	0.05	0.11461930435395	0.41043876806606	0.681484112342709	0.805225232094316
SACI_RS03810	187.113231987484	-0.14	0.20985306365445	-0.671231345116718	0.502073163254577	0.665429162571395
SACI_RS03815	1613.62368945661	-0.44	0.133675546283889	-3.32447307230804	0.000885857877179729	0.00381373488317043
SACI_RS03820	7752.12558579337	0.17	0.104356284646209	1.65928327611203	0.0970587236343044	0.19882325524563
SACI_RS03825	1456.66575013143	0.09	0.141691050235948	0.646349928808896	0.518052759720012	0.677352892237118
SACI_RS03830	106.571847414375	-0.47	0.254865808036926	-1.83905003037692	0.0659078277440905	0.146022767535801
SACI_RS03835	5381.2020841454	0.14	0.10095706282196	1.42989326733799	0.15274765465666	0.283569808644899
SACI_RS03840	624.665723960693	0.70	0.125668978042368	5.54826320910599	2.88521300871104e-08	3.23310511878667e-07
SACI_RS03845	1411.3305841447	0.00	0.145823517805039	0.0194511174821149	0.984481232254037	0.992474746643888
SACI_RS03850	5451.05873174706	-0.80	0.12725924621277	-6.27577494433426	3.47897105862655e-10	5.11787969951508e-09
SACI_RS03855	347.643655987782	-0.52	0.138543391469998	-3.74555175176141	0.000179997735179793	0.000925957422204817
glmM	3541.13075486119	-0.76	0.126270171541228	-5.99025776651885	2.09508709817427e-09	2.73241611459367e-08
SACI_RS03865	355.672081656607	-0.23	0.159404373171823	-1.43973559139234	0.1499422197757	0.280542887392269
SACI_RS11590	1.68304384737946	-0.87	2.23076591769002	-0.388821590985504	0.697408127863101	NA
SACI_RS03870	14.9336456671394	0.57	0.593153122385227	0.967017651031541	0.333535209887944	0.500867581757222
SACI_RS03875	298.896126755541	0.56	0.157322727214567	3.56195513662031	0.00036810329655828	0.00175244268790936
SACI_RS03880	1103.13697138166	0.76	0.158950519262515	4.80891932458998	1.51748429366653e-06	1.24610350464046e-05
SACI_RS03885	590.394814703148	0.40	0.126321967060265	3.13999721279679	0.00168949442097998	0.00668049768499598
SACI_RS03890	2133.88565362331	0.79	0.146241163289	5.38718849311352	7.1568366629929e-08	7.42970602071236e-07
SACI_RS03895	1355.29951404407	-0.49	0.0866029883012928	-5.71368896760532	1.10552982760302e-08	1.31983253264607e-07
SACI_RS03900	354.17750222811	-0.31	0.146218445323693	-2.14009694304563	0.0323469330942624	0.0806099161762741
SACI_RS03905	406.206256869753	0.32	0.168601585034158	1.87419650254587	0.0609033460222969	0.136493852746
SACI_RS03910	1537.95523282415	-0.02	0.137002965435082	-0.13988768868121	0.888748728649647	0.940203668945268
SACI_RS03915	309.956994303501	-0.77	0.265759074066962	-2.88682280299458	0.00389153326988273	0.013757766822
SACI_RS03920	515.267813403754	-0.32	0.266693153410704	-1.21144496440818	0.225724915321229	0.382809877967561
ribH	526.863247512961	-0.09	0.290680143792395	-0.298609258326446	0.765238200468086	0.863745227001069
ribC	544.935545568716	-0.04	0.285569335224476	-0.129437628647857	0.897011374747928	0.941604094425962
SACI_RS03935	821.917697698444	-0.04	0.268140644782228	-0.161392338531184	0.871784400539255	0.931245256147367
SACI_RS03940	81.5230300798127	0.21	0.235683935296356	0.876230033712173	0.380904992268081	0.549664851696943
SACI_RS03945	2490.91132330672	-0.30	0.0826005302115226	-3.66829243430798	0.000244175808926171	0.00121852365097562
SACI_RS03950	240.546913812584	0.53	0.188017933192078	2.82142054397023	0.00478114798188535	0.0162905415321319
pcn	940.734113922794	0.10	0.139033460317959	0.688490781722672	0.491143773340652	0.655421441293802
SACI_RS03960	1800.69550262159	0.44	0.134082095763439	3.26838447413967	0.0010816332408796	0.00454930837356407
SACI_RS03965	1896.73828308386	0.53	0.120187479904307	4.41326251409373	1.01824403963815e-05	7.11853490774055e-05
SACI_RS03970	2982.90383850942	0.86	0.115919380759372	7.37855812760948	1.60012929173181e-13	3.65205979524673e-12
SACI_RS03975	220.603223286958	-0.49	0.231352983356763	-2.13522614411763	0.0327425423483802	0.0812412881289945
SACI_RS03980	1834.65003671732	0.16	0.133812284247497	1.22849614122973	0.219260777055021	0.377055652065809
SACI_RS03985	2924.50137447927	0.07	0.105226745051902	0.655709769913444	0.512010881506148	0.672569520184124
SACI_RS03990	265.454527552697	-0.08	0.148268319793422	-0.553510630791459	0.579913803147497	0.727117482556764
SACI_RS03995	676.737703431835	0.08	0.104410866382447	0.759945233422556	0.447287321993993	0.613512968391231
SACI_RS04000	44.3474529882	-0.14	0.332192673358433	-0.414260739310733	0.678683163296931	0.803139593353235
SACI_RS04005	164.142829492746	-0.65	0.182905570041089	-3.54299073933869	0.000395616594635896	0.00186625214247693
SACI_RS04010	2850.53235296095	0.24	0.103275961468898	2.34957385599955	0.0187949150209082	0.0511749265130694
SACI_RS04015	8157.48064640281	0.38	0.0999029243712408	3.79034981440714	0.000150435270435275	0.000795487358485677
SACI_RS04025	2369.29934316924	-0.64	0.0992962900950078	-6.49480428608324	8.31414239878822e-11	1.3441196878041e-09
SACI_RS04030	2130.85766241235	0.33	0.154760728223701	2.14465484917815	0.031980453394569	0.0799253843290999
SACI_RS04035	213.661975420106	0.11	0.1843410838786	0.590644436474225	0.554758684437597	0.70502999715994
SACI_RS04040	189.155560483049	0.06	0.203319841826037	0.285692333302695	0.775113777214692	0.872077336783995
SACI_RS04045	486.383881349921	0.34	0.171039589931265	2.00223302388001	0.0452596755009903	0.105708075812697
SACI_RS04050	781.224074991661	-0.02	0.156128027927123	-0.125631256288804	0.900023820030883	0.943490015999953
SACI_RS04055	2736.43704389008	-0.21	0.10174000860723	-2.05233200932704	0.0401374072216293	0.0959568721060543
SACI_RS04060	111.813878601419	0.58	0.272529497640287	2.13603482969989	0.0326765749835323	0.0811839252641786
SACI_RS04065	583.174137326956	0.85	0.138771565188518	6.12418529816656	9.11487728637406e-10	1.27444049986059e-08
SACI_RS04070	110.871909142458	0.36	0.214235192334769	1.67617514790369	0.0937038905769856	0.193260382957451
SACI_RS04075	298.546866745088	0.31	0.141297430960697	2.20662550058788	0.0273402338943742	0.0703682305208437
kae1	960.132039235713	0.44	0.130971649708808	3.36216843877622	0.000773329352952171	0.00340002027133646
SACI_RS11595	94.5687288521396	0.61	0.280855336632252	2.1839122230042	0.0289686986785222	0.0739464150478067
SACI_RS04085	298.143546159292	0.49	0.218188488119315	2.24308097649371	0.0248915931738206	0.0649819219609245
SACI_RS04090	4221.31400852114	-0.23	0.174676109517753	-1.32293813257497	0.1858559528748	0.330979275802282
SACI_RS11600	16.374862286107	-0.21	0.618624565807743	-0.338652435805692	0.734871576130483	0.844310848444096
SACI_RS04095	251.422241360815	-0.64	0.178365594849651	-3.56336883597011	0.000366125675559236	0.00174839091836288
SACI_RS04100	756.962475609338	-0.04	0.205322518033932	-0.188642658841737	0.850372896109186	0.917203261861039
endA	386.846484264724	0.33	0.139949271542771	2.35590175995867	0.0184778036785452	0.0505331300600919
SACI_RS04110	1190.78417120927	0.17	0.104151310426565	1.66689620869777	0.0955350449116182	0.196384622122956
SACI_RS04115	1005.08986132817	0.19	0.123362347716827	1.50163043278892	0.13319257928139	0.253482382642204
SACI_RS04120	1188.71521830974	0.15	0.114185378203418	1.28222781282062	0.199762742304294	0.349979275843663
glyS	2466.21762095028	0.35	0.119386532433929	2.91131214239954	0.00359914262436843	0.0129003911155192
speB	1937.85908064917	0.42	0.133579308628602	3.11226479118927	0.00185657892321269	0.00725796092903297
SACI_RS11605	353.409119752145	-0.07	0.211120429130334	-0.344634854594452	0.730368899143287	0.842148983261799
yciH	1815.05862024958	0.06	0.0976805059204118	0.643216129300436	0.520083868822658	0.67882524908786
SACI_RS04140	4306.03750172196	-0.06	0.12128218735894	-0.47154252226351	0.637253361358187	0.773273820819316
SACI_RS04145	408.691337940928	0.00	0.168570048731031	0.0206132457523045	0.98355417412919	0.992256690301972
SACI_RS04150	17.3925599521745	1.46	0.530292031842832	2.74552583744476	0.00604140100856352	0.019739482874296
SACI_RS04155	420.787861924394	-0.55	0.131238487621427	-4.18560305693831	2.84409991563539e-05	0.000179068684343453
SACI_RS04160	700.180958479501	-0.30	0.122382759180695	-2.42906100912382	0.0151379847725015	0.0429902147610656
SACI_RS04165	636.649604373349	-0.14	0.119870358814386	-1.16820723718187	0.242723181939145	0.40096474547052
cadA	9162.38821006358	1.51	0.222249979472685	6.77949148014062	1.20599609167823e-11	2.19378896288046e-10
SACI_RS11610	868.000942152355	2.90	0.308977872850863	9.40053089244542	5.42884507853206e-21	3.12058057847473e-19
SACI_RS04175	89.0459735173706	-0.81	0.251766403504894	-3.21356791356759	0.00131096790973308	0.00537548796804687
SACI_RS04180	161.03976735474	-0.66	0.229286417985156	-2.86054742071451	0.00422910300238535	0.0147179809408453
SACI_RS04185	1085.48780812282	-0.89	0.119133107192917	-7.43210439021332	1.06883392506237e-13	2.47586604730866e-12
SACI_RS04190	330.126488004953	-0.16	0.152263960614915	-1.07827202450409	0.280912377827376	0.44578324170561
SACI_RS04195	56.6561017266453	-0.38	0.250676188493893	-1.50195727272908	0.133108143873677	0.253477103425702
SACI_RS04200	278.786480371649	-0.17	0.157244568174757	-1.06292126708852	0.287817657641081	0.452576499147879
SACI_RS04205	1271.97114463809	-0.33	0.134218541040422	-2.43163754561875	0.015030740137663	0.0428114952444937
SACI_RS04210	6831.61621884016	-0.42	0.137972167352539	-3.07665601096804	0.00209336724561352	0.00805181156181459
SACI_RS04215	221.092706082665	0.21	0.243298140909003	0.870061628573041	0.384266725781556	0.553743693976763
SACI_RS04220	1046.77976768692	-0.30	0.0911321076779951	-3.28828617477401	0.00100799321409208	0.00427433188052162
SACI_RS04225	1417.29410298952	0.15	0.152497423373454	1.00218243508154	0.316255489578307	0.482149823011328
SACI_RS04230	3585.13427967394	0.64	0.139828748456362	4.55084348204135	5.34312848225416e-06	3.96772028921458e-05
SACI_RS04235	381.334407335878	-0.09	0.136285356136602	-0.631849302840686	0.527485353583831	0.68506884415239
SACI_RS04240	164.413145035193	0.88	0.196384002409697	4.46826955473667	7.88549005480568e-06	5.63976062905918e-05
SACI_RS04245	22.4532923230355	-0.01	0.483242293133222	-0.0132532444911019	0.989425750399406	0.994885655787436
SACI_RS04250	13.4058022378595	1.81	0.661584955764542	2.73746707677609	0.00619143170667042	0.020166006314276
SACI_RS04255	378.905628283236	0.45	0.159093552884931	2.81113693825188	0.00493667701834514	0.016655918983634
SACI_RS04260	230.760012742824	0.25	0.174895307870309	1.43500107865161	0.151286790224633	0.281821754306841
tmk	488.779588197258	-0.40	0.126966721601008	-3.17702898140547	0.00148792166321077	0.00600586325436443
SACI_RS04270	552.624395796394	-1.10	0.15001329115279	-7.31892653853669	2.49962378696973e-13	5.50271789698868e-12
SACI_RS04275	679.333509189407	-0.83	0.104566581592884	-7.9612230255649	1.70347021653391e-15	5.23521935853591e-14
SACI_RS04280	54.8499732998377	-0.48	0.274243580366722	-1.75041564700402	0.080046617989794	0.170297945332639
SACI_RS04285	195.258788500625	0.09	0.181327437959213	0.517730203297415	0.604646522035636	0.747102654939235
SACI_RS04290	408.29135272533	-0.13	0.161800435054075	-0.817086432036559	0.413879036107482	0.581566558658952
SACI_RS04295	715.439417333564	0.42	0.139125944794283	3.00033138898178	0.00269686019146385	0.0100613630219997
SACI_RS04300	3906.93996459531	-0.93	0.102339318882695	-9.1334963872071	6.63219634348288e-20	3.2166152265892e-18
SACI_RS04305	366.188914622797	-0.44	0.152479607617494	-2.89191328415502	0.00382903615639303	0.0135832322622217
SACI_RS04310	117.166298304875	-0.14	0.197285108390618	-0.695930195845971	0.486472545935737	0.65030610791754
SACI_RS04315	1295.30531008031	-0.11	0.150999001464742	-0.755809223592561	0.449763585841474	0.615549457871223
SACI_RS04320	104.500473492812	-0.21	0.209164474406226	-0.990453733355008	0.321952392724587	0.488197472895514
moaC	516.721156220911	-0.30	0.127811161049189	-2.36039122315822	0.0182556713100496	0.0500137720621307
SACI_RS04330	1690.33176878791	0.11	0.0945517340819803	1.11092751200409	0.266599552152297	0.430554115442627
SACI_RS04335	1776.07328552983	0.39	0.0939903510624971	4.1164185782729	3.84805182691954e-05	0.000233288142006997
SACI_RS04340	845.8306503778	0.38	0.162373275986668	2.3504332506157	0.0187515705719675	0.0511017340258009
SACI_RS04350	1751.50622987363	-0.03	0.111536187150682	-0.254101234089946	0.799417349989826	0.889387618053197
SACI_RS04355	1321.3810264609	-0.15	0.126058025066053	-1.22725492706418	0.219726790675204	0.377438825819498
SACI_RS04360	405.138023990992	-0.20	0.114804056233601	-1.74310418009833	0.0813154185875736	0.172642311419855
SACI_RS04365	389.727563107413	-0.46	0.139725285469103	-3.3077198736571	0.000940588430866844	0.00402320126615059
cobA	230.451409868414	-0.43	0.169181055074271	-2.53818851611627	0.011142794414155	0.0332250085125236
SACI_RS11615	100.626276491252	0.30	0.252882749123287	1.18661708330974	0.235378694364798	0.39292208194001
SACI_RS04375	2993.32355292496	-0.01	0.11873476148838	-0.0914113837306647	0.927165716712407	0.958668349325553
SACI_RS04380	2204.72356057298	0.11	0.121257606292332	0.942763091125318	0.345802094359535	0.513819866391573
SACI_RS04385	76.6209902741127	0.23	0.28777247946487	0.807285013976809	0.419502295932735	0.586547354313157
SACI_RS04390	984.083488966122	-0.04	0.129057003179572	-0.276538037452554	0.782134848553681	0.877320820315468
SACI_RS04395	2662.26754683809	-0.71	0.0961903375636724	-7.38897276274679	1.4796747196949e-13	3.40215579995034e-12
SACI_RS04400	368.569341380759	0.13	0.14584239591375	0.918087234289691	0.358573197573916	0.527743577652649
SACI_RS04405	8740.02115065288	0.50	0.191309946579436	2.61592223564743	0.00889868216819433	0.0275114635956924
mce	171.780301020527	-0.46	0.193456945123148	-2.3757916554499	0.017511347246975	0.0484617523066581
SACI_RS04415	997.674721252845	-0.60	0.127476882973102	-4.73929781690325	2.14460102879871e-06	1.6981738758651e-05
SACI_RS04420	361.541399196534	0.26	0.140324671881069	1.84749673978196	0.0646751801951046	0.143804985190261
SACI_RS04425	394.582683095987	0.28	0.122296832988386	2.26344039275265	0.0236085551447467	0.0622079415698588
SACI_RS12040	3.7060426202064	0.30	1.17549073096828	0.251995978113487	0.801044172512528	0.890878219806122
SACI_RS04430	483.024912553501	0.10	0.13372335977141	0.740593367196618	0.458940030887401	0.624802568366006
SACI_RS04435	7075.72932357955	-1.00	0.106039006434711	-9.40703256055813	5.10341325564579e-21	2.98886693311784e-19
SACI_RS04440	1082.51816503793	-0.53	0.106889155638996	-4.98599611019124	6.16433845388079e-07	5.45131241049743e-06
trxB	4376.62143590493	-0.08	0.114867548585692	-0.726315009170344	0.467645680237453	0.632493329610917
SACI_RS04450	640.292982600791	-0.28	0.123809490556958	-2.23278940491919	0.0255628353051843	0.0663991973115415
SACI_RS04455	68.7527315887587	-0.43	0.267727664277359	-1.61192438236031	0.106978395676911	0.213132824249764
SACI_RS04460	204.748038504191	-0.57	0.186717305198909	-3.03819940650877	0.00237996411461029	0.00900903489237845
SACI_RS04465	135.178757547525	-0.80	0.20886718062964	-3.81552264612535	0.000135894991504349	0.000727272506257757
SACI_RS04470	210.947894575699	0.50	0.170919079249909	2.91568660749358	0.00354906797690632	0.0127651297802053
SACI_RS04475	163.077723262995	-0.03	0.208440485291114	-0.147265010046014	0.88292284925916	0.938559083596039
SACI_RS04480	46.1944018139595	-0.01	0.326561157163031	-0.0232400024668768	0.98145882986095	0.991682359338668
SACI_RS04485	152.991496260335	0.25	0.208058991289575	1.21121391798146	0.225813429948004	0.382809877967561
SACI_RS04490	6383.25543089629	0.08	0.229537941749994	0.361125285518247	0.71800579178936	0.835028092062261
SACI_RS04495	237.635218930663	0.20	0.194484017477922	1.03832308716893	0.299119663703996	0.464233718068603
SACI_RS04500	1486.13246473634	0.19	0.186047062499235	1.04133237176023	0.297721317580776	0.462989463812991
SACI_RS04505	1953.08551160033	-0.59	0.141792910470701	-4.19243296915864	2.7597864033719e-05	0.000174467963260008
SACI_RS04510	681.602678293249	-0.06	0.149833223022029	-0.376036033130178	0.706890108055262	0.824155362805921
SACI_RS04515	357.031584931744	-0.50	0.141261165517047	-3.55356034844352	0.000380053987998298	0.0018010497385446
SACI_RS04520	307.058812887026	-0.06	0.136331911423376	-0.454043071647822	0.649797826217036	0.783294059003681
SACI_RS11620	368.424032284232	0.23	0.223467285142617	1.05081485139163	0.293343633452707	0.458233376720791
panB	224.488874821575	0.20	0.249855401375823	0.800472823748228	0.423436902890139	0.591137322785233
SACI_RS04530	800.38737477091	0.89	0.136860715869865	6.50144424026246	7.95525237717755e-11	1.29963701993469e-09
SACI_RS04535	198.346809915335	0.45	0.166029062194829	2.6874148837805	0.0072007451701515	0.0229242184698977
SACI_RS04540	186.229466184456	0.25	0.236270602549099	1.06733707578093	0.285819651672931	0.450576027827719
SACI_RS04545	520.524811070523	-0.30	0.123495291928738	-2.39098354319662	0.0168033060389356	0.0469887044548253
SACI_RS04555	201.657263106118	-0.15	0.155449706870837	-0.963800935057343	0.335145737801434	0.502314036762748
ppa	2471.97530119623	0.33	0.133765342139769	2.47229147550427	0.0134250008342751	0.0388361627116401
SACI_RS04565	458.927906371247	-0.10	0.123609402279027	-0.847560275130785	0.39668290559227	0.564559256743882
SACI_RS04570	638.926952277654	-0.13	0.126026749427339	-1.0618965890844	0.288282633732351	0.453019992764453
rnhB	214.072810043917	-0.20	0.154693994453093	-1.28722991518511	0.198014163238846	0.348143926621105
SACI_RS04580	801.661698351079	0.01	0.121276463200904	0.0689604821491379	0.945021075257329	0.97171585108547
SACI_RS04585	382.36488092051	-0.16	0.15865542372574	-1.02705424791429	0.304394920634379	0.469836814345655
SACI_RS04590	809.893015256691	-0.16	0.112500419976471	-1.40149662163883	0.16106561709625	0.29635309749067
SACI_RS04595	1368.48596590821	0.41	0.15112122234255	2.72362814332064	0.00645691613845228	0.0208991321102772
SACI_RS04600	1150.78451678335	-0.13	0.109549043943517	-1.21543999622589	0.224198321216637	0.381530476456382
SACI_RS04605	610.777670362229	-0.42	0.150207737039658	-2.82381269408417	0.0047456109292166	0.0162407677224789
SACI_RS04610	475.225038844634	-0.65	0.161629544885997	-4.00071667237721	6.31509335191433e-05	0.000364350367366953
SACI_RS04615	783.877688172905	-0.06	0.127401856214734	-0.493680288685086	0.621531988155287	0.760870640176746
SACI_RS04620	1317.94832431609	-0.41	0.0928501106108998	-4.39138252402039	1.12632185266414e-05	7.75189142055316e-05
SACI_RS04625	311.307727950457	-0.13	0.160191202505171	-0.800841632200222	0.423223333870817	0.591137322785233
SACI_RS04630	1224.26304655187	-0.27	0.23193789611338	-1.16635348025373	0.243471558752389	0.401987084237987
SACI_RS04635	524.154206227538	-0.47	0.180803102358817	-2.61511439734893	0.00891975748818272	0.027549181336636
SACI_RS04640	1019.98914761362	-0.25	0.114616190238668	-2.15719590169869	0.0309904036680954	0.0780163933380115
SACI_RS04645	715.425679165442	-0.15	0.11958928360897	-1.2196257801123	0.222606768919299	0.380085005546896
SACI_RS04650	1742.14909132288	-0.47	0.135627555910221	-3.47300539914952	0.000514665001712558	0.00236319551082216
SACI_RS04655	7109.63258432395	-1.14	0.133055630746205	-8.56593004979973	1.07206956398411e-17	3.9615522935794e-16
SACI_RS04660	19104.6007345396	-0.95	0.121515133213355	-7.80026798093796	6.17758490491153e-15	1.77548366155976e-13
SACI_RS04665	10055.3086566516	-0.43	0.112560547874163	-3.78703911043593	0.000152453111191792	0.000802058401931057
SACI_RS04670	5568.81611395183	-0.69	0.117898272077728	-5.85662220150722	4.72376039292442e-09	5.88857520467365e-08
SACI_RS04675	2251.97177958732	-0.06	0.146458192831966	-0.409197752272647	0.682394543787457	0.8059941643517
SACI_RS11825	9503.52053602866	0.01	0.141289810703269	0.0663055593688668	0.94713455723107	0.973156459995114
SACI_RS11830	10550.8977231522	-0.08	0.134698756837772	-0.628525386541668	0.529659821549207	0.686072592447541
SACI_RS04690	19461.3595243819	-0.20	0.153147381927483	-1.31701746137036	0.187832771625424	0.334105369319382
SACI_RS04695	268.58699754644	0.40	0.158892365610099	2.5064485646499	0.0121950799301069	0.0356436234492013
SACI_RS04700	73.0559180764465	0.80	0.262146147782053	3.03821332079619	0.00237985421897376	0.00900903489237845
SACI_RS04705	727.136774420121	0.08	0.130099257027704	0.590366761960987	0.554944789213416	0.70502999715994
SACI_RS04710	12247.5891527604	-0.11	0.101643665922233	-1.11907174903051	0.263109531005933	0.42602607420053
SACI_RS04715	317.787424011064	0.98	0.216287488304395	4.51987216711976	6.18769824551532e-06	4.5085951535398e-05
SACI_RS04720	95.8389440937155	0.65	0.238379932366871	2.7262382622967	0.00640607371693543	0.0207562137968346
SACI_RS04725	1136.81346818924	-0.49	0.108881433185847	-4.50019508379274	6.78911264839303e-06	4.91221577170442e-05
SACI_RS04730	749.676104928033	0.02	0.159558547340198	0.124315379912425	0.901065570353269	0.943944492195932
SACI_RS04735	2038.34222721275	-0.29	0.0909629089686563	-3.13470260454485	0.00172028414572915	0.0067849580538034
SACI_RS04740	464.214559705316	-0.55	0.144622799528746	-3.81125014713939	0.000138265762507094	0.000738686621036177
SACI_RS04745	2120.0960436655	0.09	0.105541796869694	0.889050894582693	0.373975728013159	0.544156715977583
SACI_RS04750	1517.74557468097	-0.32	0.113113047810494	-2.81521367079909	0.00487448125472227	0.0165178928107619
SACI_RS04755	412.840102618124	-0.07	0.177275219671023	-0.416611713423494	0.6769624402372	0.802367431326887
SACI_RS04760	753.585842079258	0.40	0.195017678735497	2.0543499482162	0.0399418336717141	0.0956631571890436
SACI_RS04765	703.669957088629	0.49	0.121340671290142	4.07851146279476	4.53249679932655e-05	0.000271076494510782
prf1	5070.28181904657	-0.00	0.0857368979599766	-0.0540188929537342	0.956920111817262	0.978353195986156
SACI_RS04775	23.2173623334846	2.02	0.59662397288602	3.38936487146501	0.000700547268235628	0.00312877513755883
SACI_RS11975	14.1218096010997	-0.47	0.547394421183136	-0.865675436959144	0.386668173787167	0.556423963667757
SACI_RS04785	417.168184400014	0.31	0.154016628686922	2.0380610221643	0.0415438305970548	0.0983615943350559
SACI_RS04790	717.35778769189	4.90	0.277325819973223	17.6838135119316	5.58850973903214e-70	3.46934684599115e-67
SACI_RS04795	92.3055542857122	0.88	0.391936189648706	2.23691594619064	0.0252918341424558	0.0658606150823682
SACI_RS04800	488.248894884307	-0.01	0.141895794583492	-0.0388857559970596	0.968981473047935	0.984845609803795
SACI_RS04805	1735.50034975455	-0.17	0.0986782412472532	-1.74394105026556	0.0811693696004459	0.17245018702244
SACI_RS04810	891.207154856621	-0.35	0.12284411484028	-2.87937312638709	0.00398466589196065	0.0140390498622541
SACI_RS04815	2621.42252831696	0.75	0.132112012174672	5.68041710928131	1.34366658525685e-08	1.57982616690805e-07
SACI_RS04820	77.8738072137992	0.12	0.284880939641995	0.407479614922214	0.68365576324054	0.806563089737224
SACI_RS04825	286.123122370326	0.59	0.181367842884207	3.24663271828255	0.00116778985634766	0.00485900765965569
SACI_RS04830	518.759900230467	-0.18	0.402477993245929	-0.442625493650491	0.658036641773013	0.788627697321789
SACI_RS04835	489.583337025542	-0.50	0.12276533906859	-4.03971897927391	5.35152832172873e-05	0.00031618094353814
SACI_RS04840	514.930391348491	-0.02	0.138279953786993	-0.130070442051017	0.896510695249311	0.941396887027694
SACI_RS04845	1320.23357826703	-0.62	0.114874448362645	-5.37788864841317	7.53644011360171e-08	7.79770337087323e-07
SACI_RS04850	285.524221986356	0.01	0.143060027635921	0.070003853038744	0.944190592882013	0.97171585108547
SACI_RS04855	1153.04973610119	0.36	0.127127941268597	2.82949528824675	0.00466214864985462	0.016025813299168
SACI_RS04860	1168.3655177297	0.52	0.125469499829733	4.16005714195492	3.18167982067995e-05	0.000197518683267811
SACI_RS04865	44.719064811246	-0.51	0.31967920230409	-1.60147634629843	0.109271454906686	0.216866109993831
SACI_RS04870	1607.6934296633	-0.42	0.123616251345529	-3.36080283930329	0.000777162803724314	0.00341204150319699
SACI_RS04875	3122.29454044622	-0.37	0.164375040498616	-2.25466770001584	0.0241541945299201	0.0633766862391141
SACI_RS04880	511.200875714333	-0.70	0.185073878669302	-3.7970225138639	0.000146444493592479	0.000777031979677018
SACI_RS04885	407.418133838773	0.35	0.148495029307123	2.34002952599217	0.0192822154233705	0.052181339733341
SACI_RS04890	864.117877077481	0.15	0.1067978218807	1.4509743679143	0.1467869977743	0.275803172573504
SACI_RS04895	534.923362281099	0.43	0.144442880099879	2.97350981264305	0.00294414992782276	0.0108330671959707
SACI_RS04900	327.330842583412	-0.46	0.145114983884067	-3.18226954886394	0.00146125752798053	0.00591361586290948
SACI_RS04905	1156.45124697043	0.40	0.129495257004758	3.07511273463656	0.00210423000178123	0.00808338276771165
SACI_RS04910	750.136328043206	1.86	0.163276646258772	11.3995292146733	4.20386198927983e-30	4.83288430174985e-28
SACI_RS04915	161.920447502099	0.41	0.155361094754957	2.65835774473289	0.0078522492394879	0.0247194539953047
SACI_RS04920	214.643175512852	0.06	0.154725044949194	0.359813095119559	0.718986909699608	0.835230302285772
SACI_RS04925	176.170485307631	-0.11	0.182950223672164	-0.598712774310887	0.549364437168477	0.701467993163296
SACI_RS04930	480.527647139787	0.41	0.147269024096748	2.79682748327173	0.00516070811335157	0.0173740108284634
SACI_RS04935	1541.4537087618	-0.12	0.137507376566236	-0.862978320200009	0.388149386910007	0.557011417923561
SACI_RS04940	2568.92842392494	0.02	0.204439954768941	0.103898865643182	0.917249607322304	0.953473585546726
SACI_RS04945	3453.99813652505	0.02	0.176823923343849	0.132339867079718	0.894715475301111	0.940656849355684
SACI_RS04950	2271.1692252244	-0.13	0.151459613582252	-0.833011020950359	0.404838513708438	0.571710075773882
SACI_RS04955	3601.32063305034	0.07	0.130974841685388	0.497248412065066	0.619013885811759	0.759308132087561
SACI_RS04960	105931.735475912	1.31	0.148738690833734	8.82582848373901	1.08652437081211e-18	4.68412728750111e-17
SACI_RS04965	191.451514492909	0.30	0.17102460754604	1.73921520380325	0.0819969161197456	0.173851384997056
SACI_RS04970	378.739760391076	-0.51	0.14018353653424	-3.65313187003841	0.000259061100041231	0.00128180390305178
SACI_RS04975	2499.23269856917	-0.26	0.102647619212778	-2.5316337015275	0.0113532524558167	0.0337229623185215
SACI_RS04980	213.206832692294	0.11	0.15974985334012	0.673918401117024	0.50036319266166	0.663504035072554
SACI_RS04985	640.697248341222	0.27	0.122265378451182	2.1970756031947	0.0280150471762027	0.0718666995330025
SACI_RS04990	538.899986744172	-0.59	0.279039240358005	-2.11337668588433	0.0345685398107041	0.0852269639177327
SACI_RS12045	277.278968849512	0.50	0.286922676589928	1.73815979782182	0.0821826606835381	0.17412626536635
SACI_RS04995	506.475808859525	-0.40	0.160812517270406	-2.50273778990162	0.0123236808727347	0.0359517908166997
SACI_RS05000	2189.37375653448	-0.97	0.16766416596338	-5.81288324781287	6.14058903054335e-09	7.53375033628718e-08
SACI_RS05005	42.3525603443677	-0.27	0.281794288616501	-0.953790732876784	0.340189581226141	0.50693637067976
SACI_RS05010	420.263293865188	-0.25	0.159962222207458	-1.56915072659445	0.116612822292773	0.22822585144815
SACI_RS05015	893.768722948464	-0.28	0.115447523161989	-2.40563854313106	0.0161442292252994	0.045308939887278
SACI_RS05020	406.814411068902	-0.42	0.183310390191941	-2.30542905937517	0.0211425555727105	0.0563317532169043
SACI_RS05025	99.9296429261607	-1.25	0.244322603225378	-5.1142317051249	3.15020483153131e-07	2.96310175668885e-06
SACI_RS05030	547.401274811746	-0.40	0.12142796424714	-3.32814233425251	0.000874271863648843	0.00378485336787449
SACI_RS05035	676.153749412331	-1.48	0.277759589096067	-5.32921845136124	9.86362990721855e-08	9.9728688052138e-07
SACI_RS05040	185.394352255111	0.07	0.197992260314646	0.344885561138639	0.73018040593931	0.842148983261799
SACI_RS11835	435.810202894341	0.03	0.161781472159062	0.212066653882535	0.832055034366108	0.90716502517471
SACI_RS05045	572.400779127606	-0.44	0.191988450578623	-2.28489835653408	0.022318788433966	0.0591609900077118
SACI_RS05050	191.501506608031	-1.92	0.208406907726684	-9.2272341771779	2.77709988939807e-20	1.41313410765436e-18
SACI_RS05055	221.060729970067	-2.13	0.187004991683548	-11.3793553995132	5.29899451810028e-30	5.87431392292259e-28
SACI_RS05060	946.812266577154	-0.24	0.138161077912128	-1.70596563410417	0.0880144782267377	0.183847200818165
SACI_RS05065	553.956832697023	0.09	0.307965683536152	0.308082372655162	0.758019653901262	0.859347335905594
SACI_RS05070	238.509456154071	-0.66	0.165553680571983	-3.96319339132468	7.39538256649213e-05	0.000417368499752574
crn1	455.169535940053	0.28	0.162173675633428	1.73488786182636	0.0827606695317465	0.175111873365059
SACI_RS05080	491.242311625391	-0.38	0.131730994443915	-2.86122321477649	0.00422009813932881	0.0147179809408453
SACI_RS05085	519.041326776847	-0.67	0.160992561679	-4.14306048445663	3.42701514461541e-05	0.000210226383574827
SACI_RS05090	382.292075673545	-1.08	0.202589475292711	-5.31603991056191	1.06049898546529e-07	1.06530383523762e-06
SACI_RS05095	142.714802787083	-0.69	0.241616881721242	-2.84603227902948	0.0044267707326402	0.0153195110736987
SACI_RS05100	44.4074034965712	-1.16	0.317584938024186	-3.64774605359377	0.000264550919833077	0.001305510421561
SACI_RS05105	2002.53817679289	-0.55	0.0986954337459669	-5.54716769044846	2.90334259917196e-08	3.24171777979488e-07
SACI_RS05110	261.221534748065	0.38	0.152423231088084	2.48819544274115	0.0128393153088955	0.0372112368989837
SACI_RS05115	1065.84057676001	-0.21	0.101805555391408	-2.08065304364369	0.0374656749680467	0.0911390713956246
SACI_RS05120	476.992258357537	-0.17	0.12297757275645	-1.37946665987162	0.167750918866493	0.304983601832728
SACI_RS05125	219.062356715077	0.99	0.218919625505258	4.52443008717591	6.05584664860774e-06	4.45434786665366e-05
SACI_RS05130	818.382094759495	0.25	0.218957343265854	1.12991096740918	0.258513742128258	0.420994461115338
SACI_RS05135	1257.75906642225	0.24	0.169197500897913	1.43059346352489	0.152546761905506	0.283425198022424
SACI_RS05140	833.620995490337	0.01	0.169235340848479	0.0456004593149618	0.963628703074279	0.982879587203941
SACI_RS05145	377.993092681843	-0.13	0.152942077265576	-0.836890558253331	0.402654088040896	0.570042437436879
SACI_RS05150	3127.88257884318	0.66	0.0911513345233537	7.21811129941693	5.27145654625897e-13	1.12072610408136e-11
SACI_RS12050	3999.08941214143	4.74	0.184999624405751	25.6164743066726	9.99830274297871e-145	1.0344910571402e-141
SACI_RS05155	5575.69880624129	0.01	0.114860704364058	0.113271318957818	0.909815455028556	0.948628542965615
SACI_RS05160	353.103644632162	-0.18	0.140397622405265	-1.25378015062624	0.209921925833194	0.363411967532758
SACI_RS12215	24.7439701390856	0.46	0.4142950421062	1.09971975291037	0.271454245591011	0.436351102182546
SACI_RS12220	17.6966365217469	-1.44	0.452536051142271	-3.18516739119521	0.00144670300342684	0.00587002107534235
SACI_RS05170	759.580129302514	-1.58	0.140044394963979	-11.3023425434392	1.27763693239342e-29	1.36751208212041e-27
SACI_RS05175	204.179020947218	0.49	0.191656351217675	2.56752219828865	0.0102428230981491	0.0310789080123703
SACI_RS05180	506.682129090572	0.12	0.146024864296274	0.845324712185534	0.39792956713694	0.565870711716035
SACI_RS05185	671.068432297171	-0.02	0.11083871322992	-0.172698329519481	0.862888556913659	0.92710490850121
SACI_RS05190	12.1141900605887	0.15	0.552956603166806	0.274877232295274	0.783410559605017	0.877872338272192
SACI_RS11920	15.8348917463924	1.14	0.598015638321317	1.91093617660715	0.0560127833127803	0.127840940737405
SACI_RS12135	8.25486934363426	-0.27	0.731139082199461	-0.375802536371033	0.707063702046446	0.824155362805921
SACI_RS05195	514.665261195667	0.98	0.207755256654829	4.70234965752717	2.57184579843761e-06	2.01884329108094e-05
SACI_RS05200	35.5082451523457	0.04	0.333067200345826	0.132524125976365	0.894569741548484	0.940656849355684
SACI_RS05205	206.698680130237	0.73	0.173479883384767	4.23675464853954	2.2677370183189e-05	0.000146342114446193
SACI_RS05210	176.225354341923	-0.04	0.172974173707953	-0.238379409415317	0.811586836080573	0.896273923967577
SACI_RS05215	105.842923809672	0.03	0.212204147193158	0.120306689202298	0.904240205384738	0.945921797046847
SACI_RS05220	426.029072793343	0.46	0.162578289460757	2.84601130496361	0.00442706231736717	0.0153195110736987
uvsE	94.148932503739	1.52	0.243606115387518	6.22945568772529	4.6805851887916e-10	6.78903571308838e-09
SACI_RS05235	182.885408074523	-0.98	0.199029277566228	-4.94220768797176	7.72428661055378e-07	6.73488360650532e-06
SACI_RS05240	1941.94977112045	0.09	0.159820284616459	0.55173653659797	0.581128873675419	0.727641800681122
folK	113.988301465128	-1.19	0.212684603426504	-5.58472044808531	2.34076429062111e-08	2.6517271379883e-07
SACI_RS05250	109.465414883574	-1.51	0.318929628166807	-4.74521103762295	2.08289061915965e-06	1.65776730304399e-05
SACI_RS05255	2893.14761223006	0.36	0.0932246499392514	3.83959083344625	0.000123239528175116	0.000661826116705121
SACI_RS05260	1272.49669316304	0.29	0.171928187445857	1.66982704130069	0.0949535885897694	0.195448235399631
SACI_RS05265	387.212059829801	0.21	0.177311161461758	1.19499924317552	0.232087325810843	0.38961549990095
SACI_RS05270	939.096634509571	-0.25	0.191220049832486	-1.29307463847949	0.195985245742693	0.34602033421273
SACI_RS05275	742.675672931331	0.22	0.179694866986994	1.20456997246955	0.228369354470458	0.385467302443246
SACI_RS05280	3356.330306679	-0.31	0.12943665118865	-2.43066615620698	0.0150710939797503	0.0428787128443124
SACI_RS05285	5171.53312811805	0.61	0.120992367675613	5.07955337180511	3.78323231181659e-07	3.50541883459066e-06
SACI_RS05290	776.226061058344	0.36	0.0997294391784383	3.64367556653653	0.000268772170365523	0.001324236217166
SACI_RS05295	1069.48771972695	-0.20	0.158967418102341	-1.28727044371021	0.198000041601498	0.348143926621105
SACI_RS05300	2115.90068944001	-0.26	0.156700363844982	-1.63487819578203	0.102074584171129	0.205739941082587
SACI_RS05305	1264.98942403654	-0.38	0.174728254535362	-2.18192823499621	0.0291148296296511	0.0742583657932925
SACI_RS05310	5002.43533423415	0.24	0.169000375915979	1.4256926469712	0.153957079931689	0.285303149915202
SACI_RS05315	968.163072413531	0.67	0.125129971653804	5.34088123481622	9.24958412592765e-08	9.44431221278928e-07
SACI_RS05320	738.220170212717	0.48	0.141695846889819	3.39488210524424	0.000686581587003775	0.00307969544228283
glpK	3188.018791764	0.51	0.161643226386851	3.15659434241409	0.00159623241287742	0.00636034070548334
SACI_RS05330	724.463437987164	1.22	0.137812164552594	8.83675149920013	9.85419969589335e-19	4.30808955719056e-17
SACI_RS05335	150.862005079599	0.66	0.182374921596932	3.60152493452379	0.000316356073473582	0.00153432695634687
SACI_RS05340	313.615109431838	0.84	0.185267257111385	4.52108326225502	6.15239813730745e-06	4.50401976844395e-05
SACI_RS05345	1298.62767193413	0.86	0.132768119177851	6.46331112605652	1.02436371668911e-10	1.63057691107845e-09
SACI_RS05350	2118.12529172541	0.99	0.126657602888027	7.79226734288176	6.58172882309651e-15	1.84108194297266e-13
SACI_RS05355	2667.23543420642	0.57	0.118840706806908	4.83577534469995	1.32627645480845e-06	1.10665648272189e-05
SACI_RS05360	18.7193204487888	0.95	0.451582780997814	2.11363537581764	0.0345464219609954	0.0852269639177327
SACI_RS05365	3352.01692089254	0.60	0.143343995899029	4.21522247822929	2.49532074683953e-05	0.000159044673474125
SACI_RS05370	500.270600523166	-1.83	0.208368254189234	-8.79199394876874	1.46928685777723e-18	6.16306271154123e-17
SACI_RS05375	12555.3712434516	-1.15	0.12336864674445	-9.33173470130913	1.04152103746485e-20	5.3881355004848e-19
SACI_RS05380	1565.32173341257	-0.71	0.1625363377977	-4.38684567202908	1.15006328854685e-05	7.89777975143678e-05
SACI_RS05385	446.024887770285	-1.24	0.193156199228731	-6.42917182116149	1.28301037240034e-10	2.03186948771972e-09
SACI_RS05390	552.03496024199	0.01	0.213370673212012	0.0631732317815021	0.949628560135722	0.97442877707811
SACI_RS05395	317.765093812225	-0.41	0.185623457044302	-2.19523410624103	0.0281468089036329	0.0721450824416816
SACI_RS05400	319.992659651096	-0.01	0.143360082652795	-0.063515900885051	0.94935569773423	0.97442877707811
SACI_RS05405	63.0818056163584	0.82	0.353584715289564	2.33204287814771	0.0196984355751614	0.0530303070470955
SACI_RS05410	3548.9531985849	-1.07	0.109181846480698	-9.77061231856216	1.50539461948871e-22	9.94201042317653e-21
SACI_RS05415	210.74038332567	-1.69	0.226537263541789	-7.44430486705567	9.74562062559233e-14	2.27446664825854e-12
SACI_RS05420	594.244447847731	0.79	0.151055226342324	5.23084424352415	1.6873763921908e-07	1.6574735194178e-06
SACI_RS05425	152.471917161698	0.56	0.251472164625066	2.21473943435433	0.0267779544798789	0.06926564225462
SACI_RS05430	286.670324519258	-0.41	0.154331263633401	-2.64429773167478	0.00818606159225997	0.0256402978631432
SACI_RS11980	4549.82607010091	-0.54	0.112951313477895	-4.78734094101213	1.69005586877477e-06	1.37007921889189e-05
SACI_RS05440	424.138073733202	-0.51	0.184619764627808	-2.74585271274059	0.00603538524900645	0.019739482874296
SACI_RS05445	1173.88253121717	-0.05	0.139263463634917	-0.360125347403277	0.718753398232303	0.835230302285772
SACI_RS05450	4.8287768293957	0.17	1.23354280097515	0.138742880496539	0.889653332032996	0.940203668945268
SACI_RS05455	3.05918140353691	0.57	1.17758342485167	0.481512118639165	0.630152568825749	0.76765838839683
SACI_RS11845	0.364883810113674	2.69	4.67580464995453	0.576115671064143	0.564536999718253	NA
SACI_RS05460	10.9083441445399	0.86	0.735462405087092	1.1694947841758	0.242204341466165	0.400320700698071
SACI_RS05465	11436.6181777969	-0.72	0.11082844135706	-6.50716210219085	7.65837594063119e-11	1.2577565565989e-09
SACI_RS05470	4687.70328164887	-0.61	0.128109599192688	-4.75509483028163	1.9835328824237e-06	1.58682630593896e-05
SACI_RS05475	1951.40236745745	-0.98	0.119902432405159	-8.16702390320168	3.16090286777743e-16	1.04377047889161e-14
SACI_RS12225	238.41426734238	-0.70	0.157831557879363	-4.41040680772162	1.03176602731166e-05	7.18072140981029e-05
SACI_RS05480	152.053748223374	0.32	0.174322854827534	1.81325926834064	0.0697918423845921	0.152666581227466
SACI_RS05485	150.898845254545	0.16	0.235944939363566	0.68399169488804	0.493980410163431	0.657228972630643
SACI_RS05490	178.884018582148	0.60	0.206743502773457	2.89393956897566	0.00380441373390771	0.0135113274943358
SACI_RS05495	176.018024355708	0.49	0.177409479826358	2.7853244808491	0.00534741816252485	0.0178861917849969
SACI_RS05500	1077.71286987437	-0.53	0.134754313389558	-3.94382562481633	8.01919779165876e-05	0.000447690466642244
SACI_RS05505	7270.54565839738	-0.97	0.158862190915214	-6.12831812977581	8.88128707757112e-10	1.24739887279551e-08
SACI_RS05510	4494.36668432479	-0.62	0.158701096492977	-3.88852574715009	0.000100854972751901	0.000551151118700532
SACI_RS12055	23.7436223920221	1.06	0.473115513748415	2.24583091363932	0.0247148403980525	0.0645748018481101
SACI_RS05515	357.523085359856	-0.24	0.127881308621901	-1.85121653656036	0.0641384076862245	0.142720009647982
SACI_RS05520	150.748499244028	0.21	0.190534519251105	1.09726775752407	0.272524361073781	0.437664834353438
SACI_RS05525	9073.99673729227	-0.76	0.119698610138394	-6.32803927838136	2.48295946223699e-10	3.74131367513768e-09
SACI_RS05530	2927.55065870229	-0.61	0.0992353502894237	-6.16558702413098	7.02221368664605e-10	9.99860150612355e-09
SACI_RS05535	66803.0121692856	-1.13	0.150436175838223	-7.51983642346279	5.48448170538703e-14	1.32998681355636e-12
SACI_RS05540	5229.19393722832	-1.45	0.169452079694087	-8.57490866188904	9.91654628191441e-18	3.70854935651353e-16
SACI_RS05545	7468.82230236469	-1.47	0.157739031773495	-9.33606856973892	9.99776083564581e-21	5.25983892099061e-19
SACI_RS05550	74203.2936122417	-0.90	0.168957005436581	-5.30722927081695	1.11304143251868e-07	1.11089408570353e-06
SACI_RS05555	6782.97019481908	-1.48	0.169692254090845	-8.73138491176451	2.515729320178e-18	1.04117650797767e-16
SACI_RS05560	720.338609840344	-1.45	0.237609150370233	-6.08154029741134	1.19033439997728e-09	1.62766430728171e-08
SACI_RS05565	266.738470337751	0.52	0.150554302806664	3.47746930733565	0.000506170998161172	0.00233109017550783
SACI_RS05570	305.497116376688	5.35	0.317622874794926	16.8410042688233	1.22145793244489e-63	6.31900903718155e-61
msrA	889.967429006896	-0.13	0.149460162373095	-0.867308829729461	0.385772820033354	0.5553983457252
SACI_RS05580	551.641452463964	1.15	0.230614842933257	4.99387747640641	5.91789493893351e-07	5.26336558465605e-06
SACI_RS05585	246.976807335803	-1.20	0.321571331235154	-3.74322542041181	0.000181673109171821	0.000932088150197245
SACI_RS05590	653.701891028846	-1.41	0.388620277105471	-3.62181594672896	0.000292542234355511	0.0014277532947162
SACI_RS05595	228.848568053615	-2.20	0.458520997942344	-4.80505946755874	1.54705515748221e-06	1.2670340920382e-05
SACI_RS05600	229.822644684771	-1.83	0.460158184442222	-3.97116965628814	7.15206223482203e-05	0.000408839800679329
SACI_RS05605	276.242521498504	-2.18	0.527311635042733	-4.12695972575963	3.67590740137058e-05	0.000223287995574448
SACI_RS05610	637.839054046104	-1.88	0.469127491182887	-4.00446194153759	6.21587968287368e-05	0.000361312556847189
SACI_RS05615	9664.38785342059	-1.71	0.443689419391349	-3.85150285589955	0.000117395160784481	0.000633729702739183
SACI_RS05620	14.2712721884842	0.07	0.655542024586308	0.102649117349154	0.918241458694409	0.953570253525409
SACI_RS05625	1668.21521515918	-0.97	0.199871405021462	-4.83082642990513	1.35967497554675e-06	1.12544829975923e-05
arnS	653.934127527273	0.72	0.166875115193445	4.30385379642925	1.67852454777164e-05	0.000109918569541839
SACI_RS05635	1744.19119388293	0.94	0.149592247652153	6.2598058447232	3.85457066685385e-10	5.6171771595842e-09
SACI_RS05640	9107.22018208757	0.29	0.163666664762117	1.78213909104579	0.0747265524603104	0.161189172228494
SACI_RS05650	139.05290563522	-0.14	0.208273211410317	-0.661951985274775	0.50800199384697	0.669305842317254
SACI_RS05655	319.20861766723	0.40	0.201444512320237	1.9689051513795	0.0489639838998394	0.113252016412147
SACI_RS05660	428.136483888178	-0.01	0.148446623782512	-0.0982921950730321	0.921700275601173	0.95588294536119
SACI_RS05665	1302.89542893896	0.10	0.130794470617678	0.741245656768326	0.458544504948771	0.624538018148743
SACI_RS05670	1607.96294693699	-0.53	0.148590507060739	-3.59723076734709	0.00032162312269917	0.00155743864720472
purE	267.398243882936	0.57	0.183162322041627	3.10919163435763	0.00187599997557522	0.00732352295037618
SACI_RS05680	1105.52623504984	0.75	0.108732376505204	6.89161345274803	5.51631008044535e-12	1.0701641556064e-10
SACI_RS05685	513.13019855944	0.09	0.13321183786984	0.659614688964408	0.509501125508612	0.670416275801486
SACI_RS05690	3700.5886272642	-0.70	0.139750640827239	-5.02896050361212	4.93145947116552e-07	4.47580415160754e-06
SACI_RS12060	1962.05592930257	-0.19	0.20129345144797	-0.949472405714526	0.342380400011334	0.509467287456942
SACI_RS05695	581.315985890464	0.02	0.175031464160358	0.119499116945842	0.904879939599243	0.945921797046847
SACI_RS05700	1140.06534781374	-0.69	0.100850097783925	-6.86079015715777	6.84806957511479e-12	1.29612243665587e-10
SACI_RS05705	846.467147056269	0.29	0.111633121841781	2.60865278656167	0.00908994226006689	0.0280190474431456
SACI_RS05710	1358.7455639223	0.19	0.119578810975846	1.5510017930221	0.120901254270331	0.234964819967496
SACI_RS05715	2940.30267078853	0.08	0.135097180194268	0.578545236140931	0.562896065840138	0.711702398520484
SACI_RS05720	772.449592615661	-0.30	0.141881673111407	-2.10391458739562	0.0353858982774715	0.0869658180944351
SACI_RS05725	1277.08181069339	-0.33	0.105349302743985	-3.15251241249188	0.00161871939415541	0.00643342509533726
SACI_RS05730	908.441527357395	-0.05	0.111153743415041	-0.421881103544546	0.673111803397388	0.798982423612043
SACI_RS05735	6701.35937237994	0.35	0.116244186222498	3.03706430547166	0.00238894485554379	0.00903201562924231
SACI_RS05740	426.237505599963	0.97	0.141791922318856	6.80913354878507	9.81883000104269e-12	1.80341114338677e-10
SACI_RS05745	336.309248057663	-0.21	0.172047331730135	-1.22022317855936	0.222380282475295	0.380085005546896
SACI_RS05750	405.161092192077	-0.00	0.180506205830538	-0.0142865290551739	0.988601386792893	0.994885655787436
SACI_RS05755	1005.51808209054	0.43	0.116479680703991	3.70798696659683	0.000208913405964858	0.00105613552461713
SACI_RS05760	3577.03151898844	-0.67	0.100219944502615	-6.711136229486	1.93114707920046e-11	3.42530316219327e-10
SACI_RS05765	6750.1600700405	-0.33	0.12204758131983	-2.67220615145192	0.00753543393921883	0.0238673336197299
SACI_RS05770	10344.1847642574	-0.39	0.103573426643671	-3.77937833817865	0.000157220387557621	0.000822954608733313
SACI_RS05775	316.556259653247	0.68	0.196821825962842	3.45088254465354	0.000558756681848683	0.00254755565358983
SACI_RS05780	972.60462557647	-0.63	0.116039784746791	-5.41537548825053	6.11602202207757e-08	6.41355822855702e-07
acnA	15955.2934551867	0.37	0.084969977424388	4.30398333863274	1.67754285015953e-05	0.000109918569541839
SACI_RS05790	656.204200093931	0.27	0.133617271528032	2.04198895367347	0.041152627076703	0.0978833367402959
SACI_RS05795	1270.99519969025	1.18	0.141085941751306	8.3974700291377	4.56200932927727e-17	1.57338632867518e-15
SACI_RS05800	1593.60022944418	0.19	0.151561466973406	1.26517628685106	0.20580814096001	0.359094136897061
SACI_RS05805	608.910471548281	0.07	0.202260546595743	0.327489980288917	0.743297320105223	0.850108652028966
SACI_RS05810	1626.37949127038	-0.51	0.178787558919693	-2.84200144803568	0.00448312879584277	0.015496249200775
SACI_RS05815	179.806781591317	0.73	0.192775652981919	3.76881830749794	0.000164022223519112	0.000851379568232985
SACI_RS05820	74.5329248284911	-0.04	0.26598936336052	-0.144546362571017	0.885069048786115	0.938660741043983
SACI_RS05825	66.0393327775121	0.10	0.281521500587113	0.350399259671987	0.726039081915841	0.839339035481106
SACI_RS05830	27741.8282509479	1.65	0.147591821832627	11.1557149357261	6.71508553655355e-29	6.51363297045695e-27
SACI_RS05835	407.740376595933	0.06	0.154130285323465	0.357311596210885	0.720858549711008	0.837091260120826
SACI_RS05840	349.593921708228	0.66	0.19838966644508	3.32599436480287	0.000881037098081037	0.00380353150548476
SACI_RS05845	1034.49877861228	0.03	0.126592798633029	0.267313288043977	0.789227956536897	0.882365589739674
SACI_RS05850	316.803353164694	1.13	0.130081727996532	8.65594509920524	4.88843913451465e-18	1.89671438419168e-16
SACI_RS05855	4349.24473003755	-0.04	0.169903034709118	-0.243514661419302	0.807606728722383	0.895609605557084
SACI_RS05860	1217.43699763286	-0.12	0.226075676499161	-0.552002759669252	0.580946462533252	0.727641800681122
tenA	245.932425665323	0.49	0.174254600869799	2.78898727354699	0.00528731426701635	0.0177042324539577
SACI_RS05870	814.349238988838	0.89	0.186639655870202	4.78399123970839	1.71848176759221e-06	1.38910609547037e-05
SACI_RS05875	275.559797493567	-0.28	0.171639200321935	-1.62392753777445	0.104391274562317	0.208917160697248
SACI_RS05880	76.4202766426129	0.27	0.251560151465248	1.07351189952612	0.283041502541446	0.447788391380555
SACI_RS05885	94.813794150119	-0.35	0.270721930751008	-1.30854700307511	0.19068784296559	0.337839648724424
SACI_RS05890	247.250203131921	0.92	0.238998936648683	3.84686885929958	0.000119636962987815	0.000643592951671021
SACI_RS05895	466.152555558137	0.94	0.178580891011709	5.26734791475707	1.3840874237485e-07	1.37259021192183e-06
SACI_RS05900	2489.16079606324	0.36	0.357612108008668	1.00118007610648	0.31673975708539	0.482177639035336
SACI_RS05905	95.4373806494392	0.88	0.243076690609926	3.6049678178534	0.000312191612210688	0.00151887580611595
SACI_RS05910	712.899412359267	0.16	0.123539903546612	1.25596254108835	0.209129551588528	0.362646998955749
SACI_RS05915	1475.55904549125	-0.11	0.112092171283092	-1.01834208114521	0.30851541666784	0.47313826745898
SACI_RS05920	617.965345979956	0.03	0.139882063755716	0.23571169705267	0.813656392682725	0.89768154866749
SACI_RS05925	1234.55598659584	-0.33	0.164581276266551	-2.00618966254449	0.0448360163754098	0.104797435865416
SACI_RS05930	210.356425466225	-0.27	0.176630750487776	-1.53151779734077	0.125641471292374	0.241331142878421
SACI_RS05935	180.787175488338	-0.43	0.173762511046123	-2.44647157140378	0.0144262173821289	0.0413471641312356
mvaD	243.371880336434	0.02	0.172647557862019	0.140896701087246	0.887951548301266	0.94004147541853
SACI_RS05945	512.198858625855	-0.74	0.125768678109019	-5.91107297583445	3.39886400984654e-09	4.32380077318182e-08
SACI_RS05950	194.342133589925	0.80	0.189365533428619	4.23251834224223	2.31089059841552e-05	0.000148817519034891
SACI_RS05955	1495.42430540689	-0.03	0.191765572843608	-0.162515428219124	0.870899979814717	0.931245256147367
SACI_RS05960	1116.03580362501	-0.84	0.127041048310118	-6.63012593006397	3.3540060499457e-11	5.7518424193544e-10
SACI_RS05965	1399.4877150554	0.03	0.105350128859064	0.305023774526343	0.760348045163885	0.860415724458148
SACI_RS05970	49.7464305933602	-0.45	0.29423961545774	-1.53413384944566	0.124996727407705	0.240688487514588
SACI_RS05975	268.761902290385	-0.10	0.140098327580305	-0.721205834700205	0.470782882471903	0.634524562393742
SACI_RS05980	509.864271805513	-0.91	0.154968109795696	-5.89974862614767	3.64055798487986e-09	4.61236407553758e-08
SACI_RS05985	129.464284172639	-0.30	0.199872217804735	-1.48949302504982	0.136357588689616	0.258554645872064
SACI_RS05990	293.976051667323	0.61	0.183647786224675	3.30117457588135	0.000962809542180006	0.00409391893003663
SACI_RS05995	595.126201500786	-0.43	0.12484312907178	-3.4061032099719	0.000658972621879049	0.0029687242646046
SACI_RS06000	97.292048786822	0.14	0.223908530566718	0.620868446815664	0.534686183384896	0.690089776809446
SACI_RS06005	16.2705895535663	1.73	0.638976496964079	2.70882559471494	0.00675218233803897	0.0216766811066266
SACI_RS06010	305.14619149199	0.16	0.201994156173481	0.816281556830629	0.414339120303104	0.581949606072776
SACI_RS06015	1985.7916905127	0.75	0.118456166360628	6.30756319826635	2.83462847550761e-10	4.18985085141696e-09
SACI_RS06020	325.810354910094	-0.05	0.16134126249619	-0.285966578043053	0.774903719919803	0.872077336783995
thrS	2765.05912990255	0.06	0.141377042443203	0.432162693896572	0.665623171328833	0.793430999924999
SACI_RS06030	156.472137806769	-0.43	0.16222166092626	-2.67242273797157	0.00753057137211015	0.0238673336197299
SACI_RS06035	146.346947679002	0.14	0.20421378339736	0.696054252732205	0.486394854402876	0.65030610791754
SACI_RS06040	3445.36740207629	0.06	0.230987994793109	0.24632664974811	0.805429381865835	0.89447327417229
sucD	2975.99639642373	0.06	0.225670837063916	0.274411532084809	0.783768381718281	0.877956353970965
SACI_RS06050	367.616574518131	0.83	0.219948195405444	3.78938954299371	0.000151017942374099	0.000795856864395933
SACI_RS06055	2.90576735628235	0.56	1.14307767439469	0.493941551320632	0.621347458496889	NA
SACI_RS06060	94.9898359481506	0.27	0.210598418815674	1.28728007448004	0.197996685993367	0.348143926621105
SACI_RS06065	33.6060449610045	0.06	0.341168691777454	0.190218480609267	0.849137930070577	0.916792866190337
SACI_RS06070	44820.0409952734	-1.06	0.155642551523195	-6.84011046905597	7.91321351459227e-12	1.47967558730689e-10
SACI_RS06075	74703.2903692578	-0.91	0.149527347738594	-6.09095288727701	1.12240581848379e-09	1.54156976131579e-08
SACI_RS06080	86.898395233209	0.63	0.280480358146926	2.26131765445535	0.023739593776844	0.062500168857781
SACI_RS06085	9312.15536590707	0.54	0.142661754272019	3.77539740493751	0.000159752767112829	0.000834802338582864
SACI_RS11640	135.996812748332	-1.06	0.182539682234505	-5.78877368213814	7.09021513719223e-09	8.6305991317038e-08
SACI_RS06090	1825.83778152912	-0.40	0.102372664568803	-3.90196995545519	9.54130026102787e-05	0.00052510985833742
SACI_RS06095	436.10015436217	0.42	0.164994360862241	2.53554586627789	0.0112272224965084	0.0334190569487576
SACI_RS06100	880.274136257079	0.67	0.175823801470171	3.79727066934238	0.000146298018071706	0.000777031979677018
SACI_RS06105	125.082221410873	-0.03	0.216763244953674	-0.127432471160475	0.898598117460576	0.942840183224667
priS	339.579137935356	-0.45	0.145342435316625	-3.10886605649557	0.00187806838547018	0.00732352295037618
SACI_RS06115	702.937555234688	0.01	0.142707681408813	0.05643582126417	0.954994621173887	0.977914241921389
SACI_RS06120	660.762953923353	-0.20	0.125620337734474	-1.58250942917196	0.113533321480954	0.223750749128179
SACI_RS06125	650.598356866695	0.37	0.137512980802829	2.71569799235928	0.00661362178112252	0.0213445668756537
SACI_RS06130	169.521753287517	0.14	0.200107236416509	0.675046724557268	0.499646079694561	0.663345351313909
rnz	487.091391033277	-0.38	0.254514389252301	-1.50899215722316	0.131300787027846	0.250959139737952
SACI_RS06140	109.81271743164	0.62	0.224286846821886	2.76559774398587	0.00568185744067549	0.0187797549996169
SACI_RS06145	168.453380778962	1.53	0.223244112029875	6.85958067520362	6.90629678268582e-12	1.29922092202768e-10
thpR	350.478599605847	-0.24	0.145109625171766	-1.64071108808281	0.10085740214599	0.204214857313211
SACI_RS06155	632.516240746902	-0.42	0.140448328155638	-2.97321477880398	0.00294698157069507	0.0108330671959707
SACI_RS06160	194.737187140341	-0.27	0.167292836381439	-1.62081732299322	0.105056822200641	0.209843227870521
SACI_RS06165	507.929742160109	-0.33	0.235611739870675	-1.41782565103222	0.156241673231408	0.28867509149422
SACI_RS06170	4.66719633572906	0.48	0.959654577480617	0.497070325833143	0.619139459508253	0.759308132087561
SACI_RS12235	12.896454786572	0.38	0.607430455469444	0.632824800774133	0.526848059262595	0.684527574696984
SACI_RS06180	478.779699506919	-0.05	0.135612177374262	-0.390679228517644	0.696034354311159	0.814357570969407
SACI_RS06185	514.82209311486	0.26	0.116012710594107	2.26840956301413	0.0233042554498875	0.0614582913478767
SACI_RS06190	330.63991002509	-0.40	0.210689360166337	-1.89341816094781	0.0583022821668373	0.13194954993264
SACI_RS06195	628.334479897019	-0.48	0.116617489919807	-4.10133796352128	4.10768101623124e-05	0.000248059180435443
SACI_RS06200	616.436177473875	-0.93	0.120358202012089	-7.71514914890682	1.20840836144849e-14	3.20589705464625e-13
SACI_RS06205	230.806127456069	1.45	0.267353798984269	5.42948802116992	5.65159461111815e-08	6.02836758519269e-07
SACI_RS06210	803575.221305172	-0.17	1.01856137202662	-0.167160778434575	0.867243544415681	0.929196774262356
SACI_RS06215	596188.633698691	0.61	0.986481503457596	0.61891132057151	0.535974780360252	0.690891079002584
rpiA	455.869665953146	0.38	0.133251002429322	2.86051594222205	0.00422952287346457	0.0147179809408453
SACI_RS06225	1677.16676933127	0.70	0.263026357012748	2.66648730669141	0.00766485008047971	0.0242031481686765
SACI_RS06230	5.10568753943519	0.89	1.09573404403905	0.812923915011265	0.41626168210543	0.583225087029476
SACI_RS06240	121.886526603593	-0.17	0.21304041587778	-0.795982326958992	0.426042307674476	0.592488944006082
pyrH	577.066035230272	0.02	0.149856877091286	0.159822475988266	0.873020918385728	0.931640400658214
SACI_RS06250	3173.78782012005	-0.00	0.143136355547461	-0.0108473401943234	0.99134524446017	0.99526760313578
SACI_RS06255	230.596336770054	0.31	0.152178715002861	2.0611930954917	0.0392846219820803	0.0945188822508211
SACI_RS06260	609.25193825714	-0.24	0.135757939639287	-1.73210582822962	0.0832547216859702	0.17579772524711
SACI_RS06265	2652.26795941916	0.02	0.152557543979565	0.108331590454363	0.913732664508036	0.951434481929871
SACI_RS06270	1749.21584818189	0.21	0.113554739391096	1.8433685734255	0.0652752152728224	0.14493152232249
SACI_RS06275	3026.08130214475	0.07	0.0863208304296318	0.791818340005283	0.428466606959806	0.59479443112846
SACI_RS06280	3375.58907286346	0.09	0.0777462789242551	1.12080157497423	0.26237233361438	0.425054135458788
SACI_RS06285	1600.0699347477	0.59	0.114846894012678	5.16204915882183	2.44261121208847e-07	2.33288160071465e-06
SACI_RS06290	4027.88020330216	0.83	0.109554355937655	7.57079185381475	3.70956019926213e-14	9.13847210992829e-13
SACI_RS06295	118.300864327277	0.36	0.214154729717184	1.68308698280727	0.0923582540432868	0.191247512041603
SACI_RS06300	4040.28962953985	0.68	0.137283367848843	4.97681945354516	6.46375599275083e-07	5.69985755724391e-06
SACI_RS06305	341.816476829631	1.12	0.170210182187005	6.5670335085651	5.13274999381557e-11	8.56562149505566e-10
rgy	7912.31730250186	0.02	0.127933554970903	0.192770744026513	0.847138516600284	0.915889221709259
albA	10128.7691811393	1.25	0.274795607768108	4.55875449636394	5.14578815520407e-06	3.83954962349842e-05
SACI_RS06320	2112.09596850435	-0.44	0.126806623938152	-3.47912534001699	0.000503053241109871	0.00232017423537153
SACI_RS06325	84.4988539352968	-0.18	0.229006029739911	-0.798172889292684	0.424770167699608	0.591550592326699
SACI_RS06330	112.444797562704	-0.07	0.210850909505143	-0.326943678447244	0.743710484207498	0.850267897966878
SACI_RS06335	771.895132996385	-0.75	0.129701577451741	-5.74518705866975	9.18194236285818e-09	1.11331051149655e-07
SACI_RS06340	108.438397057108	-0.25	0.208635426440757	-1.18634580192407	0.235485765791117	0.39292208194001
SACI_RS06345	157.475608803818	0.17	0.182302120302124	0.915400571452169	0.359981378502992	0.528813156116085
gatC	463.863205778998	0.11	0.122824871708056	0.929774502474183	0.352487850578304	0.521507287032915
gatA	2641.31493437647	-0.08	0.0968419166864275	-0.786860636342719	0.431363452817473	0.597746498904212
twy1	5488.70480098066	-0.10	0.0933280485082263	-1.05781986382369	0.290137575004989	0.455071769992665
SACI_RS06365	1561.91964123715	-0.20	0.110172843013153	-1.8126437790461	0.0698867809138941	0.152732383781519
SACI_RS06370	414.915045318375	-0.09	0.112898190668247	-0.815674507025236	0.414686323228122	0.581964685689696
dph5	169.083197422628	-0.19	0.176358357563473	-1.06767191332609	0.285668532129881	0.450566627912169
SACI_RS06380	541.065895266417	-0.28	0.109963403868909	-2.55087263134188	0.010745358719624	0.0323704574173246
SACI_RS06385	1384.06775874106	-0.40	0.130523133041497	-3.07686780290824	0.00209188051256803	0.00805181156181459
SACI_RS06390	386.920021738002	-0.12	0.149193342664295	-0.832158963115092	0.405319223699887	0.572101547901156
SACI_RS06395	956.54173741508	0.08	0.126590535841984	0.623177697482788	0.533167755906926	0.689276432459433
SACI_RS06400	8771.7970739341	0.31	0.128664642299603	2.37714161419951	0.0174473882962813	0.0483541904211224
SACI_RS06405	760.312635020641	-0.29	0.150434222574881	-1.94894488732078	0.0513020067405615	0.11786930342169
SACI_RS06410	3417.40126344783	-0.25	0.107967707255789	-2.35163569217035	0.018691070970672	0.0509816206440825
SACI_RS06415	2612.90748543028	-0.62	0.151123461367624	-4.0950497188425	4.22077800095345e-05	0.000254394076018631
SACI_RS06420	434.040796519273	0.14	0.150672091893975	0.95603314518915	0.339055489108157	0.505731974143065
SACI_RS06425	1803.59409885627	-0.35	0.0983150469000707	-3.55030504495277	0.000384785011783129	0.00182069005575432
SACI_RS06430	304.810920487167	-0.26	0.139963857838909	-1.86283287608957	0.062485783035988	0.139536597513458
SACI_RS06435	2417.87051095373	-0.02	0.100582222453931	-0.177202648535416	0.859349215357168	0.924582310041126
SACI_RS06440	4759.23048024781	0.07	0.132070379951628	0.528164621635268	0.597385082075019	0.741224038259917
SACI_RS06445	1498.06047078975	-0.55	0.175973701335002	-3.11367914283996	0.00184770303291395	0.00723237101407931
gatD	1607.51057587283	0.43	0.118653150609895	3.6028629137145	0.000314731533479408	0.00152883674478886
gatE	2703.00455502541	0.28	0.101793915928442	2.76697472356533	0.00565791417556158	0.0187429519829828
SACI_RS06460	394.627756813668	0.20	0.12592126907664	1.59434902922568	0.11085788193049	0.219313489810224
SACI_RS06465	1374.70005494482	-0.11	0.111033938017188	-0.990041217224414	0.322153973248819	0.488264615705241
SACI_RS06470	18608.7330987005	-0.07	0.182591179299565	-0.368091234813097	0.712805206392518	0.830224150334851
SACI_RS06475	821.593158375468	-0.67	0.118370137978419	-5.61818694446262	1.92971647334234e-08	2.22670629489019e-07
SACI_RS06480	3682.31427672053	-0.13	0.163101543083715	-0.810924741528493	0.417408890914647	0.584146617402644
SACI_RS06485	4658.16247749986	-0.04	0.121130660364748	-0.334864964295398	0.737726952193203	0.845927602564098
SACI_RS06490	1305.78323235784	-0.11	0.0999921277192163	-1.06165663362825	0.28839159333201	0.453019992764453
SACI_RS06495	4490.06090705089	-0.25	0.146351850014991	-1.71638796222216	0.0860910583335437	0.180558543964405
hmgA	2479.51467851843	-0.64	0.1433492514112	-4.45332745262053	8.45496582488974e-06	5.99182966220496e-05
SACI_RS06505	605.56334293694	-0.72	0.188840342710761	-3.7895280283994	0.000150933781516528	0.000795856864395933
SACI_RS06510	3254.63026637223	-0.72	0.144522403604124	-5.00500307289709	5.58611399014549e-07	4.99691579983043e-06
SACI_RS06515	4213.69605785465	-0.67	0.167702311676147	-4.00248916659665	6.26795387348597e-05	0.000363658482678513
speD	6373.52021887004	0.56	0.107987308971579	5.17980590222783	2.22116892458014e-07	2.12793467342492e-06
SACI_RS06525	529.895978302971	1.10	0.200925731996819	5.46545000108143	4.61733929810873e-08	4.95924608350502e-07
SACI_RS06530	25.5810113091752	1.10	0.486276437530417	2.252116742174	0.0243148955617932	0.0637444559322687
SACI_RS06535	707.627820163125	0.37	0.147102615362932	2.49865529354314	0.0124665508021166	0.0363344353894553
SACI_RS06540	318.582840955818	0.46	0.203979585126393	2.23492768634273	0.0254220965855889	0.0660889345072596
SACI_RS06545	1697.02793117953	1.12	0.44290353282112	2.53074927950517	0.0113819174880915	0.0337757857390403
SACI_RS06550	1209.54876278881	1.16	0.449243507969447	2.57675289463661	0.00997332197048632	0.0304696765712495
SACI_RS06555	183.971409854122	0.62	0.192400161107351	3.23110356605295	0.00123313250277846	0.00509672874650378
SACI_RS06560	627.532585551595	0.35	0.110948254936838	3.15155528140682	0.00162403416905677	0.00644629419533532
SACI_RS06565	8621.82248482215	-0.13	0.109750252530408	-1.21163656249113	0.225651532270143	0.382809877967561
SACI_RS06570	7548.89332429368	-0.11	0.129229102974411	-0.886881133042689	0.375142900396261	0.544896379424424
cdvA	7493.27064004332	0.04	0.125931023546751	0.346187778216178	0.729201599093939	0.841428164902448
SACI_RS06580	777.368438999242	-0.61	0.185337342701953	-3.27107073109032	0.00107141109737614	0.00451668958418509
eno	1340.37751971505	0.87	0.130543593506286	6.68604904125125	2.29276220909342e-11	3.99816511068874e-10
SACI_RS06590	25.6443976754198	-0.60	0.429322452318776	-1.39598560876952	0.16271882888445	0.29851019199606
SACI_RS06595	678.186201956424	-0.72	0.181291649000454	-3.95778562507917	7.56478032465295e-05	0.000424972416474244
SACI_RS06600	338.93394491195	-0.75	0.165147068460423	-4.56066427525652	5.09920519358822e-06	3.82317220311542e-05
gcvPB	889.054138053807	0.47	0.0948158621524014	4.92700619214679	8.34991096730411e-07	7.23969934148378e-06
gcvPA	1050.01866951645	0.60	0.0908650790692743	6.54978235168482	5.76209996053305e-11	9.56446966710941e-10
gcvT	730.693328203222	-0.11	0.160991867431772	-0.6988906904819	0.484620345869013	0.649508442822718
gcvH	591.747286180115	0.32	0.13746990330869	2.33167028560157	0.0197180431618402	0.0530370935652963
SACI_RS06625	1174.96829640701	0.14	0.122439955091138	1.18166186480329	0.237339895631742	0.394803341929757
SACI_RS06630	385.61232521666	-0.08	0.214930228842748	-0.394836794310838	0.692963338568708	0.811610384542383
SACI_RS06635	2002.59376576587	0.13	0.104603610344864	1.25942965718838	0.20787518297	0.361279153381232
sufC	3400.74320597697	0.00	0.11536062955841	0.031036409066967	0.975240503413203	0.988617414302607
sufB	6730.7039072479	0.41	0.15284657357793	2.66824492762046	0.00762486506136973	0.0241014064668958
SACI_RS06650	2043.34040518892	-0.43	0.180425565081648	-2.3985367757192	0.0164607234749487	0.0460722143067997
SACI_RS06655	207.149323072005	0.57	0.279193978412418	2.03457774131891	0.0418933789238455	0.0988123466410459
SACI_RS06660	7.43994581735186	1.44	0.788650222759632	1.8261045354732	0.0678345171755917	0.149332156959601
SACI_RS06665	2446.12378100142	-0.03	0.126037127170505	-0.243967782198626	0.807255772161137	0.895609605557084
SACI_RS06670	12.9490155694091	0.25	0.55793002673074	0.453070474123439	0.650497995469842	0.783829882740058
SACI_RS06675	1654.31771349586	0.28	0.102216850205512	2.69231102249034	0.00709587368210365	0.0226367851071426
SACI_RS06680	136.173479353878	-0.07	0.224030764621781	-0.313984152184158	0.753533075278869	0.856137139701906
SACI_RS06685	1405.60464292125	-0.52	0.140904200891999	-3.68783337880789	0.000226171666763319	0.00113782310151271
SACI_RS06690	1683.30522232543	-0.58	0.159917067855213	-3.65286158698642	0.000259334037086506	0.00128180390305178
SACI_RS06695	683.455641559541	-0.93	0.159278328765911	-5.82440348495746	5.73169497245764e-09	7.05999253750338e-08
SACI_RS06700	40889.2202918033	1.33	0.164229606608166	8.10981726220475	5.06959452685439e-16	1.63916889701625e-14
SACI_RS06705	119.9848036565	0.01	0.222356750620465	0.0547745809744101	0.956318051436181	0.978353195986156
SACI_RS06710	921.022420848115	-0.29	0.128646978509383	-2.22234002854002	0.0262603349246396	0.0680401332271129
SACI_RS06715	1087.11738609025	-0.10	0.11954706350083	-0.827470925907638	0.407970194546472	0.575086050804836
SACI_RS06720	448.171213448282	-0.15	0.20951293129808	-0.696032245283973	0.486408636238929	0.65030610791754
SACI_RS06725	292.028639267095	-0.17	0.144201159088967	-1.14613215846041	0.251740473231701	0.411264436269053
SACI_RS06730	370.782360267118	-0.13	0.131658508399299	-1.01714972385266	0.309082208917139	0.473539573780256
argF	622.990021474019	-0.18	0.120983158436724	-1.4928351122821	0.135480353714031	0.257048299467209
SACI_RS06740	1225.13837524764	-0.84	0.117982291809055	-7.07995361580386	1.44202720021699e-12	2.9065275516062e-11
SACI_RS06745	382.132302920535	0.24	0.128787819774723	1.86777314485957	0.0617936982135975	0.138289574084359
asd	3839.73588780962	0.42	0.110881114171397	3.82172082755277	0.000132523667275561	0.000710455031473822
SACI_RS06755	3077.11130842143	0.51	0.151652169092238	3.37966041405451	0.000725754409640611	0.00321361153712476
thrC	2529.79101683966	0.45	0.189361322827769	2.37535281722432	0.0175321829456513	0.0484617523066581
SACI_RS06765	512.370077911316	-0.46	0.121216203012582	-3.80690116295117	0.000140718950002083	0.000750501066677777
SACI_RS06770	192.805697145231	-0.09	0.199775590039042	-0.449434605896412	0.653118172058459	0.784945989429873
SACI_RS06775	10701.8109620523	0.29	0.189738100344062	1.54731255757153	0.121787895110404	0.236120940926105
ppsA	4782.59689434254	-0.25	0.141607242036952	-1.78920888018446	0.0735811820712978	0.159160968048299
SACI_RS06785	159.864302160404	-0.38	0.202124363228656	-1.88315899215022	0.0596788245657658	0.134428934290375
SACI_RS06790	1616.00635775289	-0.23	0.113446578114452	-2.07095341994363	0.0383631492458402	0.0926686500070724
SACI_RS06795	155.345896335256	0.06	0.204249211106542	0.278058471163378	0.7809674742666	0.876717193534729
SACI_RS06800	5046.157190041	0.14	0.162194984984402	0.83773166618797	0.402181424558401	0.569772314846772
trpA	1238.05238457744	-0.22	0.190861636728487	-1.15043646356668	0.249964149031342	0.409008286027036
trpD	1745.82728971484	-0.21	0.185877366117226	-1.14168406169121	0.253585368170134	0.414060485428771
SACI_RS06815	634.204687597054	-0.23	0.210494349829818	-1.08106920163972	0.279666332089076	0.444765121962303
SACI_RS06820	884.585427106425	-0.33	0.174058689241385	-1.89594702355924	0.0579670500443934	0.131335564480144
SACI_RS06825	273.046287515651	-0.34	0.191303399787649	-1.79672662250448	0.0723790303484169	0.157108049091948
trpC	666.293320582049	0.05	0.106444583307717	0.447821365918702	0.654282122289086	0.785644761154864
SACI_RS06835	858.393668718108	0.03	0.122390621884836	0.278232064834519	0.780834222063547	0.876717193534729
SACI_RS06840	3609.1934649707	-0.14	0.108464602959128	-1.28307230987223	0.199466743823591	0.349799306682727
SACI_RS06845	281.057974087745	-0.70	0.140142269251629	-4.95980234630677	7.05649406101193e-07	6.187389142763e-06
SACI_RS06850	58.9949048503951	-1.08	0.311737122065263	-3.47420488135905	0.000512369645081742	0.00235614130123515
SACI_RS06855	63.4358216519727	0.37	0.302258657531502	1.23495029994659	0.216849001588864	0.373736424726171
SACI_RS11925	177.850441111074	0.81	0.272710723494917	2.97726191518681	0.00290835434952958	0.0107342828786442
SACI_RS06865	235.387715933609	0.59	0.189561669365613	3.08996840219775	0.00200177790171993	0.00773788120415772
SACI_RS12245	110.271096872762	-0.94	0.205955286535903	-4.55641038959356	5.20352233049717e-06	3.87331734145401e-05
SACI_RS12250	107.927075883497	-0.66	0.243368180106134	-2.71527669242059	0.00662204184963095	0.0213445668756537
SACI_RS06870	1006.26312515632	-0.72	0.121149236124621	-5.92681620247726	3.08864342185519e-09	3.96163189315641e-08
glgX	1126.62821854774	-0.92	0.151527674826967	-6.06202176070104	1.34421022279407e-09	1.81041849663767e-08
treZ	956.549162103457	-0.62	0.126400735467036	-4.91023351368434	9.09680012632906e-07	7.84346322003483e-06
SACI_RS06885	48.7989262469402	0.44	0.360188670723155	1.22131554034638	0.221966571680893	0.379814905456171
SACI_RS06890	5.32968044413127	0.43	1.02765348343715	0.416119143476774	0.677322822398773	0.802367431326887
SACI_RS06895	801.192880912137	-0.25	0.102758388105403	-2.42049507591939	0.0154993892069	0.0438560657230791
SACI_RS06900	19.1598285864109	0.54	0.530364769210793	1.02160168735732	0.30696945873861	0.471667144188477
SACI_RS11930	1.6829335796413	-0.51	1.63354654628388	-0.314184768809926	0.753380710139319	NA
SACI_RS06905	21.7694075614891	0.83	0.459518505068259	1.80235835748447	0.0714890424553438	0.15550244413552
SACI_RS12065	19.4779984434756	-0.13	0.490699432051641	-0.257172531804956	0.797045587482353	0.887881916623999
SACI_RS06910	709.943608910563	-0.95	0.127114029394734	-7.50021370936405	6.3713869380529e-14	1.50967824852795e-12
SACI_RS06915	278.225054359676	-0.47	0.154763608322592	-3.02520941298394	0.00248461030391258	0.00938227540552877
SACI_RS06920	3193.79151670366	-0.71	0.121719381785252	-5.85417216230904	4.79391831664777e-09	5.95212898194987e-08
SACI_RS11660	13.412901469217	-0.28	0.567090091678949	-0.498781776738921	0.617933126878152	0.758728016546592
SACI_RS06925	81.2306365320516	-0.52	0.260553496121732	-2.00715813111338	0.0447328281521883	0.104713950666963
SACI_RS06930	502.821455443321	-0.43	0.163027690934148	-2.62465337428705	0.0086737217972081	0.0269501826411751
SACI_RS06935	4.06645783369498	0.06	0.905480169421484	0.0715685236865093	0.942945290276824	0.970780159542044
SACI_RS06940	137.065372756586	-0.51	0.190265755684468	-2.69681264090091	0.00700066468363523	0.0223790557960904
alaS	3514.22335659399	0.10	0.0990335515165624	1.02994269467576	0.303036907067274	0.469140428696668
rpl12p	5134.29262259193	0.45	0.141954662717422	3.16938747843648	0.00152760594022142	0.00614208398762603
SACI_RS06955	9637.43162487279	0.24	0.10361647476702	2.36337417348476	0.0181093750803447	0.0497007075591424
SACI_RS06960	5489.27542006289	0.14	0.104795261826662	1.33791450295656	0.18092430887414	0.323869120383698
SACI_RS06965	3551.56946654619	0.11	0.151452804866607	0.739218164752391	0.459774532413504	0.625390073887605
SACI_RS06970	1791.75176890199	-0.04	0.105573581671231	-0.423788661738479	0.671719947763107	0.79847622107589
SACI_RS06975	293.06519731826	-0.08	0.159971424592093	-0.51559296222295	0.606138726737518	0.747795949043425
ftsY	1965.77648964543	-0.15	0.0904150033297491	-1.64621386776806	0.0997197351199299	0.202808657705649
pfdA	2808.56764364323	0.08	0.0809588883747419	0.929327371887678	0.352719454080099	0.521515417973414
SACI_RS06990	725.340082977057	0.67	0.139350703705161	4.8390130108618	1.3048550526455e-06	1.091717003615e-05
SACI_RS06995	1266.55709833353	0.31	0.121874291054981	2.58313608465075	0.00979066960235771	0.0299706493547518
SACI_RS07000	3095.65185753585	0.05	0.13968460456705	0.324750299031343	0.745370062957137	0.850598777727556
SACI_RS07005	145.90982720514	0.01	0.195037519165904	0.027991238321035	0.977669139217271	0.990106447098739
SACI_RS07010	3813.88307697404	0.01	0.133604074862223	0.0534657137633634	0.957360848012322	0.978353195986156
SACI_RS07015	2840.18362358481	0.63	0.110110230076836	5.74078220828936	9.4240228790902e-09	1.13821661543564e-07
SACI_RS07020	1143.80823407619	0.45	0.132457505178499	3.40037528828822	0.000672934246340643	0.00302722884150921
SACI_RS07025	3768.36633920744	-0.72	0.14798521495058	-4.88940783130825	1.01139763761458e-06	8.55416421568296e-06
SACI_RS07030	501.52315077586	0.20	0.13153960282885	1.55042550855185	0.12103941996683	0.234964819967496
SACI_RS07035	106.265281507028	-0.09	0.211296376083211	-0.434703086134604	0.66377795801617	0.791839654758721
SACI_RS07040	81.9486464456205	0.06	0.336904955336661	0.173415577492772	0.862324781538498	0.92681998680592
SACI_RS07045	2087.15972212894	-0.11	0.106152346614513	-1.07979245220356	0.280234613022045	0.445135428724513
SACI_RS12070	52.1743171511537	0.19	0.488388350448494	0.395121683399405	0.692753087099542	0.811610384542383
SACI_RS07050	543.612308048582	-0.90	0.14968171839564	-6.03089063883572	1.63058508891035e-09	2.15376004935222e-08
SACI_RS12075	97.867587637038	0.05	0.244064075826255	0.194844792780819	0.845514454684955	0.914770605556675
moaA	1315.26112463792	-0.88	0.120500558007817	-7.27904298660308	3.36196553864242e-13	7.3489725577085e-12
SACI_RS07060	1356.56216900974	-0.45	0.108113984434046	-4.19546620128255	2.72310893342206e-05	0.000172853376878161
folE	1859.08123588231	0.47	0.181985302313396	2.58746746325143	0.00966843262316336	0.0296842876976252
SACI_RS07070	608.298539388217	-0.38	0.133700040119694	-2.84810986595407	0.00439797389876452	0.0152699227983949
glnA	2682.34588088207	0.93	0.273789665828448	3.38626575291253	0.000708507352275923	0.00314621862870453
SACI_RS07080	531.994335987569	-0.16	0.118210737091893	-1.35743418279023	0.174643293087973	0.314631606781421
SACI_RS07085	577.003891408883	0.05	0.119484163035345	0.399658944949448	0.689407734692556	0.80935007885238
SACI_RS07090	202.048852601087	-0.13	0.220003494988064	-0.569318366438937	0.569140104907254	0.7175511314509
SACI_RS07095	175.157132900041	-0.47	0.218588582478251	-2.16434108339155	0.0304381818929279	0.0769377360096668
SACI_RS07100	508.823147537011	-0.26	0.18422300785399	-1.39437492262709	0.163204416776477	0.299224164013103
SACI_RS07105	1589.56682916447	-0.61	0.135131675765512	-4.490860154735	7.09361166018778e-06	5.10871707499371e-05
SACI_RS07110	666.979389706632	0.31	0.247472569923873	1.25482525037377	0.209542204119054	0.36300821638272
SACI_RS07115	157.397440715733	-0.24	0.161780248022079	-1.46213696819544	0.143703680072839	0.270829522128774
SACI_RS07120	173.664861168462	-0.47	0.168390277819485	-2.77376457966417	0.00554117613053078	0.018454732520566
SACI_RS07125	1132.16003827102	0.15	0.164289502656775	0.916964167667785	0.359161417093576	0.528108497706519
SACI_RS07130	697.516486539104	0.27	0.176975825671536	1.5320531615028	0.125509316688592	0.241226575233059
SACI_RS07135	445.64951271874	0.21	0.200645892407044	1.06771893278803	0.285647315538477	0.450566627912169
SACI_RS07140	2043.17798655981	0.65	0.229397308423536	2.82086521071753	0.00478943221065042	0.0163008745415119
SACI_RS11670	256.616244783898	0.11	0.194341610941216	0.564217356645506	0.572606216980628	0.720457923594596
SACI_RS07145	183.297992849108	0.31	0.184798648944002	1.69801123523603	0.0895056413340644	0.186240273589039
SACI_RS07150	93.0605004402899	-0.05	0.219213281388646	-0.206981685944535	0.836024161292238	0.909854439856857
SACI_RS07155	677.383606284339	0.08	0.115804244089793	0.656532940002502	0.511481280521445	0.672158295824964
SACI_RS07160	1754.72637097064	-0.15	0.135649958324797	-1.07638476553466	0.281755212828376	0.446431469126528
SACI_RS11675	211.247250565377	0.03	0.148861716719299	0.230938138004005	0.817362861601573	0.898899469806696
SACI_RS07165	915.040855595829	-0.15	0.148280287114296	-1.02752198944132	0.30417473652457	0.469730538394162
SACI_RS07170	728.984557772796	-0.12	0.111229868035337	-1.07606953434382	0.281896159628864	0.446431469126528
SACI_RS07175	1682.06122113995	0.24	0.203499068979192	1.18231951001375	0.237078947083682	0.394678376507871
SACI_RS07180	548.663974446738	0.09	0.16827784111062	0.53440779817343	0.593059424900286	0.737522618145227
SACI_RS07185	462.21495280964	-0.10	0.122179208352088	-0.837834234011566	0.40212380899179	0.569772314846772
SACI_RS07190	7442.32390891885	-0.02	0.145405513938328	-0.127181907684908	0.898796424665525	0.942840183224667
SACI_RS07195	376.343071650643	-0.44	0.124981294716248	-3.48097576692692	0.000499590688869954	0.00231107227757427
SACI_RS07200	366.896600205741	0.09	0.170384955856976	0.517793877802595	0.604602090293289	0.747102654939235
pheT	1603.98492619859	0.22	0.150838415645776	1.43866135243901	0.15024649429488	0.280942842344161
SACI_RS07210	2201.87470392674	0.11	0.125599659648474	0.891587389676734	0.372614131731147	0.542492619556041
SACI_RS07215	2103.65541422089	0.22	0.129524080556952	1.72349375809087	0.0847992729801113	0.178331262418879
map	981.771769359406	-0.16	0.114120462675805	-1.43531754682922	0.15119662983267	0.281821754306841
SACI_RS07225	10619.6578292167	-0.49	0.107578073419349	-4.57221924274427	4.82585604620678e-06	3.63579057461792e-05
SACI_RS07230	765.544676734308	-0.59	0.182005868354575	-3.22195825231197	0.00127317684737569	0.00524826153287403
rrf	13108.8436403955	1.14	0.698490096774272	1.63873931414027	0.101267562605718	0.204778185230065
SACI_RS07240	1057.13330728583	-0.66	0.108236995053486	-6.05746780342792	1.38281007794135e-09	1.85010451807325e-08
SACI_RS07245	691.5222619	-0.27	0.119091844027557	-2.30066152897819	0.0214107702309008	0.0568998551341749
SACI_RS07250	3341.01457733199	0.04	0.0974649536759798	0.4449489307086	0.65635666074283	0.787526507516716
rpl7ae	2342.831532108	1.00	0.162148441807172	6.15533184565035	7.49204516035611e-10	1.06188621816189e-08
SACI_RS07260	1764.74923548842	-0.23	0.120166819541424	-1.94028689546057	0.0523448330802654	0.120087481065147
SACI_RS07265	13.6703003130163	0.13	0.550166528059507	0.23915054665235	0.810988848118705	0.896273923967577
SACI_RS07270	414.745355648966	-0.23	0.147734581893966	-1.54587483407838	0.122134799418014	0.236498076976616
SACI_RS07275	67.5529794700554	-0.17	0.309227564752	-0.5631135550895	0.573357561805244	0.720883985062267
SACI_RS07280	59.6006774671248	-0.18	0.374651236464753	-0.483160298856124	0.628981922242023	0.766533131778265
SACI_RS07285	9.91614889049808	0.36	0.700994099412152	0.51743190215299	0.604854694543266	0.747102654939235
SACI_RS11860	28.6219074717567	0.41	0.417488446004914	0.976665015258932	0.328735020444094	0.496300342149059
SACI_RS07290	128.578284233313	0.21	0.255553475880785	0.825522849537964	0.409074815726993	0.576120855206479
SACI_RS07295	75.9153967249436	-0.39	0.258693872134714	-1.51254363641329	0.130395620467587	0.249690318279697
SACI_RS07300	3.64415878839754	0.64	1.33988988717498	0.48013918221686	0.631128428727612	0.767943019510195
SACI_RS12255	316.367302600567	-1.18	0.226099565650428	-5.20340707046177	1.95667618442683e-07	1.90392566660216e-06
SACI_RS12260	232.498349102392	-0.85	0.210644047859185	-4.01371406186142	5.9770746829576e-05	0.000348083298609764
SACI_RS07310	507.556257430795	0.82	0.24932060017011	3.27732374355513	0.00104796135919208	0.00442567627065608
SACI_RS07315	649.22293092853	-0.61	0.134404592988816	-4.52337876513141	6.08601860617029e-06	4.46595786135995e-05
SACI_RS07320	1351.55502635603	-0.37	0.114539224675042	-3.22075844357108	0.00127851858953789	0.0052632913818642
SACI_RS07325	5931.92063422035	-0.66	0.101679254494612	-6.48272433346331	9.0080998950599e-11	1.44129598320958e-09
SACI_RS07330	1738.1249928558	-0.42	0.113928520939257	-3.72647258773874	0.000194178179198453	0.000988080439724589
SACI_RS07335	2479.28727113622	-0.13	0.111618993138619	-1.14053956484348	0.254061579137011	0.414619948286689
SACI_RS07340	340.299636532399	0.84	0.182104125764781	4.59140273333183	4.40276820324426e-06	3.33321768362687e-05
SACI_RS07345	55.1750757507025	0.34	0.279216566222649	1.21896066994933	0.222859120520409	0.380085005546896
priL	400.477864627322	-0.80	0.140134315020284	-5.71635523969252	1.08833099994882e-08	1.30431637986145e-07
metG	2201.28342151989	-0.57	0.118894776293892	-4.75524671406894	1.98204216859918e-06	1.58682630593896e-05
SACI_RS07360	8625.68362561893	0.24	0.103673074845047	2.33545973037814	0.0195194172383269	0.0527313064471424
SACI_RS07365	467.621141700246	-0.36	0.158379919618688	-2.30353904345896	0.0212485330344739	0.0565170921499631
SACI_RS07370	1944.0366352348	-0.08	0.13710265593843	-0.589924083633554	0.555241546982918	0.70502999715994
SACI_RS07375	14712.1994400431	-0.11	0.0898829409555041	-1.21488427993324	0.224410230238747	0.38168183817045
SACI_RS07380	9377.41840032059	-0.25	0.0871965099565674	-2.90095792478926	0.00372023827139365	0.0132731259705815
SACI_RS07385	2666.46034362129	-0.31	0.107994252110157	-2.86688713886862	0.00414530811730956	0.0144899058514965
SACI_RS07390	284.87736908494	-0.48	0.161724593523594	-2.96629965438321	0.00301406663973993	0.0110587031320955
SACI_RS07395	3208.2128987885	0.16	0.140742748233639	1.12799414280714	0.259322392779845	0.421653592031765
proS	2182.89095826865	1.09	0.111218984462365	9.78670334807222	1.28414562822331e-22	8.66519136957643e-21
SACI_RS07405	892.541356993947	0.00	0.135523706892644	0.00385373980977077	0.996925168115315	0.998533630793784
pdxS	3389.49554131265	0.04	0.108337830927044	0.33776149799874	0.735542926570183	0.844574398203934
pdxT	1679.29332477023	0.01	0.111396883895161	0.119594800765108	0.904804138551444	0.945921797046847
SACI_RS07420	3509.0104764284	0.49	0.100690344754702	4.9009321405154	9.53830013767523e-07	8.13787191515019e-06
SACI_RS07425	360.670305075031	0.09	0.148057833840914	0.605314750941796	0.544969882065657	0.698425480566392
ilvC	3311.73704257086	0.28	0.184022346612799	1.53507605002531	0.124765148492216	0.240560469903276
SACI_RS07435	866.460634457726	0.42	0.257995491863317	1.61691830530257	0.105895916504393	0.211383231401695
SACI_RS07440	6284.22039156234	0.50	0.200301349438279	2.51564859895392	0.011881357893778	0.0349570946941107
SACI_RS07445	166.992471202729	0.26	0.196609098392206	1.31912077080871	0.187128740200992	0.333054822009105
SACI_RS07450	160.931620542219	-0.04	0.181289996884227	-0.233309916131813	0.8155207591015	0.898419361631449
SACI_RS07455	887.939775333948	0.06	0.0963588501100036	0.667712250022971	0.504317288949051	0.666905231469406
SACI_RS07460	228.327916872672	-0.17	0.152945841651707	-1.09720103784072	0.272553519589302	0.437664834353438
SACI_RS07465	47.8748237092324	0.07	0.340110383837479	0.220218597794764	0.825700913192638	0.902774087548414
SACI_RS07470	1060.64059338944	0.40	0.157381251114811	2.54901246669136	0.0108028438449048	0.0324608202270905
SACI_RS07480	211.274125392915	-0.10	0.218893763023158	-0.475179740339573	0.634658866173217	0.770426719046409
SACI_RS07485	508.951679413104	-0.11	0.167412362586431	-0.66345765690429	0.507037489733194	0.668867134777659
SACI_RS07490	1146.97634767496	0.21	0.138616042057062	1.54217445235004	0.123031206507455	0.238085327306197
SACI_RS07500	165.742880400282	-0.01	0.176476173955915	-0.0326111178943216	0.973984703749574	0.988316053777022
hisC	1232.48241354612	0.23	0.132755128162595	1.69796440113013	0.0895144809110957	0.186240273589039
hisG	483.612742318739	0.33	0.175932294658619	1.89763948521644	0.0577435892499167	0.130924836400103
hisA	243.190636404416	0.06	0.173055294860177	0.324179032688775	0.745802495146174	0.850779472596003
hisBd	543.437760915881	0.08	0.136076605160157	0.584345267336811	0.558988042426751	0.708203625996995
hisF	539.437179009538	-0.15	0.151286982559495	-0.963460853681969	0.335316300220682	0.502327121566119
hisD	930.787281559191	-0.11	0.154327876063635	-0.693061026777804	0.488271254345645	0.652148869831705
hisE	94.8425831198205	-0.11	0.217461066115529	-0.492487813837682	0.622374534603337	0.760870640176746
hisH	261.956041836264	-0.32	0.217282275514583	-1.45760175340651	0.144950346070918	0.272847710251139
hisI	88.8892625081531	-0.38	0.226884920037783	-1.67696826358505	0.0935486879643348	0.19313896719185
SACI_RS07550	2779.25220996235	-0.08	0.129519495210577	-0.602232549294156	0.547019352116236	0.700105637899185
serS	2644.64791186411	0.33	0.105095211823923	3.09843520274244	0.00194545507861014	0.00753894202747301
SACI_RS07560	12630.633767458	0.09	0.0985163293414988	0.880379480132726	0.378653768887714	0.547944661364786
SACI_RS07565	1295.7049200899	0.88	0.144347742388281	6.11710954857112	9.5287864701712e-10	1.32633870867316e-08
SACI_RS07570	2001.21002591337	0.30	0.189263040084308	1.60207427857886	0.109139185063957	0.216866109993831
SACI_RS07575	748.007552043166	-0.41	0.133535420437287	-3.07246511230674	0.00212298648049354	0.00813549387092834
SACI_RS07580	645.700384053275	-0.08	0.12670698095822	-0.597247517887814	0.55034213827011	0.702410360686851
SACI_RS07585	364.089459833416	0.12	0.173443624725002	0.701258206160565	0.483141890933189	0.64780666499206
SACI_RS07590	453.499303936566	0.17	0.128115306240201	1.28850971632766	0.197568588788825	0.34804364336011
SACI_RS07595	417.660894471744	0.22	0.179276175088413	1.22319311114327	0.221256766888106	0.378809158533195
SACI_RS07600	914.07770033864	0.32	0.171345739622855	1.86927265096861	0.0615848910752346	0.137921718540785
SACI_RS07605	478.043025294344	0.27	0.18945697772673	1.41687359447955	0.156519887939256	0.288923012741382
pyrI	650.938413744741	0.47	0.18428953107313	2.5389069272274	0.0111199401325125	0.0331887443954988
pyrB	1588.96301669084	0.69	0.157295504008352	4.37006087484936	1.24211904260739e-05	8.47370880934798e-05
pyrE	8.02054115653322	-0.52	0.773733535154387	-0.670836226565126	0.502324866632729	0.665478611194192
SACI_RS07625	36.3570994176647	0.38	0.358035691728922	1.06563200591258	0.286590025119985	0.451103163272025
SACI_RS07630	166.22248742531	0.21	0.209820622900118	1.02132541440478	0.307100289434572	0.471667144188477
SACI_RS07635	2539.85429520072	1.07	0.135154175070797	7.91543675049779	2.46386627897859e-15	7.49788326465641e-14
SACI_RS07640	418.134464007272	-0.44	0.138787961266271	-3.16622210616902	0.00154432826710992	0.00618528379497959
SACI_RS07645	112.489677999634	-0.71	0.200197441683132	-3.5257462278316	0.000422291411714749	0.00198604930600391
SACI_RS07650	591.275485359391	-0.45	0.193148637271228	-2.33276892274822	0.0196602765786714	0.0529735230036424
SACI_RS07655	401.890859468027	0.34	0.160319123473157	2.10268707298459	0.0354931328038193	0.0870351418582974
SACI_RS07660	453.463803744492	-0.17	0.147473196171532	-1.1212646668959	0.262175220728416	0.424956597984857
SACI_RS07670	110.915773669912	1.32	0.316838745334601	4.15444592125776	3.26076722416221e-05	0.000200821854440466
purS	22.9898812039922	1.61	0.665910731714363	2.41415444941426	0.0157717751903326	0.0444646595738351
purQ	93.2585303995427	1.70	0.467877110154592	3.63859221136433	0.00027413247407708	0.00134850586297188
purL	659.465474982763	1.30	0.425030830416826	3.06342750552019	0.00218817215192603	0.00836463837386501
purF	434.363724372243	0.79	0.283002988854797	2.79293591871126	0.00522320380623577	0.01754634698545
SACI_RS07695	782.571525363922	0.63	0.190728989905966	3.30174360149113	0.000960858588801236	0.00409122779100005
purD	1017.64661728952	0.65	0.202964743997373	3.20609780244518	0.00134548249318251	0.00550247385881226
purM	504.331554135153	0.58	0.175205543522289	3.29742988380076	0.000975740334807905	0.00414322571715969
SACI_RS07710	4709.51711069193	0.12	0.180096358519844	0.667463693113855	0.50447599339245	0.666905231469406
SACI_RS07715	312.332761123569	0.02	0.143310294190999	0.106761962918534	0.914977824145039	0.952092244769092
SACI_RS07720	4281.3323863785	0.63	0.438422951637435	1.44271848299707	0.149099790421187	0.2794720709344
argH	5441.96555706836	0.77	0.371087213666101	2.07529184039298	0.0379594952266564	0.0919799166147865
carA	5084.23316896256	0.59	0.233776661235199	2.51903011213973	0.0117678592314677	0.0346889221789893
carB	15745.3802648337	0.46	0.20619912150993	2.24702259592304	0.0246385830654545	0.0644297909310622
SACI_RS07745	322.919416627374	-0.00	0.144898867056742	-0.00404299902169679	0.996774162289421	0.998533630793784
SACI_RS07750	155.956823378357	-0.13	0.204310291544803	-0.64943616773746	0.516056492811985	0.675759763534362
SACI_RS07755	338.505476648994	0.80	0.145437513105059	5.52853215254765	3.22921248054684e-08	3.55442395021893e-07
SACI_RS07760	80.504061053742	0.31	0.255723159670154	1.20455671634463	0.228374474611188	0.385467302443246
SACI_RS07765	125.768486967405	-0.04	0.196689317655954	-0.203203673245823	0.838975841896024	0.910552801834007
SACI_RS07770	570.852731544736	0.71	0.14226374633332	5.01270054685408	5.36713894852584e-07	4.82886936122441e-06
SACI_RS07775	962.269869597494	0.21	0.111701034543049	1.91017944046709	0.0561101133621186	0.127968987418087
SACI_RS11685	115.483296734102	-0.81	0.206967562371935	-3.89202370416284	9.94115293662781e-05	0.000545182662814359
SACI_RS07780	37.7431043952998	0.44	0.371891117942212	1.19341508949147	0.232706848239135	0.390233418116843
amrS	1275.83252994802	0.01	0.0950171802018702	0.130729696727562	0.895989139349334	0.941167610335138
SACI_RS07790	808.333817246558	-0.30	0.124432742088938	-2.37807096995235	0.0174034759910608	0.0482755938125583
SACI_RS07795	289.722971438109	0.21	0.177496795113935	1.17198004122991	0.241205069406607	0.399353302208418
cyoE	2022.3940049149	1.05	0.110362217159777	9.48780661361472	2.35946516764108e-21	1.47914856694506e-19
SACI_RS07805	301.347174819647	0.71	0.145090762413557	4.90411297688934	9.38504647681783e-07	8.06958012854364e-06
SACI_RS07810	249.449132910651	0.71	0.155221348642581	4.55891820749175	5.14177903039449e-06	3.83954962349842e-05
SACI_RS07815	818.317390095085	-0.39	0.116920044114641	-3.34109052888392	0.000834500083786583	0.00363804530909207
SACI_RS07820	647.408208878635	-0.71	0.132125446296982	-5.33654534635666	9.47341879038679e-08	9.64114489356085e-07
SACI_RS07825	2267.65669376272	0.36	0.137476914009532	2.63939531130248	0.0083054070661681	0.025961715542181
SACI_RS07830	379.309709939098	-0.02	0.126976066560859	-0.190226946459492	0.849131296410117	0.916792866190337
SACI_RS07835	674.512259887295	0.37	0.110862718383746	3.37131773801878	0.00074809521515002	0.00329841981225236
SACI_RS07840	2483.78053292132	0.25	0.153086754819193	1.63048976910848	0.102998025756186	0.206795518723933
SACI_RS07845	1664.62362675149	0.12	0.0976405481954145	1.18093102781315	0.237630124104041	0.395074400224393
SACI_RS07850	2492.4950778348	-0.69	0.155301346467002	-4.4113466768504	1.02729685451116e-05	7.16568412674752e-05
SACI_RS07855	645.791162371263	-0.04	0.122962625641681	-0.319884955458628	0.749055542944582	0.853071006745598
pyk	1203.87630662098	-0.09	0.158563024657653	-0.578549523319737	0.562893172304936	0.711702398520484
SACI_RS07865	349.426857395994	-0.10	0.160569241459133	-0.614134687806561	0.539126327874205	0.693498459792687
SACI_RS07870	58.2009167112508	-0.20	0.286270397394974	-0.697881792273927	0.485251122044564	0.650035244926197
SACI_RS07875	52.4181325772818	0.07	0.279461758798964	0.260107644221115	0.794780741586826	0.885816668540578
SACI_RS07880	73.9010208884648	-0.02	0.249369912277232	-0.0950757530940341	0.924254657045149	0.957572248153585
SACI_RS07885	318.520698624423	-0.07	0.149983155648284	-0.476111874586864	0.633994677670558	0.770202985937872
SACI_RS07890	623.010217094353	-0.08	0.146455749540566	-0.51292197065459	0.608005904056131	0.748611791428096
SACI_RS07895	744.849609980654	-0.45	0.112877810193464	-4.00179260625348	6.28643902384965e-05	0.000363729042265637
SACI_RS07900	406.409277038796	-0.10	0.150653455470104	-0.647644655735802	0.517214807616373	0.676827471686855
SACI_RS07905	586.576965480749	-0.20	0.114041329378049	-1.78064131155895	0.0749710663886825	0.161492151332735
SACI_RS07910	2752.04144434155	-0.64	0.10214133186635	-6.26057777119326	3.83553729580135e-10	5.61580555007896e-09
SACI_RS07915	298.860490428341	-1.16	0.169801617117342	-6.83129580976945	8.41510064471481e-12	1.55479002388064e-10
SACI_RS07920	489.82015160762	-0.86	0.146774301796201	-5.835662838566	5.35771411422633e-09	6.62563530301136e-08
SACI_RS07925	1199.01992744678	0.32	0.203499599739726	1.5787574618364	0.114391699072388	0.225073454945929
SACI_RS07930	1898.28916664674	0.55	0.123966204394314	4.4560300886865	8.34913190382667e-06	5.93036737516658e-05
SACI_RS07935	196.409491180458	-0.45	0.177774778925751	-2.515308646327	0.0118928217436846	0.034957688155679
SACI_RS07940	810.444525205588	-0.25	0.148499732523522	-1.69080420753664	0.0908742033330632	0.18880393328385
SACI_RS07945	4191.99070782996	-0.37	0.133617331643163	-2.76494621255817	0.00569321825213902	0.0187797549996169
SACI_RS07950	622.848441546133	-0.34	0.13010075398971	-2.62288516323482	0.00871886548367958	0.0270363221392022
SACI_RS07955	1024.42050009266	-0.44	0.13288935796216	-3.32451139550586	0.000885736136279168	0.00381373488317043
SACI_RS07960	17262.0891916349	1.41	0.165635242894421	8.50309069418699	1.84608566089915e-17	6.58649412808157e-16
SACI_RS07965	385.269463976279	-0.75	0.278998347124284	-2.70476233836491	0.00683532734861635	0.021895620320026
SACI_RS07970	382.362246735889	0.41	0.13679720769752	2.99461561535521	0.00274790892588845	0.0102149812047398
SACI_RS07975	741.790334016333	1.09	0.14758342186621	7.35811861851325	1.86520272551371e-13	4.19535453622793e-12
SACI_RS07980	318.154176504892	0.54	0.18256642631746	2.93336746645299	0.0033530677636103	0.0121304456156718
SACI_RS07985	504.055127477468	-0.37	0.117496811613182	-3.16346130245617	0.00155905076983182	0.00622817707793817
SACI_RS07990	339.043667791823	-0.01	0.152321208328005	-0.0399970222068523	0.96809550032967	0.984267419922468
SACI_RS07995	218.809570760491	-0.13	0.167706475109066	-0.763992999823565	0.444871414194818	0.611550429433443
SACI_RS08000	815.487055686229	0.06	0.157506638136255	0.350613505977842	0.725878322714976	0.839339035481106
SACI_RS08005	178.432227144967	-0.18	0.205515911469786	-0.856581260291593	0.391676346007955	0.560517924393127
SACI_RS08010	2474.5459342508	-0.07	0.0835739967948685	-0.877467234546921	0.380232908098828	0.549205652274901
SACI_RS08015	1703.11648698613	-0.35	0.150911168812259	-2.32704605079616	0.0199628143973303	0.053602574298714
SACI_RS08020	11778.5558351592	-0.57	0.133316348963134	-4.31024768955022	1.6307179197343e-05	0.000107468119381216
SACI_RS12080	32141.4655480986	-1.06	0.138853377505906	-7.66011912798875	1.85760693958583e-14	4.74638970055509e-13
SACI_RS08030	1360.19581139608	-0.50	0.169897519562124	-2.92626782559896	0.0034305546204788	0.0123675279233057
SACI_RS08035	3125.59678189191	-0.43	0.127768292597157	-3.38717241750942	0.000706169930509575	0.00314033161074745
SACI_RS08050	460.378068928949	-0.40	0.123029432636431	-3.25327959794551	0.00114081186130799	0.004772345037062
SACI_RS08055	87.5386617191317	0.26	0.220861411096249	1.19199050276262	0.233264969213569	0.390626640342544
SACI_RS08060	144.517035885447	-0.49	0.225285489737834	-2.16695899896715	0.0302379805952157	0.076556844834869
SACI_RS08065	461.504834850604	-0.97	0.161345107471709	-6.03851403365581	1.55539902541032e-09	2.07208522526765e-08
SACI_RS08070	1196.30362594531	0.25	0.131980981408812	1.85919872982119	0.0629989748037517	0.140581464982635
SACI_RS08075	514.839001562027	-0.02	0.129896315835495	-0.187415560859043	0.851334822961593	0.917868457962065
SACI_RS08080	208.032175454961	-0.97	0.210461550625277	-4.6141199344534	3.94764432114701e-06	3.04813133652744e-05
SACI_RS08085	270.409520798057	0.32	0.177919494538677	1.8124264162428	0.0699203341989492	0.152732383781519
SACI_RS08090	2335.09685093266	-0.06	0.126562123405458	-0.437233809804181	0.661941792415357	0.790769511395983
SACI_RS08095	212.010005775939	-0.15	0.265133594733846	-0.550567157252605	0.581930428074626	0.727764725521208
SACI_RS08100	96.0472104142113	0.28	0.245955426531206	1.15223802432782	0.24922327647302	0.408361298647352
SACI_RS08105	380.846046534554	-0.26	0.155380388469595	-1.64546961289759	0.099873004145395	0.202808657705649
SACI_RS08110	136.072801831345	-0.13	0.214041018385116	-0.601942162448921	0.54721263755163	0.700105637899185
SACI_RS08115	459.120496428598	0.24	0.131228802058998	1.81965091324579	0.0688121829984838	0.150629771528416
SACI_RS08120	99.112279872779	0.27	0.302991318981235	0.877026695266272	0.380472138507617	0.549295589733788
SACI_RS08125	1222.62780973176	0.83	0.553521838103109	1.49364570327397	0.135268247146686	0.256802837396522
SACI_RS08130	637.347207071535	0.03	0.134232624760312	0.214335965258198	0.830285073441118	0.906041167181549
SACI_RS08135	993.292927280591	-0.18	0.148893757315719	-1.17811138634093	0.238752203286658	0.396091308926662
SACI_RS08140	555.623456921326	-0.37	0.156161990966649	-2.37911339667691	0.0173543363956335	0.0481823436243706
SACI_RS08145	381.034624721938	-0.40	0.154245483904211	-2.61255076423526	0.00898693446491254	0.0277290701581397
rfbC	238.29222752627	-0.59	0.168099908115287	-3.51596367754473	0.000438160923723209	0.0020575665767577
SACI_RS08155	107.533922956671	-0.42	0.244953488966694	-1.70849797535529	0.0875439817404728	0.182987555099278
merA	215.518562783105	-0.61	0.182281714533963	-3.33059918773818	0.000866592834770918	0.00375684938425828
SACI_RS11700	9.8269554972205	-0.54	0.632861891901697	-0.851695496837174	0.394383120636839	0.563093471231255
SACI_RS08165	318.211396294726	-0.40	0.130597486121957	-3.08636536551004	0.00202619682087261	0.00782253100993603
SACI_RS08170	589.77008010243	-0.44	0.141895965170669	-3.12448891630374	0.00178114231999139	0.00698946366782969
SACI_RS08175	433.157152520773	-0.27	0.135683571060291	-2.01086469450177	0.0443397504244296	0.103950593140052
SACI_RS08180	262.768282282958	-0.43	0.17920469143917	-2.4263950953795	0.0152496583908372	0.0432677693282986
SACI_RS08185	493.651000463471	-0.25	0.195773311752756	-1.25771495741803	0.208494860900293	0.361748489790112
ilvD	2526.79933425247	0.65	0.148166532410283	4.37697151897452	1.20339692035242e-05	8.2276300457575e-05
SACI_RS08195	78.1295797035308	-0.09	0.251956610359275	-0.342073502804782	0.732295577616913	0.843493686751908
SACI_RS08200	109.162336140473	-0.46	0.2119566845344	-2.18449800045991	0.0289256740518425	0.0738973598822379
SACI_RS08205	5550.70027307366	5.20	0.18710895139181	27.7762297843717	8.404198117811e-170	1.30433154788427e-166
SACI_RS08210	4369.82640531575	-0.21	0.11147587636626	-1.89119289943819	0.0585985988595367	0.132379949679769
SACI_RS08215	120.44015644473	-0.08	0.224935537768328	-0.352363962909377	0.724565324510496	0.838685437647658
SACI_RS08220	100.504363613874	0.87	0.233590735281945	3.72118287419498	0.000198291770884441	0.00100736114046695
SACI_RS08225	174.09909838378	0.97	0.198016760495397	4.89972109271497	9.59727971078935e-07	8.16163184172333e-06
SACI_RS08230	311.508298940239	-1.15	0.164182163321295	-7.03307181554578	2.0203530875879e-12	4.0199846050467e-11
SACI_RS08235	421.604288724355	-0.01	0.162706956283175	-0.0538356250197548	0.957066126002112	0.978353195986156
SACI_RS08240	406.613764354395	-0.99	0.21417546431304	-4.60774715730525	4.07055215486071e-06	3.12747373482368e-05
SACI_RS08245	814.242098878305	-0.56	0.151780379253027	-3.69783001382919	0.000217450420794029	0.0010957241982868
SACI_RS08250	612.083838666147	-0.05	0.119613772647174	-0.427036886102971	0.669352461435951	0.79665262281334
SACI_RS08255	661.517158974009	0.66	0.231776368842193	2.8468800406671	0.004414999577801	0.015311909150273
SACI_RS08260	88.4986581307302	0.43	0.277023872649155	1.55042230174709	0.12104018915207	0.234964819967496
SACI_RS08265	267.47024801032	-0.10	0.162161666803574	-0.630830912398834	0.52815108886604	0.685254644426396
SACI_RS08270	843.093714790745	0.10	0.242244089656916	0.419053633026278	0.675176936067572	0.800821249351831
SACI_RS08275	161.152488063767	1.84	0.235883725524303	7.79222825225395	6.5837659687489e-15	1.84108194297266e-13
SACI_RS08280	117.687769470057	2.02	0.23407712810962	8.63523507235434	5.86063945516195e-18	2.24585492207687e-16
SACI_RS08285	40.4463016275991	0.67	0.307796488805677	2.16769598923385	0.0301818248394355	0.0765395296581763
SACI_RS08290	16.3504181058721	0.27	0.555484339209131	0.487700177597436	0.625762225950873	0.763808867224345
SACI_RS08295	26.3496918473863	0.56	0.462408529048459	1.20911819072741	0.226617441552794	0.383753703535119
SACI_RS08300	7027.81373177101	1.08	0.167964360209282	6.41215513948902	1.43476716993202e-10	2.23794838968291e-09
SACI_RS08305	1052.77933555741	-0.06	0.139626988688741	-0.454381932422204	0.649553954222998	0.783294059003681
SACI_RS08310	775.066319768572	-0.36	0.164370371770611	-2.20507866814427	0.0274485746990886	0.0705301124718302
SACI_RS08315	106.527719722368	-0.18	0.213061661809553	-0.836412225410521	0.402923037286247	0.570042437436879
SACI_RS08320	76.5758777853259	-1.16	0.278576347243576	-4.18092534912767	2.90325175371613e-05	0.000182054413000704
SACI_RS08325	2981.00225408819	0.36	0.129089598863736	2.76511187391852	0.00569032765947021	0.0187797549996169
SACI_RS08330	1634.95963466894	-0.30	0.108909652414616	-2.74994016403268	0.0059606148038654	0.0195166121848082
SACI_RS08335	8.84167189367883	-2.10	0.700831888133493	-2.99675430680858	0.00272870537076311	0.010155757159291
SACI_RS08340	165.928532660351	-1.49	0.216385947418127	-6.88642035268398	5.72137689647816e-12	1.10305303643902e-10
SACI_RS08345	35.5467791145452	-0.75	0.337206714396501	-2.2130954945584	0.0268910626672932	0.0695002985173007
SACI_RS08350	38.0810078707473	-1.95	0.360821985708109	-5.41684570093104	6.06596453794434e-08	6.38262844941669e-07
SACI_RS08355	1354.52008814845	-0.00	0.134080734860247	-0.0108630209654756	0.991332733752088	0.99526760313578
SACI_RS08360	12062.2787797358	0.50	0.110812960239029	4.49209762917864	7.05250781500478e-06	5.09092657157554e-05
SACI_RS08365	958.678815177672	0.26	0.119429085539906	2.21081981157068	0.0270483173475931	0.0697905046109135
SACI_RS08370	137.473080216143	0.94	0.214019379914313	4.36953325111249	1.24512380732373e-05	8.47557960072995e-05
SACI_RS08375	195.55585369578	-0.18	0.194687644737815	-0.900983350120372	0.367597172353063	0.538217746690523
SACI_RS08380	2591.47197047912	4.23	0.422013419344516	10.01630523109	1.29244496880753e-23	9.55178376947282e-22
SACI_RS08385	500.187219932995	-3.04	0.223553909472794	-13.5994692486858	4.03349836021489e-42	8.34665260673801e-40
SACI_RS08390	71.6123325427015	-0.44	0.267718275593806	-1.63614781347881	0.101808655405728	0.205470784381911
SACI_RS08395	90.6472116592495	-0.22	0.224993190144312	-0.96453337041317	0.334778586296761	0.502223060956247
SACI_RS08400	993.376734238142	-0.43	0.174201556686546	-2.46111251343721	0.0138506922306801	0.0399188010065285
SACI_RS08405	98.9426682906491	-0.80	0.213710472221215	-3.73624230193044	0.000186790686890766	0.000953615612021281
SACI_RS08410	479.461710052596	-0.65	0.149847257264089	-4.32271872111957	1.54118170130635e-05	0.000102000597033153
SACI_RS08415	51524.3823339229	-0.27	0.133884025966178	-2.04888639663701	0.0404732248358664	0.0965633281249264
SACI_RS08420	1187.74178556079	-0.54	0.125606329356174	-4.31811211919821	1.5736948800197e-05	0.000103930827820875
SACI_RS08425	12576.1220199463	-0.78	0.112444582153426	-6.92313209883034	4.41765459514432e-12	8.73401265180125e-11
SACI_RS08430	8101.51053793693	-1.13	0.141313439991949	-8.00129069874949	1.23121730011418e-15	3.86030151470143e-14
SACI_RS08435	5458.45480497758	-1.04	0.15150906599367	-6.83787088100886	8.03787906364951e-12	1.49398662356695e-10
SACI_RS08440	4380.28528826809	-1.13	0.158829840977971	-7.12241421590199	1.06052762118512e-12	2.15155407592066e-11
SACI_RS08445	337.947341404105	-1.74	0.199251667799302	-8.72220351321572	2.72839369453549e-18	1.09986156205691e-16
SACI_RS08450	1753.34917085058	-0.48	0.110511174217828	-4.3615553461419	1.29141118627232e-05	8.71421809171581e-05
SACI_RS08455	141.623669687482	-0.14	0.188666719994521	-0.717144783495492	0.473284765377196	0.637619753355389
SACI_RS08460	1498.26459299259	-1.11	0.10204194679761	-10.9063464680173	1.0748997718975e-27	1.01105723999086e-25
SACI_RS08465	254.324755852889	-3.65	0.469305618747256	-7.77376315604695	7.6188133043646e-15	2.09281384926971e-13
SACI_RS08470	457.640233741263	-4.12	0.447414444922578	-9.20202180089701	3.51277042787537e-20	1.75865151743954e-18
SACI_RS08475	311.95398354632	-2.00	0.255254300785803	-7.8228170005863	5.16541694132825e-15	1.49845366223205e-13
SACI_RS08480	204.798112885311	0.24	0.219211566804718	1.07277391674475	0.283372566403345	0.448058787217316
SACI_RS08485	203.711034129378	-2.32	0.300893168510643	-7.70124645526086	1.34745317616393e-14	3.54448699899394e-13
SACI_RS08490	492.101979388591	-0.14	0.155854359919685	-0.897502033807924	0.369451088641333	0.540422327588453
SACI_RS08495	79.9605669640018	-0.65	0.25680759520274	-2.53967921338531	0.0110954184117507	0.0331793629576823
SACI_RS08500	1165.81786441842	-0.60	0.123368193577438	-4.82421529398432	1.40555530517482e-06	1.16033076256985e-05
SACI_RS08505	406.454816344545	-0.29	0.170384663770382	-1.69048668169159	0.0909348841041738	0.18880393328385
SACI_RS08510	333.144850683246	-0.45	0.153226054377004	-2.94975425354065	0.00318026778270688	0.0115456739152306
SACI_RS08515	216.155425911647	-0.17	0.181145608133696	-0.941339400256125	0.346530957767394	0.514656503784685
SACI_RS08520	384.766444022303	0.04	0.181265804370882	0.198689083938426	0.842505963537868	0.912469822338291
SACI_RS08525	522.396437287901	-3.33	0.287786116084097	-11.5879530831676	4.74332747990487e-31	5.6628032683172e-29
SACI_RS08530	2379.34782602868	0.18	0.11990547776461	1.52881493738394	0.126310328258274	0.242166311867623
SACI_RS08535	1404.43093923285	-1.14	0.292397911761614	-3.91410768697369	9.07391358373183e-05	0.000501164195087253
SACI_RS08540	72.5379155410295	0.89	0.30137526271634	2.95306156086661	0.00314639209823178	0.0114360668301071
SACI_RS08545	111.606832338083	0.97	0.277539992606086	3.49008208463727	0.000482872204965226	0.00224041154590742
SACI_RS08550	2439.81150901249	0.65	0.151144474817413	4.30011673627912	1.70708162887319e-05	0.000111553292126787
SACI_RS08555	592.298822058351	-0.21	0.125392774350561	-1.70330441431951	0.088511114934826	0.184760256057633
SACI_RS08560	792.587320547696	-0.33	0.150777561401886	-2.15971103978448	0.0307950460329832	0.0776437434032842
SACI_RS08565	775.613868644145	-0.05	0.220020646755065	-0.206641193132439	0.836290087052346	0.909854439856857
SACI_RS08570	244.892231620429	0.84	0.174757233007197	4.83190175504947	1.35234989712839e-06	1.12237809644025e-05
SACI_RS08575	34.5875902214228	0.08	0.456558951451042	0.179896360996557	0.857233932100434	0.922946279999913
SACI_RS08580	23.1261662748325	0.31	0.423929653732392	0.732129055819768	0.464089800749624	0.629590368708368
SACI_RS08585	32.5601167608223	1.17	0.389172778819775	3.01087501575121	0.00260496052386278	0.0097654558768962
SACI_RS08590	11.788488846758	-0.25	0.642339381487439	-0.387738845339453	0.69820930590817	0.815365570180195
SACI_RS08595	86.4444285674294	-0.14	0.23974937656506	-0.591380261681876	0.554265662616357	0.70502999715994
SACI_RS08600	194.159213872106	-0.48	0.224701485068015	-2.12141396325856	0.0338869812254771	0.0838797366219146
SACI_RS08605	71.2120726674807	0.04	0.324948681960911	0.115515615956399	0.90803644358944	0.947091774496512
SACI_RS08610	7914.66124261451	-4.65	0.606543697257301	-7.66756569275016	1.75291250988896e-14	4.53420035891279e-13
SACI_RS08615	1108.19593794546	-0.31	0.146105745307521	-2.15527556020606	0.0311402771155456	0.0783301622096058
SACI_RS08620	595.325881195336	-0.60	0.151538765566736	-3.97444580510728	7.05433222419595e-05	0.000403997181252845
SACI_RS08625	4190.94574496921	-0.40	0.202963381624539	-1.97476023284697	0.0482953639043478	0.111872245939624
SACI_RS08630	1346.78319300347	-0.88	0.14500154533794	-6.03759629061905	1.56426820956662e-09	2.07499509508324e-08
SACI_RS08635	2232.9358484856	-0.00	0.139561138593437	-0.0169873394588109	0.986446715964355	0.99413331375109
SACI_RS08640	85.9173820122218	-1.70	0.269316730400856	-6.32300515520658	2.56524739554971e-10	3.82813842105111e-09
SACI_RS08645	523.024287733053	-0.07	0.114748419735496	-0.626178629148295	0.531197782959647	0.687344807880308
SACI_RS08650	63.4978803460729	-1.05	0.260700736954976	-4.01695888577597	5.89540046904467e-05	0.000343972237893132
SACI_RS08655	239.152009470716	-0.07	0.159533503224826	-0.441904596271462	0.658558244501009	0.788643823661702
SACI_RS08660	1671.2760525757	-0.46	0.103433331814026	-4.42919449956482	9.45856928563367e-06	6.64239797796536e-05
SACI_RS08665	716.848103291442	-0.63	0.148999554658877	-4.20038995345913	2.66455655511302e-05	0.000169483269407189
SACI_RS08670	1358.36185157542	-0.88	0.127523173129939	-6.88128968873455	5.93130933214557e-12	1.13646815845555e-10
SACI_RS08675	1010.63810846114	-0.96	0.135789970868254	-7.07461383989331	1.49865495810304e-12	3.00117741287216e-11
SACI_RS08680	80.300183127235	0.02	0.25736456168991	0.0588873706926764	0.953041817322362	0.976639749411889
SACI_RS08685	184.077834538232	-0.30	0.172188890555394	-1.74517753688675	0.080953970092545	0.17211035833374
SACI_RS08690	280.51973650386	-0.12	0.181166128652956	-0.650027180044475	0.515674664960619	0.675666593515306
SACI_RS08695	151.224024127611	-0.21	0.256533975236202	-0.805748154447971	0.420388077568029	0.587521203408898
SACI_RS08705	849.236666570938	0.03	0.116898864506513	0.284641121945165	0.775919103103089	0.872627860881156
SACI_RS08710	294.022837533318	0.29	0.176640644093228	1.63896090526221	0.101221401955864	0.204778185230065
SACI_RS08715	321.905978107418	-0.52	0.16604745688589	-3.1383265723025	0.00169915451464775	0.00671014709092445
SACI_RS08720	185.221027676054	-0.17	0.166695860806488	-1.02347198913786	0.306084737210485	0.471507208089998
SACI_RS08725	422.157991667653	0.56	0.144592765577782	3.89129282041357	9.97115096175302e-05	0.00054586336129244
SACI_RS08730	438.279514769503	0.97	0.25088966797003	3.88488290483969	0.000102379220028048	0.00055751771748607
SACI_RS08735	22.4099810490624	0.27	0.414437900428374	0.643520727860438	0.519886269394656	0.67882524908786
SACI_RS08745	582.069657925669	-0.40	0.159834651618113	-2.49215023491814	0.0126972317986557	0.0368682951384727
SACI_RS08750	618.450449397146	-0.04	0.159553225542088	-0.265586225816786	0.790557894937583	0.883330347691237
SACI_RS08755	422.409350792043	-0.56	0.162409678436562	-3.46713724173188	0.000526033235663794	0.00240827015265548
SACI_RS08760	1006.3204523969	-0.81	0.175892311353883	-4.58836464456999	4.46731815724195e-06	3.37385780050585e-05
SACI_RS08765	265.282582134796	-0.44	0.158717238455068	-2.77741936456924	0.00547924335683191	0.0182877111608669
SACI_RS08770	45.3182052998109	0.26	0.322639801890777	0.81920985358731	0.412666693993397	0.580388499390804
SACI_RS08775	525.896436453969	1.22	0.153935651542685	7.90380370930201	2.70518908480701e-15	8.14986999558723e-14
SACI_RS08780	434.075304984572	0.63	0.194901282244691	3.23362949381365	0.00122227910520468	0.00505860579007375
SACI_RS08785	428.282169320947	-1.14	0.199458738574676	-5.69739505784969	1.21651814890811e-08	1.4412489825232e-07
SACI_RS08790	303.19982476962	-0.25	0.183712025909097	-1.35855489070702	0.174287677640319	0.314528460113692
SACI_RS08795	484.003069717888	0.34	0.172117874765866	1.96820054559543	0.0490449675288343	0.113354861660091
SACI_RS08800	673.258225280666	-1.24	0.173805451412703	-7.12878110932177	1.01261617338035e-12	2.06786881721882e-11
SACI_RS08805	858.352113407993	-0.63	0.151000769639396	-4.14213639613349	3.44085601925208e-05	0.000210375981579147
SACI_RS08810	179.559376002468	0.89	0.22321765123042	3.9684751797978	7.23339894831421e-05	0.000411903804440013
SACI_RS08815	354.120241491221	0.02	0.202443955702967	0.0921946497952076	0.926543388787175	0.958344111561277
SACI_RS08820	626.597921628358	-0.04	0.118360836804913	-0.352503002954742	0.72446106678593	0.838685437647658
SACI_RS08825	166.008609323709	-0.23	0.172790834342456	-1.3134527253501	0.189030440858014	0.33566961580279
SACI_RS08830	430.032998991233	0.52	0.141767126531465	3.66066247975165	0.000251563966911348	0.00124737149088311
SACI_RS08835	1580.31852295612	-0.34	0.139484635178064	-2.43269301811731	0.0149870012008518	0.0427963677345392
SACI_RS08850	124.965286550417	3.07	0.353038808618976	8.69614607374778	3.43346396024701e-18	1.34904710539326e-16
SACI_RS08855	172.001924913502	-0.17	0.204944419481573	-0.842151530927144	0.399703140133179	0.567556517371175
SACI_RS08860	492.714338372598	-0.15	0.120623152337194	-1.22477277867144	0.220660844013837	0.378415060673453
SACI_RS08865	609.825366016061	1.32	0.155509661647471	8.47828977304881	2.28528217958529e-17	8.06081350617356e-16
SACI_RS08870	216.80645201251	0.51	0.179903981746895	2.8124659805614	0.00491632236958935	0.0166263016063101
SACI_RS08875	852.316055258335	-0.49	0.122018410812893	-4.04579922912707	5.21449104935956e-05	0.000309479545262181
SACI_RS08880	406.203023490907	0.02	0.145967710523632	0.118854034877306	0.905390998397611	0.945921797046847
SACI_RS08890	61.6530042642267	1.40	0.322791603828019	4.34525117345308	1.39116387777986e-05	9.30640663066525e-05
SACI_RS08900	1543.81966416423	-1.39	0.183714372436155	-7.5713776277219	3.69286840410526e-14	9.13847210992829e-13
SACI_RS08905	297.543374223485	-1.09	0.169334470424953	-6.41973824810138	1.36508858375117e-10	2.14001765856749e-09
SACI_RS08910	536.326548119927	-2.15	0.209493421600039	-10.2415174802959	1.29193905635519e-24	1.02825098228885e-22
SACI_RS08915	1484.51818947506	-0.96	0.12386358717364	-7.73685057792691	1.01909710521544e-14	2.72696328843856e-13
SACI_RS08920	2490.62251764958	-0.40	0.184278032711243	-2.15397353629684	0.0312422473160547	0.0785230248332257
cbsA	7068.5602571944	1.44	0.418196157415291	3.45080402190556	0.000558919265494419	0.00254755565358983
cbsB	1633.92047270349	0.85	0.450996283911169	1.88047309005307	0.0600436305025136	0.134956863924549
soxL2	2850.21108947159	1.65	0.37076723509343	4.46274067733943	8.09179598221841e-06	5.76389162875627e-05
SACI_RS08940	5130.36486933158	1.47	0.458390437962146	3.19642626427555	0.0013914138495739	0.00566048307873837
SACI_RS08945	586.281528629649	1.16	0.496391245788504	2.34416983278868	0.0190694858891374	0.0517409826922049
SACI_RS08950	667.632882459533	0.67	0.146319454895408	4.61074721740067	4.01224182275378e-06	3.09032223767437e-05
cas6	791.076777655583	-0.13	0.0994723334285012	-1.33062888375825	0.183311153681801	0.327575026498739
SACI_RS08960	474.021704754586	0.50	0.176592073570629	2.82698705463929	0.00469882273806695	0.0161161831811711
SACI_RS08965	194.855023802825	0.90	0.212542635539947	4.23977646765671	2.23742476282431e-05	0.000144686801329306
SACI_RS08970	1804.64644717642	-0.33	0.127212172570522	-2.59116049340101	0.00956528708026334	0.0293966842545915
SACI_RS08975	2267.90209057388	-0.21	0.281432663547078	-0.732433047636411	0.463904293927501	0.629590368708368
SACI_RS08985	12.3727189509528	0.41	0.657371150010046	0.630709173066057	0.52823070011217	0.685254644426396
SACI_RS12265	271.634538841621	-0.34	0.204454947619645	-1.64408590999139	0.100158457972933	0.203064567960799
SACI_RS12270	1.13636122770319	3.02	2.27807678797424	1.3245501057298	0.185320413855766	NA
SACI_RS08995	76.6320867578934	0.39	0.250101301384821	1.57448959107447	0.115374306063006	0.226229845874651
SACI_RS09000	1711.82491210941	0.32	0.130532513462	2.41678904608219	0.0156580888170557	0.0441842797164917
SACI_RS09010	1608.56766261936	-0.58	0.232053089891318	-2.49293284789461	0.0126692804513258	0.0368215791394337
SACI_RS09015	843.916991827068	-0.20	0.179628469987892	-1.09450991841848	0.273731399742643	0.438875136777461
cas7d	2149.88313790152	0.20	0.174884832817703	1.15800139114867	0.246863468704077	0.405570823868816
SACI_RS09025	3197.71900824952	-0.08	0.138803741893999	-0.598692739019798	0.549377800057981	0.701467993163296
csa3	184.994340313314	-0.32	0.189115486207216	-1.68679571439775	0.0916426398146139	0.189892359135221
cas2	153.010397272539	-0.66	0.190501463330304	-3.44126719165343	0.000578996480868393	0.00263519805955351
SACI_RS09045	158.571203850686	0.14	0.197253228620612	0.715888142295655	0.474060420832527	0.638387655646058
cas1	673.215066158599	-0.59	0.163183277269836	-3.59534379623024	0.000323963465816778	0.00156389206515596
SACI_RS09055	103.913481482137	-0.64	0.229549037423553	-2.78999709418605	0.00527085146154419	0.0176681673181784
SACI_RS09060	123.846718641604	-0.56	0.218610803769382	-2.58391629758145	0.00976854983030217	0.0299324567356939
SACI_RS09065	420.241727384873	-0.22	0.172602215900485	-1.2746773357214	0.202423472022393	0.353906427755154
SACI_RS09070	794.364013191009	0.09	0.175175420029889	0.504337748735839	0.614024055011182	0.75452520457431
SACI_RS09075	15.9572614139671	1.48	0.611501959979543	2.42372979014305	0.015362030979176	0.0435070658388342
SACI_RS11985	193.508553872199	1.91	0.246460012478001	7.73762396243038	1.01291905827868e-14	2.72696328843856e-13
SACI_RS09085	770.476198424348	0.09	0.141261482984496	0.603649492081709	0.546076700737927	0.699266534278269
SACI_RS09090	252.399804833139	0.12	0.183274243504192	0.676326273941701	0.498833514834189	0.662549948671512
SACI_RS12275	21.4529024461465	1.44	0.474708499016694	3.04149986602225	0.00235402670102535	0.00893263921758275
SACI_RS12280	2.42431165125442	0.73	1.52976130930659	0.476560231077068	0.633675307999172	NA
SACI_RS09105	12.7409508486711	0.37	0.604458041648602	0.609257158714139	0.542353998904301	0.695682377852293
SACI_RS09110	318.400181401508	-0.09	0.201627338709963	-0.464556348247307	0.642249198418381	0.777092277271483
SACI_RS09115	1147.78298719816	-0.36	0.126517223291816	-2.85682234724473	0.00427905262826456	0.0148736610953339
SACI_RS09120	198.584435090105	-0.31	0.164623395963731	-1.85403210444251	0.0637345670768579	0.142018733816631
SACI_RS09125	407.504822914737	-0.58	0.136151344413224	-4.22350349125658	2.40533642695432e-05	0.000154259592340211
SACI_RS09130	371.945851342631	-0.08	0.146157140785433	-0.562696492366	0.573641573164884	0.720883985062267
SACI_RS09135	363.747394655484	-1.03	0.127136336715184	-8.09572892119062	5.69224570904266e-16	1.82151862689365e-14
SACI_RS09140	2912.62483726352	-1.04	0.117622337956441	-8.86109345714395	7.92334086929437e-19	3.56435508091155e-17
SACI_RS09145	229.340652197978	0.46	0.188571916840221	2.46381714630405	0.0137466220870544	0.03965568304667
SACI_RS09155	685.007735654225	0.50	0.188400800095251	2.64900206888818	0.00807298374326975	0.0253372513034472
tsaA	44.9485878308729	0.15	0.347334555452944	0.426097312341771	0.670036938542794	0.796856190512196
SACI_RS09165	64.7883592210946	-1.40	0.319567965333968	-4.36608523711364	1.26493134753043e-05	8.57280983129792e-05
SACI_RS09170	1950.47496061531	-0.17	0.106587432412854	-1.62511028817534	0.104139061113768	0.2085468681917
SACI_RS12090	891.709733537838	0.02	0.16367254211132	0.138919001930063	0.889514155193477	0.940203668945268
SACI_RS09180	241.224368981764	0.44	0.210001050845517	2.08661114308168	0.0369232991987093	0.0901021389251522
SACI_RS12095	1.54746776115817	-0.82	1.70415478465612	-0.480629009392055	0.630780193976289	NA
SACI_RS09185	300.694553280454	0.76	0.181256778148238	4.1944613526007	2.7352077933889e-05	0.000173267040626105
SACI_RS09190	404.76048506264	-0.03	0.152615708428735	-0.183277955969514	0.854579930013568	0.920408085621831
SACI_RS09195	559.963921598538	1.04	0.151272466554737	6.90652590323389	4.9666628126492e-12	9.75729200662223e-11
SACI_RS09200	419.179562358202	-0.48	0.136557362782751	-3.53942088243637	0.000401005952634754	0.00188880497265292
SACI_RS09205	153.024243800432	0.15	0.184545600424757	0.812784156296796	0.416341820916793	0.583225087029476
SACI_RS09210	668.265613582732	-0.93	0.102253637250919	-9.08086353664936	1.07716805304552e-19	5.14389174869736e-18
SACI_RS09215	15.5024822755932	0.33	0.602341171164757	0.551348333739664	0.581394911141229	0.727681372654183
SACI_RS09220	308.969296093635	-0.04	0.152850075504926	-0.230015346587812	0.818079844560931	0.898987817517487
SACI_RS09225	348.387039911441	-0.58	0.131450244329825	-4.40456589305895	1.05995919717803e-05	7.34400300901919e-05
SACI_RS09230	906.350282499665	-0.25	0.109163841144018	-2.27984992954718	0.0226165905539082	0.0598992295898728
SACI_RS09235	247.398004469271	-0.45	0.169483591600573	-2.66017419125447	0.00781002480166831	0.0246114893242421
SACI_RS09240	334.778785699971	0.16	0.139269516203835	1.17072237677631	0.241710387700715	0.399717124892392
SACI_RS09245	1060.44935585877	0.40	0.246304924583321	1.63298762739699	0.102471598872794	0.206138589048058
SACI_RS09250	1206.94849974492	-0.16	0.163174126589255	-0.954916487318405	0.339619931338021	0.506330579670133
SACI_RS12100	4.72872393027776	0.47	0.898072746530317	0.528636791024885	0.597057433117121	0.741224038259917
SACI_RS09255	769.072943128817	-0.26	0.160039390903342	-1.6473452598638	0.0994870999646006	0.202688249887505
SACI_RS09260	900.157534961207	-0.11	0.114956826329401	-0.93518463798201	0.349693153966431	0.518608480607646
SACI_RS09265	484.337699102196	0.37	0.177046151243343	2.06524158451324	0.0389001476673784	0.0938197811651458
SACI_RS12105	6.83001929975165	0.07	0.743049745049376	0.0976528483034751	0.922207958128255	0.956090014038111
SACI_RS09270	12.6800043171806	0.35	0.600374820558806	0.584940997524581	0.558587390634749	0.708203625996995
SACI_RS09275	4.92923859594857	0.58	1.08121357581519	0.540684525601607	0.58872504620727	0.732719544277212
SACI_RS09280	2.76470513706805	0.67	1.43361005304624	0.463898610050613	0.642720388711509	NA
SACI_RS11720	3.51015812749714	0.58	1.06269339788547	0.550009583632063	0.582312800298568	0.727949630336993
SACI_RS09285	54.5243754424845	1.37	0.328151695442634	4.18579645327452	2.84167916111245e-05	0.000179068684343453
SACI_RS09290	16.8816494599882	0.74	0.496914767180901	1.49621893445063	0.13459661195445	0.255695339818654
SACI_RS09295	121.544536663394	0.59	0.238853857915239	2.46065692758734	0.0138682907727225	0.0399324439318467
SACI_RS09300	101.168767883656	-0.24	0.233241733927889	-1.03962570440462	0.298513829999607	0.463525226772777
SACI_RS09305	63.5530933792166	-0.71	0.238209244900582	-2.98847282349228	0.00280375433689969	0.0103852666607836
SACI_RS09310	48.8856463615843	-0.29	0.330173846802313	-0.892727773622257	0.372002973228871	0.542322373994885
SACI_RS09315	81.0222994883092	0.66	0.244944616288845	2.69015718975442	0.00714183699575486	0.0227600226230216
SACI_RS09320	45.1722012167058	0.64	0.304178068725603	2.10087112517581	0.0356522807494639	0.0872749837904858
SACI_RS09325	35.7992605528685	0.78	0.352596090086872	2.20936301753074	0.0271494012003512	0.0699931406361212
SACI_RS12110	14.2912331849628	-0.03	0.563286308239271	-0.0559850682173175	0.955353702340381	0.977914241921389
SACI_RS09330	816.365452621501	-0.29	0.250936744852114	-1.1513968684268	0.249569001576499	0.408577099627348
SACI_RS09335	1740.73719740408	-0.20	0.267312301268006	-0.750731842427856	0.452814055437406	0.618361121019669
SACI_RS09340	1010.90238320761	-0.52	0.157577919141025	-3.31424779512532	0.000918900341616437	0.00393959483477544
SACI_RS09345	904.148380104616	-0.59	0.186839064583888	-3.15901004484359	0.00158306034040296	0.00631596310618352
SACI_RS09350	439.994263417464	-0.34	0.161035896679198	-2.13583004938668	0.0326932688724946	0.0811839252641786
SACI_RS09355	462.270900420425	-0.22	0.136748568999977	-1.57734138516412	0.114716994637527	0.22531729803002
SACI_RS09365	3077.93051592545	0.13	0.236490927005928	0.544951952296679	0.58578656371228	0.730526915935282
SACI_RS11500	2628.04085702312	-0.26	0.154835554118384	-1.6472058025357	0.0995157515555919	0.202688249887505
SACI_RS09380	1778.38784267445	-0.43	0.234821133640476	-1.82329397432951	0.0682588784549232	0.149664906055608
SACI_RS09385	2718.63786645861	-0.13	0.224866382951763	-0.599434755437738	0.548883006156337	0.701467993163296
SACI_RS09390	107.340748608389	-0.28	0.210676618720286	-1.31151874634329	0.189682564499235	0.33663503728166
SACI_RS09395	99.9390115845926	0.09	0.204335562355637	0.435443518444378	0.663240528049111	0.791502729359646
SACI_RS09400	220.087131631609	-0.64	0.193875625266083	-3.28496550451951	0.00101994858195849	0.00431324304959011
SACI_RS09405	157.418136383998	-0.45	0.185108426485893	-2.42541926573495	0.0152907163227755	0.0433446424346074
SACI_RS09410	1119.94128085196	0.12	0.142293814232493	0.844927534959367	0.398151299738344	0.565870711716035
SACI_RS09415	534.910419740263	-0.63	0.14135499072816	-4.47211501935938	7.7449748371475e-06	5.55205586478195e-05
SACI_RS09420	396.340967337768	-0.48	0.142068567916578	-3.39424605066006	0.000688178321444251	0.00308240333299128
SACI_RS09430	105.104893190758	0.76	0.29090841068039	2.61958056301168	0.00880379750956264	0.0272452517145388
SACI_RS09435	92.570768874579	0.36	0.222847572143338	1.59830267893296	0.109975631502771	0.217845794629612
SACI_RS09440	704.11062437171	0.71	0.176432000940879	4.02988606755681	5.58038937443891e-05	0.000327439104314903
SACI_RS09445	554.022214787733	0.99	0.202044079698529	4.8929695885224	9.93257594035566e-07	8.42369281936174e-06
SACI_RS09450	556.637779318336	0.29	0.178888601529277	1.6288134951386	0.103352506971162	0.207373097374587
SACI_RS09455	3928.32606128515	0.59	0.167675470107109	3.51398041713314	0.000441445355636578	0.00206673662729402
SACI_RS09460	885.093574758009	0.02	0.154032789530991	0.161679978509678	0.871557871917521	0.931245256147367
SACI_RS09465	734.293423520952	-0.19	0.139797546469086	-1.36392489950359	0.172591203278319	0.312192945790154
SACI_RS11995	585.344031798512	-0.41	0.14113599009546	-2.88909972297548	0.00386346530102566	0.013674112080255
SACI_RS09475	565.070636551061	0.12	0.12008888835493	1.03399380419448	0.301139059742887	0.466667818992472
SACI_RS09480	149.274751955997	-0.37	0.187665787793013	-1.98452867342503	0.0471969348654387	0.109655154058624
SACI_RS09485	209.633784538775	0.25	0.173266020243952	1.44858423425409	0.147453726641181	0.276720899331454
SACI_RS09490	178.966855054544	-0.22	0.216321602917658	-1.02389123190265	0.305886652103638	0.471507208089998
SACI_RS09495	1475.8909912485	0.24	0.149515626609548	1.58917054547478	0.112021894388463	0.221334156703876
SACI_RS09500	1920.90517391347	0.06	0.120772594280523	0.483928952007909	0.62843629242453	0.766168991235562
SACI_RS09505	890.88891060035	0.06	0.160547098730197	0.394211559906059	0.693424851741753	0.811610384542383
SACI_RS09510	802.836926485215	0.19	0.13952298786622	1.3311081813119	0.183153417369172	0.327481686355938
SACI_RS09515	143.649160876824	-0.13	0.207102378593567	-0.625163896965899	0.531863494433007	0.687876786133356
SACI_RS09520	150.826692863002	-0.16	0.204731891230275	-0.774581628286799	0.438586916651899	0.605324050372385
SACI_RS12000	59.6601256278883	0.68	0.32238337720951	2.11932216371539	0.0340632498174201	0.0842488664806947
SACI_RS09525	2679.15134418193	0.17	0.0892956445600006	1.89150709545249	0.0585566847173623	0.132379949679769
SACI_RS09530	168.914444686139	0.24	0.213498559136164	1.11155702585306	0.266328658365259	0.430340528665155
SACI_RS09535	758.369110125714	-0.99	0.151137498771672	-6.56842293800045	5.08509372234338e-11	8.53196265629937e-10
SACI_RS09540	12.4188213606651	0.82	0.607743613727497	1.35741645253861	0.174648923480795	0.314631606781421
SACI_RS09545	559.107431265133	0.23	0.128988011668732	1.78987241228878	0.0734744247680343	0.159040874811701
SACI_RS09550	364.178556623664	-0.03	0.15707878577997	-0.20653978735819	0.836369288839718	0.909854439856857
SACI_RS09555	83.3501978248778	-0.10	0.275419936806455	-0.351733038676739	0.72503848060314	0.838807097947129
SACI_RS09560	33.7368188649728	0.18	0.359698130630889	0.506962058644635	0.612181440504118	0.752558887653379
SACI_RS09565	82.2013869519845	0.10	0.261919254290249	0.399753870482197	0.689337810005806	0.80935007885238
SACI_RS09570	420.774499173701	-0.23	0.180814083451581	-1.28213620576309	0.199794870101473	0.349979275843663
SACI_RS09575	132.97439913159	0.20	0.200171465155815	1.01789512189882	0.308727800108502	0.473230168660144
SACI_RS09580	165.882709746161	0.10	0.176622921668778	0.547249936878133	0.584207032910627	0.728849931734159
SACI_RS09585	299.504336099145	0.30	0.175398115801817	1.70199162322003	0.0887569385840475	0.18514888263769
SACI_RS09590	181.034833011376	-0.15	0.180279020452552	-0.838708730476671	0.401632777948131	0.569772314846772
SACI_RS09595	276.505764856504	0.15	0.189393602741528	0.798857945637281	0.424372786391294	0.591550592326699
SACI_RS09600	585.945086433343	-0.26	0.144937079918542	-1.81096591808702	0.070146127550708	0.153117848043177
SACI_RS09605	217.767551534874	-0.01	0.154984477833483	-0.0435335849602115	0.965276192967148	0.983979409842374
SACI_RS09610	65.5423562930373	0.14	0.296080838847818	0.462495468614828	0.643726051122575	0.777783442072585
SACI_RS12115	5.83648457364808	-0.43	0.961160681819215	-0.442933203655056	0.657814049958896	0.788627697321789
SACI_RS09615	900.570267694998	0.18	0.154748642516686	1.16202519888511	0.245225229333465	0.403808547401101
SACI_RS09620	979.19502418561	-0.38	0.138633304506594	-2.70692631707645	0.00679093278946728	0.0217758836554819
SACI_RS12120	83.4714616360874	-0.08	0.313268034771164	-0.241910691760959	0.808849365328872	0.896077422414541
SACI_RS09625	23.5145078877183	1.79	0.442877755531194	4.04127078203329	5.31623289026021e-05	0.000314915780369612
SACI_RS09630	97.3881785402639	0.63	0.237656111222396	2.64592864260837	0.00814669996484631	0.0255427845362454
SACI_RS09635	30.0237241565119	0.23	0.40796344563672	0.553373949443781	0.580007373328141	0.727117482556764
SACI_RS09640	94.5108312141212	0.77	0.224496349353425	3.42472591932932	0.000615419931586843	0.00278464062339003
SACI_RS09645	4.34102929928159	-0.00	1.12554465215663	-0.00106305516757245	0.999151804854268	0.999678798206588
SACI_RS12285	2.70486612910273	1.01	1.34873240501238	0.748715441696728	0.454028734516233	NA
SACI_RS12290	4.16819549344274	-0.56	1.16677334802306	-0.480373990867969	0.63096148506882	0.767943019510195
SACI_RS12295	16.1785638159897	0.42	0.578012527474603	0.731138486426451	0.464694568537943	0.629874209930906
SACI_RS09655	1386.25305062759	-0.42	0.133218741655984	-3.13421366253156	0.00172315336149475	0.00678764978944124
SACI_RS09660	825.935881570147	-0.49	0.154732434787614	-3.18024174613446	0.00147152236886068	0.00594740290747859
SACI_RS09665	518.165420578018	-0.77	0.19304739320672	-3.99281803094409	6.52926744000737e-05	0.000375311965440424
SACI_RS09670	203.599461757242	-1.44	0.208780427873838	-6.89383452081037	5.43081955694022e-12	1.06020527702783e-10
SACI_RS09675	57.1867900772449	0.08	0.285143523393584	0.295633545699371	0.767509952368268	0.865679829996767
SACI_RS09680	91.9724302394841	0.52	0.253436025880924	2.06410084156062	0.0390081562029682	0.0940072335823084
SACI_RS09685	40.492550364179	0.70	0.426476062229049	1.64672959902235	0.0996136374709701	0.202754577514683
SACI_RS09695	157.799228945057	0.15	0.167047898961741	0.89543547697811	0.370554343036312	0.540761956175229
SACI_RS09700	142.94971415944	-0.17	0.177790770596946	-0.94576154667674	0.34427022271752	0.512033910548721
SACI_RS12005	117.101495500651	-0.17	0.197122321946647	-0.853779513314094	0.393227167764032	0.561853000689178
SACI_RS09715	700.746663949895	-1.50	0.210478662624026	-7.14228047650906	9.17950476554071e-13	1.88696574783036e-11
SACI_RS11955	2.95209702324517	0.00	1.15338388337406	0.00387517120934935	0.996908068460159	NA
SACI_RS09740	355.40775254038	0.10	0.171160911668574	0.595958696816674	0.55120281945406	0.702642115640822
sixA	954.239602259712	-0.15	0.0958006186468909	-1.51908800152081	0.128740346465877	0.246672861376595
SACI_RS09750	974.889408963725	-0.52	0.141971178156556	-3.66694870687823	0.000245462008694339	0.00122297604331818
SACI_RS09760	196.753501346204	-0.43	0.177103872563201	-2.40733867107412	0.0160692602545822	0.0451393518825549
SACI_RS09765	183.523127869972	-0.58	0.199778927958535	-2.9064393409616	0.00365567770172678	0.0130879164776931
SACI_RS09770	455.660727693115	0.46	0.161480952210329	2.8375498520562	0.00454612469093281	0.0156965195112964
SACI_RS09775	621.018609687826	-0.05	0.112367875897419	-0.47904531572326	0.631906391122013	0.768434779896574
SACI_RS09780	682.50446665793	-0.67	0.225634678203429	-2.97954412411032	0.00288677650308498	0.0106673265066378
SACI_RS09785	454.56337806356	0.67	0.225192573233391	2.98415066203794	0.0028436671255807	0.0105205515587634
SACI_RS09790	99.0527119175335	0.46	0.268086198077946	1.71772764525069	0.0858463043979197	0.180166956626871
SACI_RS09795	4490.83404413036	-0.57	0.114962089408418	-4.9503313132511	7.40872487055211e-07	6.47793859104049e-06
SACI_RS09800	273.313439781737	0.30	0.208426521314994	1.43651979986759	0.15085448638031	0.281821754306841
SACI_RS09805	37.4297751252471	-0.33	0.32318331696968	-1.02314291368199	0.306240279344173	0.471512811053727
SACI_RS09810	72.026591373159	0.47	0.252836809380904	1.85119683141045	0.0641412414493993	0.142720009647982
SACI_RS09815	85.1539970135839	-0.15	0.256534999735321	-0.574155926663351	0.565862290646302	0.714579556617624
SACI_RS09820	433.499068840321	-0.71	0.152498305216653	-4.68597501057634	2.7863026175512e-06	2.17303601127611e-05
SACI_RS09825	1204.34195752349	-0.68	0.126631972126379	-5.36878538520177	7.92686797818779e-08	8.14735039877314e-07
SACI_RS09835	447.936178446211	0.19	0.242764902135905	0.788485085053265	0.430413019389961	0.596695851802786
SACI_RS09840	501.867723243959	0.80	0.192630589435301	4.14199297093856	3.44300897687522e-05	0.000210375981579147
SACI_RS09845	6685.98881982468	-3.59	0.273611070942942	-13.1247396639447	2.37597859486116e-39	4.09724308802725e-37
SACI_RS09850	4564.99318212137	-3.97	0.270441023169229	-14.6830963063125	8.27250152027176e-49	2.33434951990214e-46
SACI_RS09855	904.909714943231	-4.89	0.327828628861929	-14.9054540102867	3.03740956574325e-50	1.17851491150838e-47
SACI_RS09860	7643.38167612199	-5.10	0.343686152651485	-14.8344855319849	8.76734962819167e-50	3.02376147176744e-47
SACI_RS09865	280.286225819583	-0.96	0.189160448435222	-5.0547550384374	4.30943530520024e-07	3.96928403185209e-06
SACI_RS09870	24538.8200564832	-3.83	0.282866001972553	-13.5437501553436	8.62697583155806e-42	1.67363331132226e-39
SACI_RS09875	15943.1274911281	-3.58	0.283811771711181	-12.6020742778648	2.05663663927247e-36	2.90172733104624e-34
SACI_RS09880	42.7526814713218	0.45	0.366272496108022	1.2190657672609	0.222819231594795	0.380085005546896
SACI_RS09885	54.4713181731711	0.54	0.284955910003309	1.90423681924769	0.0568793485053159	0.129248534231699
SACI_RS09890	21.0509480527199	0.32	0.4435495605771	0.723500723164419	0.469372309964659	0.633149672646247
SACI_RS09895	156.835832220277	0.75	0.240726396788603	3.0995484279854	0.00193815890052409	0.00752005653403349
SACI_RS09900	7.41821801161882	0.49	0.713064737786526	0.690035423616799	0.490171911007811	0.654405854523976
SACI_RS09905	27.4454317075507	1.26	0.417630186160681	3.02025514869287	0.00252561824388287	0.0094909431343976
csx7	54.131799526569	1.01	0.34542521373083	2.91275165460799	0.00358259398317586	0.0128559210679513
SACI_RS09920	209.454706910432	0.53	0.186449667620246	2.82445495314968	0.00473611052267514	0.0162261446604676
SACI_RS09925	3.95250867007944	1.11	1.50236637982637	0.73686457422841	0.461204709188351	0.626786084641262
SACI_RS09930	24.7117474939007	1.19	0.439576555032778	2.70880263403781	0.00675264960934124	0.0216766811066266
SACI_RS09935	463.439559043655	0.11	0.238341603185325	0.457527751458663	0.647291760100472	0.781418193275567
SACI_RS09940	262.366649690931	0.57	0.172610176014068	3.30721371436414	0.000942289729539781	0.00402320126615059
SACI_RS09945	190.485252637145	0.01	0.293836815547477	0.0411072995687547	0.967210355309767	0.984240084959754
SACI_RS09950	175.979680322057	-0.87	0.569055610542616	-1.53035974300866	0.125927707834507	0.241731357525238
SACI_RS09955	198.840170460633	-1.69	0.44417453530682	-3.80143875937978	0.000143858297689854	0.000765928226465363
SACI_RS09960	41.7215881690828	-1.46	0.517629482386514	-2.81590725388477	0.00486397060012157	0.0165002893363687
SACI_RS09965	332.642234164651	0.12	0.166590831682005	0.696931170393092	0.485845869642115	0.65030610791754
SACI_RS09970	1792.43171738809	0.33	0.176941130654472	1.87931487529113	0.0602015117569466	0.135116046633089
SACI_RS09975	1143.51523160741	0.94	0.15261037163263	6.12889667075759	8.84905700780481e-10	1.24739887279551e-08
SACI_RS09980	1047.27155693629	0.55	0.165478537550978	3.30739128931179	0.000941692541654156	0.00402320126615059
SACI_RS09985	20.7094894416787	2.66	0.588069970861741	4.52039875236265	6.17232597782149e-06	4.50797643180186e-05
SACI_RS09990	169.467341429799	3.10	0.292889912344873	10.5735602178426	3.95200813096714e-26	3.50486663957771e-24
SACI_RS09995	36.0074903484534	1.79	0.407697408432307	4.39678249731921	1.09867339875954e-05	7.57840495499912e-05
SACI_RS10000	221.512165865297	2.40	0.281787544726312	8.50827587125953	1.76538755596474e-17	6.44677996907594e-16
SACI_RS10005	48.5876927857928	1.64	0.376973732693954	4.33836378983511	1.43547406312156e-05	9.52075105113102e-05
SACI_RS10010	60.7760432681094	0.89	0.403327510047029	2.19472945267553	0.0281830106864513	0.0721782715930239
SACI_RS11900	23.0486973137842	2.13	0.539784167657226	3.94757398941406	7.89471234748909e-05	0.000441534903182092
SACI_RS10015	86.8613417413509	-0.17	0.240341981537233	-0.708982298504385	0.478335461762609	0.642194322366409
SACI_RS10020	161.966718182345	1.04	0.212150713822019	4.90083284089312	9.5431229932818e-07	8.13787191515019e-06
SACI_RS10025	555.634642988369	-0.12	0.13287519194989	-0.913872962255018	0.360783602285746	0.529490449879412
SACI_RS10030	374.434474499322	0.14	0.185433165685972	0.758558987443518	0.448116414194503	0.614168580889634
SACI_RS10035	60.1849441983302	-0.21	0.347793272966612	-0.614129928620045	0.539129472535396	0.693498459792687
SACI_RS11960	82.2152988356922	0.13	0.612825501099073	0.21548953896526	0.829385667191329	0.905845570359565
SACI_RS10040	1361.34939920217	1.61	0.155689514551448	10.3525612481649	4.07437587638618e-25	3.41807100548722e-23
SACI_RS10045	95.327661649919	1.02	0.277620440207346	3.66446024348485	0.000247860735009876	0.00123097555435305
SACI_RS10050	182.927666034683	1.18	0.24105168042063	4.91157583254349	9.03473326019513e-07	7.81164680770075e-06
SACI_RS10055	235.395314096223	1.13	0.203395181384542	5.54228763817622	2.9854536329131e-08	3.30958859877223e-07
SACI_RS10060	1084.81083517605	0.67	0.131877108913956	5.08792070943913	3.62010656226513e-07	3.37441764842972e-06
SACI_RS10065	992.015194309412	0.49	0.137450627529081	3.56750395644363	0.000360397939288942	0.00172369060639889
SACI_RS10070	363.387439727711	0.74	0.16584665608905	4.43394529485139	9.25241128062428e-06	6.52715559433131e-05
SACI_RS10075	1529.36472209478	-0.15	0.1104728152986	-1.38342126797359	0.166535733009761	0.303717341517214
SACI_RS11755	987.609616771664	0.52	0.156257843078401	3.32641479656569	0.000879709100200428	0.00380308780922302
SACI_RS10080	8982.75257591101	0.31	0.166682601141736	1.86309105329439	0.0624494567648324	0.139536597513458
SACI_RS10085	7694.85713070413	0.39	0.153851029220223	2.52882882997068	0.0114443825703393	0.0339287139430118
SACI_RS10090	4165.0605516156	0.69	0.187123931110577	3.68196160965554	0.0002314462686344	0.00115902801304137
SACI_RS10095	5130.31483752975	0.60	0.201850830490542	2.96289154403872	0.00304763930322119	0.0111555099023568
SACI_RS10100	722.842663427778	0.09	0.198834174525592	0.437868134880034	0.661481875999612	0.790769511395983
SACI_RS10105	572.350555995101	-0.22	0.203354620580543	-1.08212858796156	0.279195394466793	0.444649822691086
SACI_RS10110	153.307021587068	1.67	0.22315359850454	7.50497252486836	6.14414865494464e-14	1.46703364807294e-12
SACI_RS10115	175.129114559966	2.29	0.291829564772346	7.85581585896124	3.97178228717394e-15	1.16812012730725e-13
SACI_RS10120	178.339643349396	0.45	0.273949643084267	1.63398930179079	0.102261096966802	0.205848537603732
SACI_RS11760	508.423968480722	0.43	0.236978076325428	1.82399576200249	0.068152712945013	0.149664906055608
SACI_RS10135	161.092468265681	-0.02	0.203341269210655	-0.0840691685406636	0.933001437780953	0.962458113284174
SACI_RS10140	176.162746961047	-0.02	0.194890782107176	-0.116916744368086	0.906926029069816	0.946888124531688
SACI_RS10145	1620.43274467671	0.59	0.134421926464396	4.36425782760779	1.27555066520288e-05	8.62594611065304e-05
SACI_RS10150	52.5655632329417	-0.05	0.313023244161467	-0.156566929428794	0.875586167540317	0.932996726414399
SACI_RS10155	116.711378716063	-0.45	0.212264008750679	-2.10230845508765	0.0355262644118759	0.0870351418582974
SACI_RS10160	664.107578896411	-0.71	0.149994580538971	-4.74238160123524	2.11220277056294e-06	1.6767972889584e-05
SACI_RS10165	66.6899587561604	-1.41	0.295729952396008	-4.76953855068376	1.84648405549911e-06	1.48869779435565e-05
SACI_RS10170	37.633649605684	-0.75	0.409644982774812	-1.82882916773198	0.0674252040009218	0.148641927002032
SACI_RS10175	127.361514074278	-0.61	0.180509967087324	-3.38808022464201	0.000703836744059471	0.00313444656177991
SACI_RS10180	81.1334532904519	-0.07	0.306669190372406	-0.223556014993874	0.823102792347359	0.901203198393722
SACI_RS10185	15.4903773444204	0.31	0.519246124832906	0.604152847439756	0.545742026803714	0.699126393396091
SACI_RS10190	17.3085781326702	1.00	0.471570073614656	2.114292535732	0.0344902894986657	0.0851693385869995
nrfD	385.324867885392	-0.69	0.20530888502607	-3.37183828634733	0.000746682769998821	0.00329687527464629
SACI_RS10200	1922.10910701633	0.47	0.155508810940258	3.02286840775727	0.00250391098802705	0.00944366914560872
SACI_RS10205	1358.5342079593	0.41	0.197723578665503	2.05867039898666	0.0395258237406722	0.0948864322436554
SACI_RS10210	242.24786022093	0.19	0.223380043589293	0.845225691397994	0.397984840624657	0.565870711716035
SACI_RS10215	26.5612479151533	1.08	0.422341028482199	2.55020688611007	0.010765901083434	0.032381159847848
SACI_RS10220	354.877099555772	-0.19	0.127293683661793	-1.50230945535362	0.133017207852713	0.253477103425702
SACI_RS10225	76.6290735054371	-1.18	0.233750160229279	-5.05313099971976	4.34625574269539e-07	3.98015250012898e-06
SACI_RS10230	1093.24203215145	-1.50	0.192913386530786	-7.78354947659591	7.05175564012844e-15	1.95434370597845e-13
SACI_RS10235	3288.88570426879	0.34	0.118790349272164	2.90103272528478	0.00371935033376753	0.0132731259705815
SACI_RS10240	1541.0804276535	0.31	0.130597820989564	2.3652331083893	0.0180187253986634	0.0494956846349126
SACI_RS10245	1385.64277040572	-0.00	0.170179860150672	-0.0255421753318614	0.979622508399303	0.990511707800545
SACI_RS10250	1143.0045650988	-0.67	0.125443517007869	-5.36615291716988	8.04337560045799e-08	8.23981447650877e-07
SACI_RS10255	327.533132156254	-0.92	0.20779685132164	-4.43102440712025	9.37864718891778e-06	6.60120654748317e-05
SACI_RS10260	1279.99373088788	-0.68	0.168708751955126	-4.03244621978846	5.51992497453928e-05	0.0003245046803214
SACI_RS10265	1343.5120289916	-0.44	0.09842035756486	-4.43549584107456	9.18606052904602e-06	6.49510976814552e-05
SACI_RS10270	106.997872305688	-1.79	0.29876657576951	-6.00367272901988	1.92903339723046e-09	2.5264639936723e-08
SACI_RS10275	26.7868078446891	-1.78	0.452843454469922	-3.94126252207788	8.10538568674874e-05	0.0004508802360514
SACI_RS10280	604.549851778734	0.40	0.149792402359328	2.68529688423863	0.00724654054734495	0.0230227859354746
SACI_RS10285	143.273959132205	0.02	0.223497674973895	0.103475336167519	0.91758572329066	0.953473585546726
SACI_RS10290	377.393953262599	-0.15	0.139786187669317	-1.09298356134351	0.274401017393725	0.439494715165182
SACI_RS10295	226.574795593742	-0.65	0.168762093317346	-3.8550215051539	0.000115719456516555	0.000625772113288132
SACI_RS10300	461.072564826612	-0.55	0.137675571271055	-3.96902505072903	7.21672956236034e-05	0.000411778098558208
SACI_RS10305	841.774668849336	-0.60	0.114898888883493	-5.19049707939732	2.09733412406944e-07	2.02807636171699e-06
SACI_RS10310	683.786720260235	-0.74	0.136540200999782	-5.44304276811217	5.23780648945563e-08	5.6062590838863e-07
SACI_RS10315	181.428134125628	-0.64	0.173975760548222	-3.67989255823762	0.000233332242479437	0.00116628547609689
SACI_RS10325	2042.11339748696	0.01	0.108005782113323	0.11577748913564	0.907828891587537	0.947091774496512
SACI_RS10330	138.434161022106	-1.26	0.213103718893376	-5.9351060895109	2.93655552417194e-09	3.79794514459571e-08
SACI_RS10335	736.774869963167	-0.82	0.209805429689551	-3.92799916214333	8.56555093704432e-05	0.000474776251939028
SACI_RS10340	396.748459895004	1.02	0.194349595899512	5.22459659387527	1.74535198264499e-07	1.70901342401579e-06
SACI_RS10345	714.362902669247	-1.85	0.156351334848539	-11.8314985061193	2.68308560348965e-32	3.47012404717995e-30
SACI_RS10350	421.58736395766	-1.18	0.1600501705238	-7.36054392299953	1.8316235336108e-13	4.14989740753864e-12
SACI_RS10355	407.925512814414	-0.34	0.159318965524711	-2.10556452759425	0.0352421966588448	0.0866812824318972
SACI_RS10360	204.083071954363	-0.37	0.171400856873829	-2.16430473547517	0.0304409695422411	0.0769377360096668
SACI_RS10365	368.604957538308	0.45	0.184439885296423	2.43156680049299	0.015033675842944	0.0428114952444937
SACI_RS10370	67.2790404825828	0.84	0.303459145088479	2.75783586439597	0.00581854055723448	0.0191524389073763
SACI_RS10375	38.0216539781273	0.77	0.397156161478854	1.94392258287775	0.0519047875287569	0.119166021071939
SACI_RS10380	48.0795437545626	0.05	0.336636000495723	0.134370081485176	0.893109938574127	0.940656849355684
SACI_RS10390	1454.83985748061	-1.43	0.1857449091093	-7.69672207127607	1.39601082563366e-14	3.64135933005621e-13
SACI_RS10395	415.78064023513	-0.80	0.15403497228197	-5.18296749422964	2.18383110646157e-07	2.09864141004852e-06
SACI_RS10400	461.120404790212	-0.84	0.132652867133698	-6.36739762834137	1.92262286939393e-10	2.93981349093535e-09
SACI_RS10405	43.3963403284847	0.17	0.344501940813981	0.507153757012197	0.612046938658677	0.752558887653379
SACI_RS10410	2307.10149151376	-0.44	0.123744801911018	-3.5828481445912	0.000339868202944867	0.00163169876997645
SACI_RS10415	542.198727986208	0.03	0.180825312804981	0.160977573523229	0.872111063996867	0.931245256147367
SACI_RS10420	1867.18489999228	-0.25	0.168325207460449	-1.50555353844131	0.132181823221796	0.252253111381987
SACI_RS10425	417.628828600016	-1.21	0.186285191692941	-6.49529276649213	8.28720915135684e-11	1.3441196878041e-09
SACI_RS10430	5.68139115245619	0.08	0.770041769506302	0.106194125954622	0.915428331403645	0.95224180317591
SACI_RS10435	360.607518256862	0.27	0.19518504143249	1.37628956551522	0.168732002110478	0.306104111368161
SACI_RS10440	117.701944593314	0.44	0.209387315053515	2.11725645539667	0.0342380883585519	0.0846138744147652
SACI_RS10445	1203.8507958211	-0.19	0.134791673256962	-1.3983557289171	0.162006270494716	0.297554712198579
SACI_RS10450	162.419635153979	0.00	0.224250139182916	0.0221916739210362	0.982295059205147	0.991881543192185
SACI_RS10455	573.517167156102	0.03	0.121981844601852	0.264478020699771	0.791411598963996	0.883966032092207
SACI_RS10460	780.423056406397	-0.60	0.150938325749964	-3.96730430969393	7.26901539768988e-05	0.000412486723846973
SACI_RS10465	237.344518107495	-0.09	0.164479690295952	-0.562726758001849	0.573620960629607	0.720883985062267
SACI_RS10470	233.75721549271	0.26	0.183148467280166	1.43477198829603	0.151352082612598	0.281821754306841
SACI_RS10475	58.3995356047361	3.06	0.361232177073955	8.47158363843175	2.42079070782302e-17	8.4428475922277e-16
SACI_RS10480	1363.98282577771	-0.47	0.140963090469488	-3.34756340603654	0.000815253357673233	0.00356414989044748
SACI_RS10485	525.916447878885	-1.13	0.177265578831262	-6.37630992824668	1.81405639185778e-10	2.78754011897353e-09
SACI_RS10490	693.213432745151	0.25	0.124039785221314	2.04154848797481	0.0411963394625767	0.0979122800090644
SACI_RS10495	543.263653282387	0.46	0.182552091646121	2.51238033071768	0.0119919769289764	0.035149288373506
SACI_RS10500	2599.53613395398	0.04	0.101403635213736	0.402159362200413	0.687566747450467	0.808540592488733
SACI_RS10505	192.322770128409	-0.18	0.153075821853848	-1.18446193876426	0.23623025425662	0.393590289432393
SACI_RS12300	152.920519610076	0.11	0.176764726104674	0.619939252126897	0.535297782142073	0.690447929324075
SACI_RS12305	299.609352150259	0.04	0.167142364650235	0.218022186424377	0.827411824943597	0.904326163600326
SACI_RS10515	906.287164488822	1.50	0.265437091108376	5.65567939822549	1.5523099182416e-08	1.80463295364117e-07
SACI_RS10520	970.245284389417	0.53	0.186685711599542	2.82167149948826	0.00477740858853053	0.0162905415321319
SACI_RS10525	949.830684549266	0.55	0.138290811322267	4.00156064596725	6.29260617579405e-05	0.000363729042265637
SACI_RS10535	134.191939698956	-0.63	0.210404645226757	-2.99033491106304	0.00278671719905652	0.0103468542893199
SACI_RS10540	90.5033231037477	-0.67	0.263947173424424	-2.55066005667447	0.0107519141743755	0.0323704574173246
SACI_RS10545	233.946843745459	-0.79	0.213507528396088	-3.68189486441068	0.000231506884048212	0.00115902801304137
SACI_RS10550	614.898435873558	2.11	0.238191232843605	8.84233681470878	9.37371462935826e-19	4.15657288707544e-17
SACI_RS10555	1079.07037943962	2.31	0.231928193289656	9.95290740874635	2.4492116437283e-23	1.72780748684833e-21
SACI_RS10560	188.526847132118	-0.23	0.177278467076326	-1.30210079945031	0.192881929921664	0.341531951213261
SACI_RS10565	842.81956035408	0.03	0.0935497119625074	0.33853804636425	0.73495776095029	0.844310848444096
SACI_RS10570	86.9646473964375	0.52	0.244688427386593	2.14551868392912	0.0319113991995496	0.0798337967456419
SACI_RS10575	974.55425660515	-1.91	0.186670229902793	-10.2271857982526	1.49809531825153e-24	1.16252196696319e-22
SACI_RS10580	2804.33639508677	-1.52	0.274297976018483	-5.52372230603765	3.31891886659828e-08	3.62743808518347e-07
SACI_RS10585	3299.61451770465	-0.08	0.16138733678755	-0.489597489716057	0.624418753152503	0.763069216450933
aceA	2367.44299479489	1.08	0.125031754342783	8.62886442560547	6.19640871288913e-18	2.34556739570827e-16
SACI_RS10595	120.654719593703	0.66	0.224963856742278	2.93296616485632	0.00335740478661943	0.0121319958762127
SACI_RS10600	38.1417688163842	-0.16	0.332582890555377	-0.487264225338789	0.626071096400397	0.763885488689792
SACI_RS10605	278.5688037185	2.21	0.217068223480109	10.2037135611336	1.90833212411335e-24	1.44474705201167e-22
SACI_RS10610	252.576440437327	0.62	0.151229833216048	4.06826960852794	4.73635603131282e-05	0.000282181365090115
SACI_RS10615	496.416562773433	-0.23	0.147829869480559	-1.55672493876257	0.11953580500483	0.232772358052066
SACI_RS10620	801.354676413823	-0.05	0.281335562550475	-0.190195721565826	0.849155763626681	0.916792866190337
SACI_RS10625	6468.93941302079	0.22	0.231844849772993	0.929115226453449	0.35282937427325	0.521515417973414
SACI_RS10630	403.405734834935	0.34	0.134663793336116	2.49815562900627	0.0124841372873819	0.0363515592308004
SACI_RS10635	58.9880969560698	0.63	0.402374936363871	1.56965578350153	0.116495213184397	0.228139521592661
SACI_RS10640	362.329841004	0.38	0.403623016923656	0.930694840223156	0.352011439499802	0.52129938368673
SACI_RS10645	397.271336425573	1.26	0.401650076433389	3.13269415262867	0.00173209828289407	0.00681423709772269
sat	545.894073277982	1.30	0.303944287476215	4.29346165655378	1.75908705542114e-05	0.000114469732076043
SACI_RS10655	57.3374749640412	0.35	0.354404574061703	0.996111122660234	0.319196156200683	0.484965672465453
SACI_RS10660	2128.0411305069	0.38	0.214581636928181	1.75302964438798	0.0795969187443063	0.169923545930073
SACI_RS10665	110.59887446921	-0.59	0.212074776964664	-2.79647311709964	0.00516637088235172	0.0173742310063052
SACI_RS10670	278.300762501805	0.33	0.213058516308205	1.53865619391118	0.123888252047442	0.239296287713292
SACI_RS10675	464.997059836306	0.16	0.188505590128862	0.831866426057853	0.405484344517572	0.572101547901156
SACI_RS10680	1177.76075953321	-0.55	0.192047827785657	-2.86704208280405	0.00414327914592142	0.0144899058514965
SACI_RS10685	355.117028043776	-0.84	0.259340326633293	-3.24114729317691	0.00119049653908503	0.0049336465384779
SACI_RS10690	175.396439646673	-1.44	0.240303956649192	-6.00936658268609	1.86249561305189e-09	2.44965524699706e-08
SACI_RS10695	311.527411172171	-1.58	0.193018820605533	-8.17107618002955	3.0565054729201e-16	1.02014978364989e-14
SACI_RS10700	231.865781880475	0.61	0.215641080193544	2.83308388968947	0.00461012856562737	0.0158645665939106
SACI_RS10705	479.567583278866	1.28	0.167429473075799	7.63512841926792	2.25595445978605e-14	5.64716342191604e-13
SACI_RS10710	1353.69187583761	-0.35	0.176792144815094	-1.97487680729858	0.0482821299649818	0.111872245939624
SACI_RS10715	67.4734290366774	2.08	0.319884467203506	6.49381739521396	8.36881779865269e-11	1.34594872782476e-09
SACI_RS10720	1262.36393982988	2.02	0.163215446481812	12.3632645143105	4.1303576300353e-35	5.57418699288243e-33
SACI_RS10725	1685.58546121266	2.15	0.16681260454122	12.8846099149922	5.49526486159269e-38	8.97752743704406e-36
SACI_RS10730	2490.40265248617	0.90	0.187395209871794	4.7882953499281	1.68203973947791e-06	1.37007921889189e-05
SACI_RS10735	741.685581385014	1.11	0.186962678736112	5.91859314099549	3.24707103106832e-09	4.14769896314241e-08
SACI_RS10740	341.605523850969	1.09	0.196861250740752	5.51906281650747	3.40812359578165e-08	3.69888658786931e-07
SACI_RS10745	120.140717418482	0.11	0.278970473053269	0.394332458200245	0.693335602485573	0.811610384542383
SACI_RS10750	993.580109688849	0.26	0.154387768694153	1.68129122320481	0.0927063618399513	0.191840364767473
SACI_RS10755	1109.91727325926	0.44	0.154402113323315	2.82772421940762	0.00468801729181011	0.016096908931171
SACI_RS10760	1838.08379587371	1.44	0.15997248656087	9.01308371215468	2.00342242894362e-19	9.42215639309244e-18
SACI_RS10765	728.807708786416	0.02	0.150889135025335	0.138969147969839	0.889474528797433	0.940203668945268
SACI_RS10770	995.432792246669	-1.53	0.120670468909103	-12.7037890172815	5.63347203060881e-37	8.74314859150488e-35
SACI_RS10775	4867.08594686976	-0.95	0.108849112211374	-8.72751498259529	2.60329378499949e-18	1.06323998797874e-16
SACI_RS10780	1502.3605757098	-1.18	0.156902881456694	-7.53419677517946	4.9134985352992e-14	1.20090546878494e-12
SACI_RS10785	1645.68910134267	-1.03	0.193532161767365	-5.32936168899063	9.85585444578396e-08	9.9728688052138e-07
SACI_RS10790	4313.35462671182	-1.10	0.163981608014227	-6.7208182479554	1.80706885660344e-11	3.22364467292935e-10
SACI_RS10795	4818.42177976846	-0.84	0.155225716006809	-5.41698881008192	6.06111324385468e-08	6.38262844941669e-07
SACI_RS10800	420.762267659286	-2.12	0.203293447962519	-10.4134301266358	2.15320607171502e-25	1.85654212405651e-23
SACI_RS10805	1950.39976602182	-2.80	0.202481245192274	-13.8265981252061	1.7615630958543e-43	3.90563703537981e-41
SACI_RS10810	270.089516637851	0.28	0.165992287280011	1.71334193932523	0.0866496510130886	0.181484829112434
SACI_RS10815	2276.94511814677	-0.31	0.174903717102795	-1.77554682125006	0.0758076417717456	0.162729543609612
SACI_RS10820	834.134461647811	-0.23	0.15180904666339	-1.53503494817854	0.124775243732047	0.240560469903276
SACI_RS10825	448.118926027713	1.62	0.246034186192551	6.58321042284718	4.60396819636246e-11	7.80913512650769e-10
SACI_RS10830	166.27132679844	-0.18	0.206838743495194	-0.877690743381862	0.380111569236187	0.549205652274901
SACI_RS10835	1203.01550146044	-0.16	0.131089816173227	-1.19258099625046	0.233033512098889	0.390570206023192
SACI_RS10840	620.964373646761	-0.50	0.153794740763225	-3.22977109578729	0.00123889364934724	0.00511373123347584
SACI_RS10845	343.343496866279	-1.41	0.248198977404847	-5.67601459484767	1.3786902101431e-08	1.61488845746573e-07
SACI_RS10850	1644.73992412936	-0.08	0.102947126128297	-0.775428012380057	0.438086787850931	0.605324050372385
SACI_RS10855	252.873790292976	-0.43	0.151145835027183	-2.8188349997635	0.00481982871210561	0.0163863617988782
SACI_RS10860	786.815305074811	-0.78	0.125913648215816	-6.22351105482586	4.86150544881688e-10	7.01865716889656e-09
SACI_RS10865	1815.11354864764	-0.44	0.110077085877605	-4.03574997488455	5.44281543065989e-05	0.000320578730488962
SACI_RS10870	89.1686882151955	0.15	0.239834827631886	0.612757831626602	0.540036477026873	0.694108995731435
SACI_RS10875	2605.08018626738	0.28	0.139744996891178	1.97803974007204	0.0479242236815247	0.111178468092267
SACI_RS10880	1992.26047814292	0.49	0.155800947080535	3.12915010360865	0.00175312726762718	0.00688823675786679
SACI_RS10885	593.444575972101	0.35	0.236676288732798	1.45804954524121	0.144826887046543	0.272780738709023
SACI_RS10890	4709.51903379935	0.29	0.183501201318069	1.55418851315681	0.120139456684187	0.233801174638066
SACI_RS10895	1742.02390564663	0.06	0.204492428156826	0.312360080684564	0.754766884644431	0.856673038731479
SACI_RS10900	887.84486327397	-0.40	0.20487818787474	-1.92838845949258	0.0538068261993839	0.123077662876115
SACI_RS10905	2395.17806355159	-0.25	0.15729202816431	-1.57699600984697	0.114796443200534	0.22531729803002
SACI_RS10910	191.198941184653	0.40	0.183765619453681	2.15194128496787	0.0314019790832681	0.0788606335553917
SACI_RS10915	217.221122880672	-0.68	0.201151753886278	-3.39789244542858	0.000679071119363859	0.00305041498481247
SACI_RS10920	1209.32946108385	-1.52	0.160660096981123	-9.44589457595508	3.52381256101359e-21	2.10344503642042e-19
SACI_RS10925	1104.90333892889	-1.41	0.14070101023792	-10.0079003032323	1.40707102628833e-23	1.01570894548813e-21
SACI_RS10930	6315.75222592084	-1.63	0.145485067457563	-11.2284526299429	2.95610049896882e-29	2.9599148221933e-27
SACI_RS10935	4237.38192812556	-1.66	0.153861505603533	-10.8206410791732	2.74848089049969e-27	2.50920137767972e-25
SACI_RS10940	1168.61075951268	-1.45	0.149270541787689	-9.72440420745414	2.37290423479985e-22	1.53447807183723e-20
SACI_RS10945	15817.2243202242	-1.50	0.159018597937807	-9.45931614194434	3.09963699791512e-21	1.8865241650056e-19
SACI_RS10950	92.0141876377681	-2.17	0.231482994667942	-9.35526086091161	8.33936744463411e-21	4.54129764002531e-19
SACI_RS10955	244.671310829854	-0.47	0.199548792953116	-2.33077449341069	0.0197652537568156	0.0531180499230786
SACI_RS10960	809.59244493071	0.11	0.196504307880336	0.54944618903615	0.582699283547661	0.728122090725847
SACI_RS10965	696.783062881752	0.11	0.192647713892823	0.582687382993205	0.560103768320275	0.709327660900095
SACI_RS10970	3886.55929290408	0.19	0.107529938543	1.79478268286977	0.0726883309249752	0.157559063680952
SACI_RS10975	7744.9452528248	-0.27	0.126666227634957	-2.13955183498549	0.0323910026207497	0.0806268421289552
SACI_RS10980	3538.93230632815	-0.34	0.141996713470766	-2.39944130598531	0.01642011201196	0.046000024986574
SACI_RS10985	32001.4420305428	-0.40	0.107468682090401	-3.71692034877988	0.000201665986883834	0.00102116023374783
SACI_RS10990	4284.31866668313	1.50	0.346050378731751	4.34176374445366	1.41343474521635e-05	9.39464978405042e-05
SACI_RS10995	1419.63130382907	0.90	0.214678093596756	4.18485908139124	2.85343059503048e-05	0.000179292481112846
SACI_RS11005	33.7154610044659	0.67	0.465329915020999	1.44203987892004	0.149291123863568	0.279661827684077
SACI_RS11010	1019.17551333329	0.52	0.12442567042835	4.14126200953159	3.45400133947488e-05	0.000210633008992731
SACI_RS11015	12163.0543531976	-0.62	0.246565709191596	-2.49663477139113	0.0125378015583137	0.0364736045332762
SACI_RS11020	2689.86461849354	0.00	0.157873215839519	0.0108700641890252	0.99132711440454	0.99526760313578
SACI_RS11025	255.53396395787	0.59	0.234965225767374	2.52208703997107	0.0116660838056806	0.0344216008867229
SACI_RS11030	153.019979222787	0.70	0.179472000267554	3.91469523198855	9.05184704204588e-05	0.000500836599260435
SACI_RS11035	809.326023039753	0.19	0.151178319929097	1.28344317263837	0.199336856734527	0.349769136972284
SACI_RS11040	4522.12604615461	0.59	0.231737035329107	2.56289399192395	0.0103803737216156	0.0314041715710477
SACI_RS11045	1618.49444181242	2.46	0.172386202649383	14.2474065751944	4.65240287468607e-46	1.20342154358546e-43
SACI_RS11050	5866.60628383645	5.02	0.128741420845225	38.9741801020692	0	0
SACI_RS11055	3003.02909738521	-0.14	0.105904395229716	-1.30902289663353	0.190526594918578	0.337746745075537
SACI_RS11060	2279.1310820001	-0.07	0.144454677929195	-0.45201153734449	0.651260670915183	0.783968558312351
SACI_RS11065	1878.19102328159	-0.60	0.161438962479897	-3.72876093177258	0.000192423595161664	0.000980759998984903
SACI_RS11070	1603.68234732146	-0.26	0.107866300849997	-2.39024276453844	0.0168372392768404	0.0470189025582279
SACI_RS11075	199.038999972556	-0.88	0.221775478956561	-3.95758325327865	7.57119028061394e-05	0.000424972416474244
SACI_RS11080	1465.30290432422	-0.90	0.207375570041976	-4.34387985754616	1.3998809336256e-05	9.34458154402981e-05
SACI_RS11085	538.899819563929	-0.68	0.165890553241173	-4.07321309188183	4.63689632382077e-05	0.00027678704209884
SACI_RS11090	2896.56289317207	-0.49	0.190414598204291	-2.56694704445896	0.0102598279627944	0.0311001035122207
SACI_RS11095	909.000925877371	-2.16	0.184514939113438	-11.6896210874569	1.4402774399187e-31	1.78824846940305e-29
SACI_RS11100	3079.14007128082	-1.96	0.191732504473157	-10.2423838172831	1.280420074545e-24	1.02825098228885e-22
hpaD	1136.94080919739	-2.13	0.1597684842213	-13.3283823681161	1.58292791265844e-40	2.89024014170106e-38
SACI_RS11110	949.463549522741	-0.74	0.142337802658283	-5.23177914791978	1.67886263605675e-07	1.65434591184767e-06
SACI_RS11115	1445.2737017942	-0.75	0.356495082420576	-2.0928953429239	0.0363584980725786	0.0889336312192938
SACI_RS11120	1043.31381859026	-0.56	0.122792535060919	-4.59992068440411	4.22651835394895e-06	3.22336928025984e-05
SACI_RS11125	200.810466614091	-0.70	0.242982062432495	-2.86884390904851	0.0041197505360835	0.014449384931077
SACI_RS11130	2756.57495143715	0.45	0.150887974532752	2.98863814226649	0.00280223791689884	0.0103852666607836
SACI_RS11135	3668.00128801426	0.28	0.159493652804645	1.73352630826131	0.0830021656379354	0.175503216716724
SACI_RS11140	1010.34909590984	-0.18	0.136355230319379	-1.29391392429936	0.195695154282023	0.345724393222197
SACI_RS12125	473.198470789027	-0.60	0.141223562595175	-4.27270292661833	1.93117668358232e-05	0.000125143474443414
SACI_RS11150	623.052553937079	-1.19	0.133292579702311	-8.93076441271002	4.23075188884341e-19	1.93121380337793e-17
SACI_RS11155	1225.12072707049	-0.47	0.0981570213965588	-4.82339134642343	1.41137665526124e-06	1.1620459251806e-05
SACI_RS11160	8083.80557674302	-0.49	0.137316132907218	-3.5461486415066	0.000390905644936371	0.00184683580195205
SACI_RS11165	5563.85824572492	-0.35	0.101062743398142	-3.46761676258641	0.000525095564064808	0.00240752825828237
SACI_RS11170	7389.89091592335	0.90	0.124105458901887	7.23649783793729	4.60419002167189e-13	9.9245873800483e-12
SACI_RS11175	87.9207494778886	-0.51	0.26027025831216	-1.95279919251213	0.0508433942711827	0.116902145050186
SACI_RS11180	488.894973610024	-0.46	0.129417054382568	-3.58266053579295	0.000340112469128468	0.00163169876997645
SACI_RS11185	1898.78601320736	0.55	0.142059618652881	3.90114458456523	9.57389456408802e-05	0.000525971127910251
SACI_RS11190	119.471859671216	0.42	0.206881486509776	2.00654618624388	0.0447980062244354	0.104787499111264
SACI_RS11195	64.1255316125804	0.06	0.27211807075387	0.214136723979419	0.830440438347779	0.906041167181549
SACI_RS11200	2903.4021636312	1.28	0.210155621741842	6.10749344371081	1.01207968436476e-09	1.40245327690545e-08
SACI_RS11205	54.4925965254082	0.63	0.329121770342077	1.9124464797713	0.0558189511366592	0.127492291632222
SACI_RS11210	5771.58234103111	-0.56	0.0695461958902362	-7.99794757444605	1.26510211590053e-15	3.92687696775524e-14
SACI_RS11215	11587.6261917561	-0.84	0.0914373163260837	-9.13785255986807	6.37047103718135e-20	3.13872096816046e-18
SACI_RS11220	8567.45740514415	-0.96	0.114768694367297	-8.33593794239349	7.68862404627398e-17	2.62258121314664e-15
SACI_RS12130	41964.0889701337	1.01	0.183683128111583	5.52050684882223	3.38023217699838e-08	3.6814879569835e-07
SACI_RS11230	4054.9784492843	-1.43	0.19749102266052	-7.24758128062128	4.24279846115467e-13	9.20954295344342e-12
SACI_RS11235	3034.26225981717	-1.21	0.226500402504154	-5.32680523087169	9.99552450547842e-08	1.00734117094172e-06
SACI_RS11240	450.546550802806	-0.63	0.135962181606518	-4.59802007374593	4.26524907838051e-06	3.244934592964e-05
SACI_RS11245	211.852063807851	-0.97	0.163714560476709	-5.92684679655687	3.08806828087867e-09	3.96163189315641e-08
SACI_RS11250	131.636512138428	1.39	0.230104555772778	6.0616507420708	1.34731531160858e-09	1.81041849663767e-08
cimA	2115.60974150461	-0.83	0.18345813800365	-4.50808898482559	6.54141422046727e-06	4.74405367764729e-05
ubiA	1313.4325849737	-0.28	0.0948615901958346	-2.95737342585706	0.00310272105642733	0.011343752837633
SACI_RS11265	304.940112384034	0.19	0.147958036574122	1.28367855696909	0.19925445025819	0.349769136972284
SACI_RS11270	127.198059089733	0.03	0.233562571095242	0.117899250274797	0.906147487299725	0.946393607193252
SACI_RS11275	257.723270036384	-0.03	0.181282633517652	-0.14032524492909	0.888403019092395	0.940198762789906
SACI_RS11280	860.677252353013	-0.64	0.126405073424886	-5.0334741535864	4.81669784439727e-07	4.38446630762731e-06
SACI_RS11285	1364.48264074466	-0.90	0.133434468610324	-6.77918428895936	1.20856286292706e-11	2.19378896288046e-10
SACI_RS11290	120.270078139365	0.53	0.280416052044473	1.88093596927732	0.0599806295357734	0.134956863924549
SACI_RS11295	11.422502553816	1.60	0.794852870721171	2.00817083540404	0.044625141032207	0.104540707746393
SACI_RS11300	101.108450573535	0.42	0.216575605888051	1.95425808604595	0.0506707030072421	0.116591447097465
SACI_RS11305	1294.43982179123	-0.37	0.115244745854042	-3.18476452583615	0.00144871838196975	0.0058705246183213
nuoN	1777.11710350751	-0.53	0.134814244174	-3.92876571416348	8.53829728697533e-05	0.000474112250067468
SACI_RS11315	5411.88404900122	-0.50	0.120132241013464	-4.17037073128141	3.0410451724884e-05	0.000189166417142365
SACI_RS11320	164.943193542334	-0.62	0.263752024673459	-2.33598115468986	0.0194922237421608	0.0527037129753199
SACI_RS11325	941.881037557645	-0.38	0.17041932589073	-2.21972792875516	0.0264372418042909	0.0684413666059375
nuoI	997.123176351347	-0.25	0.12975635949568	-1.88888912393597	0.0589066871138945	0.132882526745297
nuoH	2067.73489612655	-0.32	0.152591758447398	-2.07821593713404	0.0376894748633311	0.0914684362594056
SACI_RS11340	2655.36649416568	-0.38	0.138700239341713	-2.73500005366213	0.00623802658912017	0.0202964722564245
SACI_RS11345	814.11056606347	-0.14	0.125671022379456	-1.10253781385326	0.270227928480798	0.435092995850873
ndhC	551.895217116521	-0.00	0.147387444435632	-0.0319355547109587	0.974523444532473	0.988536199944051
thyX	2026.86417972921	0.01	0.148777732005191	0.0788736865274929	0.937133093130352	0.966399043547048
SACI_RS11360	703.313544658108	0.61	0.15042822063487	4.02597262835453	5.67402893876397e-05	0.000331679582409103
SACI_RS11365	737.14989568168	-0.37	0.126625291474197	-2.95454155598054	0.00313133978632504	0.0113946995272602
SACI_RS11370	428.735434914477	0.30	0.126653592158587	2.37411264099766	0.017591183093162	0.0484929239086812
SACI_RS11375	1225.81747867187	-0.04	0.11358962077664	-0.376385195812511	0.706630550263563	0.824155362805921
SACI_RS11380	216.161476936595	-0.10	0.160100155916704	-0.630617413636541	0.528290710087747	0.685254644426396
SACI_RS11385	61065.7130867913	1.04	0.1794105898013	5.79113779772161	6.99111881638039e-09	8.54347748269477e-08
SACI_RS11390	639496.928139489	1.14	0.210567979094865	5.40511322469838	6.4767466552102e-08	6.76896350766749e-07
SACI_RS11910	11846.8194670719	1.61	0.214838926948052	7.49004446726783	6.8850283331253e-14	1.61902484439553e-12
SACI_RS11400	9.28767506754823	0.51	0.639658182423135	0.79519320427395	0.426501124241715	0.592861392586782
SACI_RS11405	6.41967473338562	1.04	1.06408107923784	0.975491076862781	0.329316725762757	0.496631315086397
SACI_RS11410	237.559816961548	-0.58	0.160488199476485	-3.63032368626015	0.000283066012584158	0.00138586262312496
SACI_RS11415	1.86485827105767	2.31	1.79776247343858	1.28699067370915	0.198097538830075	NA
SACI_RS11420	461.202910581409	-0.04	0.177676456257023	-0.242435742896506	0.808442541449962	0.896077422414541
SACI_RS11425	946.230056522921	-0.41	0.131020947880984	-3.10496546160506	0.00190301244558752	0.00740219377331287
SACI_RS11430	668.021031895941	-0.26	0.133410323665819	-1.97197330715411	0.0486126537655025	0.112523249282714
glmS	4057.62091694893	-0.31	0.101917469682431	-3.05962145226529	0.0022161691046735	0.00845084631561001
mvk	155.686122401334	-0.04	0.20124829178279	-0.20603872152066	0.83676066475324	0.909854439856857
SACI_RS11445	364.209279122369	-0.69	0.141009580001535	-4.92708380749527	8.34659606548019e-07	7.23969934148378e-06
SACI_RS11450	692.75108741549	-0.33	0.126991646704345	-2.59815094691716	0.00937272821906075	0.0288334473656735
SACI_RS11455	340.449483301835	0.27	0.1545287291058	1.73748886754732	0.0823009173259445	0.174257876793814
SACI_RS11465	1298.28783910471	0.43	0.108699607480269	3.99195651680469	6.5530390661698e-05	0.000375982130524788
SACI_RS11470	216.047811715805	0.41	0.241674698131627	1.68937624348379	0.0911473506547205	0.189118567133859
SACI_RS11475	228.052113050294	-0.24	0.175440567259816	-1.36598698838328	0.171943047411203	0.311201877063775
SACI_RS11480	2120.14136944595	0.33	0.148167500801821	2.25136825917116	0.0243622227575306	0.063814632438291
SACI_RS11485	4341.24018199058	0.03	0.172972060163853	0.162782065848031	0.870690029295856	0.931245256147367
Sac_sR101-sno	33.6482779887812	0.01	0.421389750793752	0.0161792209684305	0.987091412560041	0.994335506513611
Sac_sR9-sno	3.06531461170673	0.28	1.21236892059179	0.227928076034452	0.819702155616558	0.899701375895967
Sac_sR102-sno	3.10675204709065	1.60	1.35711918466323	1.17974431874358	0.238101921395582	0.395435186737232
Sac_sR12-sno	0.284977447968272	1.41	5.06466667593346	0.278809827007221	0.780390772534433	NA
Sac_sR24-sno	1.47120757876575	1.00	1.6815627978278	0.595427955625852	0.55155744338311	NA
Sac_sR103-sno	341.077696632628	0.00	0.257176413038932	0.0132393170369084	0.989436861925199	0.994885655787436
Sac_sR11-sno	0	NA	NA	NA	NA	NA
Sac_sR104-sno	1.55066596341104	0.31	1.42062466799418	0.221479938108875	0.824718755812272	NA
Sac_sR10-sno	13.6154662046203	0.57	0.671651134045633	0.850406871734296	0.395098916977723	0.56378431759167
Sac_sR105-sno	21.5703106204226	0.22	0.475304213974662	0.464341691142535	0.642402958594918	0.777092277271483
Sac_sR106-sno	22.8314473380991	-0.66	0.396461479610208	-1.66236292749589	0.0964400274489293	0.197865077823667
Sac_sR107-sno	0.151571615085789	-1.33	7.34713449473271	-0.18075585355306	0.856559215987069	NA
Sac_sR36-sno	15.5948005607494	0.91	0.522769932504995	1.73259571011967	0.0831675522822152	0.17573320781756
Sac_sR13-sno	18.5283624279051	1.21	0.481612502898419	2.52227131814251	0.0116599735955333	0.0344216008867229
Sac_sR6-sno	18.4468533400962	-0.27	0.494468818285873	-0.54753510020591	0.584011162855299	0.728849931734159
Sac_sR108-sno	21.6215619220319	1.15	0.456560657009676	2.51492996673551	0.0119056030870568	0.0349621494628422
Sac_sR7-sno	5.79270934473576	-0.60	0.794671013600883	-0.754639717580897	0.450465185776722	0.616237962384727
Sac_sR5-sno	95.5799123271448	0.86	0.27014308215995	3.17011750316802	0.00152377303969501	0.00613461934528317
Sac_sR109-sno	7.65099893078209	-0.06	0.874282719831926	-0.0643556466149962	0.948687045650874	0.974106711776485
Sac_sR20-sno	20.4173656405852	0.22	0.635292359137337	0.33920007692396	0.734459011319318	0.844310848444096
Sac_sR110-sno	1.1722489171922	-0.99	1.84957265988293	-0.532637385144165	0.594284617732005	NA
Sac_sR111-sno	37.4487930193736	0.70	0.344828493884376	2.03081978344466	0.0422732794067104	0.0995571011217216
Sac_sR112-sno	0	NA	NA	NA	NA	NA
Sac_sR113-sno	3.73947253750775	0.99	1.11612146397103	0.884802074798575	0.37626339024977	0.545757739876301
Sac_sR114-sno	21.9296599503708	-0.47	0.397189067982606	-1.19185303533126	0.233318876029342	0.390626640342544
Sac_sR115-sno	1.35794752421829	1.20	1.708737779674	0.701563754926488	0.482951261890244	NA
Sac_sR22-sno	0.0334678255462857	0.00	7.3561311249555	0	1	NA
Sac_sR116-sno	0	NA	NA	NA	NA	NA
Sac_sR117-sno	0	NA	NA	NA	NA	NA
Sac_sR118-sno	98.7199769722929	-0.86	0.264493892846311	-3.25065725029446	0.00115138574671783	0.00481009604012403
Sac_sR27-sno	133.77743639442	-0.77	0.248439377250891	-3.10103497526758	0.00192845511012123	0.00749177054044593
Sac_sR17-sno	90.9333239591896	-0.23	0.214107480330372	-1.07248752531224	0.283501114076936	0.448058787217316
Sac_sR28-sno	0.108754343800079	0.00	7.3561311249555	0	1	NA
Sac_sR119-sno	53.2735380104057	0.59	0.328170518265011	1.78598101376019	0.0741023323283679	0.160162078530689
Sac_sR23-sno	6.0040282940027	0.78	0.775442432284361	1.00855137896989	0.313189835288781	0.478887314648462
Sac_sR120-sno	2.46605794875977	-0.05	1.45941402031577	-0.0327917888200696	0.973840626265283	NA
Sac_sR121-sno	1.63541756379924	0.03	1.32638681931924	0.0229776438223399	0.981668105886207	NA
Sac_sR2-sno	0	NA	NA	NA	NA	NA
Sac_sR122-sno	7.86111573568422	-0.70	0.728487192753111	-0.95683264293977	0.338651733233991	0.505541060516648
Sac_sR14-sno	11.1212850258937	-0.19	0.808747459972987	-0.234210584919349	0.814821497954958	0.898261802020952
Sac_sR3-sno	0	NA	NA	NA	NA	NA
Sac_sR25-sno	12.0836632245242	-1.28	0.600779115836651	-2.13668514272695	0.0326236092301624	0.0811407716750194
Sac_sR123-sno	3.92012683071203	1.17	1.10448585791566	1.05589441143758	0.291016457655721	0.455529543400583
Sac_sR124-sno	0.285163001373866	1.41	6.5087674853692	0.216486666070062	0.828608417674929	NA
Sac_sR125-sno	0	NA	NA	NA	NA	NA
Sac_sR126-sno	0	NA	NA	NA	NA	NA
Sac_sR127-sno	0.634720426875992	-1.24	3.10120056966412	-0.398253306047	0.690443476111801	NA
Sac_sR128-sno	32.878388423082	-0.08	0.477468639306219	-0.162127092744793	0.871205771510083	0.931245256147367
Sac_sR26-sno	25.6802817483504	0.44	0.44535671988179	0.986916227003323	0.323683708527447	0.489865544256068
Sac_sR129-sno	1.44458834607463	2.31	2.00992607818638	1.14736305210423	0.251231604872701	NA
Sac_sR1-sno	1.87873002086708	-1.21	1.56650655326621	-0.770256771811241	0.441147593398453	NA
Sac_sR19-sno	1.10187906156497	0.06	1.98582683810055	0.0292369748977302	0.976675592125218	NA
Sac_sR15-sno	65.4401121078039	-0.20	0.380127847477934	-0.531919214601298	0.594781948634045	0.739072525444385
Sac_sR29-sno	1.6602169558093	2.42	1.87705215471728	1.29048442100066	0.196882517498903	NA
Sac_sR130-sno	26.2091501915442	-0.56	0.338235499475302	-1.65094790848066	0.0987492120541974	0.201616176486391
Sac_sR21-sno	11.3178290517135	0.56	0.644535637515802	0.861256386123625	0.389096850824639	0.558113042957338
Sac_sR8-sno	18.3390367984234	0.07	0.449196315225018	0.159330547904183	0.873408454421958	0.931640400658214
Sac_sR131-sno	4.38499890448902	2.42	1.13456923438068	2.12876976939351	0.0332733132135758	0.0824264678491135
Sac_sR18-sno	65.9760611304903	-0.61	0.228992469714842	-2.66546605261994	0.00768816934255244	0.0242521114220353
Sac_sR16-sno	13.8307480716924	0.84	0.668098877144748	1.26413191426185	0.206182683455289	0.35954553339619
Sac_sR132-sno	57.6526162183509	0.42	0.377495915395665	1.10854142960183	0.267628057123186	0.431541552888503
Sac_sR4-sno	0.888187487693037	2.21	2.91253802816707	0.758078535759963	0.44840396847381	NA
asRNA_2	18.5603752334015	0.25	0.46886411411898	0.533019574849218	0.594020030064144	0.738421374977614
asRNA_3	18.5971412807255	0.45	0.489064919793475	0.928482009876077	0.353157595455248	0.521752106755398
asRNA_4	15.4752339768749	0.40	0.485431855426431	0.817453882589564	0.413669093929381	0.581534813205072
asRNA_5	1.03147823690614	1.69	1.98260386270925	0.854462632025443	0.392848705680638	NA
asRNA_6	4.97297966766695	1.18	0.993135185438376	1.18611717407653	0.235576029152822	0.39292208194001
asRNA_7	16.5444154127126	-0.64	0.518597388514179	-1.23933736882888	0.215220585263766	0.371135942588183
asRNA_8	3.81348148683059	1.03	0.882126231261014	1.16332656826928	0.244697030163438	0.40336674542077
asRNA_9	9.84450464249231	-0.15	0.651091201442136	-0.225564173080247	0.821540408445768	0.900445419426435
asRNA_10	2.34282912169188	1.61	1.69234463234532	0.950942007738408	0.341633815603655	NA
asRNA_11	9.86801555364553	0.03	0.628525932611657	0.0431242189566152	0.965602513319151	0.983988903920763
asRNA_12	2.58355032119921	-0.74	1.11113051231397	-0.668468803614546	0.503834388979254	NA
asRNA_13	1.35651672473537	1.40	1.87272158294026	0.74606894216835	0.455625769553418	NA
asRNA_14	43.0827676976363	0.64	0.41063058539666	1.56441156599602	0.117720946253164	0.229959608036388
asRNA_15	0.731819729729265	1.09	2.46023000124938	0.442350211358845	0.658235801665362	NA
asRNA_16	3.22570622263072	1.03	1.16952420834243	0.880602254485457	0.378533137929713	0.547944661364786
asRNA_17	1.77947217155406	-1.45	1.61030380849105	-0.897505976531611	0.369448985727961	NA
asRNA_18	1.9809325978829	-1.07	1.96133459282937	-0.543896726745679	0.586512541558461	NA
asRNA_19	3.54538079191889	-0.16	1.0641147548342	-0.14568975774831	0.884166307227569	0.938660741043983
asRNA_20	5.12959060984308	-0.93	0.852770393743627	-1.09207428394981	0.274800451632095	0.439680722611352
asRNA_21	7.71956193023346	1.82	0.848721097566794	2.14679736023005	0.0318094175952446	0.0796904214815489
asRNA_22	5.26263601356818	0.38	0.870355102255885	0.436452248306328	0.662508637784843	0.79093338910929
asRNA_23	1.26291257634991	0.97	2.1630642411497	0.446975835670085	0.654892507232701	NA
asRNA_24	25.631477446453	0.92	0.437567894163702	2.10812014107234	0.035020598675379	0.0862729668955369
asRNA_25	28.8592440751107	0.18	0.426328098426715	0.413199798332169	0.679460235871648	0.803139593353235
asRNA_26	0.751956350909147	1.27	2.90131007827839	0.438105668322759	0.661309685605432	NA
asRNA_27	11.8784185652937	0.19	0.569521887563882	0.325742350302834	0.744619299361765	0.850598777727556
asRNA_28	12.7903358107444	1.06	0.592604046941808	1.79600117467658	0.0724943302099025	0.157248358470676
asRNA_29	7.74191940811949	1.27	0.814003921884907	1.56269459935856	0.118124445303295	0.230602690705299
asRNA_30	4.16582499014801	1.01	0.871569621870984	1.15933519420615	0.246319581353635	0.405180699799514
asRNA_31	4.60502908329038	-0.39	0.876378440522966	-0.450246622207105	0.652532622534541	0.784758334113606
asRNA_32	4.68634247741586	-0.31	0.808036496536201	-0.387855600431111	0.698122896737597	0.815365570180195
asRNA_33	0.665329060702977	0.00	3.66136567305756	0	1	NA
asRNA_34	0.924611757043508	1.99	2.12083944257989	0.938390805279929	0.348043609427492	NA
asRNA_35	12.0933927320303	0.97	0.700625920650395	1.38275280449777	0.166740674709767	0.303734186795256
asRNA_36	13.2419071995058	1.20	0.633255509758372	1.89841914350609	0.0576408897951742	0.130787516026477
asRNA_37	2.47277547056135	0.62	1.28238938683251	0.487250611773567	0.626080742614233	NA
asRNA_38	2.22918590481827	5.15	1.77182269443628	2.9047606735432	0.00367534012516236	NA
asRNA_39	0.244790296895976	-0.79	5.92927355136699	-0.134040754226546	0.893370347987483	NA
asRNA_40	8.49504340753968	0.63	0.746147198033286	0.850050620193876	0.39529694355319	0.56378431759167
asRNA_41	17.0030300673237	-0.18	0.442094722480178	-0.401656611310333	0.687936760555008	0.808540592488733
asRNA_42	40.5571076572369	0.38	0.351876960339464	1.08387134472726	0.278421846491112	0.44387334951639
asRNA_43	3.41768826569874	-0.11	1.03497358553643	-0.103153434721694	0.91784119639614	0.953473585546726
asRNA_44	2.09302192811413	0.93	1.51401237091383	0.613076272909214	0.539825908090073	NA
asRNA_45	13.3205626290157	0.14	0.597242488420281	0.241535291285258	0.809140267500549	0.896077422414541
asRNA_46	1.18881106393235	0.75	1.77834574390555	0.422350473944508	0.672769221758032	NA
asRNA_47	31.0113662807525	0.48	0.366181350563897	1.31093169936498	0.189880840045879	0.336794358572804
asRNA_48	9.51745974632162	0.78	0.672893533013088	1.15747244598904	0.247079390443277	0.405570823868816
asRNA_49	3.11241516762935	-1.04	0.984429682684102	-1.06053648508541	0.288900600593599	0.453590017320451
asRNA_50	8.47820346848921	1.70	0.736232091208476	2.30469041388951	0.0211839181538468	0.0563935522723332
asRNA_51	10.435698862857	0.13	0.616587927349017	0.21457388206839	0.83009955871527	0.906041167181549
asRNA_52	7.69737883291381	1.01	0.821309519117511	1.22372320561173	0.221056662543495	0.378675430758835
asRNA_53	8.18204032388912	0.12	0.70827460299369	0.167440338251171	0.867023587830158	0.929196774262356
asRNA_54	18.1696380971368	0.87	0.456790151096619	1.90626686623238	0.0566155907670495	0.128837825323256
asRNA_55	6.53657953557777	-0.71	0.919138902290578	-0.776303663985461	0.43756971021145	0.605037301790725
asRNA_56	4.09249018475757	-0.34	1.1528798251013	-0.297757146445103	0.765888523910628	0.864165022980222
asRNA_57	3.9187653420994	-0.56	1.00029810309769	-0.557527789085326	0.577166878030702	0.724141467019927
asRNA_58	3.02595278335976	-0.00	1.12934813411249	-0.000188075909600048	0.999849937136356	0.999849937136356
asRNA_59	4.27443225519463	1.25	0.905458282595712	1.37979666924975	0.167649258455062	0.304983601832728
asRNA_60	0.201911339036575	-3.26	7.25378767976837	-0.449579878122459	0.653013399732722	NA
asRNA_61	7.72722666314542	1.10	0.73004471734618	1.50577842518846	0.13212406356486	0.252253111381987
asRNA_62	0	NA	NA	NA	NA	NA
asRNA_63	2.34750176421746	-0.21	1.26812338640554	-0.162802495967437	0.870673942991683	NA
asRNA_64	2.61124892044058	0.04	1.24449827577835	0.029965368279165	0.976094672869831	NA
asRNA_65	11.6612569025424	0.10	0.608864887492871	0.160937808060433	0.872142383898324	0.931245256147367
asRNA_66	16.5426157961983	-0.11	0.563727098156677	-0.193483091142572	0.846580647170042	0.915604992618749
asRNA_67	9.47941346455267	2.24	0.71974381818011	3.10710007091138	0.00188932431015475	0.00735817146639944
asRNA_68	12.4826740314464	-0.09	0.49406875502221	-0.188579559812377	0.850422354264198	0.917203261861039
asRNA_69	2.27726974446087	-1.40	1.21063940366124	-1.15458185660931	0.248261700022628	NA
asRNA_70	746.122450729251	0.14	0.176416162231592	0.784290687651771	0.432869562437704	0.599565873184575
asRNA_71	2.28587013435051	3.19	1.72651495974436	1.84651731122801	0.0648171281621211	NA
asRNA_72	21.7103080070174	-0.22	0.402778783569252	-0.542499736622889	0.58747428884429	0.731456154261001
asRNA_73	1.8224695793116	1.10	1.6142698819439	0.683804556646567	0.494098588868233	NA
asRNA_74	26.9417070078299	0.33	0.459227807466584	0.714811661783108	0.474725428184799	0.639005953636433
asRNA_75	3.4542080473739	-1.37	1.16293980495049	-1.17762399883227	0.238946538002722	0.39620195190195
asRNA_76	2.87990313320194	-2.80	1.30399177935415	-2.14739727810206	0.0317616671678111	NA
asRNA_77	9.13141550605229	1.78	0.734406952997486	2.41806717004137	0.0156031962321929	0.0441095820625927
asRNA_78	75.1294486946128	-0.76	0.239703820472611	-3.1718434224234	0.0015147465250962	0.00610619897908908
asRNA_79	63.8650493287142	0.68	0.262706923345576	2.57108221499288	0.0101381256016134	0.0308249500105308
asRNA_80	8.05152289172895	0.47	0.779184135812315	0.605373710622614	0.544930714787289	0.698425480566392
asRNA_81	2.1965066014338	2.81	1.70417307236623	1.65065036165174	0.0988099890514241	NA
asRNA_82	1.59054060277935	2.60	1.86221313171097	1.39454823824144	0.16315211337579	NA
asRNA_83	2.82142525938424	2.57	1.68726733239324	1.52478689526397	0.127312259580686	NA
asRNA_84	1.23000843691838	0.62	2.07452435090043	0.298379016195654	0.765413902712301	NA
asRNA_85	61.7658707882002	1.27	0.338019890854894	3.76428334329293	0.000167027410702415	0.000865531023072281
asRNA_86	9.5669607759157	-1.11	0.610395412790483	-1.82651812266094	0.0677722539810143	0.149300976832554
asRNA_87	2.37532899508612	2.90	1.78505297994083	1.62416272110405	0.104341084718297	NA
asRNA_88	14.7431622234348	0.73	0.558680534381342	1.31468873097792	0.188614535410178	0.335122792165537
asRNA_89	1.82373234968793	-0.01	1.45786415079985	-0.00965773192801067	0.99229436458885	NA
asRNA_90	6.95182805546583	0.58	0.77306065780459	0.746951669559332	0.455092735007029	0.620926527235964
asRNA_91	22.3181903033032	0.67	0.436750202867772	1.53316646796031	0.125234843947557	0.240997492630636
asRNA_92	4.16586531631731	0.49	1.0344894257065	0.469001096918041	0.639068851957019	0.774568417209913
asRNA_93	31.5059991550206	-0.80	0.385551558052687	-2.08501959388252	0.0370675219928188	0.0903830229895597
asRNA_94	1.17770332228534	1.62	2.19058088509463	0.739071877507738	0.459863352523102	NA
asRNA_95	21.3339797985713	-0.48	0.410925237006195	-1.15687307350008	0.247324221280238	0.405758130472441
asRNA_96	1.82434550661477	2.99	1.88315635665509	1.58899591583042	0.112061314782823	NA
asRNA_97	15.199008050737	-0.55	0.505708647622141	-1.08126416491122	0.279579622963	0.444765121962303
asRNA_98	7.43175942909882	0.98	0.717428586761124	1.36223507107032	0.173123711059638	0.312791617653735
asRNA_99	3.48972603904701	0.26	1.02890436567351	0.249428440903664	0.803029387549598	0.892446551719997
asRNA_100	2.80912347981602	2.31	1.22480040827697	1.88742722443748	0.0591028862464449	NA
asRNA_101	37.6331481226821	0.43	0.358127434560548	1.19715615295519	0.231245696541431	0.389020173294657
asRNA_102	10.5542039112607	0.19	0.618667208721183	0.301354906621861	0.763143876198738	0.862322021012335
asRNA_103	0.807201643465482	2.34	2.476790165295	0.945307816391041	0.344501749062114	NA
asRNA_104	3.69184270070208	0.34	1.05026177088276	0.320752201518456	0.748398184553605	0.852932923836279
asRNA_105	94.495351471099	-0.48	0.25572739094779	-1.87537526579714	0.0607411154169401	0.136228628796374
asRNA_106	29.2559653314003	0.43	0.37912385651176	1.12917891833268	0.258822365083003	0.421061122231468
asRNA_107	100.485617074033	-0.76	0.297046133233534	-2.55719034078765	0.0105521460671547	0.0318863822528119
asRNA_108	8.20400173834768	-0.13	0.790504879110727	-0.166797074946613	0.867529720300357	0.929196774262356
asRNA_109	8.30935650306489	-0.38	0.780472262600442	-0.480502330627123	0.630870246350555	0.767943019510195
asRNA_110	2.85170703325145	0.08	1.13628698284464	0.0683931273757286	0.945472692581351	NA
asRNA_111	1.73891563417241	0.04	1.61046233342072	0.0257055504443857	0.979492196706747	NA
asRNA_112	2.96470827619673	0.60	1.11265038666733	0.534980241454673	0.592663520230801	NA
asRNA_113	11.1658988480084	0.20	0.592543719675486	0.34127862473288	0.732893838005766	0.843493686751908
asRNA_114	3.56922796936439	2.05	1.18829078301195	1.72398323978405	0.0847108688647052	0.178331262418879
asRNA_115	6.70377272436756	0.54	0.718181073830243	0.753089188159427	0.451396320999411	0.616967934998755
asRNA_116	2.80517924454653	-0.42	1.14083663372267	-0.3709320757189	0.710688123753599	NA
asRNA_117	2.35781755185363	3.78	1.84045550213511	2.05148071152497	0.0402201561363783	NA
asRNA_118	9.04257219161958	1.48	0.701839478167903	2.10238612750904	0.035519465403062	0.0870351418582974
asRNA_119	13.873733556664	0.08	0.605543681419226	0.133076830621316	0.894132618638434	0.940656849355684
asRNA_120	39.8223290281339	0.02	0.33889496753782	0.052165103837075	0.95839713816199	0.978573920018032
asRNA_121	26.9499620677242	0.51	0.482992100655519	1.05026733740533	0.293595217812585	0.458233376720791
asRNA_122	8.09547487662237	1.71	0.789352524445769	2.16402041406239	0.030462782717745	0.0769377360096668
asRNA_123	5.36900133855472	-0.23	0.844852231800674	-0.270089910399402	0.787091084096566	0.881042454033804
asRNA_124	3.23386987788745	0.47	1.06833518089449	0.443586794079305	0.657341355217838	0.788403232842414
asRNA_125	12.3728080971937	1.17	0.539839857586156	2.17204722052102	0.0298521013737032	0.0758272689557894
asRNA_126	1.96296509270847	-0.32	1.5049350369635	-0.215675607149895	0.829240616407607	NA
asRNA_127	1.62342589709313	-0.77	1.47268997630991	-0.520593771665031	0.602649789042985	NA
asRNA_128	0.982924382485084	1.18	2.4294747990441	0.487288899078098	0.626053613401529	NA
asRNA_129	2.8679651993985	0.43	1.19361445747922	0.358458535696782	0.720000192711325	NA
asRNA_130	1.45277128662227	-1.57	1.98306186719569	-0.79034226511374	0.429327909938567	NA
asRNA_131	5.31457499990508	-0.02	0.814296607257576	-0.0215816153465966	0.982781698945021	0.992050209276535
asRNA_132	8.96016594740761	-0.51	0.644114986364783	-0.794804461096928	0.426727255582713	0.592905894213864
asRNA_133	4.34324371902208	-0.50	0.905940743409147	-0.549124652226802	0.582919908329165	0.728122090725847
asRNA_134	0.217477207250657	0.00	7.18562075190549	0	1	NA
asRNA_135	94.7837873624735	0.96	0.29738290514046	3.21777978992547	0.00129186959859177	0.00530418417199582
asRNA_136	17.5414698858568	0.62	0.491675879847793	1.26323630516012	0.20650426911637	0.359702161244227
asRNA_137	6.32928002888629	1.17	0.839003760675006	1.38890558117707	0.164861463168399	0.301727583534618
asRNA_138	6.73032599307356	0.79	0.685165875314136	1.1474179996179	0.251208905561721	0.410828473584605
asRNA_139	0.49138103530375	-0.48	2.8872939667352	-0.166287941389634	0.867930355307581	NA
asRNA_140	22.9527959562074	0.46	0.516731409302462	0.896464364880636	0.370004804280887	0.540726782457606
asRNA_141	3.07691052556989	1.22	1.17667845726191	1.03677573572258	0.299840386266955	0.465119719626501
asRNA_142	1.36823676558376	-1.46	2.45628263170419	-0.593801056217606	0.552645182536036	NA
asRNA_143	1.44585733487219	-0.97	1.67392610951279	-0.580825435420632	0.561358110548077	NA
asRNA_144	5.04952636128886	1.20	0.904303757712936	1.32824316134513	0.184097789989233	0.328413528808379
asRNA_145	7.50304900690636	-0.15	0.702196888784004	-0.207806706502903	0.83537989589472	0.909854439856857
asRNA_146	25.8440426628127	-0.57	0.41212088092088	-1.38279976086437	0.166726272346286	0.303734186795256
asRNA_147	3.24379962894155	0.77	1.05018389100509	0.728449739535866	0.46633832480244	0.631115782488708
asRNA_148	5.11715343992095	1.17	0.985369762354564	1.18474056278539	0.236120039382058	0.393590289432393
asRNA_149	2.60786437986013	0.90	1.2063579136919	0.748041631586699	0.454435046686864	NA
asRNA_150	6.31432499384456	-0.16	0.911583971091825	-0.170059698021581	0.864963188093741	0.928048992686821
asRNA_151	12.6268503411014	0.78	0.544808302203113	1.43498144650391	0.151292384686169	0.281821754306841
asRNA_152	52.4422357951337	0.76	0.300920805464151	2.5354777539842	0.0112294060559131	0.0334190569487576
asRNA_153	216.25868660575	-0.10	0.151400464856474	-0.628303081001796	0.529805413690965	0.686072592447541
asRNA_154	2.64975967198205	0.18	1.10816998624708	0.164168414612667	0.869598565207392	NA
asRNA_155	1.17389363722722	1.62	2.11793020473311	0.763916063902065	0.444917263877182	NA
asRNA_156	4.39544210193036	0.24	1.0760263321697	0.222325076074255	0.82406083265358	0.901733245295254
asRNA_157	42.6940252123955	0.89	0.335906924405957	2.63628104136207	0.00838202766597477	0.0261748630535067
asRNA_158	1.98946498266043	-1.10	1.55893915580358	-0.705839379990488	0.480288029364268	NA
asRNA_159	0.378028751154085	2.49	4.10082491184114	0.607670211241729	0.543406223826284	NA
asRNA_160	2.3863431603767	0.73	1.19450669475975	0.607336360238924	0.543627712912784	NA
asRNA_161	7.70847946385854	0.98	0.683886542072819	1.43048297378534	0.152578449064262	0.283425198022424
asRNA_162	17.59258207462	1.26	0.550966992387939	2.28508982702301	0.0223075611897257	0.0591609900077118
asRNA_163	9.29851640430774	1.18	0.685031117143206	1.72950310987645	0.0837190903883516	0.176658094198126
asRNA_164	2.1835698585885	0.62	1.6391765338868	0.375559668240785	0.707244279379157	NA
asRNA_165	1.48736189221763	1.53	1.60747261504529	0.952974455940285	0.340603013262687	NA
asRNA_166	5.00058888964907	0.42	0.995767266198565	0.423000072136723	0.672295208427106	0.79847622107589
asRNA_167	6.57701897877769	0.27	0.809097375408037	0.336186172423091	0.736730479511981	0.845401629724654
asRNA_168	6.9162616468761	1.20	0.797500351307643	1.50959527275262	0.131146728331147	0.250819127997462
asRNA_169	1.85682347823961	2.73	1.75366018032871	1.55476346275445	0.120002413889233	NA
asRNA_170	14.3025649271879	-0.05	0.532967714808268	-0.0939827942808435	0.925122824408809	0.957638305642227
asRNA_171	7.42703472443229	-0.99	0.712436824798383	-1.38385122262612	0.166404014944564	0.303655533443813
asRNA_172	1.86997544360328	-0.59	1.6224765564918	-0.362949339875929	0.716642728328162	NA
asRNA_173	1.71655458855006	0.04	1.50576397662318	0.0275115251335332	0.978051747600301	NA
asRNA_174	2.65311221699305	-1.53	1.25763712155791	-1.2187096836535	0.22295440123204	NA
asRNA_175	38.7084494982018	0.34	0.320307363393582	1.07028079311124	0.284492937139683	0.449397494596221
asRNA_176	5.12247815575506	0.02	0.871201348520263	0.0205237183985298	0.983625591513907	0.992256690301972
asRNA_177	8.28915443187276	1.27	0.8286093479105	1.52902064712861	0.12625932548492	0.242166311867623
asRNA_178	18.0359520966613	0.15	0.473143789481326	0.323182628220064	0.746556936267553	0.851327233715829
asRNA_179	3.26803089726385	0.04	1.10207848496092	0.0326069616330677	0.973988018203579	0.988316053777022
asRNA_180	3.14159772611134	-0.01	1.39709367887615	-0.00841474621432599	0.993286083145728	0.996174475633066
asRNA_181	0.400750346195016	0.00	4.21701102523323	0	1	NA
asRNA_182	2.14926789472486	0.60	1.52167427029191	0.395707780667537	0.692320614923046	NA
asRNA_183	31.1110370359972	1.59	0.446066510599622	3.56265880930067	0.000367117685327	0.00175043516936253
asRNA_184	8.42048020826524	0.78	0.605242147314413	1.28077933907069	0.200271183054901	0.350615765483594
asRNA_185	7.71604374195641	-0.17	0.69399430463228	-0.247024802745612	0.804889028966068	0.894193108772611
asRNA_186	14.0277792340626	2.26	0.657328937193918	3.43232094579482	0.000598438899997515	0.0027157227274741
asRNA_187	25.6324439491991	0.46	0.377740475968599	1.22021579308769	0.222383081456887	0.380085005546896
asRNA_188	4.05595068702629	0.81	0.915998159591496	0.882411162564581	0.37755450145609	0.546863822921
asRNA_189	5.92548804007375	0.26	0.818234129509341	0.31935114109947	0.749460256248468	0.853071006745598
asRNA_190	7.64227360480615	-0.00	0.70692613536453	-0.00655470923591651	0.994770136149635	0.997340601617722
asRNA_191	17.42582183264	-1.19	0.46836505626844	-2.54342733099991	0.0109770887646736	0.0328571682985022
asRNA_192	9.44642431678979	0.41	0.72063136910117	0.571023006209083	0.567984047915597	0.716944193527091
asRNA_193	186.866713547341	-0.28	0.553748295188129	-0.514094210589507	0.607186124887501	0.748196003037238
asRNA_194	7.18183187826131	1.51	0.792146982364431	1.90438042232637	0.0568606570574916	0.129248534231699
asRNA_195	2.00814692306607	0.38	1.21767555059462	0.309936893247245	0.756608946526467	NA
asRNA_196	14.9037727766061	1.05	0.574492844854454	1.82318768224799	0.068274970030522	0.149664906055608
asRNA_197	5.97208053067068	0.63	0.752490859699625	0.836666778469019	0.402779897915966	0.570042437436879
asRNA_198	4.12566471594291	1.40	1.16728579372413	1.19595351546089	0.231714699592338	0.389352993830539
asRNA_199	1.01685996802031	1.00	2.08394062126875	0.478723990840701	0.63213499622982	NA
asRNA_200	8.22607773513326	-0.47	0.807290848237842	-0.58567714410063	0.558092496173883	0.708203625996995
asRNA_201	30.0338156036785	-0.82	0.348276113674844	-2.35347534567177	0.0185988411908101	0.050777423216251
asRNA_202	2.16996447582632	-1.28	1.19216705962363	-1.06963085745662	0.284785499921102	NA
asRNA_203	15.9938702951587	0.52	0.498747633782423	1.0418272228337	0.297491790443718	0.462864419818195
asRNA_204	2.77139083795353	0.53	1.24271309684185	0.426991806948508	0.669385295218918	NA
asRNA_205	0.375339139181471	-2.43	3.71615287954653	-0.65264412729803	0.513985730414182	NA
asRNA_206	33.9866895015872	1.21	0.460316702893389	2.62114598692922	0.00876347260166292	0.0271475239077462
asRNA_207	2.66999694138528	1.07	1.31805318397615	0.814791406815966	0.415191720567665	NA
asRNA_208	0	NA	NA	NA	NA	NA
asRNA_209	12.2787089590439	1.40	0.692206759594782	2.0223299008856	0.0431422815827482	0.101449728812765
asRNA_210	9.65505516589829	1.76	0.823830109331276	2.13995710949416	0.0323582331042647	0.0806099161762741
asRNA_211	8.49814886137696	0.41	0.603311598940273	0.674539334229742	0.499968487238418	0.663489604270222
asRNA_212	1.39651913122549	0.63	1.8232422926854	0.345437465403294	0.729765515286339	NA
asRNA_213	1.66826728487177	0.35	1.50434916816631	0.235619081938997	0.81372826505236	NA
asRNA_214	10.4573034114244	0.19	0.599768992911924	0.32059861267196	0.748514589088281	0.852932923836279
asRNA_215	7.66993479866319	0.31	0.876871078191794	0.356726471107244	0.721296586551021	0.837286688352419
asRNA_216	1.26319429393365	-0.16	1.7464807454896	-0.0916361174709314	0.926987154571016	NA
asRNA_217	7.97083128913974	0.68	0.672747517295197	1.00682047208347	0.314021054829845	0.47944975611994
asRNA_218	0.233750079369454	0.00	6.15847045561138	0	1	NA
asRNA_219	0	NA	NA	NA	NA	NA
asRNA_220	12.4975923326327	1.47	0.64414832951161	2.27952226234174	0.0226360381368861	0.0598996269197737
asRNA_221	5.23812569199686	3.16	1.21138060915864	2.60656529687571	0.00914553845480786	0.0281624517497258
asRNA_222	5.43884652212016	1.51	0.898873469643148	1.68070563205429	0.0928201061081754	0.191947774390257
asRNA_223	2.45182167054376	0.71	1.12665032093444	0.63024886956828	0.528531770111485	NA
asRNA_224	1.88650226429649	-0.01	2.18377041507456	-0.00490218136049682	0.996088640844105	NA
asRNA_225	3.36034933465554	-0.56	1.15884360570961	-0.485871762804579	0.627058089891999	0.764789120245487
asRNA_226	1.17342976085315	-0.97	1.72303524165535	-0.5645410275062	0.572385986674339	NA
asRNA_227	0.924692345930455	3.49	2.33315980293074	1.49440843082955	0.135068899327092	NA
asRNA_228	1.73260567770238	0.99	1.56955818507406	0.630413394303541	0.528424149637966	NA
asRNA_229	2.99519498944495	1.30	1.25630125585181	1.03378511755208	0.301236630589594	NA
asRNA_230	4.97118534843519	-0.45	0.779000118975501	-0.575271453543479	0.565107724600411	0.714078081994809
asRNA_231	9.15483609970901	0.23	0.823413839231156	0.278442720422124	0.780672529414162	0.876717193534729
asRNA_232	5.98061448084207	-0.20	0.848492504609636	-0.229882367677629	0.818183177991914	0.898987817517487
asRNA_233	2.88586187550851	0.43	1.05662177170163	0.409093676153966	0.682470916928785	NA
asRNA_234	3.04114063840301	1.33	1.32900594329009	1.00122709604946	0.316717029573517	0.482177639035336
asRNA_235	2.76103415019871	0.81	1.1764216543756	0.690268392330099	0.490025420887945	NA
asRNA_236	1.95151457630596	-0.21	1.23064793646023	-0.171158468735308	0.864099162690946	NA
asRNA_237	7.40532965101097	-0.47	0.69413005699415	-0.676371258056447	0.498804960913823	0.662549948671512
asRNA_238	12.3217185803536	1.03	0.634947464122743	1.62092268747861	0.10503422051499	0.209843227870521
asRNA_239	3.45816636645665	0.43	1.03018510272384	0.413474009125834	0.679259361021648	0.803139593353235
asRNA_240	0.374012193709877	0.00	5.36136207810603	0	1	NA
asRNA_241	0.966450782539522	0.05	2.06984983632429	0.0260442041313712	0.979222080597489	NA
asRNA_242	6.11566281451797	0.14	0.857202217834292	0.161028827297556	0.872070696017019	0.931245256147367
asRNA_243	1.16106337027644	1.54	2.03229780603575	0.758834776594475	0.447951399455934	NA
asRNA_244	6.1159165012385	1.45	1.01202282161103	1.43186707464436	0.152181866693329	0.283196950968881
asRNA_245	26.6385421545932	1.52	0.487116936043386	3.12340330297495	0.00178772597336873	0.00700644118855622
asRNA_246	5.07201963864623	-0.25	0.847596663181147	-0.293911056561451	0.768825869153246	0.866300414388151
asRNA_247	5.55909923081413	0.06	0.931228944767644	0.0684038701839834	0.94546414108738	0.97176181918385
asRNA_248	3.57345251129783	1.44	1.17678769048936	1.22406555355331	0.220927499240748	0.378663146131023
asRNA_249	10.0173776411349	0.46	0.689012419764634	0.668683978291554	0.503697089900848	0.666443208462163
asRNA_250	11.224185115487	-0.30	0.600599182971395	-0.497837045517772	0.618598902659868	0.759245153758889
asRNA_251	2.4821827404481	1.52	1.44542528075552	1.05068677298754	0.293402472906989	NA
asRNA_252	3.21882954764117	4.66	1.688214221688	2.76227754223465	0.00573996622687898	0.018913858989631
asRNA_253	0.726604338765648	-1.07	2.64738838921489	-0.405730171690052	0.684940870718839	NA
asRNA_254	2.66392245141926	0.55	1.03359814405734	0.527353883086044	0.597947862382729	NA
asRNA_255	0.585714647448352	0.06	2.72703245224303	0.0222044812256252	0.982284842971908	NA
asRNA_256	0.593698304554761	1.56	2.83504720974209	0.548853123756364	0.583106249872251	NA
asRNA_257	1.80785903691578	-1.92	1.83529296034156	-1.04834924517216	0.294477728642202	NA
asRNA_258	4.072980764057	1.15	0.931302831169466	1.22985608043783	0.218751003300449	0.376596291871656
asRNA_259	67.7284935011475	0.23	0.296323917580998	0.764476504354788	0.444583333119594	0.611550429433443
asRNA_260	3.93141572510276	0.32	1.11634937761392	0.285646822216477	0.775148637946857	0.872077336783995
asRNA_261	2.36822660682318	0.69	1.13753670341222	0.602406641582748	0.54690349012503	NA
asRNA_262	6.91250472744903	1.04	0.848075786781007	1.22629311012629	0.220088393181557	0.377641996924021
asRNA_263	1.17118074479317	-2.40	2.16145402019531	-1.11215565009147	0.266071232834029	NA
asRNA_264	0.92820474831513	-1.30	2.39967239830039	-0.542716967068548	0.587324690277406	NA
asRNA_265	0.925709185851232	1.08	2.2595998609345	0.47725752258501	0.633178754540381	NA
asRNA_266	2.19755224955362	1.08	1.19837679514073	0.898208777336268	0.36907425481238	NA
asRNA_267	1.80996095363686	2.00	1.96391776814067	1.02019458052492	0.3076361873838	NA
asRNA_268	36.4081555180124	0.30	0.356397911608382	0.834134462261234	0.404205217202655	0.571075554937206
asRNA_269	0.880493655340409	0.92	1.97629636171073	0.464280546422761	0.642446759730754	NA
asRNA_270	2.62115194026856	0.65	1.5538403412732	0.420242087930222	0.674308611319969	NA
asRNA_271	1.46463278227791	-0.90	1.66002481909402	-0.541466058111007	0.588186386440378	NA
asRNA_272	6.73609452148828	-0.11	0.77341426205767	-0.147942367483394	0.882388251661348	0.938312138799871
asRNA_273	1.16939878651971	0.99	2.13844191797759	0.464243223724769	0.642473496527321	NA
asRNA_274	2.82649224089179	2.05	1.36261769259897	1.50501152877612	0.132321112755578	NA
asRNA_275	9.30769309743881	1.44	0.936162460330873	1.53942061270072	0.123701645034569	0.239084624026963
asRNA_276	3.51808727159466	1.97	1.03095460266934	1.90740219482703	0.0564685253908095	0.128597434198879
asRNA_277	26.3891325581221	0.98	0.437988945874165	2.23735371221033	0.0252632312707138	0.0658413684838753
asRNA_278	15.5322637618939	0.98	0.548786814866479	1.79352557275672	0.0728889253494548	0.157883617784164
asRNA_279	2.02105053686871	1.19	1.31857245728345	0.905821859233813	0.365030149065371	NA
asRNA_280	10.7900410591063	1.19	0.701149955086023	1.69793446493354	0.0895201315060717	0.186240273589039
asRNA_281	8.78669756903697	-0.39	0.756856905845237	-0.513061460193927	0.60790832937859	0.748611791428096
asRNA_282	1.94752712323815	0.74	1.42055499361998	0.521481588024166	0.602031328490574	NA
asRNA_283	5.34085176936064	0.61	0.894478567265718	0.686078664307969	0.492663504319009	0.656884672425345
asRNA_284	0.538144648110702	1.57	3.06753363743916	0.512984737287374	0.607961997147367	NA
asRNA_285	0.169380537642972	-2.43	7.28506209459384	-0.333782173071049	0.738543936537943	NA
asRNA_286	12.9507315056885	-0.17	0.543396515659558	-0.319517737658764	0.74933394304773	0.853071006745598
asRNA_287	5.3779006737003	0.37	0.839070290954119	0.437845997730121	0.661497924355875	0.790769511395983
asRNA_288	1.37557277063412	0.39	1.47680544458218	0.261997566491126	0.793323318337782	NA
asRNA_289	1.61017165159826	0.65	1.51328813961276	0.430337617412675	0.666950066932268	NA
asRNA_290	9.45525705520662	0.03	0.712611605038507	0.0406284833600559	0.967592076460982	0.984240084959754
asRNA_291	2.73187409976765	3.67	1.86739738990605	1.96731624774202	0.0491467630524945	NA
asRNA_292	1.0027626850315	-1.00	2.19532802329617	-0.454555119464049	0.649429329126446	NA
asRNA_293	1.26419715879063	0.02	1.8801253555762	0.0100821774064692	0.991955722592204	NA
asRNA_294	2.9241025935768	-1.01	1.15413142525828	-0.87524146215014	0.381442537614741	NA
asRNA_295	11.4197006727353	0.59	0.578260338194487	1.02038554242969	0.307545647840365	0.472117552372153
asRNA_296	5.55497367331466	0.76	0.850757391054122	0.89496933999358	0.370803477936759	0.54087123849422
asRNA_297	0.596915221170394	1.10	2.80967060813504	0.391639065128392	0.695324919261485	NA
asRNA_298	1.80229253210495	0.04	1.73996619739089	0.0215524636923105	0.982804953191061	NA
asRNA_299	7.71544980782561	1.31	0.776472028667404	1.69237630413002	0.0905742474343668	0.188307075710834
asRNA_300	1.88658199818246	2.07	1.90136575497421	1.0885646192368	0.27634592615931	NA
asRNA_301	62.8598796668438	-0.46	0.286103626044726	-1.5988533207184	0.109853198087083	0.217742226604282
asRNA_302	0.818133375565067	2.90	2.53999556625764	1.14005532254431	0.254263253618501	NA
asRNA_303	5.97444341238036	1.85	0.910384644690908	2.03031478579007	0.0423245522230975	0.0996022821080324
asRNA_304	32.1631505395456	0.47	0.365753880914036	1.27311547955608	0.202977066774377	0.354553075558619
asRNA_305	6.21226802332176	-0.04	0.722394886912572	-0.0621314772395506	0.950458130201684	0.974946795538861
asRNA_306	2.70293156909087	0.66	1.24350244304356	0.534548629015182	0.592962014339411	NA
asRNA_307	4.08790422470929	0.50	1.06958982862451	0.469511365640706	0.638704162777536	0.774428797367763
asRNA_308	1.05762868306061	0.13	2.50609177538158	0.0528553515531212	0.95784715893551	NA
asRNA_309	29.005158410895	0.51	0.437949364080647	1.16555079595813	0.243796111457793	0.402308947349809
asRNA_310	9.59979316687909	1.95	0.741827614000314	2.63317036996494	0.00845919028545193	0.0263627777570711
asRNA_311	2.8941248389547	3.17	1.8397426026343	1.72044033038823	0.0853524312901865	NA
asRNA_312	2.21718663303251	0.77	1.35673860796121	0.566715158744348	0.570907720203823	NA
asRNA_313	7.84094007202767	0.07	0.768575282937364	0.0928935945587081	0.925988094546389	0.958089015157331
asRNA_314	3.0911633558879	0.71	1.00371378773867	0.712324668195952	0.476263751926356	0.640243692498661
asRNA_315	6.33426210165168	-0.09	0.80270195581144	-0.108399133975419	0.913679088076149	0.951434481929871
asRNA_316	0.971215150318547	-1.54	2.20072419263383	-0.698137066490703	0.485091479312892	NA
asRNA_317	9.25675009446337	0.80	0.641459871724547	1.25156456882505	0.210728571950342	0.364605065403491
asRNA_318	7.89475058079082	1.40	0.69010027738303	2.03258199256449	0.0420947723229121	0.099211976682095
asRNA_319	0.350224405412063	2.49	5.38253482042677	0.463377295773336	0.643093949835091	NA
asRNA_320	4.16564949746082	0.57	0.834383229206812	0.684630661691807	0.493577013543439	0.65700421747176
asRNA_321	4.4218624889627	1.29	1.22750320175652	1.0525616532159	0.292541939895355	0.457456010798581
asRNA_322	6.29913738348248	-0.31	0.769438348213206	-0.402390348200191	0.687396772135982	0.808540592488733
asRNA_323	0.795258436380233	1.25	2.66631270006902	0.469893754143599	0.638430926881454	NA
asRNA_324	0.53761206798653	2.31	2.91347282130461	0.79357219630199	0.427444523995018	NA
asRNA_325	1.48396077897941	1.49	1.62196724946105	0.918552489737876	0.358329692064759	NA
asRNA_326	0.826209291349988	-0.12	2.17969629784763	-0.0561477773761075	0.955224083100404	NA
asRNA_327	0.706102138811317	3.68	3.14180665050534	1.17233722972139	0.241061689994844	NA
asRNA_328	1.15955480663234	2.72	1.90859281852718	1.42254339839183	0.154868562215911	NA
asRNA_329	1.10913474024855	-0.06	1.71508161452311	-0.0326745113443979	0.973934150035527	NA
asRNA_330	0.172389860439292	-1.33	7.3471345095857	-0.180755806421022	0.856559252983643	NA
asRNA_331	4.4510137656643	0.26	0.845646020655912	0.302237407267456	0.762471089944314	0.862189531215719
asRNA_332	1.32824508678051	-0.69	1.74710243624239	-0.393303766854941	0.694095136413237	NA
asRNA_333	44.3509751160087	0.16	0.327766337069876	0.493249786524852	0.621836103517889	0.760870640176746
asRNA_334	7.7663438141606	-0.81	0.630966611795773	-1.28705776733749	0.198074154127858	0.348143926621105
asRNA_335	5.58749966987004	0.34	0.818134608828035	0.415857186880603	0.67751450950637	0.802367431326887
asRNA_336	6.18107096735273	2.49	0.971745932802126	2.56318866863952	0.0103715671597239	0.0314041715710477
asRNA_337	1.16824431365005	2.37	2.17135356945272	1.09373157275006	0.274072722754834	NA
asRNA_338	6.0706961152411	0.52	0.994132719431262	0.519933708113172	0.603109780342715	0.746432519212037
asRNA_339	1.9193848231168	-0.30	1.28964876866168	-0.235684867635407	0.813677213030185	NA
asRNA_340	0.820641224715944	-1.52	3.03423336355979	-0.500004175042457	0.617072137679669	NA
asRNA_341	1.20141374797176	1.45	1.7475273470471	0.830326276229118	0.406354335656457	NA
asRNA_342	5.59898909756	1.44	1.07346370018163	1.34489426860938	0.17865938137552	0.32073957188526
asRNA_343	5.69363332794662	0.44	0.781242673749794	0.564318041641686	0.572537705151229	0.720457923594596
asRNA_344	2.57708852752483	0.84	0.998204243351004	0.846120558803953	0.39748549290896	NA
asRNA_345	0.857100914308556	0.06	2.17627107001036	0.0276082748902797	0.977974581774305	NA
asRNA_346	5.62462889205447	1.97	0.922240592398418	2.13402631545797	0.0328406267483492	0.0814195730246613
asRNA_347	1.1707644162484	0.97	2.16834042102406	0.445679488021376	0.655828783404988	NA
asRNA_348	10.449809063559	-0.68	0.564494491140431	-1.20304164833574	0.228960204101229	0.386011781063342
asRNA_349	6.2430050783628	-0.17	0.732151293856442	-0.234086374744648	0.814917923482925	0.898261802020952
asRNA_350	23.520484619833	0.87	0.480116534396249	1.80646965798502	0.0708450094589498	0.154534721968082
asRNA_351	10.132319217276	0.13	0.582249530481548	0.225602767496543	0.821510388191181	0.900445419426435
asRNA_352	8.42340884421776	-0.22	0.745990180834042	-0.294908179114739	0.768064023650794	0.865990094228864
asRNA_353	9.28769122844296	0.31	0.703896598645266	0.438727308795618	0.660859136968499	0.790769511395983
asRNA_354	3.40888883807853	0.90	1.05715962713537	0.848424897191447	0.396201381910729	0.564391505025656
asRNA_355	2.13142134814204	-1.19	1.41542999229911	-0.839607905685298	0.40112826515159	NA
asRNA_356	4.27975199046875	0.97	1.09808667830007	0.886087714098686	0.375570262943566	0.545160085682934
asRNA_357	2.49212909182887	-1.11	1.48178087373987	-0.749674604413974	0.453450706248484	NA
asRNA_358	17.1766587507865	0.42	0.474899640370459	0.884009506576154	0.376691081016785	0.546122893730079
asRNA_359	2.20556131496702	0.13	1.26756101914834	0.104473283835843	0.916793768651707	NA
asRNA_360	2.78890548886791	0.08	1.12800101976503	0.0683311480825389	0.945522029482581	NA
asRNA_361	19.8456426966462	0.64	0.463252430951957	1.37924384119227	0.167819585029091	0.304983601832728
asRNA_362	3.3730220855538	0.71	0.966905374108463	0.731813626940011	0.464282330532685	0.629590368708368
asRNA_363	4.62384029622973	1.21	0.93950571831781	1.29278444686691	0.196085621095422	0.34602033421273
asRNA_364	16.3362253781658	1.45	0.525629894604621	2.76662732748598	0.00566394618557922	0.0187429519829828
asRNA_365	2.23693960758797	0.34	1.22958870466495	0.273675819884252	0.784333761490591	NA
asRNA_366	6.21094627673361	-0.03	0.876262121808585	-0.0364104593183144	0.97095507438055	0.986528494558831
asRNA_367	16.8638428660783	1.09	0.534475292707929	2.03669366401079	0.0416807498661969	0.0985354513211541
asRNA_368	61.8671424723669	-0.63	0.307292857236682	-2.04545871268956	0.0408096556599853	0.0971420024299035
asRNA_369	1.85457561973278	-3.70	1.83126699338104	-2.02154201314817	0.0432236878151015	NA
asRNA_370	0.694546144050045	-0.10	2.76756649448415	-0.0355972577934271	0.971603494901426	NA
asRNA_371	155.442486638103	1.00	0.228652266005514	4.35425715794989	1.33518898077582e-05	8.97062033837262e-05
asRNA_372	41.3000203368778	-0.96	0.402403962454842	-2.38563690584702	0.0170495750539859	0.0475488598091396
asRNA_373	0.828177817973627	-1.53	3.25534853945695	-0.471351428125953	0.637389795728355	NA
asRNA_374	2.77632198969586	0.34	1.21923991914648	0.277488889505224	0.781404735884724	NA
asRNA_375	3.5229890438971	0.48	1.36434797538502	0.354567958474528	0.722913283901248	0.838485394460572
asRNA_376	2.75060542075221	2.16	1.40427758638272	1.54104978862223	0.123304668902251	NA
asRNA_377	4.64482194475488	0.95	1.02911597495656	0.925393775951934	0.354761115185681	0.523622682613578
asRNA_378	2.30126000969151	-0.18	1.16052590291367	-0.154812056105662	0.876969486405799	NA
asRNA_379	1.01966456327745	0.80	1.90430656273052	0.418780032381338	0.675376899103959	NA
asRNA_380	2.37382340798405	-1.59	1.64544248099019	-0.964687261296926	0.33470147761171	NA
asRNA_381	17.292822314826	0.64	0.505266914265375	1.2744814208389	0.202492852993928	0.353906427755154
asRNA_382	0.745750288404681	0.18	2.93016473451349	0.0613787194746349	0.951057599799404	NA
asRNA_383	7.14202347493679	0.29	0.683293361536891	0.426474454818025	0.669762158247435	0.796834702644706
asRNA_384	10.2164517318129	0.05	0.582072371120461	0.0866209782707008	0.930972790325805	0.961004170658895
asRNA_385	6.80594103639473	0.27	0.681889978543872	0.39558626488309	0.692410271318094	0.811610384542383
asRNA_386	3.84513418151855	1.25	1.11421316136496	1.11763865560476	0.263721352223182	0.426571692183824
asRNA_387	6.71048350399954	0.14	0.706304346042642	0.204343041822535	0.83808543698742	0.910222951857576
asRNA_388	3.11036717601141	-0.07	1.04836784199499	-0.0695332054459328	0.944565202482272	0.97171585108547
asRNA_389	3.32638078152282	0.66	1.04219239835438	0.636140469745857	0.524684869939465	0.682860308717862
asRNA_390	2.58574704419894	0.64	1.21549396686199	0.525443609903701	0.599274844098347	NA
asRNA_391	1.23846390232104	-0.89	1.78911031737354	-0.496778576656319	0.619345204220475	NA
asRNA_392	30.0274264890895	-0.42	0.392324806954983	-1.06625589421495	0.286307981497975	0.451036682451832
asRNA_393	20.55453404079	0.07	0.432945653155151	0.159324935977681	0.873412875617076	0.931640400658214
asRNA_394	17.2094040492066	-0.91	0.518294059234149	-1.75249882468196	0.0796880717857164	0.170001219809528
asRNA_395	4.11711134025712	0.72	1.01573577964202	0.711348985141144	0.476868003478707	0.640778477401691
asRNA_396	1.56118830450479	0.04	1.74150165353313	0.0215241340951089	0.982827551696968	NA
asRNA_397	2.05637995812342	-0.18	1.24656164285834	-0.141405681851419	0.887549465905674	NA
asRNA_398	44.5196922227056	0.22	0.359419067773674	0.601647762580067	0.54740862860223	0.700105637899185
asRNA_399	0.621012539133997	-1.54	3.2721713550891	-0.469302309772257	0.638853564497587	NA
asRNA_400	1.81639524922978	-0.24	1.37978862413342	-0.173420260072528	0.862321101140316	NA
asRNA_401	2.37175811883515	0.12	1.16133842133189	0.104098723200676	0.917091004092832	NA
asRNA_402	0.881760582233307	1.67	2.23010767093279	0.746661733394688	0.455267774093099	NA
asRNA_403	8.90759658226782	0.64	0.712391652420102	0.895863438211981	0.370325703362666	0.540761956175229
asRNA_404	9.97224175389727	0.32	0.657865517786209	0.49313097822801	0.621920043455404	0.760870640176746
asRNA_405	2.17020294877914	4.52	1.78778688020472	2.52793194687133	0.0114736589390913	NA
asRNA_406	7.99155065504148	0.07	0.711465881220454	0.0938662362798981	0.925215414927903	0.957638305642227
asRNA_407	2.01020324948904	0.44	1.33476828591578	0.32714445233831	0.743558631793247	NA
asRNA_408	26.9041648027884	-0.32	0.3700457972981	-0.864917157181289	0.387084259890533	0.556512062390094
asRNA_409	32.3055281520105	2.41	0.462613321143567	5.21704242984222	1.81802625835511e-07	1.77457657419317e-06
asRNA_410	4.00405475844885	0.00	0.998702710086826	0.00159503900643446	0.998727343542526	0.999678798206588
asRNA_411	5.04214005882095	2.22	1.07283481510901	2.07172480861622	0.0382911123646078	0.0925666766197373
asRNA_412	11.5353767016512	0.96	0.622784471048475	1.54861616657304	0.121474017301941	0.235659593565766
asRNA_413	2.27394023606683	-0.59	1.63064127803006	-0.361600421586355	0.717650649577729	NA
asRNA_414	3.17396386880328	-0.20	1.20890822420753	-0.167845373946759	0.866704925575973	0.929196774262356
asRNA_415	4.69296590701076	0.69	0.811153662671428	0.855128655528355	0.392479927323415	0.561150934042304
asRNA_416	1.5366223681828	-1.87	1.91147275595043	-0.977356723541951	0.328392579972376	NA
asRNA_417	10.5637614647954	-0.47	0.615689155219886	-0.762705243805904	0.445639202567732	0.612063754323115
asRNA_418	2.2781866015279	0.98	1.19470308418444	0.819982942430809	0.412225831294446	NA
asRNA_419	2.48970883478779	0.69	1.30636827104115	0.530078509703077	0.59605749836255	NA
asRNA_420	9.65771527215053	0.83	0.73778474140247	1.12598710061108	0.260170979373964	0.422590643629923
asRNA_421	4.31391770814366	0.14	0.917936774927618	0.151249704360637	0.879778742842676	0.936516595560196
asRNA_422	83.3007951698467	0.17	0.253082814029435	0.681172846997757	0.495762127053043	0.659316899045692
asRNA_423	8.56137188506309	0.95	0.800552278929388	1.18634891659601	0.235484536272838	0.39292208194001
asRNA_424	5.44947053754211	1.26	0.819401114749873	1.53774945169427	0.124109887278409	0.239575304796132
asRNA_425	1.36887882825792	0.76	1.60637189395474	0.475374299729261	0.634520209349656	NA
asRNA_426	0.908054836152348	0.38	2.53539948915096	0.149634611605913	0.881052899491648	NA
asRNA_427	0.542444744540558	0.26	3.12436863220726	0.0817637435792007	0.934834587934979	NA
asRNA_428	3.71242482192253	0.14	1.03675636749416	0.130770399047419	0.895956940009523	0.941167610335138
asRNA_429	1.63359943145035	-0.35	1.43216500712105	-0.24499468456593	0.806460547069433	NA
asRNA_430	9.09727941335578	1.10	0.617259036973	1.78570398770058	0.0741471993713275	0.160162078530689
asRNA_431	0.948317788561291	3.49	2.61994475580016	1.33188857552316	0.182896805709006	NA
asRNA_432	1.10822599609932	0.71	1.92741969033158	0.369123908436338	0.712035369005519	NA
asRNA_433	5.6517490062812	0.60	0.853525963059958	0.704483812775861	0.481131527274644	0.645389913855011
asRNA_434	3.01685618282514	-0.22	1.2824411299248	-0.174958405533706	0.861112316972216	0.926158223105252
asRNA_435	7.43175327492653	-1.01	0.774520363515456	-1.29780863598148	0.194353101321021	0.343940722064111
asRNA_436	1.17485738589981	0.70	1.56387137322814	0.448904511944521	0.653500541111719	NA
asRNA_437	56.2670645112206	-0.12	0.358495522399073	-0.340516236309093	0.733467797751914	0.843841380363951
asRNA_438	7.7068960724493	-1.24	0.698551570483971	-1.78085690566473	0.0749358302417344	0.161492151332735
asRNA_439	1.67369401978715	-0.98	1.51313440793202	-0.645412053399744	0.518660194379346	NA
asRNA_440	1.20062910455191	2.48	2.19029882719366	1.13150446198157	0.257842826467945	NA
asRNA_441	1.61968448757932	-0.51	1.7013709220562	-0.301835544198139	0.762777433447537	NA
asRNA_442	25.8708581619364	0.55	0.43402726946058	1.27018941621797	0.204017166753611	0.356169451970308
asRNA_443	5.44254125292093	0.24	0.906724804085322	0.262550041477705	0.792897410482554	0.884379540518691
asRNA_444	2.70484351102134	0.09	1.31312852556079	0.0723107782868316	0.942354587320396	NA
asRNA_445	2.76800473717046	0.15	1.08052987119459	0.134267038883263	0.89319141636045	NA
asRNA_446	5.50128260649553	0.29	0.849726677821096	0.338529912588843	0.734963889335034	0.844310848444096
asRNA_447	67.2950972209989	0.35	0.281881217446822	1.24140219772031	0.214457207674	0.370230908020076
asRNA_448	67.1799366907845	0.39	0.322948105675007	1.21190410425138	0.225549090899054	0.382809877967561
asRNA_449	0.773113750640132	-0.60	2.64995845046938	-0.225992917589322	0.821206928791802	NA
asRNA_450	1.65905789739987	2.31	1.83138642716633	1.26226001784838	0.206855238548298	NA
asRNA_451	4.04440151201047	0.47	1.04374664823676	0.447302845304375	0.654656412890081	0.785790218720345
asRNA_452	35.1725290539606	1.19	0.415733415936703	2.86328448319483	0.00419273934070039	0.0146392158757413
asRNA_453	5.07742810626781	0.52	0.928495754099241	0.557744222105174	0.577019055740403	0.724141467019927
asRNA_454	1.98000116096796	1.17	1.40514462381982	0.831860278727451	0.405487814773117	NA
asRNA_455	10.2678275910253	-0.17	0.759836788693142	-0.222187508572731	0.82416791781657	0.901733245295254
asRNA_456	0	NA	NA	NA	NA	NA
asRNA_457	3.97329269176053	1.25	1.21599355837542	1.02489377747985	0.305413311004094	0.471174412205123
asRNA_458	0.442835612575011	-1.34	3.69447122452317	-0.362822614127371	0.716737397728125	NA
asRNA_459	1.20694085227696	2.42	1.92334988995124	1.25709185435642	0.20872037640808	NA
asRNA_460	0.870944908269257	1.40	1.90062668288865	0.736146594855765	0.46164148901512	NA
asRNA_461	4.33764143397321	0.70	0.874591015017719	0.798356408906279	0.424663691980485	0.591550592326699
asRNA_462	0.328073037478266	0.00	5.5580899568294	0	1	NA
asRNA_463	2.77341120499114	0.29	1.28509382110481	0.221972771727064	0.824335079608275	NA
asRNA_464	5.93796674412575	0.09	0.760670055691405	0.12011462385868	0.904392348099058	0.945921797046847
asRNA_465	2.94876087925664	0.77	1.33107187121287	0.575253216293036	0.56512005677294	NA
asRNA_466	1.78827639995343	0.39	1.53045045437983	0.25339140513829	0.799965768696352	NA
asRNA_467	12.0277232644684	-0.63	0.753697965549624	-0.835121766339362	0.403649152496399	0.570784487800516
asRNA_468	5.30243086725607	-0.70	0.813285322988841	-0.864232536866874	0.387460161791788	0.556794602871163
asRNA_469	14.3596838162457	-0.33	0.499653332266949	-0.666930640778694	0.504816437927662	0.667038487669844
asRNA_470	1.52755675144718	1.70	1.99275877360932	0.850771843118049	0.394896105580762	NA
asRNA_471	3.72372930560674	1.80	1.21884950772458	1.47897645057437	0.139146608875912	0.263199923187588
asRNA_472	3.19250903155578	-1.21	1.25337141037524	-0.962880993086242	0.33560724900564	0.502520453889777
asRNA_473	4.77674136641304	0.80	0.833483727612467	0.958744556732252	0.337687446069467	0.50514787113235
asRNA_474	0.78240229033569	0.19	2.50154580702881	0.0756533919689189	0.939694857489215	NA
asRNA_475	1.33900895860757	-2.40	2.1199574523706	-1.1331952159586	0.257132282768573	NA
asRNA_476	6.39697627647868	1.06	0.743752415618224	1.42405029490741	0.154431913370491	0.286012326433177
asRNA_477	3.3090865511477	-0.21	1.1063101385783	-0.185395903407868	0.852918521333087	0.919147391262221
asRNA_478	6.01066130980386	0.63	0.730103892594623	0.863469098719573	0.387879602271861	0.557011417923561
asRNA_479	2.07720294703887	-0.31	1.35620207728387	-0.23153484783458	0.81689931615791	NA
asRNA_480	49.307185377846	0.91	0.321229358531084	2.83645097236435	0.00456179816620383	0.015716864112701
asRNA_481	2.69155310648258	1.77	1.14877956573423	1.54093212846723	0.123333305413128	NA
asRNA_482	36.2518839730847	-0.51	0.352027980433167	-1.45491433458597	0.145692978867213	0.27391338970553
asRNA_483	1.23219339342393	-0.05	1.66887816281204	-0.0306588197629704	0.975541632779673	NA
asRNA_484	20.7891904214728	1.00	0.423444830667735	2.36908928982461	0.0178319478861851	0.0490694736158852
asRNA_485	4.58101737898095	-0.39	0.834947475105153	-0.46790569355371	0.639852031726466	0.775055472278859
asRNA_486	2.34861227906418	-0.33	1.16338228633025	-0.284931630111854	0.775696522634554	NA
asRNA_487	1.91184630297436	3.82	1.80623145053973	2.11586436780465	0.0343563447060514	NA
asRNA_488	1.51734938633624	2.16	1.59066929362895	1.35926891581659	0.17406139020834	NA
asRNA_489	0.986837082240169	0.95	2.08825342520294	0.456215677376583	0.648234892940011	NA
asRNA_490	2.57626128166738	1.25	1.32995423939929	0.942172413221739	0.346104375278488	NA
asRNA_491	1.13259540792625	-2.21	2.12878929995468	-1.03897005969403	0.298818661037044	NA
asRNA_492	0.0769312853423235	1.68	7.33718586779587	0.229585391000873	0.818413959964336	NA
asRNA_493	1.82137328479448	1.54	1.98252498213461	0.7769285660612	0.437200916550035	NA
asRNA_494	2.27883860272359	0.07	1.14067096624265	0.0651202394546564	0.948078265879551	NA
asRNA_495	1.5497238444398	1.05	1.49223277050583	0.703072687622404	0.482010452071851	NA
asRNA_496	3.8000568342258	1.03	1.41760706574936	0.725936040709971	0.467877980899363	0.632531904491125
asRNA_497	13.5056981955257	1.68	0.651542855690614	2.57104334695082	0.0101392635182835	0.0308249500105308
asRNA_498	14.0546219308655	0.77	0.524217416737266	1.46589150184379	0.14267784748736	0.269059561725861
asRNA_499	3.70488756334452	-0.51	1.11942039943344	-0.451858693452579	0.651370783468928	0.783968558312351
asRNA_500	14.6855214752904	-0.22	0.480904591101846	-0.462516823076424	0.643710741012923	0.777783442072585
asRNA_501	1.28756957142038	2.38	2.15057652114679	1.10443640350109	0.26940387669115	NA
asRNA_502	6.81516741836165	0.23	0.885015151729306	0.261894387360709	0.793402866878268	0.884598598703356
asRNA_503	5.99543986563521	1.41	0.99488824242296	1.41903889738839	0.155887676161474	0.288364330634812
asRNA_504	4.04078445464729	0.80	1.09164730023733	0.72953690009542	0.465673304493994	0.630650059838288
asRNA_505	17.856153089198	1.46	0.52866595829863	2.76934991276017	0.00561682760663652	0.0186624551765134
asRNA_506	2.46649824806256	3.36	1.92931272000352	1.74004660910765	0.0818508340964649	NA
asRNA_507	1.39034660919296	-3.63	2.01286818509901	-1.80298023421123	0.0713913189347491	NA
asRNA_508	53.0569816622449	0.95	0.360834297494886	2.62352460272408	0.00870251595919994	0.0270126095373566
asRNA_509	9.39641626109607	0.90	0.792429730694004	1.13223077200571	0.257537426143086	0.419630535825794
asRNA_510	4.97010207895106	-0.27	0.982643276098008	-0.275995829235767	0.782551269658014	0.877320820315468
asRNA_511	6.94494189908453	1.08	0.698803194184126	1.54156892298772	0.123178382275322	0.238221619054579
asRNA_512	1.18528231045822	0.17	2.20531325245834	0.077378762459722	0.938322235222422	NA
asRNA_513	6.84133231626092	0.81	0.821651856193058	0.991323017563296	0.321527877069318	0.487792048105163
asRNA_514	5.88929220331289	0.30	0.846394281834667	0.354265891954597	0.723139626601466	0.838485394460572
asRNA_515	12.7120355855088	0.89	0.6472454014435	1.36864865751228	0.171109126483755	0.309873237226123
asRNA_516	3.19939999003407	0.96	1.09480912702235	0.87931677392571	0.379229543469233	0.548266652505123
asRNA_517	2.10586866505733	4.37	1.96708876841147	2.21929997342775	0.0264663234255471	NA
asRNA_518	14.9639245767977	-0.47	0.55113985403395	-0.85358801340875	0.393333302351026	0.561853000689178
asRNA_519	258.226426144602	0.82	0.273171932033632	3.00474027868324	0.00265807716879672	0.00995255914589266
asRNA_520	1.17274418740156	-1.82	2.13180637733828	-0.855593653301777	0.392222581728222	NA
asRNA_521	1.48090916162857	1.69	1.96919940799114	0.859369051885295	0.390136938485696	NA
asRNA_522	6.20567059871683	1.23	0.924695987709199	1.3288425236518	0.183899929558977	0.328249212967834
asRNA_523	5.56373767001953	-0.94	1.01860908207462	-0.919228762815989	0.357975929626662	0.527114461841157
asRNA_524	2.27886204274544	1.72	1.46669990194536	1.16932476237533	0.242272810097645	NA
asRNA_525	9.02344856979302	-0.12	0.790007075429454	-0.150010839409185	0.880756063420702	0.937218656447672
asRNA_526	24.9597234471446	-0.00	0.384217615899881	-0.010033911878726	0.991994230963721	0.99526760313578
asRNA_527	14.2099697299811	0.45	0.552258105412936	0.812788817526068	0.416339147982337	0.583225087029476
asRNA_528	2.32857697949453	1.34	1.22461653962993	1.09221155720873	0.27474012376741	NA
asRNA_529	8.02978079564909	-0.07	0.7513102499078	-0.0867767744221384	0.930848949295437	0.961004170658895
asRNA_530	83.0223690211053	-0.25	0.359604622791062	-0.685732141767497	0.492882034340261	0.656893874878561
asRNA_531	2.74446115592877	0.87	1.24822771611333	0.695181328915832	0.486941671767457	NA
asRNA_532	1.97127869915744	-1.44	1.6182442591256	-0.892544813869935	0.372100983773056	NA
asRNA_533	9.70515486732767	2.72	0.938002839097079	2.90058622344878	0.00372465350198024	0.0132736216649215
asRNA_534	13.6647924146897	0.78	0.661909431634085	1.18217159760762	0.237137619905664	0.394678376507871
asRNA_535	5.97849983476811	0.04	0.899902710358712	0.046016670770844	0.963296962630814	0.982879587203941
asRNA_536	1096.55039377478	2.59	0.229998758116445	11.2651257535458	1.95073256165982e-29	2.0183579571307e-27
asRNA_537	3.12741164152576	-0.25	1.16780882444013	-0.217315833856205	0.827962218307536	0.904609195926291
asRNA_538	79.7995692171441	-0.17	0.220438754052528	-0.758153837005796	0.448358893136569	0.614168580889634
asRNA_539	7.14337676880404	-0.92	0.640872514479512	-1.43139570443318	0.152316838812923	0.283278290997792
asRNA_540	2.65243957682887	-0.10	1.47569907523593	-0.0653822510561406	0.947869655444556	NA
asRNA_541	1.5665068780837	-0.43	1.56302839253134	-0.273365708507682	0.784572109862663	NA
asRNA_542	0.684242699585843	0.00	3.46729645376159	0	1	NA
asRNA_543	1.39337789681668	1.53	1.66375284954673	0.917103776379105	0.359088262378379	NA
asRNA_544	3.0707535918618	0.82	1.2794625197141	0.642925695113389	0.520272315586346	0.67882524908786
asRNA_545	2.01956721328389	-1.57	1.48196579748315	-1.0624517017222	0.288030673129961	NA
asRNA_546	0.902908183910234	2.00	2.21932090923592	0.902974513788026	0.366539421470326	NA
asRNA_547	39.1981465239115	-0.00	0.340902095403872	-0.0138588614464852	0.988942582385432	0.994885655787436
asRNA_548	3.76234638309106	0.85	0.921920354116542	0.92561286393615	0.354647205733577	0.523622682613578
asRNA_549	0.742475366411375	3.02	2.41599057193803	1.24800346192128	0.212029789400452	NA
asRNA_550	0.848693212070755	2.64	2.64224095144217	0.997908875849253	0.31832354760341	NA
asRNA_551	3.51292905897825	0.37	1.15694102435883	0.317327580523079	0.750995051738688	0.854191513593583
asRNA_552	2.71711291302172	-0.25	1.16855956363137	-0.213203844401282	0.83116796980667	NA
asRNA_553	8.74026152369293	0.21	0.643768369718117	0.325447640629403	0.744842304164346	0.850598777727556
asRNA_554	1.77005911821248	2.50	1.48995882696337	1.67574600190098	0.0937879550407779	NA
asRNA_555	28.9488620906381	0.90	0.411691253512465	2.18023532377077	0.02924002245811	0.0745164447536727
asRNA_556	0.752262653627788	0.02	3.28914809239795	0.00493262982206604	0.996064346780447	NA
asRNA_557	8.90595259738207	-0.73	0.635361511008831	-1.15203759406866	0.249305625301782	0.408361298647352
asRNA_558	9.21476803914176	-0.52	0.60121856961874	-0.870936486703031	0.38378883315768	0.553311908091703
asRNA_559	19.8262309938331	-0.11	0.512700847892939	-0.205595050948993	0.837107243714646	0.909854439856857
asRNA_560	50.2453532028161	0.39	0.318285632775068	1.21945822611321	0.222670321841619	0.380085005546896
asRNA_561	7.16104260834724	0.33	0.733275961256224	0.449328885240034	0.653194423549408	0.784945989429873
asRNA_562	28.5551559110339	0.11	0.363618265658483	0.309605011715101	0.756861344649977	0.858347684981194
asRNA_563	13.8370204162419	-0.16	0.52871002780616	-0.298757982779243	0.765124712368984	0.863745227001069
asRNA_564	4.41952605935278	-0.87	0.879628448495167	-0.98875371181409	0.322783656432104	0.48898021940715
asRNA_565	10.3219671621567	0.63	0.575016316420297	1.09552464662823	0.273286853841913	0.438389135679147
asRNA_566	2.93003223133205	0.35	1.28561210012005	0.27285600101695	0.78496390961815	NA
asRNA_567	1.88597405280687	0.28	1.28496105660181	0.220784576408844	0.82526017349214	NA
asRNA_568	3.75973801454668	-0.16	0.985475421622108	-0.157672982862908	0.874714490707032	0.932387973610792
asRNA_569	12.3838950135987	0.43	0.590549507261414	0.725156839423597	0.468355817684381	0.632902245577849
asRNA_570	17.7871839210197	0.87	0.531071151280903	1.63214256874786	0.102649455956876	0.206308548280104
asRNA_571	29.481445665486	1.04	0.445093431335353	2.34070986435335	0.0192471177850796	0.0521318094283483
asRNA_572	1.79826846718794	-0.28	1.5266906020012	-0.181137240497248	0.856259854366383	NA
asRNA_573	11.7197080103131	1.17	0.620468621572482	1.89326180855755	0.0583230613748652	0.13194954993264
asRNA_574	27.5054026407289	1.32	0.389573631482964	3.38211886277274	0.000719290141980543	0.00318953800101086
asRNA_575	3.02692923641238	0.16	0.995153589182781	0.157853410087572	0.874572311036681	0.932387973610792
asRNA_576	13.4779322929988	0.03	0.532272800761638	0.0617504266987173	0.950761581860867	0.974946795538861
asRNA_577	57.5384790568283	1.01	0.334010924117618	3.02077694315283	0.00252127020938617	0.0094909431343976
asRNA_578	3.42431766845105	0.76	1.06964452060422	0.712900329341011	0.475907435365501	0.640041888810448
asRNA_579	9.27001910931724	-0.56	0.771774673074282	-0.729852033795676	0.465480634541966	0.630650059838288
asRNA_580	22.6944798357989	-0.34	0.468515267532433	-0.724026989795425	0.469049165471885	0.633149672646247
asRNA_581	3.75652303741109	1.15	1.12708450732575	1.02353174226002	0.306056499677329	0.471507208089998
asRNA_582	1.3788199966764	0.92	1.78769411147639	0.512834774515548	0.608066902392275	NA
asRNA_583	69.9182067248306	0.36	0.29822580956959	1.20770968135001	0.227158952785554	0.384042151114574
asRNA_584	7.52257928740601	1.26	0.770819464495738	1.6374080466502	0.10154523801747	0.205106236916449
asRNA_585	1.9896392815561	0.68	1.50649734564029	0.448497458586332	0.653794219905757	NA
asRNA_586	3.68616836831243	0.04	1.53087011915156	0.0270553517993936	0.978415585814264	0.990219099565529
asRNA_587	1.67633724826974	-0.20	1.34434801803962	-0.15222432498018	0.879010008974056	NA
asRNA_588	9.41801344591638	-0.26	0.652813267070452	-0.399801250359141	0.689302909713668	0.80935007885238
asRNA_589	23.5587974144598	0.16	0.425835254615117	0.365935875191132	0.714412925695442	0.831472711420567
asRNA_590	4.9556201501612	-0.12	0.866006696217087	-0.143631115787548	0.885791768566778	0.938660741043983
asRNA_591	2.38430514933078	0.57	1.28149739347327	0.44713742349346	0.654775839777541	NA
asRNA_592	11.4404654914624	-1.16	0.656269434346078	-1.76403664283927	0.0777258101342555	0.166272167234134
asRNA_593	7.95676361913075	0.51	0.786692756422622	0.651950292139017	0.514433239669684	0.674894664384911
asRNA_594	0.257634474348761	-1.33	7.34713280801815	-0.180753957649468	0.856560704188108	NA
asRNA_595	44.3714898948528	1.02	0.377218071207495	2.70878480606877	0.00675301244526672	0.0216766811066266
asRNA_596	14.3257231269752	0.59	0.522335481690925	1.12669463860814	0.259871610019621	0.422325380890526
asRNA_597	5.02773090837334	-0.39	0.866959654474704	-0.454038707697743	0.649800967118067	0.783294059003681
asRNA_598	1.26784950976765	-0.32	2.12970978965081	-0.151193348209554	0.879823197336945	NA
asRNA_599	1.37579532694535	-0.60	1.70108688561469	-0.350143287107243	0.72623116613787	NA
asRNA_600	2.60073912156349	1.43	1.43306213393664	0.997139927190429	0.318696594964546	NA
asRNA_601	14.5646180128362	0.97	0.548197026461689	1.76418361578449	0.0777010702942768	0.166272167234134
asRNA_602	12.7562250461546	0.58	0.595525413021905	0.967179048378154	0.333454534112151	0.500867581757222
asRNA_603	0.800775476837502	-0.61	1.99406195674992	-0.307061358266409	0.758796669396598	NA
asRNA_604	0.688221103395597	1.60	3.54792916377008	0.451713131581484	0.651475656943386	NA
asRNA_605	0.724966327410325	2.89	2.65881010103155	1.08645627839146	0.27727717430732	NA
asRNA_606	7.37078065589984	0.39	0.646256876441097	0.598789539745035	0.549313238596744	0.701467993163296
asRNA_607	2.9813951155555	-0.87	1.09383791997957	-0.795682595929988	0.426216545206552	NA
asRNA_608	10.6064772475997	-0.40	0.614226567765662	-0.652733404743621	0.513928163026486	0.674517132361189
asRNA_609	22.9463028573639	-0.03	0.498948556007742	-0.0569673505217203	0.954571203396897	0.977884163479857
asRNA_610	3.26632587341727	0.21	1.05024864854967	0.200160472776017	0.841355079723012	0.912279634166704
asRNA_611	1.60801763192379	0.62	1.49535309195666	0.416448625329238	0.677081753257919	NA
asRNA_612	1.62581017410076	1.14	1.58009931823017	0.723181794430909	0.469568202266714	NA
asRNA_613	4.15812256093209	-0.56	1.07275528168674	-0.519409503575358	0.603475205429598	0.746537841747637
asRNA_614	9.60922330420529	0.52	0.816385330076312	0.63885785524811	0.522915406995122	0.681128587206404
asRNA_615	1.7341669563926	-0.12	1.52402236683586	-0.0780831818208438	0.937761885307308	NA
asRNA_616	0.721037635164592	0.18	2.91602141730467	0.0612160028827712	0.951187185176993	NA
asRNA_617	2.02921910230931	1.15	1.42601444468235	0.806170121779232	0.420144763887913	NA
asRNA_618	96.1067364387257	-0.38	0.285586194819835	-1.316714712193	0.187934270242152	0.334105369319382
asRNA_619	11.166103208988	-0.15	0.566176226629112	-0.269129291494401	0.7878301903663	0.881234202125043
asRNA_620	1.63597758014741	0.16	1.40729218707936	0.111618622901665	0.91112580535614	NA
asRNA_621	1.5005651237767	-0.20	1.41172373385838	-0.143971173819007	0.885523232416761	NA
asRNA_622	2.36437289544574	-1.11	1.60335793835883	-0.694420215012746	0.48741871999928	NA
asRNA_623	28.1541423902661	-0.00	0.402860342061276	-0.00445470821715315	0.996445668846266	0.998533630793784
asRNA_624	41.0112139002172	-0.49	0.336459556352245	-1.44473667518328	0.148531864152056	0.278575774216303
asRNA_625	6.77297752146273	-0.57	0.955969815902361	-0.59142426444837	0.554236186425858	0.70502999715994
asRNA_626	27.5315791715487	-0.81	0.383033837726661	-2.10233650026956	0.0355238093656348	0.0870351418582974
asRNA_627	36.4527486857776	0.55	0.348084951829778	1.58591844508369	0.112757811061122	0.222504924051954
asRNA_628	1.35519079222583	3.02	2.10199348535843	1.43737004130808	0.150612876663504	NA
asRNA_629	3.65054108349615	1.21	1.08204056194565	1.11839813669006	0.263396989792482	0.426269163876884
asRNA_630	4.02408432515897	1.00	1.11080772410335	0.899662475097836	0.36829989877067	0.538992402538501
asRNA_631	0.296454221853793	2.70	5.65759753527538	0.477361077866565	0.633105025102025	NA
asRNA_632	3.98797887932393	-0.38	0.887225606612121	-0.43081485264982	0.666602999107422	0.794293938283854
asRNA_633	20.6163235053274	0.35	0.543687763156749	0.640390214329685	0.521918943160202	0.680401679785497
asRNA_634	42.4282164952057	-2.58	0.463869570487192	-5.55826415728869	2.72470804342638e-08	3.07545227883473e-07
asRNA_635	1.20057574249806	0.17	2.82828478232905	0.0600466531105174	0.952118477889776	NA
asRNA_636	0.558257942224483	2.48	2.72995255790713	0.910086357926729	0.362776968467883	NA
asRNA_637	6.12415169042884	-0.49	1.10740324332446	-0.440612471484723	0.65949357253693	0.789459332493109
asRNA_638	8.40203219888905	0.61	0.780950304278608	0.77625325750379	0.437599466018098	0.605037301790725
asRNA_639	8.44051771256063	0.91	0.708438152236375	1.2862560778002	0.19835370577764	0.348437975514316
asRNA_640	11.5465516060596	-1.11	0.588048325459611	-1.88050912579681	0.0600387238272754	0.134956863924549
asRNA_641	1.59474720803447	1.15	1.71836237507246	0.668677337849423	0.503701326751758	NA
asRNA_642	7.14964690693207	0.46	0.674978326756865	0.679591815595353	0.496762953347681	0.660364970959829
asRNA_643	2.35838632515919	-0.45	1.21095596985929	-0.375692038157252	0.707145857644867	NA
asRNA_644	1.89627642739794	-0.51	1.82466192433509	-0.276962671349574	0.78180876924172	NA
asRNA_645	2.67238902314787	0.98	1.04434527650181	0.940410080776335	0.347007253324908	NA
asRNA_646	0.709188863929547	3.13	2.67473481714976	1.17103520346568	0.241584627187773	NA
asRNA_647	2.95442631091334	0.45	1.29150474224713	0.350868421365807	0.725687063297848	NA
asRNA_648	22.0786410039098	0.70	0.438435335832197	1.60148668688577	0.109269166367295	0.216866109993831
asRNA_649	7.65814908652872	-0.00	0.695856930750209	-0.00339335900276026	0.997292496438536	0.998579325466199
asRNA_650	1.36555389016995	-0.26	1.57123435353206	-0.16239498234318	0.870994821903918	NA
asRNA_651	9.786943325098	0.72	0.723225868238519	0.994279045115539	0.320087034554766	0.485900027740885
asRNA_652	0.709264176297913	-3.07	2.48034503722558	-1.23706483597602	0.216063013146756	NA
asRNA_653	0.512483234250231	0.21	3.01499646643904	0.06908361323177	0.944923064609356	NA
asRNA_654	12.4909189926605	-0.60	0.572436765231592	-1.05637407463264	0.290797345645896	0.455529543400583
asRNA_655	3.7369108929111	-0.15	1.10508954418687	-0.133279029103088	0.893972711979523	0.940656849355684
asRNA_656	0.942403777588222	-2.94	2.17153781138528	-1.35540366587351	0.175288982318603	NA
asRNA_657	0.715003216420664	2.31	2.92511559036347	0.790211040372017	0.429404529429261	NA
asRNA_658	9.88148351138985	0.52	0.649336281759832	0.797471948229059	0.425176988234815	0.591550592326699
asRNA_659	8.85800177359576	1.49	0.781084586911166	1.90970141072221	0.05617166924434	0.128015316691947
asRNA_660	5.36742582378094	-0.32	0.949439082890522	-0.334133324160659	0.738278954686257	0.845927602564098
asRNA_661	0.841521935360323	0.01	2.53039026311791	0.00298187278623005	0.997620813267372	NA
asRNA_662	18.5247835111605	0.10	0.566281153335947	0.178227208373905	0.858544542601091	0.924036844741258
asRNA_663	14.8118282775832	-0.13	0.553534973717377	-0.240183484817074	0.810188016209662	0.896273923967577
asRNA_664	5.00577857082334	-0.50	0.997213060027587	-0.500626556334784	0.616633969057775	0.757432465356286
asRNA_665	1.98425615719923	0.10	1.39687092570546	0.0724863101398911	0.942214899734905	NA
asRNA_666	12.4323250002226	-0.80	0.537819296996732	-1.4822898598859	0.13826318523124	0.26184803353128
asRNA_667	1.93093661233011	-0.11	1.70112559364773	-0.0629512405325633	0.949805331679258	NA
asRNA_668	1.31347728258362	2.48	2.20531189581623	1.12271119191659	0.26156017314592	NA
asRNA_669	20.052999893092	0.48	0.661248300503637	0.724355054279873	0.468847785704574	0.633149672646247
asRNA_670	35.0554361377634	0.83	0.479283669789749	1.74069624868322	0.0817368361952594	0.173418413909833
asRNA_671	10.0461441654079	0.75	0.611382962552062	1.23206676767213	0.217924144080733	0.375380989581906
asRNA_672	0.106531555055844	0.00	7.3561311249555	0	1	NA
asRNA_673	8.96213509263196	0.65	0.662608100489311	0.975254086869251	0.329434238970004	0.496631315086397
asRNA_674	7.33648218688284	0.46	0.698469205771827	0.654414957805486	0.51284450022854	0.67337958067233
asRNA_675	6.86692634067224	1.12	0.808703299239323	1.38534146928934	0.165948079084155	0.303001669104246
asRNA_676	9.6563397754397	0.02	0.701556150738856	0.0250925547760571	0.979981138742098	0.990511707800545
asRNA_677	10.6511606885299	0.80	0.595258922160581	1.34867727022595	0.177440649403221	0.318735981335415
asRNA_678	18.4577537575392	0.91	0.44364684398016	2.04769241488992	0.0405901475436113	0.0967679093512822
asRNA_679	2.52167212086897	-1.47	1.82935979037275	-0.805241083171904	0.42068057311157	NA
asRNA_680	0.324867939320569	0.86	4.27828756477123	0.201891022650399	0.840001920455697	NA
asRNA_681	4.5717179414934	0.77	0.908967442126757	0.849517302795639	0.395593506351372	0.56378431759167
asRNA_682	6.78798585074664	-0.23	0.834936549853551	-0.278494090750607	0.780633100592635	0.876717193534729
asRNA_683	0.912528400785513	-0.50	1.89318367729376	-0.265370739849756	0.790723874559679	NA
asRNA_684	4.59601049393017	-0.33	0.945382673755036	-0.353657954894732	0.723595235821693	0.838685437647658
asRNA_685	12.8161180498893	0.91	0.594788375038461	1.53282201820924	0.125319713992091	0.241011395434604
asRNA_686	11.8296737323045	-0.72	0.593915738042533	-1.21662952800254	0.223745202822105	0.38096824441021
asRNA_687	1.19968396151468	0.04	1.78315928027369	0.023199149704518	0.981491416863496	NA
asRNA_688	1.03798513290576	-0.93	2.12467368184708	-0.43688729469968	0.66219308654629	NA
asRNA_689	0.696275543336023	-0.09	2.72070641467676	-0.0341256562645503	0.972776949656244	NA
asRNA_690	12.7974403990955	1.40	0.620789541602861	2.25899782681667	0.023883520057777	0.0627572990725612
asRNA_691	27.4215055673539	-0.02	0.38567850485192	-0.0411193287908269	0.967200765487483	0.984240084959754
asRNA_692	9.25806667974118	0.08	0.692300656851442	0.110040991197687	0.912376866020319	0.950660554591161
asRNA_693	11.7091670784384	0.25	0.63576413383791	0.38895193640958	0.697311701443712	0.815365570180195
asRNA_694	1.12910267394443	-2.28	2.22158043667559	-1.02665932718554	0.304580907540621	NA
asRNA_695	3.55140963938076	2.32	1.13085473873412	2.05382234734223	0.0399928891990016	0.0957115867954519
asRNA_696	4.67703267374405	-0.31	1.00396248289661	-0.303912269333753	0.761194730073202	0.861059927896217
asRNA_697	4.89412547680448	-0.01	0.891253881497597	-0.0116199827698251	0.99072880379063	0.99526760313578
asRNA_698	3.20050641177671	0.63	1.31359354361152	0.478874793551935	0.632027703954882	0.768434779896574
asRNA_699	0.335562987060155	0.00	4.89101163403783	0	1	NA
asRNA_700	7.5024830553492	-0.08	0.780297516912155	-0.0996544289977766	0.92061868076025	0.955399660675298
asRNA_701	1.56596497122794	2.94	2.05073374758822	1.435763901831	0.151069534853542	NA
asRNA_702	0.770576751676428	3.14	2.85236772025455	1.09946731112584	0.271564284755795	NA
asRNA_703	2.78892831196304	0.78	1.19388908291193	0.653399523063929	0.513498746210401	NA
asRNA_704	22.8931214765901	1.34	0.59922117996039	2.23876564228412	0.0251711688976971	0.0656565615617242
asRNA_705	9.74858978807447	0.38	0.635710324906689	0.593390577389693	0.552919793384003	0.704252375323736
asRNA_706	3.17557546081159	1.40	1.39936035689052	1.00062469613836	0.31700828593643	0.482349862522881
asRNA_707	3.78849852895532	1.04	0.968701774837543	1.07700205268002	0.281479348658487	0.446431469126528
asRNA_708	1.86662900211098	0.65	1.25119445384947	0.520362256875922	0.60281111126105	NA
asRNA_709	9.31947061642215	-0.30	0.58414911476599	-0.51458513948537	0.606842951682117	0.748196003037238
asRNA_710	0.872000982529065	0.03	2.43724557611887	0.0115100415530078	0.990816518323996	NA
asRNA_711	3.83598369106172	1.03	1.12388422238659	0.916633068678794	0.359334949816187	0.528113486851063
asRNA_712	1.62111189436786	1.28	1.38224111950656	0.927876390647185	0.353471692433061	NA
asRNA_713	1.82059419063535	-0.03	1.47459294434864	-0.0181196536598245	0.985543399171711	NA
asRNA_714	64.1338222426768	1.82	0.365158503980066	4.99456139600041	5.89696300451232e-07	5.25981987528915e-06
asRNA_715	5.54060825373787	0.24	0.8576219211595	0.280934055817628	0.77876097931744	0.875506729373899
asRNA_716	2.55264563225274	1.19	1.25097799364836	0.95056959511478	0.341822909328859	NA
asRNA_717	8.0514368706178	0.77	0.673129689431861	1.14634636866495	0.251651864161896	0.411264436269053
asRNA_718	0.150819966212362	2.50	7.28506213174735	0.342541917517276	0.731943104133028	NA
asRNA_719	1.45336752178262	0.10	1.33358608147221	0.072539134324352	0.942172862796202	NA
asRNA_720	7.90053564848345	0.33	0.679690988732088	0.492620345491588	0.622280869527141	0.760870640176746
asRNA_721	5.02740528743275	-0.42	1.09602622181889	-0.381108792738642	0.703122523238924	0.820794400952847
asRNA_722	4.02064420733428	1.17	1.03944565270779	1.12159710063499	0.262033784972198	0.424949252117922
asRNA_723	3.90624152870909	1.00	1.02227698076442	0.979280218091075	0.327441541977851	0.494588100388929
asRNA_724	6.26356368261123	-0.04	0.68117704180927	-0.05322757770115	0.957550582927172	0.978353195986156
asRNA_725	2.3074278166301	-0.16	1.26521782580856	-0.123562689250173	0.901661535697587	NA
asRNA_726	1.24260405237261	0.92	1.79257761902658	0.511032510604291	0.609328292185251	NA
asRNA_727	1.31655012214714	-1.65	2.15628325100763	-0.763199726992448	0.445344291588592	NA
asRNA_728	1.65549909435169	-0.30	1.83307264065699	-0.163900609961471	0.869809386914259	NA
asRNA_729	1.13219278037629	-4.47	1.98086234289231	-2.25709482164322	0.024002150395261	NA
asRNA_730	1.03662574872191	-0.89	1.8409001862762	-0.480947647927082	0.63055370703772	NA
asRNA_731	37.6045792565718	-0.12	0.351745542885405	-0.34766048910891	0.728095172831681	0.840463896046686
asRNA_732	5.81190499611802	0.29	0.840769789055471	0.349468129852101	0.726737893062436	0.83983411022554
asRNA_733	0.658476920424263	2.31	2.91705943200132	0.792534541540408	0.42804905938738	NA
asRNA_734	1.68400591959825	3.55	2.04816559655209	1.73513640817958	0.0827166468736358	NA
asRNA_735	49.5111778622875	-0.42	0.316012154886111	-1.32670147663642	0.184607452319105	0.329133562319645
asRNA_736	2.0140715204236	-3.77	1.89891945180891	-1.98275276709126	0.0473950523005806	NA
asRNA_737	2.72728556958413	-0.09	1.18471080701384	-0.0785460852325369	0.937393672715743	NA
asRNA_738	4.70731107017157	0.88	1.01736915174468	0.865355455037288	0.386843722163344	0.556423963667757
asRNA_739	8.67657429572696	0.60	0.650199052520637	0.921879038864526	0.356591673829915	0.525325370464194
asRNA_740	8.84416592024414	-1.23	0.868382388620596	-1.4151207582467	0.157033092866526	0.289620154639154
asRNA_741	19.6482728284453	-0.26	0.458467112148731	-0.55994069612751	0.575519889041649	0.722951734352602
asRNA_742	4.62464188956813	0.63	0.849331311482559	0.742615281666713	0.45771463384989	0.623681397484661
asRNA_743	8.14265550975504	0.62	0.632326981910523	0.984669920577946	0.324786232341186	0.491294573677895
asRNA_744	3.0964734164624	0.53	1.18470045842342	0.448245916352139	0.653975728129912	0.785580750818594
asRNA_745	0.390572360356922	0.00	4.2239000178313	0	1	NA
asRNA_746	53.4797148237055	0.47	0.283311013577455	1.66462826515607	0.0959869426374001	0.197182971506611
asRNA_747	2.86690088416925	0.21	1.17394079341405	0.181094633734396	0.856293296619003	NA
asRNA_748	31.5728824084009	-1.77	0.40473485276308	-4.38114353542974	1.18058063929987e-05	8.08945321056691e-05
asRNA_749	6.31944353890781	0.54	0.791389429282794	0.686360466548589	0.492485827629056	0.656884672425345
asRNA_750	48.6263197520386	1.24	0.354145091439609	3.49549482247086	0.000473183633016848	0.00220204197433927
asRNA_751	5.54578424583128	0.35	0.872245683616028	0.397588509859923	0.690933531594869	0.810528224516429
asRNA_752	7.59196897215568	1.43	0.85474339095196	1.67327744970975	0.0942726896025667	0.19430440141193
asRNA_753	1.40021498989608	0.09	2.22434744147505	0.0407454213498071	0.967498850640706	NA
asRNA_754	1.78670872827068	-0.59	1.6028673003008	-0.366202471516018	0.714213998093841	NA
asRNA_755	5.52431465542812	0.97	0.804403167621753	1.20481823621595	0.228273478404232	0.385467302443246
asRNA_756	19.7526719392011	0.46	0.419711785097853	1.0883033741967	0.276461201459604	0.441654950762023
asRNA_757	2.63949940670883	1.51	1.4635777304195	1.03394431037331	0.301162198534011	NA
asRNA_758	1.072267225072	1.91	1.83238909021489	1.04061085075609	0.298056193204696	NA
asRNA_759	9.53081873679506	0.12	0.603030449818129	0.200250869830241	0.841284384417367	0.912279634166704
asRNA_760	1.95986137872371	-2.24	1.84002094614405	-1.21649526391243	0.223796314106281	NA
asRNA_761	11.3675931526981	0.87	0.629378006618537	1.37482607635645	0.16918537174634	0.306747309521402
asRNA_762	1.17658220151183	3.23	2.41175637521425	1.33952059370315	0.180401254830299	NA
asRNA_763	1.11747612405622	1.93	2.02499776797927	0.953895462911506	0.340136560321608	NA
asRNA_764	0.994003048249554	1.08	2.38311996422808	0.455205768334512	0.648961211009152	NA
asRNA_765	63.3322180764412	0.40	0.326547922889376	1.21046369146011	0.226101014969131	0.383088182567785
asRNA_766	6.22328538446256	-0.09	0.819956596110539	-0.112732409557619	0.910242705913325	0.948755325438201
asRNA_767	6.15456422882027	1.78	0.758376285837837	2.3435083043506	0.0191033369694162	0.0517875615310636
asRNA_768	2.58283813058388	1.55	1.2755644757199	1.2176352354765	0.223362618309314	NA
asRNA_769	1.7823415961881	-0.05	1.21087165690464	-0.0414595630589683	0.966929529122118	NA
asRNA_770	4.12075346026699	0.81	1.21699521638844	0.666296686003984	0.505221483412308	0.667038487669844
asRNA_771	0.650797094048776	-1.35	2.85338902169839	-0.474221152725455	0.635342210811097	NA
asRNA_772	0.0661804039258738	1.41	7.34834798275831	0.19161929147708	0.848040430122892	NA
asRNA_773	5.70729076153684	-0.55	0.827532982255202	-0.659172348677672	0.509785101075331	0.67049701429569
asRNA_774	4.69396033653462	-1.83	0.965508780781385	-1.89850611266868	0.057629443317272	0.130787516026477
asRNA_775	15.9202716749448	0.68	0.479639200612177	1.41312149544087	0.157620003947365	0.290357562167727
asRNA_776	12.134886630733	0.65	0.623515671175659	1.04035309151159	0.298175886580357	0.463281198098268
asRNA_777	0	NA	NA	NA	NA	NA
asRNA_778	9.4784469709752	0.77	0.704963166176745	1.08683500338398	0.277109735224193	0.442463280934102
asRNA_779	4.88352840389426	0.21	0.885287550285492	0.241107240186493	0.809472001433754	0.896077422414541
asRNA_780	6.47985204520578	-1.02	0.807659584745339	-1.2619826543189	0.206955028005887	0.360285141295723
asRNA_781	25.9504331348705	-0.72	0.410782242515182	-1.76201497408099	0.0780667675445705	0.166886533373517
asRNA_782	10.7210401623667	0.08	0.625408807036055	0.133083348120406	0.894127464271934	0.940656849355684
asRNA_783	0.769144995585758	-0.62	2.23076242459628	-0.278006936067881	0.781007034349276	NA
asRNA_784	10.4444017462119	1.90	0.768772144194237	2.47310631673579	0.0133944289075762	0.0387838687771609
asRNA_785	6.39611766501205	0.80	0.90371442299583	0.888153182103952	0.374458358675296	0.544156715977583
asRNA_786	25.4793348544289	-1.04	0.377434085383	-2.75059572137747	0.00594870088143437	0.0194981705765283
asRNA_787	4.46436367111684	1.16	0.934821412742256	1.24411486903902	0.213457289366678	0.368709753029588
asRNA_788	1.35795954548019	2.08	2.0104977714199	1.03328137816186	0.301472239250534	NA
asRNA_789	0.508596355525654	1.60	3.57553411745645	0.448620926045032	0.653705135562201	NA
asRNA_790	28.570896311806	2.02	0.424843995827922	4.76134514579321	1.92306830792694e-06	1.54642591393917e-05
asRNA_791	13.6026029256523	1.55	0.63851659451192	2.43166695790974	0.0150295197666046	0.0428114952444937
asRNA_792	34.6135075559056	0.28	0.338448009969898	0.838029842755688	0.402013943143875	0.569772314846772
asRNA_793	6.20277375770091	-0.12	0.822898869991323	-0.143313598662224	0.886042516513811	0.938660741043983
asRNA_794	0.867612747989335	1.28	2.07706409385829	0.616461027571609	0.53759028599955	NA
asRNA_795	5.01608732978661	0.48	0.84025441071776	0.568136936451984	0.569941988839379	0.718270374891365
asRNA_796	7.17916494567811	-0.17	0.747899652100808	-0.232073657835907	0.816480804378329	0.898585779730889
asRNA_797	0.496029932238066	-2.75	3.73733176369954	-0.736629730615318	0.461347549924935	NA
asRNA_798	1.81289728401368	2.55	2.02442400118821	1.26085043258273	0.207362739560533	NA
asRNA_799	3.9477581950116	0.99	1.21547386969072	0.815607193282125	0.414724834003095	0.581964685689696
asRNA_800	7.19639852260504	-0.34	0.690106607313929	-0.48866890494184	0.625076121595029	0.763571932873266
asRNA_801	24.6698634145101	-0.14	0.3977769423352	-0.359968072431953	0.718871009813822	0.835230302285772
asRNA_802	2.90920111533018	0.66	1.19792322993454	0.548613802320286	0.583270511756293	NA
asRNA_803	5.79314760125339	3.47	1.53386299725229	2.26015869346685	0.0238114034732933	0.0626360986280528
asRNA_804	2.99365817795293	1.87	1.35338648358719	1.38329771048267	0.166573599761756	NA
asRNA_805	0.754323052140706	-0.90	2.60188166233032	-0.34507280010056	0.730039641338017	NA
asRNA_806	4.70231840010171	0.55	0.854957637095983	0.639354288297603	0.52259247912523	0.680993725946563
asRNA_807	1.29555443373658	-1.53	2.00707705985441	-0.764425776214941	0.44461355289901	NA
asRNA_808	6.79402704313265	0.13	0.858388720039751	0.151229620446841	0.879794585262091	0.936516595560196
asRNA_809	17.22765920605	0.52	0.515038157257479	1.00005997026832	0.317281486634595	0.482529022299747
asRNA_810	7.50521215679803	1.24	0.699107867199395	1.77708119530101	0.0755548816450287	0.162328567433465
asRNA_811	0.904263641529795	0.05	2.10136098913651	0.0258544154774435	0.97937345905886	NA
asRNA_812	0.591627978299795	-1.57	3.86431474473202	-0.406576082686722	0.684319366567618	NA
asRNA_813	0.419411027872645	0.00	4.54161088073368	0	1	NA
asRNA_814	63.2196980562624	0.68	0.303202579048774	2.25099151767796	0.0243860746242682	0.0638232509559261
asRNA_815	0.81138445513398	2.34	2.52314603650837	0.926385378178913	0.354245740112486	NA
asRNA_816	3.03649036612925	1.06	1.19598015624814	0.888289341923627	0.374385131288869	0.544156715977583
asRNA_817	65.5195835612761	0.18	0.256963380557371	0.694214909517066	0.487547443834912	0.651462447552116
asRNA_818	0.966858357384349	1.44	2.4603855975255	0.585949420399519	0.557909505095445	NA
asRNA_819	5.23712994582069	-1.10	0.9154850128195	-1.20390720287218	0.228625447501785	0.385681189698663
asRNA_820	16.2693721172735	0.65	0.5020505451846	1.29159516132869	0.196497380603094	0.346549925790911
asRNA_821	11.8969674069273	1.16	0.624821349099759	1.85701436801889	0.0633091099459053	0.14117203827018
asRNA_822	2.33643298210208	3.26	1.76159012709335	1.85071353891574	0.0642107752637525	NA
asRNA_823	5.45361830347775	2.86	1.21599946522088	2.35345520747808	0.0185998486459012	0.050777423216251
asRNA_824	45.2576593204646	1.95	0.384155324061162	5.0816640604818	3.74142669424497e-07	3.4770624128552e-06
asRNA_825	1.47880243677792	0.47	1.636981996937	0.28991009808864	0.771885016080781	NA
asRNA_826	31.2798078764933	1.62	0.595952275818021	2.71546253372674	0.0066183264520031	0.0213445668756537
asRNA_827	8.22670033701998	-0.19	0.784637216136833	-0.238804301372822	0.81125733470703	0.896273923967577
asRNA_828	19.930894632919	0.57	0.460489266416395	1.24727434300012	0.212296921714022	0.367114008356726
asRNA_829	9.6736501181451	1.34	0.671738397935126	1.99050070970888	0.0465358058908559	0.108362446725594
asRNA_830	4.24969802379488	0.41	0.990208646539234	0.413892812787614	0.678952607709369	0.803139593353235
asRNA_831	1.87622419451107	0.38	1.46860767840752	0.259478211804033	0.795266290940191	NA
asRNA_832	8.57708126390894	0.91	0.672894607913855	1.35142538238301	0.176559207510556	0.317704220355227
asRNA_833	7.46881736035493	0.41	0.753011957536564	0.550997103185379	0.581635660363116	0.727689274392226
asRNA_834	14.4308089627447	-0.01	0.562212221756821	-0.0199505307417401	0.98408283544974	0.992395426002596
asRNA_835	6.65461824111224	0.78	0.840574132796517	0.930734430920025	0.35199095460155	0.52129938368673
asRNA_836	4.21538312769051	0.36	1.10124254816005	0.328701524222941	0.742381302132637	0.849465135933546
asRNA_837	24.1890004664158	0.05	0.412719525784758	0.120885946045388	0.903781373960743	0.945921797046847
asRNA_838	15.078875492246	0.32	0.476760607128423	0.67384969487223	0.500406876966768	0.663504035072554
asRNA_839	7.8848102837343	0.17	0.740197710949438	0.235509759324266	0.813813105009767	0.89768154866749
asRNA_840	8.14074128085815	1.04	0.756078640406847	1.37823607199587	0.168130413494582	0.305191113150399
asRNA_841	5.3068886470082	0.18	0.815439034497116	0.221395204187156	0.824784726291804	0.902090130517885
asRNA_842	5.86008792126156	1.77	0.860642723285475	2.06124405391529	0.0392797626173384	0.0945188822508211
asRNA_843	4.74549004883998	0.19	0.854282683665425	0.224501473030817	0.822367120854289	0.901033372090262
asRNA_844	11.6863200493321	1.77	0.640442840827299	2.76907416926796	0.00562158363081187	0.0186624551765134
asRNA_845	2.09464006780534	0.17	1.43541390386201	0.11716010878253	0.906733177733066	NA
asRNA_846	0.421673473499657	1.30	3.64914047110249	0.35753899467955	0.720688339182856	NA
asRNA_847	5.09025015073257	0.27	0.801856111792144	0.334358469136593	0.738109074565215	0.845927602564098
asRNA_848	6.98011552360685	1.91	0.804587699347708	2.37444209454008	0.0175754927175098	0.0484927372401337
asRNA_849	7.55650264703969	0.53	0.721671308019351	0.731949869010486	0.464199166376993	0.629590368708368
asRNA_850	0.655560768652326	0.75	2.94865783644019	0.254634581722278	0.799005347023226	NA
asRNA_851	0.33651557046669	-1.61	4.8715347549031	-0.330226872024127	0.741228543728697	NA
asRNA_852	2.11849666297201	2.81	1.73009756993184	1.62703594119792	0.103729464651793	NA
asRNA_853	4.54172844095458	1.19	0.880327107135338	1.35026065593868	0.176932387851079	0.318007024834828
asRNA_854	3.83672811919272	0.66	1.06671712840268	0.619771008045637	0.535408558596343	0.690447929324075
asRNA_855	172.311597326178	0.81	0.215766984760642	3.73713604135968	0.000186128229896435	0.00095179905370434
asRNA_856	16.0859370162174	0.17	0.55722957631063	0.306561454983334	0.759177196217795	0.859544204237396
asRNA_857	4.03872849935996	-0.34	0.816921845191075	-0.419383519888427	0.674935866322587	0.800821249351831
asRNA_858	1.65025205612689	0.04	2.36106395684063	0.0173173648112794	0.986183432564397	NA
asRNA_859	3.52804924472717	-0.71	1.16880700490269	-0.609216061904127	0.5423812353101	0.695682377852293
asRNA_860	2.8147822388792	0.61	1.3092747140955	0.462305309305659	0.643862392760101	NA
asRNA_861	22.5349533338819	0.50	0.468562452201355	1.06315278262274	0.287712671141833	0.452576499147879
asRNA_862	1.31129748440492	-2.38	2.13386086039852	-1.11339278300819	0.265539773197932	NA
asRNA_863	4.17677126984471	0.39	1.0213943563568	0.378643289363585	0.704952771323373	0.822621579769831
asRNA_864	1.90745931488569	2.05	1.59627533732626	1.28523971585024	0.198708528986788	NA
asRNA_865	3.3850659985537	-0.36	0.881370259029775	-0.406679696683506	0.6842432544145	0.806643016218234
asRNA_866	0.771195721859241	-1.40	2.7718730301594	-0.505217496638846	0.613406082613994	NA
asRNA_867	0.750744941275178	3.01	3.01591166053691	0.997861891220618	0.318346333494348	NA
asRNA_868	3.33744701046811	-0.87	1.03445699803419	-0.838416570037313	0.401796786420672	0.569772314846772
asRNA_869	1.0396264432384	0.03	2.32683841560722	0.0129488030549879	0.989668638674831	NA
asRNA_870	35.1625894678266	0.08	0.340549039584284	0.232535153746285	0.816122386643648	0.898585779730889
asRNA_871	11.3235893203684	0.22	0.600324945448266	0.364737184267778	0.715307598928258	0.832201944180402
asRNA_872	81.6562749835353	1.89	0.310206668995089	6.10268474387028	1.04301442219779e-09	1.43889634066752e-08
asRNA_873	4.69523987970522	0.99	1.04919741179492	0.943098201538242	0.345630675571846	0.513811119240905
asRNA_874	2.9256164073921	1.28	1.13013606704768	1.13182993022627	0.257705941869248	NA
asRNA_875	6.87208495258376	0.66	0.861090010200579	0.761750050235136	0.446209197317771	0.612575563235012
asRNA_876	0.552289323826364	2.29	3.41509074567166	0.67114841621804	0.502125986128623	NA
asRNA_877	9.56706060905776	1.81	0.832651533029195	2.17706015738021	0.0294760792804848	0.0749948771201842
asRNA_878	2.31572446840092	1.23	1.75532619608148	0.697882207043023	0.485250862634265	NA
asRNA_879	3.62900564023721	0.09	1.616448247896	0.0557440416841373	0.955545713836203	0.977914241921389
asRNA_880	3.46428179173283	-0.11	1.0151156342431	-0.105509837860395	0.915971264079311	0.952487371424516
asRNA_881	2.85976618289819	1.07	1.33138929802226	0.807331024266925	0.419475794452268	NA
asRNA_882	4.96149798406016	1.13	0.921108570135119	1.22643885100938	0.220033573342213	0.377641996924021
asRNA_883	0.831374209414227	0.33	2.02527158898519	0.162913356632935	0.870586654254494	NA
asRNA_884	9.51069130392455	0.98	0.664628290393679	1.48056308254742	0.138723039090222	0.262558727643931
asRNA_885	6.3307030029894	1.65	0.875216230991489	1.87995999814921	0.0601135298649245	0.135016206006314
asRNA_886	4.74589169424404	1.16	0.999143109439954	1.16093196239475	0.245669569429372	0.404325738869974
asRNA_887	15.0319165898949	0.11	0.548888727551114	0.198867300852245	0.842366548734445	0.912469822338291
asRNA_888	2.19340983783125	1.13	1.57989595353996	0.712624820089238	0.476077948889228	NA
asRNA_889	3.70191820350119	1.41	1.01881860317293	1.38569411240701	0.165840326746366	0.302983151395362
asRNA_890	11.4212828789439	0.70	0.588005156317575	1.19741623017325	0.231144360704826	0.389020173294657
asRNA_891	4.3587629160957	1.11	0.990429871196589	1.12226871821558	0.261748202451195	0.424708008577371
asRNA_892	0.90968353401427	2.34	2.45501884729318	0.954476813007795	0.339842340787334	NA
asRNA_893	17.2726675115521	0.95	0.551193628937249	1.71882719183292	0.0856458426834967	0.179867859059252
asRNA_894	28.7447640501892	-0.54	0.347916454825772	-1.56144164420721	0.118419582550893	0.231033553889359
asRNA_895	1.6881102143995	2.01	1.88649510059878	1.06543904543943	0.286677295492955	NA
asRNA_896	2.84706870868665	-0.20	1.13019693954071	-0.180707032683955	0.856597538387276	NA
asRNA_897	11.511709734269	1.50	0.735628794213432	2.04546508595188	0.0408090279249163	0.0971420024299035
asRNA_898	29.4869493036606	-0.42	0.385368088591558	-1.07950930400413	0.280360748439569	0.445135428724513
asRNA_899	34.5578412993711	0.95	0.367056199171595	2.57591585249552	0.00999749732792567	0.0305135021690081
asRNA_900	37.5107498839608	0.84	0.40517865878355	2.07309284437018	0.0381636398249714	0.0923304271369535
asRNA_901	8.76367671709428	0.50	0.628337562409303	0.789897575484019	0.429587587438846	0.595817636912501
asRNA_902	1.52575959537549	1.69	1.96024991249238	0.862668567976739	0.388319718862807	NA
asRNA_903	3.88914513407798	-0.26	0.929964916871713	-0.275903270049833	0.782622362229951	0.877320820315468
asRNA_904	14.9701440651827	3.28	0.749858588234478	4.36852250198622	1.25089930456084e-05	8.49626135964301e-05
asRNA_905	4.85149936538668	-0.69	0.96448310426643	-0.713973087933573	0.47524382087858	0.639426449938064
asRNA_906	0.679385675242107	-1.36	2.75306247256586	-0.492414923999837	0.622426051183592	NA
asRNA_907	2.64455820146672	1.85	1.24374002771981	1.48922653209847	0.13642772636981	NA
asRNA_908	16.5942933039889	1.34	0.49013779904234	2.73078564365995	0.0063183552643357	0.0205363086287937
asRNA_909	3.28592543861487	0.21	1.03010255031819	0.206121644464897	0.836695891943011	0.909854439856857
asRNA_910	2.33591106363826	0.79	1.30462036754478	0.604649200242794	0.545412108416517	NA
asRNA_911	1.78513063601686	3.03	1.90423802488359	1.59016951977465	0.11179659900491	NA
asRNA_912	5.90636803513128	0.63	0.974871596032144	0.642582481882937	0.520495053131878	0.678830523076197
asRNA_913	6.89214800173239	2.05	0.793907721845472	2.58605973179684	0.00970801052597914	0.0297763484907502
asRNA_914	1.82035432610682	1.63	1.8557040819257	0.877810449619637	0.380046592694	NA
asRNA_915	12.2489563321062	-0.35	0.668308876310745	-0.526288519821495	0.598687758236019	0.742439792874392
asRNA_916	16.2434004688386	0.16	0.519525779451579	0.301470679342443	0.763055605097496	0.862322021012335
asRNA_917	164.889800502142	-0.34	0.207351654310903	-1.62780188935071	0.103566899800578	0.207669029057491
asRNA_918	0.591846803569848	-0.81	2.72095167491674	-0.2963349410356	0.766974304501095	NA
asRNA_919	3.51210940410327	1.01	1.04880579363022	0.96702503252005	0.333531519916117	0.500867581757222
asRNA_920	18.3300639294168	-0.26	0.493607696902371	-0.520798483498068	0.602507159634808	0.746133134729205
asRNA_921	6.52584502821648	1.53	0.83763516270289	1.83057187631536	0.0671644694656986	0.148172361920063
asRNA_922	1.73882389617322	-1.45	1.98516179570168	-0.728960745112199	0.466025675075735	NA
asRNA_923	0.476876964486998	-0.86	3.28013927324138	-0.262583966286982	0.792871259558794	NA
asRNA_924	85.8934847687194	-0.07	0.332853218520599	-0.200040835340111	0.841448644529405	0.912279634166704
asRNA_925	4.89761390333074	0.21	0.923819644293937	0.228460093655665	0.819288576439066	0.899701375895967
asRNA_926	6.48058774889227	-0.23	0.653575039278017	-0.352233538924922	0.72466312621489	0.838685437647658
asRNA_927	3.76207099277391	0.01	0.884412528427429	0.0100518238290363	0.991979940015819	0.99526760313578
asRNA_928	6.82246629774316	-1.14	0.787049498433316	-1.44951115619299	0.147194887076359	0.276402256191784
asRNA_929	3.53650010487651	-0.60	1.22154115109451	-0.487764951543092	0.625716339468627	0.763808867224345
asRNA_930	2.63365888699988	0.88	1.37546484576495	0.640596800505378	0.521784678850075	NA
asRNA_931	9.04921053257819	0.42	0.725255780359783	0.575083049301041	0.565235131269731	0.714078081994809
asRNA_932	193.589485914473	0.69	0.253629667210523	2.71318290506217	0.00666403128082752	0.021457627692623
asRNA_933	4.47936286476812	-0.82	0.906901493185146	-0.905358882301004	0.365275291379925	0.535576053114448
asRNA_934	1.86585550390015	-0.35	1.55734020998312	-0.221948456922249	0.824354007958435	NA
asRNA_935	0.726723070538345	0.15	2.28751558800417	0.067590540360892	0.946111585877488	NA
asRNA_936	2.24238808998777	0.85	1.45119191149452	0.582980477729421	0.559906442388354	NA
asRNA_937	0.506883928022707	-1.34	3.9296272125726	-0.340594555182749	0.733408828964611	NA
asRNA_938	40.9116720971137	0.47	0.350325254724311	1.34151399281545	0.179753629697775	0.322389683740715
asRNA_939	18.3813674976527	0.01	0.508443419355567	0.0280678050069939	0.97760807183432	0.990106447098739
asRNA_940	5.58119963373999	-1.71	0.725525823435831	-2.35922108376199	0.0183133417380889	0.0501275244753332
asRNA_941	9.76222701044568	-0.38	0.580673087681841	-0.662033210701903	0.507949937856067	0.669305842317254
asRNA_942	3.34358579076147	0.90	1.2000661377292	0.748237995581597	0.45431661668197	0.620140183896586
asRNA_943	7.2807370196804	1.30	0.752457103770021	1.72815299866977	0.0839607977683948	0.177047769207267
asRNA_944	22.3839671035763	0.18	0.38169573840691	0.458874036005011	0.64632462475738	0.780619313325645
asRNA_945	19.4646498922935	0.60	0.501788819213268	1.19687132118088	0.231356713885933	0.389020173294657
asRNA_946	2.07142499846007	2.65	1.79735983901566	1.47662419678447	0.139776401897996	NA
asRNA_947	16.0841602116158	0.20	0.550565803178592	0.366337391560917	0.714113331484595	0.831435776792267
asRNA_948	3.36544557081974	-0.24	1.03867525154314	-0.231843839466221	0.816659305612384	0.898585779730889
asRNA_949	4.11928335465304	1.83	1.17026645482455	1.56500248396446	0.117582326882301	0.229833465140216
asRNA_950	1.05899297779726	0.98	1.69592785558161	0.576204396490567	0.564477033884683	NA
asRNA_951	54.5062584823884	-0.26	0.243985595030437	-1.08507636167128	0.277887835833881	0.44324966209063
asRNA_952	83.1034065393286	-0.91	0.254606224705053	-3.57410208337252	0.000351431811052975	0.00168340176158709
asRNA_953	7.93029666630948	0.24	0.735197731858188	0.326213078106759	0.744263147249941	0.850586453999933
asRNA_954	21.7752150968644	-0.60	0.477802860241769	-1.25474387228642	0.209571753787962	0.36300821638272
asRNA_955	10.0151466758877	0.67	0.698024528389518	0.958316614354483	0.337903128427389	0.505227028245961
asRNA_956	18.6895105063188	-1.09	0.468394842941514	-2.33282809187098	0.019657169651963	0.0529735230036424
asRNA_957	3.7568750825164	1.67	1.06348923871317	1.57264825673659	0.115800287192432	0.226921774902342
asRNA_958	3.83179899455038	0.10	0.987696203751908	0.100216648430967	0.920172329017274	0.9552558224982
asRNA_959	26.8613226453014	0.27	0.467316072262338	0.570709244403091	0.568196751313351	0.716944193527091
asRNA_960	5.18752155458847	1.11	1.13306669772195	0.9833873285799	0.325416844347242	0.492008711570307
asRNA_961	21.8289233376282	0.34	0.446213033258515	0.751601573601544	0.452290696732011	0.617918275816973
asRNA_962	15.4643431246119	-0.13	0.486665080066129	-0.275885847007396	0.782635744669307	0.877320820315468
asRNA_963	39.2033664711424	0.01	0.345313848848445	0.02219961306998	0.982288726240927	0.991881543192185
asRNA_964	14.145528625727	-0.19	0.488610192819713	-0.388207560145701	0.697862438870068	0.815365570180195
asRNA_965	38.1953787460434	-0.99	0.383978606100504	-2.57446583407097	0.0100395001472574	0.0305815588391433
asRNA_966	14.9746474925304	0.81	0.766834460497068	1.05142981079769	0.293061230254464	0.458037290387642
asRNA_967	2.25560824749202	-1.38	1.30391282038054	-1.05984431209481	0.289215433713386	NA
asRNA_968	1.20263361856364	1.42	2.21880500539614	0.639562737372692	0.522456914316566	NA
asRNA_969	13.2260736125597	-0.19	0.540741845420626	-0.353132286046807	0.723989269360475	0.838685437647658
asRNA_970	1.36608550800561	0.62	1.46738004632388	0.424564383088638	0.671154261772941	NA
asRNA_971	2.23714939288957	-0.21	1.14570160592219	-0.180710171402744	0.856595074610283	NA
asRNA_972	37.5610684497209	-0.57	0.362063505133378	-1.57682269057122	0.114836329086176	0.22531729803002
asRNA_973	11.0944490895721	0.10	0.60483688912742	0.171849917027309	0.86355552111842	0.927179639415972
asRNA_974	3.45777310363934	-1.11	0.881810110499841	-1.26080968641753	0.207377423056762	0.360818117246743
asRNA_975	4.71149566610215	0.53	0.989181582983352	0.535533310762158	0.592281129839413	0.736849950710035
asRNA_976	40.5908492318106	0.14	0.299945337342685	0.476443710004456	0.633758300787831	0.770202985937872
asRNA_977	2.13504021302471	2.31	1.80034483832114	1.28497064763731	0.198802541313824	NA
asRNA_978	9.04507624617181	0.17	0.635410292921897	0.267076586641909	0.789410194171094	0.882365589739674
asRNA_979	2.43663070228257	0.23	1.23571052585334	0.183304047887135	0.854559458456794	NA
asRNA_980	8.84752246631942	-0.62	0.644316296775516	-0.965861500214314	0.334113489449623	0.501493361340246
asRNA_981	104.329948519744	0.03	0.208874243926588	0.141739227501188	0.887285988662732	0.93965735544494
asRNA_982	2.35204066635099	0.79	1.31541189024968	0.600155580274525	0.548402553989487	NA
asRNA_983	5.78094492405407	0.82	0.79806708158678	1.02223265890831	0.306670796866897	0.471667144188477
asRNA_984	4.92495148051779	0.89	1.1587122330197	0.76444199790054	0.44460388918519	0.611550429433443
asRNA_985	14.7032796153574	0.67	0.672703542487067	1.00227259318982	0.316211955521797	0.482149823011328
asRNA_986	21.8620586987574	0.72	0.620474792114958	1.1577080367081	0.246983203163417	0.405570823868816
asRNA_987	0.615366789084214	-1.16	3.80322356297872	-0.306176561165482	0.759470217474735	NA
asRNA_988	10.4598291294449	-0.53	0.524601105508376	-1.0023872955331	0.31615657563674	0.482149823011328
asRNA_989	2.77786647645372	-0.21	1.19625043427029	-0.176260416348137	0.860089358291282	NA
asRNA_990	0.88305361180497	-1.54	2.23798493325773	-0.686700367723623	0.492271565203438	NA
SACI_small_CDS_1	3.02079235855328	0.31	1.21735036005934	0.251285505099777	0.80159338096316	0.891169718663914
SACI_small_CDS_2	19.1665937640686	1.50	0.540689417251361	2.78272850513947	0.00539038920710605	0.018010514638167
SACI_small_CDS_3	78.4955362724067	-0.63	0.218515663940281	-2.88343679060782	0.00393361582953496	0.013874935835087
SACI_small_CDS_4	107.275209177844	-0.87	0.202124353415538	-4.29513891335445	1.74583982785657e-05	0.000113846361883756
SACI_small_CDS_5	70.5653649326529	1.15	0.389664434920313	2.9550574935989	0.0031261078864299	0.0113946995272602
SACI_small_CDS_6	3.80035071323189	3.72	1.59456847644206	2.33503774491376	0.0195414490240429	0.0527449198005471
SACI_small_CDS_7	2.97566701726853	3.18	1.86462626052454	1.70494423444623	0.0882048254020378	NA
SACI_small_CDS_8	0	NA	NA	NA	NA	NA
SACI_small_CDS_9	5.98438634327378	-0.66	0.684976418002634	-0.967214434891965	0.333436847558669	0.500867581757222
SACI_small_CDS_10	1.06545940232633	-1.36	2.5361313170951	-0.537202024100379	0.591128073272526	NA
SACI_small_CDS_11	9.9238249582427	0.34	0.612830720790986	0.557829993827141	0.576960479170267	0.724141467019927
SACI_small_CDS_12	33.9461974221494	0.19	0.373738322983421	0.520625756987178	0.602627502824135	0.746133134729205
SACI_small_CDS_13	1.55126735529792	0.03	2.26671736506472	0.0138167078421466	0.988976212875505	NA
SACI_small_CDS_14	2.63330746580747	1.49	1.30394510171323	1.14502661255186	0.252198133495089	NA
SACI_small_CDS_15	0.222691769895356	-1.33	7.34713190532957	-0.180752966537985	0.856561482167289	NA
SACI_small_CDS_16	6.14347802213928	-1.29	0.726408525132972	-1.77699811338199	0.0755685502388392	0.162328567433465
SACI_small_CDS_17	3.05436887421263	1.15	1.08264720807498	1.05831259853455	0.289912951095307	0.454949342871503
SACI_small_CDS_18	2.30472277657717	-0.81	1.25124932070189	-0.643717625049273	0.519758558696824	NA
SACI_small_CDS_19	0	NA	NA	NA	NA	NA
SACI_small_CDS_20	0	NA	NA	NA	NA	NA
SACI_small_CDS_21	2.38360526454574	1.14	1.17105236939137	0.972034836104707	0.331033218299884	NA
SACI_small_CDS_22	7.01431267867769	0.79	0.86487700420529	0.917367614003497	0.358950037509802	0.528047827692146
SACI_small_CDS_23	9.27650127059109	0.89	0.600096763031784	1.48339594141956	0.137969245111211	0.261450877182662
SACI_small_CDS_24	2.10050735239285	-0.85	1.57373038220686	-0.537284424975085	0.591071162220501	NA
SACI_small_CDS_25	0.482298329216805	1.63	4.0745209705976	0.399049297822082	0.689856880281738	NA
SACI_small_CDS_26	10.6284681105274	-0.18	0.56179359394066	-0.312468539986971	0.754684468420834	0.856673038731479
SACI_small_CDS_27	1.47478765495389	2.01	1.84556423266715	1.09081602386799	0.27535384415506	NA
SACI_small_CDS_28	2.019876981675	0.45	1.26979455203076	0.354592624046224	0.722894802711052	NA
SACI_small_CDS_29	18.7388385966101	0.14	0.447545712611576	0.311626792933604	0.75532416969295	0.856917479066856
SACI_small_CDS_30	93.1442207411688	0.19	0.270561142455073	0.684594532703039	0.493599818023243	0.65700421747176
SACI_small_CDS_31	1.18464430790436	2.02	1.91197911284752	1.05744882453933	0.290306798684939	NA
SACI_small_CDS_32	27.9920317299089	-1.10	0.338939915191227	-3.25759109940762	0.00112362185964561	0.004706777668475
SACI_small_CDS_33	19.1804548140579	1.86	0.600779419131163	3.09616176116189	0.00196043381515791	0.00758751441677076
SACI_small_CDS_34	13.2587963173002	0.53	0.553675888891939	0.964244737590466	0.334923239748528	0.502223060956247
SACI_small_CDS_35	14.0170825523867	0.89	0.537590838158846	1.66233074549144	0.0964464764005181	0.197865077823667
SACI_small_CDS_36	1.52662972217769	-0.34	1.62564229847884	-0.211745964364341	0.832305226691422	NA
SACI_small_CDS_37	0.857699141329538	3.40	2.35303936968265	1.44421065841986	0.148679727667402	NA
SACI_small_CDS_38	0	NA	NA	NA	NA	NA
SACI_small_CDS_39	0.933368182824331	3.12	2.3440388796619	1.33159069913442	0.182994722888775	NA
SACI_small_CDS_40	2.256039695903	1.04	1.19175356208535	0.875382193872235	0.381365984971827	NA
SACI_small_CDS_41	24.1464667694034	-0.13	0.422799461006677	-0.312273445180744	0.75483271937197	0.856673038731479
SACI_small_CDS_42	3.99754707719119	0.16	0.917113904644278	0.170609469965827	0.864530851150566	0.927905865135323
SACI_small_CDS_43	0	NA	NA	NA	NA	NA
SACI_small_CDS_44	3.29942861576523	0.45	1.07285203383537	0.422817928029273	0.672428106279761	0.79847622107589
SACI_small_CDS_45	45.8972460281939	-0.17	0.307307366797633	-0.564440612136003	0.572454306431115	0.720457923594596
SACI_small_CDS_46	11.2027228164044	0.39	0.691791398060072	0.566776448143137	0.570866073795399	0.719142976079918
SACI_small_CDS_47	12.4235102576298	0.65	0.652919650248388	0.99722193350375	0.31865679683243	0.484383299396602
SACI_small_CDS_48	0	NA	NA	NA	NA	NA
SACI_small_CDS_49	2.13768149267283	-1.78	1.68438771725241	-1.05627522042927	0.290842493549106	NA
SACI_small_CDS_50	4.69233753802361	0.44	1.12533850174834	0.388561883892829	0.697600267511089	0.815365570180195
SACI_small_CDS_51	6.0597767004664	0.96	0.922493888986537	1.03631800515891	0.300053808957684	0.465218293209117
SACI_small_CDS_52	10.9273270069465	-0.01	0.625219043013483	-0.0135244609015004	0.989209370408732	0.994885655787436
SACI_small_CDS_53	21.5958460240234	0.74	0.680729497236813	1.08050503328841	0.279917346651515	0.444886556070815
SACI_small_CDS_54	0	NA	NA	NA	NA	NA
SACI_small_CDS_55	0.755021492112819	1.44	2.59457693460197	0.553915047472407	0.579636986483716	NA
SACI_small_CDS_56	0	NA	NA	NA	NA	NA
SACI_small_CDS_57	166.250321673612	0.01	0.170687399661497	0.0859773876201045	0.93148439271719	0.961212618016674
SACI_small_CDS_58	38.3252087040216	-0.12	0.350619534972161	-0.332407902029343	0.739581272513137	0.846794640310135
SACI_small_CDS_59	5.48114311496958	0.27	0.863273839236636	0.307583946760075	0.758398937017	0.859463417488415
SACI_small_CDS_60	0.762306631907269	1.44	2.56036855088735	0.561729598736402	0.574300264707072	NA
SACI_small_CDS_61	1.16159499792526	4.27	2.13578259549145	1.99898350532978	0.0456101385860414	NA
SACI_small_CDS_62	10.2309295088622	0.36	0.567151557267539	0.633732347306646	0.526255510842736	0.684527574696984
SACI_small_CDS_63	7.21399739429907	0.97	0.721327322524146	1.34087615304864	0.17996066589663	0.322516112553776
SACI_small_CDS_64	5.19383765424612	2.98	1.26991840102782	2.34551339439354	0.0190008958604136	0.0515999831589885
SACI_small_CDS_65	0.54268087491701	-2.65	3.79402805619243	-0.697171517412792	0.485695461559249	NA
SACI_small_CDS_66	4.19626371568848	-1.21	1.01672064003297	-1.18879336799127	0.234520988432746	0.392216135827179
SACI_small_CDS_67	12.5370041573376	0.46	0.503743529880149	0.904991223446729	0.365470036804367	0.535608590293085
SACI_small_CDS_68	22.876576435184	0.04	0.454682576049586	0.0784319199512961	0.93748448327942	0.966440330820099
SACI_small_CDS_69	0	NA	NA	NA	NA	NA
SACI_small_CDS_70	3.84639518548347	0.18	0.935144348103682	0.189213835212678	0.849925224595203	0.917203261861039
SACI_small_CDS_71	2.1617949304376	-0.76	1.31533638375918	-0.574222728160395	0.565817091082043	NA
SACI_small_CDS_72	10.7206860569316	0.54	0.653619501288918	0.825521636436837	0.4090755041479	0.576120855206479
SACI_small_CDS_73	70.9481343167758	0.64	0.290130040508941	2.1904195017834	0.0284938269559261	0.072914129324975
SACI_small_CDS_74	5.45770197116362	1.18	1.11974967990627	1.05739416809465	0.290331732020134	0.455146311207321
SACI_small_CDS_75	2.91560210171545	0.04	1.24959117071663	0.0297844755539182	0.976238939987911	NA
SACI_small_CDS_76	3.64247810736797	-0.62	0.956827007432595	-0.65081200563902	0.51516784930975	0.675572878858245
SACI_small_CDS_77	4.90025739456697	1.00	0.988488272643605	1.01197765586451	0.311548737045821	0.476847771099718
SACI_small_CDS_78	15.2114338634605	1.56	0.564093527059429	2.75694173933132	0.00583447460237183	0.0191845436077989
SACI_small_CDS_79	0.368451715189991	0.00	4.75962356289676	0	1	NA
SACI_small_CDS_80	9.06382069059809	1.62	0.786775075556101	2.06090801986411	0.0393118160392429	0.0945188822508211
SACI_small_CDS_81	4.64566779272615	-0.68	0.844620294881356	-0.810425366523939	0.417695743644547	0.584284627432481
SACI_small_CDS_82	2.35846347632551	1.58	1.33823297485773	1.17969012113095	0.238123484401299	NA
SACI_small_CDS_83	6.33950570073064	-0.64	0.745590234085448	-0.863150863825592	0.388054525355426	0.557011417923561
SACI_small_CDS_84	7.57057342223808	0.30	0.869777807176971	0.341823213818161	0.732483938648479	0.843493686751908
SACI_small_CDS_85	12.5558751801891	0.88	0.539773631997645	1.62679546054978	0.10378054607656	0.20796308264793
SACI_small_CDS_86	3.68986167569505	-0.14	0.974066580164341	-0.14572902481284	0.884135307477295	0.938660741043983
SACI_small_CDS_87	3.51208733387298	4.78	1.64621270353683	2.90107470205546	0.00371885212261486	0.0132731259705815
SACI_small_CDS_88	2.93519064219766	1.93	1.20165967168881	1.60413926256908	0.108683359126832	NA
SACI_small_CDS_89	7.78643759008946	1.90	0.886603980050896	2.14176697088693	0.0322122385178605	0.0804398940944803
SACI_small_CDS_90	367.235572106292	0.88	0.165834764545783	5.28368255289536	1.26612572648127e-07	1.25963277403778e-06
SACI_small_CDS_91	0	NA	NA	NA	NA	NA
SACI_small_CDS_92	7.92811700065827	-0.75	0.922922956686482	-0.812726976172268	0.416374611100941	0.583225087029476
SACI_small_CDS_93	0.431049337210904	0.00	4.10730634194814	0	1	NA
SACI_small_CDS_94	2.3597382701322	-0.36	1.21875323383068	-0.297647249692084	0.765972408059234	NA
SACI_small_CDS_95	8.33116493084772	-0.01	0.693630990201702	-0.0159327714570073	0.987288025475177	0.994335506513611
ncRNA_1	7.42669942614424	0.10	0.774443596366408	0.133196387935143	0.894038067405181	0.940656849355684
ncRNA_2	6.88143179247547	0.19	0.717891459114874	0.263275458708956	0.79233827374706	0.884379540518691
ncRNA_3	4.81936423946385	0.90	0.93062334077331	0.967419859128958	0.333334186311528	0.500867581757222
ncRNA_4	8.51979301003155	1.46	0.863583033722133	1.68728535590289	0.0915484954607844	0.189824001276069
ncRNA_5	5.47400790368918	0.58	0.933947146204331	0.617559133636169	0.536865990026198	0.691752608153307
ncRNA_6	0.807596577855951	3.40	2.36680811201855	1.43565479139089	0.151100595404783	NA
ncRNA_7	0.573525900825808	0.03	2.49812672388417	0.0131014599890895	0.989546846395845	NA
ncRNA_8	5.60876049400601	-0.21	1.09734920747996	-0.190631091307436	0.84881462952575	0.916792866190337
ncRNA_9	16.7805008961192	-1.54	0.516854248547524	-2.97387100250179	0.00294068672055922	0.0108330671959707
ncRNA_10	8.06348951221264	-0.16	0.678638735819595	-0.241324188335849	0.809303865208232	0.896077422414541
ncRNA_11	268.558469925856	0.10	0.19163331103515	0.514177594841062	0.607127830824948	0.748196003037238
ncRNA_12	4.03855591800875	1.54	1.08002303484518	1.42779291990715	0.153351471310735	0.284350637364709
ncRNA_13	19.3390894479578	0.38	0.479787940917399	0.797995952675634	0.424872838817356	0.591550592326699
ncRNA_14	0	NA	NA	NA	NA	NA
ncRNA_15	2.65750427638982	-0.26	1.32098201287121	-0.196637509036358	0.844111215664609	NA
ncRNA_16	8.2561815238325	0.08	0.668615132068439	0.124747778787939	0.90072323080773	0.943904425532476
ncRNA_17	0.086593113821284	-1.33	7.34713449478102	-0.180755853606004	0.85655921594551	NA
ncRNA_18	15.1366764940517	1.07	0.520045526663763	2.06692332777563	0.0387413792151791	0.093509518727773
ncRNA_19	11.913588537546	0.91	0.61615242758191	1.47795160392126	0.139420732457658	0.263557827983296
ncRNA_20	2.19361088701416	-0.38	1.44483315576488	-0.264368102686426	0.791496287786207	NA
ncRNA_21	19.6406163177217	0.06	0.454527513186275	0.137378764199314	0.890731415604047	0.940418474161551
ncRNA_22	0.0331082459993873	0.00	7.3561311249555	0	1	NA
ncRNA_23	10.3451704997758	0.96	0.62046698797481	1.55281818733719	0.120466576411811	0.234290885452544
ncRNA_24	0.746084840391449	0.02	2.28356593294235	0.00991252230362135	0.992091081014762	NA
ncRNA_25	4.80838537676314	0.55	0.940991329946734	0.589766202496451	0.555347404335068	0.70502999715994
ncRNA_26	70.8465251670672	0.53	0.809444577833755	0.650240279088569	0.515537026724388	0.675666593515306
ncRNA_27	2.26223775488765	0.83	1.30098549500449	0.636529970779397	0.524431052845244	NA
ncRNA_28	8.85669727555101	0.21	0.641751780895832	0.334688045010593	0.737860420574114	0.845927602564098
ncRNA_29	5.43807567316924	-0.03	0.93888105286594	-0.0314577951345307	0.974904450076406	0.98859961223037
ncRNA_30	29.908230064724	1.60	0.479210056014767	3.34786610676747	0.000814363455489375	0.00356414989044748
ncRNA_31	6.2261245583372	1.19	0.842989123023744	1.41338204815301	0.157543421067177	0.290357562167727
ncRNA_32	0.145381702553536	0.00	7.35613112495549	0	1	NA
ncRNA_33	14.0449968322133	0.14	0.59214334076716	0.233156680750054	0.815639742615149	0.898419361631449
ncRNA_34	27.4056884608275	-0.27	0.433230713284967	-0.629586910955164	0.528964889493107	0.685842530069593
ncRNA_35	1.97987443712671	-0.51	1.72387490718409	-0.29332593745721	0.769273029902028	NA
ncRNA_36	1.88387739695173	0.49	1.44958290329569	0.33779461920624	0.735517965050509	NA
ncRNA_37	10.5828195361532	0.79	0.785920895227335	1.00731247704668	0.313784635745892	0.479350351790811
ncRNA_38	0.113852130872302	-1.65	7.33460439811603	-0.224730875374159	0.822188643834519	NA
ncRNA_39	0.696858147214067	-1.52	3.0273090421317	-0.500954763495952	0.616402959750856	NA
ncRNA_40	1.50242764406429	-0.03	2.28719715748618	-0.0128600044076502	0.989739483845595	NA
ncRNA_41	3.03713798851865	-1.97	1.70671650380998	-1.15633998315054	0.247542119972808	0.405901077863496
ncRNA_42	1.3502303165448	0.04	1.64864958325077	0.0251052318196705	0.979971027110158	NA
ncRNA_43	13.8282891558444	1.07	0.53581221400318	1.99595951336116	0.0459383298803253	0.107212463119195
ncRNA_44	5.15007988860876	1.19	0.939488325537277	1.26365908785817	0.206352415509853	0.359639470939127
ncRNA_45	9.52248548969344	0.52	0.641649336371417	0.811004712718	0.417362964373356	0.584146617402644
ncRNA_46	117.870179121383	0.15	0.216719912839348	0.70805448036057	0.478911425799778	0.642689609028323
ncRNA_47	4.7287670029914	1.96	1.13901433011341	1.72096055935506	0.0852579810917917	0.179174524921409
ncRNA_48	8.147961741948	-1.74	0.660844884722857	-2.62881027709366	0.00856841495330256	0.0266763891825989
ncRNA_49	5.47409890308778	4.04	1.53803292385676	2.62531279395059	0.00865693989915468	0.0269249914298358
ncRNA_50	2.90285069905705	2.61	1.708584897154	1.52573720350409	0.127075325269938	NA
ncRNA_51	0	NA	NA	NA	NA	NA
ncRNA_52	1.67703112673567	0.84	1.38767451066721	0.602231145821379	0.54702028620554	NA
ncRNA_53	3.15682859968573	-0.50	0.969383998500847	-0.516401092680022	0.605574302781897	0.747611521755186
ncRNA_54	2.53888680725176	-1.75	1.21459889491714	-1.44264888172258	0.14911940598695	NA
ncRNA_55	6.32456203556823	0.48	0.830903580901205	0.581628958573951	0.560816632729532	0.709940794450435
ncRNA_56	0.734769398447963	-1.01	2.3543550588609	-0.427858521483658	0.668754127167294	NA
ncRNA_57	27.7299629376611	0.66	0.376576547662345	1.75097979564971	0.0799493903343548	0.170297945332639
ncRNA_58	3.89499889433101	-1.33	1.11292014397316	-1.19894001921001	0.23055126926868	0.388296874557777
ncRNA_59	0	NA	NA	NA	NA	NA
ncRNA_60	8.24114599538599	0.30	0.756777211903793	0.399110482318462	0.689811798865797	0.809518269822092
ncRNA_61	14.2800253962594	2.66	0.72045597452525	3.68717306074455	0.000226759148870893	0.00113893268300202
ncRNA_62	4.73968299455491	1.57	1.11968816689081	1.39773354133741	0.16219309802329	0.297721689097748
ncRNA_63	5.3978772942819	1.68	1.01390169748562	1.66181066442619	0.0965507432889829	0.197948155329593
ncRNA_64	1553.99475614933	0.77	0.199063464793187	3.8478691405856	0.000119149664466043	0.000642084302955897
ncRNA_65	1.60668605037831	1.50	2.29888701877154	0.654434395256369	0.51283198089063	NA
ncRNA_66	1.24159956090853	1.54	2.02626013456187	0.757899777554486	0.448510983467359	NA
ncRNA_67	12.3223988551009	-0.14	0.530694475398377	-0.25641078129207	0.797633663804179	0.888020318659126
ncRNA_68	16.841554875309	-0.92	0.475749881519054	-1.93408514775021	0.0531026597091135	0.121646240396375
ncRNA_69	4.86444477072666	0.83	1.07593936514999	0.769214947660866	0.441765718229151	0.608899107186183
ncRNA_70	108.132735183316	1.18	0.296254963901394	3.96661771146539	7.28997797036481e-05	0.000412921379927233
ncRNA_71	1.06100041180683	0.86	2.28566453155466	0.375448688328536	0.707326800656491	NA
ncRNA_72	22.0607294349398	0.64	0.467511103707955	1.37947976359289	0.167746881342091	0.304983601832728
ncRNA_73	4.22989871209628	-0.23	0.885046715796844	-0.25696494852597	0.797205831711046	0.887881916623999
ncRNA_74	103.648776667226	0.16	0.214259833079025	0.763999912954553	0.444867294471524	0.611550429433443
ncRNA_75	0	NA	NA	NA	NA	NA
ncRNA_76	267.346187110034	0.85	0.315013546617898	2.69548974667922	0.00702852409060834	0.022444998742025
ncRNA_77	28.4505231262656	0.78	0.432065532505647	1.80382143777698	0.0712593039933192	0.155329269378696
ncRNA_78	1.00858966590257	-0.50	1.93306046965412	-0.259076257597843	0.795576403232778	NA
ncRNA_79	2.46541294227994	0.79	1.36508608301846	0.577397703301656	0.563670825341631	NA
ncRNA_80	0.360807788233538	1.63	4.2879711102382	0.380943014591538	0.703245533614736	NA
ncRNA_81	3.08692611881946	0.38	1.20864624386377	0.314086995029217	0.753454966572867	0.856137139701906
ncRNA_82	8.59420297133776	0.17	0.730988022303538	0.236008940705731	0.813425732448093	0.89768154866749
ncRNA_83	0.330976001879784	-0.82	4.69094697026305	-0.173826509028279	0.862001810347417	NA
ncRNA_84	3.81827023337631	1.28	1.36875425288071	0.936690905648761	0.348917575619299	0.517953206466907
ncRNA_85	12.0361353516598	0.75	0.627773664039835	1.18795067244779	0.234852844175502	0.39255962752868
ncRNA_86	16.6112442669278	0.58	0.538417489291354	1.07365164315929	0.282978842165212	0.447788391380555
ncRNA_87	14.7317372824477	1.14	0.546783985554577	2.07778660359424	0.0377290182367972	0.0914928692242332
ncRNA_88	25.5993162095058	-0.74	0.413582705139138	-1.78300735050741	0.0745851067938184	0.160995946792776
ncRNA_89	0.902782502944024	2.71	2.12917530196013	1.2748014087132	0.202379541978809	NA
ncRNA_90	2.85882397114308	0.31	1.37778794403397	0.226671086346666	0.820679511688311	NA
ncRNA_91	1.75575448419737	0.57	1.40557616264385	0.409015381225934	0.682528373459149	NA
ncRNA_92	13.1084893844076	-1.42	0.57594581141587	-2.46559009092132	0.0136787771735255	0.0394966738108121
ncRNA_93	5.02618338211632	-0.30	0.884423819982893	-0.341418321412139	0.732788684341233	0.843493686751908
ncRNA_94	7.17518281756714	-0.06	0.80334946238377	-0.0688533342555141	0.945106364183968	0.97171585108547
ncRNA_95	4.90021888891026	-0.58	0.996686836273879	-0.580528221030363	0.561558461299303	0.710590079035074
ncRNA_96	58.1246848965305	-0.12	0.307013291205301	-0.406939748537705	0.68405224119835	0.806643016218234
ncRNA_97	15.717750191215	-0.50	0.456504185832568	-1.08635175485537	0.277323397610817	0.442576774387648
ncRNA_98	11.1126631529693	-0.27	0.664699294208807	-0.401861627303569	0.687785864466735	0.808540592488733
ncRNA_99	0.263371335164163	0.00	6.75517732097864	0	1	NA
ncRNA_100	0.0997737778931145	0.00	7.3561311249555	0	1	NA
ncRNA_101	1.32677486482252	0.13	1.65491501654269	0.0788125031449457	0.937181758912413	NA
ncRNA_102	0.189112199507097	2.50	7.28506213173026	0.34254191751623	0.731943104133814	NA
ncRNA_103	0.183102174476573	0.00	7.3561311249555	0	1	NA
ncRNA_104	0.0812058982431278	0.00	7.3561311249555	0	1	NA
ncRNA_105	46.3229750151238	-0.68	0.314909134252679	-2.15141033163052	0.0314438264317984	0.0789018894456769
ncRNA_106	1.60614262187399	0.94	1.67450502329176	0.558540843294123	0.576475122589262	NA
ncRNA_107	15.6361811835105	-0.55	0.46910434487462	-1.16499975535445	0.244019091866703	0.402462944290248
ncRNA_108	3.66503396228102	0.80	1.01209915857087	0.790476281221315	0.429249668826745	0.595615097022001
ncRNA_109	10.0744212554334	-1.10	0.640874488505109	-1.71480327296912	0.0863813012749754	0.181044942037491
ncRNA_110	3.99225991813352	1.04	1.08774454528744	0.957255855190078	0.33843813098706	0.505541060516648
ncRNA_111	2.50885482309988	1.11	1.32560711070519	0.841016764873865	0.400338542521703	NA
ncRNA_112	2.67621328715403	-0.36	1.3013304378228	-0.275990832740969	0.782555107303847	NA
ncRNA_113	13.6865032035599	0.09	0.552055419646281	0.16401469858252	0.869719572712223	0.931220956777764
ncRNA_114	0.544061398817639	1.27	3.39420127644831	0.374395996667099	0.708109720935752	NA
ncRNA_115	5.18422498071467	0.44	0.859550311224104	0.51615181397594	0.605748381834502	0.747611521755186
ncRNA_116	8.63068131163906	-0.09	0.660762225028023	-0.143555448985083	0.885851522717423	0.938660741043983
ncRNA_117	4.14715027233798	0.82	1.23787267888772	0.659604399529881	0.509507730224132	0.670416275801486
ncRNA_118	0.482275948000084	2.86	3.58222402040224	0.797891695632697	0.424933342902783	NA
ncRNA_119	4.213716929463	1.19	1.07007837833036	1.11059507569202	0.266742683342197	0.430561252779085
ncRNA_120	16.4418142820352	0.61	0.535753851994565	1.12959775017744	0.258645759454559	0.420994461115338
ncRNA_121	0.478707685948824	0.02	3.35159521635545	0.00465494869836051	0.996285901715439	NA
ncRNA_122	9.54641875530513	1.35	0.691511195480904	1.95508872818029	0.0505725984596965	0.116452036809271
ncRNA_123	3.62747114421783	-1.30	1.07709583168224	-1.20275760352753	0.22907013554081	0.386011781063342
ncRNA_124	13.91386716754	1.36	0.579112562335366	2.34652370763361	0.018949460647271	0.0515505046881062
ncRNA_125	24.2336308694852	1.38	0.448324252289225	3.07931997454432	0.00207473718440098	0.00799998039798838
ncRNA_126	6.62731066613538	0.96	0.823240606970391	1.17158994937857	0.241361725174933	0.399353302208418
ncRNA_127	15.3704968460588	-0.08	0.476960966481247	-0.172216170008233	0.86326758597531	0.927179639415972
ncRNA_128	14.8745636966625	0.19	0.491055099574507	0.394862176990484	0.692944604895199	0.811610384542383
ncRNA_129	5.8778976238941	1.67	0.845255465599412	1.9795226510504	0.0477571919644805	0.110873839833768
ncRNA_130	4.73148671249687	2.01	1.01265421589856	1.98798185095607	0.0468136972368257	0.108927823255702
ncRNA_131	13.8119602710182	0.22	0.515644552896989	0.427345923914902	0.669127388156874	0.79665262281334
ncRNA_132	139.797843348072	-0.71	0.262821891779203	-2.70158841897457	0.006900912887952	0.0220829212414464
ncRNA_133	14.6287631336072	0.26	0.494096855527698	0.525487535184678	0.599244316179281	0.742833209832463
ncRNA_134	34.1033932283633	-0.75	0.32196872689134	-2.32334307523024	0.0201607295208026	0.0540872121284109
ncRNA_135	20.0118343139164	0.44	0.472342059631345	0.923715448096884	0.355634486910961	0.524413039131412
ncRNA_136	3.69629350993848	1.19	1.18780097055799	1.00157782377952	0.316547535929342	0.482177639035336
ncRNA_137	0.165380104869347	1.68	7.33718586763483	0.229585391285893	0.818413959742838	NA
ncRNA_138	7.66216037790986	0.87	0.801946649117575	1.08221289315447	0.279157940772353	0.444649822691086
ncRNA_139	19.6036793537209	0.55	0.510063767953985	1.08099878517977	0.279697654017531	0.444765121962303
ncRNA_140	3.30475995571791	1.25	1.17653051116161	1.06604681241278	0.286402481028531	0.451036682451832
ncRNA_141	2.40858449776589	-1.49	1.35261367755551	-1.10287855099256	0.270079909974551	NA
ncRNA_142	0.895798773141027	-1.43	2.38460215502417	-0.601041633847471	0.547812256459504	NA
ncRNA_143	32.0381824842215	-0.10	0.327819906280883	-0.293817402976554	0.768897436095153	0.866300414388151
ncRNA_144	3.50201300179028	0.48	1.10241002599257	0.432516799079582	0.665365845316605	0.793428960377542
ncRNA_145	264.670314592563	0.82	0.173386634689504	4.73466481887216	2.19417404006185e-06	1.73300667184529e-05
ncRNA_146	18.5742989428746	2.82	0.677720893920525	4.15490890159764	3.25417169926763e-05	0.000200814094523394
ncRNA_147	1.84125082040039	3.07	1.79320792434232	1.7138403691546	0.0865580470843056	NA
ncRNA_148	87.7471255016428	-0.99	0.230735122474965	-4.28979584667708	1.78837437024397e-05	0.000116132092996596
ncRNA_149	13.0779648729258	-0.78	0.574037945962524	-1.35091432725989	0.176722878152135	0.317814492343121
ncRNA_150	15.6865490434555	-0.84	0.466744341051766	-1.80348597356999	0.071311926324566	0.155334890744879
ncRNA_151	1.70803829556298	-0.26	1.32715177679045	-0.193552913738836	0.846525970247741	NA
ncRNA_152	5.45502621051601	0.62	0.834471983552455	0.744321877818896	0.456681768677693	0.622820830393479
ncRNA_153	2.3363885535925	0.19	1.1795235171642	0.162432749562042	0.870965082853357	NA
ncRNA_154	5.69096502262038	4.25	1.54326503028032	2.75616859750421	0.00584828432830094	0.0192096027037525
ncRNA_155	9.49143585094475	-0.10	0.787839333756451	-0.132415990001621	0.894655267850056	0.940656849355684
ncRNA_156	0.953263041212865	-1.26	1.77254312619022	-0.711328631491376	0.476880613192373	NA
ncRNA_157	4.20569569224363	-0.71	0.976801636381351	-0.723537844667911	0.469349512143211	0.633149672646247
ncRNA_158	3.21073277711449	-1.00	1.31869747342398	-0.758198689134188	0.44833204586851	0.614168580889634
ncRNA_159	5.80936849150805	0.20	0.862469874517363	0.230731264114668	0.817523583525871	0.898899469806696
ncRNA_160	17.5145290810143	-0.39	0.49832180074021	-0.774699584339408	0.438517196685952	0.605324050372385
