Gene	baseMean	log2FoldChange	lfcSE	stat	pvalue	padj
SACI_RS00005	2337.79907321818	0.02	0.258076158987751	0.0706355740641785	0.943687797103363	0.983785595802328
SACI_RS00010	344.011382240724	0.14	0.244225273881451	0.564411142657031	0.572474357359946	0.816355748424813
SACI_RS00015	5480.24519330658	-0.08	0.140401969644549	-0.593022478924922	0.55316610860969	0.81256629265442
SACI_RS00020	128.719392751467	0.12	0.203382158817625	0.581706054446262	0.560764692696331	0.81256629265442
SACI_RS00025	1096.43551878529	-0.28	0.0940305484599931	-3.02754519575742	0.00246548842720958	0.0499347736640072
SACI_RS00030	183.063712194577	-0.25	0.202762221545246	-1.2131520172275	0.225071705397115	0.549485404900543
SACI_RS11965	239.185042152751	0.18	0.289233575086376	0.60894976334881	0.542557737929323	0.807967592901961
SACI_RS00035	401.929582330919	0.29	0.155646676015144	1.83440934055823	0.06659325413322	0.296262268836838
SACI_RS00040	464.197942480944	0.01	0.166049472300813	0.0356682618935725	0.971546877780787	0.990452647590857
SACI_RS00045	1396.08697900936	-0.14	0.177442588771746	-0.775792541167175	0.437871488687285	0.734130953293026
SACI_RS00050	113.974195116508	-0.28	0.210771486320761	-1.30475997584215	0.191974591781516	0.506077700462337
SACI_RS00055	673.445826787138	-0.04	0.140660937575849	-0.310170419587884	0.756431363742454	0.911647483597153
SACI_RS00060	207.265129736488	-0.48	0.184322346611194	-2.58960903262152	0.00960849893247174	0.112842940069502
SACI_RS00065	202.322776228806	-0.39	0.177936598509531	-2.17284110736513	0.0297922782147361	0.198989933736162
SACI_RS00070	491.56992351645	0.25	0.159683595450082	1.56630750092039	0.117276645817847	0.397010284612875
SACI_RS00075	165.230870137534	0.20	0.178031838396472	1.09931242910117	0.271631812821537	0.59199967649232
SACI_RS00080	269.289853506432	-0.15	0.168308831285128	-0.887011800941154	0.375072547031755	0.689435413446756
SACI_RS00085	865.384897617083	-0.16	0.135725567537963	-1.19889873907004	0.230567322117342	0.55469192665708
SACI_RS00090	717.708217844961	-0.22	0.124708600436903	-1.79826849986492	0.0721344690112303	0.310868198625789
SACI_RS00095	467.835314821487	0.05	0.138343573124732	0.338170203099251	0.735234928950866	0.906875138845319
SACI_RS00100	83.1354760963448	0.01	0.225018000252521	0.0650501005381968	0.948134110232189	0.985278860463365
nadA	1136.5246668017	0.67	0.258071993670352	2.61507757055942	0.00892071930689128	0.106790060108583
SACI_RS00110	1231.35053490159	0.13	0.119926835134137	1.1210468212241	0.262267932961787	0.584442390179235
SACI_RS00115	1182.11638426997	0.15	0.101555757174068	1.47533687782433	0.140121996516255	0.43337244476536
SACI_RS00120	122.341166899158	0.23	0.204163384286765	1.12030077393346	0.262585612382548	0.584624570964919
SACI_RS00125	869.399603455567	0.28	0.11186251869215	2.53564376732437	0.0112240846229783	0.126192562542174
SACI_RS00130	221.81949181405	0.05	0.197282036889957	0.267492812228124	0.789089747627044	0.924675700190171
SACI_RS00135	4582.61266660818	0.30	0.0940030150708377	3.19824259892437	0.00138267907617441	0.0353224613480431
SACI_RS00140	599.459266458724	0.43	0.171587767436659	2.52733574455685	0.0114931571431438	0.127254274092179
SACI_RS11510	726.022180357939	-0.16	0.124046822377628	-1.29804785910128	0.194270889717581	0.507030784824555
SACI_RS00145	190.239757754879	0.20	0.16269513753101	1.19910841370042	0.230485792952251	0.55469192665708
SACI_RS11515	80.1947353796453	0.14	0.270841070546981	0.499213921615328	0.617628688069897	0.844830246393207
SACI_RS00150	90.2127728767832	0.11	0.246886882461962	0.451565282054607	0.651582185672567	0.863895482127673
SACI_RS00155	1613.11832502153	-0.22	0.115571554275227	-1.9094538815394	0.0562035656633332	0.280791201035765
SACI_RS00160	229.213297273159	-0.05	0.195954212448563	-0.253668477178317	0.799751689189471	0.928236386796959
SACI_RS00165	886.90258113639	-0.06	0.110668727715341	-0.522658178094059	0.601212146813871	0.834623921459257
SACI_RS00170	97.5352478470398	-0.02	0.235827706066535	-0.0944818926330362	0.924726365680872	0.974265278128061
SACI_RS00175	386.949530542852	0.01	0.168818925401592	0.0727369890927156	0.942015413453928	0.982624674231691
trxA	674.908762062945	0.65	0.165941311704473	3.92681225418941	8.6079119624863e-05	0.00600220934299614
SACI_RS00185	145.853946688177	0.09	0.204644240775262	0.460395119177298	0.645232637407085	0.860413281786129
SACI_RS00190	311.83517747119	0.06	0.161100682547934	0.362036530335338	0.717324732178646	0.895420503353513
SACI_RS00195	1593.58679900004	0.74	0.191207785617561	3.86142987614276	0.000112725367403114	0.00698333651062294
SACI_RS00200	423.603348197907	-0.29	0.158830646788473	-1.81993791964699	0.0687684594285007	0.30214227387203
SACI_RS00205	14677.5686056703	0.43	0.136709612676759	3.14767700791023	0.00164573430807231	0.0395934914116814
SACI_RS00210	221.790199092463	-0.17	0.175779464960217	-0.943702118912913	0.345321890922513	0.665432976165532
SACI_RS00215	1867.67448725755	-0.07	0.114177860151836	-0.655952769817495	0.51185451348057	0.789859787759282
SACI_RS00220	363.268849254762	0.01	0.177304588670737	0.0803726673691321	0.935940864841916	0.980660238088063
SACI_RS00225	730.96115082445	0.60	0.166235326667581	3.58679380633182	0.000334768829988037	0.0154226681404902
SACI_RS00230	5558.48442186209	0.66	0.186560130221851	3.5581709880963	0.0003734461896765	0.0163773666597819
SACI_RS00235	2574.3309450458	0.47	0.196834683624125	2.38144496212567	0.0172448675049426	0.155318730980352
SACI_RS00240	4209.78767593423	0.31	0.141769533138124	2.20340476666204	0.0275662325355349	0.191074697851741
SACI_RS00245	14951.8481386096	0.05	0.183502941899489	0.259723538555822	0.795077034420746	0.926047345185469
SACI_RS00250	883.063951122702	0.03	0.169878635256296	0.181035029475393	0.856340080720888	0.950578282419537
SACI_RS00255	624.672014607473	0.17	0.132029931879384	1.31632769278243	0.188064079933078	0.503246203404993
SACI_RS00260	984.798366708629	-0.24	0.142611317625446	-1.67954604707652	0.0930456725535211	0.355813544116706
SACI_RS00265	1986.36234191904	0.13	0.133201892839228	0.997790390106097	0.318381011067847	0.637791548444725
SACI_RS00270	241.915446384457	-0.07	0.190007943514156	-0.368589945569242	0.712433390981607	0.893025352047736
meaB	292.189762497429	0.17	0.21171443264584	0.806967411094774	0.419685258958634	0.720207805886077
SACI_RS00280	169.167334093515	0.04	0.207545986456764	0.180534666007528	0.856732841933906	0.950578282419537
SACI_RS00285	1.42688833800779	0.89	1.79955601041039	0.493002236260763	0.622011007239881	NA
SACI_RS00290	18469.4141574923	0.08	0.268491994027609	0.304386581358014	0.760833389623988	0.912558150768752
SACI_RS00295	228.439754226232	-0.23	0.168823316911634	-1.36575535716059	0.172015762809535	0.475999300708132
SACI_RS00300	41.0700874761067	-0.05	0.397669381513208	-0.123551074848375	0.901670732182701	0.96602269973101
lysS	8571.91113194362	0.12	0.523561979519819	0.230084980590095	0.818025735584509	0.934563288510102
SACI_RS00310	686.512121514756	-0.14	0.169640294320994	-0.84458741523727	0.398341237933303	0.70170428061488
SACI_RS00315	178.380414055606	0.16	0.174790922609004	0.930945416264979	0.351881799934381	0.671774345329273
SACI_RS00320	124.462942586062	-0.15	0.198865408609572	-0.761114018557006	0.446588968013865	0.740727886705728
SACI_RS00325	546.952256790971	0.12	0.124374668350551	0.959243836447004	0.337435921619526	0.655302675370834
SACI_RS00330	311.472951371902	0.13	0.141910192589859	0.902973529780116	0.366539943728233	0.683977305223046
rimI	719.706621533006	-0.10	0.137210302720169	-0.733002067043605	0.463557168675087	0.756715852422177
SACI_RS00340	940.943937805587	0.03	0.115409410622913	0.290226362945059	0.771643069038147	0.916675164889002
dnaG	6164.73925817203	0.10	0.181459380658674	0.556409065047213	0.577931243287836	0.816484390460237
SACI_RS00350	2345.06476055301	0.10	0.12396433963462	0.773976539971668	0.438944664718461	0.734439486274373
SACI_RS00355	616.241843760269	-0.01	0.190117086759942	-0.0629007562653025	0.949845532626355	0.985412170159604
SACI_RS00360	155.755627542114	-0.32	0.214943059793492	-1.4927828202294	0.135494045741764	0.426084067700623
SACI_RS00365	357.479191156089	0.05	0.156902701934095	0.306903007934546	0.758917199493043	0.911647483597153
SACI_RS00370	3118.69228247258	0.10	0.22326369010027	0.462117119961208	0.643997333760665	0.859819716087785
SACI_RS00375	3230.95462260673	0.21	0.171264200240618	1.23747673339894	0.21591014687496	0.537511966265603
SACI_RS00380	2271.31737315384	0.34	0.0851520156161103	3.97056168401185	7.17033882943427e-05	0.0052892783407153
SACI_RS00385	2595.97712120847	0.25	0.14274235129485	1.78308374938968	0.0745726713471444	0.31596236867779
SACI_RS00390	1626.14597771122	0.15	0.13247172793484	1.14455084339804	0.252395264951982	0.580181323331179
SACI_RS00395	2000.07685145188	0.37	0.118744092936648	3.1325637944005	0.00173286764985784	0.0409381438523339
SACI_RS00400	2598.67518650617	0.15	0.101180078383734	1.45798066710501	0.144845871937	0.442574686387036
SACI_RS00405	528.658874895483	0.01	0.148643207460501	0.0576722430130269	0.954009703750881	0.98711108905685
rpsB	3507.59052993403	0.06	0.0865253984120445	0.66417906145122	0.506575713098441	0.789195690877713
amrB	1459.1773718902	0.07	0.127355278688858	0.582623310197444	0.560146909797869	0.81256629265442
SACI_RS00420	418.398285061858	0.12	0.153489153610446	0.788886383565606	0.43017841477181	0.72812985778999
fni	943.573988910188	0.21	0.103389219737237	2.0353594996508	0.041814713341034	0.237680952833083
SACI_RS00430	917.519844641267	0.17	0.132999450874695	1.30184501708823	0.192969371321875	0.507030784824555
SACI_RS00435	357.836159087227	-0.24	0.189440615827074	-1.29306444105493	0.195988772325732	0.509611938954002
SACI_RS00440	327.541019725012	0.17	0.161923645468454	1.07088606318511	0.284220663123188	0.603276957688845
ffs	103262.15342811	-0.07	0.245596102684435	-0.267825400583117	0.788833717915477	0.924675700190171
SACI_RS00450	2.90831491386021	-1.50	1.46797052870641	-1.02463468967891	0.305535589938707	NA
SACI_RS00455	4156.84489882527	-0.11	0.129874855444741	-0.827997322949833	0.407672015982679	0.710992163636109
SACI_RS00460	2633.45657418683	-0.12	0.136968492730205	-0.892821677821812	0.371952675476042	0.687321946181679
SACI_RS00465	140.119609300849	-0.13	0.259051089149779	-0.50873937787403	0.61093491691033	0.841989279256839
SACI_RS00470	653.989583149233	-0.21	0.140246897051245	-1.48938535897209	0.13638592173087	0.42726209108609
SACI_RS00475	711.929079617358	0.06	0.218583307280621	0.275731841568394	0.782754037280065	0.922888028091733
SACI_RS00480	1022.88961824342	-0.07	0.13907291708108	-0.510073967569257	0.609999642294918	0.841636477509358
SACI_RS00485	142.57377547198	0.13	0.253605571579069	0.504643489519652	0.613809258550917	0.843604738041692
SACI_RS00490	213.738921690358	-0.12	0.182829557885329	-0.640909278866524	0.521581626944576	0.794531100090744
SACI_RS00495	232.85206337403	0.08	0.220214242036861	0.345855353225704	0.729451423282176	0.902436658458928
SACI_RS00500	1083.71807390154	-0.05	0.116875011496845	-0.399361703698313	0.689626707706253	0.88223798745281
mobB	82.755477508726	-0.21	0.241814697293936	-0.869067196552986	0.384810377731153	0.692491006548873
SACI_RS00510	254.496792196009	-0.23	0.150562318652318	-1.50310670773445	0.132811529370473	0.421391766683781
SACI_RS00515	379.318292255498	-0.26	0.162135291374669	-1.59344743232097	0.111059852187515	0.385443016415492
SACI_RS00520	627.851714473428	-0.03	0.11564095075935	-0.2187063062136	0.826878836261564	0.938189448835236
SACI_RS00525	155.758688166337	0.02	0.28793980339204	0.0674270378809718	0.946241745047455	0.985204640431762
SACI_RS00530	1057.71270988951	-0.15	0.182833815679962	-0.81737904256699	0.41371184852176	0.715559006786371
SACI_RS00535	367.876604590062	-0.02	0.149499279670201	-0.164366887395919	0.869442329049716	0.952465999728203
SACI_RS00545	135.682593969633	-0.38	0.217093075553332	-1.74283111890702	0.0813631188287565	0.331063724889423
SACI_RS00550	405.79351341667	-0.29	0.133159541568069	-2.19098519506902	0.0284528638280718	0.194768498801
tpiA	256.954147927294	0.01	0.180677951967786	0.0408763642708304	0.967394460274546	0.988945326963831
SACI_RS00560	55.7562250905137	-0.03	0.333655723482499	-0.103687056936482	0.917417698355438	0.971936738627815
SACI_RS00565	328.61436586982	-0.03	0.142744179258349	-0.191278610257163	0.848307318229289	0.947383912052485
SACI_RS00570	205.327926342656	-0.38	0.169478148621439	-2.22840816376754	0.0258533091943474	0.185523989396062
SACI_RS00575	186.565371105075	-10.34	1.45095881103659	-7.1247082698138	1.04301365201896e-12	8.61529276567664e-10
SACI_RS00580	2030.40760561483	-0.74	0.0855569374318439	-8.64224074794518	5.51211264315024e-18	1.36590151297263e-14
SACI_RS00585	320.392836138045	-0.27	0.144976433962517	-1.86762584648689	0.0618142411719359	0.289557069232622
SACI_RS00590	2352.22271528691	-0.01	0.125213686498754	-0.0838215923907612	0.933198280187618	0.97861419310407
SACI_RS00595	351.548946915481	-0.11	0.151862174240695	-0.716369281457871	0.473763357599051	0.763130641588252
SACI_RS00600	484.646312982811	0.21	0.156958886180829	1.3156839288085	0.188280150525658	0.503246203404993
SACI_RS00605	1425.39413145767	-0.25	0.136218505427945	-1.81009743342531	0.0702806789355277	0.305536004214452
SACI_RS00610	158.763475757852	0.47	0.190931114638902	2.45183624862274	0.0142129325115497	0.139760503030239
SACI_RS00615	554.344763767268	0.14	0.177797789444046	0.809784570479681	0.418064002032914	0.717922797669827
SACI_RS00620	6043.66810810534	0.02	0.117021763827346	0.146929777933501	0.883187447601317	0.959044038192841
SACI_RS00625	168.793778067837	-0.09	0.199909194571705	-0.462934804789093	0.643411098921402	0.859500109502553
SACI_RS00630	1636.49665053221	-0.01	0.151151255120124	-0.051255836560558	0.959121659136137	0.98782355417263
SACI_RS00635	829.966348518747	-0.55	0.128878405307511	-4.28174333260425	1.85434798581756e-05	0.00223560793519865
SACI_RS00640	893.750571347638	0.10	0.138019738967251	0.728185333715069	0.466500142528138	0.757445698172137
SACI_RS00645	838.454412597752	0.26	0.146227349407989	1.78644384751165	0.0740274214465411	0.315731411952717
thiC	1531.67733516811	-0.12	0.171047630454214	-0.714186745754593	0.475111711612869	0.764001830873906
SACI_RS00655	895.363605213216	0.11	0.109796703184256	1.04082661434898	0.297956025659263	0.614766887247006
SACI_RS00660	148.513878461598	-0.19	0.178677819844619	-1.09023318140347	0.27561044035176	0.596278084743422
SACI_RS00665	1002.00892564625	-0.06	0.160017963615817	-0.351822710037544	0.724971225947082	0.900490575386901
SACI_RS00670	145.778123816611	0.06	0.193337203827786	0.307100468593625	0.758766901043314	0.911647483597153
SACI_RS00685	231.945662139326	0.11	0.193865911325381	0.572571311661535	0.566934988822044	0.813000522164945
SACI_RS00690	1349.31329164897	0.24	0.107417736285338	2.22511259307112	0.026073680566827	0.185662587484475
SACI_RS00695	350.487720436884	0.42	0.153646756975451	2.73820286628189	0.00617759558467199	0.0895209465427906
SACI_RS00700	2820.26920175719	0.15	0.142178806762085	1.04974081318127	0.293837293808507	0.609174567673999
SACI_RS00705	3887.25928186882	-0.14	0.138726771578477	-1.03927920171859	0.298674904745453	0.615737449217331
SACI_RS00710	1595.91273350901	0.40	0.148440751843019	2.72472134065769	0.00643557776605806	0.0897262645978891
SACI_RS11970	800.525236294354	0.03	0.156253212646625	0.170618051030851	0.864524103380065	0.950978117289502
SACI_RS00720	1288.81444073212	0.15	0.119684871733743	1.21464374184481	0.224501998022479	0.549485404900543
cysS	2245.26493667216	0.26	0.115460332948213	2.25195393886787	0.0243251829615894	0.183383982650891
SACI_RS00730	159.973164063361	0.12	0.229292846382425	0.512570826310028	0.608251564822561	0.841097866981198
SACI_RS00735	2100.31810179777	-0.19	0.166845894655291	-1.13634558994336	0.255811957655923	0.58051934653883
SACI_RS00740	11810.6227760847	-0.01	0.15686476848227	-0.084426362836803	0.932717447595391	0.978524062295249
SACI_RS00745	415.75605345717	0.03	0.144882312270558	0.227118941046372	0.820331256045938	0.93547209041962
SACI_RS00750	3295.14647830351	0.04	0.104878151640158	0.367011256380717	0.713610621653169	0.893545791034135
SACI_RS00755	809.554421453723	0.30	0.123789742834192	2.38591678776556	0.0170366054187269	0.154075577473012
SACI_RS00760	207.244172677989	0.13	0.180946507645223	0.693665063337681	0.487892280494245	0.775992985279036
SACI_RS00765	79.1051127360601	-0.17	0.271857633288662	-0.623270159477852	0.533107003766768	0.804073031866414
SACI_RS00770	488.322965623481	-0.06	0.135823685651352	-0.430468946713233	0.666854550999588	0.869718724935252
SACI_RS00775	707.336658055495	0.08	0.109464744460771	0.721573181020398	0.470556932798938	0.760626274935269
SACI_RS00780	802.655425371813	-0.29	0.104781431814239	-2.78931402671507	0.00528198223156477	0.0799030907801139
SACI_RS00785	930.183302290999	0.07	0.11666812797555	0.63383371268702	0.526189349271532	0.797978707157194
SACI_RS00790	1957.8636577889	0.17	0.150024029355796	1.1362733702164	0.255842172165703	0.58051934653883
SACI_RS00795	857.18535578588	-0.52	0.14788753833332	-3.5040430536161	0.000458251264479863	0.0177429161465797
SACI_RS00800	1031.7235801522	-0.05	0.188451502824244	-0.248546581938562	0.803711533314304	0.929705204197097
SACI_RS00805	888.04474663287	-0.65	0.1369648793351	-4.73636142471909	2.17589401007829e-06	0.000394177683767137
SACI_RS00810	80.3694575981033	-0.18	0.329636317455268	-0.556550159441407	0.5778348146726	0.816484390460237
SACI_RS00815	911.323517513219	0.29	0.133256032200853	2.15224515649562	0.0313780508025754	0.204617920759952
SACI_RS00820	159.044207925359	0.04	0.200067889934146	0.197244361512126	0.843636316978036	0.945513701253538
SACI_RS00825	366.554354893323	0.04	0.145118097159663	0.261718148155575	0.793538747888443	0.926047345185469
SACI_RS00830	948.683892478788	0.16	0.125222054019972	1.27099160682785	0.203731634559228	0.522075481321372
dph2	1678.69806240912	0.03	0.0931235640509596	0.319676738585402	0.74921339511218	0.909904283273044
SACI_RS00840	3415.86577780529	0.03	0.118790976480548	0.283911015951797	0.776478574221044	0.919152564316794
SACI_RS00845	48.8118805181672	0.17	0.309444310526523	0.557301368830814	0.577321540626847	0.816484390460237
SACI_RS00850	445.900558654664	0.05	0.120968855626482	0.439077894421323	0.660605095918307	0.867044188392778
SACI_RS00855	450.271748616606	-0.16	0.131991985274201	-1.1908014730317	0.233731530493834	0.558725261549341
SACI_RS00860	550.728011724329	0.00	0.117702262434692	0.0255306335350164	0.979631714418661	0.995491565250257
SACI_RS00865	4699.67518283028	0.33	0.162434606292382	2.02027538864661	0.0433548301990191	0.243061695097668
SACI_RS00870	2938.39027231131	0.57	0.154278471809221	3.67588452648562	0.000237026725132969	0.0124968558484999
SACI_RS00875	1745.12544479291	0.54	0.160303706565795	3.39826230578781	0.000678153645046054	0.0231875422012155
aroF	1456.74762881394	0.63	0.156209135716663	4.00599555182505	6.17568110774007e-05	0.00500298693309519
aroB	830.3714492527	0.58	0.15459810650754	3.72668279111773	0.000194016381165734	0.0109266498301975
SACI_RS00890	368.223679577065	0.61	0.174124416023801	3.52634840215615	0.000421332301260878	0.0171157613528599
aroC	645.759077039751	0.49	0.184228763181951	2.65975555100204	0.0078197382766897	0.0987191993609468
SACI_RS00900	385.363103766035	0.41	0.179387981501846	2.30358933024377	0.0212457073603008	0.171054803450093
aroA	467.852017745553	0.22	0.168500617149585	1.31004004282093	0.190182289718853	0.504252063559488
SACI_RS00910	126.935092377263	0.15	0.215336939304898	0.685728755400488	0.492884170165692	0.779298304107636
SACI_RS00915	159.204378653772	-0.44	0.195758033002476	-2.23148210681416	0.0256492114629264	0.185192078092914
SACI_RS00920	544.947342078941	-0.11	0.150803343350186	-0.709267820211397	0.478158293923198	0.76691019569041
SACI_RS00925	549.399416460542	0.02	0.125941656615691	0.142846107128556	0.886411722218889	0.960440860366597
SACI_RS00930	1879.56995187687	0.11	0.109317341004068	0.96455140059728	0.334769551486809	0.654032703684821
SACI_RS00935	620.999162045595	0.07	0.144601634292234	0.4657148000016	0.641419657240336	0.857302001424786
SACI_RS00940	4392.92399700297	-0.21	0.171273783769377	-1.23842316247765	0.215559196557332	0.537379968882362
SACI_RS00945	3787.83355052741	-0.10	0.102422056322822	-0.972574998466891	0.330764573520105	0.650852746746872
SACI_RS00950	303.514071441341	-0.06	0.169284717456515	-0.376982065250633	0.706186933187629	0.890097263702413
SACI_RS00955	3110.03427527428	0.08	0.128968640047611	0.593580879820745	0.552792472500654	0.81256629265442
SACI_RS00960	1029.74332866274	0.11	0.147685887799147	0.74260603793064	0.457720231906436	0.753063651333614
nucS	227.451748280186	0.01	0.204226555898489	0.046980613210658	0.962528678881656	0.987848416763734
SACI_RS00970	248.720294685058	-0.09	0.158704477969096	-0.563673786986639	0.572976160077107	0.816355748424813
SACI_RS00975	942.267259137495	-0.20	0.139678248220834	-1.45088072759287	0.146813075312764	0.44583676547185
SACI_RS00980	701.674825792438	-0.01	0.235344862892477	-0.0586419982712922	0.953237258439793	0.987096500799752
SACI_RS00985	987.625925066437	-0.10	0.168537941284795	-0.576831415922014	0.564053344874473	0.81256629265442
SACI_RS00990	1023.1914474179	0.04	0.176938596542507	0.248082398449886	0.804070654005692	0.929705204197097
SACI_RS00995	2455.88689648458	0.02	0.168691890751572	0.128058699637967	0.898102519790504	0.965688127389732
SACI_RS01000	354.3879535721	0.07	0.196525906982856	0.381582837880821	0.702770816085881	0.889342952863947
SACI_RS01005	6025.64978093448	0.26	0.141052620834244	1.85087832537464	0.0641870595867556	0.294881240536841
SACI_RS01010	14793.5496896834	0.06	0.140412672325794	0.402326962194832	0.687443414326383	0.880809090331322
SACI_RS01015	1181.27556325586	-0.03	0.124061060111971	-0.217635029303639	0.827713489179609	0.93839930622254
SACI_RS01020	1095.01956863306	-0.15	0.129688249809032	-1.1432663132083	0.252928036954589	0.58051934653883
SACI_RS01025	3760.70172096066	0.05	0.0885078504480103	0.575438686850609	0.56499464615282	0.81256629265442
SACI_RS01030	722.609846202657	-0.45	0.15661597278809	-2.87238860156831	0.00407381677904343	0.0696201239894456
purT	1330.23070764522	0.09	0.257567837815447	0.342702240515723	0.731822477002428	0.904016001002999
SACI_RS01040	96.267144494739	-0.07	0.220233442052199	-0.33547129677925	0.737269593355913	0.907094205195883
SACI_RS01045	191.595282512084	-0.22	0.187078450836524	-1.18395292307386	0.236431698749525	0.558725261549341
SACI_RS01050	716.004536428289	-0.25	0.144594038420995	-1.74538908427619	0.0809171644644442	0.330333992657155
SACI_RS01055	89.0807780752615	-0.13	0.225881814776191	-0.561743295797748	0.574290931151441	0.816461805733374
SACI_RS01060	126.124909885023	-0.04	0.235473778684199	-0.163851976121219	0.869847673535397	0.95248896819298
SACI_RS01065	161.752722232901	0.26	0.199490527337825	1.30075567808043	0.193342097394736	0.507030784824555
SACI_RS01070	292.306895842923	-0.11	0.138089567013278	-0.815709759775975	0.41466615566797	0.715559006786371
SACI_RS01075	175.559123435182	-0.06	0.175545949659931	-0.369089216223836	0.712061226592506	0.893025352047736
SACI_RS01080	95.6481992476794	-0.31	0.21844106883269	-1.41338827839442	0.157541590190485	0.459635153179074
SACI_RS01085	424.367916537641	0.09	0.217491977709965	0.400382726307602	0.688874645020735	0.882186754708724
SACI_RS01090	1033.03530922975	-0.26	0.198873523037662	-1.30243444629961	0.192767913639299	0.507030784824555
SACI_RS01095	743.660036142849	-0.16	0.134320494937279	-1.16515397632586	0.24395667141026	0.569768738694273
SACI_RS01100	1406.61705056025	0.20	0.220097232293685	0.890730161890941	0.373073949537048	0.687855094458931
SACI_RS01105	67.0256467407803	-0.15	0.266871827174836	-0.575797531954756	0.564752041937868	0.81256629265442
SACI_RS01110	51.7525986796426	0.16	0.31705605724086	0.518126849271879	0.60436976837624	0.837599712548279
SACI_RS01115	27.5500184637405	-0.09	0.405806514493959	-0.210451199173691	0.833315536104737	0.93937542051523
SACI_RS01120	316.882756120068	0.21	0.150189060513305	1.38788003226766	0.165173579090732	0.469380881865634
SACI_RS01125	865.510124348122	0.10	0.100987557804554	0.957015036498302	0.338559665569375	0.65697012629672
SACI_RS01130	81.9879229536025	0.25	0.269179184487091	0.945812406126846	0.34424427670097	0.664877098725646
SACI_RS01135	409.958655924247	0.24	0.190411263135967	1.27577841336898	0.202033860451087	0.520512246858966
SACI_RS01140	292.850737437066	-0.10	0.236958314353369	-0.428684529639703	0.668152820526554	0.869879413316171
SACI_RS01145	1221.47929396703	0.74	0.156034529177616	4.73165264631838	2.22699256365614e-06	0.000394177683767137
SACI_RS01150	1068.45471797582	0.21	0.140020769232097	1.52219647962163	0.127959856961496	0.414375001308907
SACI_RS01155	959.619773514835	0.05	0.136876445418935	0.331363729105142	0.740369758709914	0.908235773308498
SACI_RS01160	158.048629088211	-0.06	0.211762470362746	-0.291208255864404	0.770892048805339	0.916675164889002
SACI_RS01165	3416.71443494612	0.10	0.199094219774729	0.507251262642431	0.611978530535574	0.842923045119077
SACI_RS01170	302.454450892337	0.10	0.16740500665457	0.618635301271964	0.53615664073654	0.804936164858644
SACI_RS01175	625.47632584668	-0.20	0.131076254001172	-1.54484169312512	0.122384559688027	0.407619541541575
SACI_RS01180	4560.71477575317	-0.02	0.130910339398907	-0.171463550835195	0.863859288199824	0.950978117289502
prpB	1761.48006775228	0.22	0.118656916390754	1.83445881466124	0.0665859160048752	0.296262268836838
SACI_RS01195	1334.7520769627	0.19	0.120978011926733	1.56828560244869	0.116814494445137	0.39652920169185
SACI_RS01200	7838.17901630305	0.07	0.149863802557699	0.473821289594156	0.635627351555943	0.854022179910184
SACI_RS01205	921.883561750289	0.17	0.111126375040882	1.56751400901486	0.116994594319452	0.396597270483723
SACI_RS01210	161.437907174481	-0.04	0.169696581652637	-0.248588669469719	0.803678973877631	0.929705204197097
SACI_RS01215	625.505436341812	0.25	0.170287585155464	1.47017520442848	0.141514308405526	0.435956864123916
bluB	112.139806052195	0.26	0.2179055858186	1.18548550687731	0.235825541628462	0.558725261549341
SACI_RS01225	32.4615914357664	-0.26	0.398306461890837	-0.660138518278038	0.509164942402966	0.789859787759282
SACI_RS01230	1412.9091317509	0.35	0.442141633419287	0.795350258845708	0.426409785647292	0.727242838433445
SACI_RS01235	6722.38563841374	0.28	0.348702882705567	0.810422094181054	0.417697623738109	0.717791062151897
tatC	1981.84134414315	-0.23	0.155173970825998	-1.45132646546546	0.146688975165086	0.44583676547185
SACI_RS01245	2304.60339816948	-0.10	0.0995165495398077	-0.979136429454366	0.32751257384414	0.646865198009027
SACI_RS01250	3757.44267091775	-0.11	0.114294634883682	-0.996301258292677	0.319103792603344	0.638207585206689
SACI_RS01255	944.02217422415	0.30	0.183457371626897	1.63247453795056	0.102579558081751	0.372686462877208
SACI_RS01260	1101.03550925568	0.14	0.150464419675732	0.909889119812584	0.362880988292752	0.683322188722262
SACI_RS01265	1229.35545176386	0.36	0.133463320274145	2.72206591658994	0.00648752007968991	0.0897262645978891
SACI_RS01270	287.621643815647	0.48	0.236252040781084	2.04850098522549	0.0405109356580042	0.233874806859724
SACI_RS01275	1051.4019134341	0.46	0.166390405989895	2.77722550998175	0.00548251259514673	0.0818413627155035
SACI_RS01280	3036.84666421283	0.34	0.1456417486551	2.36263544683513	0.0181455093186525	0.158236163918387
SACI_RS01285	72.916937148408	0.17	0.355083262495034	0.473830914012744	0.635620487788151	0.854022179910184
SACI_RS01290	631.215167674242	-0.26	0.179012119031067	-1.47384709428491	0.140522765077275	0.433643103189896
SACI_RS01295	1242.57625505527	0.04	0.106861051629252	0.408310535203758	0.683045705696785	0.876080361654572
SACI_RS01300	1632.77001468013	0.22	0.0969065943593321	2.26569742026678	0.02346991560512	0.181138844430499
SACI_RS01305	247.2880436482	-0.10	0.168529403790281	-0.573502846150517	0.566304272564238	0.81256629265442
SACI_RS01310	957.640607643675	-0.07	0.168389389630878	-0.411274047341768	0.680871597447904	0.874515749868017
SACI_RS01315	790.416036405843	0.03	0.109714394386587	0.27979236897695	0.779636806651631	0.920409722192826
SACI_RS01320	397.884574921473	0.37	0.203629379136093	1.79413942571023	0.072790917597748	0.312061628120363
SACI_RS01325	650.590180071004	0.17	0.192634753061073	0.858378705088172	0.390683382385627	0.697827803254411
thiD	1763.19322788232	0.26	0.118519082527797	2.18699806778324	0.0287426650509896	0.195671219770199
cas4	408.034924585804	0.01	0.160302129484129	0.0442918777804707	0.964671745914885	0.988609010081507
SACI_RS01340	925.309781706789	-0.05	0.14103329594185	-0.349251245845935	0.726900696769946	0.9010643607712
SACI_RS01345	3910.00698129442	0.12	0.231907116324684	0.506803402329113	0.612292768851629	0.842923045119077
SACI_RS01350	12179.1636012402	0.04	0.239786392485709	0.155857896520541	0.876145033360235	0.956005016585937
SACI_RS01355	1249.97339008567	-0.15	0.269994614045649	-0.561931006638509	0.574163027040256	0.816461805733374
SACI_RS01360	687.805293652945	-0.28	0.107521351859981	-2.60985695959971	0.00905800888073459	0.107912240415675
queC	702.295992151718	0.17	0.128912350154144	1.31347673486518	0.189022355424896	0.503246203404993
SACI_RS01370	796.421574721098	0.02	0.140369729799195	0.107460003083383	0.914424054448656	0.971610649787942
SACI_RS01375	1025.38326997116	0.05	0.121525435593322	0.412905056721315	0.679676176082449	0.87447433246745
SACI_RS01380	189.634244924644	0.05	0.175339485018816	0.259015339422398	0.795623405125046	0.926047345185469
SACI_RS01385	92.9644353727358	-0.37	0.284537553845639	-1.3118794633201	0.189560807769733	0.504003950271886
SACI_RS01390	208.665696626895	-0.44	0.20934618390477	-2.10102137691938	0.0356390897695854	0.222809871449043
SACI_RS01395	152.233377042261	-0.43	0.205706984813266	-2.08009674561823	0.037516660046309	0.226747033157936
SACI_RS01400	87.6874109539058	-0.44	0.268017208283883	-1.64312216270679	0.100357660236104	0.370068872120632
SACI_RS01405	185.128572682998	-0.32	0.171757444747823	-1.83587714913591	0.0663758279730652	0.296262268836838
SACI_RS01410	79.1325561897862	0.12	0.259451173366147	0.469710588833908	0.638561801621488	0.856065495105595
SACI_RS01415	2614.04942114018	0.21	0.182227320967832	1.1709256064355	0.241628681417572	0.566950205142206
SACI_RS01420	2813.53567922892	0.30	0.17931355499826	1.65752121739516	0.0974141428555595	0.363542539150718
SACI_RS01425	2691.44102742182	0.30	0.156529817488182	1.93192768480183	0.053368432167954	0.271923932422835
SACI_RS01430	320.024700382259	-0.34	0.205740556319759	-1.6585898699002	0.097198464451005	0.363284758536335
SACI_RS01435	346.999440140676	0.13	0.266591456490525	0.473489526125319	0.635863971724895	0.854022179910184
SACI_RS01440	525.104598915002	-0.10	0.151470366933367	-0.653772619495621	0.513258309190441	0.789971484580071
SACI_RS01445	226.69960377593	-0.23	0.285924656680877	-0.792267378557593	0.428204788478183	0.727771924450574
SACI_RS01450	630.258930409652	-0.57	0.157191289044269	-3.62257820127467	0.000291681239139845	0.0144557222117707
SACI_RS01455	2615.97349980805	-0.23	0.156546311694591	-1.48855835709578	0.136603704272368	0.427404014124909
SACI_RS01460	2273.70065909938	0.12	0.0984155535755747	1.20752290205825	0.227230830607187	0.551463917754393
SACI_RS01465	467.227180425753	0.20	0.134636059561978	1.49036502159584	0.136128284398963	0.426994795874216
SACI_RS01470	17880.7409329407	-0.65	0.416092865000496	-1.55133798095002	0.120820709357056	0.405535640135432
SACI_RS01475	372.298487733945	-0.25	0.147105426358822	-1.68898936424	0.0912214681789954	0.351550230400545
SACI_RS01480	181.151502362656	-0.33	0.240044557149816	-1.37190863728126	0.170091881232405	0.475474175508839
SACI_RS01485	34.6407552983581	-0.61	0.480824994800797	-1.26817743108808	0.204734594764558	0.522484372632931
SACI_RS01490	1436.5591882221	-0.37	0.208797249947063	-1.78424608029972	0.0743836875694475	0.31596236867779
acs	17284.1353274201	0.11	0.159078623347465	0.687837419708199	0.491555168859836	0.778602128059641
SACI_RS01500	88.5902208493341	0.05	0.257577275606384	0.175274777630515	0.860863729502257	0.950765545460024
SACI_RS01505	431.420179425748	0.39	0.171295183283159	2.30031711376204	0.0214302608068267	0.171303826707473
lipA	1547.90609184609	0.33	0.101509982712466	3.20935603540858	0.00133032648466905	0.0343390523855198
SACI_RS01515	1018.95304961301	0.26	0.107937842937549	2.39364975033851	0.0166816700639761	0.152535713721523
SACI_RS01520	78.8143799795387	-0.64	0.350163087647753	-1.8272547893066	0.067661469454073	0.298336514781482
SACI_RS01525	598.936325589263	0.20	0.152833314532631	1.2875298928133	0.197909657389923	0.513528932997098
SACI_RS01530	156.706539250524	0.37	0.175401726790047	2.08944118061803	0.0366680275169737	0.223801409327736
SACI_RS01535	1306.0018928619	-0.04	0.172670562894092	-0.249285658591044	0.803139824012416	0.929705204197097
SACI_RS01540	14380.4455031392	0.26	0.0782462844232573	3.28137693253296	0.00103301593383892	0.0287619492590208
SACI_RS01545	6263.47576047368	0.28	0.0819499944597098	3.37940441824545	0.00072643062077238	0.0242180728114759
SACI_RS01550	923.036501461546	-0.02	0.134436437966962	-0.129010775115051	0.89734912277404	0.965536746085138
fdhD	377.376313415669	0.27	0.201401999263645	1.34131959790559	0.179816709513894	0.491197386378757
SACI_RS01560	173.662608573824	0.21	0.198239712601254	1.0529231085889	0.29237623408785	0.608319318278499
fdhF	4360.56976072269	0.16	0.146519376400515	1.08892480110733	0.276187048379501	0.596278084743422
SACI_RS01570	545.625882690807	-0.07	0.161939904483651	-0.458986818512265	0.646243631871035	0.860645731728782
SACI_RS01575	404.418196991837	-0.11	0.174810047799399	-0.646103735853408	0.518212176126383	0.793162305399121
SACI_RS01580	218.237979655902	-0.50	0.18531353326088	-2.68854955862845	0.00717631824089299	0.0945899819198554
SACI_RS01585	249.517928080196	1.02	0.240642430789746	4.22136938552545	2.42822642996321e-05	0.00255315675479774
SACI_RS01590	2837.37405430272	0.30	0.158223730444437	1.91757120410499	0.055165404334788	0.277137718492327
SACI_RS01595	2472.35408427135	0.46	0.163608268929983	2.788934326442	0.00528817872798171	0.0799030907801139
SACI_RS01600	2679.01437414412	0.42	0.165588119590409	2.55686375932168	0.0105620575546265	0.120058617524607
SACI_RS01605	8200.79855037175	0.43	0.143560923042893	3.02465861846157	0.00248913910694164	0.0499347736640072
SACI_RS01610	28191.0619318392	0.21	0.139823066996674	1.53552498788634	0.124654923980535	0.409867161764835
SACI_RS01615	6371.88246569029	0.36	0.276519781522807	1.28660399019134	0.198232352221936	0.513828210048073
SACI_RS01620	31938.2297492835	0.32	0.166943922902096	1.89022063723772	0.0587284577273477	0.283130580249743
SACI_RS01625	7704.50280129421	0.38	0.170573129688163	2.21496322533888	0.0267625887766863	0.188799955227938
SACI_RS01630	19664.1181630548	0.43	0.156593142978267	2.7277338866848	0.00637710310972423	0.0897262645978891
SACI_RS01635	4554.17013861288	0.18	0.1207591859309	1.48504406412625	0.13753215191289	0.428798761667641
SACI_RS01640	2951.8132846464	0.14	0.138550196642858	0.988802032748953	0.322760009516032	0.640549116179632
SACI_RS01645	6148.87372026712	0.20	0.149481896086072	1.35248283396025	0.176220906571817	0.485194896094404
SACI_RS01650	2101.92950028447	0.24	0.164593176372581	1.45125825673996	0.146707960301623	0.44583676547185
SACI_RS01655	875.197951279038	0.20	0.127557663835506	1.55211303383617	0.120635179852303	0.405535640135432
SACI_RS01660	242.255390408808	0.10	0.166313318186549	0.60231363438126	0.546965386815018	0.809029624879051
SACI_RS01665	654.731048740452	0.05	0.144465055618448	0.373558122726403	0.70873309506187	0.891180117507673
SACI_RS01670	137.616217017449	-0.30	0.185404808481098	-1.62685585952561	0.103767714617023	0.374288787221226
SACI_RS01675	123.778325663747	0.06	0.229427031307267	0.263070323889351	0.792496376645967	0.926047345185469
SACI_RS01680	733.587230869586	0.14	0.16382272977467	0.881563324455789	0.37801299563697	0.690897643055851
SACI_RS01685	853.440742568269	0.17	0.168606270203892	1.00279987652763	0.3159574284397	0.635715545673665
SACI_RS01690	1062.6493426848	0.19	0.166979293526501	1.16519977766539	0.243938135621179	0.569768738694273
SACI_RS01695	198.053455525503	-0.06	0.188868253143658	-0.309453565741565	0.75697652894456	0.911647483597153
SACI_RS01700	105.202148361136	-0.09	0.242799677703939	-0.362982655391581	0.716617840976387	0.89513600846171
SACI_RS01705	496.585840926652	0.25	0.143901051402735	1.76101009829241	0.0782366938333598	0.324336072696421
SACI_RS01710	1242.15239193475	0.10	0.17004887538422	0.59619867808532	0.551042508624089	0.811821246355822
SACI_RS01715	2096.74786731047	0.13	0.133790953068407	0.999917484621775	0.317350442122148	0.636756595610269
SACI_RS01720	486.081992149026	0.27	0.150211350472994	1.76445870146036	0.0776547825753299	0.323409329784315
SACI_RS01725	394.527660368713	0.17	0.222082927267679	0.78250992533347	0.433914954628851	0.730959386519573
SACI_RS01730	397.302616996233	0.33	0.159945607269474	2.03340717272549	0.0420114032852666	0.237680952833083
SACI_RS01735	1526.29457237218	0.05	0.158954712812912	0.340027784298084	0.733835604385288	0.905599914176665
SACI_RS01740	907.021517383052	-0.01	0.163270272449082	-0.063542167800153	0.949334782018095	0.985412170159604
SACI_RS01745	2770.24049385045	0.03	0.133666831089552	0.233290224591139	0.815536048861481	0.934286090168033
SACI_RS01750	15.2606181518977	0.10	0.510109864614483	0.198466061609943	0.842680435493032	0.944869737172729
SACI_RS01755	630.739398653695	0.20	0.14355495138032	1.37956794617633	0.167719712383551	0.472283462825501
SACI_RS01760	8244.73063516087	-0.15	0.178547276812555	-0.82054291871559	0.41190667292368	0.713280737599496
SACI_RS01765	956.269937384102	-0.13	0.169190603379993	-0.783650241929297	0.433245366603197	0.730706152212414
SACI_RS01770	7846.81589975445	-0.09	0.241912386704387	-0.380394749722791	0.703652411353855	0.889342952863947
SACI_RS01775	945.468983300399	-0.06	0.108694212522473	-0.51630982865884	0.605638032679569	0.838419578201101
SACI_RS01780	393.692478834425	-0.35	0.182206849448622	-1.91691602512751	0.0552486008616664	0.277137718492327
SACI_RS01785	876.261437340893	0.03	0.097044681461307	0.350516776880333	0.72595090166607	0.900898699920049
SACI_RS01790	472.407589855459	-0.12	0.106244798295133	-1.15207441374972	0.249290496132168	0.5751786307407
SACI_RS01795	1398.06909483918	-0.14	0.11550608270056	-1.17041328487346	0.241834692023935	0.566950205142206
SACI_RS01800	1661.08723169078	0.24	0.112396998032209	2.12014571616963	0.0339937586260059	0.216546359576459
SACI_RS01805	2687.83851556922	0.23	0.121197178492292	1.86593535608565	0.0620504102499177	0.289943298293117
SACI_RS01810	173.724857174669	-0.05	0.1806799274228	-0.268816542567803	0.788070862639483	0.924675700190171
SACI_RS01815	681.419800207488	-0.01	0.123478393575267	-0.0894632410261473	0.928713765817427	0.976766591469349
SACI_RS01820	5701.13973219552	0.28	0.21262194244066	1.30593362371591	0.191575131007722	0.505562486301529
leuS	10288.3055616085	0.11	0.0910299779900456	1.21815623431249	0.223164607534028	0.548069274003292
SACI_RS01830	662.279517471291	0.20	0.180262008422775	1.08937250251844	0.275989652199905	0.596278084743422
SACI_RS01835	1089.38110581917	0.16	0.185690103062273	0.841190525421626	0.400241207470266	0.703402632703064
SACI_RS01840	124.582829906821	-0.48	0.209944100829955	-2.30656308068845	0.0210791897133765	0.170700104933814
priX	245.71690837212	0.24	0.169696557912161	1.4025798721201	0.160742157381564	0.46315044183566
SACI_RS01850	1059.089995709	0.11	0.109051085905799	0.966317476456633	0.333885343648081	0.654032703684821
SACI_RS01855	736.383262105405	0.33	0.125946961703002	2.64167000884903	0.00824983915227195	0.101981333004299
sfsA	288.698067092584	0.11	0.171179859727491	0.656612370390446	0.511430192715569	0.789859787759282
SACI_RS01865	788.670050298663	0.08	0.135068749209191	0.612783534716524	0.540019479363136	0.806611374238609
SACI_RS01870	31.6258072485245	-0.01	0.371511460600342	-0.0142031354950278	0.988667918476495	0.997036505340924
SACI_RS01875	1615.07604309709	-0.08	0.172966640217912	-0.455236225965216	0.648939301250683	0.862504354357959
SACI_RS01880	10811.1377758276	-0.93	0.154572635189964	-5.98761681135844	2.12938006713461e-09	9.62190928284571e-07
SACI_RS01885	1715.74658463454	0.05	0.2221947097676	0.228838713110086	0.818994276340701	0.935133671621816
SACI_RS01890	4305.55044588086	0.02	0.166017138877301	0.102284565877129	0.918530805697109	0.972285064723381
SACI_RS01895	1835.43187432175	-0.02	0.239677961319166	-0.104227796700714	0.916988575524209	0.971936738627815
SACI_RS01900	352.531556312236	0.03	0.161628196644891	0.166169218738825	0.868023782531909	0.951876505292011
SACI_RS01905	325.901758289687	0.01	0.138491217397015	0.103596606118531	0.917489481097602	0.971936738627815
SACI_RS01910	291.274623016193	0.21	0.186279293342281	1.12318362026929	0.261359517685037	0.583993584151057
SACI_RS01915	74.7268165539336	0.08	0.245508030467955	0.312274545823189	0.754831882977419	0.911647483597153
SACI_RS01920	311.563651508197	0.08	0.152190666031566	0.503630998882815	0.614520704883672	0.844114360699411
SACI_RS01925	736.316543243327	-0.16	0.112024110933064	-1.40897305440594	0.158843135921931	0.460366422005317
cobM	535.229975982425	0.04	0.115232085149892	0.35041546964709	0.72602691837786	0.900898699920049
SACI_RS01935	362.268706057491	0.33	0.140691998466266	2.36067474118425	0.0182417220510612	0.158236163918387
cbiT	390.243411275057	0.23	0.134134202442957	1.69425700445685	0.0902164568778871	0.351009719660287
cbiD	420.124892164806	0.27	0.153140151835174	1.77311983378159	0.0762088521157268	0.318995837065492
SACI_RS01950	341.304894978475	0.36	0.173466120473848	2.09114075613688	0.0365154481819091	0.223801409327736
SACI_RS01955	193.004646854829	-0.20	0.16570064170461	-1.18736888933705	0.235082145849859	0.558725261549341
SACI_RS01960	92.5234743628031	-0.04	0.229334295007322	-0.174671059033621	0.861338109679423	0.950765545460024
cbiG	240.902392997937	0.20	0.149873176951523	1.31575564657281	0.188256070375806	0.503246203404993
SACI_RS01970	193.107873791626	0.02	0.176003322141492	0.0854649526936966	0.931891757194796	0.978071907805466
SACI_RS01975	297.571503249185	0.05	0.168076935992805	0.311516229872744	0.755408206618172	0.911647483597153
SACI_RS01980	229.498232877947	0.04	0.175405993055466	0.237432015771626	0.812321654727053	0.933209578309522
SACI_RS01985	5576.55190309461	0.05	0.174485284295654	0.314187963016562	0.753378284267789	0.911558295124795
SACI_RS01990	78.8836147955756	-0.32	0.249599604090041	-1.26975856383219	0.204170644751952	0.522484372632931
SACI_RS01995	199.431479927049	-0.31	0.204002348718048	-1.50001876267066	0.133609542414125	0.421761342548298
SACI_RS02000	917.682370906266	-0.08	0.109077949017162	-0.70626058032816	0.480026102862093	0.768876521185412
SACI_RS02005	1292.1750485356	-0.09	0.154247461599931	-0.566597582414068	0.570987617871984	0.815508540107652
SACI_RS11520	78.5496576668283	-0.09	0.248296879155545	-0.369576569896458	0.71169801145191	0.893025352047736
cobS	37.185842312638	0.09	0.338290579562737	0.256716119835588	0.797397926661653	0.927241485359554
SACI_RS02015	466.566135672951	0.09	0.129596018839667	0.677296113239634	0.498218096462451	0.783708403685518
SACI_RS02020	354.404747225233	0.15	0.24070840888896	0.643117072442155	0.520148137412644	0.794531100090744
htpX	12020.1154835448	0.03	0.124792373647017	0.26659511081892	0.789780920440294	0.924675700190171
SACI_RS02030	388.842926544245	0.06	0.147136421168916	0.414892391170863	0.678220680131366	0.874350817011072
SACI_RS02035	87.8164248299146	-0.09	0.235946943966278	-0.361618342505056	0.717637255714317	0.895420503353513
SACI_RS02040	696.031845204968	-0.09	0.126394623074511	-0.695933645811703	0.486470385278771	0.774725973470948
SACI_RS02050	968.834528856368	-0.30	0.111072976486293	-2.72052084182741	0.00651791629288741	0.0897262645978891
SACI_RS02055	623.279302300755	0.22	0.123179263059842	1.77145075847617	0.0764857742472864	0.319133747127388
SACI_RS02060	3342.17872217672	-0.02	0.0932403409242987	-0.173569236084625	0.86220401103925	0.95084180656665
SACI_RS02065	642.151609694183	-0.01	0.142671315282418	-0.065988332641506	0.947387114411553	0.985278860463365
SACI_RS02070	1491.40226442025	0.12	0.109490218899346	1.05593434649084	0.290998210932297	0.606871812303234
SACI_RS02075	120.566659706989	0.06	0.197062168858468	0.315960221364913	0.752032701338243	0.911165492060089
SACI_RS02080	46.606376972164	-0.07	0.289456647640277	-0.246694736726316	0.805144480183874	0.929705204197097
SACI_RS02085	1235.55302452283	0.12	0.107383407933203	1.10426207716168	0.269479468209201	0.591470435980868
SACI_RS02090	792.976306645739	0.02	0.140915256088453	0.106546184530674	0.915149013964914	0.971610649787942
SACI_RS02095	432.428783059582	-0.20	0.119178621262271	-1.69072629664644	0.0908890894766427	0.351009719660287
SACI_RS02100	14771.762883159	-0.08	0.140776199702006	-0.570777608594206	0.568150403051833	0.814272237572262
SACI_RS02105	130.830562905134	-0.49	0.282288698732045	-1.72565148076334	0.0844101317657473	0.336593421116488
SACI_RS02110	153.671985891144	0.06	0.191187327980083	0.306884682503528	0.758931148474608	0.911647483597153
SACI_RS02115	777.02364645333	0.30	0.131473091036118	2.31938556032526	0.0203741398885745	0.167731291175706
SACI_RS02120	280.599114293822	0.02	0.175753843200061	0.090971771855936	0.927515020823821	0.976766591469349
SACI_RS02125	167.089689247929	0.01	0.177406694846115	0.0755252749499549	0.939796788460283	0.982624674231691
SACI_RS12010	69.5711814205516	-0.21	0.271514478178168	-0.764478079628193	0.44458239471611	0.738812281549759
SACI_RS02130	414.685245396667	-0.17	0.167211398300612	-1.02014499675258	0.307659699104692	0.627889604314862
SACI_RS02135	525.966118764956	-0.24	0.170233454118369	-1.41552431880098	0.156914823326252	0.459635153179074
SACI_RS02140	56.8169752302581	-0.35	0.334448552704652	-1.05230687255678	0.292658779573576	0.60839635552292
SACI_RS12015	2.65859703234131	0.01	1.07446452446881	0.00518903185466469	0.995859770177664	NA
SACI_RS02145	176.266409547076	0.01	0.177593844848377	0.0748834764625899	0.940307423513272	0.982624674231691
SACI_RS02150	2488.99487611564	0.01	0.114198004647073	0.0682289544588064	0.945603378345014	0.98517131352971
SACI_RS02155	116.181280392826	0.19	0.234189774099499	0.816083501066934	0.414452379652055	0.715559006786371
abfR1	1782.80108662219	-0.09	0.156600248754968	-0.579265983175669	0.562409714637111	0.81256629265442
SACI_RS02165	223.904093825221	-0.02	0.164257249320469	-0.113611626760338	0.909545670211248	0.969729216551307
SACI_RS02170	150.495631994726	-0.29	0.190632240327175	-1.49886588477092	0.133908428253443	0.421761342548298
cbp1	1674.10167206049	-0.10	0.10944055973371	-0.893596014432425	0.371538079581646	0.687068180002477
SACI_RS02180	1366.27829984953	0.09	0.171357760224407	0.544082974388153	0.586384375934218	0.821866789346715
SACI_RS02185	19146.9538661406	-0.03	0.189606731546645	-0.175265264512943	0.860871204176213	0.950765545460024
SACI_RS02190	713.432859133091	0.04	0.136895295281341	0.293535910335075	0.769112555223895	0.916279284540775
SACI_RS02195	424.676549262008	-0.58	0.186153640815133	-3.13225910890107	0.00173466711238703	0.0409381438523339
SACI_RS02200	127.594416641381	-0.03	0.193668773604927	-0.145054660613712	0.884667715180159	0.959810244402992
SACI_RS02205	106.247423580375	-0.17	0.229119216462635	-0.733064592222213	0.463519034569196	0.756715852422177
SACI_RS02210	4823.5933958197	-0.31	0.14075748823188	-2.23058447369636	0.0257086662082173	0.185192078092914
SACI_RS02215	6.76294058900528	-1.13	0.851948634390689	-1.32413184235488	0.18545926194645	NA
coaBC	1131.73242856353	0.16	0.0945880957650083	1.65533648499687	0.0978562619775183	0.3646433341057
SACI_RS02230	62.3336394396226	0.23	0.258927719574586	0.906210288512912	0.364824558385615	0.683322188722262
SACI_RS02235	142.82264716019	-0.06	0.185576059123541	-0.308015727066899	0.758070365283668	0.911647483597153
SACI_RS02240	226.594027333821	0.11	0.173755675038709	0.629204858282116	0.52921494865578	0.80023376667807
SACI_RS02245	277.900325675642	-0.36	0.159008273595945	-2.24200037352953	0.0249613481644465	0.184089942712793
SACI_RS02250	335.840738200565	-0.37	0.166691043298579	-2.24353982385971	0.0248620247944512	0.184089942712793
SACI_RS02255	157.00639547824	-0.51	0.236742833348112	-2.1613667155191	0.0306670230952732	0.203189527353173
SACI_RS02260	80.6620696340867	0.35	0.320297709449231	1.10314086081986	0.269965998706561	0.59199967649232
SACI_RS02265	83.0593258425111	-0.11	0.451231869886818	-0.247422121422685	0.804581555869436	0.929705204197097
SACI_RS02270	58.5438087987796	-0.09	0.466562177185349	-0.185202030128993	0.853070576825556	0.948792140652481
SACI_RS02275	4152.4227789348	-0.02	0.114147420358264	-0.18022216141579	0.856978160986782	0.950578282419537
SACI_RS02280	1650.55889305637	0.12	0.122173734940081	0.990080644082598	0.322134703323864	0.640136162659612
SACI_RS02285	615.319151204429	0.57	0.195283701243806	2.89589264417666	0.00378081718133683	0.0676800774484117
SACI_RS02290	43.7907621097464	-0.08	0.345646855309177	-0.240838890465468	0.809679986378167	0.931902929050208
SACI_RS02295	4.15633189272119	2.44	1.39983906144816	1.74331488284959	0.0812786270708694	NA
SACI_RS02300	1.40398314229715	0.85	1.91661451239509	0.443566880389469	0.657355755328173	NA
SACI_RS02305	3.02120445016954	0.36	1.14484895488213	0.312652719025923	0.754544520565012	NA
SACI_RS02310	3.38501348047416	1.57	1.20346192339586	1.30790454046856	0.190905689302957	NA
SACI_RS02315	220.359473500309	0.22	0.205245484560645	1.04790598391413	0.29468192503559	0.610043283407012
SACI_RS02320	3.56472197672608	3.12	1.8340516034574	1.70312869943884	0.0885439861716679	NA
SACI_RS02325	13.4782097786193	0.46	0.740497175433008	0.626643869509943	0.530892705016872	NA
SACI_RS02330	32.0172151227503	0.25	0.342687469067834	0.722949954163755	0.469710631482916	0.760250127246679
SACI_RS02335	44.4718590981812	-0.87	0.382653072038348	-2.26163899113651	0.0237197169218889	0.181215832335453
SACI_RS02340	349.586553070953	-0.23	0.16789066329879	-1.34383167548279	0.179002824090984	0.49015112129934
SACI_RS11795	22.8312782899084	-0.02	0.439503013886449	-0.0548561980629919	0.9562530281833	0.98782355417263
SACI_RS02345	3.791448189822	-0.91	1.14774672083273	-0.795997079789064	0.426033732736353	NA
SACI_RS02350	94.8186164332661	0.29	0.307580111371288	0.941571943055679	0.346411839892468	0.665432976165532
SACI_RS02355	240.894383993539	-0.42	0.186773647191537	-2.27341827099849	0.0230009861294823	0.180368492496383
SACI_RS02360	35.5991703589536	0.25	0.376341434161083	0.669278808705059	0.503317642140911	0.787387068955289
SACI_RS02370	281.184758390955	-0.24	0.163301431654462	-1.45349177252547	0.14608726239875	0.445269663252279
SACI_RS02375	212.271539886298	-0.09	0.168659407133489	-0.526203174518566	0.598747048595214	0.833068605513162
SACI_RS02380	304.730302864353	-0.05	0.137648704444594	-0.379457566968495	0.704348108880906	0.889589507546832
SACI_RS02385	1620.81286216959	-0.02	0.116777107504464	-0.188257601777793	0.850674719925343	0.948255490766982
SACI_RS02390	706.177524940574	-0.14	0.128817643904436	-1.11553858977155	0.26461969130069	0.586334433437564
SACI_RS02395	170.920593341789	-0.12	0.166337926077554	-0.7050712837987	0.480765876077471	0.76910125301483
SACI_RS02400	597.496812460496	0.05	0.126151305116779	0.435009413081986	0.663555594911503	0.867744264763333
SACI_RS02405	1017.14483416574	0.02	0.115519341771708	0.152905635130877	0.878472691978536	0.956859486032005
SACI_RS12020	47.1615837214802	-0.35	0.311942851789475	-1.12161738602659	0.262025156148048	0.584442390179235
SACI_RS02410	327.751337298108	0.22	0.155637137313189	1.41092026775905	0.158268125256219	0.460366422005317
SACI_RS02415	484.312366961489	0.15	0.167048390822314	0.918596738568012	0.35830653851931	0.680370576590689
SACI_RS12025	48.0913420696206	-0.11	0.339446955844902	-0.316142543754709	0.751894316166003	0.911165492060089
SACI_RS02420	30.1227327622336	-0.22	0.393969430803709	-0.567273191102705	0.570528588218027	0.815378300998104
SACI_RS02425	21.9490359577851	0.50	0.497787365553609	1.01394530351116	0.310608852360877	0.630375705282762
SACI_RS02435	8.00898224206602	-0.48	0.786265316837637	-0.615397855908136	0.538292007031355	NA
SACI_RS02440	34.0586770210787	0.11	0.486862986615586	0.234681444292651	0.814455990874605	0.93369789698153
SACI_RS11495	9.88342754274891	0.94	0.946776559913229	0.992543551593914	0.320932445423435	NA
SACI_RS12030	160.604947807021	0.19	0.233625279187019	0.820710345941887	0.411811276279729	0.713280737599496
SACI_RS02455	1733.81735939797	0.02	0.0993100434022326	0.209150404343938	0.834330827719975	0.93937542051523
SACI_RS12035	167.981611824192	0.09	0.23042720361427	0.388754465424244	0.697457787650353	0.888129700820953
SACI_RS02465	600.861992844766	-0.15	0.156687265229559	-0.97312824572685	0.330489567350139	0.650852746746872
SACI_RS02470	49.7985030150455	0.65	0.356809888586248	1.81586895969608	0.0693904758445686	0.303757586127503
SACI_RS12165	4.53076081038935	0.55	1.28235921941318	0.428937417188247	0.667968769297527	NA
SACI_RS02475	36.8036457724793	0.72	0.416406802770353	1.73244168180736	0.0831949520507327	0.335214782409294
SACI_RS11530	3.68286626879214	-1.02	1.10274813555165	-0.921485833077461	0.356796834308658	NA
SACI_RS02480	28.2934066106322	0.58	0.441673300982792	1.31688244092114	0.187878033103797	0.503246203404993
SACI_RS11535	7.76906813030227	2.85	1.22885413461054	2.31823997563463	0.0204362825661666	NA
SACI_RS02495	248.801378342784	0.30	0.166460623127132	1.77666534204579	0.0756233178366936	0.318364028337953
SACI_RS02500	19.0148679884679	-0.16	0.622277807054779	-0.251698387010694	0.801274203849697	0.928698539354326
SACI_RS02505	1.9495325379447	-1.53	1.92224072457175	-0.797009681332538	0.425445408688483	NA
SACI_RS02510	40.6344602303254	0.48	0.343692142499499	1.40549467147958	0.159874232710027	0.462273452340077
SACI_RS02515	100.148400525809	0.59	0.288316765430537	2.06259627696747	0.0391510017769527	0.230241621064585
SACI_RS02520	275.757036456512	0.78	0.195471356449098	4.00283553985044	6.25878107045807e-05	0.00500298693309519
SACI_RS02525	595.00035424591	0.50	0.159245127263706	3.11277782160375	0.00185335483742902	0.0422488051990134
SACI_RS02530	238.587951449816	0.62	0.255243467691397	2.41128327440309	0.0158964963828911	0.148211862719153
SACI_RS02535	59.2822106826627	0.31	0.291125245531276	1.06264398282603	0.287943433118495	0.605024150618869
SACI_RS02540	171.084210212659	-0.01	0.177252075229755	-0.0665415011257037	0.946946717785718	0.985278860463365
SACI_RS02545	90.5755159829325	0.04	0.251280640362992	0.171955696119499	0.863472359473498	0.950978117289502
SACI_RS02550	9.53525738699004	-0.10	0.706107501753608	-0.142574824929986	0.886625981121275	NA
SACI_RS02555	10.0855554055241	0.46	0.689857384312288	0.669573081258793	0.503129978824178	NA
SACI_RS02560	95.2543461042091	0.56	0.264790908769852	2.13324969845244	0.0329042481856948	0.212335226573312
SACI_RS02565	56.0416506209777	-1.27	0.364861252744152	-3.48552465169978	0.000491172963777433	0.0184413121854618
SACI_RS02570	1996.84759726669	-0.30	0.176954979410034	-1.69805833641988	0.0894967520570891	0.350352214214008
SACI_RS02575	1477.97602904744	0.07	0.107196215940261	0.617887267779986	0.536649652422396	0.804936164858644
SACI_RS02580	24.8155038631137	0.07	0.529997419502813	0.137192384669085	0.890878730148849	0.962755121373244
SACI_RS02585	1221.47882786345	0.03	0.104325006140034	0.252094888460811	0.800967720821311	0.928698539354326
SACI_RS02590	1365.30269364353	0.33	0.146095626177461	2.26087159313353	0.0237672096485158	0.181215832335453
SACI_RS02595	88.9269912647094	0.05	0.219684969326669	0.215188061491487	0.829620698455383	0.93839930622254
SACI_RS02600	328.233696679299	-0.04	0.173444732644466	-0.214749417088688	0.829962692022985	0.93839930622254
SACI_RS02605	588.628375673143	-0.05	0.136106013919867	-0.368051809402418	0.712834603046982	0.893025352047736
nadC	503.214346370371	0.01	0.118453776365484	0.115789428525456	0.90781942897279	0.969505627442628
SACI_RS02615	409.310954143835	0.13	0.126274688221915	1.00404439038605	0.315357217646017	0.635329418964903
SACI_RS02620	302.294102920241	0.69	0.214881073292086	3.23276962283966	0.00122596385120169	0.0319782991923977
SACI_RS02625	113.834402304337	-0.30	0.211002309704927	-1.42159635434598	0.155143463735228	0.458218716490934
SACI_RS12170	1024.95201923484	0.48	0.149885057477073	3.17503976795665	0.00149815967622042	0.0373558306279378
SACI_RS02635	967.110631335715	-0.01	0.111954138296222	-0.110619480270124	0.911918099270715	0.970675708759808
SACI_RS02640	575.671322174134	-0.01	0.109730466489732	-0.0524335746668483	0.958183222186393	0.98782355417263
SACI_RS02645	47.8340167322314	-0.01	0.303955494576603	-0.0328957923139491	0.973757688228585	0.991520092425935
SACI_RS02650	202.569070667089	0.10	0.169836659440703	0.579549371388924	0.562218543362339	0.81256629265442
SACI_RS02655	357.426313282116	-0.02	0.161731188518803	-0.0951911305550211	0.92416301478837	0.974085899891782
SACI_RS02660	1228.36598780679	0.26	0.139527489149502	1.84278636112019	0.0653602089249633	0.296262268836838
SACI_RS02665	297.054007034885	0.16	0.149001809650624	1.04723439559698	0.294991485219179	0.610174374268051
SACI_RS02670	797.442080279059	0.13	0.113605737276631	1.15588246996609	0.247729233918957	0.574820094381306
SACI_RS02675	5.0937393664979	1.10	1.11342872441662	0.991257173588739	0.321560019228611	NA
SACI_RS02680	8.32030113558596	0.63	0.866790756959803	0.727696328972404	0.466799498050137	NA
SACI_RS02685	94.7304611581169	0.11	0.252730454286156	0.418003226266342	0.675944758381859	0.873930360310819
SACI_RS02690	72.1306112118772	-0.40	0.25913398289051	-1.53217913224581	0.125478236568603	0.409867161764835
cedA2	20.186255534936	0.78	0.482937959410446	1.62403105271863	0.104369181353612	0.374821494774274
cedA	401.821024215939	0.31	0.202498331796091	1.54221545251079	0.123021246259173	0.407919228136127
cedA1	176.478113031939	0.50	0.244643707496322	2.04679738081258	0.0406779829525993	0.233874806859724
SACI_RS02705	461.648990454337	-0.07	0.145841056762079	-0.467434652121119	0.640188935382481	0.856581091726667
SACI_RS02710	375.419880434496	0.19	0.151473242634743	1.22631208088036	0.220081256855019	0.543188600086391
SACI_RS02715	208.768937500408	-0.02	0.16400781245194	-0.14930007124612	0.881316859056794	0.959044038192841
SACI_RS02720	2208.21402111283	0.17	0.11544576910561	1.43210312365999	0.152114310654083	0.454143688916647
secY	6606.10977206968	-0.03	0.10301630169641	-0.322471662284802	0.747095402325173	0.908837705921345
SACI_RS02730	2571.13185148749	0.39	0.12582393843998	3.06463406066449	0.00217936475942006	0.0465834475669114
SACI_RS02735	2399.93449958384	0.36	0.192462215942373	1.85675690368624	0.0633457476441998	0.293952739068028
SACI_RS02740	4028.53185489392	0.28	0.165557149074528	1.67712569288322	0.0935179056035986	0.357068366850104
SACI_RS02745	3067.40170639608	0.53	0.154761414971274	3.43251633092124	0.000598007865681226	0.0214762824805519
SACI_RS02750	3215.82039932034	0.49	0.224295377239735	2.18416349377531	0.0289502364101698	0.196007338318035
SACI_RS02755	1590.15748254659	0.53	0.18276358409196	2.8729165619706	0.00406701514020338	0.0696201239894456
SACI_RS02760	2732.83242879217	0.46	0.174869175203026	2.65682769458207	0.00788797476733957	0.0987191993609468
SACI_RS02765	2379.40921847284	0.23	0.153794902462478	1.48447942315438	0.137681778089388	0.428798761667641
SACI_RS11545	331.698955670775	0.36	0.176457984750008	2.03035610441985	0.0423203551343896	0.238598882393286
SACI_RS02770	2720.36285748112	0.24	0.178248227265985	1.32782687008555	0.184235308056925	0.497857244672912
SACI_RS02775	4333.99290861379	0.34	0.220349368059093	1.54148478287748	0.123198843661666	0.407919228136127
rplX	2144.82599282437	0.47	0.248272284803197	1.87497827981116	0.0607957116931703	0.287503384686405
SACI_RS02785	1084.53158697168	0.37	0.185952597267971	1.98576465235017	0.0470594623808539	0.252957370455002
SACI_RS02790	1416.23381423299	0.48	0.263202148799432	1.84165526445488	0.0655255917527343	0.296262268836838
SACI_RS02795	518.275339854825	0.43	0.24864902543069	1.73900638938536	0.0820336390504377	0.332501494589105
rpmC	896.517724264432	0.50	0.25608044599806	1.95798825607058	0.0502313907508458	0.262179864061324
SACI_RS02805	3377.53591394802	0.45	0.24173144608121	1.87374136243855	0.0609660819434536	0.287759906773101
SACI_RS02810	1924.1023714918	0.38	0.166974510073027	2.26189922932152	0.0237036300068212	0.181215832335453
SACI_RS02815	2135.91512346595	0.47	0.203759189914732	2.31653165090152	0.0205292583579678	0.168239914689448
SACI_RS02820	3035.35992521477	0.33	0.199062030146844	1.63959153640118	0.101090124044482	0.37161246883446
SACI_RS02825	549.59092326274	0.63	0.212740331836633	2.94515804737997	0.00322789731661273	0.0610590042027965
rpl4p	3881.7449835927	0.42	0.146818317834739	2.8923486856697	0.0038237331891758	0.0676800774484117
rpl3p	8812.31294923437	0.25	0.109586851355704	2.24454729946443	0.0247972092055064	0.184089942712793
SACI_RS02840	206.579741812056	0.34	0.165589670257439	2.07195673901805	0.0382694758172265	0.228510267650812
ileS	9569.63847935115	0.27	0.115422888786858	2.37642380850868	0.0174813712699761	0.155554543228353
SACI_RS02850	1106.89555845259	0.08	0.114806219384779	0.689869208280594	0.490276441173996	0.777788105780514
SACI_RS02855	216.976700227523	-0.20	0.159445269531736	-1.27587535479152	0.201999584347144	0.520512246858966
SACI_RS02860	1702.87470750548	0.24	0.0883343077364094	2.71935245435561	0.00654098694121458	0.0897262645978891
SACI_RS02865	18229.3981978775	0.15	0.0813975308900989	1.82990040821985	0.0672648324067241	0.297116318545209
SACI_RS02870	381.998638084979	-0.13	0.132863391623238	-0.971690132812026	0.331204727057226	0.650852746746872
SACI_RS02875	1287.15460714265	0.08	0.180694788305564	0.441483126285664	0.658863274605409	0.866409535480758
SACI_RS02880	24.1270936304291	0.14	0.444666808996475	0.315584058560339	0.752318239206999	0.911165492060089
SACI_RS02885	164.47021647487	-0.01	0.180893963645944	-0.0603405899803569	0.951884374694505	0.986107642346565
SACI_RS02890	757.243122821668	-0.06	0.141463868067826	-0.452818847746527	0.65067919060917	0.863622407246666
rrp42	2903.86429253264	0.15	0.0985450702223263	1.55534875074854	0.119863032644885	0.404109652917039
rrp41	2977.80570381964	0.01	0.0890882216758503	0.0784206806816652	0.937493423382935	0.981456993300766
rrp4	1482.12565563991	0.11	0.111541021841813	0.979008597188795	0.327575731630048	0.646865198009027
SACI_RS02910	1932.47036923945	-0.01	0.109319040094461	-0.0753183794642275	0.939961398319661	0.982624674231691
psmA	2724.85975830906	-0.08	0.108235595092955	-0.783267998566065	0.433469751312449	0.730706152212414
SACI_RS02920	169.623103977669	0.57	0.161667268671087	3.50609105173188	0.000454739631506393	0.0177429161465797
SACI_RS02925	658.163169382499	0.30	0.130410450819044	2.28338910561031	0.0224074584226056	0.176272006257831
SACI_RS02930	496.765562605433	0.12	0.189041089819603	0.636965592052036	0.524147256184277	0.795911560542195
SACI_RS02935	6620.34617945471	0.29	0.103829434466055	2.82316670093562	0.00475518396745523	0.0745781384262916
SACI_RS02940	695.393166271571	0.15	0.105870764092604	1.43896599106796	0.150160158653093	0.45212256760919
SACI_RS02945	975.776284470738	0.10	0.151697862553342	0.658564632684796	0.510175380302677	0.789859787759282
SACI_RS02950	2394.48298599027	0.16	0.108344837058721	1.51900755770296	0.128760593627061	0.414375001308907
SACI_RS02955	352.364604751315	0.13	0.152550421639919	0.874424228055104	0.381887267888156	0.691909154427802
SACI_RS02960	84.2288395521226	-0.07	0.26157196556409	-0.286387115821105	0.774581641723122	0.917940367379195
SACI_RS02965	145.958503599695	-0.21	0.233974421145014	-0.915938043248021	0.359699391835622	0.681970231804644
SACI_RS02970	1018.11439241321	0.06	0.123346560185186	0.496404805144223	0.619608835555705	0.844830246393207
SACI_RS02975	416.2517249059	0.06	0.180015090097107	0.316213509820711	0.751840454113541	0.911165492060089
SACI_RS02980	1512.33017391722	0.02	0.10245831782734	0.209612203940657	0.833970353876722	0.93937542051523
SACI_RS02985	0	NA	NA	NA	NA	NA
SACI_RS11555	3.84004387692972	-1.15	1.34288475396163	-0.854074873417489	0.393063504979028	NA
SACI_RS02995	452.572711845651	0.43	0.208373542703926	2.0651652445409	0.0389073677959573	0.229553469996148
SACI_RS03000	19.5295576436599	0.79	0.602520180447021	1.3139985284051	0.188846699455024	0.503246203404993
SACI_RS03005	22.4100902933505	0.16	0.561081602603787	0.283242831371408	0.776990697383481	0.919152564316794
SACI_RS03010	74.4682884757563	0.45	0.27810615236371	1.63080529623623	0.102931409567061	0.372686462877208
SACI_RS03015	130.525419019503	-0.05	0.212449362164314	-0.215040343632015	0.829735864584375	0.93839930622254
SACI_RS03020	14.2948690319609	0.21	0.619236431829485	0.339389318596572	0.73431646413123	NA
SACI_RS03025	74.3740443702533	0.31	0.24621371039812	1.24487152514548	0.213178979292423	0.533055005738268
SACI_RS03030	556.327906677105	0.14	0.120786910034203	1.15301766954966	0.248903132070679	0.574820094381306
SACI_RS03035	10.4473625304098	1.34	0.987373099493265	1.36133435461672	0.173408050967275	NA
SACI_RS03040	5890.09454784416	0.14	0.182830835102891	0.79013429614582	0.429449342523524	0.727890198887342
SACI_RS03045	1107.04898197947	0.02	0.102658559477949	0.230974224645185	0.817334826397329	0.934286090168033
SACI_RS03050	1153.02458556592	0.04	0.129994028004849	0.27522879818037	0.783140463268978	0.922888028091733
SACI_RS03055	650.144972417534	0.15	0.151276604392157	0.983349452684995	0.325435478887149	0.644627591272866
speE	2913.76009357455	0.09	0.185796483179303	0.498896922968946	0.617852001877384	0.844830246393207
SACI_RS03065	8.84370771473905	-0.87	0.861136566223617	-1.00925846696176	0.31285069318926	NA
SACI_RS03070	15.6196541661539	-0.85	0.598898525107279	-1.424800786723	0.154214794855482	0.457010520485629
ahcY	1793.14590250045	0.40	0.114471976124076	3.5147112447276	0.000440232384089149	0.0175950943189179
SACI_RS03080	150.704596581369	0.20	0.23155000341539	0.875513927434927	0.381294335526557	0.691909154427802
SACI_RS03085	29.6681121115711	0.65	0.424988260612866	1.51957486848328	0.128617858159944	0.414375001308907
SACI_RS03090	16.9148037270376	-0.82	0.651133094552064	-1.26029786668398	0.207561929285339	0.526023713393452
SACI_RS03095	128.79371979623	-0.34	0.232882844323217	-1.45990096040134	0.144317295257567	0.442049762235168
SACI_RS03100	746.606528328166	-0.02	0.129008991879246	-0.121827461841997	0.903035664536748	0.966699969008544
SACI_RS03105	1075.8969272603	-0.13	0.140443106182523	-0.928247784766667	0.353279052494604	0.673922626698713
SACI_RS03110	204.390605280522	0.25	0.193034989994522	1.31097703684449	0.189865521840386	0.504252063559488
hflX	772.424962212432	0.18	0.118838358627266	1.54291979188419	0.1228502380528	0.407919228136127
SACI_RS03120	1161.4891390984	-0.15	0.126465154141341	-1.18480588778473	0.2360942041369	0.558725261549341
SACI_RS03125	3469.04000109972	-0.00	0.144346064964529	-0.0221155309113233	0.9823557976305	0.996174899965712
SACI_RS03130	301.274355364549	-0.18	0.157480246942786	-1.15451513941058	0.248289035360754	0.574820094381306
SACI_RS03135	1040.26836442097	0.04	0.0987481679060713	0.446146038452657	0.655491758892869	0.865374842054625
tgtA	2272.34791737482	0.12	0.0926170808049269	1.32284340419047	0.185887459641578	0.50014020085975
SACI_RS03145	1311.23423810522	-0.15	0.12097906131475	-1.21009562508001	0.22624220172546	0.550174853656222
SACI_RS03150	297.202194360849	0.09	0.154732241248456	0.577835083222034	0.563375466658265	0.81256629265442
psmB	3231.94021661086	0.04	0.0963945361409861	0.454143329948537	0.649725668214638	0.86281897418857
hisS	1592.01206247023	0.24	0.105439545484346	2.32259423905156	0.0202009604989116	0.16685993372101
SACI_RS03165	89.3868499640074	0.10	0.26425593301419	0.383372083977369	0.701443898848173	0.889342952863947
SACI_RS03170	284.528749286877	0.88	0.244228807491659	3.60897722359694	0.000307406594984575	0.0147745587622715
SACI_RS03175	47108.6426643351	0.46	0.181420625910927	2.52688889086726	0.0115077903235927	0.127254274092179
SACI_RS03180	406.804268932271	0.42	0.182576846252072	2.29576860360203	0.0216891154985737	0.17186986463691
SACI_RS03190	699.380815536485	-0.01	0.167855107482044	-0.0472265590741372	0.962332660053727	0.987848416763734
SACI_RS03195	1409.90305039681	0.23	0.175905002724805	1.33408199807471	0.182176984883558	0.494451882301706
fbp	6305.69297574985	0.01	0.113107523965794	0.0471050100437402	0.962429534334645	0.987848416763734
SACI_RS03205	2490.89033371751	0.26	0.0861946640160349	3.01965389261266	0.00253063692438142	0.0499347736640072
SACI_RS03210	3.98150064826135	-0.65	1.21042782623851	-0.538765367068891	0.590048763428417	NA
SACI_RS03215	278.679072528733	-0.39	0.219067962016705	-1.78299733858895	0.0745867365594119	0.31596236867779
SACI_RS12185	1.83673551066513	3.12	2.05059279477976	1.521018167786	0.128255278223649	NA
SACI_RS12190	2.12114053390065	-0.33	1.62359166708854	-0.204380544356749	0.838056132657446	NA
SACI_RS12195	21.6407340682924	-0.54	0.448050290296385	-1.21326337391438	0.225029141320054	0.549485404900543
SACI_RS03230	399.222457099999	-0.25	0.150552838310324	-1.67387998510096	0.0941541885056568	0.358944737103104
SACI_RS03235	126.196862208816	-0.01	0.21152393023658	-0.0616828786774984	0.95081537483923	0.985412170159604
SACI_RS03240	3.22270687414078	1.46	1.49508584658035	0.973593194005474	0.33025856698943	NA
SACI_RS11570	6.69771879168173	0.72	0.904047780500849	0.797334722011876	0.425256659851226	NA
SACI_RS03245	41.1443003914415	-0.44	0.389418797483128	-1.12335369360929	0.261287308145364	0.583993584151057
rpsJ	2032.552043356	-0.04	0.138814277751233	-0.267963062433263	0.788727751172029	0.924675700190171
tuf	40011.1589365784	0.24	0.147463515732141	1.6241958388512	0.104334018688349	0.374821494774274
SACI_RS03260	5183.39405382188	0.27	0.085183190619055	3.12288215789167	0.0017908943741109	0.0414751052247366
SACI_RS03265	1199.06818574626	-0.01	0.141530652605715	-0.0527398136428882	0.957939216451698	0.98782355417263
SACI_RS03270	2913.0810597926	0.18	0.109075456286495	1.60465412384204	0.108569943205449	0.381132523522037
SACI_RS03275	2335.76570364485	0.30	0.123417453193516	2.42012813205667	0.0155150390895435	0.148211862719153
SACI_RS03280	760.507299553132	0.21	0.171083730396645	1.20442712844594	0.228424531876555	0.552529313276514
rpoA2	3252.88402021958	0.59	0.203854467016134	2.89855121213874	0.00374891079236333	0.0676800774484117
rpoA1	10174.8012219154	0.12	0.153481012788775	0.810747629619702	0.417510614864743	0.717791062151897
SACI_RS03295	14630.890269968	0.13	0.105387756020208	1.27339062040146	0.202879464078353	0.52150965973668
SACI_RS03300	748.596106258725	-0.06	0.149434973614077	-0.394428157112653	0.693264958875	0.884679405339449
infB	2826.47890006158	0.31	0.0949028640423443	3.25466334240362	0.00113526854614308	0.030914235794973
ndk	1457.97816845385	0.15	0.142570065184234	1.03336473742524	0.301433242040038	0.619327630909222
SACI_RS03315	117.724852885971	-0.16	0.21154911193114	-0.777233883389706	0.43702079485824	0.734071068240032
SACI_RS03320	1088.71158094622	0.34	0.18311981407918	1.83786404274401	0.066082441740191	0.296262268836838
upp	708.963156284661	-0.07	0.131195186067598	-0.537863526705127	0.590671270460951	0.825075201917834
gatB	928.787741405221	0.38	0.219091624894912	1.73775952886651	0.0822531945856019	0.332501494589105
SACI_RS03335	642.577277974149	0.25	0.152305929640593	1.63283231746159	0.102504268109566	0.372686462877208
SACI_RS03340	187.83356234966	-0.17	0.198523038375102	-0.871683847697348	0.383380874326554	0.691909154427802
SACI_RS03345	33389.2951229359	0.15	0.144809107414563	1.00205193552415	0.316318510014378	0.635715545673665
SACI_RS03350	254.762581161221	-0.01	0.190661026560525	-0.0519973270394306	0.958530823248076	0.98782355417263
SACI_RS03355	3.79859952441821	0.53	1.4005621456362	0.376649279081899	0.706434260785688	NA
purB	1314.92498043294	0.12	0.0967236576009998	1.2811239478959	0.200150133497406	0.518257085482311
SACI_RS03365	851.174916448756	0.08	0.13749336237728	0.592206714487742	0.553712173727822	0.81256629265442
SACI_RS03370	780.438555057147	0.13	0.115352311934041	1.10068815002764	0.271032405404892	0.59199967649232
SACI_RS03375	1091.58425381084	0.31	0.184795565903627	1.69295085606803	0.0904648219101067	0.351009719660287
SACI_RS03380	858.772488516763	0.66	0.228590997278091	2.88094984308866	0.0039647872827237	0.0691883301872487
SACI_RS03385	1093.35112971083	-0.20	0.102231367193998	-1.98771980505513	0.0468426872930234	0.252339519808939
SACI_RS03390	910.507664999311	-0.46	0.19869381102662	-2.33926370297935	0.0193217899919998	0.162303035932798
ilvA	800.421344337831	0.02	0.137982051867375	0.174775188046801	0.86125628530266	0.950765545460024
SACI_RS03400	387.125265060519	-0.14	0.144585338083757	-0.959321757580438	0.337396677794394	0.655302675370834
radA	5556.62351367654	0.17	0.113439618548663	1.51318669763454	0.130232242212729	0.416407091875021
SACI_RS03410	38.590514770377	0.69	0.3819151702853	1.81214011625455	0.0699645491728457	0.30469622645046
SACI_RS03415	150.818345092137	0.13	0.287276452687274	0.440043508010945	0.659905596085961	0.866585091203504
cyaB	162.101026414252	-0.25	0.200077691927597	-1.25273889258247	0.210300746863291	0.529598832039874
SACI_RS03425	585.876575273401	-0.01	0.116485447234729	-0.0443801280950236	0.96460140152275	0.988609010081507
SACI_RS03430	493.131662139837	-0.06	0.12885794255906	-0.46900843748842	0.639063605030609	0.856065495105595
SACI_RS03435	134.037789501417	-0.40	0.191587494909762	-2.09053813150265	0.036569486771545	0.223801409327736
SACI_RS03440	583.778631381949	0.01	0.140958028276709	0.0355178381580316	0.971666822555841	0.990452647590857
SACI_RS03445	34.0437184274525	-0.90	0.370870830132443	-2.42628349683416	0.01525434896724	0.146512700545817
SACI_RS03450	552.278216220597	-0.18	0.221220732190746	-0.829590803513383	0.406770178119748	0.710992163636109
SACI_RS11915	11.7335378943329	-1.24	0.631398171738769	-1.96901380427602	0.0489515059097231	NA
SACI_RS03455	218.057002210682	0.06	0.168838200614531	0.360046654929814	0.718812244310926	0.896435199497974
SACI_RS03460	3.00851045821799	1.67	1.49389352266409	1.11576530962435	0.264522606567218	NA
SACI_RS03465	74.8111347372924	0.14	0.321357067371517	0.443079418499625	0.65770829143393	0.865994232823208
SACI_RS03470	966.349069240103	0.02	0.127641643187431	0.174633665551723	0.861367493768262	0.950765545460024
SACI_RS03475	426.502804245036	0.12	0.21346146289451	0.576942205791085	0.563978497967538	0.81256629265442
SACI_RS03480	585.515116665084	-0.04	0.195972585809035	-0.191206821205712	0.848363559662818	0.947383912052485
rnpB	26561.6635329297	0.11	0.196626177372521	0.573830796221255	0.566082306788439	0.81256629265442
SACI_RS03485	179.35808821062	0.19	0.181522927344676	1.06351062296331	0.287550450336378	0.605024150618869
SACI_RS03490	918.128151305775	0.13	0.154776655455807	0.835551558691908	0.403407230059487	0.707461511739142
SACI_RS03495	1088.68261018929	0.05	0.191914858183025	0.24195006311397	0.808818857541812	0.931777372844543
SACI_RS03500	35.7687200468163	-0.04	0.349801339638492	-0.106701842872206	0.915025520555045	0.971610649787942
SACI_RS03505	85.0063990086531	0.30	0.228704791501951	1.30130881489597	0.193152771170756	0.507030784824555
SACI_RS03510	22.5464281035351	0.57	0.516224166168655	1.10584669206914	0.268792881330563	0.5912380203548
SACI_RS11815	1.73087321553817	0.09	1.78124813683611	0.0518235981029249	0.958669252246358	NA
SACI_RS03515	66.9807003241277	0.28	0.27189050046545	1.01430929847532	0.310435188501346	0.630375705282762
SACI_RS03520	95.2405146024706	0.40	0.230586874492199	1.75620753700944	0.0790529782360381	0.325945557518972
SACI_RS03525	173.496604989115	0.34	0.183708910678387	1.85037281421331	0.0642598344995537	0.294881240536841
SACI_RS03530	67.3969420326998	0.17	0.25006583637975	0.673864425873706	0.500397510638159	0.784800652760353
SACI_RS03535	52.6407415406711	0.35	0.296359680497356	1.1826495648144	0.236948060325002	0.559197422367006
SACI_RS03540	10.4396202257287	-1.37	0.672209733572441	-2.03761522480998	0.0415884282418767	NA
SACI_RS03545	48.4566247840158	-0.67	0.340326934076252	-1.95654003917703	0.0504015705930258	0.262179864061324
SACI_RS03550	216.791648513737	-0.59	0.204168223291123	-2.87713136016613	0.00401308499355301	0.0695414308673033
SACI_RS03555	337.430414703138	-0.61	0.16278845548447	-3.74361092016778	0.000181394470804084	0.0104533836895935
SACI_RS03560	231.608716140234	0.10	0.164955898262179	0.622117125586033	0.533864854800961	0.804204930210809
SACI_RS03565	132.132068515195	0.12	0.207802812534011	0.57522552312991	0.565138783355567	0.81256629265442
hxlB	1081.38004421512	-0.29	0.128824098719893	-2.23983926694702	0.0251013596257658	0.184251000135096
SACI_RS03575	598.364821158243	0.37	0.170562800452732	2.19128909636039	0.0284308786035398	0.194768498801
SACI_RS03580	192.688761078465	-0.29	0.168550874131793	-1.72835472495209	0.0839246473079436	0.336081046625555
argC	1311.34302581134	0.36	0.111852363691573	3.240508663405	0.00119316646497695	0.0314538989384348
SACI_RS03590	1109.14523818888	0.37	0.128427632738632	2.86179418790287	0.00421250355909712	0.0698163514833854
SACI_RS03595	890.595531058775	0.13	0.128526593905662	1.03148695397717	0.302312522959851	0.619628148796121
SACI_RS03600	445.193798792259	0.08	0.566212320624878	0.134842573674256	0.892736344284222	0.963505136453622
lysX	6301.1421462233	0.58	0.350696012548223	1.64196766948022	0.100596704467343	0.370399158499371
SACI_RS03610	2700.90241316934	0.29	0.465740730426659	0.622743928489905	0.533452810487645	0.804073031866414
SACI_RS03615	851.475976917099	0.52	0.41532763811025	1.25899813301981	0.2080310062204	0.526023713393452
uppS	562.161589907331	-0.56	0.183870668045295	-3.05663474734317	0.0022383684775632	0.0470057380288272
SACI_RS03625	2050.93901024028	-0.16	0.143077647929235	-1.13170541580095	0.257758303871998	0.58051934653883
SACI_RS03630	123.086567138942	0.20	0.263409786140919	0.774866258552588	0.438418691869298	0.734283095039595
SACI_RS03635	25.4134525020389	0.45	0.502077396480609	0.895764954032179	0.370378311090945	0.686541010527158
SACI_RS03640	20.8240881447664	-0.46	0.48122373155431	-0.946094032867583	0.344100627032137	0.664877098725646
SACI_RS03645	437.612632629014	0.03	0.119846043374886	0.208616473272403	0.834747649707238	0.93937542051523
SACI_RS03650	6.06415800157315	0.43	1.21555320845612	0.357790716247948	0.72049993865574	NA
SACI_RS03655	3480.03215451136	0.05	0.118674897837461	0.395705362719674	0.692322398883723	0.884316961048384
SACI_RS03660	0.160298829906496	0.00	7.3561311249555	0	1	NA
SACI_RS03665	226.624651528622	0.18	0.16105890475612	1.14189372762802	0.253498196168698	0.58051934653883
SACI_RS03670	166.772777171196	0.28	0.209001194571238	1.32951512555705	0.183678078972835	0.49689331844398
SACI_RS03675	885.084523758086	0.10	0.13546398712763	0.736074114571459	0.461685594934703	0.755651852211489
aspS	3733.77115808842	0.10	0.0957643429477977	1.07033282559179	0.284469523974851	0.603276957688845
SACI_RS03685	249.068906033393	0.06	0.184266148566788	0.344953632540772	0.730129229407253	0.902824466302981
pth2	97.9802455041415	0.25	0.20718397999158	1.18639473598559	0.235466449571289	0.558725261549341
SACI_RS11585	146.349936480387	-0.24	0.215138421506547	-1.12112824531179	0.262233277298129	0.584442390179235
SACI_RS03695	492.868379758886	0.22	0.155387402477447	1.41428773677038	0.157277436128025	0.459635153179074
SACI_RS03700	15798.1277763352	0.23	0.103344206758961	2.2692310779185	0.0232542772943418	0.180639809201815
SACI_RS03705	335.070903192192	0.41	0.188133391534625	2.15502801557395	0.0311596419727638	0.204268764043674
fen	1206.67519292949	0.27	0.202947483891792	1.34661052289001	0.178105703291093	0.489297042965997
SACI_RS03715	169.700686651368	-0.40	0.204376943046561	-1.95568865714875	0.050501841741964	0.262179864061324
SACI_RS03720	438.631766919264	0.41	0.178494664943872	2.29420883885691	0.0217785058498748	0.17186986463691
hemB	1144.59969363862	0.29	0.11861703864635	2.45748078137221	0.0139915296806137	0.13924100621912
hemL	958.609702082991	0.26	0.171384701399782	1.54555034171689	0.122213202006859	0.407596654876174
hemC	517.559636529125	0.39	0.135502769233269	2.88808276196717	0.0038759787418952	0.068118264697988
SACI_RS03740	157.42721662323	0.43	0.191917816066215	2.26459057315297	0.0235378159429462	0.181138844430499
SACI_RS03745	310.60375736026	0.04	0.145092176850086	0.308245290390982	0.757895692336245	0.911647483597153
SACI_RS03750	1249.99282667567	0.24	0.0954962871266185	2.52632124143776	0.0115264030612398	0.127254274092179
SACI_RS12200	801.509710135752	0.01	0.115104094888174	0.1274505350411	0.898583821137481	0.965688127389732
SACI_RS12205	685.592858181007	0.25	0.126497471419714	1.94988952013473	0.051189288491979	0.264264701839842
SACI_RS03765	939.910963162195	-0.32	0.117666321861886	-2.69921465693175	0.00695033298809825	0.0925963717446637
SACI_RS03770	1276.08852137782	-0.09	0.114507276935396	-0.784770093682938	0.432588377504173	0.730213896086744
dcd	952.910148768257	-0.13	0.143217697008158	-0.920487187279094	0.357318225561294	0.67953535145118
SACI_RS03780	2099.1117966395	-0.29	0.116158753037991	-2.46232436232391	0.0138039764230198	0.138879305327213
SACI_RS03785	5990.51429137724	0.00	0.117230396487399	0.0134805021819796	0.989244441195201	0.997036505340924
SACI_RS03790	733.015952024791	0.03	0.117833827289195	0.291488572172692	0.770677682698439	0.916675164889002
SACI_RS03795	304.010305576553	-0.46	0.138075238675598	-3.3011458717914	0.000962908053762967	0.0282051978662318
SACI_RS03800	102.179062986244	-0.05	0.221326943495743	-0.23114466313021	0.817202418292958	0.934286090168033
SACI_RS03805	1542.6832054023	0.30	0.114942179235595	2.63754982368045	0.00835073572890912	0.102441203644737
SACI_RS03810	187.113231987484	0.01	0.214874782124325	0.0338653897445305	0.972984492330943	0.991387981906281
SACI_RS03815	1613.62368945661	0.15	0.134781304072144	1.13198386981606	0.257641215914014	0.58051934653883
SACI_RS03820	7752.12558579337	0.16	0.103964077326646	1.52374313299643	0.127572890113201	0.414319294496084
SACI_RS03825	1456.66575013143	0.23	0.141778462615228	1.63202389595038	0.102674452334385	0.372686462877208
SACI_RS03830	106.571847414375	-0.02	0.262256593922106	-0.073601896262269	0.941327162234764	0.982624674231691
SACI_RS03835	5381.2020841454	0.09	0.101848098007463	0.872701644218326	0.382825721277414	0.691909154427802
SACI_RS03840	624.665723960693	0.17	0.1232316114468	1.37233338133151	0.169959678397042	0.475474175508839
SACI_RS03845	1411.3305841447	0.06	0.145268776334668	0.411691626784521	0.680565462997164	0.874515749868017
SACI_RS03850	5451.05873174706	-0.30	0.128540546693616	-2.36337779183189	0.0181091982469115	0.158236163918387
SACI_RS03855	347.643655987782	-0.05	0.144087610946794	-0.365341802104553	0.714856278170139	0.894201846191622
glmM	3541.13075486119	0.15	0.126818584523129	1.20746340309341	0.227253730854389	0.551463917754393
SACI_RS03865	355.672081656607	-0.03	0.160535076957282	-0.214213967182032	0.830380204645894	0.93839930622254
SACI_RS11590	1.68304384737946	2.58	2.23461554525401	1.15677752816627	0.247363265197395	NA
SACI_RS03870	14.9336456671394	-0.63	0.538788673419378	-1.16360723819197	0.244583216752921	0.570694172423482
SACI_RS03875	298.896126755541	0.32	0.153446749654064	2.07357687948141	0.0381186243012134	0.228510267650812
SACI_RS03880	1103.13697138166	0.09	0.155911820430619	0.548110080622749	0.583616319220611	0.819841972238478
SACI_RS03885	590.394814703148	-0.22	0.118624596819857	-1.8598421810848	0.0629078575832129	0.29301817874286
SACI_RS03890	2133.88565362331	0.11	0.144742832249898	0.767768807616898	0.442624549069145	0.738238756768843
SACI_RS03895	1355.29951404407	0.10	0.0900470409738446	1.06522649946091	0.286773444584535	0.604272615374555
SACI_RS03900	354.17750222811	-0.28	0.14742588681196	-1.92353440628295	0.0544129698074313	0.274055567444745
SACI_RS03905	406.206256869753	0.25	0.166894313578841	1.4697687148275	0.141624405012007	0.435956864123916
SACI_RS03910	1537.95523282415	0.09	0.137087524918106	0.647373954846571	0.517389948198332	0.792883297239002
SACI_RS03915	309.956994303501	0.17	0.272511469466881	0.620867418665335	0.534686859921682	0.804936164858644
SACI_RS03920	515.267813403754	0.29	0.270292663086132	1.08426196901564	0.278248662495297	0.598403833116713
ribH	526.863247512961	0.43	0.294350210429505	1.46313294496432	0.143431004661259	0.440423828439405
ribC	544.935545568716	0.30	0.29030166763838	1.02093283537673	0.307286261070133	0.627889604314862
SACI_RS03935	821.917697698444	0.34	0.272189351015579	1.2385866279703	0.215498622701739	0.537379968882362
SACI_RS03940	81.5230300798127	0.13	0.231028243416472	0.565645318887439	0.571634913870295	0.815962739960018
SACI_RS03945	2490.91132330672	-0.07	0.0838679077704784	-0.848115838522481	0.396373461735013	0.700349913222602
SACI_RS03950	240.546913812584	0.15	0.189231530397652	0.791458346841793	0.428676573472137	0.727778626416775
pcn	940.734113922794	-0.12	0.136415265132871	-0.866846130274926	0.386026322786629	0.692719034336948
SACI_RS03960	1800.69550262159	0.28	0.132690854480392	2.07871056715141	0.0376439611360297	0.226962860571974
SACI_RS03965	1896.73828308386	0.30	0.119133232296078	2.52546391093357	0.0115545648388782	0.127254274092179
SACI_RS03970	2982.90383850942	0.17	0.115295128530276	1.43626465015464	0.150927048848471	0.452530363279873
SACI_RS03975	220.603223286958	0.29	0.230481873378871	1.24508592053786	0.213100168923273	0.533055005738268
SACI_RS03980	1834.65003671732	0.03	0.132665780529514	0.246210355043278	0.805519400085217	0.929705204197097
SACI_RS03985	2924.50137447927	0.12	0.104353928919451	1.14941224927685	0.250386031472521	0.576097108624798
SACI_RS03990	265.454527552697	0.17	0.140843100824722	1.22717597196325	0.21975645838126	0.542927720706643
SACI_RS03995	676.737703431835	0.16	0.104751313613479	1.5340631404958	0.125014120127317	0.409867161764835
SACI_RS04000	44.3474529882	0.05	0.331683603504543	0.137460128662021	0.890667106243516	0.962755121373244
SACI_RS04005	164.142829492746	0.03	0.188078008450006	0.160605924583474	0.8724037883368	0.954023207192671
SACI_RS04010	2850.53235296095	0.24	0.10388396046844	2.34210014164647	0.019175569051076	0.162303035932798
SACI_RS04015	8157.48064640281	0.16	0.100153993180001	1.58213788930083	0.113618095639126	0.389406895980253
SACI_RS04025	2369.29934316924	0.28	0.0994180783013107	2.85938036351254	0.00424469492454766	0.0698163514833854
SACI_RS04030	2130.85766241235	-0.06	0.154417710859622	-0.415922642406373	0.677466610375824	0.874350817011072
SACI_RS04035	213.661975420106	0.16	0.188964634217961	0.867309977588936	0.385772191273114	0.692719034336948
SACI_RS04040	189.155560483049	-0.28	0.212625033687578	-1.34018564408465	0.180184997666784	0.491197386378757
SACI_RS04045	486.383881349921	-0.03	0.169072852699656	-0.193241364834794	0.84676994475416	0.947311929165151
SACI_RS04050	781.224074991661	-0.17	0.156064306516852	-1.06775159420837	0.285632578352965	0.60399820280909
SACI_RS04055	2736.43704389008	-0.04	0.101546497233437	-0.410978946041247	0.681087972842073	0.874515749868017
SACI_RS04060	111.813878601419	-0.46	0.245938948405504	-1.88767536350037	0.0590695457410258	0.284222008439344
SACI_RS04065	583.174137326956	-0.27	0.140451838393397	-1.90466099601511	0.0568241521944554	0.28083445188397
SACI_RS04070	110.871909142458	0.30	0.206615865765312	1.43690471952708	0.150745068728155	0.452530363279873
SACI_RS04075	298.546866745088	0.34	0.140779276012004	2.41480950474115	0.0157434410676879	0.148211862719153
kae1	960.132039235713	-0.03	0.131193350211979	-0.260801083790487	0.794245908619171	0.926047345185469
SACI_RS11595	94.5687288521396	0.04	0.287392635345359	0.123938089669257	0.901364294238326	0.96602269973101
SACI_RS04085	298.143546159292	-0.23	0.215862931069608	-1.05885998478976	0.289663550388448	0.60675086886101
SACI_RS04090	4221.31400852114	-0.08	0.174613689157247	-0.446848745828561	0.654984272841805	0.86516579323134
SACI_RS11600	16.374862286107	-0.22	0.66019748429397	-0.331783096662752	0.740053048897	0.908235773308498
SACI_RS04095	251.422241360815	-0.58	0.173590351107195	-3.36130522600971	0.000775750479398686	0.0249429562255202
SACI_RS04100	756.962475609338	-0.33	0.208358333341538	-1.57092880142436	0.116199187719075	0.395524158197622
endA	386.846484264724	-0.01	0.135794920306296	-0.0650124739497619	0.94816406849139	0.985278860463365
SACI_RS04110	1190.78417120927	-0.06	0.101780758612715	-0.569192923380914	0.569225222571709	0.814535096422045
SACI_RS04115	1005.08986132817	-0.03	0.121400160262971	-0.221028981426933	0.825069867073676	0.936995018610709
SACI_RS04120	1188.71521830974	0.21	0.111879373078639	1.90545106534917	0.0567214626626441	0.28083445188397
glyS	2466.21762095028	0.20	0.11861372957891	1.66883627321985	0.0951498318691777	0.360471812314948
speB	1937.85908064917	-0.08	0.132355964583968	-0.580755757812162	0.561405076776488	0.81256629265442
SACI_RS11605	353.409119752145	-0.27	0.213268190655041	-1.26876334520467	0.20452548207035	0.522484372632931
yciH	1815.05862024958	0.08	0.097962102376684	0.826074562872406	0.408761796229328	0.711254588234561
SACI_RS04140	4306.03750172196	0.11	0.122253197702057	0.874954814594706	0.381598492021775	0.691909154427802
SACI_RS04145	408.691337940928	0.32	0.175916888370731	1.79418677226832	0.0727833627294684	0.312061628120363
SACI_RS04150	17.3925599521745	0.13	0.565671120874536	0.224175101125515	0.822621056876583	0.93634465816668
SACI_RS04155	420.787861924394	-0.11	0.137317081171745	-0.812906736413727	0.416271531965646	0.716898335162699
SACI_RS04160	700.180958479501	-0.16	0.124232994636068	-1.27277754709551	0.203096990784369	0.521527816749912
SACI_RS04165	636.649604373349	0.35	0.123030724664085	2.86304431044643	0.00419591880248529	0.0698163514833854
cadA	9162.38821006358	0.81	0.22218987689529	3.62833285476565	0.00028525733778811	0.0144258710824273
SACI_RS11610	868.000942152355	1.00	0.304131590260269	3.2964627562806	0.000979105953718558	0.0282119134106347
SACI_RS04175	89.0459735173706	0.44	0.276278722954647	1.60919640999985	0.107573401167765	0.381132523522037
SACI_RS04180	161.03976735474	-0.04	0.23666226334856	-0.166908687329669	0.867441897539005	0.951876505292011
SACI_RS04185	1085.48780812282	0.16	0.129135346141606	1.22193848422578	0.221730890771745	0.54671556948496
SACI_RS04190	330.126488004953	-0.01	0.16093328338507	-0.0892483866642916	0.928884511775506	0.976766591469349
SACI_RS04195	56.6561017266453	-0.50	0.266943474401749	-1.88195671061647	0.059841893509232	0.284620319002523
SACI_RS04200	278.786480371649	0.11	0.164944437723317	0.687057680221359	0.492046381170863	0.778602128059641
SACI_RS04205	1271.97114463809	0.04	0.135644739237738	0.323546085717757	0.746281711320193	0.908837705921345
SACI_RS04210	6831.61621884016	-0.18	0.138097876575824	-1.29333925784197	0.195893748487919	0.509611938954002
SACI_RS04215	221.092706082665	0.25	0.258537879528145	0.978940678721108	0.327609291162764	0.646865198009027
SACI_RS04220	1046.77976768692	0.13	0.093951378171348	1.35639791187644	0.174972597304454	0.482438876483661
SACI_RS04225	1417.29410298952	0.10	0.152931788423768	0.648413334512154	0.51671764806177	0.792867894116372
SACI_RS04230	3585.13427967394	-0.04	0.118332218122728	-0.336169219876003	0.736743262548485	0.907094205195883
SACI_RS04235	381.334407335878	0.11	0.141683106592332	0.753615866952672	0.451079913958385	0.74667737260446
SACI_RS04240	164.413145035193	0.05	0.182601705747591	0.256231700900535	0.797771931713709	0.927241485359554
SACI_RS04245	22.4532923230355	-0.61	0.538292332882486	-1.1348180368742	0.256451567313963	0.58051934653883
SACI_RS04250	13.4058022378595	-0.57	0.662351393132678	-0.863370934618524	0.387933554671164	NA
SACI_RS04255	378.905628283236	-0.40	0.161681354596723	-2.46298837205729	0.0137784384276669	0.138879305327213
SACI_RS04260	230.760012742824	-0.33	0.170576549645877	-1.95910825302908	0.050100110492913	0.262179864061324
tmk	488.779588197258	0.21	0.129009845028	1.60272768486614	0.108994788512592	0.381132523522037
SACI_RS04270	552.624395796394	0.19	0.152711483222793	1.26701250202973	0.205150819628304	0.522862879627488
SACI_RS04275	679.333509189407	-0.07	0.107764691796057	-0.694197209125414	0.487558542605979	0.775960223877724
SACI_RS04280	54.8499732998377	0.12	0.287822368043678	0.413544139693598	0.679207990087538	0.874350817011072
SACI_RS04285	195.258788500625	0.32	0.173790455573433	1.86842407277785	0.0617029842411363	0.289557069232622
SACI_RS04290	408.29135272533	-0.48	0.156021965742496	-3.06445609551206	0.00218066179086429	0.0465834475669114
SACI_RS04295	715.439417333564	-0.31	0.134870921030347	-2.30889619807618	0.0209493420203919	0.170700104933814
SACI_RS04300	3906.93996459531	0.24	0.103686311415697	2.31575391668877	0.0205717086968938	0.168239914689448
SACI_RS04305	366.188914622797	-0.11	0.159282070504673	-0.709847477095077	0.477798723891714	0.766829817230354
SACI_RS04310	117.166298304875	0.04	0.199324125732248	0.209125559004315	0.834350222607356	0.93937542051523
SACI_RS04315	1295.30531008031	0.55	0.15375684056508	3.58359184446657	0.000338901521519594	0.0154226681404902
SACI_RS04320	104.500473492812	0.50	0.234143155341726	2.15553117854264	0.0311202915103489	0.204268764043674
moaC	516.721156220911	0.30	0.133732833061385	2.21852717549372	0.0265189087789772	0.187753874155159
SACI_RS04330	1690.33176878791	0.42	0.0939451271814232	4.43875008734241	9.04828055259355e-06	0.0013795421712451
SACI_RS04335	1776.07328552983	0.26	0.0933886931913506	2.78525338306932	0.00534859090797797	0.0803261107270874
SACI_RS04340	845.8306503778	-0.05	0.161365379767275	-0.298543495032094	0.76528838448395	0.914802034129874
SACI_RS04350	1751.50622987363	-0.06	0.111568756920436	-0.52171315410953	0.601870064609573	0.8348375637686
SACI_RS04355	1321.3810264609	-0.00	0.12748106776946	-0.0145436923692845	0.988396221472838	0.997036505340924
SACI_RS04360	405.138023990992	-0.27	0.116347980834218	-2.33425905780127	0.0195821611707669	0.163696688698356
SACI_RS04365	389.727563107413	-0.30	0.141661122413673	-2.10497674214461	0.035293332644698	0.221971772318684
cobA	230.451409868414	-0.23	0.177441623606239	-1.29857902237585	0.194088440984442	0.507030784824555
SACI_RS11615	100.626276491252	-0.08	0.257899399069481	-0.301251457153032	0.763222754021882	0.913228916869724
SACI_RS04375	2993.32355292496	-0.00	0.118835459254924	-0.0184366387236902	0.985290523929459	0.996957908655451
SACI_RS04380	2204.72356057298	0.15	0.120829154146419	1.24585720463871	0.212816823779543	0.533055005738268
SACI_RS04385	76.6209902741127	0.48	0.300003481448336	1.60850307762498	0.107725042705565	0.381132523522037
SACI_RS04390	984.083488966122	-0.14	0.132317567428097	-1.05650646608893	0.29073688826088	0.606871812303234
SACI_RS04395	2662.26754683809	0.27	0.0977606495192621	2.80533495096053	0.00502643163993453	0.077846860023486
SACI_RS04400	368.569341380759	-0.25	0.14611764695699	-1.68508656090886	0.0919718721219705	0.353523062008399
SACI_RS04405	8740.02115065288	0.38	0.192172921177505	1.98171904325804	0.0475106946367968	0.253732550244236
mce	171.780301020527	0.18	0.196030391322843	0.937909280457756	0.348291033480009	0.667490472516212
SACI_RS04415	997.674721252845	-0.00	0.134914602150733	-0.0219264313856665	0.982506640644149	0.996174899965712
SACI_RS04420	361.541399196534	0.19	0.133682214921372	1.41362919731783	0.157470803879575	0.459635153179074
SACI_RS04425	394.582683095987	-0.09	0.11962938859403	-0.748823986428961	0.453963300452736	0.74894877398261
SACI_RS12040	3.7060426202064	0.70	1.03469451289033	0.680964012528986	0.495894261965681	NA
SACI_RS04430	483.024912553501	0.08	0.131199202054035	0.593374949386027	0.552930249860084	0.81256629265442
SACI_RS04435	7075.72932357955	0.22	0.107077964379485	2.03374992543611	0.0419768156231614	0.237680952833083
SACI_RS04440	1082.51816503793	0.00	0.108529664290281	0.0254063242826193	0.979730866689401	0.995491565250257
trxB	4376.62143590493	0.12	0.115104522393892	1.05622011574289	0.290867662568376	0.606871812303234
SACI_RS04450	640.292982600791	0.01	0.12306648037199	0.0478710232326338	0.961819033015342	0.987848416763734
SACI_RS04455	68.7527315887587	-0.24	0.279062524421994	-0.863721763892485	0.387740754898401	0.693734000460822
SACI_RS04460	204.748038504191	-0.06	0.191420216574604	-0.327497241507249	0.743291828996195	0.908469344867625
SACI_RS04465	135.178757547525	-0.03	0.208622240548543	-0.14547489755234	0.884335933751755	0.959810244402992
SACI_RS04470	210.947894575699	-0.19	0.166860679908015	-1.1609939408257	0.245644363541912	0.572630981050665
SACI_RS04475	163.077723262995	0.20	0.202920589273179	0.98859874177909	0.322859502061485	0.640549116179632
SACI_RS04480	46.1944018139595	0.09	0.311578942638582	0.286461678301016	0.774524540438741	0.917940367379195
SACI_RS04485	152.991496260335	-0.36	0.193971157095389	-1.84189362740158	0.0654907109505779	0.296262268836838
SACI_RS04490	6383.25543089629	-0.13	0.230900654664488	-0.549653305342211	0.582557189849771	0.819135555862031
SACI_RS04495	237.635218930663	-0.01	0.201658056088349	-0.0252895333295112	0.979824022455762	0.995491565250257
SACI_RS04500	1486.13246473634	-0.21	0.187123980959483	-1.13222671767667	0.25753913021885	0.58051934653883
SACI_RS04505	1953.08551160033	-0.01	0.14334479052136	-0.0731948368247763	0.941651074986002	0.982624674231691
SACI_RS04510	681.602678293249	0.10	0.150939355780636	0.655283714104953	0.51228510432878	0.789859787759282
SACI_RS04515	357.031584931744	0.13	0.140407644608675	0.909708114924436	0.362976463434931	0.683322188722262
SACI_RS04520	307.058812887026	0.16	0.136528243437751	1.1907439040216	0.233754136672322	0.558725261549341
SACI_RS11620	368.424032284232	-0.03	0.218621257172139	-0.120316833174037	0.904232170032798	0.967064012663476
panB	224.488874821575	-0.03	0.242624296047867	-0.107947617687453	0.914037244327251	0.971610649787942
SACI_RS04530	800.38737477091	0.06	0.133866023308405	0.450748018783471	0.652171169513087	0.864213988263866
SACI_RS04535	198.346809915335	0.32	0.174411118811554	1.8125253188691	0.0699050654214593	0.30469622645046
SACI_RS04540	186.229466184456	0.53	0.254632306992551	2.07025744284596	0.0384282425729361	0.228906694941672
SACI_RS04545	520.524811070523	0.44	0.130561175039551	3.340840411523	0.000835252183616505	0.0255525297654531
SACI_RS04555	201.657263106118	0.40	0.162988305125969	2.48088038098162	0.0131058345977266	0.135537712096611
ppa	2471.97530119623	-0.05	0.133466714742634	-0.389281829733125	0.697067676119081	0.888089306644258
SACI_RS04565	458.927906371247	-0.04	0.121346896981297	-0.36806243587191	0.712826679621403	0.893025352047736
SACI_RS04570	638.926952277654	0.15	0.127188555676289	1.15353545264168	0.248690674638074	0.574820094381306
rnhB	214.072810043917	-0.13	0.157978487601866	-0.796389609729072	0.42580561553487	0.727185606681879
SACI_RS04580	801.661698351079	0.04	0.120063174878687	0.313029219344642	0.754258463076387	0.911647483597153
SACI_RS04585	382.36488092051	0.10	0.158634074339648	0.642193387403654	0.520747625977804	0.794531100090744
SACI_RS04590	809.893015256691	0.18	0.113108586759846	1.6008208321379	0.109416608170872	0.381132523522037
SACI_RS04595	1368.48596590821	0.22	0.151463710807645	1.4244166272077	0.154325903837594	0.457010520485629
SACI_RS04600	1150.78451678335	0.15	0.112786167935548	1.31443895015252	0.188698530088097	0.503246203404993
SACI_RS04605	610.777670362229	0.04	0.152142045093759	0.288250879016204	0.773154704880926	0.917565784815582
SACI_RS04610	475.225038844634	-0.01	0.163687005365242	-0.0401434755024998	0.96797874127955	0.989134565315763
SACI_RS04615	783.877688172905	0.03	0.130094838610997	0.242189556501387	0.808633286913497	0.931777372844543
SACI_RS04620	1317.94832431609	-0.22	0.0938340075190006	-2.30735459256052	0.0210350604071555	0.170700104933814
SACI_RS04625	311.307727950457	0.13	0.165123880576484	0.812839279751052	0.416310211581568	0.716898335162699
SACI_RS04630	1224.26304655187	-0.02	0.232574387206734	-0.0959077778019854	0.923593817266851	0.974085521139825
SACI_RS04635	524.154206227538	-0.32	0.183986978601555	-1.72414068942855	0.0846824481147631	0.336826816096923
SACI_RS04640	1019.98914761362	0.18	0.115779867531881	1.51412275638533	0.129994708010938	0.416184607817965
SACI_RS04645	715.425679165442	-0.03	0.122230741581033	-0.213416997623509	0.831001723703785	0.93839930622254
SACI_RS04650	1742.14909132288	-0.15	0.137430367402311	-1.0995016728361	0.271549304718856	0.59199967649232
SACI_RS04655	7109.63258432395	0.12	0.133197921723222	0.934510751177837	0.350040492772313	0.669290386643357
SACI_RS04660	19104.6007345396	0.13	0.121576019856894	1.05386135295085	0.291946399057667	0.607935442743613
SACI_RS04665	10055.3086566516	0.14	0.113292147587682	1.22803903911469	0.219432313341582	0.542927720706643
SACI_RS04670	5568.81611395183	0.37	0.119266034028145	3.12584123362718	0.00177297242645117	0.0414474120070377
SACI_RS04675	2251.97177958732	0.21	0.146492584847697	1.41388994388318	0.157394219011688	0.459635153179074
SACI_RS11825	9503.52053602866	0.36	0.141262358230158	2.58074201179394	0.00985882270576233	0.114695599365629
SACI_RS11830	10550.8977231522	0.33	0.13472026196759	2.4327944578402	0.014982803435347	0.145870283413178
SACI_RS04690	19461.3595243819	0.24	0.153192984571069	1.55043956048655	0.12103604951027	0.405535640135432
SACI_RS04695	268.58699754644	-0.02	0.153108765865989	-0.119372145823286	0.904980527893421	0.967446828351983
SACI_RS04700	73.0559180764465	-0.16	0.239826108664613	-0.648378811352188	0.51673997134703	0.792867894116372
SACI_RS04705	727.136774420121	0.17	0.132003105181615	1.30979675782938	0.190264600253479	0.504252063559488
SACI_RS04710	12247.5891527604	0.02	0.101835558193233	0.185781810032625	0.852615869685884	0.948712225002973
SACI_RS04715	317.787424011064	-0.23	0.2074059829777	-1.09231215307143	0.274695920363486	0.59605647168189
SACI_RS04720	95.8389440937155	-0.43	0.228490050455072	-1.90194009874822	0.05717898615097	0.28083445188397
SACI_RS04725	1136.81346818924	-0.37	0.111333926484751	-3.28260306333727	0.00102853380155728	0.0287619492590208
SACI_RS04730	749.676104928033	0.04	0.158539771890218	0.228471458540415	0.819279742167459	0.935133671621816
SACI_RS04735	2038.34222721275	0.07	0.090718798757014	0.781827646993887	0.434315870790374	0.731137722702818
SACI_RS04740	464.214559705316	0.23	0.142092202001532	1.58675319654565	0.112568552892714	0.387962272695613
SACI_RS04745	2120.0960436655	-0.09	0.105339199479923	-0.889262635441564	0.373861947424412	0.688283733817008
SACI_RS04750	1517.74557468097	0.05	0.114571316385008	0.441193900068668	0.659072628886694	0.866409535480758
SACI_RS04755	412.840102618124	0.16	0.17476748294997	0.909890331652942	0.362880349132997	0.683322188722262
SACI_RS04760	753.585842079258	0.16	0.19436462417969	0.81583013783516	0.41459729359056	0.715559006786371
SACI_RS04765	703.669957088629	0.06	0.114282084498306	0.499340924450178	0.617539229189559	0.844830246393207
prf1	5070.28181904657	0.09	0.0851266648890886	1.10726561767682	0.268179104954062	0.59089542129567
SACI_RS04775	23.2173623334846	-0.43	0.479379766136894	-0.894096136066866	0.371270456499721	0.687068180002477
SACI_RS11975	14.1218096010997	0.56	0.49438729472009	1.12420989185422	0.260923994012288	NA
SACI_RS04785	417.168184400014	0.18	0.1517349219425	1.19038389257406	0.233895540989028	0.558725261549341
SACI_RS04790	717.35778769189	-0.28	0.180871134185897	-1.54614853916603	0.12206869842376	0.407596654876174
SACI_RS04795	92.3055542857122	-0.26	0.337989523196836	-0.76763355686606	0.442704920322236	0.738238756768843
SACI_RS04800	488.248894884307	0.23	0.148540172164822	1.55827983735801	0.11916692641792	0.402310141231071
SACI_RS04805	1735.50034975455	0.19	0.102469061962918	1.84108505648894	0.0656090951897274	0.296262268836838
SACI_RS04810	891.207154856621	0.18	0.129202193070906	1.4103888414007	0.158424898453347	0.460366422005317
SACI_RS04815	2621.42252831696	0.32	0.130075861226423	2.4532651317816	0.014156595312826	0.139760503030239
SACI_RS04820	77.8738072137992	0.30	0.246495701744473	1.20697980646136	0.227439920881755	0.551463917754393
SACI_RS04825	286.123122370326	-0.08	0.171374796738811	-0.466516402271515	0.640845909793364	0.856997390430629
SACI_RS04830	518.759900230467	0.28	0.404325044751626	0.683565425570162	0.49424962330985	0.780593095323014
SACI_RS04835	489.583337025542	-0.16	0.123618018953231	-1.32440538708815	0.185368446432018	0.499285880715806
SACI_RS04840	514.930391348491	0.24	0.137321334470561	1.72336178205409	0.084823121624485	0.336845665681849
SACI_RS04845	1320.23357826703	-0.04	0.116977775552881	-0.373408769145381	0.708844233901382	0.891180117507673
SACI_RS04850	285.524221986356	0.03	0.150338514507983	0.171342560883497	0.863954416512622	0.950978117289502
SACI_RS04855	1153.04973610119	0.14	0.125940763078172	1.15027166556551	0.250031997166381	0.576097108624798
SACI_RS04860	1168.3655177297	0.04	0.12393153603214	0.307883454847922	0.758171015795308	0.911647483597153
SACI_RS04865	44.719064811246	-0.75	0.334456483103994	-2.23517425411504	0.0254059110313335	0.184504349030326
SACI_RS04870	1607.6934296633	0.13	0.125668551943016	1.06174625045235	0.288350896642811	0.605024150618869
SACI_RS04875	3122.29454044622	-0.08	0.165988155632975	-0.500352214679635	0.616827094141029	0.844830246393207
SACI_RS04880	511.200875714333	-0.03	0.194575598578631	-0.144192527099028	0.885348441791096	0.959990044503752
SACI_RS04885	407.418133838773	-0.06	0.138827872098224	-0.423885949893655	0.671648991273779	0.872176298865042
SACI_RS04890	864.117877077481	0.16	0.109614338349077	1.46246878679492	0.143612791686289	0.440436259651761
SACI_RS04895	534.923362281099	-0.01	0.138959252433637	-0.0956865014103898	0.923769562017187	0.974085521139825
SACI_RS04900	327.330842583412	-0.34	0.148244801986452	-2.32395525573786	0.0201278922826797	0.16685993372101
SACI_RS04905	1156.45124697043	0.06	0.128001323017292	0.437338571337396	0.661865826428725	0.867744264763333
SACI_RS04910	750.136328043206	0.11	0.159144595935935	0.663729594131515	0.50686339464164	0.789195690877713
SACI_RS04915	161.920447502099	0.06	0.163096050764779	0.34340473570517	0.73129399733371	0.903813728375528
SACI_RS04920	214.643175512852	0.05	0.161101518960236	0.325203810561522	0.745026824886215	0.908837705921345
SACI_RS04925	176.170485307631	-0.19	0.195404997444649	-0.990433006365626	0.321962519230143	0.640136162659612
SACI_RS04930	480.527647139787	-0.09	0.145759091552158	-0.601978090881696	0.547188721266057	0.809029624879051
SACI_RS04935	1541.4537087618	-0.03	0.138289108795471	-0.2204865677041	0.825492232413925	0.937045236794185
SACI_RS04940	2568.92842392494	0.34	0.203622316696263	1.65871541383429	0.0971731519059445	0.363284758536335
SACI_RS04945	3453.99813652505	0.10	0.176308024299636	0.558148302293565	0.576743119459905	0.816484390460237
SACI_RS04950	2271.1692252244	0.17	0.150871454820595	1.1249243598337	0.260621088406836	0.583395715512321
SACI_RS04955	3601.32063305034	0.08	0.130701847362999	0.646506130034783	0.517951628474507	0.793162305399121
SACI_RS04960	105931.735475912	0.18	0.148684803856564	1.18486305202798	0.236071598012252	0.558725261549341
SACI_RS04965	191.451514492909	-0.05	0.166114077979646	-0.327947451402126	0.74295139489253	0.908469344867625
SACI_RS04970	378.739760391076	0.01	0.142541127333186	0.0472443730045499	0.962318462441301	0.987848416763734
SACI_RS04975	2499.23269856917	0.12	0.103706902528956	1.11527800856904	0.264731306288647	0.586334433437564
SACI_RS04980	213.206832692294	0.43	0.160544614130111	2.65982595947381	0.00781810387170979	0.0987191993609468
SACI_RS04985	640.697248341222	0.08	0.121915225091766	0.696959887753749	0.485827897121608	0.774200340236234
SACI_RS04990	538.899986744172	0.06	0.283784060671771	0.213459206423023	0.830968804392518	0.93839930622254
SACI_RS12045	277.278968849512	-0.34	0.29156140255232	-1.15430905903157	0.24837348381021	0.574820094381306
SACI_RS04995	506.475808859525	-0.33	0.175592127892261	-1.86999892035413	0.061483967785859	0.289557069232622
SACI_RS05000	2189.37375653448	-0.47	0.175252334324088	-2.70234195033895	0.006885291023366	0.0925963717446637
SACI_RS05005	42.3525603443677	-1.04	0.451088041323005	-2.29844521609581	0.0215364625361723	0.171599209532588
SACI_RS05010	420.263293865188	0.46	0.164293353983515	2.8278966857559	0.0046854925095808	0.0739531875079058
SACI_RS05015	893.768722948464	0.51	0.120406574665345	4.20805129740132	2.57582400605099e-05	0.00255315675479774
SACI_RS05020	406.814411068902	0.30	0.189971460391876	1.57501319718426	0.115253398369562	0.393385566335779
SACI_RS05025	99.9296429261607	0.57	0.300573476193575	1.87986988744757	0.0601258127579692	0.284879089893399
SACI_RS05030	547.401274811746	0.32	0.127177182307204	2.49316738415594	0.012660914505251	0.134239894105268
SACI_RS05035	676.153749412331	-0.11	0.280576314079438	-0.378498780320947	0.705060099661522	0.890035113072466
SACI_RS05040	185.394352255111	-0.02	0.192892244347989	-0.104028329881977	0.917146866541323	0.971936738627815
SACI_RS11835	435.810202894341	-0.09	0.162606591558843	-0.52317308850991	0.600853807194103	0.834623921459257
SACI_RS05045	572.400779127606	-0.20	0.194969136379005	-1.0352122042601	0.300569820493626	0.618101257413448
SACI_RS05050	191.501506608031	-0.08	0.243568969640383	-0.322587557538039	0.747007618016668	0.908837705921345
SACI_RS05055	221.060729970067	-0.33	0.223583515770911	-1.48425360987849	0.137741652254819	0.428798761667641
SACI_RS05060	946.812266577154	-0.00	0.136941108725802	-0.0165039195764011	0.986832375144846	0.997036505340924
SACI_RS05065	553.956832697023	-0.30	0.309464493293287	-0.96356758834238	0.335262763126349	0.654032703684821
SACI_RS05070	238.509456154071	-0.36	0.178608050368608	-2.03665664911745	0.0416844616261886	0.237680952833083
crn1	455.169535940053	0.24	0.158007582157076	1.50068225261283	0.133437765514041	0.421761342548298
SACI_RS05080	491.242311625391	-0.06	0.137512318884906	-0.418698285919081	0.675436648551174	0.873930360310819
SACI_RS05085	519.041326776847	-0.11	0.159508927474597	-0.702024665170071	0.482663781568758	0.771639258533795
SACI_RS05090	382.292075673545	0.00	0.199979506307147	0.024667896675765	0.980319862025973	0.995587138565722
SACI_RS05095	142.714802787083	-0.15	0.241892624421399	-0.61519705986753	0.53842458923196	0.805199838332406
SACI_RS05100	44.4074034965712	-0.41	0.313246773159894	-1.32143158347603	0.186357500850961	0.500861048924816
SACI_RS05105	2002.53817679289	0.21	0.100077258458847	2.14711633082086	0.0317840214926502	0.206180118478501
SACI_RS05110	261.221534748065	0.16	0.142056433825419	1.15373535442176	0.248608684623031	0.574820094381306
SACI_RS05115	1065.84057676001	-0.20	0.101770524159609	-1.94638237505673	0.0516088251311401	0.265876650051903
SACI_RS05120	476.992258357537	-0.02	0.123615265138716	-0.175404605706376	0.860761721861001	0.950765545460024
SACI_RS05125	219.062356715077	-0.06	0.20038091236432	-0.286554054857883	0.774453798506286	0.917940367379195
SACI_RS05130	818.382094759495	0.46	0.224136260554813	2.06534107245834	0.0388907399439333	0.229553469996148
SACI_RS05135	1257.75906642225	-0.13	0.171054592539526	-0.730977327523046	0.464793001592809	0.756739197074232
SACI_RS05140	833.620995490337	-0.42	0.171973380716407	-2.4290806800052	0.0151371634541606	0.145952883421829
SACI_RS05145	377.993092681843	-0.01	0.16009943141374	-0.0619105387667059	0.950634074877198	0.985412170159604
SACI_RS05150	3127.88257884318	0.32	0.089641564430948	3.55587785108313	0.000376719087815806	0.0163773666597819
SACI_RS12050	3999.08941214143	-1.01	0.169096305115184	-5.97296772013045	2.32976011691179e-09	9.62190928284571e-07
SACI_RS05155	5575.69880624129	-0.06	0.115617511514456	-0.530129281142708	0.596022298662481	0.829743402295297
SACI_RS05160	353.103644632162	0.04	0.148327106797822	0.30256854261932	0.76221869071597	0.913228916869724
SACI_RS12215	24.7439701390856	0.06	0.492835153968877	0.131616654890532	0.895287511433963	0.964880639412242
SACI_RS12220	17.6966365217469	-0.32	0.576337403128595	-0.550459346667783	0.582004353148853	0.819135555862031
SACI_RS05170	759.580129302514	-0.20	0.147876990192766	-1.37200624103506	0.170061494958382	0.475474175508839
SACI_RS05175	204.179020947218	0.10	0.187108149823332	0.511518343427791	0.608988147205038	0.841636477509358
SACI_RS05180	506.682129090572	0.00	0.143749053394268	0.000755365240814042	0.999397305793901	0.999397305793901
SACI_RS05185	671.068432297171	0.12	0.113431725685181	1.07607676844033	0.281892924569079	0.601971601705098
SACI_RS05190	12.1141900605887	0.48	0.664270463969955	0.719948185995394	0.471556898166821	NA
SACI_RS11920	15.8348917463924	-0.48	0.565880912108106	-0.84443689637483	0.39842531187455	0.70170428061488
SACI_RS12135	8.25486934363426	-0.98	0.706431070306528	-1.39332215520132	0.163522393898129	NA
SACI_RS05195	514.665261195667	-0.12	0.210411748965526	-0.58324258160056	0.559730009600696	0.81256629265442
SACI_RS05200	35.5082451523457	0.07	0.35440549886975	0.189815973230998	0.849453338624609	0.947746678573517
SACI_RS05205	206.698680130237	0.16	0.181353478489823	0.891274883043031	0.372781719902329	0.687828072909882
SACI_RS05210	176.225354341923	-0.16	0.179687671037651	-0.914280893047889	0.360569267788469	0.682726671275989
SACI_RS05215	105.842923809672	-0.02	0.224585657289216	-0.0725331139460675	0.942177653742735	0.982624674231691
SACI_RS05220	426.029072793343	0.29	0.163261839442713	1.76004102749588	0.0784008505024843	0.324336072696421
uvsE	94.148932503739	-0.41	0.252451432436801	-1.60817084256752	0.107797767144454	0.381132523522037
SACI_RS05235	182.885408074523	0.12	0.220161513154169	0.535371869821517	0.592392737901863	0.826082838784928
SACI_RS05240	1941.94977112045	0.02	0.158247866066865	0.121353232275836	0.903411258266454	0.966699969008544
folK	113.988301465128	0.00	0.267943293410703	0.00593004765879912	0.995268534258934	0.998492076070299
SACI_RS05250	109.465414883574	-0.26	0.359286125567279	-0.717067148445594	0.473332664977652	0.763121889274314
SACI_RS05255	2893.14761223006	0.10	0.092966110753659	1.08033746294596	0.279991932950372	0.599671572904945
SACI_RS05260	1272.49669316304	0.10	0.174186007292418	0.549324344638169	0.582782883367538	0.819135555862031
SACI_RS05265	387.212059829801	-0.17	0.189532107728408	-0.921667572328656	0.356702000136347	0.678884451872403
SACI_RS05270	939.096634509571	0.27	0.197585115187553	1.39116486109031	0.164175440064265	0.468155052335153
SACI_RS05275	742.675672931331	0.56	0.190867801792698	2.95637561730844	0.00311277753361552	0.0593343286792251
SACI_RS05280	3356.330306679	0.30	0.131904221757958	2.24978827427814	0.0244623887132314	0.183690300701174
SACI_RS05285	5171.53312811805	0.51	0.120977596521135	4.21208791169521	2.53021027803871e-05	0.00255315675479774
SACI_RS05290	776.226061058344	0.16	0.102853060878198	1.53192709653754	0.125540426061142	0.409867161764835
SACI_RS05295	1069.48771972695	0.01	0.16244287401882	0.0479711573182481	0.961739229258986	0.987848416763734
SACI_RS05300	2115.90068944001	0.16	0.158155009618601	1.03233337397444	0.30191597180724	0.619327630909222
SACI_RS05305	1264.98942403654	0.40	0.176918336563342	2.27027954115422	0.0231906275670195	0.180639809201815
SACI_RS05310	5002.43533423415	0.20	0.17022913522924	1.19833695286937	0.230785866175726	0.55469192665708
SACI_RS05315	968.163072413531	0.25	0.123502308159313	1.98941027058527	0.0466559369285043	0.251881071261075
SACI_RS05320	738.220170212717	-0.10	0.138384505676026	-0.737533990604025	0.46079768056955	0.754697060443718
glpK	3188.018791764	0.34	0.16182504246835	2.10589023723102	0.0352138879056286	0.221971772318684
SACI_RS05330	724.463437987164	0.22	0.132823708276311	1.64847843089424	0.0992545332293169	0.367093631854101
SACI_RS05335	150.862005079599	0.19	0.174497169751806	1.10088755457355	0.270945599265021	0.59199967649232
SACI_RS05340	313.615109431838	0.49	0.180052254477825	2.71870235050062	0.00655385548515655	0.0897262645978891
SACI_RS05345	1298.62767193413	0.35	0.131737483768574	2.63205757631727	0.00848694788665004	0.102588570063994
SACI_RS05350	2118.12529172541	0.24	0.125029158311378	1.90727662751459	0.0564847751615963	0.28083445188397
SACI_RS05355	2667.23543420642	0.42	0.119355600079125	3.53505033313942	0.00040769749178339	0.0169342472654359
SACI_RS05360	18.7193204487888	0.24	0.470828002466174	0.508821367377666	0.610877440698897	0.841989279256839
SACI_RS05365	3352.01692089254	0.10	0.141261350265853	0.725378444372043	0.468219893351456	0.758828577975741
SACI_RS05370	500.270600523166	-0.15	0.23513915158804	-0.618323826361554	0.536361898988095	0.804936164858644
SACI_RS05375	12555.3712434516	-0.25	0.123528107121695	-2.04962270972834	0.0404012625602553	0.233874806859724
SACI_RS05380	1565.32173341257	0.31	0.165687516447871	1.89931578609752	0.0575229685197899	0.281703391288616
SACI_RS05385	446.024887770285	0.18	0.206692294446235	0.85693662609362	0.3914799096718	0.698364948496697
SACI_RS05390	552.03496024199	-0.02	0.213817360974221	-0.0732234624344953	0.941628296178245	0.982624674231691
SACI_RS05395	317.765093812225	-0.18	0.175257364680293	-1.05551312012085	0.291190712198767	0.606871812303234
SACI_RS05400	319.992659651096	-0.13	0.14716589909619	-0.901632088404352	0.367252339361774	0.684763955559425
SACI_RS05405	63.0818056163584	0.32	0.350764166679702	0.923961547436407	0.355506336439007	0.677649770535276
SACI_RS05410	3548.9531985849	0.21	0.110991016953464	1.88450787478729	0.0594963106372885	0.284617486021623
SACI_RS05415	210.74038332567	0.18	0.245459425522519	0.742623105138659	0.457709895943003	0.753063651333614
SACI_RS05420	594.244447847731	0.30	0.148218262979155	1.99922877437782	0.0455836065810724	0.249086027610722
SACI_RS05425	152.471917161698	0.26	0.253147341935896	1.01655734344625	0.30936405527729	0.629913006554745
SACI_RS05430	286.670324519258	-0.13	0.153843622513395	-0.872866263621948	0.382735976584229	0.691909154427802
SACI_RS11980	4549.82607010091	-0.11	0.113145481119263	-0.941746999616573	0.346322186011078	0.665432976165532
SACI_RS05440	424.138073733202	0.15	0.190442830767269	0.769998336130485	0.441300879675874	0.736889204741789
SACI_RS05445	1173.88253121717	0.02	0.141065192079696	0.121239086428912	0.903501665949874	0.966699969008544
SACI_RS05450	4.8287768293957	-3.55	1.83474376768589	-1.93386920487931	0.0531292112738011	NA
SACI_RS05455	3.05918140353691	-0.74	1.51140872072783	-0.49117018250203	0.623306086285977	NA
SACI_RS11845	0.364883810113674	0.00	4.79985215718683	0	1	NA
SACI_RS05460	10.9083441445399	0.53	0.760988088934921	0.699746842088236	0.484085417561121	NA
SACI_RS05465	11436.6181777969	-0.08	0.111794781496845	-0.676952622692729	0.498436014611935	0.783708403685518
SACI_RS05470	4687.70328164887	-0.08	0.129770123948334	-0.631979676279709	0.527400157656949	0.798837158113643
SACI_RS05475	1951.40236745745	-0.08	0.122674644943386	-0.658507797462188	0.510211888248251	0.789859787759282
SACI_RS12225	238.41426734238	0.01	0.179953004548103	0.0391056896377215	0.968806124765821	0.989374364083348
SACI_RS05480	152.053748223374	0.28	0.175061517645216	1.60380689492275	0.108756624314064	0.381132523522037
SACI_RS05485	150.898845254545	0.06	0.234062497763403	0.236704141457411	0.812886321840377	0.933425535458969
SACI_RS05490	178.884018582148	-0.10	0.20763315676703	-0.478155043154326	0.632539857692671	0.853722095513311
SACI_RS05495	176.018024355708	0.12	0.179558789068734	0.654874996039452	0.512548239998759	0.789859787759282
SACI_RS05500	1077.71286987437	0.24	0.13861595446354	1.74807937892323	0.0804502831742407	0.329824805129948
SACI_RS05505	7270.54565839738	0.49	0.159452684813708	3.05138564686382	0.00227787797437765	0.047433458995864
SACI_RS05510	4494.36668432479	0.35	0.159675742183239	2.21191896526496	0.0269722645844722	0.188805852091305
SACI_RS12055	23.7436223920221	0.34	0.465182209969651	0.737645596035808	0.460729840092994	0.754697060443718
SACI_RS05515	357.523085359856	0.10	0.135274431904778	0.718647304348883	0.472358259135765	0.763040264757774
SACI_RS05520	150.748499244028	0.12	0.201708677121007	0.576191455729063	0.564485779817387	0.81256629265442
SACI_RS05525	9073.99673729227	0.06	0.119809747856446	0.517186624289165	0.605025888286168	0.838040330448923
SACI_RS05530	2927.55065870229	-0.04	0.0992054755526119	-0.386119872479232	0.699407892834292	0.888786029970962
SACI_RS05535	66803.0121692856	-0.08	0.150474763963043	-0.554120297375936	0.579496519968602	0.818066224538199
SACI_RS05540	5229.19393722832	-0.05	0.169572891691721	-0.294457806649877	0.768408100333231	0.916028095006168
SACI_RS05545	7468.82230236469	0.04	0.157883159415892	0.227947381867166	0.819687146795383	0.93516793266987
SACI_RS05550	74203.2936122417	-0.13	0.168979673474103	-0.779044182286874	0.435953688780199	0.732899077881501
SACI_RS05555	6782.97019481908	0.12	0.170787631985691	0.72875533671898	0.466151336575761	0.757445698172137
SACI_RS05560	720.338609840344	0.25	0.255084000345976	0.969495878082124	0.332297835809032	0.65229742779242
SACI_RS05565	266.738470337751	0.04	0.1603939475684	0.224300490831238	0.822523494309539	0.93634465816668
SACI_RS05570	305.497116376688	2.02	0.282021444451613	7.1721488555965	7.3829599957987e-13	8.61529276567664e-10
msrA	889.967429006896	-0.02	0.153214638637797	-0.158982116257291	0.87368296377934	0.954294449560834
SACI_RS05580	551.641452463964	0.95	0.238833644669403	3.97531332755759	7.02866571739051e-05	0.0052892783407153
SACI_RS05585	246.976807335803	0.37	0.345989916679552	1.07308205104807	0.283234303474163	0.603276957688845
SACI_RS05590	653.701891028846	0.84	0.400394259436667	2.09027901098674	0.0365927435799843	0.223801409327736
SACI_RS05595	228.848568053615	1.13	0.502520844421386	2.24298441336995	0.0248978196324967	0.184089942712793
SACI_RS05600	229.822644684771	0.69	0.511126107223065	1.34062774546192	0.180041344358365	0.491197386378757
SACI_RS05605	276.242521498504	0.78	0.563424056326423	1.38924688206085	0.164757690076322	0.469012067524767
SACI_RS05610	637.839054046104	0.60	0.485508247489611	1.23340518391089	0.217424631903971	0.539857953765571
SACI_RS05615	9664.38785342059	0.71	0.445318175288185	1.60291760162321	0.108952847075414	0.381132523522037
SACI_RS05620	14.2712721884842	0.32	0.902502007046993	0.351447863301862	0.725252379843186	NA
SACI_RS05625	1668.21521515918	-0.10	0.203527642439931	-0.492644535421639	0.622263774258807	0.846306055221363
arnS	653.934127527273	-0.25	0.171163988251542	-1.45866640049943	0.144656948125673	0.442543107969651
SACI_RS05635	1744.19119388293	0.13	0.14905872846447	0.896087988796296	0.370205771543339	0.686541010527158
SACI_RS05640	9107.22018208757	0.22	0.163740938182844	1.36940836259852	0.170871661672048	0.475474175508839
SACI_RS05650	139.05290563522	-0.24	0.218943625291738	-1.09002839252326	0.275700637307572	0.596278084743422
SACI_RS05655	319.20861766723	-0.04	0.197448484188662	-0.19372741835258	0.846389321797631	0.947311929165151
SACI_RS05660	428.136483888178	0.08	0.146058885822885	0.576979350935239	0.56395340469382	0.81256629265442
SACI_RS05665	1302.89542893896	0.22	0.131312302069858	1.68224620626764	0.0925211075693727	0.354425925553694
SACI_RS05670	1607.96294693699	-0.32	0.150141832543171	-2.12686141495254	0.0334315996350369	0.214585550896192
purE	267.398243882936	-0.05	0.171729810145841	-0.300751702342356	0.763603840094458	0.913228916869724
SACI_RS05680	1105.52623504984	0.22	0.104820845317798	2.06632257764734	0.0387980309477259	0.229553469996148
SACI_RS05685	513.13019855944	-0.28	0.132053579682835	-2.14448286354579	0.031994217054803	0.207001748986428
SACI_RS05690	3700.5886272642	-0.02	0.140928702537275	-0.174037709459475	0.861835826571238	0.95084180656665
SACI_RS12060	1962.05592930257	-0.33	0.203369273541512	-1.61145569424586	0.10708043658762	0.381132523522037
SACI_RS05695	581.315985890464	-0.20	0.173348118054735	-1.14098916706774	0.253874431047432	0.58051934653883
SACI_RS05700	1140.06534781374	0.06	0.105023182023105	0.553806653309254	0.579711174450798	0.818066224538199
SACI_RS05705	846.467147056269	-0.04	0.109095885297315	-0.374179752591486	0.708270586769781	0.891180117507673
SACI_RS05710	1358.7455639223	0.07	0.120864616711304	0.589574189615256	0.555476159883809	0.81256629265442
SACI_RS05715	2940.30267078853	0.32	0.135354703767568	2.37131678916031	0.0177248317919688	0.156306523774016
SACI_RS05720	772.449592615661	0.09	0.142751174131724	0.603607284071128	0.546104768876069	0.809029624879051
SACI_RS05725	1277.08181069339	0.09	0.106474585198633	0.83877054166476	0.401598084496897	0.705137041453002
SACI_RS05730	908.441527357395	0.09	0.113062368678645	0.764049505168987	0.444837741756352	0.738812281549759
SACI_RS05735	6701.35937237994	0.20	0.115929282031881	1.6917865165824	0.0906866853612113	0.351009719660287
SACI_RS05740	426.237505599963	0.11	0.139676363746066	0.794581264870573	0.426857120082391	0.727415108860437
SACI_RS05745	336.309248057663	-0.34	0.18051616803152	-1.88111454834482	0.0599563383855194	0.284620319002523
SACI_RS05750	405.161092192077	0.04	0.182877545833592	0.213125071445637	0.831229409668473	0.93839930622254
SACI_RS05755	1005.51808209054	-0.00	0.11362028533211	-0.0139578348860418	0.988863620643747	0.997036505340924
SACI_RS05760	3577.03151898844	-0.19	0.101016192612359	-1.85230785562225	0.0639816283140011	0.294881240536841
SACI_RS05765	6750.1600700405	-0.13	0.122568173301723	-1.06179606575474	0.288328276249348	0.605024150618869
SACI_RS05770	10344.1847642574	0.12	0.103964375861685	1.19864297063843	0.230666801989957	0.55469192665708
SACI_RS05775	316.556259653247	-0.09	0.196158806567639	-0.435332985592125	0.663320745410224	0.867744264763333
SACI_RS05780	972.60462557647	0.12	0.118399786541358	1.03613330891228	0.300139954602383	0.617729906565371
acnA	15955.2934551867	0.15	0.0848096998506518	1.744351281984	0.0810978545513628	0.330527111148482
SACI_RS05790	656.204200093931	-0.19	0.124560460841201	-1.50972918194412	0.131112541841624	0.417403444566232
SACI_RS05795	1270.99519969025	0.14	0.140831004380589	1.00428777781978	0.315239923079155	0.635329418964903
SACI_RS05800	1593.60022944418	-0.42	0.14844208695713	-2.86160730808064	0.00421498790354402	0.0698163514833854
SACI_RS05805	608.910471548281	0.13	0.199228667479021	0.633081277927531	0.526680567619044	0.798235135510698
SACI_RS05810	1626.37949127038	-0.12	0.179923877729282	-0.672707213343464	0.501133577618525	0.78537601229682
SACI_RS05815	179.806781591317	0.11	0.185875531499612	0.59033548463726	0.554965754012064	0.81256629265442
SACI_RS05820	74.5329248284911	0.12	0.284973026085576	0.436160852893038	0.66272002848797	0.867744264763333
SACI_RS05825	66.0393327775121	-0.13	0.29515818642834	-0.433295334732958	0.664800226952054	0.868675370334157
SACI_RS05830	27741.8282509479	-0.23	0.147301035295033	-1.58145761271158	0.113773443377604	0.389406895980253
SACI_RS05835	407.740376595933	0.12	0.152631544590223	0.770798208876816	0.440826549081386	0.736593518964043
SACI_RS05840	349.593921708228	-0.40	0.20676372999601	-1.92417897779821	0.0543321532238371	0.274055567444745
SACI_RS05845	1034.49877861228	0.25	0.127431203847016	1.94068053948964	0.0522970382654144	0.267752191780366
SACI_RS05850	316.803353164694	-0.10	0.134133080808306	-0.773278829814852	0.439357381876179	0.734634002894177
SACI_RS05855	4349.24473003755	0.23	0.170431519776336	1.33664578105073	0.181338287734457	0.493256066965954
SACI_RS05860	1217.43699763286	0.15	0.227396912563722	0.659417282772997	0.509627846971206	0.789859787759282
tenA	245.932425665323	0.14	0.177244184049291	0.817151089131552	0.413842089827815	0.715559006786371
SACI_RS05870	814.349238988838	-0.03	0.170075326067318	-0.183953432289984	0.854049987058193	0.949146590448216
SACI_RS05875	275.559797493567	0.12	0.177396510061364	0.657786078064948	0.510675601493882	0.789859787759282
SACI_RS05880	76.4202766426129	-0.12	0.246417016090323	-0.475400966958535	0.634501205389439	0.854022179910184
SACI_RS05885	94.813794150119	-0.08	0.280055097432976	-0.275117722430788	0.783225796237658	0.922888028091733
SACI_RS05890	247.250203131921	0.04	0.227678141801612	0.190032240497956	0.849283866568567	0.947746678573517
SACI_RS05895	466.152555558137	-0.03	0.171276531023447	-0.170483098435505	0.864630225283796	0.950978117289502
SACI_RS05900	2489.16079606324	0.15	0.357546603331723	0.410935248683378	0.681120015030376	0.874515749868017
SACI_RS05905	95.4373806494392	0.17	0.210577002488341	0.827232603981726	0.408105235158725	0.710992163636109
SACI_RS05910	712.899412359267	0.06	0.123594010888554	0.482799379035046	0.629238191764331	0.851585056904431
SACI_RS05915	1475.55904549125	0.16	0.111689573352079	1.41975166351373	0.155679991570473	0.459255975132895
SACI_RS05920	617.965345979956	-0.01	0.139854788025888	-0.0904311014673882	0.927944642539202	0.976766591469349
SACI_RS05925	1234.55598659584	-0.43	0.166397515268396	-2.55853834799767	0.0105113226157754	0.120032522773693
SACI_RS05930	210.356425466225	-0.20	0.178959363378712	-1.13631622343842	0.255824243398129	0.58051934653883
SACI_RS05935	180.787175488338	0.08	0.17823683514445	0.42305029277687	0.672258567728906	0.872176298865042
mvaD	243.371880336434	0.26	0.170199898072452	1.53275029409723	0.125337391956734	0.409867161764835
SACI_RS05945	512.198858625855	-0.14	0.129368431607885	-1.04935131176217	0.294016458005691	0.609174567673999
SACI_RS05950	194.342133589925	0.14	0.177368822916015	0.79075012462933	0.429089819691247	0.727778626416775
SACI_RS05955	1495.42430540689	0.02	0.193440273456908	0.126172360098849	0.899595489935757	0.965856856178859
SACI_RS05960	1116.03580362501	0.08	0.131327356692767	0.615956179061857	0.537923441891007	0.804936164858644
SACI_RS05965	1399.4877150554	0.01	0.106049688597774	0.0572347898605663	0.954358165270209	0.98711108905685
SACI_RS05970	49.7464305933602	-0.14	0.323670247278247	-0.417329000896064	0.676437778791864	0.873930360310819
SACI_RS05975	268.761902290385	0.13	0.145079554059264	0.906451127741968	0.364697121582203	0.683322188722262
SACI_RS05980	509.864271805513	-0.10	0.170779907689214	-0.608150377458516	0.543087742606965	0.80817338346954
SACI_RS05985	129.464284172639	0.25	0.208372649722988	1.19696642639441	0.231319641030514	0.554898422530119
SACI_RS05990	293.976051667323	0.26	0.19171367284937	1.33322435933328	0.182458187716462	0.494673292299118
SACI_RS05995	595.126201500786	0.06	0.13266623740558	0.449644195505851	0.652967015337242	0.864344158122696
SACI_RS06000	97.292048786822	-0.52	0.221974572404484	-2.34134619662148	0.019214340902606	0.162303035932798
SACI_RS06005	16.2705895535663	-0.74	0.547582958164692	-1.34364791908108	0.179062266106238	0.49015112129934
SACI_RS06010	305.14619149199	0.75	0.209770049083194	3.58097757541489	0.000342311036209428	0.0154226681404902
SACI_RS06015	1985.7916905127	-0.37	0.115642601501303	-3.19181568751081	0.00141381518632892	0.0357493268543169
SACI_RS06020	325.810354910094	-0.03	0.163451952942297	-0.183819158988852	0.854155325544602	0.949146590448216
thrS	2765.05912990255	0.22	0.14182665358158	1.5358257488436	0.124581122778349	0.409867161764835
SACI_RS06030	156.472137806769	-0.21	0.170325335413405	-1.23627356327745	0.216356894453284	0.537745621319195
SACI_RS06035	146.346947679002	0.27	0.20046823606286	1.36645363477565	0.171796624151539	0.475999300708132
SACI_RS06040	3445.36740207629	0.25	0.230771766270796	1.075753435923	0.282037542203236	0.601971601705098
sucD	2975.99639642373	0.27	0.225257727667727	1.21344499447335	0.22495973248749	0.549485404900543
SACI_RS06050	367.616574518131	-0.12	0.211560468852673	-0.567216082860596	0.570567382538625	0.815378300998104
SACI_RS06055	2.90576735628235	0.17	1.13903205866305	0.145094481613315	0.884636275218972	NA
SACI_RS06060	94.9898359481506	-0.36	0.225896315764407	-1.61569268521764	0.106160773279334	0.380703901861346
SACI_RS06065	33.6060449610045	0.76	0.398156470875594	1.90314526750023	0.0570215926013051	0.28083445188397
SACI_RS06070	44820.0409952734	0.31	0.155796636672213	1.9587593667399	0.0501409742639226	0.262179864061324
SACI_RS06075	74703.2903692578	0.35	0.14961468762625	2.35674541082924	0.0184358814118122	0.158236163918387
SACI_RS06080	86.898395233209	-0.47	0.276123935815674	-1.71202246273714	0.0868925289596189	0.34286574325149
SACI_RS06085	9312.15536590707	-0.05	0.141809980591818	-0.353608276550494	0.723632470836079	0.899388362902505
SACI_RS11640	135.996812748332	-0.01	0.206264424482234	-0.0376633604966395	0.969956089344688	0.989930473392148
SACI_RS06090	1825.83778152912	0.14	0.104074643118188	1.38268434706324	0.166761673513604	0.471192048992829
SACI_RS06095	436.10015436217	0.20	0.159173831315425	1.23711074310274	0.216045971913051	0.537511966265603
SACI_RS06100	880.274136257079	0.15	0.173294433823279	0.849236631098718	0.395749633960233	0.700349913222602
SACI_RS06105	125.082221410873	0.04	0.215653454305018	0.167154272985118	0.867248663000671	0.951876505292011
priS	339.579137935356	0.16	0.144321664157425	1.13887947912801	0.254753425768511	0.58051934653883
SACI_RS06115	702.937555234688	-0.16	0.140464429489783	-1.10505678917719	0.269134982631241	0.5912380203548
SACI_RS06120	660.762953923353	-0.18	0.12806623000167	-1.40318744485686	0.160560950516064	0.46315044183566
SACI_RS06125	650.598356866695	-0.03	0.131941569803842	-0.200312664688556	0.841236058286976	0.943971664780418
SACI_RS06130	169.521753287517	-0.03	0.188628404400507	-0.154239370643089	0.877421000311388	0.956554878474095
rnz	487.091391033277	-0.25	0.256052467820575	-0.962369975728387	0.335863789953583	0.654300685145424
SACI_RS06140	109.81271743164	-0.08	0.209818935848482	-0.358514053536174	0.719958652710633	0.897413250209732
SACI_RS06145	168.453380778962	-0.03	0.169186245612762	-0.199977024146843	0.841498550242108	0.943971664780418
thpR	350.478599605847	0.23	0.149524837398205	1.51560609066299	0.129618986059736	0.416056797222832
SACI_RS06155	632.516240746902	0.16	0.144066001702656	1.08472737283512	0.278042420593379	0.598403833116713
SACI_RS06160	194.737187140341	-0.43	0.173178021767921	-2.46008824378759	0.013890285805669	0.138879305327213
SACI_RS06165	507.929742160109	-0.29	0.242147846623151	-1.18923598580946	0.234346817465951	0.558725261549341
SACI_RS06170	4.66719633572906	-0.16	1.0482505025401	-0.151080127100896	0.879912508823705	NA
SACI_RS12235	12.896454786572	0.15	0.590893060155374	0.256993706488911	0.79718363144749	NA
SACI_RS06180	478.779699506919	-0.01	0.138702150741091	-0.0532508739811411	0.957532021509075	0.98782355417263
SACI_RS06185	514.82209311486	0.05	0.118433253262398	0.435933918716221	0.662884674862569	0.867744264763333
SACI_RS06190	330.63991002509	-0.38	0.215412986101709	-1.77472026498565	0.0759440875287551	0.31842546344544
SACI_RS06195	628.334479897019	0.01	0.12049789979442	0.0462232970319635	0.963132273971421	0.987848416763734
SACI_RS06200	616.436177473875	-0.05	0.125732302498356	-0.427752881589113	0.668831044856368	0.869879413316171
SACI_RS06205	230.806127456069	0.74	0.26249138655245	2.81600833395971	0.00486244053159104	0.0757806769640415
SACI_RS06210	803575.221305172	0.59	1.01856050896187	0.577486584427485	0.563610798684776	0.81256629265442
SACI_RS06215	596188.633698691	0.31	0.98648016231638	0.311447027521572	0.755460807510457	0.911647483597153
rpiA	455.869665953146	0.23	0.135848947443033	1.72884889316347	0.0838361428849102	0.336081046625555
SACI_RS06225	1677.16676933127	0.64	0.264493679291842	2.41497372726179	0.015736344720042	0.148211862719153
SACI_RS06230	5.10568753943519	0.51	1.26347291729246	0.401389763816666	0.688133184541688	NA
SACI_RS06240	121.886526603593	-0.08	0.203309816884084	-0.380203987629324	0.703793999421388	0.889342952863947
pyrH	577.066035230272	-0.12	0.149221757338409	-0.786561963604022	0.431538332772234	0.728937960879071
SACI_RS06250	3173.78782012005	-0.32	0.144107209633517	-2.234586154905	0.0254445306189474	0.184504349030326
SACI_RS06255	230.596336770054	0.21	0.153145734855866	1.38402102015232	0.166352018478329	0.470571120764039
SACI_RS06260	609.25193825714	0.33	0.132789239202567	2.49640499010995	0.012545927249604	0.134239894105268
SACI_RS06265	2652.26795941916	0.26	0.151951908474068	1.69809412158038	0.0894899988973564	0.350352214214008
SACI_RS06270	1749.21584818189	0.10	0.11204277839641	0.897560195777556	0.369420067799533	0.686541010527158
SACI_RS06275	3026.08130214475	0.30	0.0876104754049011	3.39627881441329	0.000683087401407881	0.0231875422012155
SACI_RS06280	3375.58907286346	0.24	0.0788472897711934	3.09582328584073	0.00196267291744031	0.0438153467515053
SACI_RS06285	1600.0699347477	0.33	0.114823753283383	2.9126309115926	0.00358397938170357	0.0657859326508255
SACI_RS06290	4027.88020330216	0.27	0.109262128591836	2.46073775393529	0.0138651671422196	0.138879305327213
SACI_RS06295	118.300864327277	0.14	0.213143935898033	0.672291334743525	0.501398245138648	0.78537601229682
SACI_RS06300	4040.28962953985	0.10	0.136809781675902	0.707046638248035	0.479537495389873	0.768624782390753
SACI_RS06305	341.816476829631	0.03	0.159404329118556	0.176127711880879	0.86019361029467	0.950765545460024
rgy	7912.31730250186	0.21	0.128233971765871	1.63390632710722	0.102278521017254	0.372686462877208
albA	10128.7691811393	-0.11	0.274295777130357	-0.417393355822276	0.67639071391752	0.873930360310819
SACI_RS06320	2112.09596850435	-0.38	0.126782627903274	-3.03327375714362	0.00241916032433053	0.0499347736640072
SACI_RS06325	84.4988539352968	-0.50	0.230327824266705	-2.18568316427813	0.028838793454737	0.195787753920105
SACI_RS06330	112.444797562704	0.13	0.207941880803685	0.629088653415196	0.529291018396028	0.80023376667807
SACI_RS06335	771.895132996385	0.17	0.135528887222028	1.26658165330566	0.205304916011923	0.522862879627488
SACI_RS06340	108.438397057108	0.14	0.233938725252339	0.607568507041382	0.543473693391319	0.80817338346954
SACI_RS06345	157.475608803818	0.05	0.18562909598613	0.26586880928445	0.79034024737804	0.924675700190171
gatC	463.863205778998	0.30	0.124602741473046	2.44041005640611	0.0146705987036443	0.143690686117117
gatA	2641.31493437647	0.07	0.097503159850002	0.685362326240021	0.493115311073759	0.779298304107636
twy1	5488.70480098066	0.06	0.0935054064560167	0.618268685576437	0.53639824022725	0.804936164858644
SACI_RS06365	1561.91964123715	0.04	0.110859778632082	0.334536243154089	0.737974946600041	0.907094205195883
SACI_RS06370	414.915045318375	0.28	0.118210135039147	2.38028137720526	0.0172994228210562	0.155318730980352
dph5	169.083197422628	0.06	0.179701569039177	0.33500574336869	0.737620753733338	0.907094205195883
SACI_RS06380	541.065895266417	-0.17	0.115780095576289	-1.48553432712086	0.13740233713709	0.428798761667641
SACI_RS06385	1384.06775874106	-0.17	0.131410891796222	-1.30728423025187	0.191116197969359	0.504889060307113
SACI_RS06390	386.920021738002	-0.33	0.14754643312354	-2.26570525064832	0.0234694358509185	0.181138844430499
SACI_RS06395	956.54173741508	-0.31	0.123741420076593	-2.51638350624365	0.0118566089024521	0.128551127503126
SACI_RS06400	8771.7970739341	0.08	0.128320592609588	0.610403202383067	0.541594747320069	0.807504081744363
SACI_RS06405	760.312635020641	0.19	0.15486833060947	1.2496269286008	0.211435861412077	0.531377347443334
SACI_RS06410	3417.40126344783	0.06	0.109481186122874	0.56107402889895	0.574747072038174	0.816484390460237
SACI_RS06415	2612.90748543028	-0.24	0.153051952725936	-1.58706112092675	0.112498802313483	0.387962272695613
SACI_RS06420	434.040796519273	-0.07	0.148965690288506	-0.44165301613343	0.658740313543138	0.866409535480758
SACI_RS06425	1803.59409885627	0.04	0.098577825546275	0.456142964236885	0.648287176447014	0.862295020523725
SACI_RS06430	304.810920487167	0.33	0.136476614404034	2.41892024424569	0.0155666528749782	0.148211862719153
SACI_RS06435	2417.87051095373	0.11	0.100179959842368	1.13656904210419	0.25571848785699	0.58051934653883
SACI_RS06440	4759.23048024781	0.26	0.131819231854009	1.96713927248773	0.0491671567526554	0.259778708812537
SACI_RS06445	1498.06047078975	-0.15	0.177744619060359	-0.827023804986901	0.408223569042853	0.710992163636109
gatD	1607.51057587283	0.15	0.116595640173206	1.25952826400245	0.207839587962514	0.526023713393452
gatE	2703.00455502541	0.30	0.101114504774658	2.93407809484457	0.00334540023945207	0.0618649387564345
SACI_RS06460	394.627756813668	0.03	0.121741978903412	0.213149494020943	0.831210360893022	0.93839930622254
SACI_RS06465	1374.70005494482	0.30	0.110950968043778	2.70077248778124	0.00691786429650186	0.0925963717446637
SACI_RS06470	18608.7330987005	0.33	0.182548917790946	1.81667978009337	0.0692661595614828	0.303757586127503
SACI_RS06475	821.593158375468	-0.40	0.120374907668748	-3.3323419640625	0.000861183660042588	0.0260245501168968
SACI_RS06480	3682.31427672053	0.04	0.162918213306553	0.260361277973468	0.794585108878507	0.926047345185469
SACI_RS06485	4658.16247749986	0.13	0.120953339218924	1.04188060518019	0.297467037140105	0.614269431694317
SACI_RS06490	1305.78323235784	0.22	0.0985852463968901	2.2699227404048	0.0232122710972638	0.180639809201815
SACI_RS06495	4490.06090705089	0.04	0.146862918779947	0.252186114259558	0.800897210509292	0.928698539354326
hmgA	2479.51467851843	0.36	0.143593070844943	2.49509596836739	0.0125923068246429	0.134239894105268
SACI_RS06505	605.56334293694	0.39	0.188569041705688	2.06042866444582	0.0393575789517783	0.230300689592098
SACI_RS06510	3254.63026637223	0.26	0.144453441490225	1.77636677939093	0.0756724829261719	0.318364028337953
SACI_RS06515	4213.69605785465	0.26	0.167562617933066	1.52480845780357	0.127306879721493	0.413997963188791
speD	6373.52021887004	-0.13	0.108005775138224	-1.20430476150722	0.228471806999163	0.552529313276514
SACI_RS06525	529.895978302971	-0.26	0.186310477832619	-1.3853341726445	0.165950309176154	0.469971275586868
SACI_RS06530	25.5810113091752	-0.57	0.394669493214469	-1.44574834652279	0.148247798673474	0.448544621627434
SACI_RS06535	707.627820163125	-0.06	0.143150936648434	-0.396650539933284	0.6916251777894	0.883881996164071
SACI_RS06540	318.582840955818	-0.30	0.193062575117146	-1.53264631489481	0.125363023339861	0.409867161764835
SACI_RS06545	1697.02793117953	0.10	0.442722839870199	0.226064992219782	0.821150871949374	0.935976016876978
SACI_RS06550	1209.54876278881	0.26	0.448665883826354	0.587214062622233	0.557059948919498	0.81256629265442
SACI_RS06555	183.971409854122	0.05	0.186554148761956	0.274563861405136	0.783651334005066	0.92293868850191
SACI_RS06560	627.532585551595	0.08	0.11016457622239	0.705795831217314	0.480315114929386	0.768876521185412
SACI_RS06565	8621.82248482215	0.24	0.110045730735607	2.18925678919958	0.0285781811304243	0.195087418295293
SACI_RS06570	7548.89332429368	0.23	0.12951815806966	1.782967460562	0.0745916003537155	0.31596236867779
cdvA	7493.27064004332	0.40	0.126231861701893	3.15614662988737	0.00159868470401144	0.0388386342798073
SACI_RS06580	777.368438999242	-0.73	0.186512533743727	-3.92370039598581	8.71991672105977e-05	0.00600220934299614
eno	1340.37751971505	0.23	0.128864807989805	1.76019389606151	0.0783749365789154	0.324336072696421
SACI_RS06590	25.6443976754198	-0.74	0.404396832420814	-1.83484023537445	0.0665293650424224	0.296262268836838
SACI_RS06595	678.186201956424	0.00	0.1804856102557	0.0117762730600901	0.990604110713329	0.997252014440145
SACI_RS06600	338.93394491195	-0.15	0.163580026574211	-0.943031759776938	0.345664658172988	0.665432976165532
gcvPB	889.054138053807	0.24	0.094336975849426	2.53469702501597	0.0112544617925022	0.126192562542174
gcvPA	1050.01866951645	0.13	0.0903796615845499	1.40435638606994	0.160212751368474	0.462712351854405
gcvT	730.693328203222	-0.00	0.161531813848234	-0.00103529382711266	0.999173955187016	0.999397305793901
gcvH	591.747286180115	0.26	0.137944285436385	1.89233672490374	0.0584461307691369	0.283130580249743
SACI_RS06625	1174.96829640701	0.03	0.123276416346161	0.209648791612952	0.8339417955789	0.93937542051523
SACI_RS06630	385.61232521666	0.10	0.216157097357558	0.479098322563994	0.6318686830298	0.853349078534244
SACI_RS06635	2002.59376576587	0.20	0.106493291951315	1.88638538506449	0.0592430405690058	0.284504369244179
sufC	3400.74320597697	-0.00	0.115812260997522	-0.0110101109158937	0.991215379970169	0.997252014440145
sufB	6730.7039072479	-0.09	0.153005894115749	-0.574826849936598	0.565408405928281	0.81256629265442
SACI_RS06650	2043.34040518892	0.02	0.181187711595388	0.115460497238339	0.908080129658733	0.969505627442628
SACI_RS06655	207.149323072005	0.34	0.284013610948415	1.20290097965155	0.229014641207638	0.553117232858213
SACI_RS06660	7.43994581735186	1.98	1.31532295442999	1.50234247623988	0.133008684095151	NA
SACI_RS06665	2446.12378100142	0.10	0.12856933792169	0.749019026813295	0.45384573754546	0.74894877398261
SACI_RS06670	12.9490155694091	-0.62	0.698985133390932	-0.882963538956315	0.377255971629939	NA
SACI_RS06675	1654.31771349586	0.22	0.102229933601554	2.15587583237957	0.031093362062437	0.204268764043674
SACI_RS06680	136.173479353878	0.80	0.230868624415967	3.46528614498221	0.000529667592098415	0.0193017101944099
SACI_RS06685	1405.60464292125	-0.07	0.142407016915736	-0.467950670177522	0.639819866911907	0.856549773207836
SACI_RS06690	1683.30522232543	-0.19	0.162087825742205	-1.18453034842078	0.236203190184878	0.558725261549341
SACI_RS06695	683.455641559541	-0.16	0.167912072809605	-0.940284870811884	0.347071457869962	0.666183634858068
SACI_RS06700	40889.2202918033	0.65	0.16414087611662	3.96768941710925	7.25728263052139e-05	0.0052892783407153
SACI_RS06705	119.9848036565	-0.53	0.220009182552933	-2.43110011961328	0.0150530543230589	0.145870283413178
SACI_RS06710	921.022420848115	-0.11	0.12949255381617	-0.838415803967149	0.401797216518014	0.705137041453002
SACI_RS06715	1087.11738609025	-0.06	0.122289175760542	-0.484442599513919	0.628071791914597	0.851585056904431
SACI_RS06720	448.171213448282	-0.33	0.206419258533654	-1.61224176772625	0.106909339561932	0.381132523522037
SACI_RS06725	292.028639267095	-0.20	0.145047248430618	-1.39416708800229	0.163267154035961	0.467032291799069
SACI_RS06730	370.782360267118	-0.25	0.133767059113276	-1.85198440440556	0.064028062424006	0.294881240536841
argF	622.990021474019	0.21	0.124429111126109	1.69459025161795	0.0901531776336296	0.351009719660287
SACI_RS06740	1225.13837524764	-0.13	0.121557874112629	-1.03827098964168	0.299143910773463	0.616191696505937
SACI_RS06745	382.132302920535	0.08	0.128846863132617	0.582551192229538	0.560195470175143	0.81256629265442
asd	3839.73588780962	0.20	0.110847513456646	1.84644126536957	0.064828160186229	0.295845637092957
SACI_RS06755	3077.11130842143	0.36	0.151194581099706	2.3714123134502	0.0177202508516303	0.156306523774016
thrC	2529.79101683966	0.39	0.188641720829362	2.09138401989672	0.0364936535051624	0.223801409327736
SACI_RS06765	512.370077911316	-0.04	0.125342765049564	-0.347564578354526	0.728167211967722	0.901297877750257
SACI_RS06770	192.805697145231	-0.40	0.209925128082585	-1.89754014890524	0.0577566851114573	0.2817343813114
SACI_RS06775	10701.8109620523	0.14	0.189781586538353	0.718130064109835	0.472677094521282	0.763057876367256
ppsA	4782.59689434254	0.10	0.142044305900554	0.723810000180884	0.46918238910203	0.759891477251523
SACI_RS06785	159.864302160404	-0.07	0.188831867600166	-0.363348676596663	0.716344435689643	0.89513600846171
SACI_RS06790	1616.00635775289	0.02	0.112628917353145	0.186453934507693	0.852088800273526	0.948578890988345
SACI_RS06795	155.345896335256	-0.17	0.203242778147173	-0.827842894385381	0.407759478857649	0.710992163636109
SACI_RS06800	5046.157190041	0.21	0.161973239627289	1.3005495781692	0.193412675577891	0.507030784824555
trpA	1238.05238457744	0.52	0.18999820475115	2.74401230391269	0.00606932630412042	0.0889928436781681
trpD	1745.82728971484	0.56	0.185587906612993	3.0186476676239	0.00253905628800037	0.0499347736640072
SACI_RS06815	634.204687597054	0.68	0.208920698522735	3.25736771374638	0.00112450658530231	0.030914235794973
SACI_RS06820	884.585427106425	0.40	0.173540556568227	2.33354000852442	0.0196198210425391	0.163696688698356
SACI_RS06825	273.046287515651	0.32	0.184427814492565	1.75510631056444	0.079241125113941	0.326178584771339
trpC	666.293320582049	0.24	0.108997842389474	2.20916549443363	0.0271631319786226	0.189285468220259
SACI_RS06835	858.393668718108	0.06	0.121194148997581	0.504973719468318	0.613577294592877	0.843604738041692
SACI_RS06840	3609.1934649707	0.21	0.108659990458048	1.8911130340524	0.0586092569728549	0.283130580249743
SACI_RS06845	281.057974087745	0.10	0.150175282990206	0.664465702202327	0.506392293534944	0.789195690877713
SACI_RS06850	58.9949048503951	-0.24	0.326044979987649	-0.727304965673119	0.467039156870758	0.757445698172137
SACI_RS06855	63.4358216519727	-0.46	0.296882624485828	-1.55015521108794	0.121104267029951	0.405535640135432
SACI_RS11925	177.850441111074	-0.26	0.262106708920979	-1.00796422519322	0.313471636953204	0.634108339893911
SACI_RS06865	235.387715933609	-0.38	0.18088462944436	-2.09827230222568	0.0358810978109128	0.222809871449043
SACI_RS12245	110.271096872762	0.24	0.212441336156434	1.11576597848314	0.264522320188503	0.586334433437564
SACI_RS12250	107.927075883497	0.44	0.247651077164419	1.77789144714519	0.0754216852073713	0.318364028337953
SACI_RS06870	1006.26312515632	0.11	0.120579361438709	0.942575940854255	0.345897850774393	0.665432976165532
glgX	1126.62821854774	0.26	0.150861243582848	1.74119384396108	0.0816496059698341	0.331684792775818
treZ	956.549162103457	0.26	0.128515643520336	2.00437339065606	0.0450300775278984	0.247965626920294
SACI_RS06885	48.7989262469402	-0.32	0.351989356997258	-0.922271492758553	0.356386979803242	0.678806253614476
SACI_RS06890	5.32968044413127	0.75	1.14130807625767	0.653897119444467	0.513178089906529	NA
SACI_RS06895	801.192880912137	-0.26	0.104699505682605	-2.52201133541587	0.011668594805301	0.127941495254584
SACI_RS06900	19.1598285864109	-0.21	0.464853454990444	-0.448662427002738	0.653675192864618	0.864358125890354
SACI_RS11930	1.6829335796413	-1.01	1.9984816762907	-0.504996362407677	0.613561390893032	NA
SACI_RS06905	21.7694075614891	0.65	0.495358699543224	1.31332717247736	0.189072726138034	0.503246203404993
SACI_RS12065	19.4779984434756	0.19	0.575043991304427	0.32583856578414	0.744546498396898	0.908837705921345
SACI_RS06910	709.943608910563	-0.11	0.13129121508993	-0.814708866548362	0.415238976869683	0.71604884111557
SACI_RS06915	278.225054359676	-0.20	0.161242560502126	-1.25392776099875	0.209868263573213	0.529047362293409
SACI_RS06920	3193.79151670366	-0.07	0.122364942501931	-0.607266078187044	0.543674346345328	0.80817338346954
SACI_RS11660	13.412901469217	-0.89	0.572884713878296	-1.55271651924926	0.12049087404361	NA
SACI_RS06925	81.2306365320516	-0.15	0.32390648495542	-0.473718717829334	0.635700503765805	0.854022179910184
SACI_RS06930	502.821455443321	0.00	0.173206363965824	0.0144919217383668	0.988437524107106	0.997036505340924
SACI_RS06935	4.06645783369498	-0.82	1.13590698614961	-0.719388919008701	0.471901322423684	NA
SACI_RS06940	137.065372756586	-0.10	0.204967729925656	-0.483518555978072	0.628727587549038	0.851585056904431
alaS	3514.22335659399	0.16	0.100221358445746	1.6052339132969	0.108442336739038	0.381132523522037
rpl12p	5134.29262259193	0.30	0.141668071698658	2.08751665946636	0.0368414567313478	0.224307444177592
SACI_RS06955	9637.43162487279	0.19	0.103534856646174	1.86815537492553	0.0617404168766572	0.289557069232622
SACI_RS06960	5489.27542006289	0.19	0.104741605149054	1.79621254860388	0.0724607197456474	0.311732054739087
SACI_RS06965	3551.56946654619	0.10	0.151597156037291	0.67699618562437	0.498408374499344	0.783708403685518
SACI_RS06970	1791.75176890199	0.06	0.106518950143427	0.545453028544379	0.585441977592953	0.821195483234083
SACI_RS06975	293.06519731826	-0.06	0.166016117796146	-0.353567122319551	0.723663317334981	0.899388362902505
ftsY	1965.77648964543	0.15	0.0893092887988523	1.66393169708675	0.0961260798064642	0.362117491922212
pfdA	2808.56764364323	0.14	0.0801669035759019	1.8029723247593	0.0713925611613388	0.309284556919227
SACI_RS06990	725.340082977057	0.32	0.135505642312259	2.33957559883771	0.0193056639439046	0.162303035932798
SACI_RS06995	1266.55709833353	0.04	0.121398486328241	0.306405851352853	0.759295653744894	0.911647483597153
SACI_RS07000	3095.65185753585	0.28	0.14003816216022	2.01580443175519	0.0438204299684411	0.245117438965682
SACI_RS07005	145.90982720514	0.32	0.200262701478583	1.60341231052276	0.108843654918999	0.381132523522037
SACI_RS07010	3813.88307697404	-0.04	0.134085261730667	-0.261613082727129	0.793619756663587	0.926047345185469
SACI_RS07015	2840.18362358481	-0.07	0.109423310143838	-0.637928434572385	0.523520267091126	0.7958792772097
SACI_RS07020	1143.80823407619	0.01	0.133112745555777	0.0985918895218013	0.921462309869835	0.973309294056885
SACI_RS07025	3768.36633920744	0.01	0.148947049926551	0.0986377745870383	0.921425876471423	0.973309294056885
SACI_RS07030	501.52315077586	0.07	0.129971159042586	0.576296573910887	0.564414738238545	0.81256629265442
SACI_RS07035	106.265281507028	0.09	0.223277006582561	0.394353350775558	0.693320179648592	0.884679405339449
SACI_RS07040	81.9486464456205	-0.16	0.348845628084479	-0.469178050017941	0.638942373643667	0.856065495105595
SACI_RS07045	2087.15972212894	-0.18	0.107625650252321	-1.66816943143391	0.0952820972826032	0.360471812314948
SACI_RS12070	52.1743171511537	0.94	0.513588141411115	1.83142760030157	0.0670367448410548	0.296637595921667
SACI_RS07050	543.612308048582	-0.34	0.155906604916555	-2.20176478797731	0.0276819275741626	0.191074697851741
SACI_RS12075	97.867587637038	-0.12	0.239103444075887	-0.499469827991801	0.617448437281146	0.844830246393207
moaA	1315.26112463792	0.03	0.124250325637904	0.281591118390237	0.778257051235574	0.919657116338461
SACI_RS07060	1356.56216900974	0.23	0.110265523653283	2.09787504472522	0.0359161850247601	0.222809871449043
folE	1859.08123588231	0.17	0.183026044323847	0.91894665375327	0.358123475817131	0.680370576590689
SACI_RS07070	608.298539388217	-0.05	0.137626871598116	-0.383647490473085	0.701239736206622	0.889342952863947
glnA	2682.34588088207	0.27	0.274772340190935	0.996396498292447	0.319057533738268	0.638207585206689
SACI_RS07080	531.994335987569	-0.08	0.123123604636749	-0.665953993683155	0.505440507164453	0.789173148867852
SACI_RS07085	577.003891408883	-0.24	0.122489704145252	-1.99689441539889	0.0458366539913193	0.249086027610722
SACI_RS07090	202.048852601087	0.17	0.224167232493843	0.738708057988698	0.460084291683321	0.754697060443718
SACI_RS07095	175.157132900041	0.16	0.224165607112922	0.733639743630034	0.463168331726122	0.756715852422177
SACI_RS07100	508.823147537011	0.12	0.183973571204183	0.636909361019083	0.524183884909145	0.795911560542195
SACI_RS07105	1589.56682916447	-0.00	0.13627779598497	-0.0326992665561569	0.973914408783182	0.991520092425935
SACI_RS07110	666.979389706632	-0.29	0.248979160613845	-1.15888830910551	0.246501714891001	0.574089520206673
SACI_RS07115	157.397440715733	-0.08	0.171549894585522	-0.460045486149064	0.645483571767721	0.860413281786129
SACI_RS07120	173.664861168462	-0.04	0.174516369824586	-0.221328372849249	0.824836759400795	0.936995018610709
SACI_RS07125	1132.16003827102	0.55	0.166856650028088	3.29265288829654	0.000992469209071012	0.0282682609204364
SACI_RS07130	697.516486539104	0.78	0.183074039892061	4.27696532485999	1.89458299593106e-05	0.00223560793519865
SACI_RS07135	445.64951271874	0.58	0.206729969106513	2.80209584797541	0.00507717868241702	0.0779665850730061
SACI_RS07140	2043.17798655981	0.60	0.230622556704381	2.59534510853903	0.00944959839958869	0.112038779110913
SACI_RS11670	256.616244783898	0.71	0.205208701200373	3.47080089410233	0.000518908608012826	0.0191918735918774
SACI_RS07145	183.297992849108	-0.05	0.191756828895609	-0.244719224583749	0.80667384150613	0.930604180285005
SACI_RS07150	93.0605004402899	-0.16	0.22224241244539	-0.727402951684974	0.466979146854323	0.757445698172137
SACI_RS07155	677.383606284339	-0.17	0.115145584560479	-1.51170911231963	0.130607879464656	0.417070006847188
SACI_RS07160	1754.72637097064	0.23	0.13800285106114	1.66159557544607	0.0965938911059653	0.362117491922212
SACI_RS11675	211.247250565377	0.01	0.158495451925131	0.0566842770894652	0.954796698941161	0.98711108905685
SACI_RS07165	915.040855595829	0.10	0.150617329214385	0.688106152361927	0.491385936430818	0.778602128059641
SACI_RS07170	728.984557772796	0.09	0.113628965276327	0.761832573212965	0.446159936823843	0.74051193801037
SACI_RS07175	1682.06122113995	-0.08	0.203518062487756	-0.371965714669105	0.709918376449531	0.892077959858995
SACI_RS07180	548.663974446738	-0.39	0.164357453612277	-2.35630416734018	0.0184577970618672	0.158236163918387
SACI_RS07185	462.21495280964	-0.02	0.117157601625813	-0.147198648456012	0.882975227354009	0.959044038192841
SACI_RS07190	7442.32390891885	0.07	0.145770611022787	0.497568157223678	0.618788452260522	0.844830246393207
SACI_RS07195	376.343071650643	-0.51	0.125704267384592	-4.0573552508473	4.96315585576899e-05	0.00424093110710191
SACI_RS07200	366.896600205741	0.32	0.173779267788472	1.84740650855602	0.0646882466133899	0.295751799092214
pheT	1603.98492619859	0.39	0.151858215306043	2.58383130289132	0.00977095734634121	0.114209586340724
SACI_RS07210	2201.87470392674	0.20	0.126728649163683	1.60165281284423	0.109232405198074	0.381132523522037
SACI_RS07215	2103.65541422089	0.01	0.130443998426691	0.0890132618866804	0.929071370497682	0.976766591469349
map	981.771769359406	-0.10	0.114265758765904	-0.906387174121329	0.364730959058413	0.683322188722262
SACI_RS07225	10619.6578292167	0.03	0.107748123092384	0.266390101032185	0.789938788119598	0.924675700190171
SACI_RS07230	765.544676734308	0.25	0.182853369229287	1.3471254482644	0.177939833356096	0.489297042965997
rrf	13108.8436403955	-0.00	0.698599914629671	-0.00214102759758105	0.998291708440772	0.999098083003325
SACI_RS07240	1057.13330728583	0.07	0.111858161956466	0.654150459198123	0.513014875196248	0.789971484580071
SACI_RS07245	691.5222619	0.25	0.120474834234599	2.08182253075621	0.0373586829707457	0.226344294380215
SACI_RS07250	3341.01457733199	0.36	0.0969369351710089	3.76159330952109	0.00016883441288252	0.0099612303600687
rpl7ae	2342.831532108	-0.08	0.159367866120137	-0.521469365040235	0.602039841184216	0.8348375637686
SACI_RS07260	1764.74923548842	0.13	0.121366109827376	1.06765725439738	0.28567514689595	0.60399820280909
SACI_RS07265	13.6703003130163	-0.21	0.589964175930005	-0.355955513337156	0.721873881188767	NA
SACI_RS07270	414.745355648966	0.08	0.145317805478807	0.584105367170944	0.559149424050879	0.81256629265442
SACI_RS07275	67.5529794700554	0.32	0.292250172978934	1.09776170750919	0.27230855641894	0.592432487099327
SACI_RS07280	59.6006774671248	-0.10	0.364996342939877	-0.283461832720749	0.776822835374857	0.919152564316794
SACI_RS07285	9.91614889049808	0.79	0.692776235798128	1.14028763124118	0.254166489115081	NA
SACI_RS11860	28.6219074717567	0.37	0.418256900014742	0.872942226368233	0.382694568721802	0.691909154427802
SACI_RS07290	128.578284233313	0.51	0.271817546857681	1.86536180901612	0.0621307067770964	0.289943298293117
SACI_RS07295	75.9153967249436	0.05	0.268512553150422	0.17650321056795	0.859898626610932	0.950765545460024
SACI_RS07300	3.64415878839754	-0.39	1.69164469513043	-0.232230249602955	0.816359184115516	NA
SACI_RS12255	316.367302600567	-0.86	0.235963532097512	-3.64613310056915	0.00026621612409538	0.013743407406424
SACI_RS12260	232.498349102392	-0.92	0.222570296244327	-4.11267822598501	3.91095325849016e-05	0.00346119363376379
SACI_RS07310	507.556257430795	0.11	0.244995554371241	0.460365381231403	0.645253978992364	0.860413281786129
SACI_RS07315	649.22293092853	0.24	0.13511417538188	1.7468732036673	0.0806593349107137	0.329824805129948
SACI_RS07320	1351.55502635603	-0.10	0.115187732754096	-0.911187524724799	0.362196576059234	0.683322188722262
SACI_RS07325	5931.92063422035	0.17	0.102397256863056	1.67250995802911	0.0944238058904897	0.359419648228316
SACI_RS07330	1738.1249928558	0.06	0.113550870824722	0.494120717532525	0.621220927261405	0.84581618557899
SACI_RS07335	2479.28727113622	0.22	0.11135865618111	1.9973835311289	0.0457835354648019	0.249086027610722
SACI_RS07340	340.299636532399	0.14	0.167413602834337	0.856469371156239	0.391738207590964	0.698364948496697
SACI_RS07345	55.1750757507025	-0.07	0.256057583319597	-0.291989356653169	0.770294761715911	0.916675164889002
priL	400.477864627322	0.13	0.148700490568705	0.870740725274555	0.383895736536445	0.691909154427802
metG	2201.28342151989	0.06	0.119974227025784	0.50221512317008	0.615516206034174	0.844830246393207
SACI_RS07360	8625.68362561893	0.10	0.103213872634198	0.936463238058511	0.349034731688295	0.66839881385131
SACI_RS07365	467.621141700246	-0.16	0.160175790621589	-1.01222694040914	0.311429557861638	0.631406938309501
SACI_RS07370	1944.0366352348	0.37	0.136163718483848	2.69391260782501	0.00706186781937255	0.0935791896064448
SACI_RS07375	14712.1994400431	0.23	0.0898613169680802	2.53615604641959	0.0112076780159339	0.126192562542174
SACI_RS07380	9377.41840032059	0.14	0.0871554475265988	1.64766507742784	0.0994214181078002	0.367162852565021
SACI_RS07385	2666.46034362129	0.15	0.107596713087263	1.3758935535189	0.168854591339821	0.474400994716639
SACI_RS07390	284.87736908494	0.28	0.157340095562727	1.80110244011137	0.0716867352214242	0.309476881321758
SACI_RS07395	3208.2128987885	0.00	0.140843158145159	0.00396621206688757	0.996835428923855	0.99860598677736
proS	2182.89095826865	0.21	0.108906002750679	1.96791991298849	0.0490772532314578	0.259778708812537
SACI_RS07405	892.541356993947	0.29	0.134935952171734	2.18144734997367	0.029150344662763	0.196289549115018
pdxS	3389.49554131265	0.23	0.10867402596493	2.1248473570071	0.033599351794884	0.214585550896192
pdxT	1679.29332477023	0.26	0.112029992011087	2.3550872594404	0.0185183565521922	0.158236163918387
SACI_RS07420	3509.0104764284	0.22	0.100455787232139	2.2342857003004	0.0254642806167763	0.184504349030326
SACI_RS07425	360.670305075031	-0.18	0.155845455602336	-1.17370947284965	0.240511414647055	0.564916858289481
ilvC	3311.73704257086	0.02	0.185527222083092	0.113221570973494	0.909854894463998	0.969729216551307
SACI_RS07435	866.460634457726	-0.23	0.263531764094699	-0.858034008403969	0.390873684793027	0.697827803254411
SACI_RS07440	6284.22039156234	-0.07	0.201294061467392	-0.362890371010956	0.716686779979029	0.89513600846171
SACI_RS07445	166.992471202729	0.12	0.195487638097449	0.604367594739183	0.545599275294045	0.809029624879051
SACI_RS07450	160.931620542219	0.02	0.186595394798403	0.126404308144659	0.899411892101965	0.965856856178859
SACI_RS07455	887.939775333948	-0.06	0.0964182010698109	-0.583631980864382	0.559467938900611	0.81256629265442
SACI_RS07460	228.327916872672	-0.25	0.147738759751213	-1.72521942094659	0.0844879370195544	0.336593421116488
SACI_RS07465	47.8748237092324	-0.26	0.325914090975861	-0.787286477173858	0.431114184002278	0.728937960879071
SACI_RS07470	1060.64059338944	-0.30	0.157174438715341	-1.93770137137254	0.0526596665399825	0.269052894198096
SACI_RS07480	211.274125392915	-0.11	0.219028192845337	-0.51310642621171	0.607876876574953	0.841049078812246
SACI_RS07485	508.951679413104	0.25	0.165345041306738	1.51943994167839	0.128651794611936	0.414375001308907
SACI_RS07490	1146.97634767496	-0.03	0.137956850082091	-0.241147251831755	0.809440991486996	0.931902929050208
SACI_RS07500	165.742880400282	0.15	0.177531234555808	0.864334670093811	0.387404069764796	0.693632431269628
hisC	1232.48241354612	0.04	0.132393534168564	0.277621585601545	0.781302860360703	0.92193737522563
hisG	483.612742318739	0.68	0.175320383210412	3.88826379256772	0.00010096386165911	0.00648944062871546
hisA	243.190636404416	0.78	0.171296144968911	4.57845467056221	4.68423645084805e-06	0.000773835861680098
hisBd	543.437760915881	0.34	0.136495680218084	2.50998349226502	0.0120736805610969	0.130080784479992
hisF	539.437179009538	0.52	0.154123774477828	3.36335540119451	0.000770011631889761	0.0249429562255202
hisD	930.787281559191	0.43	0.15634478877879	2.73344825372769	0.00626749707311795	0.0897262645978891
hisE	94.8425831198205	0.67	0.230419856935059	2.90082681306321	0.00372179513021453	0.0676800774484117
hisH	261.956041836264	0.38	0.219869350391412	1.74717828493722	0.0806064172370087	0.329824805129948
hisI	88.8892625081531	0.54	0.228750361884674	2.34278369225153	0.0191404763781855	0.162303035932798
SACI_RS07550	2779.25220996235	-0.21	0.130006661356088	-1.57975282434272	0.114163483128207	0.390202911988548
serS	2644.64791186411	-0.06	0.104581862403498	-0.557287535155025	0.57733099073313	0.816484390460237
SACI_RS07560	12630.633767458	-0.02	0.0986607410796592	-0.203708256346097	0.838581489854528	0.941978663580924
SACI_RS07565	1295.7049200899	0.20	0.144699687370406	1.39139661682848	0.164105189975872	0.468155052335153
SACI_RS07570	2001.21002591337	0.08	0.192387469194605	0.427405497477754	0.669084003946982	0.869879413316171
SACI_RS07575	748.007552043166	0.04	0.138739353702476	0.294592655278683	0.768305073551414	0.916028095006168
SACI_RS07580	645.700384053275	-0.24	0.12775052815239	-1.89822997727043	0.0576657935045981	0.2817343813114
SACI_RS07585	364.089459833416	0.19	0.171863704371487	1.12552057456436	0.260368503681209	0.58335728039967
SACI_RS07590	453.499303936566	0.24	0.126904482896179	1.89365475488656	0.0582708505645919	0.283130580249743
SACI_RS07595	417.660894471744	0.97	0.173222726440997	5.57332276286214	2.49925907635068e-08	7.74145498899624e-06
SACI_RS07600	914.07770033864	0.83	0.168599929257185	4.94579099334981	7.58352922132568e-07	0.000170836231004046
SACI_RS07605	478.043025294344	0.46	0.182828072029183	2.49027750677881	0.0127643387528387	0.134239894105268
pyrI	650.938413744741	0.63	0.179134574634444	3.4971118488473	0.000470324594074702	0.0179302206787248
pyrB	1588.96301669084	0.23	0.155107681867965	1.47482287433496	0.140260169774745	0.43337244476536
pyrE	8.02054115653322	0.12	0.752640569301539	0.156198253980137	0.875876752966303	NA
SACI_RS07625	36.3570994176647	-0.17	0.363765263531891	-0.471722882604332	0.637124601811409	0.85525176776201
SACI_RS07630	166.22248742531	-0.35	0.1805584520796	-1.96545208709745	0.0493619359522244	0.259955069051972
SACI_RS07635	2539.85429520072	-0.32	0.133986183825146	-2.40483532072265	0.0161797549855471	0.149602361396216
SACI_RS07640	418.134464007272	0.05	0.142638924543588	0.348318176203971	0.727601244898403	0.9010643607712
SACI_RS07645	112.489677999634	-0.44	0.204625710452889	-2.17165880241374	0.029881408135708	0.199048734839474
SACI_RS07650	591.275485359391	-0.29	0.195875308844808	-1.47920145538366	0.139086480711291	0.431900124314009
SACI_RS07655	401.890859468027	-0.12	0.157066409668284	-0.747073200059062	0.45501937637972	0.749692828902224
SACI_RS07660	453.463803744492	0.07	0.145381380057303	0.510225266765734	0.609893652624478	0.841636477509358
SACI_RS07670	110.915773669912	0.24	0.292800104398231	0.822377369538635	0.410862155090501	0.712467753893815
purS	22.9898812039922	0.21	0.543475218824235	0.377435023071423	0.705850343546105	0.890097263702413
purQ	93.2585303995427	0.29	0.422853339642225	0.690198492762138	0.490069371080838	0.777788105780514
purL	659.465474982763	0.25	0.420079168891935	0.587950754345968	0.556565347804932	0.81256629265442
purF	434.363724372243	0.11	0.27453407250034	0.387557963075882	0.698343182624042	0.888786029970962
SACI_RS07695	782.571525363922	0.06	0.185219096580701	0.34949359152162	0.7267187811013	0.9010643607712
purD	1017.64661728952	0.07	0.199459051478764	0.333982622631582	0.738392671643948	0.907157679887805
purM	504.331554135153	0.07	0.165721133137155	0.434962368888051	0.663589742423937	0.867744264763333
SACI_RS07710	4709.51711069193	0.15	0.180103380708403	0.846827903972607	0.397091052493041	0.700349913222602
SACI_RS07715	312.332761123569	0.39	0.146767599468122	2.66528711418027	0.00769226175372063	0.0987191993609468
SACI_RS07720	4281.3323863785	0.37	0.442078261280622	0.833422428829828	0.40460652963514	0.709062928172474
argH	5441.96555706836	0.36	0.373258301308827	0.969157996702371	0.332466364528582	0.65229742779242
carA	5084.23316896256	0.48	0.234943039755962	2.03510119631722	0.0418406916515071	0.237680952833083
carB	15745.3802648337	0.75	0.20663505265233	3.60676419839909	0.000310039166924179	0.0147745587622715
SACI_RS07745	322.919416627374	-0.09	0.145758479878409	-0.591760202978987	0.554011176130695	0.81256629265442
SACI_RS07750	155.956823378357	-0.42	0.194060815340389	-2.16515191864663	0.0303760530750702	0.201801231957169
SACI_RS07755	338.505476648994	0.22	0.134558112670026	1.66354687929092	0.0962030150760377	0.362117491922212
SACI_RS07760	80.504061053742	-0.34	0.255438351571307	-1.34319822907926	0.17920779495448	0.49015112129934
SACI_RS07765	125.768486967405	-0.17	0.200356546604659	-0.848542895558754	0.396135693863857	0.700349913222602
SACI_RS07770	570.852731544736	-0.25	0.134366308017767	-1.85334699450392	0.0638326394337386	0.294881240536841
SACI_RS07775	962.269869597494	-0.10	0.108681007189972	-0.903539870912068	0.366239437369335	0.683977305223046
SACI_RS11685	115.483296734102	-0.32	0.227939730860307	-1.38892839801117	0.164854524138044	0.469012067524767
SACI_RS07780	37.7431043952998	-0.35	0.310515168844807	-1.13915873518351	0.254636953231935	0.58051934653883
amrS	1275.83252994802	-0.04	0.0966146898063682	-0.421239172589429	0.673580442472534	0.873421111012922
SACI_RS07790	808.333817246558	-0.18	0.124857841875523	-1.44952891306019	0.147189931929491	0.446434089744528
SACI_RS07795	289.722971438109	0.14	0.176115129488113	0.803367290284919	0.421762475153207	0.722271882121386
cyoE	2022.3940049149	0.06	0.109373857638949	0.543139040408912	0.587034074417876	0.821953075238537
SACI_RS07805	301.347174819647	0.39	0.138329387740196	2.8008329867136	0.00509708909678248	0.0779665850730061
SACI_RS07810	249.449132910651	0.31	0.146339481242568	2.12519879819672	0.0335700282870369	0.214585550896192
SACI_RS07815	818.317390095085	0.17	0.120150913603185	1.43474348436745	0.151360207937288	0.45298381071087
SACI_RS07820	647.408208878635	0.22	0.137159890659625	1.63209435286482	0.102659611216928	0.372686462877208
SACI_RS07825	2267.65669376272	-0.22	0.137485819018437	-1.62966135807003	0.103173088593125	0.372686462877208
SACI_RS07830	379.309709939098	0.23	0.123297410943862	1.89359168370752	0.0582792282201918	0.283130580249743
SACI_RS07835	674.512259887295	0.17	0.107234369492174	1.60295728818799	0.108944084261003	0.381132523522037
SACI_RS07840	2483.78053292132	-0.17	0.1543533117612	-1.10209207892167	0.270421642700791	0.59199967649232
SACI_RS07845	1664.62362675149	-0.26	0.0973473051846791	-2.62694988887033	0.00861540205353538	0.103635758682819
SACI_RS07850	2492.4950778348	0.26	0.158185529200863	1.63794901806501	0.101432329307035	0.371648237374599
SACI_RS07855	645.791162371263	0.06	0.128411611140334	0.475850130005614	0.634181152978906	0.854022179910184
pyk	1203.87630662098	-0.02	0.157738850795051	-0.104802069748587	0.916532867674147	0.971936738627815
SACI_RS07865	349.426857395994	0.03	0.160193724802627	0.216211468011903	0.828822914778447	0.93839930622254
SACI_RS07870	58.2009167112508	-0.89	0.31169209448378	-2.84078804362229	0.00450022116786133	0.072885934993205
SACI_RS07875	52.4181325772818	-0.21	0.29143010196968	-0.731847087579114	0.464261904900183	0.756739197074232
SACI_RS07880	73.9010208884648	0.29	0.258996904913902	1.10707001178133	0.268263659789196	0.59089542129567
SACI_RS07885	318.520698624423	0.37	0.153820012441143	2.38976631879906	0.0168590958494152	0.153591321745775
SACI_RS07890	623.010217094353	0.11	0.145246158247023	0.752025266740677	0.452035864249111	0.747760261421426
SACI_RS07895	744.849609980654	-0.14	0.115653921566513	-1.16929555203905	0.242284574616843	0.567468030151737
SACI_RS07900	406.409277038796	0.03	0.151745254511574	0.168622294111672	0.866093743501694	0.951321053367552
SACI_RS07905	586.576965480749	0.29	0.117760987364823	2.48970957550133	0.0127847518195493	0.134239894105268
SACI_RS07910	2752.04144434155	-0.15	0.102686000010197	-1.49870868050394	0.133949223803677	0.421761342548298
SACI_RS07915	298.860490428341	-0.18	0.18063870588987	-0.998260921816809	0.318152851693057	0.637791548444725
SACI_RS07920	489.82015160762	0.04	0.151254224162548	0.294295585270662	0.76853204581026	0.916028095006168
SACI_RS07925	1199.01992744678	0.47	0.204064780653535	2.30117287171099	0.021381861640748	0.171303826707473
SACI_RS07930	1898.28916664674	0.09	0.124590638426947	0.698998568746857	0.48455292529225	0.773247674298509
SACI_RS07935	196.409491180458	-0.22	0.184987429270045	-1.21557811272921	0.224145676016292	0.549389698485035
SACI_RS07940	810.444525205588	0.18	0.153220093984492	1.20410695273151	0.228548242981609	0.552529313276514
SACI_RS07945	4191.99070782996	0.13	0.134607871672287	0.951101708327311	0.341552747620344	0.661737138351609
SACI_RS07950	622.848441546133	0.12	0.133973398748403	0.906264215758342	0.364796021099983	0.683322188722262
SACI_RS07955	1024.42050009266	0.15	0.135854345361472	1.10534030075964	0.269012161422093	0.5912380203548
SACI_RS07960	17262.0891916349	0.07	0.161911535169264	0.416981052431539	0.676692266837624	0.873930360310819
SACI_RS07965	385.269463976279	0.07	0.296082892395478	0.239318887408291	0.810858320837583	0.93244296441885
SACI_RS07970	382.362246735889	-0.07	0.132211274082465	-0.545261005877602	0.585574018916313	0.821195483234083
SACI_RS07975	741.790334016333	-0.07	0.137825881561427	-0.491437204310831	0.623117255873932	0.846537587749782
SACI_RS07980	318.154176504892	-0.34	0.188214061770345	-1.80134363599299	0.0716487340940679	0.309476881321758
SACI_RS07985	504.055127477468	-0.25	0.117555638486639	-2.15282778911098	0.0313322153030015	0.204617920759952
SACI_RS07990	339.043667791823	0.26	0.160488772750059	1.63111725080907	0.102865581329169	0.372686462877208
SACI_RS07995	218.809570760491	0.16	0.169720120532037	0.964477475875836	0.334806595690511	0.654032703684821
SACI_RS08000	815.487055686229	-0.23	0.15521181928893	-1.47701571391722	0.139671425101401	0.43317370638457
SACI_RS08005	178.432227144967	-0.24	0.205200749092396	-1.18112900556444	0.237551478844485	0.560088072860736
SACI_RS08010	2474.5459342508	-0.18	0.085029671755453	-2.09935723964243	0.0357854211226549	0.222809871449043
SACI_RS08015	1703.11648698613	-0.15	0.151116297469421	-1.0197152080402	0.307863546909829	0.627889604314862
SACI_RS08020	11778.5558351592	-0.12	0.134129008036249	-0.878205747518157	0.379832073505892	0.691909154427802
SACI_RS12080	32141.4655480986	-0.14	0.139196506775689	-1.01718794490624	0.309064029701689	0.629819626316435
SACI_RS08030	1360.19581139608	-0.15	0.16966447326158	-0.896635096469942	0.369913663932584	0.686541010527158
SACI_RS08035	3125.59678189191	-0.20	0.127988326104768	-1.54107875485078	0.123297619803858	0.407919228136127
SACI_RS08050	460.378068928949	0.14	0.13306749277278	1.08941071104634	0.275972810122793	0.596278084743422
SACI_RS08055	87.5386617191317	0.42	0.230969961590037	1.83336268582291	0.0667486528517024	0.29642143685756
SACI_RS08060	144.517035885447	-0.48	0.214208506095042	-2.23936931973227	0.0251318959022044	0.184251000135096
SACI_RS08065	461.504834850604	-0.41	0.170885646666156	-2.39401641529313	0.0166650029299061	0.152535713721523
SACI_RS08070	1196.30362594531	0.22	0.132152571731273	1.66949121963731	0.0950200690521098	0.360471812314948
SACI_RS08075	514.839001562027	0.07	0.124674680107901	0.597048170729385	0.550475220032195	0.811467932920749
SACI_RS08080	208.032175454961	0.26	0.236137053481831	1.11766417709324	0.263710447924499	0.586075775746107
SACI_RS08085	270.409520798057	-0.22	0.175580480288147	-1.2318841454093	0.217992364694059	0.540278782190718
SACI_RS08090	2335.09685093266	0.07	0.127071153908556	0.580110979334652	0.561839780194235	0.81256629265442
SACI_RS08095	212.010005775939	-0.55	0.25922721711024	-2.10806471353289	0.035025392163614	0.22141051474856
SACI_RS08100	96.0472104142113	-0.49	0.242701662478932	-2.03471298755545	0.0418797606186007	0.237680952833083
SACI_RS08105	380.846046534554	-0.03	0.162936532977038	-0.166026675857428	0.868135957207403	0.951876505292011
SACI_RS08110	136.072801831345	-0.15	0.210439038578302	-0.701043493279268	0.483275872749176	0.772119672902939
SACI_RS08115	459.120496428598	0.19	0.128888196741657	1.44407190141244	0.148718751044736	0.449420811083971
SACI_RS08120	99.112279872779	0.20	0.308769556103006	0.662359837631651	0.507740636489529	0.789323273037047
SACI_RS08125	1222.62780973176	-0.41	0.55160206268053	-0.739807435150266	0.459416846877962	0.754430050737966
SACI_RS08130	637.347207071535	0.03	0.135345611853017	0.235103672339059	0.814128268462415	0.93369789698153
SACI_RS08135	993.292927280591	0.22	0.147376109593387	1.51002400808259	0.131037298244845	0.417403444566232
SACI_RS08140	555.623456921326	0.32	0.156088148570925	2.02990471148076	0.0423662260908176	0.238598882393286
SACI_RS08145	381.034624721938	0.38	0.152244175020281	2.4795784286735	0.0131537798725815	0.135537712096611
rfbC	238.29222752627	0.21	0.166819418406158	1.27759441894214	0.201392469448494	0.520386380910708
SACI_RS08155	107.533922956671	-0.43	0.254117989002192	-1.71079305101635	0.0871193228361031	0.343214120807414
merA	215.518562783105	0.39	0.195996765665189	1.97804682776352	0.047923424173959	0.255269835841364
SACI_RS11700	9.8269554972205	0.85	1.15667362248197	0.73701158808912	0.461115302396383	NA
SACI_RS08165	318.211396294726	-0.07	0.147156883834306	-0.45495628832807	0.649140686391281	0.862504354357959
SACI_RS08170	589.77008010243	0.02	0.145470146672567	0.146964827931395	0.883159782065456	0.959044038192841
SACI_RS08175	433.157152520773	0.08	0.138740162563862	0.597616983440553	0.550095529413249	0.811390905884543
SACI_RS08180	262.768282282958	-0.08	0.191532264488302	-0.429631082463974	0.667464023122125	0.869879413316171
SACI_RS08185	493.651000463471	-0.23	0.198015167320132	-1.18611768786747	0.235575826278271	0.558725261549341
ilvD	2526.79933425247	0.01	0.148409303793614	0.0965112096564252	0.923114571467953	0.974085521139825
SACI_RS08195	78.1295797035308	-0.10	0.263370274545045	-0.383730914719897	0.701177896915489	0.889342952863947
SACI_RS08200	109.162336140473	-0.00	0.225423103641207	-0.00799249529101404	0.993622979299076	0.998324794485495
SACI_RS08205	5550.70027307366	-0.53	0.165636855505211	-3.17034618274077	0.00152257421042039	0.0373558306279378
SACI_RS08210	4369.82640531575	-0.12	0.112540254246526	-1.0837830064941	0.278461021576959	0.598403833116713
SACI_RS08215	120.44015644473	-0.13	0.224940454670678	-0.590895967368108	0.554590128149095	0.81256629265442
SACI_RS08220	100.504363613874	0.62	0.236298932848297	2.6326788263152	0.00847144135792786	0.102588570063994
SACI_RS08225	174.09909838378	0.09	0.184811473282807	0.499288399531324	0.617576226261888	0.844830246393207
SACI_RS08230	311.508298940239	0.17	0.185645055643051	0.895928898595685	0.370290738668797	0.686541010527158
SACI_RS08235	421.604288724355	0.10	0.16255575226119	0.590850257887765	0.554620757197514	0.81256629265442
SACI_RS08240	406.613764354395	-0.25	0.215162645590084	-1.14953325339872	0.250336162976825	0.576097108624798
SACI_RS08245	814.242098878305	0.14	0.158839915712751	0.899497990738258	0.368387465562428	0.686364014784734
SACI_RS08250	612.083838666147	0.06	0.117165057934735	0.482888920650542	0.629174608969934	0.851585056904431
SACI_RS08255	661.517158974009	0.02	0.225752166631511	0.067966666674616	0.945812169042446	0.98517131352971
SACI_RS08260	88.4986581307302	-0.03	0.243522342141177	-0.132417339354716	0.894654200619691	0.964731553148648
SACI_RS08265	267.47024801032	-0.02	0.17470743975268	-0.0991175372881899	0.921044947911229	0.973309294056885
SACI_RS08270	843.093714790745	0.62	0.249583039726364	2.47655961125151	0.0132655470592247	0.135834816581648
SACI_RS08275	161.152488063767	0.21	0.250255571982861	0.823319038139981	0.410326589984902	0.712467753893815
SACI_RS08280	117.687769470057	0.35	0.248162748461085	1.40002283735649	0.161506479817849	0.464284288849917
SACI_RS08285	40.4463016275991	0.50	0.342824768898352	1.45719568055222	0.145062372602516	0.442690343976645
SACI_RS08290	16.3504181058721	-0.61	0.60639936588249	-1.00702435831382	0.313923068848968	0.634503560038941
SACI_RS08295	26.3496918473863	0.15	0.480397820127387	0.309958031859421	0.756592871349776	0.911647483597153
SACI_RS08300	7027.81373177101	-0.03	0.165870458390238	-0.168630339791346	0.866087414601407	0.951321053367552
SACI_RS08305	1052.77933555741	0.05	0.137636781764587	0.377594103039381	0.705732146035638	0.890097263702413
SACI_RS08310	775.066319768572	-0.15	0.167246675955976	-0.908669037841454	0.363524852431993	0.683322188722262
SACI_RS08315	106.527719722368	-0.15	0.198422188862771	-0.765089956347859	0.444217980139026	0.738773258244636
SACI_RS08320	76.5758777853259	-0.22	0.284847914005597	-0.789474307461603	0.429834840487973	0.728045614989198
SACI_RS08325	2981.00225408819	0.01	0.129725249741196	0.108986483579018	0.913213211011673	0.971219887075934
SACI_RS08330	1634.95963466894	0.03	0.113595345397457	0.234456382312462	0.814630691393893	0.93369789698153
SACI_RS08335	8.84167189367883	0.26	0.915228417565472	0.284482270960617	0.77604081874565	NA
SACI_RS08340	165.928532660351	-0.14	0.255825530288547	-0.564059107309096	0.57271390674507	0.816355748424813
SACI_RS08345	35.5467791145452	0.30	0.427659714312754	0.712236596377587	0.476318278566763	0.765445327035304
SACI_RS08350	38.0810078707473	-0.62	0.522803242153654	-1.18672289215895	0.235336942255397	0.558725261549341
SACI_RS08355	1354.52008814845	-0.18	0.13416804983712	-1.35943636886048	0.174008353100195	0.48070535003599
SACI_RS08360	12062.2787797358	-0.22	0.110768296329377	-2.011272147805	0.044296718730861	0.245564360212693
SACI_RS08365	958.678815177672	-0.45	0.118772966633645	-3.82103520761704	0.00013289267687586	0.00803190373898491
SACI_RS08370	137.473080216143	0.04	0.223961696068683	0.195193495584096	0.845241470898799	0.946456558918763
SACI_RS08375	195.55585369578	-0.41	0.195918265060856	-2.10922677172328	0.0349250121197441	0.22134061389444
SACI_RS08380	2591.47197047912	-0.54	0.414396858473849	-1.29712879593729	0.19458687504768	0.507030784824555
SACI_RS08385	500.187219932995	-0.33	0.25489668090362	-1.30851312844593	0.190699324608756	0.504864237586
SACI_RS08390	71.6123325427015	0.08	0.277289694009958	0.301635898093986	0.762929639124345	0.913228916869724
SACI_RS08395	90.6472116592495	-0.30	0.265720500196057	-1.13449944599525	0.256585105995786	0.58051934653883
SACI_RS08400	993.376734238142	0.14	0.174625676016506	0.811615150889704	0.417012494849259	0.717609001553099
SACI_RS08405	98.9426682906491	0.59	0.256904608798881	2.3033163742438	0.0212610490163957	0.171054803450093
SACI_RS08410	479.461710052596	0.05	0.162748805355606	0.307847136910423	0.75819865208885	0.911647483597153
SACI_RS08415	51524.3823339229	-0.04	0.133936378030825	-0.335237817907667	0.737445696328078	0.907094205195883
SACI_RS08420	1187.74178556079	-0.07	0.122652022122405	-0.579314782689611	0.562376792663492	0.81256629265442
SACI_RS08425	12576.1220199463	-0.00	0.112648281524608	-0.0126912516972387	0.989874118039946	0.997117099391458
SACI_RS08430	8101.51053793693	-0.01	0.141613813151381	-0.0998792171469264	0.920440216147244	0.973309294056885
SACI_RS08435	5458.45480497758	0.12	0.151627688300713	0.822911585424645	0.410558273927584	0.712467753893815
SACI_RS08440	4380.28528826809	0.26	0.158859987922956	1.65116063227084	0.0987057793324987	0.366157067643611
SACI_RS08445	337.947341404105	-0.12	0.196184975737343	-0.616768843696128	0.537387205132033	0.804936164858644
SACI_RS08450	1753.34917085058	0.10	0.112769430735208	0.906814772393404	0.364504756670154	0.683322188722262
SACI_RS08455	141.623669687482	-0.09	0.210198012286325	-0.41685475485518	0.676784649490098	0.873930360310819
SACI_RS08460	1498.26459299259	0.10	0.106146029941124	0.942784005032584	0.345791394698917	0.665432976165532
SACI_RS08465	254.324755852889	-0.08	0.488348298742428	-0.168916071657211	0.865862657496422	0.951321053367552
SACI_RS08470	457.640233741263	0.36	0.456752734909635	0.791069631152659	0.428903359620329	0.727778626416775
SACI_RS08475	311.95398354632	0.31	0.264182550291936	1.17937727322588	0.238247980692227	0.560663339178858
SACI_RS08480	204.798112885311	0.80	0.237164190691748	3.35506611127115	0.000793460195239753	0.0249429562255202
SACI_RS08485	203.711034129378	0.37	0.327860129284191	1.14027100112135	0.254173415276046	0.58051934653883
SACI_RS08490	492.101979388591	0.10	0.161257227824776	0.601424233600243	0.547557461909543	0.809092063572956
SACI_RS08495	79.9605669640018	-0.28	0.279450743146057	-1.01181485023158	0.311626588197143	0.631406938309501
SACI_RS08500	1165.81786441842	-0.01	0.126520125069567	-0.0538428210641539	0.957060392704857	0.98782355417263
SACI_RS08505	406.454816344545	-0.12	0.174722456575987	-0.681182842171702	0.49575580332199	0.781975099065495
SACI_RS08510	333.144850683246	-0.14	0.156435523799766	-0.873328401139545	0.382484104420184	0.691909154427802
SACI_RS08515	216.155425911647	-0.33	0.183936760684851	-1.77136892380611	0.0764993727980906	0.319133747127388
SACI_RS08520	384.766444022303	0.05	0.171912936886945	0.267575665942862	0.789025963909789	0.924675700190171
SACI_RS08525	522.396437287901	0.28	0.333288298398971	0.849585218274334	0.395555732996864	0.700349913222602
SACI_RS08530	2379.34782602868	-0.03	0.119724143018475	-0.290886164217241	0.771138383344588	0.916675164889002
SACI_RS08535	1404.43093923285	0.45	0.300993257115544	1.49206334713239	0.135682539421651	0.426136036358494
SACI_RS08540	72.5379155410295	-0.57	0.290222718687677	-1.95131968092494	0.0510190293075608	0.263935604643289
SACI_RS08545	111.606832338083	-0.40	0.25090250564828	-1.60310848391163	0.108910705272593	0.381132523522037
SACI_RS08550	2439.81150901249	0.04	0.150113701256757	0.262226763813069	0.793146620604328	0.926047345185469
SACI_RS08555	592.298822058351	-0.20	0.13479444524233	-1.50922807548839	0.131240507810505	0.417403444566232
SACI_RS08560	792.587320547696	0.01	0.149529746348124	0.0426941211020531	0.965945365979349	0.988945326963831
SACI_RS08565	775.613868644145	0.36	0.219353201529876	1.63745296908893	0.101535858233496	0.371648237374599
SACI_RS08570	244.892231620429	0.20	0.177835039170991	1.09990058004785	0.271375441967466	0.59199967649232
SACI_RS08575	34.5875902214228	0.12	0.470478047888304	0.260212261160593	0.794700046916484	0.926047345185469
SACI_RS08580	23.1261662748325	-0.17	0.471043744337031	-0.366157675573387	0.714247422364189	0.893891471019424
SACI_RS08585	32.5601167608223	0.08	0.403180469931335	0.206702527027683	0.836242183740214	0.940630109536201
SACI_RS08590	11.788488846758	0.17	0.680189684172984	0.254769494190383	0.798901138047365	NA
SACI_RS08595	86.4444285674294	-0.17	0.263337877689338	-0.640770888421533	0.521671549575319	0.794531100090744
SACI_RS08600	194.159213872106	-0.15	0.224998848700251	-0.682621126450464	0.494846280898629	0.781037633163569
SACI_RS08605	71.2120726674807	0.10	0.335467352209762	0.296298319196938	0.76700226944219	0.91596704755554
SACI_RS08610	7914.66124261451	0.34	0.607364633802807	0.551860366951644	0.581044024065484	0.819014272829504
SACI_RS08615	1108.19593794546	0.31	0.149406754478895	2.0831985495295	0.0372331292780289	0.226136505762146
SACI_RS08620	595.325881195336	0.37	0.158272706633488	2.35708265077221	0.0184191467610026	0.158236163918387
SACI_RS08625	4190.94574496921	-0.45	0.201064598730979	-2.22764077143131	0.0259044795524767	0.185523989396062
SACI_RS08630	1346.78319300347	-0.09	0.149491181117422	-0.575100608123476	0.565223256691071	0.81256629265442
SACI_RS08635	2232.9358484856	-0.15	0.139103929658214	-1.06985861275528	0.284682954734163	0.603276957688845
SACI_RS08640	85.9173820122218	-0.24	0.314879010817141	-0.749495564783156	0.453558570869293	0.74894877398261
SACI_RS08645	523.024287733053	0.20	0.12496702472994	1.60485705496061	0.108525266376318	0.381132523522037
SACI_RS08650	63.4978803460729	-0.08	0.295475791275491	-0.266419264814716	0.789916330037923	0.924675700190171
SACI_RS08655	239.152009470716	-0.02	0.164544465060635	-0.110894374168684	0.911700106849835	0.970675708759808
SACI_RS08660	1671.2760525757	-0.08	0.104711919375532	-0.786948494572821	0.43131201756704	0.728937960879071
SACI_RS08665	716.848103291442	0.09	0.147432012901647	0.581993261167783	0.560571220004802	0.81256629265442
SACI_RS08670	1358.36185157542	0.23	0.125920174700195	1.83218836240409	0.0669233621026331	0.296637595921667
SACI_RS08675	1010.63810846114	0.02	0.13391041558109	0.154793512158395	0.876984106108796	0.956499390377463
SACI_RS08680	80.300183127235	0.13	0.27073119087717	0.47418934191207	0.635364892991559	0.854022179910184
SACI_RS08685	184.077834538232	-0.19	0.178308977854431	-1.04264436267671	0.297113034832204	0.614050125366307
SACI_RS08690	280.51973650386	0.10	0.189511273262255	0.506244156819456	0.612685260021233	0.842995044049204
SACI_RS08695	151.224024127611	0.23	0.260180265376775	0.865773514404104	0.386614376306699	0.692719034336948
SACI_RS08705	849.236666570938	0.08	0.119789549962867	0.648809135718053	0.516461751717748	0.792867894116372
SACI_RS08710	294.022837533318	-0.09	0.175907051600223	-0.500192561422413	0.616939495579668	0.844830246393207
SACI_RS08715	321.905978107418	0.11	0.172426545944383	0.649529530916055	0.515996165092238	0.792867894116372
SACI_RS08720	185.221027676054	-0.09	0.180545427829217	-0.479027434336018	0.631919111828223	0.853349078534244
SACI_RS08725	422.157991667653	0.07	0.154769682499004	0.481885811254163	0.629887066056506	0.851997898301322
SACI_RS08730	438.279514769503	1.28	0.253207447496673	5.04284894212133	4.58651321809718e-07	0.000113653797544448
SACI_RS08735	22.4099810490624	0.73	0.535539963746786	1.37027062992386	0.170602437631747	0.475474175508839
SACI_RS08745	582.069657925669	0.18	0.163302584835672	1.12977997911809	0.258568946447042	0.581391833034686
SACI_RS08750	618.450449397146	-0.31	0.160019486455125	-1.91482514755408	0.0555148062720962	0.277910484731827
SACI_RS08755	422.409350792043	0.02	0.171640861603946	0.137567218230555	0.890582465206925	0.962755121373244
SACI_RS08760	1006.3204523969	0.19	0.181262080276855	1.0727894538544	0.283365593653246	0.603276957688845
SACI_RS08765	265.282582134796	-0.39	0.158448867824972	-2.45255455692063	0.0141845867796213	0.139760503030239
SACI_RS08770	45.3182052998109	0.12	0.311241650821908	0.384143461842389	0.700872120185636	0.889342952863947
SACI_RS08775	525.896436453969	-0.08	0.143664136579303	-0.56909790203747	0.569289702045083	0.814535096422045
SACI_RS08780	434.075304984572	-0.05	0.190333534640481	-0.261028850006007	0.794070259200742	0.926047345185469
SACI_RS08785	428.282169320947	-0.28	0.20468183478274	-1.37115552458777	0.170326479234416	0.475474175508839
SACI_RS08790	303.19982476962	-0.08	0.185223943657061	-0.420770071459872	0.673922987997057	0.873421111012922
SACI_RS08795	484.003069717888	0.39	0.17093719344613	2.29515061389161	0.0217244943107593	0.17186986463691
SACI_RS08800	673.258225280666	0.04	0.18143977295347	0.20450083790082	0.837962137279997	0.941709830467044
SACI_RS08805	858.352113407993	0.13	0.153388924867582	0.878013972657552	0.379936136066937	0.691909154427802
SACI_RS08810	179.559376002468	0.26	0.212965981329995	1.20119666959559	0.229674920992315	0.554171815208333
SACI_RS08815	354.120241491221	0.23	0.215565733146141	1.08700757876977	0.277033460328646	0.597466418358907
SACI_RS08820	626.597921628358	0.10	0.119570083094613	0.874671911342016	0.381752447646918	0.691909154427802
SACI_RS08825	166.008609323709	-0.10	0.182437416762938	-0.530702379630438	0.595625036769297	0.829656459311028
SACI_RS08830	430.032998991233	0.17	0.140425974986498	1.21848014228764	0.223041566428155	0.548069274003292
SACI_RS08835	1580.31852295612	-0.12	0.14052591549857	-0.830111531371321	0.406475727968381	0.710992163636109
SACI_RS08850	124.965286550417	0.49	0.459276493410407	1.07204195259483	0.283701189272455	0.603276957688845
SACI_RS08855	172.001924913502	-0.12	0.211807026912233	-0.559380757611808	0.575901890932359	0.816484390460237
SACI_RS08860	492.714338372598	0.11	0.129858183375323	0.847150091410974	0.396911467795732	0.700349913222602
SACI_RS08865	609.825366016061	0.11	0.145526781955615	0.765197063220492	0.444154208185263	0.738773258244636
SACI_RS08870	216.80645201251	0.23	0.1781946998407	1.29980166627512	0.193668954277204	0.507030784824555
SACI_RS08875	852.316055258335	-0.07	0.125416855223642	-0.589461514332909	0.555551721850655	0.81256629265442
SACI_RS08880	406.203023490907	-0.04	0.151692017631071	-0.23898478286289	0.811117382418353	0.93244296441885
SACI_RS08890	61.6530042642267	-0.21	0.284949060949551	-0.722307807242986	0.470105253944977	0.760392179683847
SACI_RS08900	1543.81966416423	0.24	0.192429321208142	1.25890690729047	0.208063958646921	0.526023713393452
SACI_RS08905	297.543374223485	0.13	0.187961260454439	0.697666501270906	0.485385782286776	0.773993544727561
SACI_RS08910	536.326548119927	-0.07	0.223299959523079	-0.320141452107299	0.748861103647222	0.909904283273044
SACI_RS08915	1484.51818947506	-0.28	0.128444752861413	-2.21275848308286	0.0269143009891166	0.188805852091305
SACI_RS08920	2490.62251764958	0.11	0.185036613066816	0.611148151845866	0.541101504519007	0.807504081744363
cbsA	7068.5602571944	0.38	0.418162331249579	0.903316229215756	0.366358085559273	0.683977305223046
cbsB	1633.92047270349	0.51	0.451708796532333	1.12926181058937	0.258787405906884	0.581391833034686
soxL2	2850.21108947159	-0.07	0.370502359360992	-0.201773160329437	0.840094064930351	0.943250155368106
SACI_RS08940	5130.36486933158	0.25	0.458283398056831	0.538637040184672	0.59013732428361	0.82479429756051
SACI_RS08945	586.281528629649	0.54	0.496681989598362	1.09520195185763	0.273428170781073	0.593825597892637
SACI_RS08950	667.632882459533	-0.32	0.143604974338753	-2.25396688543419	0.0241982512919783	0.183373904286001
cas6	791.076777655583	-0.05	0.102003917449763	-0.468939812572164	0.639112657766485	0.856065495105595
SACI_RS08960	474.021704754586	0.25	0.172874059870147	1.42681640735413	0.15363282062048	0.457010520485629
SACI_RS08965	194.855023802825	0.18	0.200337563952184	0.911205794371921	0.362186951577559	0.683322188722262
SACI_RS08970	1804.64644717642	-0.35	0.128106759276571	-2.72435044939682	0.00644281015704291	0.0897262645978891
SACI_RS08975	2267.90209057388	0.33	0.282087101996466	1.15724042793678	0.247174144709317	0.574820094381306
SACI_RS08985	12.3727189509528	0.27	0.678440248620127	0.398443100037935	0.690303592990462	NA
SACI_RS12265	271.634538841621	0.01	0.200501920414072	0.0617211958168002	0.950784860327221	0.985412170159604
SACI_RS12270	1.13636122770319	-2.54	2.3196624429711	-1.09450049644245	0.273735529764332	NA
SACI_RS08995	76.6320867578934	0.26	0.267051331596947	0.990771889247282	0.321796978609225	0.640136162659612
SACI_RS09000	1711.82491210941	-0.29	0.130513292797674	-2.24478395714017	0.0247820051613382	0.184089942712793
SACI_RS09010	1608.56766261936	0.15	0.23147155612782	0.628213288470113	0.529864226300485	0.800611922422319
SACI_RS09015	843.916991827068	0.16	0.177029871204891	0.884386572149453	0.376487569078803	0.69019834125305
cas7d	2149.88313790152	0.15	0.173773887827182	0.889407144025613	0.37378430691767	0.688283733817008
SACI_RS09025	3197.71900824952	-0.05	0.139088542735038	-0.329609215187049	0.741695258684763	0.908469344867625
csa3	184.994340313314	0.04	0.194049553678564	0.223220877730779	0.823363603771265	0.93634465816668
cas2	153.010397272539	0.05	0.20692412075537	0.232395395207703	0.816230925127917	0.934286090168033
SACI_RS09045	158.571203850686	0.14	0.195428119784772	0.733400288891166	0.463314323059037	0.756715852422177
cas1	673.215066158599	-0.15	0.16942783913105	-0.870869855890652	0.383825217539049	0.691909154427802
SACI_RS09055	103.913481482137	0.44	0.250365385861763	1.77504860074392	0.0758898627476413	0.31842546344544
SACI_RS09060	123.846718641604	0.31	0.236894730035319	1.32654134801005	0.18466044871289	0.498457375627562
SACI_RS09065	420.241727384873	0.09	0.17225968488709	0.523588595974311	0.600564715051995	0.834623921459257
SACI_RS09070	794.364013191009	0.04	0.174796805520108	0.216431506943351	0.828651409225587	0.93839930622254
SACI_RS09075	15.9572614139671	0.44	0.552214281944972	0.797858395405596	0.424952669274435	0.726730651802657
SACI_RS11985	193.508553872199	-0.13	0.22290408508682	-0.604222280975002	0.545695869403083	0.809029624879051
SACI_RS09085	770.476198424348	0.22	0.14275536504013	1.53866964166996	0.123884967334318	0.40898741730636
SACI_RS09090	252.399804833139	0.51	0.187212687204309	2.72421488391227	0.00644545551246859	0.0897262645978891
SACI_RS12275	21.4529024461465	-0.36	0.578023548219414	-0.630543942865085	0.528338761922128	0.799769976813092
SACI_RS12280	2.42431165125442	1.54	2.36865998575147	0.649176928195911	0.516224022680395	NA
SACI_RS09105	12.7409508486711	-0.23	0.637142996626009	-0.361401096000561	0.717799628799332	NA
SACI_RS09110	318.400181401508	0.42	0.204574717718124	2.05447561442712	0.0399296812072765	0.232813529486191
SACI_RS09115	1147.78298719816	0.11	0.127519684664675	0.870169415258221	0.384207827478876	0.691909154427802
SACI_RS09120	198.584435090105	0.22	0.167453951233955	1.3319071054734	0.182890715873485	0.495304037086881
SACI_RS09125	407.504822914737	0.16	0.138854510284591	1.12609513625392	0.260125252528832	0.58333970657597
SACI_RS09130	371.945851342631	0.04	0.145958604200428	0.269908478427037	0.787230664337417	0.924675700190171
SACI_RS09135	363.747394655484	0.18	0.133125927856882	1.37033176160506	0.170583362676908	0.475474175508839
SACI_RS09140	2912.62483726352	0.04	0.11849320811712	0.319376620853989	0.749440937110687	0.909904283273044
SACI_RS09145	229.340652197978	0.00	0.168302154278397	0.0164842724714922	0.986848049134276	0.997036505340924
SACI_RS09155	685.007735654225	0.50	0.186911266443034	2.65891229151391	0.00783933681721803	0.0987191993609468
tsaA	44.9485878308729	0.22	0.337608956691185	0.662782414796981	0.507469917738068	0.789323273037047
SACI_RS09165	64.7883592210946	-0.42	0.392428329755081	-1.0807898249157	0.279790615617854	0.599671572904945
SACI_RS09170	1950.47496061531	0.11	0.107274129241387	0.991143941756131	0.321615298981407	0.640136162659612
SACI_RS12090	891.709733537838	-0.15	0.161039378998407	-0.902946248259829	0.366554423460938	0.683977305223046
SACI_RS09180	241.224368981764	0.09	0.201778846116015	0.447789534421326	0.654305097137488	0.864729616376904
SACI_RS12095	1.54746776115817	2.55	2.09937204174334	1.21313756441852	0.22507723014323	NA
SACI_RS09185	300.694553280454	0.03	0.174738943929245	0.18316807118729	0.854666146006476	0.94928852971943
SACI_RS09190	404.76048506264	0.14	0.154751622545202	0.874277427071321	0.381967189138567	0.691909154427802
SACI_RS09195	559.963921598538	-0.18	0.132430241519214	-1.37889164526048	0.167928164502312	0.472333702198332
SACI_RS09200	419.179562358202	-0.17	0.139368127256117	-1.22088690867875	0.222128841827396	0.54715235591281
SACI_RS09205	153.024243800432	0.11	0.18864846014261	0.587131548789896	0.55711536050183	0.81256629265442
SACI_RS09210	668.265613582732	-0.12	0.105270578750981	-1.09710564259553	0.272595213898854	0.592535912316983
SACI_RS09215	15.5024822755932	-0.31	0.649342979532672	-0.473722023482232	0.635698146182301	0.854022179910184
SACI_RS09220	308.969296093635	0.01	0.152381077572201	0.0811287512464115	0.935339560857734	0.980444768107218
SACI_RS09225	348.387039911441	0.17	0.123390086647383	1.4096834806141	0.158633164661051	0.460366422005317
SACI_RS09230	906.350282499665	-0.04	0.104921910531873	-0.380960844670773	0.703232303001397	0.889342952863947
SACI_RS09235	247.398004469271	0.09	0.172446915481423	0.545573829212533	0.585358918026962	0.821195483234083
SACI_RS09240	334.778785699971	0.23	0.126204651981542	1.83461608405845	0.0665625938196334	0.296262268836838
SACI_RS09245	1060.44935585877	0.21	0.243668322736064	0.850038050125999	0.395303931867599	0.700349913222602
SACI_RS09250	1206.94849974492	0.30	0.16460182478494	1.84941078195044	0.0643985197382934	0.29497140833917
SACI_RS12100	4.72872393027776	-4.62	1.62471224840594	-2.84469348166705	0.00444541784341986	NA
SACI_RS09255	769.072943128817	-0.02	0.161811462423422	-0.14386351176674	0.885608249287965	0.959990044503752
SACI_RS09260	900.157534961207	0.17	0.116630795488419	1.41709161387367	0.156456144082057	0.459635153179074
SACI_RS09265	484.337699102196	0.14	0.180143816231641	0.803918577956821	0.421444000011622	0.722271882121386
SACI_RS12105	6.83001929975165	0.51	0.779624489330283	0.655259291244563	0.512300825965068	NA
SACI_RS09270	12.6800043171806	-0.06	0.647340825028919	-0.0996718975135033	0.920604811950255	NA
SACI_RS09275	4.92923859594857	-0.45	1.37812317452141	-0.326590203372291	0.743977854162712	NA
SACI_RS09280	2.76470513706805	-1.00	1.98265073175302	-0.505347622052611	0.613314700285146	NA
SACI_RS11720	3.51015812749714	0.39	1.03974399612184	0.370995947693964	0.710640549953648	NA
SACI_RS09285	54.5243754424845	0.19	0.322204629883897	0.577452418728012	0.563633872428508	0.81256629265442
SACI_RS09290	16.8816494599882	-0.01	0.484065514919057	-0.0192864567155489	0.984612587895962	0.996678918629981
SACI_RS09295	121.544536663394	0.02	0.22307609047256	0.112039321833885	0.91079222851967	0.97031089521571
SACI_RS09300	101.168767883656	-0.01	0.251872769520591	-0.0418536137782953	0.966615394811434	0.988945326963831
SACI_RS09305	63.5530933792166	0.10	0.270369489600833	0.373451547042096	0.70881240084868	0.891180117507673
SACI_RS09310	48.8856463615843	0.45	0.366105597558589	1.21626172748562	0.223885236000776	0.549294668128635
SACI_RS09315	81.0222994883092	0.17	0.258301274059304	0.667200261259482	0.504644224282135	0.788964282505445
SACI_RS09320	45.1722012167058	0.08	0.351229171701025	0.232210660750532	0.816374397964462	0.934286090168033
SACI_RS09325	35.7992605528685	0.06	0.418191281123282	0.148133907310124	0.88223709046993	0.959044038192841
SACI_RS12110	14.2912331849628	-0.36	0.582335041283837	-0.610655857800968	0.54142743502977	NA
SACI_RS09330	816.365452621501	0.36	0.254090541019248	1.40613827458117	0.159683068858724	0.462260098869065
SACI_RS09335	1740.73719740408	0.29	0.268849058632334	1.06051280283301	0.288911368588622	0.605687285416757
SACI_RS09340	1010.90238320761	0.33	0.161298150108598	2.06197798312233	0.0392098321586984	0.230241621064585
SACI_RS09345	904.148380104616	0.02	0.190029986598265	0.124091619265469	0.901242733728512	0.96602269973101
SACI_RS09350	439.994263417464	0.06	0.168335009124383	0.333300973301793	0.738907104761553	0.907339844201749
SACI_RS09355	462.270900420425	0.24	0.136817309785032	1.75067570076853	0.080001787343653	0.328763563909738
SACI_RS09365	3077.93051592545	0.08	0.236479954598966	0.356176247429714	0.721708578880971	0.898586110780667
SACI_RS11500	2628.04085702312	-0.07	0.153968193846762	-0.42328254630984	0.672089126975939	0.872176298865042
SACI_RS09380	1778.38784267445	-0.24	0.237791297243778	-0.991307604226473	0.321535401000664	0.640136162659612
SACI_RS09385	2718.63786645861	-0.24	0.226451567960904	-1.06950936766122	0.284840210046791	0.603276957688845
SACI_RS09390	107.340748608389	-0.10	0.21894542273821	-0.479094453345593	0.631871435488255	0.853349078534244
SACI_RS09395	99.9390115845926	0.21	0.214488445387291	0.96431454885412	0.334888248905505	0.654032703684821
SACI_RS09400	220.087131631609	0.16	0.207320164416503	0.793131354202293	0.427701296856197	0.727415108860437
SACI_RS09405	157.418136383998	-0.17	0.203459371473537	-0.841445746778092	0.400098266496143	0.703402632703064
SACI_RS09410	1119.94128085196	-0.20	0.14050795766514	-1.41663833366696	0.156588694882448	0.459635153179074
SACI_RS09415	534.910419740263	-0.19	0.146711558181181	-1.27440674260334	0.20251930398112	0.521124439527741
SACI_RS09420	396.340967337768	0.50	0.148193757550684	3.37693168783785	0.000732992518507139	0.0242180728114759
SACI_RS09430	105.104893190758	0.25	0.286051935343219	0.887018485729418	0.375068948070542	0.689435413446756
SACI_RS09435	92.570768874579	0.13	0.218080387772452	0.598683980247943	0.549383641925155	0.811141065321741
SACI_RS09440	704.11062437171	0.51	0.180762019420759	2.84450894429746	0.00444799370124648	0.0725140025768999
SACI_RS09445	554.022214787733	0.89	0.206913516783198	4.29921947308336	1.71400675144322e-05	0.00223542564740857
SACI_RS09450	556.637779318336	0.46	0.181007280396359	2.56471500854838	0.0103260580461086	0.118462832584523
SACI_RS09455	3928.32606128515	0.32	0.167569337988722	1.90160062202083	0.0572233865653864	0.28083445188397
SACI_RS09460	885.093574758009	-0.04	0.151233968710891	-0.270669765658223	0.786645032548215	0.924675700190171
SACI_RS09465	734.293423520952	-0.02	0.136719164943019	-0.162192821782606	0.871154012344717	0.953077104896339
SACI_RS11995	585.344031798512	-0.02	0.137032429874396	-0.134347181196053	0.893128046179971	0.963505136453622
SACI_RS09475	565.070636551061	0.22	0.114032172028489	1.94351193187795	0.0519543351366726	0.266981027609233
SACI_RS09480	149.274751955997	-0.22	0.176259530732979	-1.25840796014717	0.208244254575858	0.526023713393452
SACI_RS09485	209.633784538775	0.05	0.173193445417949	0.305531208581752	0.759961604541737	0.911953925450085
SACI_RS09490	178.966855054544	-0.35	0.217470632210795	-1.60137936287044	0.109292920754098	0.381132523522037
SACI_RS09495	1475.8909912485	-0.02	0.148376102061128	-0.158083371550115	0.874391103428644	0.954511521716379
SACI_RS09500	1920.90517391347	0.09	0.120008328296541	0.715561779819606	0.474261980648066	0.763130641588252
SACI_RS09505	890.88891060035	0.15	0.158748686388538	0.931989549877846	0.351341926059491	0.6712608271206
SACI_RS09510	802.836926485215	0.29	0.13744588811251	2.09472141006211	0.0361957648502464	0.223673579299029
SACI_RS09515	143.649160876824	0.38	0.198559689752034	1.90153324195673	0.0572322026640052	0.28083445188397
SACI_RS09520	150.826692863002	0.15	0.210551893073051	0.717243275829582	0.47322400099928	0.763121889274314
SACI_RS12000	59.6601256278883	0.08	0.319564334764588	0.250175834181416	0.802451372679933	0.929628097943372
SACI_RS09525	2679.15134418193	-0.16	0.0897306254955812	-1.83449280853941	0.0665808743299658	0.296262268836838
SACI_RS09530	168.914444686139	-0.26	0.227839823067975	-1.13152885321096	0.257832566319677	0.58051934653883
SACI_RS09535	758.369110125714	-0.10	0.157886780832579	-0.618823765352768	0.536032464357729	0.804936164858644
SACI_RS09540	12.4188213606651	0.20	0.616462986102537	0.324132298243816	0.745837875322474	NA
SACI_RS09545	559.107431265133	0.15	0.127325603985433	1.19418229842909	0.232406665875101	0.556966845298356
SACI_RS09550	364.178556623664	0.21	0.151349625947897	1.36544655043746	0.172112741498986	0.475999300708132
SACI_RS09555	83.3501978248778	-0.48	0.306922485990116	-1.5692973971736	0.116578658524187	0.396271489469049
SACI_RS09560	33.7368188649728	0.58	0.379100063970795	1.51927684806054	0.128692824798825	0.414375001308907
SACI_RS09565	82.2013869519845	-0.04	0.272232359264836	-0.134702911891524	0.892846770819704	0.963505136453622
SACI_RS09570	420.774499173701	0.16	0.186882593179937	0.851393844915023	0.394550609734416	0.700349913222602
SACI_RS09575	132.97439913159	0.33	0.215333756674264	1.51599457931334	0.129520723086702	0.416056797222832
SACI_RS09580	165.882709746161	-0.05	0.184129418957221	-0.25707171092093	0.797123415249466	0.927241485359554
SACI_RS09585	299.504336099145	0.08	0.171012089201674	0.449124969907642	0.653341508615475	0.864358125890354
SACI_RS09590	181.034833011376	0.16	0.184011085092448	0.892127213096567	0.372324750196179	0.687496818916641
SACI_RS09595	276.505764856504	0.28	0.198777132033663	1.41297392889005	0.157663389912112	0.459635153179074
SACI_RS09600	585.945086433343	-0.00	0.147534508029868	-0.0232384042893283	0.981460104677856	0.996174899965712
SACI_RS09605	217.767551534874	0.06	0.171607123707691	0.326645782779534	0.743935811631666	0.908562317014918
SACI_RS09610	65.5423562930373	0.51	0.373996795051559	1.37215168373536	0.170016222878455	0.475474175508839
SACI_RS12115	5.83648457364808	1.51	1.42668264168359	1.05740931645572	0.290324821452571	NA
SACI_RS09615	900.570267694998	-0.07	0.156533975668688	-0.427489538663655	0.669022803166416	0.869879413316171
SACI_RS09620	979.19502418561	0.04	0.140858617288746	0.280005173247305	0.779473535910846	0.920409722192826
SACI_RS12120	83.4714616360874	1.31	0.355437636180492	3.69370079910789	0.000221013835237053	0.0119059192112482
SACI_RS09625	23.5145078877183	-0.39	0.416836238232717	-0.941823943862491	0.346282784278455	0.665432976165532
SACI_RS09630	97.3881785402639	0.29	0.234400956052084	1.2451681731447	0.213069938976459	0.533055005738268
SACI_RS09635	30.0237241565119	0.15	0.438155904974248	0.337004670504187	0.736113379295505	0.907094205195883
SACI_RS09640	94.5108312141212	0.07	0.205451368494758	0.317678857318297	0.750728550471433	0.911021228241043
SACI_RS09645	4.34102929928159	-0.50	1.27017532648247	-0.392553680250543	0.694649156425343	NA
SACI_RS12285	2.70486612910273	0.72	1.58874524469307	0.453027556773227	0.650528898619832	NA
SACI_RS12290	4.16819549344274	-1.86	1.34490685515372	-1.38307501558946	0.166641865570317	NA
SACI_RS12295	16.1785638159897	0.33	0.61385032380587	0.535510232467107	0.592297083837013	0.826082838784928
SACI_RS09655	1386.25305062759	-0.14	0.13377395906302	-1.07586038928169	0.281989699374828	0.601971601705098
SACI_RS09660	825.935881570147	-0.09	0.155766580155511	-0.55776958923897	0.57700173132753	0.816484390460237
SACI_RS09665	518.165420578018	-0.08	0.194027058537469	-0.407007419094193	0.684002539153705	0.876853746519856
SACI_RS09670	203.599461757242	-0.09	0.211343481815881	-0.444437985337001	0.656725955521172	0.865620700947587
SACI_RS09675	57.1867900772449	-0.60	0.287875159465634	-2.0973106925659	0.0359660809441555	0.222809871449043
SACI_RS09680	91.9724302394841	0.00	0.250466851480787	0.0132958563013797	0.989391754089319	0.997036505340924
SACI_RS09685	40.492550364179	0.45	0.418982109474087	1.06607126309883	0.286391428867399	0.604272615374555
SACI_RS09695	157.799228945057	0.15	0.172367937573549	0.883305053666348	0.37707147405739	0.69019834125305
SACI_RS09700	142.94971415944	-0.07	0.190179952194694	-0.386407892809604	0.699194605590395	0.888786029970962
SACI_RS12005	117.101495500651	-0.15	0.200941149865104	-0.747239928481213	0.454918746074694	0.749692828902224
SACI_RS09715	700.746663949895	-0.51	0.215070456686484	-2.35540277321204	0.0185026383179679	0.158236163918387
SACI_RS11955	2.95209702324517	0.18	1.29361493506707	0.142693403354079	0.886532326764482	NA
SACI_RS09740	355.40775254038	-0.15	0.168040498338934	-0.886031771575192	0.375600406841453	0.689435413446756
sixA	954.239602259712	-0.07	0.0954182544014918	-0.690190833744068	0.490074186909338	0.777788105780514
SACI_RS09750	974.889408963725	-0.04	0.142077918581265	-0.254822816292818	0.798859952021041	0.927635876807938
SACI_RS09760	196.753501346204	0.33	0.173266791536991	1.88121474626379	0.0599427125746389	0.284620319002523
SACI_RS09765	183.523127869972	0.44	0.20044636860164	2.17823960777336	0.029388202711988	0.197354922277253
SACI_RS09770	455.660727693115	0.30	0.161662532352579	1.85151836739129	0.0640950148382903	0.294881240536841
SACI_RS09775	621.018609687826	0.22	0.112517553933582	1.95514803355546	0.0505656001779665	0.262179864061324
SACI_RS09780	682.50446665793	0.31	0.226748367035646	1.3800117632006	0.167583023010268	0.472283462825501
SACI_RS09785	454.56337806356	-0.04	0.221486931184955	-0.158824500389509	0.873807145300053	0.954294449560834
SACI_RS09790	99.0527119175335	0.60	0.273697828640236	2.20872816820238	0.0271935539493189	0.189285468220259
SACI_RS09795	4490.83404413036	-0.33	0.115451562313527	-2.8586599354764	0.00425434587328135	0.0698163514833854
SACI_RS09800	273.313439781737	0.35	0.205498559818778	1.72104599553854	0.0852424778025179	0.337429488809328
SACI_RS09805	37.4297751252471	-0.36	0.355365334797015	-1.00492049984061	0.314935132446765	0.635329418964903
SACI_RS09810	72.026591373159	0.18	0.280873187637244	0.641632947509608	0.521111535176663	0.794531100090744
SACI_RS09815	85.1539970135839	0.20	0.268552476635537	0.741146485643576	0.458604626581957	0.75359566622685
SACI_RS09820	433.499068840321	-0.14	0.147247490593816	-0.939044113236273	0.347708095982012	0.666889057154354
SACI_RS09825	1204.34195752349	0.08	0.123956686605904	0.660193315347019	0.509129781461988	0.789859787759282
SACI_RS09835	447.936178446211	0.55	0.246283751437551	2.23641038034216	0.0253249018079305	0.184504349030326
SACI_RS09840	501.867723243959	0.15	0.180827822091883	0.830568181459473	0.406217615882427	0.710992163636109
SACI_RS09845	6685.98881982468	0.21	0.269942039956859	0.776856734500037	0.437243299726508	0.734071068240032
SACI_RS09850	4564.99318212137	0.15	0.263769733095732	0.569053357558136	0.569319930186837	0.814535096422045
SACI_RS09855	904.909714943231	0.06	0.274115581767451	0.235439622596238	0.813867535859107	0.93369789698153
SACI_RS09860	7643.38167612199	0.02	0.337525714666678	0.0648403901491828	0.948301082407234	0.985278860463365
SACI_RS09865	280.286225819583	-0.27	0.192294998994939	-1.38650351124231	0.165593208856934	0.469496534951353
SACI_RS09870	24538.8200564832	0.28	0.280306890413895	1.01087099185764	0.31207817947739	0.631805333941971
SACI_RS09875	15943.1274911281	0.28	0.280281915090432	1.0024673245866	0.316117940268641	0.635715545673665
SACI_RS09880	42.7526814713218	0.49	0.404147021721399	1.21978881829383	0.22254494130389	0.54763293401295
SACI_RS09885	54.4713181731711	0.91	0.328185528678545	2.75783225493804	0.00581860480180257	0.0858244208265879
SACI_RS09890	21.0509480527199	0.36	0.494742499597165	0.730228941201048	0.465250254883714	0.756986297834435
SACI_RS09895	156.835832220277	0.32	0.249086723282876	1.27198053238739	0.20338003626292	0.521714006065752
SACI_RS09900	7.41821801161882	0.77	0.787212944140542	0.973525634300709	0.330292126201493	NA
SACI_RS09905	27.4454317075507	0.37	0.424719187785318	0.874785166351829	0.381690809827173	0.691909154427802
csx7	54.131799526569	0.28	0.348150769776044	0.796567805134371	0.425702081519262	0.727185606681879
SACI_RS09920	209.454706910432	0.03	0.180445650271891	0.164434648926633	0.869388988891699	0.952465999728203
SACI_RS09925	3.95250867007944	1.19	1.49162200392002	0.795159311107352	0.426520837066451	NA
SACI_RS09930	24.7117474939007	-0.02	0.398694109548587	-0.0472287176801781	0.962330939654995	0.987848416763734
SACI_RS09935	463.439559043655	0.24	0.244946039462901	0.985805848762484	0.324228395131707	0.642750370509097
SACI_RS09940	262.366649690931	-0.19	0.168008653833218	-1.11364542194816	0.265431332050388	0.586742944532437
SACI_RS09945	190.485252637145	0.43	0.316368424070115	1.34421614397809	0.178878502663843	0.49015112129934
SACI_RS09950	175.979680322057	-0.20	0.67258179621749	-0.290198473003235	0.771664404341589	0.916675164889002
SACI_RS09955	198.840170460633	-0.14	0.481122151522134	-0.29705960924427	0.766421000324855	0.915714194216485
SACI_RS09960	41.7215881690828	-0.65	0.666107202651601	-0.97451866875231	0.329799074308896	0.65017422858639
SACI_RS09965	332.642234164651	-0.42	0.173463247567307	-2.41148187722813	0.0158878414220164	0.148211862719153
SACI_RS09970	1792.43171738809	0.19	0.178775284384814	1.04940904105826	0.293989898862997	0.609174567673999
SACI_RS09975	1143.51523160741	0.10	0.153359198908889	0.663482465192801	0.507021606084471	0.789195690877713
SACI_RS09980	1047.27155693629	0.40	0.166743514832071	2.37573554081997	0.0175140103150567	0.155554543228353
SACI_RS09985	20.7094894416787	0.72	0.615073125831346	1.17401966382474	0.240387149471726	0.564916858289481
SACI_RS09990	169.467341429799	0.54	0.35554012786938	1.50865851534635	0.131386072139492	0.417403444566232
SACI_RS09995	36.0074903484534	0.79	0.551679394734315	1.42427963940867	0.154365539001804	0.457010520485629
SACI_RS10000	221.512165865297	0.56	0.330832058217375	1.69541714179182	0.0899963163579482	0.351009719660287
SACI_RS10005	48.5876927857928	0.52	0.510925855030888	1.01519431624658	0.310013209413316	0.630324116384745
SACI_RS10010	60.7760432681094	0.80	0.503146994691428	1.58422489989024	0.11314254886868	0.388858857276823
SACI_RS11900	23.0486973137842	-0.00	0.662788809542504	-0.006264507493478	0.995001678882339	0.998492076070299
SACI_RS10015	86.8613417413509	-0.03	0.286893867905277	-0.097957346806976	0.921966162732248	0.973426566361529
SACI_RS10020	161.966718182345	-0.13	0.194523649633359	-0.655096334088774	0.512405732203295	0.789859787759282
SACI_RS10025	555.634642988369	0.18	0.140385079168426	1.30732602293268	0.191102009827657	0.504889060307113
SACI_RS10030	374.434474499322	0.30	0.191844467638931	1.57126292032379	0.116121590276658	0.395524158197622
SACI_RS10035	60.1849441983302	0.02	0.355284720471243	0.0566239623732892	0.954844745952086	0.98711108905685
SACI_RS11960	82.2152988356922	0.34	0.625393597192567	0.543029720623042	0.587109339456098	0.821953075238537
SACI_RS10040	1361.34939920217	0.13	0.152653214520315	0.848631547522107	0.396086346877834	0.700349913222602
SACI_RS10045	95.327661649919	0.48	0.297772879108303	1.60861630828499	0.107700266010839	0.381132523522037
SACI_RS10050	182.927666034683	0.12	0.225560212763146	0.523108626621359	0.600898662623716	0.834623921459257
SACI_RS10055	235.395314096223	-0.31	0.1893455706142	-1.62606004965459	0.103936881593488	0.37435405899515
SACI_RS10060	1084.81083517605	-0.07	0.133828977737841	-0.496687822728993	0.619409210964922	0.844830246393207
SACI_RS10065	992.015194309412	0.04	0.136636578015103	0.306349781490222	0.759338339848476	0.911647483597153
SACI_RS10070	363.387439727711	0.05	0.158310765330218	0.327231137800109	0.74349307158658	0.908469344867625
SACI_RS10075	1529.36472209478	-0.05	0.114745961571587	-0.409791955309809	0.681958568007245	0.875138959876724
SACI_RS11755	987.609616771664	0.43	0.156020979848322	2.74195331783069	0.00610750208846081	0.0890258245600346
SACI_RS10080	8982.75257591101	0.26	0.166742253735925	1.55273744504239	0.120485872679856	0.405535640135432
SACI_RS10085	7694.85713070413	0.25	0.153956820711711	1.59651041835295	0.110374881591818	0.383603024662727
SACI_RS10090	4165.0605516156	0.31	0.18729499302485	1.66235646956539	0.096441321525897	0.362117491922212
SACI_RS10095	5130.31483752975	0.01	0.20175087487899	0.0277832488030248	0.977835026324593	0.995102749582071
SACI_RS10100	722.842663427778	0.23	0.198371655754378	1.16595218142134	0.243633779622926	0.569768738694273
SACI_RS10105	572.350555995101	0.18	0.202931973932658	0.883627410127659	0.376897377458552	0.69019834125305
SACI_RS10110	153.307021587068	0.23	0.215496384285178	1.07890713791885	0.280629126525355	0.60051725002576
SACI_RS10115	175.129114559966	0.29	0.260811059073258	1.09792232234439	0.272238409683153	0.592432487099327
SACI_RS10120	178.339643349396	0.14	0.222963125341395	0.61079231064534	0.541337084598911	0.807504081744363
SACI_RS11760	508.423968480722	-0.11	0.228683366885574	-0.487099456162504	0.626187851799023	0.849777380480821
SACI_RS10135	161.092468265681	-0.17	0.215009054719015	-0.774635836488989	0.438554875164891	0.734283095039595
SACI_RS10140	176.162746961047	0.18	0.210439352920592	0.855282404526939	0.392394826067703	0.69893027060144
SACI_RS10145	1620.43274467671	-0.12	0.137469712218019	-0.848430431983418	0.396198300622156	0.700349913222602
SACI_RS10150	52.5655632329417	0.37	0.334256509326602	1.11495316926558	0.264870490437644	0.586334433437564
SACI_RS10155	116.711378716063	0.32	0.240497290077909	1.32020558080347	0.186766389197291	0.501416156479834
SACI_RS10160	664.107578896411	0.17	0.160985344109106	1.07025028684805	0.284506664713498	0.603276957688845
SACI_RS10165	66.6899587561604	0.25	0.381216764617747	0.658092351820221	0.510478790082629	0.789859787759282
SACI_RS10170	37.633649605684	0.45	0.470583123789018	0.959722493369415	0.337194899483891	0.655302675370834
SACI_RS10175	127.361514074278	-0.11	0.224937560896763	-0.495995452261452	0.619897619536218	0.844830246393207
SACI_RS10180	81.1334532904519	-0.00	0.333523618561008	-0.00858620383536657	0.99314928469972	0.998324794485495
SACI_RS10185	15.4903773444204	0.66	0.568084011749984	1.15411367503837	0.248453567605378	0.574820094381306
SACI_RS10190	17.3085781326702	1.22	0.538968258220222	2.25655465125306	0.0240359167329114	0.182702459092499
nrfD	385.324867885392	-0.10	0.214662159242349	-0.444627606341618	0.656588893804589	0.865620700947587
SACI_RS10200	1922.10910701633	-0.23	0.155627575393095	-1.47539000966365	0.140107719708849	0.43337244476536
SACI_RS10205	1358.5342079593	0.15	0.202683336591417	0.731133144559829	0.464697831071321	0.756739197074232
SACI_RS10210	242.24786022093	0.29	0.242664575861454	1.17977680908945	0.238088995481394	0.560663339178858
SACI_RS10215	26.5612479151533	-0.19	0.417690346557613	-0.444571502089029	0.656629445836125	0.865620700947587
SACI_RS10220	354.877099555772	0.12	0.140438784186445	0.87040321526546	0.384080090206939	0.691909154427802
SACI_RS10225	76.6290735054371	-0.30	0.281333799589262	-1.06713255670165	0.285911982201398	0.60399820280909
SACI_RS10230	1093.24203215145	-0.33	0.194680143143639	-1.70154804824868	0.0888401234314107	0.349437818830216
SACI_RS10235	3288.88570426879	0.21	0.11961324435899	1.72705989583003	0.084156907096672	0.336356154492828
SACI_RS10240	1541.0804276535	-0.39	0.131760864707634	-2.94221386583217	0.00325874785047518	0.0611755846475569
SACI_RS10245	1385.64277040572	0.46	0.171200941767729	2.71357646289586	0.00665612053502561	0.0906256411307332
SACI_RS10250	1143.0045650988	-0.09	0.129251988399219	-0.676310261145322	0.4988436792566	0.783852021051271
SACI_RS10255	327.533132156254	0.19	0.217237792802844	0.866554184373622	0.386186325789134	0.692719034336948
SACI_RS10260	1279.99373088788	-0.08	0.173678882617139	-0.440102084085875	0.659863172564922	0.866585091203504
SACI_RS10265	1343.5120289916	0.02	0.102263413512114	0.222077720764916	0.824253381085511	0.936926549692613
SACI_RS10270	106.997872305688	0.02	0.38309576048787	0.0636890795408651	0.949217800357458	0.985412170159604
SACI_RS10275	26.7868078446891	0.60	0.636332899298164	0.950714628396115	0.341749260246932	0.661737138351609
SACI_RS10280	604.549851778734	0.10	0.150242944081083	0.674936483674865	0.499716119912978	0.784725313779696
SACI_RS10285	143.273959132205	-0.02	0.228249160943098	-0.0765025684564722	0.939019270633089	0.982624674231691
SACI_RS10290	377.393953262599	0.29	0.146946679126563	1.99017064222449	0.0465721411189286	0.251881071261075
SACI_RS10295	226.574795593742	-0.10	0.178578828429779	-0.559584089598921	0.575763159710885	0.816484390460237
SACI_RS10300	461.072564826612	0.06	0.145005600646219	0.398378050178595	0.690351535242144	0.882709548157911
SACI_RS10305	841.774668849336	0.23	0.119952904584573	1.89104833943062	0.0586178917131766	0.283130580249743
SACI_RS10310	683.786720260235	0.16	0.142282343432507	1.14035310286452	0.254139222578202	0.58051934653883
SACI_RS10315	181.428134125628	0.01	0.186574853306034	0.0520660291468155	0.958476081049142	0.98782355417263
SACI_RS10325	2042.11339748696	0.10	0.108522016254692	0.913250720789839	0.361110693557555	0.682726671275989
SACI_RS10330	138.434161022106	0.15	0.236239566091658	0.635132529756824	0.525341982713932	0.797181526739206
SACI_RS10335	736.774869963167	0.15	0.21337002166111	0.71590500931862	0.474050005123962	0.763130641588252
SACI_RS10340	396.748459895004	0.21	0.191810284568136	1.11462789046851	0.265009913418108	0.586334433437564
SACI_RS10345	714.362902669247	0.13	0.198334903746921	0.641405890326398	0.521259006974712	0.794531100090744
SACI_RS10350	421.58736395766	-0.36	0.176806662185705	-2.00939317007816	0.0444954539815829	0.246115479835631
SACI_RS10355	407.925512814414	0.15	0.167127666537357	0.905258056896749	0.365328691195106	0.683749619925584
SACI_RS10360	204.083071954363	0.58	0.18812573251825	3.08092098657243	0.00206361402138496	0.044856452149052
SACI_RS10365	368.604957538308	0.28	0.18225269457874	1.53840105154298	0.123950585309554	0.40898741730636
SACI_RS10370	67.2790404825828	0.52	0.305014794206094	1.69397784208259	0.0902694936417393	0.351009719660287
SACI_RS10375	38.0216539781273	0.54	0.4272882875918	1.26059269995615	0.207455630111767	0.526023713393452
SACI_RS10380	48.0795437545626	0.30	0.361670523990635	0.825629241164697	0.409014442386703	0.711254588234561
SACI_RS10390	1454.83985748061	0.02	0.191321421626871	0.113869639687428	0.909341133010956	0.969729216551307
SACI_RS10395	415.78064023513	0.24	0.163296337696124	1.4799492047131	0.138886802945304	0.43182120162919
SACI_RS10400	461.120404790212	-0.05	0.142974820693395	-0.323630337747706	0.746217916841548	0.908837705921345
SACI_RS10405	43.3963403284847	-0.35	0.395933978034233	-0.881458148397699	0.378069896684315	0.690897643055851
SACI_RS10410	2307.10149151376	-0.03	0.125372112579716	-0.22470255714188	0.822210675168091	0.93634465816668
SACI_RS10415	542.198727986208	0.23	0.180840193614932	1.25680109744069	0.208825668572529	0.526955200328644
SACI_RS10420	1867.18489999228	0.11	0.168927123339755	0.678439471688747	0.497493089350576	0.783708403685518
SACI_RS10425	417.628828600016	-0.06	0.193305528145663	-0.320197566706512	0.748818567663051	0.909904283273044
SACI_RS10430	5.68139115245619	2.45	1.62360604681834	1.51105273162457	0.130775016404123	NA
SACI_RS10435	360.607518256862	0.75	0.201044246825306	3.70637490160407	0.00021024701126728	0.0115776020871182
SACI_RS10440	117.701944593314	0.42	0.219003273935441	1.92380221161583	0.0543793801192429	0.274055567444745
SACI_RS10445	1203.8507958211	0.32	0.137338724381854	2.32314785172682	0.0201712110961413	0.16685993372101
SACI_RS10450	162.419635153979	-0.11	0.227348050975277	-0.491446669240532	0.623110562992986	0.846537587749782
SACI_RS10455	573.517167156102	0.11	0.122920549269101	0.866653096760572	0.386132111625805	0.692719034336948
SACI_RS10460	780.423056406397	-0.22	0.156325787040258	-1.43591660245594	0.151026073620845	0.452530363279873
SACI_RS10465	237.344518107495	0.06	0.156281312942932	0.41415713622696	0.678759031011086	0.874350817011072
SACI_RS10470	233.75721549271	0.11	0.174067094680826	0.651465662639136	0.514745935734253	0.791769353661999
SACI_RS10475	58.3995356047361	1.01	0.502761723786933	2.00664637759922	0.0447873293915823	0.247178178691182
SACI_RS10480	1363.98282577771	-0.23	0.144373874665942	-1.60039838690198	0.109510232747252	0.381132523522037
SACI_RS10485	525.916447878885	-0.30	0.182746357770689	-1.66185082010579	0.0965426895872404	0.362117491922212
SACI_RS10490	693.213432745151	-0.43	0.121383402744922	-3.53354247454652	0.000410030200131621	0.0169342472654359
SACI_RS10495	543.263653282387	-0.04	0.171289012398925	-0.25560070159896	0.798259176596694	0.927372826819788
SACI_RS10500	2599.53613395398	-0.24	0.101174100166282	-2.41097937819793	0.0159097479755023	0.148211862719153
SACI_RS10505	192.322770128409	-0.32	0.152300574529979	-2.07713109709974	0.0377894611466145	0.227287098838133
SACI_RS12300	152.920519610076	0.11	0.170141868949642	0.670420342592346	0.502589870337226	0.786745229750882
SACI_RS12305	299.609352150259	0.15	0.165951329010293	0.878043114467112	0.379920321752872	0.691909154427802
SACI_RS10515	906.287164488822	1.11	0.285822428928378	3.88546536610112	0.000102134053478573	0.00648944062871546
SACI_RS10520	970.245284389417	0.25	0.184463951983004	1.38112903335499	0.16723929007355	0.472003372212138
SACI_RS10525	949.830684549266	0.15	0.135249784862132	1.13129604437116	0.257930508692192	0.58051934653883
SACI_RS10535	134.191939698956	-0.38	0.224158215467315	-1.68484378532994	0.0920187146874161	0.353523062008399
SACI_RS10540	90.5033231037477	0.18	0.277231774831444	0.639023105815966	0.522807900733565	0.795284209955662
SACI_RS10545	233.946843745459	-0.02	0.223521404784432	-0.079851754406302	0.936355161640948	0.980679666334011
SACI_RS10550	614.898435873558	0.31	0.248124358809886	1.26838095587795	0.204661939169051	0.522484372632931
SACI_RS10555	1079.07037943962	0.27	0.24121374819076	1.10722325330658	0.268197416306362	0.59089542129567
SACI_RS10560	188.526847132118	0.36	0.185205809309612	1.92528879623903	0.054193238502077	0.274055567444745
SACI_RS10565	842.81956035408	0.25	0.0955250673179436	2.63384174358272	0.0084424827895898	0.102588570063994
SACI_RS10570	86.9646473964375	0.29	0.25135637203036	1.13392360953148	0.256826592710433	0.58051934653883
SACI_RS10575	974.55425660515	-0.08	0.196488070679568	-0.431892205875404	0.665819759806779	0.868826416430331
SACI_RS10580	2804.33639508677	0.26	0.276465783965932	0.93479108943823	0.349895972553203	0.669290386643357
SACI_RS10585	3299.61451770465	0.29	0.16229556494139	1.80768265213208	0.0706559060968647	0.306629308770632
aceA	2367.44299479489	0.26	0.12595674270786	2.09785413367595	0.0359180327742794	0.222809871449043
SACI_RS10595	120.654719593703	-0.28	0.220175765535306	-1.2756724244273	0.202071340386733	0.520512246858966
SACI_RS10600	38.1417688163842	0.50	0.350760383334879	1.43221423335107	0.152082519523799	0.454143688916647
SACI_RS10605	278.5688037185	0.11	0.196843903771423	0.533418107326742	0.593744185793213	0.827501739255108
SACI_RS10610	252.576440437327	-0.10	0.144192638744801	-0.679392947731472	0.496888917114628	0.783263827360081
SACI_RS10615	496.416562773433	0.14	0.150616397977458	0.950580427850197	0.341817408026659	0.661737138351609
SACI_RS10620	801.354676413823	-0.28	0.280683085450885	-1.01506530979092	0.31007469647821	0.630324116384745
SACI_RS10625	6468.93941302079	-0.23	0.231708588148439	-0.980934288600984	0.326625147200748	0.646467344060267
SACI_RS10630	403.405734834935	-0.13	0.128611594089911	-1.00090599052421	0.316872260109911	0.636312366736111
SACI_RS10635	58.9880969560698	0.69	0.397359001957319	1.73787230988674	0.0822333157698805	0.332501494589105
SACI_RS10640	362.329841004	-0.36	0.402069566469682	-0.895636654622829	0.370446852313249	0.686541010527158
SACI_RS10645	397.271336425573	-0.71	0.395757587337547	-1.79257404887875	0.0730410590435071	0.312061628120363
sat	545.894073277982	-0.42	0.297211582660815	-1.41697205004673	0.156491099357049	0.459635153179074
SACI_RS10655	57.3374749640412	-0.13	0.340918848078518	-0.381801356822739	0.70260871227814	0.889342952863947
SACI_RS10660	2128.0411305069	0.04	0.214142434159331	0.208786108488607	0.834615216174968	0.93937542051523
SACI_RS10665	110.59887446921	-0.03	0.237067983351083	-0.118366979246146	0.90577688855412	0.967880607950457
SACI_RS10670	278.300762501805	-0.45	0.206752622266912	-2.18223798214395	0.0290919734476411	0.196289549115018
SACI_RS10675	464.997059836306	0.22	0.184873960689127	1.18372353893916	0.236522517903656	0.558725261549341
SACI_RS10680	1177.76075953321	-0.12	0.192143280895666	-0.640158727744248	0.522069411827602	0.794648650189679
SACI_RS10685	355.117028043776	0.22	0.259192998532343	0.842924123209277	0.399270881063933	0.702694064827006
SACI_RS10690	175.396439646673	-0.38	0.25202888108981	-1.49981890745262	0.133661318251894	0.421761342548298
SACI_RS10695	311.527411172171	-0.06	0.214590265204426	-0.28260569016574	0.77747911795769	0.919176170944254
SACI_RS10700	231.865781880475	0.01	0.22777582171255	0.0221023716395618	0.982366294644456	0.996174899965712
SACI_RS10705	479.567583278866	-0.06	0.167505181129811	-0.356411658365605	0.721532299768484	0.898586110780667
SACI_RS10710	1353.69187583761	-0.25	0.178990007745014	-1.39932298078367	0.161716151304971	0.464348346389014
SACI_RS10715	67.4734290366774	0.50	0.290277368694462	1.73674604880535	0.0824320057676151	0.332681612853665
SACI_RS10720	1262.36393982988	0.38	0.159850455869373	2.40281360951814	0.0162694776130046	0.149872734293775
SACI_RS10725	1685.58546121266	0.39	0.158956455746297	2.48056989541981	0.0131172543837025	0.135537712096611
SACI_RS10730	2490.40265248617	0.22	0.186180643200204	1.15480898183717	0.248168658169787	0.574820094381306
SACI_RS10735	741.685581385014	0.38	0.187347123542107	2.01452983224546	0.043953936028144	0.245202707936899
SACI_RS10740	341.605523850969	-0.03	0.202626968482023	-0.148312832996582	0.882095888098111	0.959044038192841
SACI_RS10745	120.140717418482	-0.01	0.2876020395242	-0.019414356002943	0.984510558132992	0.996678918629981
SACI_RS10750	993.580109688849	0.04	0.153943425903074	0.266170219732925	0.790108117181821	0.924675700190171
SACI_RS10755	1109.91727325926	0.31	0.154764002239219	1.98171759458434	0.0475108568657489	0.253732550244236
SACI_RS10760	1838.08379587371	0.17	0.156641876326478	1.08240052663408	0.279074594388443	0.598741857051568
SACI_RS10765	728.807708786416	0.03	0.151905887307915	0.186422765502241	0.852113241057327	0.948578890988345
SACI_RS10770	995.432792246669	-0.09	0.121027528454826	-0.742182175888134	0.457976966327585	0.753063651333614
SACI_RS10775	4867.08594686976	-0.22	0.108927766004305	-2.04885464375246	0.0404763305914083	0.233874806859724
SACI_RS10780	1502.3605757098	0.21	0.157225702550802	1.35623238155447	0.175025242114129	0.482438876483661
SACI_RS10785	1645.68910134267	0.32	0.19371277959351	1.64887687687129	0.0991728612004912	0.367093631854101
SACI_RS10790	4313.35462671182	0.32	0.164102280873034	1.97732647345477	0.0480047391049539	0.255269835841364
SACI_RS10795	4818.42177976846	0.21	0.155424242692132	1.36885952542145	0.17104318968543	0.475474175508839
SACI_RS10800	420.762267659286	-0.04	0.215816694433279	-0.178965382243538	0.857964883775001	0.950765545460024
SACI_RS10805	1950.39976602182	-0.44	0.209932910238866	-2.11279578887621	0.0346182502743628	0.219959036358643
SACI_RS10810	270.089516637851	-0.14	0.156811963355269	-0.895164985567466	0.370698899146625	0.686541010527158
SACI_RS10815	2276.94511814677	0.26	0.173650595622444	1.49871443556799	0.133947730156869	0.421761342548298
SACI_RS10820	834.134461647811	-0.00	0.150676478475157	-0.0147116435942184	0.988262230119396	0.997036505340924
SACI_RS10825	448.118926027713	0.44	0.238401909122111	1.83457984592386	0.0665679671387732	0.296262268836838
SACI_RS10830	166.27132679844	0.03	0.218222978794284	0.129104696901229	0.897274805525549	0.965536746085138
SACI_RS10835	1203.01550146044	0.03	0.134574060073988	0.246941001197044	0.804953884345342	0.929705204197097
SACI_RS10840	620.964373646761	0.04	0.157865729860656	0.243547577419672	0.807581232920228	0.93121744773212
SACI_RS10845	343.343496866279	-0.00	0.259331221494332	-0.00902546539695361	0.992798818272717	0.998324794485495
SACI_RS10850	1644.73992412936	-0.18	0.104323087233656	-1.76139282264205	0.0781719389974058	0.324336072696421
SACI_RS10855	252.873790292976	-0.16	0.15810011198826	-1.02285039687822	0.306378585490961	0.626924966842775
SACI_RS10860	786.815305074811	0.33	0.12909759710126	2.57731409750426	0.00995714254570936	0.115298127234896
SACI_RS10865	1815.11354864764	-0.10	0.112228218477842	-0.854876673316969	0.392619425616305	0.69893027060144
SACI_RS10870	89.1686882151955	-0.08	0.247692455255042	-0.335011372399527	0.737616507507437	0.907094205195883
SACI_RS10875	2605.08018626738	-0.33	0.137840097023781	-2.37789523300923	0.0174117721702774	0.155554543228353
SACI_RS10880	1992.26047814292	-0.05	0.153954682339609	-0.323233790694095	0.746518191984602	0.908837705921345
SACI_RS10885	593.444575972101	0.03	0.233012412215325	0.114250993328028	0.909038829686586	0.969729216551307
SACI_RS10890	4709.51903379935	0.26	0.182952857628667	1.40196682508874	0.16092515351917	0.46315044183566
SACI_RS10895	1742.02390564663	0.44	0.203587784939507	2.17496803412621	0.0296325119039588	0.198457741886513
SACI_RS10900	887.84486327397	0.13	0.204860295393	0.643629623891872	0.519815635669028	0.794531100090744
SACI_RS10905	2395.17806355159	0.17	0.157238419617104	1.06226834629343	0.288113880068486	0.605024150618869
SACI_RS10910	191.198941184653	-0.26	0.184612801952606	-1.39371143846231	0.163404760689989	0.467032291799069
SACI_RS10915	217.221122880672	-0.12	0.220819912679229	-0.563025407329997	0.573417583106398	0.816355748424813
SACI_RS10920	1209.32946108385	-0.33	0.162032506747566	-2.06717181556622	0.0387179669617545	0.229553469996148
SACI_RS10925	1104.90333892889	-0.42	0.142235728596178	-2.93589850671317	0.00332583118250086	0.0618649387564345
SACI_RS10930	6315.75222592084	-0.49	0.145893777136931	-3.35446186372187	0.000795195133904799	0.0249429562255202
SACI_RS10935	4237.38192812556	-0.51	0.15473351156107	-3.29981360315693	0.000967490645129017	0.0282051978662318
SACI_RS10940	1168.61075951268	-0.34	0.150879799113872	-2.2253150622923	0.0260600949962094	0.185662587484475
SACI_RS10945	15817.2243202242	-0.14	0.159248073283131	-0.886072304749816	0.375578565920776	0.689435413446756
SACI_RS10950	92.0141876377681	-0.24	0.271145314311557	-0.896968696528528	0.369735621007787	0.686541010527158
SACI_RS10955	244.671310829854	0.02	0.207219190347407	0.101659313877028	0.91902709759707	0.972395024699206
SACI_RS10960	809.59244493071	-0.12	0.198190562896608	-0.616124880678858	0.537812102038954	0.804936164858644
SACI_RS10965	696.783062881752	0.06	0.191907166313215	0.329439199859241	0.741823742653696	0.908469344867625
SACI_RS10970	3886.55929290408	0.08	0.107972363920123	0.776077830193014	0.437703032831507	0.734130953293026
SACI_RS10975	7744.9452528248	0.16	0.127036712846192	1.29757869791067	0.194432146078119	0.507030784824555
SACI_RS10980	3538.93230632815	0.18	0.142715850691068	1.22774384498884	0.219543141751219	0.542927720706643
SACI_RS10985	32001.4420305428	0.16	0.107549909145921	1.52947923505044	0.126145682934359	0.410837165148573
SACI_RS10990	4284.31866668313	0.44	0.345794503872398	1.26494092670988	0.205892504799367	0.523820972169232
SACI_RS10995	1419.63130382907	0.64	0.213447376278276	2.99908274800584	0.002707937502196	0.0524239775815758
SACI_RS11005	33.7154610044659	-0.64	0.45834821999767	-1.39571456605177	0.16280046619181	0.466920781508455
SACI_RS11010	1019.17551333329	0.20	0.121651397644661	1.62982808831154	0.103137835548285	0.372686462877208
SACI_RS11015	12163.0543531976	-0.42	0.247028574312442	-1.71513573660158	0.086320343651041	0.341151214620861
SACI_RS11020	2689.86461849354	-0.15	0.158006179939353	-0.974496795410771	0.329809929512951	0.65017422858639
SACI_RS11025	255.53396395787	-0.33	0.244449199039369	-1.36724139204872	0.171549655201432	0.475999300708132
SACI_RS11030	153.019979222787	-0.19	0.199622094737706	-0.963845484128229	0.335123399062218	0.654032703684821
SACI_RS11035	809.326023039753	-0.01	0.145367593956168	-0.0856650188855165	0.93173271075509	0.978071907805466
SACI_RS11040	4522.12604615461	-0.14	0.231411929813353	-0.60259623781183	0.546777323764874	0.809029624879051
SACI_RS11045	1618.49444181242	-0.95	0.163937736464555	-5.77630172722425	7.6360388614057e-09	2.70315775693762e-06
SACI_RS11050	5866.60628383645	-0.52	0.106381311058239	-4.89151934100715	1.00060558917337e-06	0.0002066250541643
SACI_RS11055	3003.02909738521	-0.00	0.106079005048706	-0.0262310178665191	0.979073075709565	0.995491565250257
SACI_RS11060	2279.1310820001	0.22	0.144613611984586	1.51945098991336	0.12864901552601	0.414375001308907
SACI_RS11065	1878.19102328159	-0.18	0.162848519868891	-1.13267925660612	0.257348971790701	0.58051934653883
SACI_RS11070	1603.68234732146	-0.00	0.109412789744114	-0.041081809281773	0.967230676450164	0.988945326963831
SACI_RS11075	199.038999972556	0.18	0.223784915975668	0.793292576178708	0.427607381098382	0.727415108860437
SACI_RS11080	1465.30290432422	0.33	0.208136792286096	1.60136534379023	0.109296023945957	0.381132523522037
SACI_RS11085	538.899819563929	0.25	0.169390860314832	1.44733462007623	0.147803227350879	0.447746207060487
SACI_RS11090	2896.56289317207	0.11	0.190933468176267	0.593966022967172	0.552534838426314	0.81256629265442
SACI_RS11095	909.000925877371	0.43	0.207266710112617	2.0725206725301	0.0382169104007394	0.228510267650812
SACI_RS11100	3079.14007128082	0.44	0.19815106016901	2.21414157766819	0.0268190412591744	0.188799955227938
hpaD	1136.94080919739	0.25	0.1845586797922	1.33670724047691	0.181318217580765	0.493256066965954
SACI_RS11110	949.463549522741	-0.49	0.143955713935526	-3.41045374247822	0.000648548844679398	0.022753238881982
SACI_RS11115	1445.2737017942	0.01	0.357825429880925	0.0415097946832033	0.96688948455743	0.988945326963831
SACI_RS11120	1043.31381859026	0.18	0.126331903025191	1.4426754866383	0.149111907752708	0.450060057748125
SACI_RS11125	200.810466614091	-0.05	0.255271650348984	-0.191444331840488	0.848177490526097	0.947383912052485
SACI_RS11130	2756.57495143715	0.42	0.151444475668072	2.77119122544405	0.00558516158958331	0.0828744336466314
SACI_RS11135	3668.00128801426	0.14	0.159431894876194	0.852330397493106	0.394030739223009	0.700349913222602
SACI_RS11140	1010.34909590984	0.06	0.13746519333126	0.449868762963349	0.652805072350232	0.864344158122696
SACI_RS12125	473.198470789027	-0.09	0.144557117712695	-0.598361410033378	0.549598808989186	0.811141065321741
SACI_RS11150	623.052553937079	-0.26	0.13658114422896	-1.9034078532123	0.0569873470943194	0.28083445188397
SACI_RS11155	1225.12072707049	0.04	0.101037787049482	0.41351773754217	0.679227329598997	0.874350817011072
SACI_RS11160	8083.80557674302	0.03	0.137138848265234	0.195456629871845	0.845035487164452	0.946456558918763
SACI_RS11165	5563.85824572492	0.11	0.101145418001714	1.12840912195214	0.259147177138148	0.581672739989429
SACI_RS11170	7389.89091592335	-0.19	0.123843430655376	-1.54586108807842	0.122138119875734	0.407596654876174
SACI_RS11175	87.9207494778886	-1.17	0.274948751703025	-4.24738688888448	2.16278294215707e-05	0.00243608005939328
SACI_RS11180	488.894973610024	-0.36	0.131333450965911	-2.73360272210578	0.0062645579324169	0.0897262645978891
SACI_RS11185	1898.78601320736	-0.55	0.141922114169017	-3.89891657227788	9.66240563437741e-05	0.0064712003140506
SACI_RS11190	119.471859671216	0.15	0.212139177250073	0.687518167335024	0.49175625637251	0.778602128059641
SACI_RS11195	64.1255316125804	-0.04	0.275938301023534	-0.127355636411735	0.898658927264214	0.965688127389732
SACI_RS11200	2903.4021636312	0.29	0.210849436171573	1.38714164517638	0.165398575334029	0.469481866755698
SACI_RS11205	54.4925965254082	-0.73	0.365055537739744	-2.01329614383205	0.0440834838055681	0.245202707936899
SACI_RS11210	5771.58234103111	0.06	0.0696830186069172	0.829374816721328	0.406892347083888	0.710992163636109
SACI_RS11215	11587.6261917561	0.06	0.0919531675275612	0.616457858849385	0.537592376756019	0.804936164858644
SACI_RS11220	8567.45740514415	-0.07	0.115120424545068	-0.604159548893556	0.545737571787148	0.809029624879051
SACI_RS12130	41964.0889701337	-0.12	0.183582222453177	-0.656820869022377	0.511296103848562	0.789859787759282
SACI_RS11230	4054.9784492843	0.48	0.200051675365578	2.41239071946276	0.0158482876137555	0.148211862719153
SACI_RS11235	3034.26225981717	0.39	0.229062121294322	1.7211762751785	0.0852188415869106	0.337429488809328
SACI_RS11240	450.546550802806	-0.02	0.143315897529613	-0.140080961992102	0.888596022398943	0.961966336175003
SACI_RS11245	211.852063807851	0.00	0.175605198660893	0.0212608682059658	0.983037559425323	0.996305551024928
SACI_RS11250	131.636512138428	-0.12	0.214361773467759	-0.553009067474007	0.58025720119591	0.81837071403726
cimA	2115.60974150461	0.39	0.184058233357776	2.12514436222421	0.0335745688759487	0.214585550896192
ubiA	1313.4325849737	0.01	0.0978967619437646	0.0517229803374853	0.95874942608395	0.98782355417263
SACI_RS11265	304.940112384034	0.22	0.144871200836611	1.54409853398442	0.122564463966264	0.407670794239467
SACI_RS11270	127.198059089733	-0.00	0.224402425067742	-0.0114191754221673	0.99088901424238	0.997252014440145
SACI_RS11275	257.723270036384	-0.22	0.188846969976318	-1.14013302128754	0.254230886586643	0.58051934653883
SACI_RS11280	860.677252353013	-0.04	0.131314067769582	-0.283115597736464	0.777088225279937	0.919152564316794
SACI_RS11285	1364.48264074466	0.02	0.136241022988067	0.174818976407017	0.86122187693878	0.950765545460024
SACI_RS11290	120.270078139365	-0.01	0.281192834938817	-0.0426235471764601	0.966001624612609	0.988945326963831
SACI_RS11295	11.422502553816	-1.50	0.723991228648851	-2.07166641975943	0.0382965610390208	NA
SACI_RS11300	101.108450573535	0.37	0.230315008839754	1.60915495827469	0.107582462489147	0.381132523522037
SACI_RS11305	1294.43982179123	0.22	0.114203121821092	1.92731204081723	0.0539407539196635	0.273904074206816
nuoN	1777.11710350751	0.01	0.134858537795149	0.103193358334288	0.9178095110529	0.971936738627815
SACI_RS11315	5411.88404900122	0.14	0.120443501315032	1.13910533562647	0.254659222334912	0.58051934653883
SACI_RS11320	164.943193542334	-0.00	0.27414328089247	-0.00727316421439617	0.994196905728095	0.998324794485495
SACI_RS11325	941.881037557645	-0.05	0.172444097734103	-0.268636253617154	0.788209611085511	0.924675700190171
nuoI	997.123176351347	0.26	0.131056109369058	1.99249827708533	0.0463164140339511	0.251142393820855
nuoH	2067.73489612655	0.06	0.153525250216794	0.399576203592302	0.689468686353575	0.88223798745281
SACI_RS11340	2655.36649416568	0.28	0.140244572004064	1.99839947791066	0.0456733682010216	0.249086027610722
SACI_RS11345	814.11056606347	0.34	0.131465275267706	2.57029067931426	0.010161321357929	0.117115136395107
ndhC	551.895217116521	-0.09	0.157348543316495	-0.562820016504166	0.573557448752058	0.816355748424813
thyX	2026.86417972921	-0.00	0.148211455302924	-0.0150022266996306	0.98803040393351	0.997036505340924
SACI_RS11360	703.313544658108	0.11	0.144115041882795	0.732325242395835	0.463970075866165	0.756739197074232
SACI_RS11365	737.14989568168	0.05	0.126698865077745	0.381117187700725	0.703116294232325	0.889342952863947
SACI_RS11370	428.735434914477	0.19	0.12233278966625	1.58562613750196	0.112824143455629	0.388303093726457
SACI_RS11375	1225.81747867187	-0.19	0.114616463584425	-1.69124181655203	0.0907906274413915	0.351009719660287
SACI_RS11380	216.161476936595	-0.10	0.15690341744687	-0.619317384852647	0.535707293932614	0.804936164858644
SACI_RS11385	61065.7130867913	0.02	0.179379439631972	0.088003206064158	0.929874127960563	0.97719596653362
SACI_RS11390	639496.928139489	-0.00	0.210563283031765	-0.0032623565531171	0.997397020691673	0.99860598677736
SACI_RS11910	11846.8194670719	0.04	0.21355891648142	0.170545185666905	0.864581401797915	0.950978117289502
SACI_RS11400	9.28767506754823	-0.33	0.685532705124624	-0.475167002182959	0.634667944734471	NA
SACI_RS11405	6.41967473338562	-0.56	0.901308570179377	-0.622882826080552	0.533361524500074	NA
SACI_RS11410	237.559816961548	0.06	0.17196649725162	0.328867965065018	0.742255488854834	0.908469344867625
SACI_RS11415	1.86485827105767	-0.26	1.36384189400337	-0.190268849761112	0.849098462030111	NA
SACI_RS11420	461.202910581409	-0.25	0.177646058181405	-1.42268361037333	0.154827893892787	0.457832364040963
SACI_RS11425	946.230056522921	0.10	0.133123534064534	0.758723080111482	0.448018227387841	0.74260144981075
SACI_RS11430	668.021031895941	0.30	0.135425412942076	2.19127600752196	0.0284318251917415	0.194768498801
glmS	4057.62091694893	0.05	0.100765815537261	0.493550779528589	0.62162346922699	0.845899482012346
mvk	155.686122401334	0.16	0.203570008408512	0.795322227157302	0.426426087265454	0.727242838433445
SACI_RS11445	364.209279122369	0.16	0.145208940418267	1.08329939391103	0.278675554244022	0.598403833116713
SACI_RS11450	692.75108741549	-0.06	0.126809434635454	-0.437407947879435	0.661815521162774	0.867744264763333
SACI_RS11455	340.449483301835	0.12	0.159990687630396	0.766625154615749	0.443304415141445	0.738741318574648
SACI_RS11465	1298.28783910471	-0.09	0.107460018066349	-0.803474483470859	0.421700539328161	0.722271882121386
SACI_RS11470	216.047811715805	0.70	0.242952557767795	2.86535998971991	0.00416535422851935	0.0698163514833854
SACI_RS11475	228.052113050294	-0.35	0.178616663130853	-1.94281367625364	0.052038674872986	0.266981027609233
SACI_RS11480	2120.14136944595	-0.06	0.145926665490135	-0.414187451241227	0.678736831230328	0.874350817011072
SACI_RS11485	4341.24018199058	0.08	0.172512494796156	0.475184818388181	0.634655247032584	0.854022179910184
Sac_sR101-sno	33.6482779887812	0.17	0.467508760379863	0.353490296388128	0.723720902190313	0.899388362902505
Sac_sR9-sno	3.06531461170673	0.79	1.32403688415301	0.596745224979445	0.550677493292561	NA
Sac_sR102-sno	3.10675204709065	-0.26	1.3301557235034	-0.191931051791205	0.847796213787279	NA
Sac_sR12-sno	0.284977447968272	-1.24	5.05845325224427	-0.245146568267239	0.806342946492011	NA
Sac_sR24-sno	1.47120757876575	1.70	2.12513112318614	0.800347583782873	0.423509440995851	NA
Sac_sR103-sno	341.077696632628	0.76	0.268520710685911	2.83292971062877	0.00461235268166053	0.073503864484883
Sac_sR11-sno	0	NA	NA	NA	NA	NA
Sac_sR104-sno	1.55066596341104	-1.81	1.92363300801936	-0.940240691145473	0.347094113904592	NA
Sac_sR10-sno	13.6154662046203	-0.24	0.656796354646958	-0.358399044998618	0.720044706233642	NA
Sac_sR105-sno	21.5703106204226	0.41	0.512766202749673	0.793449384436011	0.427516047962241	0.727415108860437
Sac_sR106-sno	22.8314473380991	-0.46	0.390097961381865	-1.18916052359844	0.234376505510301	0.558725261549341
Sac_sR107-sno	0.151571615085789	0.00	7.3561311249555	0	1	NA
Sac_sR36-sno	15.5948005607494	-0.05	0.485887728365823	-0.110003384891035	0.912406690453793	0.97077878013933
Sac_sR13-sno	18.5283624279051	0.56	0.526191698416638	1.06554231767355	0.286630586253021	0.604272615374555
Sac_sR6-sno	18.4468533400962	-0.17	0.545626217143363	-0.314712237601047	0.752980151806386	0.911521649328884
Sac_sR108-sno	21.6215619220319	-0.24	0.426799164559032	-0.551073940501441	0.58158298862767	0.819135555862031
Sac_sR7-sno	5.79270934473576	-1.76	0.926310384696843	-1.90268812088631	0.0570812529041525	NA
Sac_sR5-sno	95.5799123271448	0.38	0.284083005316653	1.33486348188531	0.181921031750381	0.494298592848074
Sac_sR109-sno	7.65099893078209	1.20	1.29648280421451	0.921919394030553	0.356570622179078	NA
Sac_sR20-sno	20.4173656405852	0.28	0.759197021362069	0.373863326271473	0.708506002497681	0.891180117507673
Sac_sR110-sno	1.1722489171922	0.15	2.51413435765935	0.0611805926125495	0.951215385626811	NA
Sac_sR111-sno	37.4487930193736	0.74	0.407257972600835	1.82561519620048	0.0679082451725177	0.298892773601241
Sac_sR112-sno	0	NA	NA	NA	NA	NA
Sac_sR113-sno	3.73947253750775	0.42	1.14785074473184	0.367287314286446	0.713404715603988	NA
Sac_sR114-sno	21.9296599503708	-0.29	0.460715069965679	-0.623074331265179	0.533235676809134	0.804073031866414
Sac_sR115-sno	1.35794752421829	3.09	2.19524639183622	1.40563593599774	0.159832259318399	NA
Sac_sR22-sno	0.0334678255462857	0.00	7.3561311249555	0	1	NA
Sac_sR116-sno	0	NA	NA	NA	NA	NA
Sac_sR117-sno	0	NA	NA	NA	NA	NA
Sac_sR118-sno	98.7199769722929	-0.87	0.286238172977602	-3.05686778495882	0.00223662907031054	0.0470057380288272
Sac_sR27-sno	133.77743639442	0.17	0.306051072269876	0.557786057781995	0.576990484313486	0.816484390460237
Sac_sR17-sno	90.9333239591896	-0.97	0.220822082697901	-4.39037408077202	1.13155826480145e-05	0.00155777854454333
Sac_sR28-sno	0.108754343800079	0.00	7.3561311249555	0	1	NA
Sac_sR119-sno	53.2735380104057	-0.68	0.337285008073021	-2.02135916389184	0.0432425987342544	0.242982221459144
Sac_sR23-sno	6.0040282940027	1.23	0.950380071421783	1.29252226551645	0.196176340269994	NA
Sac_sR120-sno	2.46605794875977	-0.80	1.66061661643149	-0.481870858961942	0.62989768850874	NA
Sac_sR121-sno	1.63541756379924	0.24	1.76288035687194	0.133507942516884	0.89379168328345	NA
Sac_sR2-sno	0	NA	NA	NA	NA	NA
Sac_sR122-sno	7.86111573568422	0.76	0.8423495796546	0.897858492556787	0.369260995866692	NA
Sac_sR14-sno	11.1212850258937	-1.41	0.958545947527906	-1.47428248385767	0.140405549315377	NA
Sac_sR3-sno	0	NA	NA	NA	NA	NA
Sac_sR25-sno	12.0836632245242	-0.72	0.578241305050845	-1.24627408596868	0.212663788197607	NA
Sac_sR123-sno	3.92012683071203	-1.81	1.80713234884633	-0.999629087582716	0.31749004104497	NA
Sac_sR124-sno	0.285163001373866	0.00	6.51761218964152	0	1	NA
Sac_sR125-sno	0	NA	NA	NA	NA	NA
Sac_sR126-sno	0	NA	NA	NA	NA	NA
Sac_sR127-sno	0.634720426875992	0.17	3.26849304009427	0.0516009871566716	0.958846632752409	NA
Sac_sR128-sno	32.878388423082	-0.46	0.536059185017069	-0.86042445072554	0.389555112478747	0.696477322310486
Sac_sR26-sno	25.6802817483504	-0.00	0.436518186537047	-0.00507381200460842	0.995951701106724	0.99860598677736
Sac_sR129-sno	1.44458834607463	0.24	1.97748569888596	0.120954272314655	0.903727254593077	NA
Sac_sR1-sno	1.87873002086708	-0.38	1.35716917482097	-0.27811963818975	0.780920521123664	NA
Sac_sR19-sno	1.10187906156497	-2.14	2.37971812237914	-0.900032230829436	0.368103098645684	NA
Sac_sR15-sno	65.4401121078039	0.44	0.391800832085151	1.11944541459491	0.262950165563214	0.584910691441333
Sac_sR29-sno	1.6602169558093	-1.43	1.98904789158929	-0.717852188691219	0.472848430410755	NA
Sac_sR130-sno	26.2091501915442	-0.74	0.472253127243557	-1.56346934275274	0.117942241122712	0.398718790589468
Sac_sR21-sno	11.3178290517135	-0.25	0.648153965095432	-0.389735583077945	0.696732081520064	NA
Sac_sR8-sno	18.3390367984234	-0.55	0.551978909623092	-0.99224311170641	0.3210789466905	0.640136162659612
Sac_sR131-sno	4.38499890448902	-0.27	1.08848623382558	-0.245291387603436	0.806230819792082	NA
Sac_sR18-sno	65.9760611304903	-0.54	0.263556708623082	-2.03500368297962	0.0418505024002694	0.237680952833083
Sac_sR16-sno	13.8307480716924	0.50	0.663882256329573	0.75862533193809	0.448076714702302	NA
Sac_sR132-sno	57.6526162183509	0.65	0.382092032341067	1.69046219925001	0.0909395641734885	0.351009719660287
Sac_sR4-sno	0.888187487693037	2.12	2.91451112622316	0.72676107571454	0.467372331604838	NA
asRNA_2	18.5603752334015	-0.59	0.533795577836765	-1.10129259867773	0.270769331376662	0.59199967649232
asRNA_3	18.5971412807255	-1.07	0.544215842755568	-1.96503362362994	0.0494103460546726	0.259955069051972
asRNA_4	15.4752339768749	-0.62	0.497877651566697	-1.24783274485301	0.212092314399799	0.532487087216517
asRNA_5	1.03147823690614	1.15	2.05957513610924	0.560332116059151	0.575252925200214	NA
asRNA_6	4.97297966766695	1.66	1.2035613558964	1.37996181206301	0.167598403074798	NA
asRNA_7	16.5444154127126	-1.36	0.540529562479013	-2.51569405578424	0.0118798257458498	0.128551127503126
asRNA_8	3.81348148683059	-0.08	1.20482068094668	-0.070458127940256	0.943829026748244	NA
asRNA_9	9.84450464249231	0.40	0.793475987558426	0.505069712288547	0.613509873455498	NA
asRNA_10	2.34282912169188	-1.29	2.35030421275561	-0.546765690148066	0.584539717351662	NA
asRNA_11	9.86801555364553	0.01	0.642038948918666	0.0160194821018541	0.987218849219139	NA
asRNA_12	2.58355032119921	0.63	1.23530126478607	0.506095597565476	0.612789540957742	NA
asRNA_13	1.35651672473537	-2.34	2.24572050926126	-1.04026330675143	0.298217586671942	NA
asRNA_14	43.0827676976363	-1.17	0.441325666136615	-2.65735660708357	0.00787560862373933	0.0987191993609468
asRNA_15	0.731819729729265	1.12	2.45697252238972	0.457704225072386	0.647164952140244	NA
asRNA_16	3.22570622263072	-2.18	1.34667628195179	-1.62078088910936	0.1050646385139	NA
asRNA_17	1.77947217155406	2.43	1.86077913186602	1.30484419138082	0.191945907942667	NA
asRNA_18	1.9809325978829	-1.02	1.39351609235817	-0.731905328065591	0.464226353909886	NA
asRNA_19	3.54538079191889	0.06	1.42301560709746	0.039926912003708	0.968151395529313	NA
asRNA_20	5.12959060984308	0.31	0.88068217246201	0.350627223323634	0.725868030348769	NA
asRNA_21	7.71956193023346	-0.38	0.784068766501111	-0.481928306185719	0.629856877097793	NA
asRNA_22	5.26263601356818	-0.65	0.920402516554736	-0.703271563126597	0.481886528855671	NA
asRNA_23	1.26291257634991	1.05	2.11634258703269	0.497997410092307	0.618485867640377	NA
asRNA_24	25.631477446453	-1.02	0.510208003807741	-1.99754202961439	0.0457663334776541	0.249086027610722
asRNA_25	28.8592440751107	-0.61	0.492000723774261	-1.23905265109339	0.215326000248959	0.537379968882362
asRNA_26	0.751956350909147	0.17	3.07892625775064	0.0539383209223901	0.956984305408819	NA
asRNA_27	11.8784185652937	0.08	0.630580474936756	0.134532203187759	0.892981748079721	NA
asRNA_28	12.7903358107444	-0.21	0.640105109800713	-0.326455328065579	0.744079882519874	NA
asRNA_29	7.74191940811949	-0.30	0.760842442183653	-0.389235423857041	0.697102001106975	NA
asRNA_30	4.16582499014801	-0.41	1.1286842793398	-0.365450483849124	0.714775162568896	NA
asRNA_31	4.60502908329038	0.68	0.970945811457396	0.705489791189336	0.480505482856984	NA
asRNA_32	4.68634247741586	0.93	1.08991188219609	0.852947478664253	0.393688430634201	NA
asRNA_33	0.665329060702977	-1.23	3.48431507780495	-0.351800468099234	0.7249879074846	NA
asRNA_34	0.924611757043508	0.03	2.43711038904683	0.0105038827656337	0.99161926822296	NA
asRNA_35	12.0933927320303	-0.92	0.656559396826706	-1.39911310539278	0.161779068346715	NA
asRNA_36	13.2419071995058	-0.76	0.542003579343496	-1.40463800199789	0.160128950225093	NA
asRNA_37	2.47277547056135	-4.06	1.7818452185408	-2.2790581905469	0.0226636064210461	NA
asRNA_38	2.22918590481827	0.09	2.17303696594284	0.0420290277953863	0.966475557721653	NA
asRNA_39	0.244790296895976	-1.24	6.02422105911756	-0.205335318565844	0.837310151674996	NA
asRNA_40	8.49504340753968	-0.66	0.800486359623922	-0.823044708509809	0.410482569527462	NA
asRNA_41	17.0030300673237	1.46	0.662318813255112	2.20208681232047	0.0276591768450941	0.191074697851741
asRNA_42	40.5571076572369	-0.83	0.403384752593204	-2.04689586109744	0.0406683105718538	0.233874806859724
asRNA_43	3.41768826569874	1.14	1.83947263711793	0.618971876573265	0.535934886083182	NA
asRNA_44	2.09302192811413	0.22	1.82367292606988	0.120116072559725	0.904391200511316	NA
asRNA_45	13.3205626290157	-0.89	0.63679911973935	-1.39542010576916	0.162889191811814	NA
asRNA_46	1.18881106393235	1.12	2.2590138627996	0.49744256528081	0.618876995494961	NA
asRNA_47	31.0113662807525	0.94	0.379549065976348	2.47129718922299	0.013462388857616	0.137283125881368
asRNA_48	9.51745974632162	0.48	0.747233977988687	0.639060216711157	0.522783759239091	NA
asRNA_49	3.11241516762935	-0.21	1.33977846574535	-0.156169461936552	0.8758994472037	NA
asRNA_50	8.47820346848921	-0.37	0.759882914934559	-0.48663464319429	0.626517268653697	NA
asRNA_51	10.435698862857	-0.29	0.707737229705694	-0.405554650759174	0.685069855453764	NA
asRNA_52	7.69737883291381	0.46	0.758589596126615	0.605067412468583	0.545134205764927	NA
asRNA_53	8.18204032388912	-0.42	0.804641837017065	-0.518757153486433	0.603930100258722	NA
asRNA_54	18.1696380971368	-1.31	0.49046789326694	-2.67041883225863	0.0075756685008509	0.0986367058152943
asRNA_55	6.53657953557777	-0.15	0.983455083552843	-0.15190051383073	0.879265403019111	NA
asRNA_56	4.09249018475757	-0.07	1.23980462827579	-0.0558208823589302	0.955484499162618	NA
asRNA_57	3.9187653420994	-0.02	1.39931444396608	-0.0121805989265994	0.990281528492456	NA
asRNA_58	3.02595278335976	0.24	1.41749613452969	0.167608821638824	0.866891030721793	NA
asRNA_59	4.27443225519463	-3.34	1.6252868724936	-2.05736592337455	0.039651040449904	NA
asRNA_60	0.201911339036575	0.00	7.3561311249555	0	1	NA
asRNA_61	7.72722666314542	-1.71	0.865244148845911	-1.9719464276109	0.0486157224878753	NA
asRNA_62	0	NA	NA	NA	NA	NA
asRNA_63	2.34750176421746	-1.13	1.36525731041151	-0.82422039315326	0.409814341635089	NA
asRNA_64	2.61124892044058	0.78	1.18093064262698	0.658033533765947	0.510516583467435	NA
asRNA_65	11.6612569025424	0.20	0.655051199369168	0.311140926289012	0.755693489471343	NA
asRNA_66	16.5426157961983	0.26	0.668034724183887	0.390221673896965	0.696372636061653	0.887660181152662
asRNA_67	9.47941346455267	0.64	0.633918056445802	1.00616943882864	0.314334070521857	NA
asRNA_68	12.4826740314464	-0.93	0.684525465728149	-1.36010819681144	0.173795687577577	NA
asRNA_69	2.27726974446087	-1.43	1.90545322520079	-0.749818732157069	0.453363885240067	NA
asRNA_70	746.122450729251	-0.49	0.172521977334058	-2.83189100384421	0.00462736192883041	0.073503864484883
asRNA_71	2.28587013435051	0.28	1.50875057765862	0.187833512098508	0.851007164453976	NA
asRNA_72	21.7103080070174	-0.00	0.415073598556187	-0.0071489117315267	0.994296042288217	0.998324794485495
asRNA_73	1.8224695793116	-1.12	1.60614137321735	-0.700099331820775	0.483865273099372	NA
asRNA_74	26.9417070078299	-1.15	0.476346850716049	-2.40521899654902	0.0161627768078646	0.149602361396216
asRNA_75	3.4542080473739	-0.54	1.23909118944556	-0.434868217479762	0.66365808529135	NA
asRNA_76	2.87990313320194	0.75	1.47602694584729	0.507160060846592	0.612042515904298	NA
asRNA_77	9.13141550605229	-0.32	0.833015348042545	-0.389234780090386	0.697102477285572	NA
asRNA_78	75.1294486946128	-0.39	0.259862902976197	-1.51451745542941	0.129894650060258	0.416184607817965
asRNA_79	63.8650493287142	-0.86	0.282972979733813	-3.02641502107789	0.00247472371962345	0.0499347736640072
asRNA_80	8.05152289172895	-1.45	0.767044151154731	-1.88541504071097	0.0593738249412066	NA
asRNA_81	2.1965066014338	-3.86	1.78013314620081	-2.16868810019214	0.0301063714292678	NA
asRNA_82	1.59054060277935	-0.35	1.57633584886582	-0.223511469805536	0.823137457298485	NA
asRNA_83	2.82142525938424	-0.24	1.24049131511724	-0.195206866288351	0.845231003943753	NA
asRNA_84	1.23000843691838	-0.72	2.00384626629802	-0.360123195490096	0.718755007406619	NA
asRNA_85	61.7658707882002	-0.84	0.313862841346402	-2.67978229135332	0.00736700567184226	0.0965896299197096
asRNA_86	9.5669607759157	1.13	0.774498876528494	1.45898019776341	0.144570558027546	NA
asRNA_87	2.37532899508612	0.17	1.54654322982646	0.112897980300969	0.91011143758083	NA
asRNA_88	14.7431622234348	-0.16	0.545264277068627	-0.295185858323865	0.767851904362683	NA
asRNA_89	1.82373234968793	0.56	1.50410512678638	0.372157732404419	0.709775414083337	NA
asRNA_90	6.95182805546583	0.18	0.879981563394035	0.20178899562195	0.840081684809883	NA
asRNA_91	22.3181903033032	-0.86	0.469113235414873	-1.84190779170488	0.0654886387015941	0.296262268836838
asRNA_92	4.16586531631731	2.21	1.37188915464769	1.61264497645324	0.106821661106689	NA
asRNA_93	31.5059991550206	-0.14	0.465408427705733	-0.302794842700754	0.762046213964315	0.913228916869724
asRNA_94	1.17770332228534	1.16	1.92469343193669	0.601389181551998	0.547580802587722	NA
asRNA_95	21.3339797985713	0.00	0.494173173935968	0.00340776199589072	0.997281004579133	0.99860598677736
asRNA_96	1.82434550661477	-0.73	2.12690780768823	-0.343157672646918	0.731479845727306	NA
asRNA_97	15.199008050737	-1.05	0.582899390488416	-1.79297984194241	0.0729761473744057	0.312061628120363
asRNA_98	7.43175942909882	-1.20	0.928173107763505	-1.29156583029443	0.196507543715188	NA
asRNA_99	3.48972603904701	0.07	1.09069073408408	0.0661078850905348	0.947291933191927	NA
asRNA_100	2.80912347981602	-0.24	1.36191737977672	-0.175213622492146	0.860911780709985	NA
asRNA_101	37.6331481226821	-0.35	0.365457993709643	-0.949940842202126	0.342142312610244	0.661849063737849
asRNA_102	10.5542039112607	-0.04	0.683147323353001	-0.0624770365237494	0.95018294840716	NA
asRNA_103	0.807201643465482	1.17	2.41261266288783	0.485188013307065	0.627542984039823	NA
asRNA_104	3.69184270070208	0.12	1.19083807379986	0.104143464262495	0.917055498872578	NA
asRNA_105	94.495351471099	-0.54	0.287474460188137	-1.88488030985354	0.0594459990479387	0.284617486021623
asRNA_106	29.2559653314003	-0.28	0.390507916183264	-0.711733831732497	0.476629613512271	0.765449243216725
asRNA_107	100.485617074033	-0.47	0.331253674070137	-1.42674771768764	0.153652626005938	0.457010520485629
asRNA_108	8.20400173834768	-0.54	0.932865412714481	-0.573984846434448	0.565978055714525	NA
asRNA_109	8.30935650306489	-0.53	0.711220986899117	-0.738452608603229	0.460239455661563	NA
asRNA_110	2.85170703325145	0.33	1.15955635529483	0.286977593709911	0.774129476596355	NA
asRNA_111	1.73891563417241	-0.42	1.71171279929336	-0.245488382925633	0.806078302110946	NA
asRNA_112	2.96470827619673	-0.83	1.51428942020819	-0.549880146946461	0.582401582022456	NA
asRNA_113	11.1658988480084	0.24	0.718837698169568	0.329963379576971	0.741427632727073	NA
asRNA_114	3.56922796936439	0.12	1.26527525248662	0.0934114401347531	0.925576702344243	NA
asRNA_115	6.70377272436756	0.17	0.879137547387762	0.189328011151204	0.84983574259547	NA
asRNA_116	2.80517924454653	-1.07	1.29204819496225	-0.825898485299139	0.408861679921728	NA
asRNA_117	2.35781755185363	2.75	1.75434492659602	1.56601980191997	0.117343981423605	NA
asRNA_118	9.04257219161958	-0.46	0.752331695072708	-0.617263855676657	0.53706070315024	NA
asRNA_119	13.873733556664	0.13	0.647768974940968	0.206983662861393	0.83602261736979	NA
asRNA_120	39.8223290281339	-0.52	0.355974012551907	-1.46460524355904	0.143028650573436	0.439733245807661
asRNA_121	26.9499620677242	-0.54	0.44969226077957	-1.21080911059023	0.225968572686	0.550174853656222
asRNA_122	8.09547487662237	1.05	0.904606571808009	1.16341427859398	0.244661459085283	NA
asRNA_123	5.36900133855472	-0.21	1.11972979204075	-0.186901265028753	0.851738047327463	NA
asRNA_124	3.23386987788745	-2.12	1.73930309771907	-1.22134392540841	0.221955828743941	NA
asRNA_125	12.3728080971937	0.29	0.592979781444811	0.493223794028837	0.62185446720638	NA
asRNA_126	1.96296509270847	1.70	1.97705881417716	0.86016030182723	0.389700684377369	NA
asRNA_127	1.62342589709313	-2.09	1.89055835045943	-1.10412305739471	0.269539760495061	NA
asRNA_128	0.982924382485084	2.49	2.8093409885381	0.887366769503555	0.374881468317195	NA
asRNA_129	2.8679651993985	-0.51	1.56310482049148	-0.325936331084023	0.744472527107291	NA
asRNA_130	1.45277128662227	1.06	2.05049689191416	0.51911848655642	0.603678117522686	NA
asRNA_131	5.31457499990508	0.15	0.960192013309332	0.157185879251227	0.875098356686657	NA
asRNA_132	8.96016594740761	-0.69	0.744083318845942	-0.921982845573359	0.356537523670515	NA
asRNA_133	4.34324371902208	1.72	1.73476816076181	0.989475148395162	0.322430723005981	NA
asRNA_134	0.217477207250657	0.00	7.1856207519055	0	1	NA
asRNA_135	94.7837873624735	-0.58	0.299375370794182	-1.93133964739602	0.0534410633938339	0.271923932422835
asRNA_136	17.5414698858568	-0.72	0.527316593591463	-1.36850086020452	0.171155352927314	0.475474175508839
asRNA_137	6.32928002888629	-2.25	1.07482044756685	-2.09723147335686	0.0359730896597418	NA
asRNA_138	6.73032599307356	0.35	0.942088599497311	0.373691446767482	0.708633889560418	NA
asRNA_139	0.49138103530375	0.00	3.27520151361288	0	1	NA
asRNA_140	22.9527959562074	-0.55	0.508629912069339	-1.08880060547869	0.276241824570399	0.596278084743422
asRNA_141	3.07691052556989	-1.44	1.42186127821022	-1.01153268063146	0.311761547740223	NA
asRNA_142	1.36823676558376	-0.72	2.30456209094849	-0.312699209146956	0.754509196468311	NA
asRNA_143	1.44585733487219	1.15	2.03438162564207	0.566523908026593	0.571037685183124	NA
asRNA_144	5.04952636128886	0.25	0.933070896507435	0.272827413777366	0.784985885548921	NA
asRNA_145	7.50304900690636	-0.95	0.758697428770426	-1.24698347954502	0.212403555171152	NA
asRNA_146	25.8440426628127	-0.46	0.478755411283839	-0.963169846276374	0.335462294747138	0.654032703684821
asRNA_147	3.24379962894155	-1.14	1.18972993381122	-0.957741609186453	0.338193069523461	NA
asRNA_148	5.11715343992095	-0.38	0.973225224938208	-0.386645099052821	0.699018965446213	NA
asRNA_149	2.60786437986013	0.81	1.56272098668753	0.517177780240799	0.605032061469635	NA
asRNA_150	6.31432499384456	-2.54	1.29362649202578	-1.96128174932985	0.0498461650800396	NA
asRNA_151	12.6268503411014	0.05	0.535093253348516	0.0888351355284464	0.929212933953229	NA
asRNA_152	52.4422357951337	-0.31	0.312457645108787	-0.993490584134313	0.32047093684014	0.640136162659612
asRNA_153	216.25868660575	-0.26	0.15745427884837	-1.66978347409195	0.0949622112066629	0.360471812314948
asRNA_154	2.64975967198205	0.42	1.38473317704292	0.299992541402783	0.764182844864658	NA
asRNA_155	1.17389363722722	1.20	2.17510844783316	0.550727462520295	0.581820515822755	NA
asRNA_156	4.39544210193036	-0.48	1.25584187048544	-0.383219084098842	0.701557329088081	NA
asRNA_157	42.6940252123955	-0.94	0.352485814401136	-2.66922065641435	0.00760274851118693	0.0986367058152943
asRNA_158	1.98946498266043	-3.93	1.82805709718411	-2.14953295785331	0.0315921764077178	NA
asRNA_159	0.378028751154085	1.60	4.21517717485163	0.37887555534056	0.704780277321712	NA
asRNA_160	2.3863431603767	-0.88	1.94549220325819	-0.451506567807179	0.651624492510018	NA
asRNA_161	7.70847946385854	0.89	0.731773164006267	1.21563337355777	0.224124614988693	NA
asRNA_162	17.59258207462	-0.57	0.536046239842057	-1.05648346787872	0.290747389930289	0.606871812303234
asRNA_163	9.29851640430774	-0.39	0.666244529814358	-0.59259853941478	0.553449856823235	NA
asRNA_164	2.1835698585885	-3.06	1.76499972136652	-1.73327889169789	0.0830461106784239	NA
asRNA_165	1.48736189221763	3.12	1.98809467434089	1.56937501705023	0.116560581818719	NA
asRNA_166	5.00058888964907	-0.19	0.897757365069402	-0.216426744601784	0.828655121064201	NA
asRNA_167	6.57701897877769	0.64	0.89562929255223	0.71393742825753	0.475265871992529	NA
asRNA_168	6.9162616468761	-0.68	0.920088810922264	-0.736260272936844	0.461572318028743	NA
asRNA_169	1.85682347823961	0.19	1.39759320762172	0.138490997484088	0.889852384025665	NA
asRNA_170	14.3025649271879	-0.35	0.591243883769526	-0.588988711093183	0.555868846478005	NA
asRNA_171	7.42703472443229	-0.58	0.927288534159227	-0.62366953272057	0.532844635859798	NA
asRNA_172	1.86997544360328	1.96	1.49876896485184	1.31105467952732	0.189839290768192	NA
asRNA_173	1.71655458855006	1.54	2.22695773914432	0.69176532617529	0.489084714903605	NA
asRNA_174	2.65311221699305	-1.81	1.78969688212903	-1.01082452112996	0.312100424641821	NA
asRNA_175	38.7084494982018	-0.83	0.349857960984433	-2.36050471433831	0.0182500863545272	0.158236163918387
asRNA_176	5.12247815575506	-0.86	0.901883280984128	-0.957722465381892	0.338202725359094	NA
asRNA_177	8.28915443187276	-1.16	0.811208286725463	-1.43050129285043	0.152573195025329	NA
asRNA_178	18.0359520966613	-1.21	0.608935973032291	-1.98275722563628	0.0473945540377442	0.253732550244236
asRNA_179	3.26803089726385	0.78	1.18643667657791	0.655567424281024	0.512102491080815	NA
asRNA_180	3.14159772611134	-0.32	1.33831808557084	-0.239205194012798	0.810946475323464	NA
asRNA_181	0.400750346195016	0.86	4.04578790160762	0.213649150448199	0.830820667710195	NA
asRNA_182	2.14926789472486	0.66	1.75997662317576	0.37551159656115	0.707280023591531	NA
asRNA_183	31.1110370359972	0.83	0.448668003177206	1.85811659902611	0.0631524581312004	0.293605612099652
asRNA_184	8.42048020826524	0.17	0.800804573741725	0.211661718316532	0.832370955745208	NA
asRNA_185	7.71604374195641	-0.30	0.779163377311208	-0.388658843939898	0.69752853108543	NA
asRNA_186	14.0277792340626	-0.16	0.583550046368087	-0.27585272210147	0.782661187707587	NA
asRNA_187	25.6324439491991	0.65	0.456563724378242	1.43088988748072	0.152461775739278	0.454633309605213
asRNA_188	4.05595068702629	2.12	1.31534127669807	1.60999669314348	0.107398578216461	NA
asRNA_189	5.92548804007375	-3.24	1.61090151360275	-2.01243110182743	0.044174512686265	NA
asRNA_190	7.64227360480615	-0.32	0.835562634061432	-0.380377650570998	0.70366510232334	NA
asRNA_191	17.42582183264	-0.85	0.516243527291055	-1.65294347669691	0.0983423676725926	0.365355902687683
asRNA_192	9.44642431678979	-0.18	0.755911404199917	-0.23950210392358	0.810716265234715	NA
asRNA_193	186.866713547341	-0.52	0.565096072446673	-0.91665496674103	0.35932347116754	0.681779143608855
asRNA_194	7.18183187826131	-1.43	0.946202059469744	-1.50653629937583	0.131929555997337	NA
asRNA_195	2.00814692306607	0.72	1.60984045451291	0.446485316947782	0.655246716533473	NA
asRNA_196	14.9037727766061	-1.08	0.684453702275878	-1.58290767650422	0.113442508818902	0.389349774034958
asRNA_197	5.97208053067068	1.11	1.06592063602527	1.0428265289916	0.297028642197576	NA
asRNA_198	4.12566471594291	1.48	1.25608524124634	1.17544093220678	0.23981835564715	NA
asRNA_199	1.01685996802031	1.73	1.99908978954115	0.864081484317463	0.387543129606933	NA
asRNA_200	8.22607773513326	-0.67	1.00878066293609	-0.663658431276537	0.506908950296332	NA
asRNA_201	30.0338156036785	-1.18	0.446601647195701	-2.64075737223745	0.00827209359720103	0.101981333004299
asRNA_202	2.16996447582632	-0.79	1.94938889390278	-0.404643225923135	0.685739780056208	NA
asRNA_203	15.9938702951587	0.46	0.613348793160194	0.750065228100596	0.453215420469251	0.74894877398261
asRNA_204	2.77139083795353	-0.96	1.14602152194259	-0.836033200477816	0.403136225715954	NA
asRNA_205	0.375339139181471	-1.25	3.82922784521976	-0.325958897396621	0.744455453293629	NA
asRNA_206	33.9866895015872	-0.59	0.407177644098508	-1.44038571837236	0.149758301957231	0.451461158455011
asRNA_207	2.66999694138528	1.35	1.44119611852317	0.937032543583949	0.348741818118519	NA
asRNA_208	0	NA	NA	NA	NA	NA
asRNA_209	12.2787089590439	-1.01	0.612396477944403	-1.64820220393938	0.0993111847357935	NA
asRNA_210	9.65505516589829	0.01	0.722521996331448	0.00783858834251983	0.993745775429953	NA
asRNA_211	8.49814886137696	-0.58	0.929048699626548	-0.625002967145913	0.531969110696254	NA
asRNA_212	1.39651913122549	3.84	2.05987454017731	1.86315533299209	0.0624404151438603	NA
asRNA_213	1.66826728487177	-0.39	1.66941878222173	-0.236418391203792	0.813108026518604	NA
asRNA_214	10.4573034114244	-0.29	0.660722643414429	-0.43608035648985	0.662778428760636	NA
asRNA_215	7.66993479866319	0.44	0.874810107139517	0.506903438834154	0.612222572690705	NA
asRNA_216	1.26319429393365	-0.45	1.91341840643799	-0.236894907629514	0.812738320684051	NA
asRNA_217	7.97083128913974	0.12	0.991395175910117	0.116625225502963	0.907157047070725	NA
asRNA_218	0.233750079369454	0.00	6.15847045561138	0	1	NA
asRNA_219	0	NA	NA	NA	NA	NA
asRNA_220	12.4975923326327	1.19	0.688914321053964	1.72060578291825	0.0853223833779771	NA
asRNA_221	5.23812569199686	-0.41	0.959330433619051	-0.430413645388695	0.666894771050601	NA
asRNA_222	5.43884652212016	0.16	1.05457957754335	0.153653011723305	0.877883335900919	NA
asRNA_223	2.45182167054376	-2.63	1.70962808023776	-1.53753499324914	0.124162352622463	NA
asRNA_224	1.88650226429649	1.10	1.59125774839824	0.693100218281244	0.488246660696445	NA
asRNA_225	3.36034933465554	0.61	1.36089660785471	0.445247507773625	0.656140897759505	NA
asRNA_226	1.17342976085315	-0.42	1.78116010934057	-0.234972593264097	0.814230005146976	NA
asRNA_227	0.924692345930455	2.55	2.4421249523575	1.04322027993276	0.296846283006919	NA
asRNA_228	1.73260567770238	2.46	1.77567167121581	1.386090476664	0.165719277972193	NA
asRNA_229	2.99519498944495	0.51	1.36856865761649	0.371257136300951	0.710446020425287	NA
asRNA_230	4.97118534843519	-0.35	1.04606673878402	-0.330274732271439	0.74119238345513	NA
asRNA_231	9.15483609970901	-0.58	0.700690679928138	-0.824290557141506	0.409774482751957	NA
asRNA_232	5.98061448084207	1.16	0.904126404922747	1.28302175782283	0.199484453431085	NA
asRNA_233	2.88586187550851	-3.86	1.76793078284824	-2.18393240992086	0.0289672150585781	NA
asRNA_234	3.04114063840301	2.06	1.30850699074021	1.57601177659999	0.11502308920605	NA
asRNA_235	2.76103415019871	1.05	1.3189403927576	0.796862726564416	0.425530760342649	NA
asRNA_236	1.95151457630596	-2.77	1.92341168377825	-1.44111200018549	0.149553043870885	NA
asRNA_237	7.40532965101097	-0.45	0.766495664730802	-0.585266532523729	0.558368514622219	NA
asRNA_238	12.3217185803536	-0.03	0.616527220218421	-0.0446771711701077	0.964364630291587	NA
asRNA_239	3.45816636645665	0.50	1.36516129403791	0.362834307703809	0.716728661958307	NA
asRNA_240	0.374012193709877	3.16	5.22923863514798	0.604086394571951	0.545786204556448	NA
asRNA_241	0.966450782539522	3.12	2.19015979098135	1.42322366691997	0.154671326900987	NA
asRNA_242	6.11566281451797	2.29	1.32285046280694	1.73170160457952	0.0833267048122016	NA
asRNA_243	1.16106337027644	-0.94	1.77144299159583	-0.529906221057972	0.596176952669815	NA
asRNA_244	6.1159165012385	-0.53	0.873362831345963	-0.60605839426816	0.544475977633903	NA
asRNA_245	26.6385421545932	0.05	0.385866308427492	0.140917910049065	0.887934793162007	0.961670636999761
asRNA_246	5.07201963864623	0.93	0.986200262481714	0.946661648540747	0.343811218963259	NA
asRNA_247	5.55909923081413	-0.92	0.884379298048071	-1.03951262450268	0.298566389784903	NA
asRNA_248	3.57345251129783	0.88	1.32237842646969	0.663314272542553	0.507129297513476	NA
asRNA_249	10.0173776411349	-0.54	0.793585643876278	-0.678837630993998	0.497240747254314	NA
asRNA_250	11.224185115487	-0.18	0.666876176228394	-0.262800644941605	0.792704238413397	NA
asRNA_251	2.4821827404481	-0.50	1.27127037116474	-0.392310289621091	0.694828961778624	NA
asRNA_252	3.21882954764117	2.28	1.34739138022931	1.69125102245644	0.0907888699341183	NA
asRNA_253	0.726604338765648	0.00	2.89598858358696	0	1	NA
asRNA_254	2.66392245141926	1.08	1.85068652766138	0.584559689524695	0.558843819066828	NA
asRNA_255	0.585714647448352	0.00	3.03855670118314	0	1	NA
asRNA_256	0.593698304554761	3.15	2.61830320865827	1.20419963535434	0.228512426897517	NA
asRNA_257	1.80785903691578	-1.33	1.92074502575863	-0.694083938535932	0.487629570497085	NA
asRNA_258	4.072980764057	-0.82	1.43185998047049	-0.573866824867137	0.566057924139761	NA
asRNA_259	67.7284935011475	-1.06	0.298782189364233	-3.54205510483529	0.000397022525547984	0.0169342472654359
asRNA_260	3.93141572510276	-2.09	1.36516443988831	-1.53424092495213	0.124970392971817	NA
asRNA_261	2.36822660682318	0.54	1.40417715895846	0.387434713586818	0.698434408867061	NA
asRNA_262	6.91250472744903	1.01	0.728765139780763	1.37914122250869	0.167851216187016	NA
asRNA_263	1.17118074479317	0.17	2.32960821037294	0.0725792985405805	0.942140900636845	NA
asRNA_264	0.92820474831513	3.11	2.42366250721535	1.28520624712531	0.198720221175763	NA
asRNA_265	0.925709185851232	1.64	2.14851188542695	0.762335704487153	0.44585966935384	NA
asRNA_266	2.19755224955362	0.14	2.13031434239807	0.0645442202703183	0.948536897808593	NA
asRNA_267	1.80996095363686	-1.29	2.32657046135008	-0.552940190999415	0.580304365288547	NA
asRNA_268	36.4081555180124	0.17	0.386724277340978	0.452042602065643	0.651238292044991	0.863895482127673
asRNA_269	0.880493655340409	1.57	2.65591440417745	0.590330681905904	0.554968973257068	NA
asRNA_270	2.62115194026856	-0.54	1.09160302047029	-0.49836328900661	0.618228007007519	NA
asRNA_271	1.46463278227791	-1.52	1.60500173949343	-0.947838065916566	0.343211898487907	NA
asRNA_272	6.73609452148828	0.67	0.90203518729757	0.73875284343494	0.460057091314471	NA
asRNA_273	1.16939878651971	1.54	2.40495413553896	0.639122086512571	0.522743512777186	NA
asRNA_274	2.82649224089179	-0.10	1.15505637197506	-0.0907457164416694	0.927694643993494	NA
asRNA_275	9.30769309743881	-0.88	0.667349488842415	-1.32186439686441	0.186213309879794	NA
asRNA_276	3.51808727159466	-0.38	1.12974875837882	-0.336304505896693	0.736641252406283	NA
asRNA_277	26.3891325581221	-0.43	0.439109223666619	-0.971966340277732	0.331067294149091	0.650852746746872
asRNA_278	15.5322637618939	-0.17	0.56261507072905	-0.295804774242902	0.767379176763792	0.915975722553313
asRNA_279	2.02105053686871	-0.87	1.60037250605598	-0.543336450531621	0.586898171821227	NA
asRNA_280	10.7900410591063	-0.85	0.731475733824459	-1.16705676735739	0.243187445356975	NA
asRNA_281	8.78669756903697	-0.83	0.675316846495423	-1.23015758940932	0.218638097932707	NA
asRNA_282	1.94752712323815	0.06	1.49650808410594	0.0380447337301046	0.969652015467827	NA
asRNA_283	5.34085176936064	0.74	0.993534207986888	0.741456390868944	0.45841676390382	NA
asRNA_284	0.538144648110702	0.17	3.06479149206341	0.0541169623325738	0.956841978063331	NA
asRNA_285	0.169380537642972	0.00	7.3561311249555	0	1	NA
asRNA_286	12.9507315056885	-0.58	0.675009342885219	-0.862829968332715	0.388230959540882	NA
asRNA_287	5.3779006737003	-0.39	0.953685587088758	-0.40751190702612	0.683632050677615	NA
asRNA_288	1.37557277063412	0.85	1.75601848248712	0.484944057915094	0.627716028664059	NA
asRNA_289	1.61017165159826	2.58	2.06802203181092	1.24530948586138	0.213018010149954	NA
asRNA_290	9.45525705520662	-0.53	0.789113984791794	-0.665796959469456	0.50554088859896	NA
asRNA_291	2.73187409976765	-1.72	1.50504729845091	-1.14426308654154	0.252514547003917	NA
asRNA_292	1.0027626850315	1.54	2.44009601751271	0.62968681649015	0.528899509751677	NA
asRNA_293	1.26419715879063	-2.19	2.0176712213394	-1.08697467721828	0.277048001057606	NA
asRNA_294	2.9241025935768	1.12	1.88916270385891	0.594537393664433	0.552152739594083	NA
asRNA_295	11.4197006727353	-0.91	0.600667618368283	-1.51016384346249	0.131001622084474	NA
asRNA_296	5.55497367331466	-1.35	1.03817424767013	-1.29883394760809	0.194000921654953	NA
asRNA_297	0.596915221170394	-0.93	2.82846540764109	-0.329246796097851	0.741969154688023	NA
asRNA_298	1.80229253210495	-1.81	1.87849524406691	-0.96452896724901	0.334780792718033	NA
asRNA_299	7.71544980782561	-1.20	0.850388944331416	-1.40894861376777	0.158850363258462	NA
asRNA_300	1.88658199818246	0.87	1.73205320882435	0.503281194456293	0.61476658616909	NA
asRNA_301	62.8598796668438	0.84	0.336532564285329	2.4843846288087	0.0129775552373639	0.135537712096611
asRNA_302	0.818133375565067	1.30	2.31179236403788	0.563244878240875	0.573268147174661	NA
asRNA_303	5.97444341238036	-0.63	0.781713188819313	-0.805053020883283	0.420789084050718	NA
asRNA_304	32.1631505395456	-0.96	0.387656066324012	-2.47881852130419	0.0131818355993879	0.135537712096611
asRNA_305	6.21226802332176	-1.07	0.878155215816347	-1.22206419079305	0.221683353438135	NA
asRNA_306	2.70293156909087	-2.03	1.39647847036442	-1.45449469283241	0.14580920380404	NA
asRNA_307	4.08790422470929	0.43	0.921870207831849	0.465523701837259	0.641556467533968	NA
asRNA_308	1.05762868306061	-3.22	2.26480490377041	-1.42371930281171	0.154527743696173	NA
asRNA_309	29.005158410895	-0.20	0.486170755695359	-0.419627670330016	0.674757471219211	0.873930360310819
asRNA_310	9.59979316687909	0.75	0.714439977551195	1.05280331969372	0.292431143191671	NA
asRNA_311	2.8941248389547	2.82	1.84155448516478	1.53240221716079	0.125423210679915	NA
asRNA_312	2.21718663303251	-1.20	1.31238250416254	-0.91411664586596	0.360655556730183	NA
asRNA_313	7.84094007202767	-1.70	0.937430215911407	-1.8091649445657	0.0704253819425239	NA
asRNA_314	3.0911633558879	0.24	1.30555009382595	0.181656623290067	0.855852209087086	NA
asRNA_315	6.33426210165168	-0.39	0.948671052059746	-0.410098034978641	0.681734034125141	NA
asRNA_316	0.971215150318547	-1.90	2.17142803916173	-0.873180599285656	0.382564647684722	NA
asRNA_317	9.25675009446337	-0.52	0.786921357515972	-0.655725498511822	0.51200075955499	NA
asRNA_318	7.89475058079082	0.67	0.758897704737931	0.88718567751266	0.37497894217703	NA
asRNA_319	0.350224405412063	0.00	5.47834685577585	0	1	NA
asRNA_320	4.16564949746082	-1.00	0.989207647100358	-1.00822056427129	0.313348587713136	NA
asRNA_321	4.4218624889627	-1.03	0.98745838088849	-1.03973126673771	0.298464769972856	NA
asRNA_322	6.29913738348248	0.28	0.899013522009626	0.313841576491024	0.753641365087014	NA
asRNA_323	0.795258436380233	2.49	2.72157516358306	0.916650168517024	0.359325986307704	NA
asRNA_324	0.53761206798653	-1.26	3.03287485579068	-0.415558383273179	0.677733184961194	NA
asRNA_325	1.48396077897941	-0.76	2.06810465517064	-0.368297826996988	0.712651172638026	NA
asRNA_326	0.826209291349988	-0.67	2.4477684186907	-0.272992004755799	0.784859361516554	NA
asRNA_327	0.706102138811317	1.53	3.38430517390089	0.451630533944141	0.651535169421181	NA
asRNA_328	1.15955480663234	0.15	1.67905385923096	0.0914698822025913	0.927119236411542	NA
asRNA_329	1.10913474024855	-0.88	2.14789626717494	-0.408130683155654	0.683177734640785	NA
asRNA_330	0.172389860439292	0.18	7.34153286993809	0.0250179080024901	0.980040679558485	NA
asRNA_331	4.4510137656643	-0.20	1.0600175000675	-0.190618791575646	0.848824266596224	NA
asRNA_332	1.32824508678051	-0.42	1.74228654161419	-0.240740150772282	0.809756518142591	NA
asRNA_333	44.3509751160087	-1.21	0.373376001846898	-3.24455616432921	0.00117633816775433	0.0313437202117767
asRNA_334	7.7663438141606	-0.55	0.764547230708209	-0.719305586562459	0.471952654529265	NA
asRNA_335	5.58749966987004	-1.02	1.07307686110774	-0.950512706851527	0.341851800425058	NA
asRNA_336	6.18107096735273	1.20	1.1779415684601	1.01906535594327	0.308171939979126	NA
asRNA_337	1.16824431365005	2.74	1.93031274809261	1.42080912199443	0.155372258071257	NA
asRNA_338	6.0706961152411	-0.91	1.01042824609116	-0.900473511114394	0.36786831574264	NA
asRNA_339	1.9193848231168	-0.32	1.44828177062691	-0.218930175985676	0.826704439587218	NA
asRNA_340	0.820641224715944	1.58	3.06357741299135	0.515160840699944	0.606440630656685	NA
asRNA_341	1.20141374797176	-1.38	2.31938968488132	-0.59632613571656	0.55095737447616	NA
asRNA_342	5.59898909756	1.48	0.927206486579177	1.59165698299199	0.111461798880217	NA
asRNA_343	5.69363332794662	-1.12	1.36871948750263	-0.816333110749658	0.414309641895576	NA
asRNA_344	2.57708852752483	-0.87	1.9210184434795	-0.450477656770512	0.652366061312512	NA
asRNA_345	0.857100914308556	-2.35	2.50696075785061	-0.936510296984434	0.349010513462689	NA
asRNA_346	5.62462889205447	0.38	0.891483000619814	0.42605549781075	0.670067406696795	NA
asRNA_347	1.1707644162484	1.02	2.12747328537746	0.47851883952759	0.632280968582135	NA
asRNA_348	10.449809063559	2.46	1.000217597837	2.46168971052088	0.0138284243619593	NA
asRNA_349	6.2430050783628	4.20	1.49411051302229	2.8095351828306	0.00496130961032474	NA
asRNA_350	23.520484619833	0.09	0.487084793277574	0.187332819510294	0.851399692202504	0.948578890988345
asRNA_351	10.132319217276	-0.72	0.642345895695209	-1.12106074867222	0.262262004946714	NA
asRNA_352	8.42340884421776	1.10	0.946911274932949	1.15998529244173	0.24605479422988	NA
asRNA_353	9.28769122844296	-1.30	0.750271327621059	-1.72770156421346	0.0840417429789437	NA
asRNA_354	3.40888883807853	0.16	1.08072039609141	0.150929997491156	0.880030936964276	NA
asRNA_355	2.13142134814204	1.67	1.5584079535381	1.07440081878766	0.282643075685202	NA
asRNA_356	4.27975199046875	2.43	1.36102586620519	1.78856282955371	0.0736852485862158	NA
asRNA_357	2.49212909182887	-0.05	1.67042899281548	-0.0293452698410126	0.976589222321295	NA
asRNA_358	17.1766587507865	-0.13	0.50841537221148	-0.259060280480149	0.795588730430495	0.926047345185469
asRNA_359	2.20556131496702	-1.29	2.22643364345811	-0.580736901794825	0.561417787011593	NA
asRNA_360	2.78890548886791	-0.50	1.51199734792383	-0.329274910162738	0.741947906486161	NA
asRNA_361	19.8456426966462	0.27	0.552618089284985	0.484226420586985	0.628225188268067	0.851585056904431
asRNA_362	3.3730220855538	2.92	1.59697954514998	1.82668711545426	0.0677468266109089	NA
asRNA_363	4.62384029622973	-0.53	1.03830640439926	-0.513032228583882	0.607928776677162	NA
asRNA_364	16.3362253781658	-0.93	0.537352701654001	-1.72954988164759	0.0837107270511192	0.336081046625555
asRNA_365	2.23693960758797	3.51	1.82480327871586	1.92611859507593	0.0540895672692023	NA
asRNA_366	6.21094627673361	-0.80	0.875070252621872	-0.914501823115244	0.360453220347278	NA
asRNA_367	16.8638428660783	-0.02	0.651353457851716	-0.0362310422767715	0.971098134074668	0.990452647590857
asRNA_368	61.8671424723669	-1.16	0.349938535515866	-3.31148125434586	0.000928034573958721	0.0277068635454182
asRNA_369	1.85457561973278	-0.88	1.97940867393947	-0.445725867132783	0.655795277141821	NA
asRNA_370	0.694546144050045	-1.27	2.79898533601401	-0.452454616076904	0.650941508936906	NA
asRNA_371	155.442486638103	-0.69	0.237668033804497	-2.89452270126756	0.0037973545044999	0.0676800774484117
asRNA_372	41.3000203368778	0.90	0.48667688686892	1.84024409176082	0.0657324093686905	0.296262268836838
asRNA_373	0.828177817973627	0.00	3.29582159109082	0	1	NA
asRNA_374	2.77632198969586	1.68	1.82035572713635	0.924026092891539	0.355472730726628	NA
asRNA_375	3.5229890438971	-0.90	1.18911606430333	-0.757298556225139	0.448871015687309	NA
asRNA_376	2.75060542075221	-0.26	1.22738289694652	-0.211476079059544	0.832515796262805	NA
asRNA_377	4.64482194475488	-0.42	1.14366212489215	-0.369751138341241	0.711567924919599	NA
asRNA_378	2.30126000969151	-1.51	1.86506498157892	-0.807558216245262	0.419344948509883	NA
asRNA_379	1.01966456327745	-1.28	2.40045432217927	-0.534193141156304	0.593207914012211	NA
asRNA_380	2.37382340798405	-0.29	1.80112650368153	-0.162929355077596	0.870574057635148	NA
asRNA_381	17.292822314826	-0.10	0.501446978763778	-0.206146567916238	0.836676423941032	0.940691551055298
asRNA_382	0.745750288404681	-2.36	2.81352698666932	-0.837620603058957	0.402243817787624	NA
asRNA_383	7.14202347493679	-1.67	0.821052789782916	-2.03651513387199	0.0416986549976379	NA
asRNA_384	10.2164517318129	-0.50	0.615901919216177	-0.803742141509835	0.421545910795337	NA
asRNA_385	6.80594103639473	0.68	1.02302756563438	0.659877694291742	0.509332319459913	NA
asRNA_386	3.84513418151855	1.43	1.44817133656228	0.988084738502455	0.323111149383047	NA
asRNA_387	6.71048350399954	1.22	0.85323376367974	1.42892824930615	0.153024857054317	NA
asRNA_388	3.11036717601141	-0.79	1.94968039993742	-0.404545747484951	0.685811444269404	NA
asRNA_389	3.32638078152282	0.26	1.32773252419161	0.19443966612546	0.845831633464912	NA
asRNA_390	2.58574704419894	-0.35	1.32712406274061	-0.261935630385846	0.793371069274865	NA
asRNA_391	1.23846390232104	1.12	2.12981022560314	0.527411193401881	0.597908072084638	NA
asRNA_392	30.0274264890895	-0.22	0.408854620473511	-0.549463303202932	0.582687541631992	0.819135555862031
asRNA_393	20.55453404079	0.26	0.560484479490875	0.458835102124705	0.646352585450873	0.860645731728782
asRNA_394	17.2094040492066	-0.43	0.643805210837803	-0.665496100844958	0.505733236643321	0.789173148867852
asRNA_395	4.11711134025712	-0.27	1.16032595295975	-0.230738267562087	0.817518142367916	NA
asRNA_396	1.56118830450479	-0.40	1.64084939088166	-0.242031967560978	0.808755392952055	NA
asRNA_397	2.05637995812342	-0.87	2.00434824107496	-0.434282900559222	0.664083019401762	NA
asRNA_398	44.5196922227056	-0.40	0.376554330975843	-1.07055800319062	0.284368215367753	0.603276957688845
asRNA_399	0.621012539133997	-1.26	3.28315560220684	-0.382381276872698	0.702178576037448	NA
asRNA_400	1.81639524922978	2.13	1.88922818559863	1.12815520451526	0.259254378343298	NA
asRNA_401	2.37175811883515	0.58	1.38917024684349	0.414694150927893	0.678365814727442	NA
asRNA_402	0.881760582233307	-1.27	2.71601939943054	-0.467240971240786	0.64032748356993	NA
asRNA_403	8.90759658226782	-0.23	0.711795722511778	-0.324422832611227	0.745617935813767	NA
asRNA_404	9.97224175389727	-0.46	0.692292305295813	-0.658714770341904	0.510078946373132	NA
asRNA_405	2.17020294877914	-3.79	1.82309953164187	-2.07889745567469	0.037626776634562	NA
asRNA_406	7.99155065504148	-0.13	0.849363518233808	-0.154980056975524	0.876837039558937	NA
asRNA_407	2.01020324948904	-4.50	1.8220213491725	-2.46817326579133	0.013580456733082	NA
asRNA_408	26.9041648027884	-0.64	0.449166421337883	-1.42479826679234	0.154215523487236	0.457010520485629
asRNA_409	32.3055281520105	0.24	0.401574271273119	0.609224830113886	0.542375424229608	0.807967592901961
asRNA_410	4.00405475844885	0.07	1.12683236680707	0.0592377595044247	0.952762734699416	NA
asRNA_411	5.04214005882095	0.75	1.0942845698471	0.683799677653944	0.494101670177978	NA
asRNA_412	11.5353767016512	0.76	0.649816134085754	1.17193905324049	0.241221526278595	NA
asRNA_413	2.27394023606683	-0.83	1.59789346228597	-0.519445504706054	0.603450105713696	NA
asRNA_414	3.17396386880328	0.07	1.21786266922729	0.0575167137552229	0.954133592496656	NA
asRNA_415	4.69296590701076	-1.76	1.74535636118548	-1.00936527199937	0.312799487096895	NA
asRNA_416	1.5366223681828	-2.75	2.01759164277433	-1.36172655450014	0.173284197682226	NA
asRNA_417	10.5637614647954	-1.87	0.776566570625815	-2.40563871770748	0.0161442215114096	NA
asRNA_418	2.2781866015279	-0.81	1.58465078977922	-0.5087071178137	0.610957532487376	NA
asRNA_419	2.48970883478779	1.12	1.4691811926143	0.759596129383011	0.447496033487903	NA
asRNA_420	9.65771527215053	-0.40	0.74684550958417	-0.534024949452278	0.593324272616015	NA
asRNA_421	4.31391770814366	0.36	1.08675646329506	0.328790770504127	0.742313839666582	NA
asRNA_422	83.3007951698467	-0.45	0.274905925586783	-1.63893807640073	0.101226156764835	0.37161246883446
asRNA_423	8.56137188506309	0.29	0.780451590038809	0.370725395593099	0.710842073154418	NA
asRNA_424	5.44947053754211	-0.69	0.922922110554198	-0.747859137076136	0.45454512739989	NA
asRNA_425	1.36887882825792	2.13	2.02143519363821	1.05616787341059	0.290891525562598	NA
asRNA_426	0.908054836152348	3.52	2.63092570150775	1.33665275105151	0.181336011532252	NA
asRNA_427	0.542444744540558	-1.52	3.36424189344269	-0.45238613751753	0.650990831776078	NA
asRNA_428	3.71242482192253	0.15	1.26848973331777	0.122167150225771	0.90276664186697	NA
asRNA_429	1.63359943145035	1.09	1.91128554977053	0.568993036770516	0.569360865444153	NA
asRNA_430	9.09727941335578	0.35	0.791639409858701	0.448411977995208	0.653855898823065	NA
asRNA_431	0.948317788561291	-1.17	2.67979848341152	-0.436097671871042	0.662765866250081	NA
asRNA_432	1.10822599609932	-2.69	2.31049093507636	-1.1661874387975	0.243538670073442	NA
asRNA_433	5.6517490062812	-0.24	1.04842854327988	-0.23024488430201	0.817901485973801	NA
asRNA_434	3.01685618282514	-0.16	1.53522599392175	-0.102852602178955	0.918079956096004	NA
asRNA_435	7.43175327492653	0.76	1.00458013583117	0.754486700848588	0.450557028088632	NA
asRNA_436	1.17485738589981	-1.29	2.2996020601914	-0.560140744429119	0.575383440891857	NA
asRNA_437	56.2670645112206	-0.24	0.393220700793909	-0.604678866346376	0.545392392929867	0.809029624879051
asRNA_438	7.7068960724493	-1.10	0.745252023952104	-1.47810238311687	0.139380376330334	NA
asRNA_439	1.67369401978715	-0.71	1.78327516428367	-0.400854318586109	0.688527384306783	NA
asRNA_440	1.20062910455191	-2.34	2.38752924415308	-0.981383934341291	0.326403445658072	NA
asRNA_441	1.61968448757932	3.88	1.88119063573349	2.06161949540952	0.0392439764712745	NA
asRNA_442	25.8708581619364	0.17	0.461453272263375	0.369541790346167	0.711723929802434	0.893025352047736
asRNA_443	5.44254125292093	-1.08	0.932025957801925	-1.15437704568705	0.248345621743454	NA
asRNA_444	2.70484351102134	-1.74	1.48043331935877	-1.17776311263587	0.238891058151094	NA
asRNA_445	2.76800473717046	-1.92	1.38420654671191	-1.38538897580603	0.165933560098585	NA
asRNA_446	5.50128260649553	-0.02	0.888685349256307	-0.0247595742356419	0.980246736251279	NA
asRNA_447	67.2950972209989	-0.47	0.274422533107669	-1.72819958181572	0.0839524486929857	0.336081046625555
asRNA_448	67.1799366907845	-1.03	0.332315206866307	-3.0862631854773	0.00202689329615953	0.044448155644985
asRNA_449	0.773113750640132	0.17	3.0685523345482	0.0540694232715356	0.956879853292757	NA
asRNA_450	1.65905789739987	-0.42	1.66291144388631	-0.253485905128855	0.799892751658751	NA
asRNA_451	4.04440151201047	0.64	1.37821634960277	0.461083436097287	0.64473874501572	NA
asRNA_452	35.1725290539606	-0.64	0.387789090884503	-1.65361817544882	0.0982051173771342	0.365355902687683
asRNA_453	5.07742810626781	-1.74	0.945772502922858	-1.84330960071227	0.0652838201916989	NA
asRNA_454	1.98000116096796	-3.43	1.90049313842703	-1.8054434410206	0.0710053185365628	NA
asRNA_455	10.2678275910253	-0.15	0.787219417755064	-0.190419328123002	0.848980553104526	NA
asRNA_456	0	NA	NA	NA	NA	NA
asRNA_457	3.97329269176053	0.34	0.981316866541639	0.349752944947532	0.726524115710434	NA
asRNA_458	0.442835612575011	0.00	3.7136804308279	0	1	NA
asRNA_459	1.20694085227696	0.17	2.306293303839	0.0723853040745008	0.942295279763298	NA
asRNA_460	0.870944908269257	-0.88	2.28461411664909	-0.385343060809723	0.699983262184735	NA
asRNA_461	4.33764143397321	-0.52	1.03581167115174	-0.504508399701605	0.613904161053967	NA
asRNA_462	0.328073037478266	-1.24	5.54196381984225	-0.223443024606696	0.823190721848943	NA
asRNA_463	2.77341120499114	-1.44	1.58347922367984	-0.910839922437102	0.362379724068363	NA
asRNA_464	5.93796674412575	0.50	0.906883037542317	0.555433246147826	0.578598357637241	NA
asRNA_465	2.94876087925664	-2.50	1.85390945325124	-1.34743846291178	0.177839059969093	NA
asRNA_466	1.78827639995343	-1.80	2.00140345483558	-0.901423017396846	0.367363447797822	NA
asRNA_467	12.0277232644684	-1.47	0.942215825441492	-1.56058720816938	0.118621178878158	NA
asRNA_468	5.30243086725607	-0.41	1.04542064530563	-0.393044054124377	0.694286943847227	NA
asRNA_469	14.3596838162457	-0.67	0.62827500920838	-1.06345083677182	0.287577549090102	NA
asRNA_470	1.52755675144718	-1.55	2.0197760185766	-0.768128335741723	0.442410944062097	NA
asRNA_471	3.72372930560674	0.96	1.33027923454136	0.724472263849999	0.468775849145794	NA
asRNA_472	3.19250903155578	0.61	1.44224262258827	0.425377105422085	0.67056179305434	NA
asRNA_473	4.77674136641304	-1.15	1.09457901813235	-1.05460278677276	0.291607028727667	NA
asRNA_474	0.78240229033569	-3.05	2.64764713314238	-1.15256380233452	0.24908946780826	NA
asRNA_475	1.33900895860757	-2.18	2.14553024480732	-1.01713023566017	0.309091478427391	NA
asRNA_476	6.39697627647868	1.46	0.943986586403533	1.5451893401663	0.122300472022102	NA
asRNA_477	3.3090865511477	0.82	1.28924029947136	0.634950800996304	0.525460503094865	NA
asRNA_478	6.01066130980386	-0.31	0.981125658020538	-0.319019330678818	0.74971185430982	NA
asRNA_479	2.07720294703887	-1.37	2.22877040013687	-0.613017572404615	0.539864720642311	NA
asRNA_480	49.307185377846	0.75	0.363990923261632	2.05992441010939	0.0394057677106737	0.230300689592098
asRNA_481	2.69155310648258	2.46	1.73059860329622	1.42087955490922	0.155351777636589	NA
asRNA_482	36.2518839730847	-0.42	0.322220270316724	-1.29771041430708	0.194386863650317	0.507030784824555
asRNA_483	1.23219339342393	-3.35	2.00042150978343	-1.67215000216663	0.0944947467308668	NA
asRNA_484	20.7891904214728	-0.25	0.424116223025277	-0.582827919594272	0.560009147894749	0.81256629265442
asRNA_485	4.58101737898095	-1.08	1.04300833407165	-1.03220057264134	0.301978166854508	NA
asRNA_486	2.34861227906418	-0.16	1.43755481685454	-0.107852671214178	0.914112560939149	NA
asRNA_487	1.91184630297436	1.07	1.33839108371212	0.802312512433099	0.422372206310343	NA
asRNA_488	1.51734938633624	1.56	2.31258292815861	0.673277207326953	0.500770950462564	NA
asRNA_489	0.986837082240169	0.00	2.63252056216511	0	1	NA
asRNA_490	2.57626128166738	-0.23	1.43024608721217	-0.163517941260271	0.870110648180639	NA
asRNA_491	1.13259540792625	1.54	2.51683138921172	0.610042756829373	0.541833484556244	NA
asRNA_492	0.0769312853423235	0.00	7.3561311249555	0	1	NA
asRNA_493	1.82137328479448	-1.99	1.94209899808339	-1.02573039671764	0.305018682326982	NA
asRNA_494	2.27883860272359	3.52	1.82184049048618	1.92940251213329	0.0536809120950244	NA
asRNA_495	1.5497238444398	1.45	1.63474124200754	0.886220219554766	0.375498870070792	NA
asRNA_496	3.8000568342258	0.38	1.19053804750102	0.3158308632679	0.752130890727219	NA
asRNA_497	13.5056981955257	-0.23	0.696240146758349	-0.323715433585598	0.746153485208779	NA
asRNA_498	14.0546219308655	-0.04	0.589838792213833	-0.0706874727217591	0.943646491215787	NA
asRNA_499	3.70488756334452	-0.52	1.36642181861124	-0.378104698252154	0.705352818257103	NA
asRNA_500	14.6855214752904	1.15	0.619995176167074	1.84716260693161	0.0647235770033878	NA
asRNA_501	1.28756957142038	0.00	2.53798102084341	0	1	NA
asRNA_502	6.81516741836165	-0.79	0.789904326776846	-1.00600784999236	0.314411793934145	NA
asRNA_503	5.99543986563521	-1.67	0.967374986100176	-1.72684985732236	0.0841946317178099	NA
asRNA_504	4.04078445464729	-0.66	1.36862330110785	-0.480663634907813	0.630755580624194	NA
asRNA_505	17.856153089198	-1.17	0.583093882047099	-2.01282987978361	0.0441325293542602	0.245202707936899
asRNA_506	2.46649824806256	2.86	1.78383652744644	1.60484897766716	0.108527044375883	NA
asRNA_507	1.39034660919296	0.05	2.3127890197314	0.021222607787248	0.983068079936327	NA
asRNA_508	53.0569816622449	0.55	0.438301012702659	1.26068912655365	0.20742087304322	0.526023713393452
asRNA_509	9.39641626109607	1.48	0.924312334734348	1.60616008479246	0.108238740930996	NA
asRNA_510	4.97010207895106	1.52	1.06536227416924	1.42282640405408	0.154786485087786	NA
asRNA_511	6.94494189908453	0.67	0.87171550789112	0.764882334643003	0.444341613997375	NA
asRNA_512	1.18528231045822	-1.25	2.39525078461012	-0.523169970635784	0.600855976713837	NA
asRNA_513	6.84133231626092	0.16	0.924763683805232	0.174156097579684	0.861742787254707	NA
asRNA_514	5.88929220331289	-0.55	0.889058626128139	-0.613294064997315	0.539681916988389	NA
asRNA_515	12.7120355855088	-0.50	0.644327819486463	-0.778411502100046	0.436326460110098	NA
asRNA_516	3.19939999003407	-0.77	1.30437536656944	-0.588317174352819	0.556319419979865	NA
asRNA_517	2.10586866505733	-2.00	2.00119267857951	-1.00020215889201	0.317212684684691	NA
asRNA_518	14.9639245767977	-1.10	0.604707140375242	-1.81513051686645	0.0695038544529032	0.303757586127503
asRNA_519	258.226426144602	-1.23	0.278036197440555	-4.42906678569297	9.46417147343288e-06	0.0013795421712451
asRNA_520	1.17274418740156	-0.70	2.28183914980644	-0.3054728551794	0.76000604101348	NA
asRNA_521	1.48090916162857	-2.84	1.8966824563354	-1.49534119787145	0.134825418349342	NA
asRNA_522	6.20567059871683	-1.38	0.957354479547045	-1.44656884108296	0.148017718318039	NA
asRNA_523	5.56373767001953	0.80	0.966433425303146	0.830495322870594	0.406258791141805	NA
asRNA_524	2.27886204274544	0.29	1.51658733017641	0.188395600385106	0.850566548332876	NA
asRNA_525	9.02344856979302	0.33	0.952919297913058	0.342528651011139	0.731953086157874	NA
asRNA_526	24.9597234471446	-0.46	0.382605420834334	-1.21064873581317	0.226030057475431	0.550174853656222
asRNA_527	14.2099697299811	-0.71	0.652001588922514	-1.09158063508159	0.275017471633143	NA
asRNA_528	2.32857697949453	0.10	1.70113174985421	0.0605241848120469	0.951738154460506	NA
asRNA_529	8.02978079564909	-1.25	0.827438978494303	-1.51157276535594	0.130642584414547	NA
asRNA_530	83.0223690211053	-0.05	0.373062680200668	-0.13623712223276	0.891633829440938	0.963151102595748
asRNA_531	2.74446115592877	-3.02	1.73634902450258	-1.73851306043306	0.0821204508172615	NA
asRNA_532	1.97127869915744	-3.24	1.95966668225992	-1.65406763350271	0.0981137715119896	NA
asRNA_533	9.70515486732767	0.23	0.774018632430043	0.295788603461874	0.76739152689615	NA
asRNA_534	13.6647924146897	-0.23	0.648750038402137	-0.358579450039518	0.719909722277765	NA
asRNA_535	5.97849983476811	-0.04	0.834920161058377	-0.0458519953747107	0.963428216043797	NA
asRNA_536	1096.55039377478	-0.76	0.222919828366002	-3.40903591657746	0.000651928959088265	0.022753238881982
asRNA_537	3.12741164152576	1.47	1.49005935997561	0.98719759841251	0.323545778913623	NA
asRNA_538	79.7995692171441	-0.88	0.282316656097422	-3.11197508246785	0.00185840184289446	0.0422488051990134
asRNA_539	7.14337676880404	0.67	0.858230391362673	0.776941564354626	0.437193247347227	NA
asRNA_540	2.65243957682887	-2.26	1.80525537210731	-1.2523211735525	0.210452856558419	NA
asRNA_541	1.5665068780837	0.93	1.73376433005422	0.535747327853834	0.592133189474966	NA
asRNA_542	0.684242699585843	-1.20	3.28216828229915	-0.364306049240819	0.715629483164055	NA
asRNA_543	1.39337789681668	1.54	2.33812924073757	0.657890030644288	0.510608797155686	NA
asRNA_544	3.0707535918618	0.23	1.39752271809561	0.165689156729593	0.868401579780301	NA
asRNA_545	2.01956721328389	1.13	1.52065480524405	0.740767332135454	0.458834525846318	NA
asRNA_546	0.902908183910234	-2.14	2.39347588398235	-0.894028316298755	0.371306740930049	NA
asRNA_547	39.1981465239115	-0.55	0.344180683043634	-1.5901852567603	0.111793052756354	0.38690388928805
asRNA_548	3.76234638309106	1.36	1.37552950111325	0.986889632822069	0.32369674710403	NA
asRNA_549	0.742475366411375	1.53	2.67421094985346	0.573425141280896	0.566356871511139	NA
asRNA_550	0.848693212070755	-1.27	2.81482112245188	-0.449741548910164	0.65289680858386	NA
asRNA_551	3.51292905897825	-1.53	1.21980032660978	-1.25767697204689	0.208508603633541	NA
asRNA_552	2.71711291302172	-1.50	1.41312927346758	-1.05827674637937	0.289929291135058	NA
asRNA_553	8.74026152369293	0.15	0.672226601867077	0.230082847801902	0.818027392850875	NA
asRNA_554	1.77005911821248	-2.97	1.9336751858164	-1.53428311453518	0.124960017941189	NA
asRNA_555	28.9488620906381	-0.82	0.398660305477564	-2.05133638419867	0.040234199556317	0.233874806859724
asRNA_556	0.752262653627788	0.22	3.32338975102212	0.0676995627467143	0.946024797392102	NA
asRNA_557	8.90595259738207	-0.13	0.763981486217563	-0.168707692939418	0.866026567431816	NA
asRNA_558	9.21476803914176	-0.32	0.684489832611692	-0.468996846669089	0.639071889977627	NA
asRNA_559	19.8262309938331	-0.73	0.589871100180044	-1.2317829380828	0.218030178446617	0.540278782190718
asRNA_560	50.2453532028161	-0.95	0.314895651584705	-3.02243169119361	0.00250752669151857	0.0499347736640072
asRNA_561	7.16104260834724	-1.05	0.871607402086694	-1.20927280216269	0.22655805624372	NA
asRNA_562	28.5551559110339	-0.13	0.433845039163746	-0.289637137930644	0.772093852259931	0.916745838955491
asRNA_563	13.8370204162419	-0.48	0.622410750960001	-0.77127795618529	0.440542195546336	NA
asRNA_564	4.41952605935278	-1.19	1.38461654962592	-0.861119278781214	0.389172352175331	NA
asRNA_565	10.3219671621567	0.03	0.650443779867557	0.0478776255563808	0.961813771156577	NA
asRNA_566	2.93003223133205	-0.96	1.91719490613611	-0.499928268804395	0.617125586491333	NA
asRNA_567	1.88597405280687	-1.81	1.85739119112763	-0.976379608318716	0.328876382837159	NA
asRNA_568	3.75973801454668	-0.27	1.35198184813807	-0.203249795380105	0.838939793907493	NA
asRNA_569	12.3838950135987	-0.39	0.556541849495629	-0.69502002211485	0.487042753995034	NA
asRNA_570	17.7871839210197	-0.82	0.480314098154907	-1.699897456934	0.0891502153598336	0.350101796611201
asRNA_571	29.481445665486	-0.91	0.425511291048184	-2.1491710499975	0.0316208432543716	0.205659972662291
asRNA_572	1.79826846718794	1.12	2.00572961289772	0.559923048967419	0.575531926480118	NA
asRNA_573	11.7197080103131	-1.05	0.788907622646068	-1.33185520183741	0.182907774291191	NA
asRNA_574	27.5054026407289	0.05	0.417275287570682	0.13125800058704	0.89557121495083	0.964880639412242
asRNA_575	3.02692923641238	-0.43	1.52160828065433	-0.280056568935945	0.779434104832605	NA
asRNA_576	13.4779322929988	-0.01	0.617075400646682	-0.013400575103887	0.989308208016847	NA
asRNA_577	57.5384790568283	0.02	0.329123325768815	0.0462548649091018	0.963107113361372	0.987848416763734
asRNA_578	3.42431766845105	-1.02	1.45512805353732	-0.702334758300879	0.482470421682944	NA
asRNA_579	9.27001910931724	0.78	0.742842237016555	1.05098170831255	0.293266990954145	NA
asRNA_580	22.6944798357989	0.22	0.587916045911836	0.382180418616154	0.702327545120871	0.889342952863947
asRNA_581	3.75652303741109	-0.50	1.5004332570303	-0.329918214858195	0.741461759916362	NA
asRNA_582	1.3788199966764	-0.71	1.68046764131077	-0.424179307183596	0.671435050740377	NA
asRNA_583	69.9182067248306	-0.74	0.311475644537574	-2.38829601779481	0.0169267018356865	0.153642370508539
asRNA_584	7.52257928740601	-0.68	0.874609535370044	-0.778344560614429	0.436365912371	NA
asRNA_585	1.9896392815561	1.47	1.63573748472577	0.897088087461218	0.369671914804755	NA
asRNA_586	3.68616836831243	-2.23	1.32757164370615	-1.68320419558743	0.0923355689045676	NA
asRNA_587	1.67633724826974	-3.24	1.92032128154781	-1.68965594241776	0.0910937966741371	NA
asRNA_588	9.41801344591638	-0.63	0.800841020660763	-0.786129967586988	0.431791349353191	NA
asRNA_589	23.5587974144598	0.19	0.37580833407017	0.496312911794646	0.619673657957465	0.844830246393207
asRNA_590	4.9556201501612	-1.68	1.02717421221026	-1.63523387514816	0.102000029387587	NA
asRNA_591	2.38430514933078	0.30	1.35756219345293	0.221089773601282	0.825022532731024	NA
asRNA_592	11.4404654914624	-0.86	0.718217380726546	-1.19844639957383	0.230743278067859	NA
asRNA_593	7.95676361913075	-0.36	0.750635713393692	-0.478157469578276	0.632538130822721	NA
asRNA_594	0.257634474348761	0.00	7.3561311249555	0	1	NA
asRNA_595	44.3714898948528	-0.92	0.369729657972017	-2.4906135157142	0.0127522752210173	0.134239894105268
asRNA_596	14.3257231269752	-0.06	0.606700606573059	-0.10638858360932	0.915274050630372	NA
asRNA_597	5.02773090837334	-0.91	1.14028206166311	-0.79707747555522	0.425406037023511	NA
asRNA_598	1.26784950976765	1.70	2.39604160292749	0.710532761439489	0.477373822344545	NA
asRNA_599	1.37579532694535	-0.89	2.0616794318476	-0.43199778372256	0.665743023958958	NA
asRNA_600	2.60073912156349	-1.20	1.4466479327738	-0.827900154481966	0.407727047460439	NA
asRNA_601	14.5646180128362	-0.40	0.64242163676391	-0.616893998234078	0.537304645782473	NA
asRNA_602	12.7562250461546	0.42	0.590252066037514	0.706105780384556	0.480122357282804	NA
asRNA_603	0.800775476837502	-2.53	2.29389753245036	-1.1043390581809	0.269446085847646	NA
asRNA_604	0.688221103395597	2.61	3.42670827288668	0.76209546560733	0.446003028946555	NA
asRNA_605	0.724966327410325	-0.88	2.69216571817914	-0.328649682527386	0.742420490877319	NA
asRNA_606	7.37078065589984	1.19	1.14508185758956	1.03980307716946	0.298431399197891	NA
asRNA_607	2.9813951155555	-2.05	1.79753164920994	-1.13882502540411	0.254776141726197	NA
asRNA_608	10.6064772475997	-1.42	0.693112251110642	-2.04869939325954	0.0404915185802938	NA
asRNA_609	22.9463028573639	0.26	0.523631240943551	0.495629467016573	0.620155858833431	0.844830246393207
asRNA_610	3.26632587341727	-4.29	1.70279849419499	-2.52023969098796	0.0117274944978492	NA
asRNA_611	1.60801763192379	0.08	1.86359784228388	0.0443759373975074	0.964604741924667	NA
asRNA_612	1.62581017410076	-2.73	2.11012259461123	-1.2926025876564	0.196148544186407	NA
asRNA_613	4.15812256093209	-0.41	1.0881008727003	-0.372394783529669	0.709598937238782	NA
asRNA_614	9.60922330420529	-1.17	0.695628815064821	-1.68508427023466	0.0919723140087441	NA
asRNA_615	1.7341669563926	0.11	1.86014614544875	0.0611887364716513	0.951208899918566	NA
asRNA_616	0.721037635164592	2.55	2.79873610087057	0.910472970895578	0.362573129924863	NA
asRNA_617	2.02921910230931	1.73	1.94631502022754	0.88648771118862	0.375354773275788	NA
asRNA_618	96.1067364387257	0.25	0.304579246984939	0.822730657311817	0.410661177373852	0.712467753893815
asRNA_619	11.166103208988	-1.16	0.679720484722704	-1.70182401027444	0.0887883641249643	NA
asRNA_620	1.63597758014741	0.47	1.52171140623042	0.30814663506592	0.757970756891618	NA
asRNA_621	1.5005651237767	0.12	1.82187171579991	0.0637377044408934	0.949179081966912	NA
asRNA_622	2.36437289544574	-1.13	1.40056608463033	-0.806262415857529	0.420091556551279	NA
asRNA_623	28.1541423902661	0.27	0.396209742004405	0.674024892474558	0.500295488097931	0.784800652760353
asRNA_624	41.0112139002172	-1.67	0.405204027811937	-4.12865571704897	3.64890285749647e-05	0.00334888195588009
asRNA_625	6.77297752146273	0.15	0.980933100934829	0.153966176061263	0.877636405124007	NA
asRNA_626	27.5315791715487	-0.36	0.447313754079326	-0.798867456502698	0.424367270944228	0.726230730248479
asRNA_627	36.4527486857776	-0.56	0.368145746166049	-1.52244835772619	0.127896775865535	0.414375001308907
asRNA_628	1.35519079222583	0.43	1.67764146000017	0.253666081754363	0.799753539947562	NA
asRNA_629	3.65054108349615	0.15	1.40962085666442	0.107547265454302	0.91435483032086	NA
asRNA_630	4.02408432515897	1.11	1.16433031043243	0.951698317956305	0.341250002681451	NA
asRNA_631	0.296454221853793	0.00	5.76085506348425	0	1	NA
asRNA_632	3.98797887932393	-3.82	1.6915386649823	-2.25801566004343	0.0239446831280971	NA
asRNA_633	20.6163235053274	-0.31	0.532420061143691	-0.573664324622881	0.566194974201272	0.81256629265442
asRNA_634	42.4282164952057	-0.54	0.526065156885527	-1.03274570512051	0.301722918476352	0.619327630909222
asRNA_635	1.20057574249806	-2.10	2.74311645146397	-0.765249214183237	0.444123159139872	NA
asRNA_636	0.558257942224483	0.16	2.87176006593769	0.0566009696919912	0.954863062082638	NA
asRNA_637	6.12415169042884	-1.31	0.903351029928814	-1.44928820431075	0.147257113822311	NA
asRNA_638	8.40203219888905	-0.18	0.771730664118514	-0.230275375046768	0.81787779434026	NA
asRNA_639	8.44051771256063	2.34	0.93681959255482	2.49993461329666	0.0124216230744817	NA
asRNA_640	11.5465516060596	-0.29	0.60328593257377	-0.475519470866141	0.634416758452438	NA
asRNA_641	1.59474720803447	-1.38	2.27908037648639	-0.603631935686479	0.54608837557532	NA
asRNA_642	7.14964690693207	-0.83	0.783041991169173	-1.05813496932644	0.289993913761417	NA
asRNA_643	2.35838632515919	-1.16	1.31584061012597	-0.883293477111808	0.377077727184922	NA
asRNA_644	1.89627642739794	-0.53	1.64505963704275	-0.319370712755522	0.74944541670689	NA
asRNA_645	2.67238902314787	-0.17	1.37414303660694	-0.124078476536705	0.901253139688917	NA
asRNA_646	0.709188863929547	-1.47	2.87094431427206	-0.511334284066224	0.609117002306931	NA
asRNA_647	2.95442631091334	-1.12	1.60463703662442	-0.700804160382855	0.483425241337056	NA
asRNA_648	22.0786410039098	-1.15	0.466290565720123	-2.45985955461092	0.0138991395162021	0.138879305327213
asRNA_649	7.65814908652872	-0.82	0.795319361378736	-1.02853954704423	0.303696098056975	NA
asRNA_650	1.36555389016995	3.15	2.07131418296594	1.51892706890154	0.128780854586626	NA
asRNA_651	9.786943325098	0.03	0.722697098435325	0.035393200081142	0.971766206865677	NA
asRNA_652	0.709264176297913	1.53	2.74296736708263	0.558793881009539	0.576302398996829	NA
asRNA_653	0.512483234250231	0.00	3.36023323317019	0	1	NA
asRNA_654	12.4909189926605	-0.76	0.681474142455507	-1.1200972860902	0.262672307015586	NA
asRNA_655	3.7369108929111	-0.64	1.23973865130928	-0.513342162653304	0.60771199566334	NA
asRNA_656	0.942403777588222	-1.80	2.12429589223725	-0.846693581878908	0.397165937026199	NA
asRNA_657	0.715003216420664	-1.26	3.04400411063318	-0.413957258074175	0.678905409390575	NA
asRNA_658	9.88148351138985	0.13	0.691376694161464	0.192742618769882	0.847160544263081	NA
asRNA_659	8.85800177359576	-0.35	0.741694056870727	-0.470339527150197	0.638112461530257	NA
asRNA_660	5.36742582378094	0.81	1.29382490532543	0.62219636223972	0.53381275776108	NA
asRNA_661	0.841521935360323	-0.04	2.88840961625327	-0.0155241845017156	0.987613990374373	NA
asRNA_662	18.5247835111605	-0.24	0.632736365920288	-0.387076859072938	0.698699308666403	0.888786029970962
asRNA_663	14.8118282775832	0.73	0.711712165490893	1.02364864795281	0.306001258548195	0.626670346018534
asRNA_664	5.00577857082334	-0.84	1.23746362241241	-0.682048661189634	0.495208181734489	NA
asRNA_665	1.98425615719923	-2.32	2.0506453843508	-1.13287503698178	0.257266734396632	NA
asRNA_666	12.4323250002226	-1.19	0.666000834290487	-1.78564294104452	0.0741570894511076	NA
asRNA_667	1.93093661233011	-2.11	1.81575016370206	-1.16361032677705	0.24458196451908	NA
asRNA_668	1.31347728258362	-0.87	1.59543511538633	-0.542633921555538	0.587381878566154	NA
asRNA_669	20.052999893092	0.32	0.75069080211813	0.425260216812498	0.6706469914064	0.871454244732596
asRNA_670	35.0554361377634	-1.25	0.417907383316153	-3.00202946687845	0.00268186214629952	0.0523279873900016
asRNA_671	10.0461441654079	-1.35	0.774370706277336	-1.74678780462412	0.0806741527993061	NA
asRNA_672	0.106531555055844	-1.23	7.34416754020294	-0.168109611583073	0.866497048014148	NA
asRNA_673	8.96213509263196	-0.67	0.661788204389871	-1.00637220090074	0.314236560866837	NA
asRNA_674	7.33648218688284	-0.68	0.753459162541868	-0.898538010310112	0.368898790285495	NA
asRNA_675	6.86692634067224	-1.08	0.739211893537811	-1.45699543679054	0.145117639843653	NA
asRNA_676	9.6563397754397	-1.15	0.632456847667118	-1.81908464360218	0.0688985175159297	NA
asRNA_677	10.6511606885299	-1.42	0.656314564391276	-2.16033853199141	0.0307464721294975	NA
asRNA_678	18.4577537575392	0.82	0.572137888396914	1.43746259727082	0.150586593218475	0.452530363279873
asRNA_679	2.52167212086897	3.12	1.86006545779925	1.67892158596958	0.0931673270000708	NA
asRNA_680	0.324867939320569	1.60	4.42111975573605	0.361737359612181	0.717548306066656	NA
asRNA_681	4.5717179414934	1.72	1.74001364978296	0.986626524166998	0.323825762271993	NA
asRNA_682	6.78798585074664	-0.17	0.881113694404571	-0.19727399583884	0.84361312778318	NA
asRNA_683	0.912528400785513	0.17	2.38812167254816	0.0729397149944881	0.941854090099735	NA
asRNA_684	4.59601049393017	0.61	1.33215052523484	0.459547995360186	0.645840694374591	NA
asRNA_685	12.8161180498893	0.56	0.611111186278353	0.922921437922356	0.356048147765145	NA
asRNA_686	11.8296737323045	-0.78	0.601657226850483	-1.29075250712155	0.196789511042451	NA
asRNA_687	1.19968396151468	-1.68	2.09515793340344	-0.802261199381291	0.422401881807352	NA
asRNA_688	1.03798513290576	-1.29	2.35035073993996	-0.546754090434426	0.584547687601743	NA
asRNA_689	0.696275543336023	-2.11	2.63133497909034	-0.802014987172239	0.422544288883332	NA
asRNA_690	12.7974403990955	0.43	0.601914536637464	0.706622715517353	0.479800968736897	NA
asRNA_691	27.4215055673539	0.54	0.431606975814473	1.25060553329022	0.211078430837895	0.531017615854116
asRNA_692	9.25806667974118	-1.83	0.899225603545766	-2.03392715672823	0.0419589404163111	NA
asRNA_693	11.7091670784384	0.01	0.627543996806673	0.0164407278332674	0.986882788021139	NA
asRNA_694	1.12910267394443	-0.71	1.68039476025228	-0.424194383928122	0.671424056243471	NA
asRNA_695	3.55140963938076	1.04	1.14623246418357	0.903986949697633	0.366002321403669	NA
asRNA_696	4.67703267374405	-0.67	1.07370642712777	-0.621881740238076	0.534019632664167	NA
asRNA_697	4.89412547680448	-3.26	1.63271640519867	-1.99909525948929	0.0455980479547767	NA
asRNA_698	3.20050641177671	-0.97	1.45396019010454	-0.669805572687683	0.502981740673288	NA
asRNA_699	0.335562987060155	-2.38	4.78344702134283	-0.496698968032038	0.619401350272944	NA
asRNA_700	7.5024830553492	-0.87	0.994660967173398	-0.877056069732908	0.380456184123316	NA
asRNA_701	1.56596497122794	-2.84	1.91346939903407	-1.48327846565825	0.138000441303454	NA
asRNA_702	0.770576751676428	0.36	2.77286585697641	0.130641719412299	0.89605873821505	NA
asRNA_703	2.78892831196304	0.17	1.30135336901097	0.130912805914278	0.895844284214961	NA
asRNA_704	22.8931214765901	-0.20	0.617473352557217	-0.327670159264704	0.743161068261971	0.908469344867625
asRNA_705	9.74858978807447	-0.84	0.633530218962228	-1.33375104911948	0.182285458410796	NA
asRNA_706	3.17557546081159	0.38	1.0571733434711	0.360119584114916	0.718757707951541	NA
asRNA_707	3.78849852895532	-0.28	1.07665242175925	-0.26019153905485	0.794716030420217	NA
asRNA_708	1.86662900211098	0.00	2.24789022679176	0	1	NA
asRNA_709	9.31947061642215	-1.34	1.07639765193933	-1.24243081139027	0.214077653403365	NA
asRNA_710	0.872000982529065	1.73	2.18407514261836	0.793748602748267	0.427341799467178	NA
asRNA_711	3.83598369106172	0.57	1.29845042140109	0.441285034153274	0.659006659262761	NA
asRNA_712	1.62111189436786	0.70	1.62397223307241	0.429546621926661	0.667525472872108	NA
asRNA_713	1.82059419063535	1.27	1.66120034746898	0.762620803582073	0.445689574044469	NA
asRNA_714	64.1338222426768	-1.01	0.31883297486296	-3.17042635374921	0.00152215412782713	0.0373558306279378
asRNA_715	5.54060825373787	-0.59	1.0884348106096	-0.54617835462994	0.584943343485947	NA
asRNA_716	2.55264563225274	-0.78	1.25432634069162	-0.618534085217097	0.536223336572724	NA
asRNA_717	8.0514368706178	1.08	0.889245230668358	1.20971393617911	0.226388680383998	NA
asRNA_718	0.150819966212362	0.00	7.3561311249555	0	1	NA
asRNA_719	1.45336752178262	0.16	2.23956196133322	0.0716446749093935	0.942884685965611	NA
asRNA_720	7.90053564848345	-1.64	0.852313059026196	-1.92514548226898	0.054211160268067	NA
asRNA_721	5.02740528743275	0.85	1.0847950960931	0.781276258011859	0.434640030858678	NA
asRNA_722	4.02064420733428	-0.68	1.05852834196821	-0.638785073463849	0.522962759888467	NA
asRNA_723	3.90624152870909	1.49	1.38987181398226	1.07318267114615	0.283189164134847	NA
asRNA_724	6.26356368261123	-0.69	0.945259752201346	-0.731067350544463	0.464738015667542	NA
asRNA_725	2.3074278166301	1.23	1.57161662572159	0.781803430576022	0.434330104622947	NA
asRNA_726	1.24260405237261	2.55	2.20470756536666	1.15532220333633	0.247958506834866	NA
asRNA_727	1.31655012214714	0.89	1.97671907000266	0.450265175942358	0.652519245831831	NA
asRNA_728	1.65549909435169	-1.28	2.35924737529582	-0.544477433062082	0.586112973544655	NA
asRNA_729	1.13219278037629	0.68	1.82547502103307	0.373604276154556	0.708698752054359	NA
asRNA_730	1.03662574872191	-0.73	2.23553077235723	-0.327075966294174	0.743610429096747	NA
asRNA_731	37.6045792565718	-0.84	0.345790118043198	-2.43069893655914	0.0150697306512404	0.145870283413178
asRNA_732	5.81190499611802	-0.29	0.750474891656858	-0.390196601391008	0.696391174548242	NA
asRNA_733	0.658476920424263	2.55	2.89421135199382	0.880472125930184	0.378603598877488	NA
asRNA_734	1.68400591959825	-2.86	2.10380744705277	-1.35928336923091	0.174056811927784	NA
asRNA_735	49.5111778622875	-0.80	0.354189043696393	-2.24793362883443	0.0245804224230917	0.184018993245985
asRNA_736	2.0140715204236	1.65	1.90277170149506	0.866055748885112	0.38645959041931	NA
asRNA_737	2.72728556958413	1.02	1.51616714790704	0.672584134054256	0.501211898270386	NA
asRNA_738	4.70731107017157	-0.03	1.10617316019328	-0.0245017617955562	0.980452378428325	NA
asRNA_739	8.67657429572696	-0.55	0.80483348778445	-0.679702235415472	0.496693020304714	NA
asRNA_740	8.84416592024414	-0.52	0.720338483802269	-0.71829850726675	0.472573250382249	NA
asRNA_741	19.6482728284453	-1.18	0.545320653096069	-2.15661697434329	0.0310355208438545	0.204268764043674
asRNA_742	4.62464188956813	-0.98	1.06425549164728	-0.921073346413566	0.357012134755616	NA
asRNA_743	8.14265550975504	-0.19	0.766020626058737	-0.249726425659158	0.802798920816879	NA
asRNA_744	3.0964734164624	1.74	1.79359141226078	0.968176017275129	0.332956470246135	NA
asRNA_745	0.390572360356922	1.60	4.2132697669126	0.379044462518543	0.70465484672097	NA
asRNA_746	53.4797148237055	0.96	0.319518842491216	2.99493241816219	0.00274505654942035	0.0527306211586327
asRNA_747	2.86690088416925	0.59	1.3204179001534	0.448113924858495	0.654070978938643	NA
asRNA_748	31.5728824084009	-1.05	0.466437746640728	-2.25159952809887	0.0243475909169261	0.183383982650891
asRNA_749	6.31944353890781	-0.54	0.810589836840124	-0.660406135594129	0.508993235854215	NA
asRNA_750	48.6263197520386	-0.57	0.358146927508991	-1.59173887968015	0.111443388474222	0.386233170124645
asRNA_751	5.54578424583128	-0.59	0.975751242613738	-0.603923248387023	0.545894671382266	NA
asRNA_752	7.59196897215568	-0.28	0.806058265879127	-0.350152497424637	0.726224254330338	NA
asRNA_753	1.40021498989608	-1.43	1.97243720953903	-0.72397651407446	0.469080153837354	NA
asRNA_754	1.78670872827068	-0.87	1.97785349803496	-0.439353931990113	0.660405101329375	NA
asRNA_755	5.52431465542812	-0.75	0.931465162368721	-0.806852300209558	0.419751583021643	NA
asRNA_756	19.7526719392011	-0.06	0.492758855675262	-0.129274055610818	0.897140799775992	0.965536746085138
asRNA_757	2.63949940670883	-2.25	1.79565386419814	-1.25114519365613	0.210881509557613	NA
asRNA_758	1.072267225072	2.59	2.23601110901586	1.15608557457446	0.247646155889794	NA
asRNA_759	9.53081873679506	-0.24	0.798320958433781	-0.304753302689755	0.760554049683997	NA
asRNA_760	1.95986137872371	0.26	1.59190735282145	0.162764806469451	0.8707036190581	NA
asRNA_761	11.3675931526981	-0.15	0.831133724986904	-0.183837616004856	0.854140845712687	NA
asRNA_762	1.17658220151183	-0.01	2.63025574554821	-0.00274383213482554	0.997810741449202	NA
asRNA_763	1.11747612405622	1.54	2.39242616710799	0.642556660957136	0.520511812310088	NA
asRNA_764	0.994003048249554	-0.11	2.15863759976832	-0.0506800158944052	0.959580501188141	NA
asRNA_765	63.3322180764412	-0.22	0.346161351956793	-0.62604366534491	0.531286301115509	0.802271452872779
asRNA_766	6.22328538446256	-0.70	0.999953524806638	-0.698354212794759	0.484955703308915	NA
asRNA_767	6.15456422882027	0.90	0.890540082385335	1.01159095263446	0.311733673534144	NA
asRNA_768	2.58283813058388	1.11	1.8837899578543	0.590123210021049	0.555108049258713	NA
asRNA_769	1.7823415961881	3.53	1.86327319129124	1.89410339776375	0.0582112868312002	NA
asRNA_770	4.12075346026699	-1.55	1.36744960699513	-1.13154221599048	0.257826945398794	NA
asRNA_771	0.650797094048776	-2.35	2.69330882332229	-0.873881548651065	0.38218276401741	NA
asRNA_772	0.0661804039258738	0.00	7.3561311249555	0	1	NA
asRNA_773	5.70729076153684	0.56	0.975392484629725	0.574474241149132	0.565646926654921	NA
asRNA_774	4.69396033653462	-1.54	1.32000889644446	-1.1703914764268	0.241843464202067	NA
asRNA_775	15.9202716749448	0.28	0.556158508573362	0.51067204208652	0.609580720736367	0.841636477509358
asRNA_776	12.134886630733	1.84	0.756779413964001	2.43050615452685	0.0150777499779914	NA
asRNA_777	0	NA	NA	NA	NA	NA
asRNA_778	9.4784469709752	0.16	0.641192705311851	0.249186765876726	0.803216315913801	NA
asRNA_779	4.88352840389426	-0.24	0.926979501079298	-0.263584159774939	0.792100365663369	NA
asRNA_780	6.47985204520578	-2.51	1.24273205831053	-2.02262408214742	0.0431119193897806	NA
asRNA_781	25.9504331348705	-0.43	0.502058438411418	-0.866136702245753	0.386415200140241	0.692719034336948
asRNA_782	10.7210401623667	-0.11	0.598853219650748	-0.181753578369649	0.855776116713109	NA
asRNA_783	0.769144995585758	3.11	2.46085039778576	1.26567404603681	0.205629804030243	NA
asRNA_784	10.4444017462119	1.64	0.789527674183596	2.08324616380391	0.0372287911906587	NA
asRNA_785	6.39611766501205	-1.02	1.09331543936939	-0.929464236286925	0.352648551202739	NA
asRNA_786	25.4793348544289	0.26	0.61483222457378	0.427934470569016	0.668698829864803	0.869879413316171
asRNA_787	4.46436367111684	1.62	1.18800911993125	1.36334859948567	0.172772672208686	NA
asRNA_788	1.35795954548019	-0.88	2.1595538582081	-0.406106406017034	0.684664419060033	NA
asRNA_789	0.508596355525654	-1.54	3.55902521813438	-0.432364193370066	0.665476738096573	NA
asRNA_790	28.570896311806	-1.29	0.398113874097454	-3.24955454402275	0.00115585909705867	0.0311328135055586
asRNA_791	13.6026029256523	0.32	0.605078660244045	0.536770904841306	0.591425871499162	NA
asRNA_792	34.6135075559056	-0.07	0.398278259169754	-0.177365931532054	0.859220965719657	0.950765545460024
asRNA_793	6.20277375770091	-0.16	0.931510502229023	-0.168106209505073	0.86649972439361	NA
asRNA_794	0.867612747989335	0.04	2.54010561237629	0.0152707847087422	0.987816150190655	NA
asRNA_795	5.01608732978661	0.45	0.945449986866633	0.47998718658908	0.63123650422923	NA
asRNA_796	7.17916494567811	0.35	0.843188697513183	0.420969027557266	0.673777698651392	NA
asRNA_797	0.496029932238066	0.00	3.90112654527756	0	1	NA
asRNA_798	1.81289728401368	0.96	1.80052652154573	0.533263616651903	0.59385110956278	NA
asRNA_799	3.9477581950116	-0.79	1.04054774892455	-0.757202445502778	0.448928585328809	NA
asRNA_800	7.19639852260504	-0.16	0.719847677231014	-0.219235910210508	0.826466283536997	NA
asRNA_801	24.6698634145101	-0.64	0.384872901410298	-1.66703735738604	0.095506976820536	0.360771781343427
asRNA_802	2.90920111533018	-0.18	1.35271028679521	-0.133415383144016	0.893864880174401	NA
asRNA_803	5.79314760125339	-0.63	0.778896381207398	-0.807842053197807	0.419181512938328	NA
asRNA_804	2.99365817795293	-1.76	1.35016829537488	-1.30311930105827	0.192534035161618	NA
asRNA_805	0.754323052140706	0.00	2.83258936338837	0	1	NA
asRNA_806	4.70231840010171	1.38	1.18035577908544	1.16521633848251	0.243931433706699	NA
asRNA_807	1.29555443373658	0.08	2.27876122092383	0.0329341588361372	0.973727092750874	NA
asRNA_808	6.79402704313265	-0.92	0.932439999325316	-0.984195512227938	0.325019391943893	NA
asRNA_809	17.22765920605	-0.04	0.450944044320671	-0.0860940997209867	0.931391613951247	0.978071907805466
asRNA_810	7.50521215679803	-1.02	1.01093084944113	-1.00582169070126	0.314501351274611	NA
asRNA_811	0.904263641529795	-0.91	2.28323551779799	-0.397567494118395	0.690949025492837	NA
asRNA_812	0.591627978299795	-2.37	3.76497265304343	-0.629519085260475	0.529009278030062	NA
asRNA_813	0.419411027872645	-1.60	4.49955763825489	-0.354741808269783	0.722783026788985	NA
asRNA_814	63.2196980562624	-0.61	0.309121776284672	-1.97402304566778	0.0483791225481377	0.256709776604465
asRNA_815	0.81138445513398	-0.66	2.52193400800014	-0.260521121054096	0.794461825397763	NA
asRNA_816	3.03649036612925	-0.42	1.15251740716391	-0.362954090994747	0.716639179129659	NA
asRNA_817	65.5195835612761	-0.82	0.265625033793406	-3.10262725604065	0.0019181106187957	0.0432098010306886
asRNA_818	0.966858357384349	1.04	2.20426253286975	0.471960683034436	0.63695485243303	NA
asRNA_819	5.23712994582069	1.56	1.13590794097755	1.37682338109723	0.168566860190853	NA
asRNA_820	16.2693721172735	0.07	0.596085998160439	0.124791639609437	0.900688506276817	0.96602269973101
asRNA_821	11.8969674069273	0.11	0.557274139793066	0.193055529955331	0.846915479377473	NA
asRNA_822	2.33643298210208	0.09	2.18928174706182	0.0405472071824383	0.967656872074981	NA
asRNA_823	5.45361830347775	0.08	0.897257320596959	0.0860023295163477	0.931464565403051	NA
asRNA_824	45.2576593204646	0.12	0.33506124956394	0.355803846389268	0.721987468347178	0.898586110780667
asRNA_825	1.47880243677792	0.89	1.82858146958686	0.488589432772111	0.625132395802801	NA
asRNA_826	31.2798078764933	-1.17	0.465664241404713	-2.51739948722491	0.0118224696649608	0.128551127503126
asRNA_827	8.22670033701998	0.68	0.782337967854669	0.868786585629819	0.384963871622481	NA
asRNA_828	19.930894632919	0.51	0.530704703926439	0.96766402559889	0.333212190075923	0.653243518202641
asRNA_829	9.6736501181451	-1.03	0.692487733194512	-1.48039904426973	0.138766784923122	NA
asRNA_830	4.24969802379488	0.24	1.20474630852934	0.201888157154947	0.840004160667041	NA
asRNA_831	1.87622419451107	-1.80	1.85909115989713	-0.967857400159775	0.333115592148412	NA
asRNA_832	8.57708126390894	0.03	0.715216054097611	0.0469292244933542	0.962569635970527	NA
asRNA_833	7.46881736035493	0.66	0.75127616047957	0.876576734795587	0.380716580433231	NA
asRNA_834	14.4308089627447	-0.04	0.645243696044204	-0.0680760687864079	0.945725080495084	NA
asRNA_835	6.65461824111224	-0.15	0.819921044587038	-0.188546392838897	0.85044835137101	NA
asRNA_836	4.21538312769051	2.15	1.45794977991811	1.47445590009307	0.140358883071157	NA
asRNA_837	24.1890004664158	-0.48	0.475946906309296	-1.00627229531795	0.314284603652492	0.634716583415547
asRNA_838	15.078875492246	0.00	0.536190882043445	0.0046237443393749	0.996310798923763	0.99860598677736
asRNA_839	7.8848102837343	0.13	0.748309252277656	0.178833150378711	0.858068714622253	NA
asRNA_840	8.14074128085815	0.10	0.69673963344639	0.139430177401626	0.889110227141348	NA
asRNA_841	5.3068886470082	-0.64	1.0578816792778	-0.60101732845626	0.547828444757171	NA
asRNA_842	5.86008792126156	0.38	1.07728852893632	0.351152453972029	0.725473977791599	NA
asRNA_843	4.74549004883998	-0.75	0.978177107963242	-0.771778554142055	0.440245595668955	NA
asRNA_844	11.6863200493321	0.67	0.645225433957513	1.04351414860509	0.296710231430724	NA
asRNA_845	2.09464006780534	2.17	1.82664795491758	1.18679417600917	0.235308816645785	NA
asRNA_846	0.421673473499657	0.00	3.82431476177953	0	1	NA
asRNA_847	5.09025015073257	-0.96	1.1047472026758	-0.867378120453982	0.385734865940472	NA
asRNA_848	6.98011552360685	0.31	0.745633120933864	0.410098308057952	0.681733833812237	NA
asRNA_849	7.55650264703969	-0.27	0.765371440919857	-0.356999572011028	0.721092126138612	NA
asRNA_850	0.655560768652326	1.13	2.94342874450055	0.382747389168192	0.70190707362831	NA
asRNA_851	0.33651557046669	1.52	4.89811216455445	0.311280805741245	0.75558715776201	NA
asRNA_852	2.11849666297201	2.47	1.74409369761193	1.41906831576261	0.155879100127799	NA
asRNA_853	4.54172844095458	-0.18	0.945883461458768	-0.194782767997117	0.845563013050368	NA
asRNA_854	3.83672811919272	-2.67	1.73113066805839	-1.54365204819418	0.122672648755522	NA
asRNA_855	172.311597326178	0.26	0.229991349671812	1.10955614434797	0.267190338248817	0.590104864688563
asRNA_856	16.0859370162174	-0.77	0.545524522164045	-1.41783906471478	0.15623775609992	0.459635153179074
asRNA_857	4.03872849935996	-1.14	1.37789061716654	-0.829346325730205	0.406908464124013	NA
asRNA_858	1.65025205612689	-0.52	1.84343257857671	-0.281172967724974	0.778577737259024	NA
asRNA_859	3.52804924472717	-0.83	1.50744538602512	-0.552548046772762	0.580572925545562	NA
asRNA_860	2.8147822388792	2.14	1.4758658810201	1.44780751462624	0.147670890564528	NA
asRNA_861	22.5349533338819	0.16	0.478175771303236	0.328517872989233	0.742520132799856	0.908469344867625
asRNA_862	1.31129748440492	0.00	2.52390397135713	0	1	NA
asRNA_863	4.17677126984471	0.81	1.01068744163961	0.797287502589998	0.425284076801105	NA
asRNA_864	1.90745931488569	-0.69	1.73702420683899	-0.399402561090452	0.689596607158586	NA
asRNA_865	3.3850659985537	-1.27	1.16961439960163	-1.08661998896082	0.277204787349883	NA
asRNA_866	0.771195721859241	0.00	3.04254430191173	0	1	NA
asRNA_867	0.750744941275178	0.00	3.23282377264027	0	1	NA
asRNA_868	3.33744701046811	0.15	1.65452808427735	0.0888640051179741	0.929189990094668	NA
asRNA_869	1.0396264432384	-1.40	2.09850044954611	-0.669118822222358	0.503419684136295	NA
asRNA_870	35.1625894678266	0.28	0.358591140636839	0.779449661485673	0.435714879477542	0.732899077881501
asRNA_871	11.3235893203684	-0.80	0.722983548745397	-1.10446139679228	0.26939304027425	NA
asRNA_872	81.6562749835353	0.43	0.321352553526373	1.32593962451886	0.184859696610868	0.498457375627562
asRNA_873	4.69523987970522	0.55	1.00195037330454	0.547800110667213	0.583829162608319	NA
asRNA_874	2.9256164073921	-1.74	1.80808729507774	-0.959974087518283	0.337068256554661	NA
asRNA_875	6.87208495258376	0.97	0.816778596613798	1.18614325643552	0.235565730476353	NA
asRNA_876	0.552289323826364	-0.63	3.42320617741064	-0.183934087463157	0.854065163070297	NA
asRNA_877	9.56706060905776	0.10	0.784312568697006	0.129946856248868	0.896608472622412	NA
asRNA_878	2.31572446840092	1.90	1.71723237056354	1.10855487589537	0.267622253556707	NA
asRNA_879	3.62900564023721	0.38	1.04080172212035	0.361264508313658	0.717901722880544	NA
asRNA_880	3.46428179173283	-0.19	1.24639810931248	-0.155272012865675	0.876606878497662	NA
asRNA_881	2.85976618289819	0.28	1.34457353198654	0.207629418171927	0.83551833252048	NA
asRNA_882	4.96149798406016	-0.63	1.04437172544394	-0.59984272209355	0.548611058181366	NA
asRNA_883	0.831374209414227	0.19	2.6255294990444	0.0730250579238012	0.941786177401214	NA
asRNA_884	9.51069130392455	0.29	0.738854761361502	0.397440663876245	0.691042534093401	NA
asRNA_885	6.3307030029894	-0.58	0.929226022207412	-0.623394387482739	0.533025385286382	NA
asRNA_886	4.74589169424404	0.82	1.18405955058281	0.69533145802019	0.486847604179927	NA
asRNA_887	15.0319165898949	-1.73	0.653533768004754	-2.65284166090166	0.00798173033192628	0.0993905917714238
asRNA_888	2.19340983783125	-2.98	2.02987626562662	-1.47031215207489	0.141477231320616	NA
asRNA_889	3.70191820350119	1.14	1.82675553218904	0.622695579863103	0.533484587925021	NA
asRNA_890	11.4212828789439	0.80	0.650007940150898	1.22730037903494	0.219709713212746	NA
asRNA_891	4.3587629160957	-0.10	0.929908442126499	-0.102753709335451	0.918158445314991	NA
asRNA_892	0.90968353401427	0.04	2.5664512410313	0.0138113751117554	0.988980467372793	NA
asRNA_893	17.2726675115521	-1.03	0.579998415152591	-1.77807750583299	0.0753911262941677	0.318364028337953
asRNA_894	28.7447640501892	0.10	0.456869061435179	0.22342040023461	0.823208328478639	0.93634465816668
asRNA_895	1.6881102143995	0.06	2.23653194544286	0.0288255628257528	0.97700371316153	NA
asRNA_896	2.84706870868665	0.20	1.54109215885837	0.127403750815438	0.898620847712423	NA
asRNA_897	11.511709734269	-0.93	0.748558563752172	-1.23938298570724	0.215203699352685	NA
asRNA_898	29.4869493036606	-0.13	0.373146672067895	-0.348299957568262	0.727614925707494	0.9010643607712
asRNA_899	34.5578412993711	-0.18	0.418288801215434	-0.432533855481371	0.665353451531167	0.868675370334157
asRNA_900	37.5107498839608	-0.13	0.392604379970235	-0.341886289613311	0.732436467913644	0.904323650966621
asRNA_901	8.76367671709428	0.09	0.759007358406783	0.122960477572613	0.902138394736285	NA
asRNA_902	1.52575959537549	-0.70	1.70111652672299	-0.409104899032702	0.682462681199056	NA
asRNA_903	3.88914513407798	0.97	1.15849937268856	0.839607542373978	0.401128468922868	NA
asRNA_904	14.9701440651827	0.42	0.71981061057174	0.586897281121621	0.557272695932493	0.81256629265442
asRNA_905	4.85149936538668	-0.71	1.04104949892286	-0.678374045221206	0.497534561315766	NA
asRNA_906	0.679385675242107	0.16	2.73559664652133	0.0583770915878894	0.953448261911491	NA
asRNA_907	2.64455820146672	-0.51	1.54534595106625	-0.327179973396312	0.743531766995535	NA
asRNA_908	16.5942933039889	-0.69	0.536340041280677	-1.29170197437502	0.19646037346883	0.510302731085702
asRNA_909	3.28592543861487	0.20	1.30049389856304	0.154065211783561	0.877558317713534	NA
asRNA_910	2.33591106363826	0.14	2.21546538635148	0.0641306881068239	0.948866166556823	NA
asRNA_911	1.78513063601686	2.16	1.78932762495983	1.20936757030781	0.226521661865363	NA
asRNA_912	5.90636803513128	0.74	1.03285007533316	0.715080036448267	0.474559588947211	NA
asRNA_913	6.89214800173239	1.01	1.07134040831111	0.947116575041514	0.343579379533119	NA
asRNA_914	1.82035432610682	2.55	2.00296026655379	1.27135404129628	0.20360272485944	NA
asRNA_915	12.2489563321062	-0.39	0.657111464371711	-0.587731729482417	0.556712374657227	NA
asRNA_916	16.2434004688386	0.33	0.57135134492768	0.58588566952747	0.557952348076358	0.81256629265442
asRNA_917	164.889800502142	-0.24	0.227848000116871	-1.05676928459357	0.290616895604341	0.606871812303234
asRNA_918	0.591846803569848	-0.07	3.05752632120745	-0.0216164643661961	0.982753899935458	NA
asRNA_919	3.51210940410327	-0.25	1.2012102754984	-0.206455696328604	0.836434968407602	NA
asRNA_920	18.3300639294168	0.10	0.535664099594796	0.188367609437009	0.850588489090996	0.948255490766982
asRNA_921	6.52584502821648	0.56	0.884967130896111	0.631165831267903	0.527932100743684	NA
asRNA_922	1.73882389617322	1.07	2.02231185331004	0.528619362227455	0.59706952589843	NA
asRNA_923	0.476876964486998	-1.25	3.4416314589631	-0.364045796143387	0.715823811892729	NA
asRNA_924	85.8934847687194	-0.31	0.337843337159434	-0.913080072254647	0.361200430202914	0.682726671275989
asRNA_925	4.89761390333074	0.88	1.06409826427351	0.822370178818291	0.410866246341082	NA
asRNA_926	6.48058774889227	1.14	0.925700003605735	1.23268700231268	0.217692562984178	NA
asRNA_927	3.76207099277391	-0.11	1.1244853379827	-0.0938048894313208	0.925264147609872	NA
asRNA_928	6.82246629774316	0.89	1.19486381887547	0.743551175585032	0.457148050373853	NA
asRNA_929	3.53650010487651	-0.65	1.12059618558877	-0.582590982035024	0.560168677598788	NA
asRNA_930	2.63365888699988	-0.70	1.27094627070434	-0.54778273124836	0.583841097397652	NA
asRNA_931	9.04921053257819	0.19	0.735138649780645	0.252888913474653	0.800354056845874	NA
asRNA_932	193.589485914473	-1.14	0.27266102885769	-4.16840748219559	3.06735216501695e-05	0.00292342256342769
asRNA_933	4.47936286476812	-1.45	1.0264894841953	-1.41309585980384	0.157627540418361	NA
asRNA_934	1.86585550390015	-0.39	1.68731133035302	-0.23303492087783	0.815734289199138	NA
asRNA_935	0.726723070538345	1.53	2.86160554773428	0.53525271173902	0.592475120980418	NA
asRNA_936	2.24238808998777	-1.30	2.04618860623025	-0.637617734360877	0.523722548509573	NA
asRNA_937	0.506883928022707	0.00	3.9474824406125	0	1	NA
asRNA_938	40.9116720971137	0.17	0.316172188918383	0.53624735089366	0.591787612212588	0.826082838784928
asRNA_939	18.3813674976527	0.07	0.496943534995501	0.138668622219849	0.889712014338764	0.962753874031204
asRNA_940	5.58119963373999	0.52	1.11660418683751	0.463416184853898	0.643066079750305	NA
asRNA_941	9.76222701044568	0.48	0.717109093220811	0.665643667870138	0.505638887754746	NA
asRNA_942	3.34358579076147	-0.54	1.24281765238693	-0.436647261410819	0.662367181948084	NA
asRNA_943	7.2807370196804	-0.18	0.84415288191514	-0.211168835795143	0.832755527842399	NA
asRNA_944	22.3839671035763	-0.41	0.451316617004833	-0.908874397582092	0.363416429577326	0.683322188722262
asRNA_945	19.4646498922935	-0.07	0.564022887493586	-0.123515180102583	0.901699154349406	0.96602269973101
asRNA_946	2.07142499846007	-0.60	1.61923549370919	-0.372016428710124	0.70988061749008	NA
asRNA_947	16.0841602116158	-0.24	0.615442831980182	-0.391487485976105	0.695436936826895	0.8869236898904
asRNA_948	3.36544557081974	-1.36	1.21113592814272	-1.12690886128026	0.2597810164211	NA
asRNA_949	4.11928335465304	-0.23	1.27256586971337	-0.182055508101881	0.855539164538036	NA
asRNA_950	1.05899297779726	-2.86	2.0236048327037	-1.41405548741302	0.15734561124101	NA
asRNA_951	54.5062584823884	-0.52	0.273860098978274	-1.9046169040474	0.0568298876174829	0.28083445188397
asRNA_952	83.1034065393286	-0.19	0.272150925626941	-0.698913663578961	0.484605987968356	0.773247674298509
asRNA_953	7.93029666630948	0.73	0.78976434087659	0.92191297366843	0.356573971368804	NA
asRNA_954	21.7752150968644	0.02	0.50472072324868	0.0388475453631259	0.969011937703909	0.989374364083348
asRNA_955	10.0151466758877	-1.04	0.949627249625404	-1.0922058612786	0.274742626793966	NA
asRNA_956	18.6895105063188	-0.40	0.538002977085683	-0.737657746758384	0.460722454492004	0.754697060443718
asRNA_957	3.7568750825164	0.11	1.05785171828743	0.099861144155077	0.920454564573702	NA
asRNA_958	3.83179899455038	-0.56	1.00491227509972	-0.554643672399039	0.57913841103807	NA
asRNA_959	26.8613226453014	-0.21	0.470923607710016	-0.443586923088663	0.657341261928209	0.865971104230782
asRNA_960	5.18752155458847	-0.28	1.04516027977869	-0.268742980247852	0.78812747460142	NA
asRNA_961	21.8289233376282	0.11	0.495010036131071	0.23088252011283	0.817406070816907	0.934286090168033
asRNA_962	15.4643431246119	-0.57	0.545366662920633	-1.05006488749115	0.293688280817339	0.609174567673999
asRNA_963	39.2033664711424	0.10	0.374038963836594	0.274092293229791	0.784013696245569	0.92293868850191
asRNA_964	14.145528625727	0.26	0.590066189465458	0.437931401469729	0.661436011658886	NA
asRNA_965	38.1953787460434	0.06	0.397085649469854	0.162634686118152	0.870806074997265	0.953077104896339
asRNA_966	14.9746474925304	-0.55	0.796410982404838	-0.69276720263151	0.488455657627203	0.776390711738427
asRNA_967	2.25560824749202	-1.29	2.21767808855398	-0.583312138675155	0.559683192429547	NA
asRNA_968	1.20263361856364	0.00	1.91327950805768	0.000135634981182435	0.999891778942942	NA
asRNA_969	13.2260736125597	-0.26	0.62462817224577	-0.421168337179994	0.673632163341471	NA
asRNA_970	1.36608550800561	0.06	2.26213116984946	0.0261783024347387	0.979115122099919	NA
asRNA_971	2.23714939288957	0.17	1.43433294291277	0.117637166068909	0.906355155126759	NA
asRNA_972	37.5610684497209	-0.89	0.401526281615043	-2.22226224483092	0.0262655880830202	0.186493201345914
asRNA_973	11.0944490895721	0.59	0.810425612276171	0.729642916862263	0.465608481836869	NA
asRNA_974	3.45777310363934	-1.47	1.33417567951833	-1.10080383161575	0.270982043790479	NA
asRNA_975	4.71149566610215	-0.39	1.08395433746193	-0.360735171355537	0.718297429626329	NA
asRNA_976	40.5908492318106	0.05	0.331556166776037	0.149654246645681	0.881037407431671	0.959044038192841
asRNA_977	2.13504021302471	-2.34	1.82922483373324	-1.27718417010197	0.201537234319904	NA
asRNA_978	9.04507624617181	0.54	0.722000082947484	0.747343310671856	0.454856355203196	NA
asRNA_979	2.43663070228257	0.70	1.62434657181724	0.429426649880579	0.667612763057097	NA
asRNA_980	8.84752246631942	0.09	0.737551079779479	0.125610751110513	0.900040052212363	NA
asRNA_981	104.329948519744	-1.76	0.264043509939492	-6.6702599221206	2.55350772268987e-11	1.58189803420637e-08
asRNA_982	2.35204066635099	-2.13	1.45324404478615	-1.46459744272377	0.143030780123914	NA
asRNA_983	5.78094492405407	-1.81	0.923235535288625	-1.95978360440995	0.0500210883860358	NA
asRNA_984	4.92495148051779	-0.27	1.18067088236338	-0.232890623640238	0.815846339528761	NA
asRNA_985	14.7032796153574	-1.90	0.746173739924548	-2.54795040097933	0.0108357875820667	NA
asRNA_986	21.8620586987574	-1.29	0.645412717338432	-1.99906468782913	0.0456013552202864	0.249086027610722
asRNA_987	0.615366789084214	0.00	3.99542014371681	0	1	NA
asRNA_988	10.4598291294449	0.68	0.750821560690751	0.909551913374259	0.363058868131091	NA
asRNA_989	2.77786647645372	-1.49	1.28012835023654	-1.16553216937315	0.243803646429172	NA
asRNA_990	0.88305361180497	-1.11	2.29976953626478	-0.481104758216111	0.630442046475033	NA
CDS_1	3.02079235855328	0.23	1.11645453799151	0.205042290419379	0.837539083920498	NA
CDS_2	19.1665937640686	-0.11	0.473412733879373	-0.238777575566633	0.81127805943787	0.93244296441885
CDS_3	78.4955362724067	0.24	0.27662501004167	0.879956678380126	0.378882778532816	0.69187289992949
CDS_4	107.275209177844	0.20	0.239361335712452	0.848029267612272	0.396421671373465	0.700349913222602
CDS_5	70.5653649326529	0.71	0.403196475033438	1.75747234557275	0.0788373315074148	0.325598179125623
CDS_6	3.80035071323189	-0.09	1.12832577375676	-0.0828787269901581	0.933947969239558	NA
CDS_7	2.97566701726853	-1.40	1.679646182222	-0.832351256399694	0.405210706781187	NA
CDS_8	0	NA	NA	NA	NA	NA
CDS_9	5.98438634327378	2.03	1.09595264170869	1.85611996628367	0.0634364604230753	NA
CDS_10	1.06545940232633	0.04	2.49430903981273	0.0179347352411345	0.985690918750397	NA
CDS_11	9.9238249582427	0.03	0.671371140246482	0.0431487183944261	0.965582983774277	NA
CDS_12	33.9461974221494	0.28	0.383902618004394	0.727269387783623	0.467060947056911	0.757445698172137
CDS_13	1.55126735529792	1.54	2.34297027893386	0.656492187842945	0.511507492410998	NA
CDS_14	2.63330746580747	1.16	1.3387269031653	0.867896017641651	0.385451259261246	NA
CDS_15	0.222691769895356	0.00	7.3561311249555	0	1	NA
CDS_16	6.14347802213928	0.49	0.904552685458501	0.542226470640434	0.587662502049899	NA
CDS_17	3.05436887421263	0.15	1.62494650241709	0.09064884562879	0.927771618471575	NA
CDS_18	2.30472277657717	1.09	1.89194174648793	0.576545536279423	0.564246500214928	NA
CDS_19	0	NA	NA	NA	NA	NA
CDS_20	0	NA	NA	NA	NA	NA
CDS_21	2.38360526454574	-2.19	1.77762536749503	-1.22931000609461	0.2189555971004	NA
CDS_22	7.01431267867769	-0.09	0.858489910916681	-0.10393765480847	0.91721882470654	NA
CDS_23	9.27650127059109	-0.82	0.751515836309461	-1.08931632336698	0.276014416887224	NA
CDS_24	2.10050735239285	-0.01	1.70034320207953	-0.00637963827537435	0.994909819644803	NA
CDS_25	0.482298329216805	0.00	4.10522040721201	0	1	NA
CDS_26	10.6284681105274	0.05	0.584018082142325	0.0822396687454313	0.934456129169071	NA
CDS_27	1.47478765495389	-2.35	1.85128695848147	-1.26846157615623	0.204633164006522	NA
CDS_28	2.019876981675	-1.30	2.19135113913024	-0.591207105881762	0.554381662165479	NA
CDS_29	18.7388385966101	-0.25	0.499881249384484	-0.495919469910707	0.619951228850765	0.844830246393207
CDS_30	93.1442207411688	-0.92	0.274794659151785	-3.34478227258041	0.000823471871885404	0.0255070412316504
CDS_31	1.18464430790436	1.54	2.51609498082397	0.610225569501956	0.541712393986072	NA
CDS_32	27.9920317299089	0.52	0.426090734981566	1.21254544045268	0.225303659366023	0.549510303060045
CDS_33	19.1804548140579	0.66	0.577818416612155	1.13623483673773	0.255858294400991	0.58051934653883
CDS_34	13.2587963173002	-0.31	0.624046629476489	-0.495234115036958	0.620434871942999	NA
CDS_35	14.0170825523867	-0.84	0.62299158391878	-1.35041993149752	0.176881321031119	NA
CDS_36	1.52662972217769	-0.51	1.73130148963135	-0.294148098299776	0.768644738577213	NA
CDS_37	0.857699141329538	1.17	2.41153702899858	0.485387606716441	0.627401421887315	NA
CDS_38	0	NA	NA	NA	NA	NA
CDS_39	0.933368182824331	1.53	2.61909409105267	0.585728694191581	0.558057848220193	NA
CDS_40	2.256039695903	1.21	1.50449215290161	0.807240852626758	0.419527733367505	NA
CDS_41	24.1464667694034	-0.80	0.473608905469013	-1.68214988271526	0.0925397795937207	0.354425925553694
CDS_42	3.99754707719119	0.90	1.23055885687561	0.730729991006463	0.46494409299032	NA
CDS_43	0	NA	NA	NA	NA	NA
CDS_44	3.29942861576523	-1.09	1.02581519043058	-1.05854702527383	0.289806123642643	NA
CDS_45	45.8972460281939	0.19	0.347750765755716	0.541047080662036	0.588475132149815	0.823399867279021
CDS_46	11.2027228164044	0.96	0.746051140885625	1.28902337447155	0.197389960507708	NA
CDS_47	12.4235102576298	-0.02	0.63149764923396	-0.0291697801370862	0.976729182930302	NA
CDS_48	0	NA	NA	NA	NA	NA
CDS_49	2.13768149267283	0.31	1.59058587627334	0.197175309236935	0.843690351687979	NA
CDS_50	4.69233753802361	-0.87	1.94862846915968	-0.445033448507822	0.656295582102381	NA
CDS_51	6.0597767004664	-0.15	0.86615649326874	-0.170770349860259	0.864404343951912	NA
CDS_52	10.9273270069465	-0.77	0.678311447417243	-1.13566430605171	0.256097084493667	NA
CDS_53	21.5958460240234	0.08	0.442246930908909	0.1913601578612	0.848243432625571	0.947383912052485
CDS_54	0	NA	NA	NA	NA	NA
CDS_55	0.755021492112819	2.59	2.40775934320655	1.07660079823019	0.28165864747102	NA
CDS_56	0	NA	NA	NA	NA	NA
CDS_57	166.250321673612	-0.15	0.203029607331379	-0.756442130103654	0.44938415651934	0.744367606854897
CDS_58	38.3252087040216	0.71	0.377184754045193	1.88146717919596	0.059908395866843	0.284620319002523
CDS_59	5.48114311496958	0.72	0.890527256298793	0.812351251834105	0.416590109713394	NA
CDS_60	0.762306631907269	0.15	2.5367974633641	0.0609054513941147	0.951434507923514	NA
CDS_61	1.16159499792526	3.15	2.22369149048061	1.41604513826995	0.156762289111041	NA
CDS_62	10.2309295088622	-0.82	0.634130477677325	-1.28995378583438	0.197066704343786	NA
CDS_63	7.21399739429907	-1.33	0.816988248423687	-1.63224661037381	0.102627545365868	NA
CDS_64	5.19383765424612	-0.80	1.87202954459673	-0.428723958983901	0.668124122587838	NA
CDS_65	0.54268087491701	-2.66	3.78863563001678	-0.70172687215363	0.482849511292288	NA
CDS_66	4.19626371568848	-0.44	1.47599680484479	-0.298993967864696	0.764944648101863	NA
CDS_67	12.5370041573376	0.94	0.604479416485001	1.55175772579907	0.120720204574755	NA
CDS_68	22.876576435184	0.49	0.475987510104119	1.02033914496529	0.307567644350321	0.627889604314862
CDS_69	0	NA	NA	NA	NA	NA
CDS_70	3.84639518548347	1.11	1.11152337072726	1.00211523779355	0.316287939252133	NA
CDS_71	2.1617949304376	1.06	1.94273844564713	0.545132338598627	0.585662502654057	NA
CDS_72	10.7206860569316	-0.19	0.686744644309246	-0.27657974814498	0.782102816927089	NA
CDS_73	70.9481343167758	-0.79	0.25491540767303	-3.08965158919313	0.00200391416353756	0.0443366008682685
CDS_74	5.45770197116362	0.50	1.07334957992667	0.464682306104596	0.642158981184456	NA
CDS_75	2.91560210171545	-0.43	1.5070981824602	-0.283120392479544	0.77708454992072	NA
CDS_76	3.64247810736797	-0.00	0.961929305784674	-0.00425864414740144	0.996602103855574	NA
CDS_77	4.90025739456697	0.13	1.24320410460479	0.10706764013485	0.914735318993726	NA
CDS_78	15.2114338634605	0.10	0.600393532265803	0.159340751628135	0.873400415721225	0.954294449560834
CDS_79	0.368451715189991	0.00	4.75962356289676	0	1	NA
CDS_80	9.06382069059809	-0.42	0.653883932969813	-0.64612780838405	0.518196587411696	NA
CDS_81	4.64566779272615	1.44	1.35823581656918	1.06257007438287	0.287976964067774	NA
CDS_82	2.35846347632551	0.81	1.64296669413522	0.490819906115629	0.62355382957744	NA
CDS_83	6.33950570073064	0.10	0.801001149226211	0.126282275584827	0.899508485966594	NA
CDS_84	7.57057342223808	0.68	0.944327524057873	0.721623490451683	0.470525992821112	NA
CDS_85	12.5558751801891	0.99	0.8936415403276	1.11146377816324	0.266368772960721	NA
CDS_86	3.68986167569505	-0.86	1.20114513989496	-0.712740289396001	0.476006480503984	NA
CDS_87	3.51208733387298	-0.35	1.06472830028165	-0.32498218407772	0.745194555529098	NA
CDS_88	2.93519064219766	1.66	1.81446213685979	0.917174020128966	0.359051458320693	NA
CDS_89	7.78643759008946	0.03	0.880196417784632	0.031358714824715	0.974983465742615	NA
CDS_90	367.235572106292	0.25	0.17483466297604	1.40943888283856	0.158705433454941	0.460366422005317
CDS_91	0	NA	NA	NA	NA	NA
CDS_92	7.92811700065827	-0.44	0.771635230662451	-0.572866737446022	0.566734927734558	NA
CDS_93	0.431049337210904	0.00	4.10730634194814	0	1	NA
CDS_94	2.3597382701322	-0.45	1.59942140432365	-0.27834133867048	0.780750345696731	NA
CDS_95	8.33116493084772	0.41	0.681399483245725	0.60556995216486	0.544800360394999	NA
ncRNA_1	7.42669942614424	-1.04	0.766444063455122	-1.36055649597705	0.173653887608207	NA
ncRNA_2	6.88143179247547	-0.47	0.821171697412805	-0.575462172973053	0.564978766370291	NA
ncRNA_3	4.81936423946385	1.09	0.931916087040441	1.16740103326133	0.24304845405831	NA
ncRNA_4	8.51979301003155	-0.82	0.697862117819134	-1.17213075294316	0.241144564736795	NA
ncRNA_5	5.47400790368918	1.84	0.951922395778401	1.92823010040787	0.0538265117609777	NA
ncRNA_6	0.807596577855951	-0.88	2.45324217135279	-0.359971671879228	0.718868318041609	NA
ncRNA_7	0.573525900825808	-2.35	2.69838881575481	-0.872288166938903	0.383051191371908	NA
ncRNA_8	5.60876049400601	-0.00	0.963818122732857	-0.00417087009735087	0.996672136792884	NA
ncRNA_9	16.7805008961192	-0.37	0.558726905079775	-0.657814333630976	0.510657442816164	0.789859787759282
ncRNA_10	8.06348951221264	-0.87	0.926944994307923	-0.935017721030924	0.349779166921831	NA
ncRNA_11	268.558469925856	0.12	0.202621797806656	0.61280221682523	0.540007124899754	0.806611374238609
ncRNA_12	4.03855591800875	0.18	1.14975982257276	0.156167189700948	0.875901238211663	NA
ncRNA_13	19.3390894479578	-0.29	0.451582373671843	-0.64740629341166	0.517369023877793	0.792883297239002
ncRNA_14	0	NA	NA	NA	NA	NA
ncRNA_15	2.65750427638982	-3.25	1.84311370265759	-1.7645448171814	0.0776402967964102	NA
ncRNA_16	8.2561815238325	0.03	0.739700170393341	0.0438024508800615	0.965061873441365	NA
ncRNA_17	0.086593113821284	0.00	7.3561311249555	0	1	NA
ncRNA_18	15.1366764940517	-0.21	0.692653566315831	-0.300894352758245	0.763495056733241	0.913228916869724
ncRNA_19	11.913588537546	-0.02	0.61737201561438	-0.0331502136588935	0.973554800022921	NA
ncRNA_20	2.19361088701416	0.16	1.59069818233787	0.100593578098856	0.919873094782428	NA
ncRNA_21	19.6406163177217	0.51	0.510249666292743	0.990557284508125	0.321901804249293	0.640136162659612
ncRNA_22	0.0331082459993873	-1.23	7.34416755165996	-0.168109573930959	0.866497077634667	NA
ncRNA_23	10.3451704997758	-0.16	0.671903426787751	-0.245042203812901	0.806423753375991	NA
ncRNA_24	0.746084840391449	-2.11	2.68306446759638	-0.784554226956479	0.432714976237432	NA
ncRNA_25	4.80838537676314	0.02	0.876430595014165	0.0202244188610316	0.983864348433581	NA
ncRNA_26	70.8465251670672	0.72	0.826745167657105	0.871324640751864	0.383576919967567	0.691909154427802
ncRNA_27	2.26223775488765	-0.40	1.43541564652982	-0.279955740944107	0.779511461203447	NA
ncRNA_28	8.85669727555101	-0.30	0.732984820159949	-0.410982541665094	0.681085336285943	NA
ncRNA_29	5.43807567316924	-0.83	0.859015978567533	-0.966858144319015	0.333614952986899	NA
ncRNA_30	29.908230064724	-0.42	0.546077199210825	-0.765348778733725	0.444063884974418	0.738773258244636
ncRNA_31	6.2261245583372	0.11	0.788520850287676	0.135994401894127	0.891825706491522	NA
ncRNA_32	0.145381702553536	0.18	7.34153287000396	0.0250179080103602	0.980040679552208	NA
ncRNA_33	14.0449968322133	-0.76	0.639413217623411	-1.19427039366871	0.232372214846239	NA
ncRNA_34	27.4056884608275	0.59	0.384675581935793	1.52938462646104	0.126169121339009	0.410837165148573
ncRNA_35	1.97987443712671	-0.71	1.46841984072825	-0.48064525844769	0.630768643375957	NA
ncRNA_36	1.88387739695173	0.12	1.71797772374997	0.0716786106179115	0.942857678623464	NA
ncRNA_37	10.5828195361532	-0.90	0.757121294721818	-1.19071148897338	0.233766866083925	NA
ncRNA_38	0.113852130872302	0.00	7.3561311249555	0	1	NA
ncRNA_39	0.696858147214067	-0.06	3.00690240890522	-0.0199519612906813	0.984081694263975	NA
ncRNA_40	1.50242764406429	-1.91	1.99547009505266	-0.958275267380225	0.337923971931308	NA
ncRNA_41	3.03713798851865	-1.47	1.18271028462904	-1.24074416671458	0.214700272792957	NA
ncRNA_42	1.3502303165448	-2.10	1.94386688656152	-1.08000884764512	0.28013824027808	NA
ncRNA_43	13.8282891558444	-1.12	0.581479085406882	-1.93436033252654	0.05306884003736	NA
ncRNA_44	5.15007988860876	0.69	1.06959508215617	0.647912052383381	0.51704183498616	NA
ncRNA_45	9.52248548969344	0.48	0.708250792886754	0.677204960240668	0.498275921040117	NA
ncRNA_46	117.870179121383	-0.29	0.22487810975992	-1.27917239406423	0.200836354851921	0.51949111411593
ncRNA_47	4.7287670029914	-1.24	1.07836760530412	-1.15338524054919	0.248752296795691	NA
ncRNA_48	8.147961741948	0.26	0.744646688598847	0.344405919441359	0.730541037798338	NA
ncRNA_49	5.47409890308778	-0.12	0.91378718735964	-0.13112908733564	0.895673191459752	NA
ncRNA_50	2.90285069905705	2.39	1.41204289627033	1.69393061715292	0.0902784681676124	NA
ncRNA_51	0	NA	NA	NA	NA	NA
ncRNA_52	1.67703112673567	1.72	1.83165441972338	0.939445942503138	0.34750183436996	NA
ncRNA_53	3.15682859968573	0.13	1.60649497016743	0.0822723088043439	0.934430174125228	NA
ncRNA_54	2.53888680725176	0.56	1.35286274565817	0.414318131136332	0.678641137120976	NA
ncRNA_55	6.32456203556823	-1.27	1.12598427859967	-1.127843158132	0.259386163027832	NA
ncRNA_56	0.734769398447963	0.01	2.52402551726895	0.00408021591756724	0.996744467747738	NA
ncRNA_57	27.7299629376611	-0.21	0.479215924159163	-0.432851395013496	0.665122732763881	0.868675370334157
ncRNA_58	3.89499889433101	0.23	1.25905535708498	0.179355932669113	0.857658230883191	NA
ncRNA_59	0	NA	NA	NA	NA	NA
ncRNA_60	8.24114599538599	0.25	0.728380205699059	0.336642443514422	0.736386456524999	NA
ncRNA_61	14.2800253962594	-0.85	0.67466425164474	-1.26459170219834	0.206017729127034	NA
ncRNA_62	4.73968299455491	0.71	1.12354300330305	0.634748284644737	0.525592596898933	NA
ncRNA_63	5.3978772942819	0.32	1.11161172245484	0.28498112324064	0.775658604009164	NA
ncRNA_64	1553.99475614933	-0.06	0.198625469998366	-0.322778269317935	0.746863171429931	0.908837705921345
ncRNA_65	1.60668605037831	-1.50	1.64177049647439	-0.910788286149149	0.362406935635935	NA
ncRNA_66	1.24159956090853	2.55	2.13547808416378	1.19268107311658	0.232994300883722	NA
ncRNA_67	12.3223988551009	0.90	0.663717044113773	1.35586942439806	0.175140717387897	NA
ncRNA_68	16.841554875309	-0.45	0.494431588362568	-0.913470283549572	0.360995255619055	0.682726671275989
ncRNA_69	4.86444477072666	0.03	0.955616692392595	0.0291836189474546	0.976718145855989	NA
ncRNA_70	108.132735183316	-0.75	0.279899394473638	-2.66615170473404	0.0076725061951338	0.0987191993609468
ncRNA_71	1.06100041180683	2.59	2.30873009313472	1.12110579337193	0.262242832961296	NA
ncRNA_72	22.0607294349398	-0.76	0.481199151852554	-1.58746760071155	0.112406779291921	0.387962272695613
ncRNA_73	4.22989871209628	-1.15	1.17658215800605	-0.975171558867971	0.329475167454684	NA
ncRNA_74	103.648776667226	-0.14	0.213893567266209	-0.643103460943429	0.520156968941737	0.794531100090744
ncRNA_75	0	NA	NA	NA	NA	NA
ncRNA_76	267.346187110034	0.26	0.315978471883606	0.826907153009244	0.408289688803141	0.710992163636109
ncRNA_77	28.4505231262656	-0.06	0.416194823909811	-0.153217633281469	0.87822665250818	0.956859486032005
ncRNA_78	1.00858966590257	0.33	2.04116770532669	0.159233590721657	0.873484839909307	NA
ncRNA_79	2.46541294227994	-0.77	1.9653678265225	-0.393075071701081	0.694264035192575	NA
ncRNA_80	0.360807788233538	0.00	4.31757726581336	0	1	NA
ncRNA_81	3.08692611881946	-0.27	1.03301683095229	-0.257210015648781	0.797016652683582	NA
ncRNA_82	8.59420297133776	-0.07	0.806589608452699	-0.0820974151469861	0.934569248601102	NA
ncRNA_83	0.330976001879784	-1.24	4.8089468482428	-0.258100359590843	0.796329454066348	NA
ncRNA_84	3.81827023337631	0.16	1.14200683807711	0.141705061535069	0.887312976763863	NA
ncRNA_85	12.0361353516598	0.09	0.625581041635291	0.148523809448812	0.88192939711159	NA
ncRNA_86	16.6112442669278	-0.80	0.571186804578285	-1.39491757055757	0.163040697977863	0.467032291799069
ncRNA_87	14.7317372824477	-0.73	0.569699991832888	-1.28311397608062	0.199452148004991	NA
ncRNA_88	25.5993162095058	-0.87	0.445885423286022	-1.95507820944774	0.0505738397987542	0.262179864061324
ncRNA_89	0.902782502944024	1.10	1.98172272239036	0.556314009791984	0.577996211488098	NA
ncRNA_90	2.85882397114308	-0.37	1.3761775035971	-0.268185830074445	0.788556281578872	NA
ncRNA_91	1.75575448419737	-1.54	1.94814870654724	-0.789312536169829	0.429929361411058	NA
ncRNA_92	13.1084893844076	0.05	0.581564960469213	0.0801194272387511	0.936142271713981	NA
ncRNA_93	5.02618338211632	0.38	1.05989186129843	0.359263620976973	0.719397886364895	NA
ncRNA_94	7.17518281756714	-1.05	0.802654708076441	-1.30996629598433	0.19020723769235	NA
ncRNA_95	4.90021888891026	0.41	0.98945860820885	0.418907605153747	0.675283658756533	NA
ncRNA_96	58.1246848965305	-0.01	0.29286008138803	-0.0464752890078817	0.962931429313791	0.987848416763734
ncRNA_97	15.717750191215	0.65	0.603760326810909	1.08400537145967	0.278362417228533	0.598403833116713
ncRNA_98	11.1126631529693	-0.47	0.618933577448772	-0.751878477724897	0.452124142090294	NA
ncRNA_99	0.263371335164163	-1.66	6.72546285936189	-0.246091453285751	0.805611438965371	NA
ncRNA_100	0.0997737778931145	0.00	7.3561311249555	0	1	NA
ncRNA_101	1.32677486482252	0.15	2.34533459710395	0.0630520319640848	0.949725071195587	NA
ncRNA_102	0.189112199507097	0.00	7.3561311249555	0	1	NA
ncRNA_103	0.183102174476573	1.62	7.34924815364309	0.219806278597171	0.826022029602507	NA
ncRNA_104	0.0812058982431278	0.00	7.3561311249555	0	1	NA
ncRNA_105	46.3229750151238	-1.09	0.386325076808444	-2.83336268383169	0.00460610927574124	0.073503864484883
ncRNA_106	1.60614262187399	1.64	1.95367257584255	0.838870280380472	0.401542106834246	NA
ncRNA_107	15.6361811835105	-0.26	0.560258503526915	-0.456288156212746	0.648182779632134	0.862295020523725
ncRNA_108	3.66503396228102	1.74	1.79544045456738	0.9672862625718	0.333400949186766	NA
ncRNA_109	10.0744212554334	-0.11	0.771528817944873	-0.146798390122931	0.883291155414135	NA
ncRNA_110	3.99225991813352	1.01	1.18577706134315	0.849681787464245	0.395502026721843	NA
ncRNA_111	2.50885482309988	-0.74	1.34056221958263	-0.553037738039102	0.580237569170244	NA
ncRNA_112	2.67621328715403	0.22	1.69221163790479	0.12972661976444	0.896782721002715	NA
ncRNA_113	13.6865032035599	0.33	0.530261367405315	0.61998207553347	0.535269587897313	NA
ncRNA_114	0.544061398817639	3.06	3.42328480706465	0.895150268258104	0.370706765380198	NA
ncRNA_115	5.18422498071467	-1.26	1.06163234946307	-1.18526186112199	0.23591392789604	NA
ncRNA_116	8.63068131163906	-0.67	0.656818334024122	-1.01841120098848	0.308482581339712	NA
ncRNA_117	4.14715027233798	0.08	1.19775569991654	0.0683641482854612	0.945495760558218	NA
ncRNA_118	0.482275948000084	0.24	3.71919402070231	0.0637071770123882	0.949203389928823	NA
ncRNA_119	4.213716929463	-0.44	0.992883478358866	-0.442117323312856	0.658404309314094	NA
ncRNA_120	16.4418142820352	-0.50	0.523143525510599	-0.959722334154234	0.337194979636443	0.655302675370834
ncRNA_121	0.478707685948824	-0.04	3.3621968080528	-0.0125472448428845	0.989989009737233	NA
ncRNA_122	9.54641875530513	0.08	0.715311952020297	0.111847810038215	0.910944078394589	NA
ncRNA_123	3.62747114421783	1.71	1.34969064757306	1.26686602291521	0.205203199582035	NA
ncRNA_124	13.91386716754	0.89	0.801663290072576	1.10609037185567	0.268687405644318	NA
ncRNA_125	24.2336308694852	0.56	0.465635893585795	1.19724654176749	0.231210474093088	0.554898422530119
ncRNA_126	6.62731066613538	-0.54	0.946370364097794	-0.57085977091628	0.568094702587293	NA
ncRNA_127	15.3704968460588	0.33	0.539354363688083	0.603412742621256	0.546234147312892	0.809029624879051
ncRNA_128	14.8745636966625	-0.26	0.541025427500278	-0.487382407963464	0.625987357993648	0.849777380480821
ncRNA_129	5.8778976238941	0.63	0.903990305846216	0.694927766258117	0.487100570833656	NA
ncRNA_130	4.73148671249687	-0.59	1.02639176548789	-0.576860261218064	0.564033857242282	NA
ncRNA_131	13.8119602710182	-0.11	0.601468828532298	-0.183792496650554	0.854176242673235	NA
ncRNA_132	139.797843348072	0.16	0.278678044081084	0.55792614014882	0.576894820747307	0.816484390460237
ncRNA_133	14.6287631336072	-1.01	0.555560083609692	-1.82525130255778	0.067963115187318	NA
ncRNA_134	34.1033932283633	-0.95	0.366408995850718	-2.58980938040787	0.00960290900362829	0.112842940069502
ncRNA_135	20.0118343139164	-0.01	0.481743942313622	-0.0195681372409131	0.984387881762719	0.996678918629981
ncRNA_136	3.69629350993848	-0.24	1.11277137397408	-0.214674843935362	0.830020836945906	NA
ncRNA_137	0.165380104869347	-1.66	7.32868392435291	-0.22690812359778	0.820495185087389	NA
ncRNA_138	7.66216037790986	-1.65	0.862059594836452	-1.90962072459217	0.0561820647404017	NA
ncRNA_139	19.6036793537209	-0.42	0.500910158101311	-0.847252716910141	0.396854275455958	0.700349913222602
ncRNA_140	3.30475995571791	-0.37	1.25255977366814	-0.298418272138432	0.76538394488569	NA
ncRNA_141	2.40858449776589	3.12	1.91131908989512	1.63324163264271	0.102418187063268	NA
ncRNA_142	0.895798773141027	0.00	2.69239831149213	0	1	NA
ncRNA_143	32.0381824842215	0.60	0.392904368585226	1.53348479047857	0.125156451312085	0.409867161764835
ncRNA_144	3.50201300179028	-1.12	1.13114262097986	-0.99439033794399	0.320032870216313	NA
ncRNA_145	264.670314592563	0.47	0.175031283944267	2.70299568931836	0.00687176375479249	0.0925963717446637
ncRNA_146	18.5742989428746	0.59	0.673622131895219	0.883196398598155	0.377130167093071	0.69019834125305
ncRNA_147	1.84125082040039	-2.76	1.9749527864802	-1.39641978629711	0.162588120186326	NA
ncRNA_148	87.7471255016428	-1.35	0.24767553202023	-5.46469370370194	4.63706779794223e-08	1.27673933370009e-05
ncRNA_149	13.0779648729258	-0.57	0.696660106339516	-0.821336503627862	0.411454620489401	NA
ncRNA_150	15.6865490434555	0.38	0.566465991601424	0.665593282294738	0.505671101383036	0.789173148867852
ncRNA_151	1.70803829556298	2.75	1.78531647643849	1.54036144211932	0.12347227459051	NA
ncRNA_152	5.45502621051601	-1.73	1.08876194290665	-1.58488332789103	0.112992845172496	NA
ncRNA_153	2.3363885535925	1.74	1.81476113608476	0.958074045849578	0.338025421899688	NA
ncRNA_154	5.69096502262038	-0.71	0.956809656596518	-0.741200708254112	0.458571754047608	NA
ncRNA_155	9.49143585094475	-1.00	0.594954933584649	-1.68769654110425	0.0914694961179165	NA
ncRNA_156	0.953263041212865	-2.33	2.19003665222956	-1.06523575894981	0.286769255430466	NA
ncRNA_157	4.20569569224363	0.97	1.19709144444542	0.814409005278686	0.415410681450947	NA
ncRNA_158	3.21073277711449	-0.94	1.24754065819161	-0.751902825369753	0.452109498920577	NA
ncRNA_159	5.80936849150805	0.95	0.854828719040011	1.11536340453906	0.264694724979957	NA
ncRNA_160	17.5145290810143	-0.25	0.469672885646283	-0.540565169865342	0.5888073304352	0.823399867279021
