Gene	baseMean	log2FoldChange	lfcSE	stat	pvalue	padj	old_locus_tag
SACI_RS00005	2337.79907321818	-0.42	0.259125417496556	-1.61983672753266	0.105267354456957	0.242911759766811	Saci_0001
SACI_RS00010	344.011382240724	-1.04	0.250337632637884	-4.15208135991551	3.29465081969136e-05	0.000437421522165855	Saci_0002
SACI_RS00015	5480.24519330658	-0.22	0.139946708363956	-1.58805691715812	0.11227346926114	0.25382042699474	Saci_0003
SACI_RS00020	128.719392751467	-0.42	0.201328726433495	-2.10364295010939	0.0354096044100633	0.111584564060439	Saci_0004
SACI_RS00025	1096.43551878529	-0.07	0.0938440204982398	-0.792344188617713	0.428160012578435	0.627505767422645	Saci_0005
SACI_RS00030	183.063712194577	-0.07	0.263455989419077	-0.282036653641002	0.77791540511143	0.878986739447016	Saci_0006
SACI_RS11965	239.185042152751	0.22	0.281193079206606	0.777567830779699	0.436823831824568	0.636659193238021	Saci_0007
SACI_RS00035	401.929582330919	-0.14	0.146893528444147	-0.959530926853611	0.337291347293134	0.543570251397283	Saci_0008
SACI_RS00040	464.197942480944	0.13	0.159147425238093	0.797587333526279	0.425110003897412	0.624616220845715	Saci_0009
SACI_RS00045	1396.08697900936	-0.46	0.178126896062651	-2.56118069563646	0.0104317083786541	0.0436611251308645	Saci_0010
SACI_RS00050	113.974195116508	0.10	0.224379916854057	0.452087002435471	0.651206306785575	0.796744175940441	Saci_0011
SACI_RS00055	673.445826787138	0.04	0.135270473669244	0.277044863919039	0.781745657426018	0.881938225128846	Saci_0012
SACI_RS00060	207.265129736488	0.05	0.172521586249623	0.271156210078656	0.78627089093672	0.883729805661002	Saci_0013
SACI_RS00065	202.322776228806	-0.26	0.155875477307662	-1.68859738373805	0.0912966124010554	0.218870024431669	Saci_0014
SACI_RS00070	491.56992351645	0.07	0.160133579949338	0.434842953891341	0.663676424166346	0.804860521099555	Saci_0015
SACI_RS00075	165.230870137534	-0.33	0.181420711254898	-1.84299342879387	0.0653299699173114	0.173097523220982	Saci_0016
SACI_RS00080	269.289853506432	-0.86	0.17461799267164	-4.92079065640966	8.61952887249971e-07	1.90430847923969e-05	Saci_0017
SACI_RS00085	865.384897617083	-1.10	0.136037757600369	-8.05004293013855	8.276499989485e-16	7.04963057927899e-14	Saci_0018
SACI_RS00090	717.708217844961	-0.60	0.122070669012799	-4.90199902902233	9.48663054672322e-07	2.02009426936106e-05	Saci_0019
SACI_RS00095	467.835314821487	-0.21	0.138628127244863	-1.52033350851887	0.128427176427732	0.280486502967354	Saci_0020
SACI_RS00100	83.1354760963448	-0.03	0.255423668800675	-0.0987638371646376	0.921325781829922	0.957702607386739	Saci_0022
nadA	1136.5246668017	1.04	0.251894575268935	4.12170338499877	3.76081234035376e-05	0.000471485391240887	Saci_0023
SACI_RS00110	1231.35053490159	-0.26	0.119670187313918	-2.15781845679459	0.0309419493129379	0.101208016848278	Saci_0024
SACI_RS00115	1182.11638426997	-0.01	0.0976077090967094	-0.133978309856536	0.893419726010667	0.941991168570509	Saci_0025
SACI_RS00120	122.341166899158	-0.58	0.194528485349253	-2.98427763214789	0.00284248726849316	0.0157616996391705	Saci_0026
SACI_RS00125	869.399603455567	-0.23	0.109404235863772	-2.06101450455185	0.0393016563364962	0.119807996579466	Saci_0027
SACI_RS00130	221.81949181405	-0.20	0.205159125626212	-0.984030568617278	0.3251004830323	0.528927527450304	Saci_0028
SACI_RS00135	4582.61266660818	0.27	0.0937772191017282	2.90834036728609	0.00363352629335654	0.0192307994463044	Saci_0029
SACI_RS00140	599.459266458724	0.31	0.171892961633909	1.80901680410919	0.0704483927640829	0.181996918327194	Saci_0030
SACI_RS11510	726.022180357939	-0.42	0.120047446822045	-3.52842119366189	0.000418046401642788	0.00345903536902147	Saci_0031
SACI_RS00145	190.239757754879	-0.20	0.152515818568166	-1.30145001314378	0.193104464030845	0.367672930856889	Saci_0032
SACI_RS11515	80.1947353796453	-0.28	0.244565465899605	-1.16416025331192	0.244359074410363	0.435485464303023	Saci_0033
SACI_RS00150	90.2127728767832	-0.16	0.226277407183051	-0.69241405750352	0.488677340277084	0.678895601217933	Saci_0034
SACI_RS00155	1613.11832502153	-0.34	0.112930318657621	-2.96963894018282	0.00298149950538178	0.0164465191763536	Saci_0035
SACI_RS00160	229.213297273159	-0.14	0.195791692831359	-0.713756130631157	0.475377990908731	0.669924409572596	Saci_0037
SACI_RS00165	886.90258113639	-0.00	0.10949743107483	-0.00547814658310951	0.995629093281417	0.997030632598832	Saci_0038
SACI_RS00170	97.5352478470398	0.16	0.243426543863613	0.644837993887019	0.519032177531346	0.702391208472327	Saci_0039
SACI_RS00175	386.949530542852	0.01	0.164866027570153	0.0317282162116429	0.974688792927221	0.989092198282919	Saci_0040
trxA	674.908762062945	0.90	0.171722263947483	5.2296825991484	1.69801313828063e-07	4.47040549860065e-06	Saci_0041
SACI_RS00185	145.853946688177	0.23	0.206357340243721	1.11136813137376	0.266409923954019	0.460833770459934	Saci_0042
SACI_RS00190	311.83517747119	0.35	0.152078369533624	2.2784111301082	0.0227020938858319	0.0803195202438518	Saci_0043
SACI_RS00195	1593.58679900004	0.46	0.182243013793982	2.51626797907423	0.0118604964043439	0.0483774613901126	Saci_0044
SACI_RS00200	423.603348197907	-0.06	0.160103081020155	-0.369224849356335	0.71196013531212	0.835472609278446	Saci_0045
SACI_RS00205	14677.5686056703	-0.02	0.136259340937543	-0.155915661452257	0.876099500230952	0.931418558248472	Saci_0046
SACI_RS00210	221.790199092463	-0.19	0.162117348816584	-1.18478363757663	0.236103003599872	0.423902230889789	Saci_0047
SACI_RS00215	1867.67448725755	0.27	0.113547420547162	2.3873228750708	0.0169715787099636	0.064416372141618	Saci_0048
SACI_RS00220	363.268849254762	0.02	0.164644835365528	0.133844594985208	0.893525462729001	0.941991168570509	Saci_0049
SACI_RS00225	730.96115082445	-0.40	0.163936428988358	-2.43759505430331	0.0147853264428613	0.0578625748358464	Saci_0050
SACI_RS00230	5558.48442186209	-0.13	0.186252601630159	-0.674740819009822	0.49984044593749	0.687666475741079	Saci_0051
SACI_RS00235	2574.3309450458	-0.18	0.196154439950975	-0.922183769252157	0.356432727737641	0.5595712780415	Saci_0052
SACI_RS00240	4209.78767593423	-0.06	0.14122415415308	-0.449253798571073	0.653248582341443	0.797669530464257	Saci_0053
SACI_RS00245	14951.8481386096	-0.11	0.183575117806421	-0.585186229473669	0.558422503134706	0.73275558182062	Saci_0054
SACI_RS00250	883.063951122702	-0.29	0.166605770728388	-1.71286259389149	0.0867378213395284	0.211441692423632	Saci_0055
SACI_RS00255	624.672014607473	-0.05	0.131629012577398	-0.367089783149755	0.713552047989003	0.836618109706944	Saci_0057
SACI_RS00260	984.798366708629	-0.32	0.141268804232246	-2.29147129372655	0.0219361703016576	0.0786227093980204	Saci_0058
SACI_RS00265	1986.36234191904	0.12	0.133517262805407	0.880099262858278	0.378805538437945	0.58165920304491	Saci_0059
SACI_RS00270	241.915446384457	0.19	0.195439900877749	0.993020420345603	0.320700003149344	0.524419655065217	Saci_0060
meaB	292.189762497429	-0.39	0.203107868987289	-1.90339647552988	0.0569888305770234	0.156874515711363	Saci_0061
SACI_RS00280	169.167334093515	-0.03	0.193953536478501	-0.16139229394218	0.871784435655793	0.928857109803854	Saci_0062
SACI_RS00285	1.42688833800779	0.46	1.46602087311204	0.315150292716294	0.752647544502788		Saci_0063
SACI_RS00290	18469.4141574923	-0.14	0.26851435041254	-0.518688838039031	0.603977746692482	0.767494319623268	Saci_0064
SACI_RS00295	228.439754226232	1.71	0.178149053020979	9.59938102078139	8.04259474597192e-22	1.10911211353975e-19	Saci_0065
SACI_RS00300	41.0700874761067	1.59	0.384513172000323	4.1378477218693	3.50578908701197e-05	0.000453248446249405	Saci_0066
lysS	8571.91113194362	0.55	0.522990111161599	1.04764729662723	0.294801137897343	0.493779118190113	Saci_0067
SACI_RS00310	686.512121514756	-0.49	0.162515076407402	-2.9913607271995	0.00277737195588097	0.0155275466877052	Saci_0068
SACI_RS00315	178.380414055606	-0.36	0.172780714422064	-2.09099237760294	0.036528747272113	0.113872176641592	Saci_0069
SACI_RS00320	124.462942586062	-0.31	0.194379257240894	-1.61067346038919	0.107250913162606	0.246311375510633	Saci_0070
SACI_RS00325	546.952256790971	-0.09	0.124025844761638	-0.762509008639113	0.445756268535475	0.644488344322884	Saci_0071
SACI_RS00330	311.472951371902	-0.08	0.139224965548036	-0.556352321190108	0.577970026067114	0.747232676558198	Saci_0072
rimI	719.706621533006	-0.35	0.131486906848939	-2.69619459247247	0.00701366806836415	0.0320227891016857	Saci_0073
SACI_RS00340	940.943937805587	-0.40	0.110849103984392	-3.60045747307975	0.000317657783776016	0.00282189245955627	Saci_0074
dnaG	6164.73925817203	-0.28	0.181617705618634	-1.56469316272507	0.117654872432602	0.262459115564178	Saci_0075
SACI_RS00350	2345.06476055301	-0.24	0.122958210787186	-1.95250752709009	0.0508779781767194	0.145451752023474	Saci_0076
SACI_RS00355	616.241843760269	-0.01	0.183175027945249	-0.0722677080500804	0.942388862723145	0.970885146370056	Saci_0077
SACI_RS00360	155.755627542114	-0.40	0.210838999575497	-1.88060925274099	0.0600250921535011	0.162157338504234	Saci_0078
SACI_RS00365	357.479191156089	-0.21	0.149085574112964	-1.3780014966823	0.168202826047014	0.334557269390215	Saci_0079
SACI_RS00370	3118.69228247258	-0.17	0.223505787655785	-0.767905503336082	0.44254332763934	0.642408760322571	Saci_0080
SACI_RS00375	3230.95462260673	0.09	0.171538849891842	0.53129245103961	0.595216135769906	0.759359440171651	Saci_0081
SACI_RS00380	2271.31737315384	0.18	0.0858420878087612	2.09152736187455	0.0364808162895084	0.113855769320817	Saci_0082
SACI_RS00385	2595.97712120847	-0.17	0.143140441122994	-1.19013665715062	0.233992684550687	0.421681900721089	Saci_0083
SACI_RS00390	1626.14597771122	-0.13	0.132561715805174	-0.995622830813018	0.319433437511866	0.523234861444776	Saci_0084
SACI_RS00395	2000.07685145188	-0.02	0.119586193406217	-0.154407234994294	0.877288649372151	0.931732221992721	Saci_0085
SACI_RS00400	2598.67518650617	-0.02	0.101676071708972	-0.166868583288712	0.867473453415779	0.928857109803854	Saci_0086
SACI_RS00405	528.658874895483	-0.04	0.14948282558402	-0.242768525224601	0.808184719468573	0.897432111802526	Saci_0087
rpsB	3507.59052993403	-0.07	0.0866094373877053	-0.759664310319042	0.447455267234885	0.644907695891272	Saci_0088
amrB	1459.1773718902	-0.28	0.126588140211	-2.229777453189	0.0257622209461682	0.0886073537530916	Saci_0089
SACI_RS00420	418.398285061858	-0.49	0.151435908870192	-3.2539681782411	0.00113805027139454	0.00759399443769261	Saci_0090
fni	943.573988910188	-0.14	0.104257024278671	-1.29779011590024	0.19435946701116	0.369091814074963	Saci_0091
SACI_RS00430	917.519844641267	0.29	0.138526423593758	2.06631816563438	0.0387984472680723	0.118523526675461	Saci_0092
SACI_RS00435	357.836159087227	-0.09	0.208443487294892	-0.428897186817887	0.667998047573695	0.807733756064058	Saci_0093
SACI_RS00440	327.541019725012	0.08	0.156199616092758	0.533005407188578	0.594029837289911	0.759136812614216	Saci_0094
ffs	103262.15342811	0.85	0.245572701412309	3.44106653264753	0.000579426038638233	0.00445182598028973	Saci_0095
SACI_RS00450	2.90831491386021	3.00	1.4034567814644	2.13678415441294	0.0326155515229339		Saci_0096
SACI_RS00455	4156.84489882527	-0.51	0.12790857544685	-4.01281897175088	5.99979250357108e-05	0.000692246975710831	Saci_0097
SACI_RS00460	2633.45657418683	-0.48	0.133629459367506	-3.6192351971874	0.00029547499580856	0.00267404871206746	Saci_0098
SACI_RS00465	140.119609300849	-0.65	0.218766323471576	-2.96998246568235	0.00297816747373021	0.0164465191763536	Saci_0099
SACI_RS00470	653.989583149233	0.68	0.137613518222312	4.94665645314937	7.54990501892124e-07	1.7216161365981e-05	Saci_0100
SACI_RS00475	711.929079617358	1.11	0.215878466532817	5.14964872882696	2.60974760224287e-07	6.62967461060996e-06	Saci_0101
SACI_RS00480	1022.88961824342	0.42	0.135505861928753	3.11489071692725	0.00184013071241814	0.0113383373258786	Saci_0102
SACI_RS00485	142.57377547198	-0.27	0.255196244982475	-1.04547120935569	0.295805240254812	0.495174552472796	Saci_0103
SACI_RS00490	213.738921690358	-0.06	0.174562001918426	-0.34844701839505	0.727504496695198	0.84506183570033	Saci_0104
SACI_RS00495	232.85206337403	-0.65	0.200719809352093	-3.2468894452496	0.0011667370144811	0.00767925089531194	Saci_0105
SACI_RS00500	1083.71807390154	-0.37	0.112494644867959	-3.25961160375996	0.00111564877589446	0.00748741335420919	Saci_0106
mobB	82.755477508726	0.11	0.214197059280785	0.516159944954742	0.605742703366311	0.767883918371992	Saci_0107
SACI_RS00510	254.496792196009	-0.10	0.140694863693926	-0.691253845585131	0.48940603105243	0.678895601217933	Saci_0108
SACI_RS00515	379.318292255498	0.06	0.158877052462617	0.354387182982156	0.723048738613811	0.84263809181513	Saci_0109
SACI_RS00520	627.851714473428	0.39	0.114034424828579	3.43705945535424	0.00058806650149416	0.00450539838181769	Saci_0110
SACI_RS00525	155.758688166337	-0.07	0.273697519707954	-0.240373103440594	0.810041027375333	0.898115932342636	Saci_0111
SACI_RS00530	1057.71270988951	-0.06	0.179412591979548	-0.306707943758918	0.759065682787418	0.867161426963456	Saci_0112
SACI_RS00535	367.876604590062	0.12	0.140947187631822	0.825578746798992	0.409043095423379	0.610298199044876	Saci_0113
SACI_RS00545	135.682593969633	-0.45	0.199984799966857	-2.26888328749432	0.0232754243035742	0.0818029475523677	Saci_0114
SACI_RS00550	405.79351341667	0.41	0.142617934922206	2.88118253478574	0.00396186123720187	0.02059883329073	Saci_0116
tpiA	256.954147927294	0.13	0.178379690355298	0.717090217419784	0.47331843150621	0.669244285332321	Saci_0117
SACI_RS00560	55.7562250905137	0.26	0.312078637062301	0.825999755566075	0.408804230466273	0.610298199044876	Saci_0118
SACI_RS00565	328.61436586982	-0.19	0.126653121095521	-1.52540776686048	0.127157422723909	0.278612521657787	Saci_0119
SACI_RS00570	205.327926342656	-0.37	0.174097682642145	-2.09859389532505	0.0358527149632581	0.112613299927978	Saci_0120
SACI_RS00575	186.565371105075	-0.18	0.167898235830909	-1.06373597809754	0.287448321111996	0.48567697662797	Saci_0121
SACI_RS00580	2030.40760561483	0.39	0.0869277548671485	4.44760546669911	8.68328280825922e-06	0.000135197779638273	Saci_0122
SACI_RS00585	320.392836138045	0.25	0.142793435828566	1.74113438212477	0.0816600258664397	0.201437338082802	Saci_0123
SACI_RS00590	2352.22271528691	0.28	0.126069248779693	2.2022638126103	0.0276466788033821	0.0941157486314996	Saci_0124
SACI_RS00595	351.548946915481	0.02	0.142556816656069	0.159188718934223	0.87352019151473	0.929610140552018	Saci_0125
SACI_RS00600	484.646312982811	-0.27	0.149910230235491	-1.83309991911684	0.0667877131569141	0.175514716245393	Saci_0127
SACI_RS00605	1425.39413145767	-0.24	0.1393304025024	-1.6939285536209	0.0902788603332503	0.216968945663977	Saci_0128
SACI_RS00610	158.763475757852	-0.55	0.175886417445625	-3.12332647637537	0.0017881927312839	0.0111217404154957	Saci_0129
SACI_RS00615	554.344763767268	-0.24	0.169980991050217	-1.43342159505444	0.151737390623512	0.311047270012328	Saci_0130
SACI_RS00620	6043.66810810534	-0.24	0.116276843481112	-2.03058390907013	0.0422972213773471	0.1256335929321	Saci_0131
SACI_RS00625	168.793778067837	-0.54	0.182548203784754	-2.95891346133578	0.00308725784370736	0.0169160053204237	Saci_0132
SACI_RS00630	1636.49665053221	-0.24	0.148630877298801	-1.63609922371835	0.101818822651781	0.237597662273674	Saci_0133
SACI_RS00635	829.966348518747	0.19	0.121946697760357	1.51822775634565	0.128956992587626	0.281431386988518	Saci_0134
SACI_RS00640	893.750571347638	0.32	0.139869847386256	2.25267090628367	0.0242799066711995	0.0844112961822254	Saci_0135
SACI_RS00645	838.454412597752	0.18	0.151834369545523	1.19847238220923	0.230733168476254	0.416949868423553	Saci_0136
thiC	1531.67733516811	0.76	0.171952133080657	4.42555186164063	9.61960416329953e-06	0.000147398802417542	Saci_0137
SACI_RS00655	895.363605213216	0.41	0.110952271055779	3.74032606920589	0.000183781684685855	0.0017860126135914	Saci_0138
SACI_RS00660	148.513878461598	0.37	0.185187209150098	1.99822686540397	0.0456920701945058	0.133182161318653	SACI_RS00660
SACI_RS00665	1002.00892564625	0.13	0.171132691951879	0.753792438502368	0.450973865107344	0.647587468275874	Saci_0140
SACI_RS00670	145.778123816611	-0.26	0.1788540992831	-1.47666729009307	0.139764844392482	0.296111868074774	Saci_0141
SACI_RS00685	231.945662139326	-1.02	0.191595764456403	-5.31469283453005	1.0683739041811e-07	2.89159890327895e-06	Saci_0144
SACI_RS00690	1349.31329164897	0.19	0.10714688197215	1.78471376100512	0.0743077576970017	0.189355335764343	Saci_0145
SACI_RS00695	350.487720436884	-0.26	0.14695523222234	-1.77415745759021	0.0760371089223236	0.191630873237232	Saci_0146
SACI_RS00700	2820.26920175719	-0.50	0.140455813732762	-3.57016718352171	0.000356753464344894	0.00308405382908303	Saci_0147
SACI_RS00705	3887.25928186882	-0.26	0.137450907661237	-1.92321740302141	0.0544527525528447	0.152509836937174	Saci_0148
SACI_RS00710	1595.91273350901	0.30	0.147070090527436	2.0286075118575	0.0424982828424226	0.126101462204565	Saci_0149
SACI_RS11970	800.525236294354	0.28	0.155471758409316	1.7696658467016	0.0767828225753451	0.19268895509376	Saci_0150
SACI_RS00720	1288.81444073212	0.14	0.119180504344266	1.14421260203511	0.252535478081306	0.444434857103708	Saci_0151
cysS	2245.26493667216	0.05	0.114591957605352	0.442817432375096	0.657897793235947	0.800870958054352	Saci_0152
SACI_RS00730	159.973164063361	0.29	0.223027456526925	1.31838795885407	0.187373809556302	0.361153989937824	Saci_0153
SACI_RS00735	2100.31810179777	0.06	0.170859132494615	0.372439444267744	0.709565690517083	0.83469704582241	Saci_0154
SACI_RS00740	11810.6227760847	0.26	0.157406191036762	1.63760153093932	0.101504843502839	0.237254258905749	Saci_0155
SACI_RS00745	415.75605345717	0.12	0.131458275282353	0.92206471005527	0.356494823199781	0.5595712780415	Saci_0156
SACI_RS00750	3295.14647830351	-0.30	0.102387676066788	-2.93541631590029	0.00333100445991003	0.0179304626689581	Saci_0157
SACI_RS00755	809.554421453723	0.13	0.125843195964156	1.03609361880528	0.300158468932905	0.499506904345698	Saci_0158
SACI_RS00760	207.244172677989	-0.63	0.166984026355041	-3.80194959336438	0.000143561939322856	0.00145879079396137	Saci_0159
SACI_RS00765	79.1051127360601	0.24	0.244932851089945	0.96099765818862	0.336553345313561	0.542985230099205	Saci_0160
SACI_RS00770	488.322965623481	-0.06	0.121561429601061	-0.474071829871034	0.63544868599777	0.788615947706007	Saci_0161
SACI_RS00775	707.336658055495	-0.41	0.108796153530546	-3.73707005988424	0.000186177061042616	0.00180324002936259	Saci_0162
SACI_RS00780	802.655425371813	0.07	0.104374792822652	0.717697716882887	0.472943691346158	0.669098646867842	Saci_0164
SACI_RS00785	930.183302290999	-0.42	0.115272221745371	-3.68062773997874	0.000232660466741339	0.00216651032695472	Saci_0165
SACI_RS00790	1957.8636577889	-0.45	0.150820354636309	-2.95602946398322	0.00311627319910244	0.0169897403692184	Saci_0166
SACI_RS00795	857.18535578588	0.46	0.153523053728992	3.01494371529055	0.00257026948177816	0.0147396047905536	Saci_0167
SACI_RS00800	1031.7235801522	-0.27	0.187373554684952	-1.45443784012044	0.145824955318399	0.302297115677941	Saci_0168
SACI_RS00805	888.04474663287	-0.47	0.130966773206574	-3.57295708519804	0.000352972624927959	0.00306969586123534	Saci_0169
SACI_RS00810	80.3694575981033	0.27	0.300479868204143	0.888645016814551	0.374193889456027	0.576111378981741	Saci_0170
SACI_RS00815	911.323517513219	-0.02	0.130366157380206	-0.134451379318127	0.893045655594988	0.941991168570509	Saci_0171
SACI_RS00820	159.044207925359	-0.29	0.198753695944115	-1.4339873518524	0.151575872282457	0.311047270012328	Saci_0172
SACI_RS00825	366.554354893323	-0.32	0.145835562409166	-2.18973893184737	0.0285431758729581	0.0963415353474203	Saci_0173
SACI_RS00830	948.683892478788	-0.29	0.124677628952417	-2.30277509649774	0.0212915003993771	0.0767900000601724	Saci_0174
dph2	1678.69806240912	-0.43	0.0933613564710221	-4.61218357110766	3.98460850635716e-06	7.07940259779776e-05	Saci_0175
SACI_RS00840	3415.86577780529	0.05	0.118965963013558	0.461562583200985	0.644395032074326	0.792428030949999	Saci_0176
SACI_RS00845	48.8118805181672	-0.44	0.294245211902867	-1.49221448878335	0.135642925252696	0.290733862578501	SACI_RS00845
SACI_RS00850	445.900558654664	-0.62	0.120433358695146	-5.18570299631037	2.15201535824652e-07	5.51525351989551e-06	Saci_0177
SACI_RS00855	450.271748616606	-0.45	0.13318400899161	-3.38091621284623	0.000722445687919048	0.00536462233900914	Saci_0178
SACI_RS00860	550.728011724329	-0.59	0.112274084826845	-5.23463028462135	1.65315430276862e-07	4.39223381726416e-06	Saci_0179
SACI_RS00865	4699.67518283028	0.35	0.163038371581269	2.15237391873294	0.0313679161747333	0.102298969867148	Saci_0180
SACI_RS00870	2938.39027231131	0.51	0.155156862014663	3.2829441873586	0.0010272900236252	0.00708340930575853	Saci_0181
SACI_RS00875	1745.12544479291	0.38	0.161654599508651	2.36846461319003	0.0178620890175805	0.0668328291923943	Saci_0182
aroF	1456.74762881394	0.39	0.157425427741764	2.50691019282919	0.0121791651586454	0.0491237636482411	Saci_0183
aroB	830.3714492527	0.22	0.157924759514006	1.36680020391538	0.17168793886576	0.340087736631491	Saci_0184
SACI_RS00890	368.223679577065	-0.02	0.180323919380814	-0.107083716193206	0.914722565475746	0.953569478242593	Saci_0185
aroC	645.759077039751	-0.22	0.188575941858367	-1.15219164400471	0.249242330613648	0.441824944484357	Saci_0186
SACI_RS00900	385.363103766035	-0.26	0.185653214323646	-1.38454749830799	0.166190874692875	0.331694536947323	Saci_0187
aroA	467.852017745553	-0.04	0.173210756484989	-0.238686708755758	0.811348523790594	0.898945635715493	Saci_0188
SACI_RS00910	126.935092377263	-0.29	0.22534165620697	-1.26737030956019	0.205022910914186	0.383360584225608	Saci_0189
SACI_RS00915	159.204378653772	0.11	0.179709186474799	0.608658691666616	0.542750692913447	0.719691394998783	Saci_0190
SACI_RS00920	544.947342078941	0.11	0.140241099884763	0.753785853734542	0.450977819664743	0.647587468275874	Saci_0191
SACI_RS00925	549.399416460542	-0.08	0.128688377186654	-0.598158327846055	0.549734294129893	0.725960107524017	Saci_0192
SACI_RS00930	1879.56995187687	-0.07	0.105995227241226	-0.665776204259015	0.50555415679746	0.691584713313861	Saci_0193
SACI_RS00935	620.999162045595	-0.24	0.137610540290214	-1.72799637760177	0.0839888738182293	0.206128625913214	Saci_0194
SACI_RS00940	4392.92399700297	-0.03	0.170953044700789	-0.201642538157425	0.840196187585392	0.914739909491464	Saci_0195
SACI_RS00945	3787.83355052741	-0.13	0.101522700578062	-1.30226073489416	0.192827269410577	0.367386692245415	Saci_0196
SACI_RS00950	303.514071441341	-0.61	0.167943837718611	-3.63692376358775	0.000275913549721885	0.00253665282537962	SACI_RS00950
SACI_RS00955	3110.03427527428	-0.38	0.127482053204446	-3.00024075741374	0.00269766283303656	0.015228911431723	Saci_0198
SACI_RS00960	1029.74332866274	-0.49	0.144106220717269	-3.42312855434451	0.000619047931803458	0.00469309636257282	Saci_0199
nucS	227.451748280186	-0.36	0.18835339472837	-1.89258285467852	0.0584133656154693	0.159512479651801	Saci_0200
SACI_RS00970	248.720294685058	0.22	0.154694394583004	1.44999860350423	0.147058908648083	0.304123489887988	Saci_0201
SACI_RS00975	942.267259137495	0.45	0.136984136354463	3.2751614017842	0.00105601621336735	0.00717892712185877	Saci_0202
SACI_RS00980	701.674825792438	-0.87	0.234349001252865	-3.73321004452538	0.000189054807547846	0.00181292292271047	Saci_0203
SACI_RS00985	987.625925066437	-0.45	0.165954101522009	-2.7403812485253	0.00613679537438333	0.0288509081237242	Saci_0204
SACI_RS00990	1023.1914474179	-0.39	0.171758843171345	-2.25031127664699	0.0244291926035414	0.0846255284448038	Saci_0205
SACI_RS00995	2455.88689648458	-0.31	0.166205817879559	-1.86056536661516	0.0628055794946542	0.168100700754638	Saci_0206
SACI_RS01000	354.3879535721	-0.01	0.186846455412238	-0.0301838576518074	0.975920422394107	0.989092198282919	Saci_0207
SACI_RS01005	6025.64978093448	0.32	0.140678861093089	2.25142643132559	0.024358541625069	0.0845831373455632	Saci_0208
SACI_RS01010	14793.5496896834	0.70	0.140301951347007	4.95812318106739	7.11774309101902e-07	1.63595111044374e-05	Saci_0209
SACI_RS01015	1181.27556325586	0.43	0.124063323194071	3.47981513565727	0.000501759875682316	0.00401573913675245	Saci_0210
SACI_RS01020	1095.01956863306	-0.18	0.12645664197762	-1.43188181761095	0.152177646661964	0.311342412278161	Saci_0211
SACI_RS01025	3760.70172096066	0.10	0.0873624838728772	1.08995609429164	0.275732485058719	0.472218377723271	Saci_0212
SACI_RS01030	722.609846202657	-0.45	0.146309893275711	-3.05715968733275	0.00223445204023783	0.0133147594825695	Saci_0213
purT	1330.23070764522	-0.34	0.260226893497705	-1.29805262692441	0.194269251463216	0.369091814074963	Saci_0214
SACI_RS01040	96.267144494739	0.03	0.211220768033995	0.154519632361665	0.877200032729002	0.931732221992721	Saci_0215
SACI_RS01045	191.595282512084	0.58	0.205935504982872	2.8385653819974	0.00453168343224368	0.0229436280066044	Saci_0216
SACI_RS01050	716.004536428289	-0.44	0.143759493156243	-3.09487196868729	0.00196897870584379	0.011954218725626	Saci_0217
SACI_RS01055	89.0807780752615	-0.12	0.248417468602779	-0.480062273050762	0.631183113503868	0.786534551078831	Saci_0218
SACI_RS01060	126.124909885023	0.33	0.248645709393247	1.34368922195067	0.179048904064074	0.351753757197289	Saci_0219
SACI_RS01065	161.752722232901	-0.22	0.184860219099406	-1.19268195406914	0.232993955737616	0.42014352167879	Saci_0220
SACI_RS01070	292.306895842923	-0.09	0.13846051391029	-0.671193474989117	0.502097284866742	0.688649546930555	Saci_0221
SACI_RS01075	175.559123435182	-0.75	0.177412186563931	-4.21088621266582	2.54370852598333e-05	0.000349127009063873	Saci_0222
SACI_RS01080	95.6481992476794	-0.94	0.233371362099538	-4.03595798724912	5.43799473760219e-05	0.000637588370854086	Saci_0223
SACI_RS01085	424.367916537641	-1.20	0.217392039819615	-5.50220190923083	3.7507704960488e-08	1.13148243297472e-06	Saci_0224
SACI_RS01090	1033.03530922975	-0.06	0.198158716175304	-0.284536143890879	0.775999539327208	0.877506702808119	Saci_0225
SACI_RS01095	743.660036142849	0.03	0.134357592016496	0.226737936109276	0.820627526495108	0.903733148677803	Saci_0226
SACI_RS01100	1406.61705056025	-0.48	0.219104736696321	-2.20662098913222	0.0273405493413861	0.0933705552979413	Saci_0227
SACI_RS01105	67.0256467407803	0.30	0.261910941451295	1.13411967559697	0.256744351396685	0.448992537225121	Saci_0228
SACI_RS01110	51.7525986796426	0.53	0.300467796251431	1.76731105668243	0.0771761491618416	0.192877720192604	Saci_0229
SACI_RS01115	27.5500184637405	-0.10	0.376379744934797	-0.268607074184543	0.788232067896357	0.884621574653746	SACI_RS01115
SACI_RS01120	316.882756120068	-0.42	0.139101370323424	-3.0103523467313	0.00260944786245524	0.0149052485397838	Saci_0230
SACI_RS01125	865.510124348122	0.11	0.102046031302652	1.0682179096089	0.285422227857847	0.483099223773422	Saci_0231
SACI_RS01130	81.9879229536025	0.71	0.271092376745643	2.60459115687979	0.00919839485344323	0.0399378583142003	Saci_0232
SACI_RS01135	409.958655924247	0.16	0.186238143243967	0.844993855954906	0.398114269461143	0.600801940781382	Saci_0233
SACI_RS01140	292.850737437066	-0.08	0.228637564778962	-0.342765909063518	0.731774574583166	0.84768766719714	Saci_0234
SACI_RS01145	1221.47929396703	0.50	0.153014001782018	3.27745327796527	0.00104748064506209	0.00715449044363165	Saci_0236
SACI_RS01150	1068.45471797582	0.07	0.131636871433105	0.554821244671203	0.579016934360605	0.748252138290189	Saci_0237
SACI_RS01155	959.619773514835	0.04	0.135407153925916	0.262490321106309	0.792943446469523	0.886969571639914	Saci_0238
SACI_RS01160	158.048629088211	-0.63	0.206333963810484	-3.03678560694318	0.00239115461293922	0.0139612575787742	Saci_0239
SACI_RS01165	3416.71443494612	0.66	0.19625397315373	3.35648526220474	0.000789399280245532	0.00578759573567357	Saci_0240
SACI_RS01170	302.454450892337	-0.24	0.165348594892029	-1.43434261719431	0.151474514262225	0.311047270012328	Saci_0241
SACI_RS01175	625.47632584668	0.13	0.133641872408187	0.988308473265095	0.32300159691045	0.526399901323953	Saci_0242
SACI_RS01180	4560.71477575317	0.23	0.131136784616128	1.7543592993405	0.0793689607438903	0.196960163079954	Saci_0243
prpB	1761.48006775228	0.25	0.117958699528588	2.1155882521517	0.0343798418659724	0.109894064066066	Saci_0244
SACI_RS01195	1334.7520769627	0.35	0.12293299020464	2.82277281224024	0.00476102961830032	0.023690621605838	Saci_0245
SACI_RS01200	7838.17901630305	0.31	0.150584077518503	2.07965271477353	0.0375573981253532	0.116327513337992	Saci_0246
SACI_RS01205	921.883561750289	-0.09	0.111241752960292	-0.825163830026446	0.409278585250418	0.610335109621633	Saci_0247
SACI_RS01210	161.437907174481	0.26	0.165108478415259	1.57750743742173	0.114678812137121	0.257234305423573	Saci_0248
SACI_RS01215	625.505436341812	0.20	0.1708692723585	1.1601841669056	0.245973831886603	0.43782434981168	Saci_0249
bluB	112.139806052195	0.50	0.218369724397953	2.28669301692611	0.0222137475820901	0.0791979696268329	Saci_0250
SACI_RS01225	32.4615914357664	1.08	0.323721337051615	3.34086568264077	0.000835176165131125	0.00606183001057578	Saci_0251
SACI_RS01230	1412.9091317509	0.87	0.436906752014241	1.98347484622194	0.0473144140380449	0.137201306490191	Saci_0252
SACI_RS01235	6722.38563841374	0.80	0.347664328795557	2.2871765453117	0.0221855204579742	0.0791979696268329	Saci_0253
tatC	1981.84134414315	-0.58	0.154294110562615	-3.77074884774477	0.000162758412529179	0.00161975382365808	Saci_0254
SACI_RS01245	2304.60339816948	0.00	0.0988315929321683	0.0276552460788195	0.977937118492773	0.989092198282919	Saci_0255
SACI_RS01250	3757.44267091775	0.09	0.113286682125081	0.803791571670983	0.421517358170935	0.621034864663718	Saci_0256
SACI_RS01255	944.02217422415	0.07	0.184643432836162	0.352425354892243	0.724519289744027	0.842992311409684	Saci_0257
SACI_RS01260	1101.03550925568	-0.20	0.15056717529654	-1.33009152968375	0.183488115988015	0.356035257744882	Saci_0258
SACI_RS01265	1229.35545176386	0.36	0.136733291526044	2.62560123805615	0.00864960827020317	0.0379871268076238	Saci_0260
SACI_RS01270	287.621643815647	0.12	0.243001182596406	0.499907635878009	0.617140115363242	0.773696006100411	Saci_0261
SACI_RS01275	1051.4019134341	0.18	0.168470203578892	1.06699216777149	0.285975372716645	0.483752733287035	Saci_0262
SACI_RS01280	3036.84666421283	-0.47	0.142470816028524	-3.32738487955581	0.000876652022681111	0.00622251043550122	Saci_0263
SACI_RS01285	72.916937148408	0.63	0.333539305307143	1.89263439775969	0.0584065060580247	0.159512479651801	Saci_0264
SACI_RS01290	631.215167674242	-0.43	0.176393414175677	-2.44003123086151	0.0146859922149494	0.0576861801335589	Saci_0265
SACI_RS01295	1242.57625505527	-0.02	0.100927931118957	-0.230867000658056	0.817418127889844	0.90232137475169	Saci_0266
SACI_RS01300	1632.77001468013	-0.53	0.0917432153193468	-5.78129306358976	7.41286254278435e-09	2.49623836324459e-07	Saci_0267
SACI_RS01305	247.2880436482	-0.50	0.150150767045607	-3.29992224299817	0.000967116202731717	0.00674883981472543	Saci_0268
SACI_RS01310	957.640607643675	-0.04	0.163735606113848	-0.238607197374273	0.811410183618888	0.898945635715493	Saci_0269
SACI_RS01315	790.416036405843	-0.67	0.107136932725751	-6.2348762919579	4.52135247633065e-10	1.98391466234145e-08	Saci_0270
SACI_RS01320	397.884574921473	-0.19	0.196478954657596	-0.957917546236386	0.338104337916843	0.544274687385868	Saci_0271
SACI_RS01325	650.590180071004	-0.26	0.187605085097503	-1.40003260043701	0.161503556328696	0.324576196480155	Saci_0272
thiD	1763.19322788232	0.03	0.116118050372004	0.237487826948798	0.812278361803333	0.899563340643386	Saci_0273
cas4	408.034924585804	-0.36	0.1647979313018	-2.19524833681299	0.028145788641852	0.095445203637943	Saci_0274
SACI_RS01340	925.309781706789	-0.26	0.143079813537048	-1.84535717327162	0.064985598691751	0.172342759900468	Saci_0275
SACI_RS01345	3910.00698129442	-0.71	0.232215587126063	-3.07748312509515	0.00208756657802535	0.0125427236721191	Saci_0276
SACI_RS01350	12179.1636012402	-0.83	0.23992881008259	-3.44537758740199	0.000570262193621036	0.00442755847915957	Saci_0277
SACI_RS01355	1249.97339008567	-1.05	0.267373913118936	-3.92119624218018	8.81104683769782e-05	0.00094857961494323	Saci_0278
SACI_RS01360	687.805293652945	0.15	0.10404879190239	1.406974709221	0.159434888316163	0.321982870685919	Saci_0279
queC	702.295992151718	0.69	0.127385137717801	5.39332056282082	6.9167394881218e-08	1.96136574031686e-06	Saci_0280
SACI_RS01370	796.421574721098	-0.02	0.137845077511424	-0.158190753027027	0.874306490025757	0.929853688988099	Saci_0281
SACI_RS01375	1025.38326997116	-0.04	0.119214785888771	-0.358681942024422	0.719833038877684	0.840764177708347	Saci_0282
SACI_RS01380	189.634244924644	-0.15	0.167934339474027	-0.876622445622807	0.380691743534092	0.583633292363542	Saci_0283
SACI_RS01385	92.9644353727358	-0.07	0.270538689519414	-0.257351521422264	0.796907423042178	0.88968538825372	Saci_0284
SACI_RS01390	208.665696626895	0.37	0.221545820382111	1.67828346868375	0.0932917737055539	0.221453259550233	Saci_0285
SACI_RS01395	152.233377042261	0.08	0.24163728541427	0.314645730851769	0.753030653185801	0.863673968960823	Saci_0286
SACI_RS01400	87.6874109539058	0.12	0.23808195153161	0.491681132109154	0.622944778560663	0.777606930479172	Saci_0287
SACI_RS01405	185.128572682998	-0.40	0.192326739028263	-2.07119432846722	0.0383406394080137	0.117534927214077	Saci_0288
SACI_RS01410	79.1325561897862	0.59	0.229987930046161	2.58419034743128	0.00976079083463199	0.0417536931419413	Saci_0289
SACI_RS01415	2614.04942114018	0.17	0.182559403800792	0.939105217840011	0.347676725567224	0.554444822270199	Saci_0290
SACI_RS01420	2813.53567922892	0.03	0.179459860387684	0.19468915567256	0.845636301985697	0.917822528806762	Saci_0291
SACI_RS01425	2691.44102742182	-0.10	0.156563979511485	-0.624774565378812	0.532119026207275	0.713103516842327	Saci_0292
SACI_RS01430	320.024700382259	0.13	0.200174896288791	0.658904199224574	0.509957289162308	0.695308996899268	Saci_0293
SACI_RS01435	346.999440140676	-0.12	0.229718495297961	-0.513700383115582	0.607461484068097	0.7688839635306	Saci_0294
SACI_RS01440	525.104598915002	0.54	0.160350544591343	3.33769081967732	0.000844776932605458	0.00609638445694189	Saci_0295
SACI_RS01445	226.69960377593	-1.11	0.272013391578742	-4.07371205627843	4.62696826405703e-05	0.000567783902233439	Saci_0296
SACI_RS01450	630.258930409652	0.08	0.158069879896507	0.509866847987355	0.610144749099477	0.770597118792886	Saci_0297
SACI_RS01455	2615.97349980805	-0.03	0.154480605772925	-0.219312599706073	0.826406547660165	0.906295722919652	Saci_0298
SACI_RS01460	2273.70065909938	0.02	0.0964956689645129	0.160601554850877	0.872407230202515	0.928857109803854	Saci_0299
SACI_RS01465	467.227180425753	-0.12	0.12787868881609	-0.97528202718205	0.329420383150779	0.535091552195829	Saci_0300
SACI_RS01470	17880.7409329407	7.00	0.423432339092178	16.5417413359891	1.8363636972397e-61	1.06362185344124e-58	Saci_0301
SACI_RS01475	372.298487733945	0.06	0.123867494974668	0.50773800606318	0.611637091082755	0.772145168167244	Saci_0302
SACI_RS01480	181.151502362656	-0.27	0.195262215729957	-1.35747463066401	0.174630449027401	0.344972565063678	Saci_0303
SACI_RS01485	34.6407552983581	-0.95	0.398439982831665	-2.38571597054094	0.0170459103445829	0.0646138172223978	Saci_0304
SACI_RS01490	1436.5591882221	-0.22	0.203124083868794	-1.09026257701302	0.27559749503922	0.472218377723271	Saci_0305
acs	17284.1353274201	0.20	0.158697425758181	1.27893770325853	0.200918994260439	0.378569555873931	Saci_0306
SACI_RS01500	88.5902208493341	0.13	0.261388043789646	0.512820709936718	0.60807674156857	0.768939137649648	Saci_0307
SACI_RS01505	431.420179425748	-0.09	0.162100255619298	-0.570891756653097	0.568073019140314	0.741479004304311	Saci_0308
lipA	1547.90609184609	-0.27	0.0981967480295408	-2.78106472949354	0.00541809329041009	0.0262827440017213	Saci_0309
SACI_RS01515	1018.95304961301	-0.23	0.102909511300138	-2.18836291894484	0.0286431770908474	0.0964542335524351	Saci_0310
SACI_RS01520	78.8143799795387	-0.11	0.326258693562018	-0.324628407426746	0.745462324667976	0.856730694025382	Saci_0311
SACI_RS01525	598.936325589263	-0.42	0.149048965385571	-2.83556646857008	0.00457444950380713	0.0229993155608081	Saci_0312
SACI_RS01530	156.706539250524	-0.18	0.167638113283755	-1.0745370498044	0.282582048525916	0.480027075538742	Saci_0313
SACI_RS01535	1306.0018928619	0.14	0.168508565987367	0.854789438792279	0.39266772597796	0.596311344746812	Saci_0314
SACI_RS01540	14380.4455031392	0.67	0.0779781199975903	8.59546898906317	8.29254169976268e-18	9.2366156778895e-16	Saci_0315
SACI_RS01545	6263.47576047368	0.49	0.0814372875296542	6.03854032028882	1.55514571141405e-09	6.16945476747274e-08	Saci_0316
SACI_RS01550	923.036501461546	0.20	0.13289980299617	1.4990524018741	0.133860038294446	0.287916468161381	Saci_0317
fdhD	377.376313415669	-0.45	0.191566305320062	-2.36950445460647	0.0178119405232551	0.0668328291923943	Saci_0318
SACI_RS01560	173.662608573824	-0.12	0.178613663558907	-0.652623786199365	0.513998847117898	0.697862475974417	Saci_0319
fdhF	4360.56976072269	-0.09	0.145557047529101	-0.642565430020419	0.520506120682275	0.703399778579501	Saci_0320
SACI_RS01570	545.625882690807	-0.11	0.162657121380612	-0.655158974492486	0.512365405130611	0.696624513266783	Saci_0321
SACI_RS01575	404.418196991837	0.44	0.175444238034913	2.51923181885445	0.0117611195478637	0.0481076302409793	Saci_0322
SACI_RS01580	218.237979655902	-0.33	0.188666006626479	-1.76682434442502	0.0772576503533909	0.192877720192604	Saci_0323
SACI_RS01585	249.517928080196	2.11	0.256187261021069	8.24111254410135	1.7061664374472e-16	1.64701933428237e-14	Saci_0324
SACI_RS01590	2837.37405430272	-0.25	0.157770454524521	-1.60994310041577	0.107410278586809	0.246460706093509	Saci_0325
SACI_RS01595	2472.35408427135	-0.18	0.16304329047894	-1.09277762385241	0.274491448412298	0.471207607944288	Saci_0326
SACI_RS01600	2679.01437414412	-0.20	0.164651467687194	-1.24003877845477	0.214961051330049	0.397082770746348	Saci_0327
SACI_RS01605	8200.79855037175	0.01	0.143161690532072	0.0444316100244483	0.964560365365272	0.983926318456438	Saci_0328
SACI_RS01610	28191.0619318392	0.02	0.13965872095915	0.14052167581868	0.8882478275775	0.940192144979693	Saci_0329
SACI_RS01615	6371.88246569029	-0.39	0.276342851152854	-1.41373754633878	0.157438976847246	0.31949401977075	Saci_0330
SACI_RS01620	31938.2297492835	-0.04	0.166845237821634	-0.26322591556335	0.792376457194303	0.886969571639914	Saci_0331
SACI_RS01625	7704.50280129421	0.04	0.170238986769765	0.221807491358977	0.824463747456449	0.905764000770384	Saci_0332
SACI_RS01630	19664.1181630548	0.09	0.156436426782764	0.569771052482094	0.568832991563516	0.741479004304311	Saci_0333
SACI_RS01635	4554.17013861288	0.18	0.118960376067096	1.53509382643986	0.124760782531253	0.274592605403354	Saci_0334
SACI_RS01640	2951.8132846464	0.30	0.136887764786656	2.18331355515348	0.0290127269964854	0.0972463627104417	Saci_0335
SACI_RS01645	6148.87372026712	0.34	0.148754790703116	2.30276169457356	0.0212922548509387	0.0767900000601724	Saci_0336
SACI_RS01650	2101.92950028447	0.17	0.162958275702178	1.03359365289275	0.301326167864675	0.499506904345698	Saci_0337
SACI_RS01655	875.197951279038	-0.03	0.123466879742464	-0.208125551265434	0.835130936941984	0.911631970601946	Saci_0338
SACI_RS01660	242.255390408808	0.19	0.154602488535836	1.23478488035688	0.216910575907562	0.399474358990341	Saci_0339
SACI_RS01665	654.731048740452	-0.06	0.138331082282954	-0.398173129154336	0.690502571749871	0.821673572999445	Saci_0340
SACI_RS01670	137.616217017449	0.10	0.181531865854964	0.562843625505918	0.573541370832294	0.744832201762477	Saci_0341
SACI_RS01675	123.778325663747	-0.70	0.211323915455288	-3.33269607248365	0.000860088423525522	0.00611994121506121	Saci_0342
SACI_RS01680	733.587230869586	-0.19	0.159857240804604	-1.17952165014972	0.238190520894239	0.426856280018389	Saci_0343
SACI_RS01685	853.440742568269	-0.08	0.164941009320292	-0.467114695191436	0.640417820961946	0.789548748193187	Saci_0344
SACI_RS01690	1062.6493426848	-0.05	0.163399759537285	-0.313150730055676	0.754166148837578	0.864291716277652	Saci_0345
SACI_RS01695	198.053455525503	-0.02	0.171482641434544	-0.131886169649112	0.895074328087123	0.943280660167506	Saci_0347
SACI_RS01700	105.202148361136	-0.23	0.22269105420124	-1.03442833308001	0.300935964549296	0.499506904345698	Saci_0348
SACI_RS01705	496.585840926652	0.01	0.138659281496001	0.0362235365588632	0.971104118842562	0.988164978274089	Saci_0349
SACI_RS01710	1242.15239193475	0.14	0.169782532219676	0.808874189890491	0.418587516337366	0.61943252289883	Saci_0350
SACI_RS01715	2096.74786731047	-0.04	0.133687149790185	-0.276014056990502	0.782537269554815	0.882470003684316	Saci_0351
SACI_RS01720	486.081992149026	-0.23	0.145259919366261	-1.58674719946132	0.112569911681845	0.254093892619349	Saci_0352
SACI_RS01725	394.527660368713	-1.01	0.2209190488232	-4.58175353680768	4.61093134150847e-06	7.94836736012412e-05	Saci_0353
SACI_RS01730	397.302616996233	-0.34	0.155638079777655	-2.1921053978624	0.0283718970869938	0.0959871658457174	Saci_0354
SACI_RS01735	1526.29457237218	-0.06	0.156150183395512	-0.358772704929759	0.719765133402225	0.840764177708347	Saci_0355
SACI_RS01740	907.021517383052	0.90	0.154998517907964	5.83527810635367	5.37009197099238e-09	1.87370919855348e-07	Saci_0356
SACI_RS01745	2770.24049385045	0.62	0.131410015564814	4.70863482858796	2.49381384222137e-06	4.70281548296925e-05	Saci_0357
SACI_RS01750	15.2606181518977	0.78	0.490281398162247	1.59714678615425	0.110232991241118	0.250576721063013	Saci_0358
SACI_RS01755	630.739398653695	0.09	0.143808347437036	0.6571726478337	0.511069910790168	0.695516194383612	Saci_0359
SACI_RS01760	8244.73063516087	0.19	0.178122158919526	1.06178429670162	0.288333620294696	0.486604990893613	Saci_0360
SACI_RS01765	956.269937384102	0.52	0.168817360611212	3.1014661839799	0.00192564865164552	0.0117157111242971	Saci_0361
SACI_RS01770	7846.81589975445	-0.66	0.241786820701199	-2.74112934142365	0.00612283997938617	0.0288321050086217	Saci_0362
SACI_RS01775	945.468983300399	-0.38	0.110219856927242	-3.46789275113714	0.000524556593037672	0.00417339531164038	Saci_0363
SACI_RS01780	393.692478834425	-0.23	0.178365983039296	-1.26873436675254	0.204535820824169	0.382893172014734	Saci_0364
SACI_RS01785	876.261437340893	-0.05	0.100020747910748	-0.532388940287593	0.594456643525379	0.759136812614216	Saci_0365
SACI_RS01790	472.407589855459	-0.11	0.107635660882196	-1.03248939046149	0.301842915264148	0.499506904345698	Saci_0366
SACI_RS01795	1398.06909483918	-0.44	0.11230165803271	-3.87692862314631	0.000105783374477823	0.00112215623621896	Saci_0367
SACI_RS01800	1661.08723169078	0.12	0.112955509449018	1.03388677338023	0.301189099066253	0.499506904345698	Saci_0368
SACI_RS01805	2687.83851556922	0.09	0.121232707605847	0.759428046668489	0.447596541309119	0.644907695891272	Saci_0369
SACI_RS01810	173.724857174669	-0.02	0.177931345901516	-0.138617453517424	0.889752450552605	0.940753229938059	Saci_0370
SACI_RS01815	681.419800207488	-0.18	0.121204799910648	-1.45746000782285	0.144989443014731	0.301176630124172	Saci_0371
SACI_RS01820	5701.13973219552	0.59	0.214351255047598	2.74289044266182	0.00609010006484944	0.0287246413482149	Saci_0372
leuS	10288.3055616085	-0.12	0.0901498978247944	-1.28732877352545	0.197979718629341	0.37453498881857	Saci_0373
SACI_RS01830	662.279517471291	-0.52	0.181045028142651	-2.85487855181153	0.00430532890819724	0.0219898280743196	Saci_0374
SACI_RS01835	1089.38110581917	-0.19	0.186382939405791	-1.00850080068458	0.313214103530017	0.514692093533807	Saci_0375
SACI_RS01840	124.582829906821	-0.42	0.202863600424409	-2.08371869617859	0.0371857625729338	0.115547176406884	Saci_0376
priX	245.71690837212	-0.69	0.160155506856298	-4.33814201793039	1.43692296962776e-05	0.000209112006032261	Saci_0377
SACI_RS01850	1059.089995709	-0.38	0.106081708647112	-3.61604930254507	0.000299133427135028	0.00269034287261814	Saci_0378
SACI_RS01855	736.383262105405	-0.29	0.125028292604721	-2.29858058488353	0.0215287670750639	0.0774500738501677	Saci_0379
sfsA	288.698067092584	-0.52	0.15666746584114	-3.33855102106043	0.000842165628251907	0.00609638445694189	Saci_0380
SACI_RS01865	788.670050298663	-0.26	0.127584845797867	-2.05559194008335	0.0398218653432911	0.12088482393519	Saci_0381
SACI_RS01870	31.6258072485245	0.19	0.324762363862784	0.569656010132957	0.568911031617465	0.741479004304311	Saci_0382
SACI_RS01875	1615.07604309709	0.00	0.171467666183687	0.0283226093478693	0.97740484817964	0.989092198282919	Saci_0383
SACI_RS01880	10811.1377758276	3.79	0.15761606929142	24.0491576194846	8.51890547570933e-128	6.16768756441356e-125	Saci_0384
SACI_RS01885	1715.74658463454	-0.14	0.222101373334473	-0.615755387519316	0.538055975563017	0.717407967417356	Saci_0385
SACI_RS01890	4305.55044588086	0.49	0.165854331488821	2.95555766582828	0.00312104346561608	0.0169897403692184	Saci_0386
SACI_RS01895	1835.43187432175	0.07	0.23752075195562	0.30701864446879	0.758829180896287	0.867161426963456	Saci_0387
SACI_RS01900	352.531556312236	-0.03	0.157300344945994	-0.164977825872492	0.86896143527612	0.928857109803854	Saci_0388
SACI_RS01905	325.901758289687	-0.08	0.126564076952601	-0.595697754219195	0.551377158764178	0.727466173932146	Saci_0389
SACI_RS01910	291.274623016193	0.08	0.181739034266717	0.439059026121577	0.660618767253821	0.802833382277409	Saci_0390
SACI_RS01915	74.7268165539336	-0.27	0.237377759274973	-1.12729242594232	0.259618863647864	0.451023532767974	Saci_0391
SACI_RS01920	311.563651508197	-0.06	0.144928919519719	-0.419188968478385	0.675078033634355	0.812225170504816	Saci_0392
SACI_RS01925	736.316543243327	-0.05	0.106137017334607	-0.47491104493132	0.634850378659539	0.788390521697267	Saci_0393
cobM	535.229975982425	0.27	0.116451965057936	2.32861547986438	0.0198794452548856	0.0724161930291179	Saci_0394
SACI_RS01935	362.268706057491	0.09	0.142365103040488	0.650371424440467	0.51545233092037	0.699040583924835	Saci_0395
cbiT	390.243411275057	0.14	0.136608585046174	1.05542132757115	0.291232672931814	0.489613502256566	Saci_0396
cbiD	420.124892164806	-0.14	0.15441086861389	-0.927433584188507	0.353701460304598	0.559431692540752	Saci_0397
SACI_RS01950	341.304894978475	-0.08	0.174630214903813	-0.430197456640215	0.667052011958392	0.807534497291238	Saci_0398
SACI_RS01955	193.004646854829	0.17	0.157353624548563	1.05527461821277	0.291299745990353	0.489613502256566	Saci_0399
SACI_RS01960	92.5234743628031	-0.25	0.238039249431957	-1.04091447017645	0.297915245321353	0.49755625746865	Saci_0400
cbiG	240.902392997937	-0.14	0.155755569327795	-0.926068182242162	0.354410547971167	0.5595712780415	Saci_0401
SACI_RS01970	193.107873791626	0.08	0.180631418173161	0.443555081713873	0.657364287319319	0.80055802189939	Saci_0402
SACI_RS01975	297.571503249185	-0.43	0.169157435083947	-2.55158215249585	0.010723503965635	0.0446838381071639	Saci_0404
SACI_RS01980	229.498232877947	-0.54	0.177615850934197	-3.02879121245192	0.00245534308263756	0.0142213471346368	Saci_0405
SACI_RS01985	5576.55190309461	-0.16	0.174859540018513	-0.925213592367448	0.354854814553106	0.5595712780415	Saci_0406
SACI_RS01990	78.8836147955756	-0.27	0.248146942720003	-1.07065003809587	0.284326815401205	0.481808342540603	Saci_0407
SACI_RS01995	199.431479927049	-0.37	0.193932105485937	-1.89196793460253	0.0584952532424769	0.159512479651801	Saci_0408
SACI_RS02000	917.682370906266	-0.59	0.108612541239938	-5.45871132638438	4.79602789912633e-08	1.41727518325203e-06	SACI_RS02000
SACI_RS02005	1292.1750485356	-0.38	0.15480737939674	-2.42921042697048	0.0151317471119238	0.0587053836925402	Saci_0410
SACI_RS11520	78.5496576668283	-0.35	0.237627995383745	-1.4870449868656	0.137002929699979	0.292596227441843	Saci_0411
cobS	37.185842312638	-0.29	0.356083367742475	-0.818758310958425	0.412924320520184	0.613294439624339	Saci_0412
SACI_RS02015	466.566135672951	-0.06	0.128191065648904	-0.484198905569188	0.628244713540587	0.783884829992908	Saci_0413
SACI_RS02020	354.404747225233	-0.12	0.240525406219305	-0.513370666690825	0.607692060463851	0.7688839635306	Saci_0414
htpX	12020.1154835448	-0.23	0.124293609854105	-1.87656708379878	0.0605774523204963	0.163344787635156	Saci_0415
SACI_RS02030	388.842926544245	0.06	0.142081092557161	0.447424069979193	0.654568899898656	0.797969949908546	Saci_0416
SACI_RS02035	87.8164248299146	-0.12	0.213904779897067	-0.540172097246338	0.589078353489562	0.75552299012656	Saci_0417
SACI_RS02040	696.031845204968	-0.07	0.132926777949894	-0.56020571839348	0.575339126997776	0.746163059465097	Saci_0418
SACI_RS02050	968.834528856368	-0.24	0.111589341809871	-2.15062501890645	0.0315058089408988	0.102633096392399	Saci_0421
SACI_RS02055	623.279302300755	-0.12	0.122717187709817	-0.94426158977167	0.345035988887499	0.551752746448479	Saci_0422
SACI_RS02060	3342.17872217672	0.10	0.0939701761527338	1.11106849096052	0.266538869309527	0.460833770459934	Saci_0423
SACI_RS02065	642.151609694183	-0.40	0.137671961345155	-2.89166002773401	0.00383212376269919	0.0200321848678283	Saci_0424
SACI_RS02070	1491.40226442025	0.07	0.108700527749535	0.677967776981953	0.497792124323542	0.685825876327773	Saci_0425
SACI_RS02075	120.566659706989	-0.44	0.195523356342673	-2.23420868699834	0.0254693451225094	0.0878085993747467	Saci_0426
SACI_RS02080	46.606376972164	-0.58	0.281920545089884	-2.0486089042688	0.0405003732496596	0.122176125969806	Saci_0427
SACI_RS02085	1235.55302452283	-0.00	0.105919386437364	-0.0292411022358003	0.976672300393282	0.989092198282919	Saci_0428
SACI_RS02090	792.976306645739	0.06	0.141949284258017	0.429890123205251	0.667275570448181	0.807534497291238	Saci_0430
SACI_RS02095	432.428783059582	-0.00	0.119320436106438	-0.00711071571077056	0.994326517528858	0.996735754504525	Saci_0431
SACI_RS02100	14771.762883159	0.14	0.140931803591999	0.964584106893029	0.334753162972188	0.540683301710796	Saci_0432
SACI_RS02105	130.830562905134	-0.03	0.282863633129739	-0.114864386628534	0.908552613560253	0.950223318479773	Saci_0433
SACI_RS02110	153.671985891144	-0.05	0.186474131294583	-0.272286094311012	0.785402047570485	0.883310419325874	Saci_0434
SACI_RS02115	777.02364645333	-0.44	0.129170441272658	-3.37388235579656	0.000741160356410965	0.0054755112045055	Saci_0435
SACI_RS02120	280.599114293822	-0.30	0.17077472815374	-1.7471116034215	0.080617981027524	0.199376321994628	Saci_0436
SACI_RS02125	167.089689247929	-0.15	0.173591966463627	-0.843278759749141	0.399072559046724	0.60099538793516	Saci_0437
SACI_RS12010	69.5711814205516	0.03	0.264551374208503	0.119413652777146	0.904947645337856	0.948851694749613	Saci_0438
SACI_RS02130	414.685245396667	0.77	0.165091621065383	4.63789804933825	3.5197031431165e-06	6.33109335556856e-05	Saci_0439
SACI_RS02135	525.966118764956	0.01	0.170853741645651	0.0553724921009856	0.955841710328467	0.97917141602803	Saci_0440
SACI_RS02140	56.8169752302581	-0.47	0.350900623309921	-1.3414577537442	0.179771877200008	0.351954074835738	Saci_0441
SACI_RS12015	2.65859703234131	-0.12	1.14934093542143	-0.108688103136511	0.91344987827216		Saci_0442
SACI_RS02145	176.266409547076	-0.17	0.180529698475031	-0.924780211449802	0.355080245991623	0.5595712780415	Saci_0443
SACI_RS02150	2488.99487611564	-0.09	0.112353738788593	-0.823000634661289	0.410507632513322	0.611402243808319	Saci_0444
SACI_RS02155	116.181280392826	0.33	0.223548853556319	1.47979958073627	0.138926740610361	0.295404587511077	Saci_0445
abfR1	1782.80108662219	0.72	0.15704606305041	4.56279013447355	5.04782660877535e-06	8.4991313133799e-05	Saci_0446
SACI_RS02165	223.904093825221	-0.46	0.156077642565908	-2.94876919057517	0.00319042152330556	0.0173288977849127	Saci_0447
SACI_RS02170	150.495631994726	-0.13	0.172947065592905	-0.728851071030176	0.466092767411257	0.66102088855191	Saci_0448
cbp1	1674.10167206049	0.14	0.115253527714387	1.22052409883857	0.222266259710833	0.406109203862822	Saci_0449
SACI_RS02180	1366.27829984953	0.01	0.170728864411228	0.085960093830869	0.931498140269142	0.964123879277854	Saci_0450
SACI_RS02185	19146.9538661406	-0.59	0.189652564703202	-3.12309214952913	0.00178961706962051	0.0111217404154957	Saci_0451
SACI_RS02190	713.432859133091	-0.49	0.134223612085527	-3.66615116938076	0.000246228404599775	0.00227820274671229	SACI_RS02190
SACI_RS02195	424.676549262008	0.56	0.19719556835744	2.82012026913725	0.00480056533633164	0.0238055431746857	Saci_0453
SACI_RS02200	127.594416641381	-0.26	0.202089495869432	-1.31100022792444	0.189857686606164	0.363883428465553	Saci_0454
SACI_RS02205	106.247423580375	0.21	0.244792126246375	0.839765106972527	0.401040101126497	0.602392185094573	Saci_0455
SACI_RS02210	4823.5933958197	0.82	0.140677760868401	5.83673556195201	5.32334816753231e-09	1.87370919855348e-07	Saci_0456
SACI_RS02215	6.76294058900528	0.24	0.696459471883451	0.34793354679359	0.727890090742537	0.84506183570033	Saci_0457
coaBC	1131.73242856353	0.28	0.0933755105654255	2.94829549837719	0.00319531471586443	0.0173288977849127	Saci_0458
SACI_RS02230	62.3336394396226	-0.47	0.263264731834231	-1.77393399775948	0.0760740683661809	0.191630873237232	Saci_0460
SACI_RS02235	142.82264716019	-0.11	0.172125170755108	-0.64056576035344	0.521804851304856	0.704497365677791	Saci_0461
SACI_RS02240	226.594027333821	0.12	0.169206188973854	0.681036222014709	0.495848571050489	0.683813698609704	Saci_0462
SACI_RS02245	277.900325675642	0.15	0.164556309484619	0.927808430766635	0.353506950008665	0.559429577718631	Saci_0463
SACI_RS02250	335.840738200565	-0.36	0.192834117005943	-1.89214180877123	0.0584720891185095	0.159512479651801	Saci_0464
SACI_RS02255	157.00639547824	-0.35	0.236758300239442	-1.4984704181762	0.134011072784203	0.287916468161381	Saci_0465
SACI_RS02260	80.6620696340867	-0.48	0.340592863773032	-1.40796807787303	0.159140522675071	0.321612668295188	Saci_0467
SACI_RS02265	83.0593258425111	-0.13	0.453345345308483	-0.292266375668674	0.770082965312661	0.873887252172988	Saci_0468
SACI_RS02270	58.5438087987796	1.99	0.43189316209237	4.60734906083314	4.07835047730542e-06	7.2017701111442e-05	Saci_0470
SACI_RS02275	4152.4227789348	-0.04	0.11370305683766	-0.320284589904788	0.748752603856704	0.859788874214518	Saci_0472
SACI_RS02280	1650.55889305637	-0.33	0.12101826740807	-2.7619006103181	0.00574659689275129	0.0274683423863222	Saci_0473
SACI_RS02285	615.319151204429	-0.63	0.195584661405929	-3.23413082684497	0.00122013550036977	0.00799437196622368	Saci_0474
SACI_RS02290	43.7907621097464	-0.53	0.359561914171394	-1.46456368585645	0.143039995693552	0.299309123936797	Saci_0475
SACI_RS02295	4.15633189272119	2.42	1.40901757558765	1.71650190211383	0.0860702201283692		SACI_RS02295
SACI_RS02300	1.40398314229715	1.30	2.4219679146667	0.538091307648289	0.590514013181515		Saci_0476
SACI_RS02305	3.02120445016954	-1.58	1.30835955461217	-1.20855100087634	0.226835390793648		Saci_0477
SACI_RS02310	3.38501348047416	4.71	1.65947257259838	2.83985212719285	0.00451344507051588		Saci_0478
SACI_RS02315	220.359473500309	0.19	0.192914688416502	0.989331024842866	0.32250120944572	0.526182655469854	Saci_0479
SACI_RS02320	3.56472197672608	0.36	0.991103676108535	0.359822984040966	0.718979514070111		Saci_0480
SACI_RS02325	13.4782097786193	0.39	0.597581894162998	0.657758835912999	0.510693109212062	0.695330157159441	Saci_0481
SACI_RS02330	32.0172151227503	0.24	0.349964651736396	0.675183735516168	0.499559038694335	0.687605977214256	Saci_0482
SACI_RS02335	44.4718590981812	-0.19	0.33372032905176	-0.558542474018271	0.576474009378483	0.746631811788947	Saci_0483
SACI_RS02340	349.586553070953	0.20	0.164872074020077	1.18759547569012	0.234992821171478	0.422905078700968	Saci_0484
SACI_RS11795	22.8312782899084	-0.63	0.443796100624478	-1.41296122000749	0.15766712686718	0.319526941502696	Saci_0485
SACI_RS02345	3.791448189822	0.76	1.14485827317887	0.663314013144644	0.507129463611651		Saci_0486
SACI_RS02350	94.8186164332661	0.63	0.291374273787864	2.14661893039547	0.0318236315777263	0.103435731817166	Saci_0487
SACI_RS02355	240.894383993539	-0.12	0.169874366326971	-0.729385618254701	0.465765812609373	0.660880839449654	Saci_0488
SACI_RS02360	35.5991703589536	-0.21	0.340993446916261	-0.611385071075843	0.540944683602986	0.718703557740224	Saci_0489
SACI_RS02370	281.184758390955	-0.59	0.15329830107616	-3.84270109629724	0.000121687635061578	0.00125859782549403	Saci_0491
SACI_RS02375	212.271539886298	-0.51	0.166512666638861	-3.04175610097749	0.00235202388722421	0.0137883829502051	Saci_0492
SACI_RS02380	304.730302864353	-0.41	0.138529188130065	-2.99541874180974	0.00274068313213001	0.0153818185090087	Saci_0493
SACI_RS02385	1620.81286216959	-0.29	0.114800096888696	-2.51984730609615	0.0117405752557697	0.0481076302409793	Saci_0494
SACI_RS02390	706.177524940574	-0.76	0.124990670735216	-6.10208189948002	1.04695701175678e-09	4.33141072292518e-08	Saci_0495
SACI_RS02395	170.920593341789	-0.14	0.182442483985941	-0.774898404746981	0.438399694862939	0.638118451544844	Saci_0496
SACI_RS02400	597.496812460496	-0.84	0.121995744332988	-6.84582894807943	7.60342871813996e-12	4.49378154443537e-10	Saci_0497
SACI_RS02405	1017.14483416574	-0.65	0.112494072713587	-5.79669256326456	6.76355151772856e-09	2.30438178768729e-07	Saci_0498
SACI_RS12020	47.1615837214802	0.33	0.289238933470928	1.15549853807039	0.247886330936522	0.440531393845961	Saci_0499
SACI_RS02410	327.751337298108	-0.60	0.142775372887569	-4.20014647823133	2.66742355897914e-05	0.00036438012390583	Saci_0500
SACI_RS02415	484.312366961489	0.03	0.161834665666848	0.16381520956659	0.86987661792863	0.928857109803854	Saci_0501
SACI_RS12025	48.0913420696206	0.03	0.323834014188017	0.0906067388051159	0.927805077168783	0.963055019168744	Saci_0502
SACI_RS02420	30.1227327622336	0.05	0.381586615828564	0.13093892755955	0.89582362002709	0.943726883811733	Saci_0503
SACI_RS02425	21.9490359577851	-0.05	0.442838659438662	-0.11223612242045	0.910636188552144	0.951371717910177	Saci_0504
SACI_RS02435	8.00898224206602	0.64	0.651732820198068	0.98895205325648	0.322686600868253	0.526182655469854	Saci_0505
SACI_RS02440	34.0586770210787	-0.67	0.379318244250887	-1.77322698337676	0.0761911025220596	0.191630873237232	Saci_0506
SACI_RS11495	9.88342754274891	-0.24	0.716033763479116	-0.340302483020576	0.733628747448431	0.848106707265668	Saci_0507
SACI_RS12030	160.604947807021	-0.09	0.217905626537563	-0.403516664708675	0.686568177795739	0.819242456900066	Saci_0509
SACI_RS02455	1733.81735939797	-0.25	0.0979709993406834	-2.5722341847019	0.0101044516511231	0.0426566938508054	Saci_0510
SACI_RS12035	167.981611824192	-0.43	0.207916549349002	-2.0738597932012	0.0380923340876201	0.117534927214077	Saci_0511
SACI_RS02465	600.861992844766	-0.17	0.154139634530281	-1.08619721182756	0.277391750584959	0.474218718827651	Saci_0512
SACI_RS02470	49.7985030150455	0.01	0.307452010437397	0.0482112177856555	0.961547910084697	0.98258389118041	Saci_0513
SACI_RS12165	4.53076081038935	-0.17	0.855648395102881	-0.193748825239375	0.846372559132488		SACI_RS12165
SACI_RS02475	36.8036457724793	0.19	0.377630020342652	0.512500236909832	0.608300954542591	0.768939137649648	Saci_0514
SACI_RS11530	3.68286626879214	1.12	1.07971332715719	1.03599000647007	0.300206804792367		Saci_0516
SACI_RS02480	28.2934066106322	0.08	0.359634941604385	0.222099107507476	0.824236732616865	0.905764000770384	Saci_0517
SACI_RS11535	7.76906813030227	0.28	0.729638457789657	0.385048868174253	0.700201209956324	0.830037946800456	SACI_RS11535
SACI_RS02495	248.801378342784	-0.19	0.160459454936495	-1.18029354566811	0.237883484315559	0.426570012741708	Saci_0520
SACI_RS02500	19.0148679884679	0.80	0.500530684575817	1.60523513007742	0.108442069061393	0.247673693031442	Saci_0521
SACI_RS02505	1.9495325379447	4.78	1.8057784621699	2.64917156701265	0.00806893575500981		Saci_0522
SACI_RS02510	40.6344602303254	-0.66	0.272199531989918	-2.43134210217567	0.0150430034823702	0.0585465693988073	Saci_0523
SACI_RS02515	100.148400525809	-0.22	0.246740900078766	-0.893028897858268	0.37184169746656	0.574124863657678	Saci_0524
SACI_RS02520	275.757036456512	0.06	0.177554813485419	0.341090958427727	0.733035107663221	0.848106707265668	Saci_0525
SACI_RS02525	595.00035424591	0.24	0.151035992383933	1.55712853910153	0.119439970446875	0.265462896710783	Saci_0526
SACI_RS02530	238.587951449816	0.52	0.243011935370282	2.13294933101332	0.0329288829446948	0.105957827786485	Saci_0527
SACI_RS02535	59.2822106826627	-0.05	0.263286758838237	-0.200273488840437	0.841266695348177	0.915217261355493	Saci_0529
SACI_RS02540	171.084210212659	-0.30	0.159884446752181	-1.8885653592094	0.0589500923664974	0.160023869589247	Saci_0530
SACI_RS02545	90.5755159829325	-0.37	0.234096698360879	-1.57535011977188	0.115175651116549	0.257964954086254	Saci_0531
SACI_RS02550	9.53525738699004	0.15	0.686270056210731	0.215293436352695	0.829538546679969	0.908601978511797	Saci_0532
SACI_RS02555	10.0855554055241	0.02	0.642715862910474	0.0300243394693117	0.976047641829155	0.989092198282919	Saci_0533
SACI_RS02560	95.2543461042091	0.26	0.262794744611149	1.00826038533512	0.31332947544893	0.514692093533807	Saci_0535
SACI_RS02565	56.0416506209777	0.89	0.35302306605793	2.52834851628248	0.0114600528792205	0.047357046380721	Saci_0537
SACI_RS02570	1996.84759726669	0.31	0.190179638612734	1.61157522555593	0.107054405384055	0.246055204755732	Saci_0538
SACI_RS02575	1477.97602904744	0.09	0.108963570239892	0.818812807381743	0.41289322266587	0.613294439624339	Saci_0539
SACI_RS02580	24.8155038631137	0.73	0.410332269763017	1.77639662940306	0.075667566273666	0.191630873237232	Saci_0540
SACI_RS02585	1221.47882786345	0.04	0.103475365335294	0.363762452376296	0.716035403158866	0.838850537034011	Saci_0542
SACI_RS02590	1365.30269364353	0.26	0.140913931465184	1.85816887701255	0.0631450362184775	0.168541958422775	Saci_0543
SACI_RS02595	88.9269912647094	-0.33	0.230055444884233	-1.42912952161647	0.152967009820255	0.312406530634315	Saci_0544
SACI_RS02600	328.233696679299	-0.21	0.173292648393844	-1.22752316196165	0.219626021773291	0.402555037376867	Saci_0545
SACI_RS02605	588.628375673143	-0.42	0.123017222339086	-3.45448583967808	0.000551343168370706	0.00431808996675303	Saci_0546
nadC	503.214346370371	-0.22	0.115313576642168	-1.94596999231129	0.0516583442933505	0.146813115871976	Saci_0547
SACI_RS02615	409.310954143835	-0.06	0.122774204182102	-0.467280599876368	0.640299134497698	0.789548748193187	Saci_0548
SACI_RS02620	302.294102920241	1.01	0.200213083601809	5.02530105338161	5.02643400924595e-07	1.21304607423136e-05	Saci_0549
SACI_RS02625	113.834402304337	-3.12	0.30692735969671	-10.1743836909203	2.58028204357758e-24	4.98166453213379e-22	Saci_0550
SACI_RS12170	1024.95201923484	0.62	0.149211967417099	4.1347347569775	3.55364829919378e-05	0.00045336411781785	SACI_RS12170
SACI_RS02635	967.110631335715	0.00	0.113009391647636	0.0213785941706086	0.982943649040796	0.989985500248576	Saci_0553
SACI_RS02640	575.671322174134	-0.09	0.108185989174643	-0.804341227693655	0.42119993369321	0.621034864663718	Saci_0554
SACI_RS02645	47.8340167322314	0.40	0.3070427642987	1.30605973589632	0.191532244090675	0.365936717338047	Saci_0555
SACI_RS02650	202.569070667089	0.13	0.173853256106245	0.759627142756534	0.447477489933745	0.644907695891272	Saci_0556
SACI_RS02655	357.426313282116	0.14	0.166802500228139	0.86450063370917	0.387312932362019	0.591591905126798	Saci_0557
SACI_RS02660	1228.36598780679	0.20	0.140928358609541	1.43638766397922	0.150892061414161	0.310357535408672	Saci_0558
SACI_RS02665	297.054007034885	-0.40	0.145696092808963	-2.77962003334045	0.00544225361136313	0.0263061496562995	Saci_0559
SACI_RS02670	797.442080279059	-0.08	0.111082161666003	-0.76064286752	0.44687040803514	0.644907695891272	Saci_0560
SACI_RS02675	5.0937393664979	0.56	0.889195725787381	0.63061820730203	0.528290191021608	0.710933268214952	Saci_0561
SACI_RS02680	8.32030113558596	1.24	0.825746296253403	1.50455911393553	0.132437464603761	0.286584960459873	Saci_0563
SACI_RS02685	94.7304611581169	0.56	0.270981607784781	2.07863552349547	0.0376508633198473	0.116368089833808	Saci_0564
SACI_RS02690	72.1306112118772	-0.23	0.269249860457019	-0.853534989080986	0.393362692979136	0.596740889925395	Saci_0565
cedA2	20.186255534936	-0.12	0.426443489297514	-0.282884615225876	0.777265288370175	0.878594955160042	Saci_0567
cedA	401.821024215939	-1.19	0.198464698842412	-5.97838590080544	2.25359372166926e-09	8.58737818151867e-08	Saci_0568
cedA1	176.478113031939	-0.88	0.244836695507892	-3.60797825953592	0.000308592341022727	0.00276682173251337	Saci_0569
SACI_RS02705	461.648990454337	-0.01	0.150716174968036	-0.0926709420102278	0.926164982561346	0.962153087396877	Saci_0570
SACI_RS02710	375.419880434496	0.22	0.157916028576611	1.42471861419001	0.154238556189615	0.314338394598962	Saci_0571
SACI_RS02715	208.768937500408	-0.38	0.164199609635063	-2.2928784445708	0.0218550041390094	0.0785261687178303	SACI_RS02715
SACI_RS02720	2208.21402111283	-0.21	0.115136448571238	-1.8645642948571	0.062242501539223	0.167056797458378	Saci_0573
secY	6606.10977206968	-0.10	0.102793581499772	-0.92665017980998	0.354108192238189	0.5595712780415	Saci_0574
SACI_RS02730	2571.13185148749	0.28	0.126279680862109	2.21421382719304	0.0268140731319666	0.0917890730380321	Saci_0575
SACI_RS02735	2399.93449958384	0.33	0.193079276688556	1.70730462259771	0.0877654473698807	0.212693502580062	Saci_0576
SACI_RS02740	4028.53185489392	0.29	0.165896947488107	1.72748950430457	0.0840797885359373	0.206177025910309	Saci_0577
SACI_RS02745	3067.40170639608	0.50	0.155558911865879	3.18238087095604	0.0014606959252076	0.00944235580223487	Saci_0578
SACI_RS02750	3215.82039932034	0.41	0.224802168443453	1.80192738206238	0.0715568314774756	0.184367067578976	Saci_0579
SACI_RS02755	1590.15748254659	0.43	0.184112144417829	2.31501479384325	0.0206121224653207	0.074802890550838	Saci_0580
SACI_RS02760	2732.83242879217	0.48	0.175638218854651	2.74360646238542	0.00607683398401918	0.028715738735127	Saci_0581
SACI_RS02765	2379.40921847284	0.38	0.154881398375432	2.48404579782432	0.0129899100721977	0.0519596402887906	Saci_0582
SACI_RS11545	331.698955670775	0.58	0.183409980328335	3.15359412512128	0.00161273211272702	0.0102647740625439	Saci_0583
SACI_RS02770	2720.36285748112	0.30	0.179077887827935	1.69462375684489	0.0901468174092733	0.216831547522638	Saci_0584
SACI_RS02775	4333.99290861379	0.40	0.220816507880234	1.8094342076618	0.0703835727960732	0.181991809658418	Saci_0585
rplX	2144.82599282437	0.24	0.249238034388031	0.956020153682165	0.339062052522884	0.545153742320787	Saci_0586
SACI_RS02785	1084.53158697168	0.36	0.188602523724086	1.91755471512674	0.0551674968712926	0.153854088186059	Saci_0587
SACI_RS02790	1416.23381423299	0.31	0.264563136947286	1.18647776648715	0.235433676696429	0.422962734313188	Saci_0588
SACI_RS02795	518.275339854825	0.25	0.252147091705107	0.971840047200075	0.331130129382484	0.536327099939415	Saci_0589
rpmC	896.517724264432	0.15	0.258811225918939	0.577687482612986	0.563475131665546	0.737047868700732	Saci_0590
SACI_RS02805	3377.53591394802	0.18	0.242360564074511	0.742559026293033	0.457748703003043	0.654637157479907	Saci_0591
SACI_RS02810	1924.1023714918	0.43	0.168789120001378	2.51935742675861	0.0117569243054028	0.0481076302409793	Saci_0592
SACI_RS02815	2135.91512346595	0.31	0.205191817928621	1.50372889164848	0.132651186917635	0.286584960459873	Saci_0593
SACI_RS02820	3035.35992521477	0.06	0.200135707194952	0.280102712763035	0.779398703497327	0.879633143152089	Saci_0594
SACI_RS02825	549.59092326274	0.56	0.217441031709	2.56973117652495	0.0101777459404826	0.0429035694958333	Saci_0595
rpl4p	3881.7449835927	0.57	0.147688058179173	3.87372942179282	0.000107182410704236	0.00112856723636778	Saci_0596
rpl3p	8812.31294923437	0.53	0.109825664341192	4.82083888724257	1.42955780675379e-06	2.91549254109786e-05	Saci_0597
SACI_RS02840	206.579741812056	-0.27	0.159283470918777	-1.69863580965455	0.089387824899731	0.215542998259468	Saci_0598
ileS	9569.63847935115	0.02	0.115252969530938	0.175862414793582	0.860402033737999	0.927670993933449	Saci_0599
SACI_RS02850	1106.89555845259	-0.09	0.115509574241975	-0.738260605368836	0.460356100718779	0.656829785787184	Saci_0600
SACI_RS02855	216.976700227523	0.77	0.163253426814552	4.70038074471257	2.59676869088429e-06	4.85176911535542e-05	Saci_0601
SACI_RS02860	1702.87470750548	-0.08	0.0887107668698195	-0.923184747145697	0.355910936168307	0.5595712780415	Saci_0602
SACI_RS02865	18229.3981978775	0.19	0.0814728050734678	2.37998618997464	0.0173132868839031	0.0653761310274448	Saci_0603
SACI_RS02870	381.998638084979	-0.27	0.131912943352775	-2.01758185739058	0.0436348279388528	0.128160711674359	Saci_0604
SACI_RS02875	1287.15460714265	-0.11	0.181028466296237	-0.614764323117267	0.538710373607018	0.717470197513671	Saci_0605
SACI_RS02880	24.1270936304291	-0.13	0.453535744800687	-0.285893972048289	0.77495933075595	0.877121803845543	Saci_0606
SACI_RS02885	164.47021647487	0.30	0.195997205133166	1.52160879929384	0.128107131430826	0.279998681225412	Saci_0607
SACI_RS02890	757.243122821668	0.26	0.142272212886591	1.82788634821542	0.0675666103367144	0.176759623789634	Saci_0608
rrp42	2903.86429253264	0.02	0.098373330664955	0.198182554002749	0.842902236659621	0.915964306704039	Saci_0609
rrp41	2977.80570381964	0.21	0.0892566495837228	2.35913482450852	0.0183175993383216	0.0680099585689477	Saci_0610
rrp4	1482.12565563991	0.16	0.112425543525212	1.39176510257842	0.163993540749578	0.328213748452506	Saci_0611
SACI_RS02910	1932.47036923945	0.11	0.108988200578911	0.975148198409847	0.329486753310433	0.535091552195829	Saci_0612
psmA	2724.85975830906	0.24	0.108577062359195	2.17333348820559	0.0297552267840472	0.098827507016931	Saci_0613
SACI_RS02920	169.623103977669	-0.46	0.16934044416946	-2.74352743392159	0.00607829690767709	0.028715738735127	Saci_0614
SACI_RS02925	658.163169382499	-0.50	0.132023861553971	-3.76075455161566	0.000169401590071325	0.00166866328179101	Saci_0615
SACI_RS02930	496.765562605433	-0.09	0.190045030247877	-0.454782493361258	0.649265726157661	0.795377979252363	Saci_0616
SACI_RS02935	6620.34617945471	0.18	0.103848107466208	1.69689599670166	0.0897163250324243	0.215975459097174	Saci_0617
SACI_RS02940	695.393166271571	-0.05	0.104932771954056	-0.476684386211605	0.633586882878221	0.787787848425055	Saci_0618
SACI_RS02945	975.776284470738	0.13	0.152217779451899	0.884357617763987	0.376503194096417	0.578743763324429	Saci_0619
SACI_RS02950	2394.48298599027	0.21	0.108816171351127	1.90916911132027	0.056240279586741	0.156007518853642	Saci_0620
SACI_RS02955	352.364604751315	0.27	0.150694040865829	1.80113382489162	0.071681789521714	0.184524855515452	Saci_0621
SACI_RS02960	84.2288395521226	0.12	0.244261143279633	0.497835219604118	0.618600189730405	0.775190891155021	Saci_0622
SACI_RS02965	145.958503599695	-0.11	0.221046735761868	-0.518896497572134	0.603832920317873	0.767494319623268	Saci_0623
SACI_RS02970	1018.11439241321	0.25	0.121044813793148	2.02769800184057	0.0425910797173311	0.126206151348487	Saci_0624
SACI_RS02975	416.2517249059	-0.51	0.19100429084262	-2.68250492804503	0.00730730751820574	0.0331692203334229	Saci_0625
SACI_RS02980	1512.33017391722	0.03	0.1052137113936	0.289282780881024	0.772364988148241	0.875714581275737	Saci_0626
SACI_RS02985	0						Saci_0628
SACI_RS11555	3.84004387692972	1.54	1.19255027223745	1.2873135122598	0.197985035733086		SACI_RS11555
SACI_RS02995	452.572711845651	0.11	0.207906553590226	0.53297646599388	0.594049871373055	0.759136812614216	Saci_0630
SACI_RS03000	19.5295576436599	1.16	0.537769227627028	2.16388949744373	0.0304728311712892	0.100275063708552	Saci_0631
SACI_RS03005	22.4100902933505	-0.14	0.484646956823534	-0.294589005155777	0.76830786225719	0.872471364657842	Saci_0632
SACI_RS03010	74.4682884757563	0.28	0.254098463124411	1.08791077092235	0.276634500692428	0.473483164305717	Saci_0633
SACI_RS03015	130.525419019503	0.25	0.203985150345752	1.23032709710478	0.218574641164203	0.401390082949607	Saci_0634
SACI_RS03020	14.2948690319609	0.64	0.55684708455256	1.14322720068899	0.252944271553116	0.444434857103708	Saci_0635
SACI_RS03025	74.3740443702533	0.15	0.21823515995847	0.690572355521878	0.489834325042006	0.678895601217933	Saci_0636
SACI_RS03030	556.327906677105	-0.19	0.111678273196472	-1.71048933269965	0.087175424344127	0.212012339135014	Saci_0637
SACI_RS03035	10.4473625304098	-0.13	0.569906535248221	-0.222778627809312	0.823707802555012	0.905764000770384	Saci_0638
SACI_RS03040	5890.09454784416	-0.03	0.182804372925582	-0.186314834618051	0.852197874800548	0.921570218604326	Saci_0639
SACI_RS03045	1107.04898197947	-0.21	0.0986916754606585	-2.14368009508278	0.0320585281635965	0.103849549845386	Saci_0640
SACI_RS03050	1153.02458556592	0.14	0.13714393754489	1.05342405044021	0.292146686265668	0.490467712130652	Saci_0641
SACI_RS03055	650.144972417534	0.23	0.156308744567766	1.47663389945073	0.139773799605738	0.296111868074774	Saci_0642
speE	2913.76009357455	0.20	0.186767928620974	1.08362502724716	0.27853108950173	0.474597047639925	Saci_0643
SACI_RS03065	8.84370771473905	0.36	0.816313270432056	0.4360712869552	0.662785008851421	0.804453221137349	Saci_0644
SACI_RS03070	15.6196541661539	1.77	0.56905921034713	3.10342714560228	0.00191293326723892	0.0116628520882609	Saci_0645
ahcY	1793.14590250045	0.22	0.117839518303213	1.8485905980071	0.064516951337926	0.171571249838966	Saci_0646
SACI_RS03080	150.704596581369	0.01	0.228889186434629	0.0352464458513665	0.97188322678639	0.98826328117043	Saci_0647
SACI_RS03085	29.6681121115711	1.18	0.344803439082627	3.42326111884377	0.000618746090376446	0.00469309636257282	Saci_0648
SACI_RS03090	16.9148037270376	1.33	0.520031013224987	2.56114308186488	0.0104328379111044	0.0436611251308645	Saci_0649
SACI_RS03095	128.79371979623	-0.52	0.230225629213128	-2.25369243869967	0.024215523379907	0.0842886486877532	Saci_0650
SACI_RS03100	746.606528328166	-0.65	0.124463275795357	-5.22571420260761	1.73484150593406e-07	4.52621711818471e-06	Saci_0651
SACI_RS03105	1075.8969272603	-0.31	0.137513184639237	-2.26607222533521	0.0234469614784939	0.0823059399293557	Saci_0652
SACI_RS03110	204.390605280522	-0.40	0.188444249726168	-2.14563088697531	0.0319024391728074	0.103575632112612	Saci_0653
hflX	772.424962212432	-0.76	0.114373259014222	-6.62055823838596	3.57844896089996e-11	1.91910892421598e-09	Saci_0654
SACI_RS03120	1161.4891390984	-0.29	0.124656375228322	-2.33818032893887	0.0193778955058472	0.0710359308670044	Saci_0655
SACI_RS03125	3469.04000109972	-0.39	0.144097788328955	-2.72698028842395	0.0063916857219227	0.029829725754412	Saci_0656
SACI_RS03130	301.274355364549	-0.35	0.151716515782643	-2.29887734439962	0.0215119052307366	0.0774500738501677	Saci_0657
SACI_RS03135	1040.26836442097	-0.32	0.0993612595974421	-3.26361054548228	0.00110002261165804	0.00740852437991087	Saci_0658
tgtA	2272.34791737482	-0.28	0.0935695707950596	-3.01707056796677	0.00255230387522017	0.0146656190925349	Saci_0659
SACI_RS03145	1311.23423810522	-0.07	0.122440031520565	-0.570159562948901	0.568569479663545	0.741479004304311	Saci_0660
SACI_RS03150	297.202194360849	0.25	0.166166409013977	1.5091802479482	0.131252726438535	0.285152209876967	Saci_0661
psmB	3231.94021661086	0.20	0.0965152027735936	2.08841600089761	0.0367603253514286	0.114470862599717	Saci_0662
hisS	1592.01206247023	0.07	0.105076114066501	0.665159399876854	0.50594854545661	0.691699480483275	Saci_0663
SACI_RS03165	89.3868499640074	0.15	0.265062634657342	0.553424299516832	0.579972903533537	0.748669264069265	Saci_0664
SACI_RS03170	284.528749286877	-0.48	0.222483828180044	-2.14293693697064	0.0321181625199594	0.103926478947265	Saci_0665
SACI_RS03175	47108.6426643351	0.83	0.181540610710434	4.58422918344148	4.55664237353439e-06	7.90181815194945e-05	Saci_0666
SACI_RS03180	406.804268932271	-0.69	0.172277575866563	-4.01510249021458	5.94199679885524e-05	0.000690973443595632	Saci_0667
SACI_RS03190	699.380815536485	0.05	0.166537806801184	0.297645489091061	0.765973751947641	0.87097668135152	Saci_0669
SACI_RS03195	1409.90305039681	-0.10	0.175916297196024	-0.557349534092237	0.577288638382861	0.746745598054694	Saci_0670
fbp	6305.69297574985	-0.05	0.113571083821802	-0.464935606375348	0.641977571016596	0.79054023435834	Saci_0671
SACI_RS03205	2490.89033371751	0.06	0.0869851981154843	0.712812761275892	0.47596162788044	0.670094737161767	Saci_0672
SACI_RS03210	3.98150064826135	1.95	1.13324231630949	1.72289064864204	0.0849083017378357		Saci_0674
SACI_RS03215	278.679072528733	-0.41	0.178879418833468	-2.28562440541089	0.0222762411387247	0.0791979696268329	Saci_0675
SACI_RS12185	1.83673551066513	1.78	1.65421271857213	1.0768102238497	0.28156505687514		SACI_RS12185
SACI_RS12190	2.12114053390065	0.99	1.34851972202565	0.730816072398414	0.464891505024757		SACI_RS12190
SACI_RS12195	21.6407340682924	0.60	0.387935652748396	1.55539652124385	0.119851662115971	0.266173629975346	Saci_0678
SACI_RS03230	399.222457099999	-0.62	0.150629480813514	-4.14649272681862	3.37606898935007e-05	0.000443633677304414	Saci_0679
SACI_RS03235	126.196862208816	0.73	0.208824004140715	3.481273172783	0.000499036254797202	0.00401446942747971	Saci_0680
SACI_RS03240	3.22270687414078	1.49	1.29461303547641	1.15106045479043	0.249707365369359		Saci_0681
SACI_RS11570	6.69771879168173	1.36	0.842388508519107	1.61328479286491	0.10668264885185	0.245590581140666	SACI_RS11570
SACI_RS03245	41.1443003914415	0.06	0.367918515624216	0.153909037989385	0.877681457733475	0.931732221992721	Saci_0683
rpsJ	2032.552043356	-0.01	0.139651652388149	-0.074440990221722	0.940659493782646	0.969793483088125	Saci_0684
tuf	40011.1589365784	0.11	0.147522772466217	0.748877995004139	0.453930744423623	0.650783879134066	Saci_0685
SACI_RS03260	5183.39405382188	0.05	0.0858583460635234	0.613591331527605	0.539485413178908	0.717661808252695	Saci_0686
SACI_RS03265	1199.06818574626	-0.01	0.137045416761796	-0.0501971444084563	0.95996528711907	0.982006171493051	Saci_0687
SACI_RS03270	2913.0810597926	-0.07	0.109020245521295	-0.659389831155751	0.509645470364856	0.695211155052578	Saci_0688
SACI_RS03275	2335.76570364485	-0.18	0.123548784525719	-1.47036672819979	0.141462457509012	0.297297007943467	Saci_0689
SACI_RS03280	760.507299553132	0.19	0.170543490017385	1.13227539128146	0.257518672724052	0.449261491692081	Saci_0690
rpoA2	3252.88402021958	0.26	0.203412918124589	1.27480448780605	0.202378451864681	0.380576621168907	Saci_0691
rpoA1	10174.8012219154	0.13	0.153197122875816	0.840936936302994	0.40038326467986	0.602065921214768	Saci_0692
SACI_RS03295	14630.890269968	0.17	0.105030767592317	1.63154415952381	0.102775549890063	0.239057132919976	Saci_0693
SACI_RS03300	748.596106258725	0.08	0.144017260826645	0.535117916030835	0.592568321877435	0.758655110591093	Saci_0694
infB	2826.47890006158	0.12	0.0944726281182862	1.26962946139653	0.204216649902979	0.382542961267159	Saci_0695
ndk	1457.97816845385	-0.26	0.143624677727007	-1.82525313796926	0.0679628383417628	0.177475545390212	Saci_0696
SACI_RS03315	117.724852885971	-0.08	0.220365510922875	-0.379256456973719	0.7044974308395	0.8334250652415	Saci_0697
SACI_RS03320	1088.71158094622	0.48	0.184991598908999	2.58496795438896	0.00973880484759531	0.0417212704713551	Saci_0698
upp	708.963156284661	0.00	0.131094049624098	0.0155083584828278	0.987626616190548	0.992424247219927	Saci_0699
gatB	928.787741405221	0.42	0.219893437263986	1.90595582103279	0.0566559377519686	0.156462737072643	Saci_0700
SACI_RS03335	642.577277974149	-0.31	0.151343864118114	-2.03627487265511	0.0417227615355264	0.124694651606692	Saci_0701
SACI_RS03340	187.83356234966	-0.16	0.193792521227439	-0.832261370567382	0.40526142991439	0.607158355422697	Saci_0702
SACI_RS03345	33389.2951229359	-0.02	0.144763946028152	-0.136490581938601	0.891433469399816	0.941842877556318	Saci_0703
SACI_RS03350	254.762581161221	-0.08	0.191796390466748	-0.432398974556543	0.665451463283924	0.806000601284084	Saci_0704
SACI_RS03355	3.79859952441821	1.10	1.26431936969329	0.869297069372165	0.384684665419872		Saci_0705
purB	1314.92498043294	0.10	0.096576641655277	1.06045067793092	0.288939617213935	0.48734369915641	Saci_0706
SACI_RS03365	851.174916448756	0.17	0.138604711466661	1.22762854559178	0.219586440950761	0.402555037376867	Saci_0707
SACI_RS03370	780.438555057147	0.09	0.115426169540291	0.741484109646467	0.458399963050907	0.654921703500457	Saci_0708
SACI_RS03375	1091.58425381084	0.52	0.187413542544472	2.77673476357556	0.00549079660294339	0.0264581480235009	Saci_0709
SACI_RS03380	858.772488516763	0.33	0.230822756410537	1.41339178582095	0.157540559472593	0.31949401977075	Saci_0710
SACI_RS03385	1093.35112971083	-0.27	0.0988027088931959	-2.7684921695978	0.00563163389079134	0.0270073764568917	Saci_0711
SACI_RS03390	910.507664999311	-0.45	0.202709651671558	-2.23827696685863	0.0252029991888789	0.0870977155739778	Saci_0712
ilvA	800.421344337831	-0.27	0.138099387539705	-1.92732650892769	0.0539389519581471	0.151421291530353	Saci_0713
SACI_RS03400	387.125265060519	-0.26	0.14330094604403	-1.83702114411082	0.0662067740353581	0.17446298235341	Saci_0714
radA	5556.62351367654	-0.40	0.112102477365694	-3.57027312143686	0.000356609209545008	0.00308405382908303	Saci_0715
SACI_RS03410	38.590514770377	-0.47	0.350310863184409	-1.3290557027974	0.183829593215131	0.3563390240636	Saci_0716
SACI_RS03415	150.818345092137	-0.15	0.280671952596148	-0.543555819161907	0.586747169478224	0.754203196985769	Saci_0717
cyaB	162.101026414252	-0.34	0.197235746418755	-1.74874339256107	0.080335385701832	0.19884724529274	Saci_0718
SACI_RS03425	585.876575273401	-0.05	0.116503342301602	-0.416878196744975	0.676767502127077	0.813581853947702	Saci_0719
SACI_RS03430	493.131662139837	-0.05	0.127384514383189	-0.36895610354176	0.712160444229239	0.835472609278446	Saci_0720
SACI_RS03435	134.037789501417	-0.63	0.184222716019074	-3.40430990310742	0.000663314516604661	0.0049509248455853	Saci_0721
SACI_RS03440	583.778631381949	-0.53	0.138739069045925	-3.82149081134522	0.000132647357247774	0.00135740899854966	Saci_0722
SACI_RS03445	34.0437184274525	1.87	0.44891031929847	4.15725579668032	3.2209328013662e-05	0.000429853520403526	Saci_0723
SACI_RS03450	552.278216220597	0.23	0.250592957400978	0.923959818198386	0.355507236797596	0.5595712780415	Saci_0724
SACI_RS11915	11.7335378943329	0.93	0.734510624698	1.26970725883938	0.204188926183725	0.382542961267159	SACI_RS11915
SACI_RS03455	218.057002210682	0.26	0.159662106983412	1.60636979449104	0.108192683491201	0.24749289999251	Saci_0725
SACI_RS03460	3.00851045821799	1.39	1.8467109464981	0.754391097429132	0.450614415686141		SACI_RS03460
SACI_RS03465	74.8111347372924	0.00	0.339002798129138	0.00613810100342915	0.995102534729783	0.997030632598832	Saci_0726
SACI_RS03470	966.349069240103	-0.26	0.129475785387191	-2.03911350264853	0.0414387008994834	0.123973634095975	Saci_0727
SACI_RS03475	426.502804245036	-0.39	0.218210476745999	-1.78449730381207	0.0743428925290255	0.189355335764343	Saci_0728
SACI_RS03480	585.515116665084	0.31	0.19249243023749	1.62450134517907	0.104268853528298	0.241184185158107	Saci_0729
rnpB	26561.6635329297	0.79	0.196531085334347	4.00339941099829	6.24387557398829e-05	0.000717550145328179	SACI_RS11505
SACI_RS03485	179.35808821062	-0.30	0.159399893642169	-1.87070914351281	0.0613854067680899	0.165062337976219	Saci_0730
SACI_RS03490	918.128151305775	-0.09	0.151541191545099	-0.623662381613095	0.532849333199232	0.713751928281672	Saci_0731
SACI_RS03495	1088.68261018929	-0.17	0.187962403991568	-0.918329171234196	0.358446559573305	0.561548895493762	Saci_0732
SACI_RS03500	35.7687200468163	-0.63	0.329866853522001	-1.90258649040051	0.0570945233286522	0.156874515711363	Saci_0733
SACI_RS03505	85.0063990086531	0.04	0.227498206675058	0.165206387992016	0.868781537464832	0.928857109803854	Saci_0734
SACI_RS03510	22.5464281035351	0.65	0.420060973159354	1.55760131539022	0.119327786689653	0.265417258259014	SACI_RS03510
SACI_RS11815	1.73087321553817	-1.38	1.35991046212677	-1.01412066597951	0.310525178027534		SACI_RS11815
SACI_RS03515	66.9807003241277	-0.37	0.230108296255836	-1.60722782488031	0.108004400330042	0.247257504629091	Saci_0735
SACI_RS03520	95.2405146024706	-0.41	0.194709264527638	-2.12757432577772	0.0333723927917825	0.107146839828162	Saci_0736
SACI_RS03525	173.496604989115	-0.07	0.170209216981961	-0.415586140757908	0.677712869869996	0.814033821874033	Saci_0737
SACI_RS03530	67.3969420326998	-0.41	0.251984912470307	-1.6145923429136	0.106399004723116	0.245132472297648	Saci_0738
SACI_RS03535	52.6407415406711	-0.11	0.277792240740213	-0.398336375144706	0.690382250718846	0.821673572999445	Saci_0739
SACI_RS03540	10.4396202257287	0.46	0.57235992427894	0.796860288526009	0.425532176445038	0.62491946398825	Saci_0741
SACI_RS03545	48.4566247840158	0.15	0.342945152223135	0.436568949349613	0.662423985392091	0.804352143268552	Saci_0742
SACI_RS03550	216.791648513737	-1.53	0.204628500015501	-7.4928657565869	6.73858151163183e-14	4.64641239468709e-12	Saci_0743
SACI_RS03555	337.430414703138	-0.81	0.163558430688905	-4.97593652994165	6.49329227783869e-07	1.50436595492967e-05	Saci_0744
SACI_RS03560	231.608716140234	-0.43	0.157846311540846	-2.69635381378729	0.00701031607059775	0.0320227891016857	Saci_0745
SACI_RS03565	132.132068515195	-0.46	0.191797581711447	-2.41441393629185	0.0157605458422886	0.060587937878996	Saci_0746
hxlB	1081.38004421512	-0.00	0.126501232217656	-0.0311562041234571	0.975144966989313	0.989092198282919	Saci_0747
SACI_RS03575	598.364821158243	-0.63	0.164852510940942	-3.84912080874574	0.000118542535938076	0.00123488915135492	Saci_0748
SACI_RS03580	192.688761078465	-0.37	0.163292753563624	-2.26022167432659	0.0238074963175382	0.0830306066598295	Saci_0749
argC	1311.34302581134	0.32	0.115018400699147	2.74504919202737	0.00605018279448306	0.0287018934134723	Saci_0750
SACI_RS03590	1109.14523818888	0.19	0.132073036560583	1.43227777855236	0.152064340001344	0.311342412278161	Saci_0751
SACI_RS03595	890.595531058775	-0.27	0.132288644332571	-2.00372808205552	0.0450991963909587	0.132059932000219	Saci_0752
SACI_RS03600	445.193798792259	0.35	0.549434168754983	0.628989725179797	0.529355782933258	0.710935427270919	Saci_0753
lysX	6301.1421462233	0.49	0.349524224762241	1.39758124078081	0.162238854871649	0.325602026131875	Saci_0754
SACI_RS03610	2700.90241316934	0.21	0.461474942167415	0.44711019885784	0.654795495550429	0.797969949908546	Saci_0755
SACI_RS03615	851.475976917099	-0.05	0.40733100075596	-0.113761520315421	0.909426842844844	0.950794273241397	Saci_0756
uppS	562.161589907331	0.06	0.182288771391451	0.303308878960837	0.761654480280825	0.868143694284813	Saci_0757
SACI_RS03625	2050.93901024028	0.27	0.145683663532194	1.8627873118725	0.0624921958656569	0.167571665950873	Saci_0758
SACI_RS03630	123.086567138942	0.34	0.291946245737613	1.16459259411718	0.244183943001422	0.435441317076427	Saci_0759
SACI_RS03635	25.4134525020389	1.40	0.477923292157747	2.93977141879895	0.00328454457134697	0.0177132980979903	Saci_0760
SACI_RS03640	20.8240881447664	-0.60	0.475903650875039	-1.25604246670036	0.209100573677391	0.389675200366618	SACI_RS03640
SACI_RS03645	437.612632629014	-0.13	0.118212698809409	-1.11447280734982	0.265076403888184	0.459127551232165	Saci_0761
SACI_RS03650	6.06415800157315	2.91	1.15335132630582	2.52308296442007	0.0116330951833996	0.0478644996828398	Saci_0762
SACI_RS03655	3480.03215451136	0.23	0.118785237466947	1.92183675280867	0.0546263021662395	0.152553299010058	Saci_0763
SACI_RS03660	0.160298829906496	0.00	7.3561311249555	0	1		Saci_0764
SACI_RS03665	226.624651528622	0.12	0.163981694773206	0.734498008237527	0.462645273636365	0.658387426253693	Saci_0765
SACI_RS03670	166.772777171196	0.07	0.204050848734334	0.361042760184169	0.71806748186919	0.840551102462883	Saci_0766
SACI_RS03675	885.084523758086	-0.12	0.133585383256295	-0.917353302308885	0.358957534566853	0.561548895493762	Saci_0767
aspS	3733.77115808842	0.14	0.0957398740572919	1.45801193994328	0.144837251963843	0.301111760005233	Saci_0768
SACI_RS03685	249.068906033393	0.37	0.186731930908376	1.96542135946754	0.049365489335332	0.141968676380458	Saci_0769
pth2	97.9802455041415	0.35	0.206504044838712	1.6838201037836	0.0922164407291842	0.220345554745642	Saci_0770
SACI_RS11585	146.349936480387	-0.44	0.24252758961072	-1.83253416726885	0.0668718761298238	0.175527724177116	Saci_0771
SACI_RS03695	492.868379758886	-0.39	0.17065130104287	-2.30718088830246	0.021044738071898	0.0761819518202707	Saci_0772
SACI_RS03700	15798.1277763352	-0.01	0.103165102659404	-0.0650517962964766	0.948132760072549	0.975068349847337	Saci_0773
SACI_RS03705	335.070903192192	-0.34	0.183373762414161	-1.83032009155263	0.0672020887579234	0.176124207278684	Saci_0774
fen	1206.67519292949	-0.59	0.201854981505096	-2.91437413857359	0.00356402488782457	0.0190081327350644	Saci_0775
SACI_RS03715	169.700686651368	0.35	0.190017997050578	1.83339975950593	0.0667431433584029	0.175514716245393	Saci_0776
SACI_RS03720	438.631766919264	0.14	0.175086733964535	0.822587576071174	0.410742566137216	0.611402243808319	Saci_0777
hemB	1144.59969363862	0.09	0.115902199556795	0.763653986632546	0.44507346809596	0.643914078367162	Saci_0778
hemL	958.609702082991	-0.35	0.169110772310515	-2.09148991898774	0.0364841691746264	0.113855769320817	Saci_0779
hemC	517.559636529125	-0.50	0.13212688968721	-3.79097535392545	0.000150056845686995	0.00151416245682766	Saci_0780
SACI_RS03740	157.42721662323	-0.40	0.187967532066095	-2.15440129580072	0.0312087150515725	0.101894519491943	Saci_0781
SACI_RS03745	310.60375736026	-0.59	0.145219390101602	-4.05791947619891	4.9511832368864e-05	0.000601818801631345	SACI_RS03745
SACI_RS03750	1249.99282667567	-0.92	0.0953724239357018	-9.65992758783553	4.46179230318932e-22	6.46067525501813e-20	Saci_0782
SACI_RS12200	801.509710135752	0.08	0.113475905630047	0.702481383591853	0.482379007522998	0.67385161490112	Saci_0783
SACI_RS12205	685.592858181007	-0.17	0.12570083284073	-1.36699460505601	0.171626996526994	0.340087736631491	Saci_0784
SACI_RS03765	939.910963162195	0.20	0.123789828203918	1.60840441317489	0.107746635758133	0.246862545218	Saci_0787
SACI_RS03770	1276.08852137782	-0.48	0.109319348798051	-4.43245701558149	9.31652800789348e-06	0.000143514176121593	Saci_0788
dcd	952.910148768257	-0.66	0.141846805413509	-4.64635161894945	3.37856943919062e-06	6.19261841512407e-05	Saci_0789
SACI_RS03780	2099.1117966395	0.06	0.115372595380791	0.541622164629988	0.588078819621806	0.754702444366716	Saci_0790
SACI_RS03785	5990.51429137724	0.20	0.116546128126655	1.73262511713468	0.0831623219621386	0.204446591173475	Saci_0791
SACI_RS03790	733.015952024791	-0.23	0.113697547832027	-2.04038640776565	0.0413118546166766	0.123850032059933	Saci_0792
SACI_RS03795	304.010305576553	-0.06	0.140423947244702	-0.454921836001743	0.649165472922136	0.795377979252363	Saci_0793
SACI_RS03800	102.179062986244	0.31	0.231314965652205	1.32484972354177	0.185220999013543	0.358556158518195	Saci_0794
SACI_RS03805	1542.6832054023	-0.03	0.114376960388533	-0.280640671163904	0.778986018027402	0.879633143152089	Saci_0795
SACI_RS03810	187.113231987484	-0.33	0.209693223856318	-1.55425721916996	0.120123073736613	0.266571970529679	Saci_0796
SACI_RS03815	1613.62368945661	-0.52	0.133447130115927	-3.89575602631825	9.78928917817654e-05	0.0010499919059259	Saci_0797
SACI_RS03820	7752.12558579337	-0.08	0.104376029663751	-0.744155530426706	0.456782387701997	0.653901035484421	Saci_0798
SACI_RS03825	1456.66575013143	0.05	0.141445325201417	0.335584664299607	0.73718409013321	0.850551842639751	Saci_0799
SACI_RS03830	106.571847414375	-1.07	0.260498689574337	-4.1229813008412	3.74000069906931e-05	0.00047091487063064	Saci_0800
SACI_RS03835	5381.2020841454	0.01	0.100918307983546	0.0839338312426758	0.933109041013183	0.964465479368328	Saci_0801
SACI_RS03840	624.665723960693	0.35	0.126243895096343	2.80945719755417	0.00496251173947067	0.0244302755019373	Saci_0802
SACI_RS03845	1411.3305841447	-0.13	0.145709111991672	-0.922570657116411	0.35623099299498	0.5595712780415	Saci_0803
SACI_RS03850	5451.05873174706	-0.45	0.127037675118636	-3.53037443499794	0.000414971934811994	0.0034456599680854	Saci_0804
SACI_RS03855	347.643655987782	-0.43	0.136529074235908	-3.13384834856618	0.00172529997328487	0.0108477085400602	Saci_0805
glmM	3541.13075486119	-0.41	0.125849539553608	-3.24708416611994	0.00116593904577425	0.00767925089531194	Saci_0806
SACI_RS03865	355.672081656607	-0.45	0.159547277050327	-2.84734739544449	0.00440852250218856	0.0223983880111194	Saci_0807
SACI_RS11590	1.68304384737946	1.01	1.88254344716431	0.538035122923675	0.590552800662959		SACI_RS11590
SACI_RS03870	14.9336456671394	0.51	0.587582665886912	0.86175416529372	0.388822812074627	0.592959907197535	Saci_0809
SACI_RS03875	298.896126755541	0.16	0.158903359547457	0.978284934972761	0.327933418747666	0.533237046992274	Saci_0810
SACI_RS03880	1103.13697138166	0.25	0.159680674232404	1.54797693079041	0.121627850816454	0.269498283063848	Saci_0811
SACI_RS03885	590.394814703148	0.09	0.126918652265191	0.732031114384454	0.46414957695766	0.659557004352004	SACI_RS03885
SACI_RS03890	2133.88565362331	0.38	0.146471291497082	2.57380314686659	0.0100587485417331	0.0425378405046198	Saci_0813
SACI_RS03895	1355.29951404407	-0.16	0.0851088288582948	-1.93180577543649	0.053383482980495	0.150343905318332	Saci_0814
SACI_RS03900	354.17750222811	-0.73	0.14791464506619	-4.91942551394933	8.67985909045717e-07	1.90430847923969e-05	Saci_0815
SACI_RS03905	406.206256869753	-0.17	0.170142698246968	-1.01757118205069	0.308881788328786	0.509118758679661	Saci_0816
SACI_RS03910	1537.95523282415	-0.19	0.136949035198148	-1.40446918913588	0.16017918030372	0.323035449971848	Saci_0817
SACI_RS03915	309.956994303501	-0.84	0.265166561556831	-3.16690106974766	0.0015407272362228	0.00988191279641628	Saci_0818
SACI_RS03920	515.267813403754	-0.66	0.267008030377933	-2.47283042231701	0.0134047732592332	0.0532513351971732	Saci_0819
ribH	526.863247512961	-0.47	0.29102926791301	-1.60104275608697	0.109367449556545	0.24901032792619	Saci_0820
ribC	544.935545568716	-0.42	0.285910377945415	-1.4794460122647	0.139021150327748	0.295404587511077	Saci_0821
SACI_RS03935	821.917697698444	-0.57	0.26855441226405	-2.12603415432837	0.0335004157844237	0.10743876424329	Saci_0822
SACI_RS03940	81.5230300798127	0.16	0.23288769662298	0.690737440981003	0.489730555777234	0.678895601217933	Saci_0823
SACI_RS03945	2490.91132330672	-0.12	0.0820508096165254	-1.50047710408714	0.133490860006165	0.287798378404905	Saci_0824
SACI_RS03950	240.546913812584	0.16	0.189156535302124	0.850647363877887	0.394965270527811	0.598231916029572	Saci_0825
pcn	940.734113922794	-0.10	0.138989548852848	-0.691391823498168	0.489319341043659	0.678895601217933	Saci_0826
SACI_RS03960	1800.69550262159	0.28	0.134004381638017	2.10991106004359	0.0348660174227164	0.110836428601742	Saci_0827
SACI_RS03965	1896.73828308386	0.15	0.120447183511978	1.26649068911824	0.205337460811714	0.383360584225608	Saci_0828
SACI_RS03970	2982.90383850942	0.24	0.116296314974632	2.09612125456207	0.0360714359988932	0.113177550003028	Saci_0829
SACI_RS03975	220.603223286958	-0.14	0.227426652190889	-0.625664976984207	0.531534709828928	0.712650240585451	Saci_0830
SACI_RS03980	1834.65003671732	0.08	0.133621739120157	0.629532371403728	0.529000582762167	0.710935427270919	Saci_0831
SACI_RS03985	2924.50137447927	0.00	0.105054229289845	0.0452586445038339	0.963901150543734	0.983600328391351	Saci_0832
SACI_RS03990	265.454527552697	-0.26	0.148059333147261	-1.75115426125968	0.0799193416635994	0.198156175905637	Saci_0833
SACI_RS03995	676.737703431835	0.00	0.103808663125983	0.0234429193661616	0.981296969698803	0.989152810389047	Saci_0834
SACI_RS04000	44.3474529882	0.22	0.319798444116067	0.702149842823452	0.48258572144507	0.67385161490112	Saci_0835
SACI_RS04005	164.142829492746	-0.62	0.179983817439412	-3.44331257845387	0.000574634732812445	0.00443809124597637	Saci_0836
SACI_RS04010	2850.53235296095	0.32	0.103003843590793	3.13297707939537	0.00173042954553586	0.0108477085400602	Saci_0837
SACI_RS04015	8157.48064640281	0.29	0.0998629125735041	2.91324867830857	0.00357689628963073	0.0190417126006813	Saci_0838
SACI_RS04025	2369.29934316924	-0.58	0.0988637442057433	-5.87558775213975	4.21345693029588e-09	1.52527140876711e-07	Saci_0840
SACI_RS04030	2130.85766241235	0.45	0.154454852616164	2.9337839403824	0.0033485721626077	0.017984007050354	Saci_0841
SACI_RS04035	213.661975420106	0.01	0.18362805117976	0.0342507003009024	0.972677237240822	0.988431923633965	Saci_0842
SACI_RS04040	189.155560483049	-0.36	0.20489237943719	-1.77371726557163	0.0761099290809348	0.191630873237232	Saci_0843
SACI_RS04045	486.383881349921	-0.11	0.172186135691443	-0.632426536481097	0.527108198460117	0.709904880833381	Saci_0844
SACI_RS04050	781.224074991661	0.22	0.154991479050219	1.39321861252889	0.163553693059011	0.327559816804215	Saci_0845
SACI_RS04055	2736.43704389008	-0.05	0.101308055274382	-0.500073431058481	0.617023373342	0.773696006100411	Saci_0846
SACI_RS04060	111.813878601419	0.16	0.276034474352667	0.593037093016893	0.553156328479943	0.728656107048933	Saci_0847
SACI_RS04065	583.174137326956	0.56	0.139051784709981	4.05958722507186	4.91595417859366e-05	0.000600700561232373	Saci_0848
SACI_RS04070	110.871909142458	-0.06	0.217669754974428	-0.295856464485863	0.76733969970121	0.872141197148628	Saci_0849
SACI_RS04075	298.546866745088	-0.32	0.144871311059728	-2.18387636152488	0.0289713344481754	0.0972201443359398	Saci_0850
kae1	960.132039235713	0.02	0.131526768618504	0.186602065362519	0.851972647267847	0.921570218604326	Saci_0851
SACI_RS11595	94.5687288521396	0.97	0.275326228233904	3.53706748508383	0.000404596269991329	0.00341606646616586	Saci_0852
SACI_RS04085	298.143546159292	-0.50	0.223281486345769	-2.2602944298967	0.0238029834585015	0.0830306066598295	Saci_0853
SACI_RS04090	4221.31400852114	0.29	0.174385351783654	1.68737270971886	0.0915317079410561	0.219070930741569	Saci_0854
SACI_RS11600	16.374862286107	0.32	0.599902034164187	0.53951846865527	0.58952915694919	0.755766462383733	Saci_0855
SACI_RS04095	251.422241360815	-0.30	0.173090960738128	-1.70599749357703	0.0880085462538233	0.213104305979157	Saci_0856
SACI_RS04100	756.962475609338	-0.21	0.205258072811364	-1.03270859076981	0.301740292039168	0.499506904345698	Saci_0857
endA	386.846484264724	-0.26	0.142898421524852	-1.81410827635177	0.0696610576236987	0.180712566274239	Saci_0858
SACI_RS04110	1190.78417120927	-0.06	0.104255367047859	-0.609663073345311	0.542085020607323	0.719219398108122	Saci_0859
SACI_RS04115	1005.08986132817	-0.09	0.123583517575133	-0.745156667041692	0.456177015472279	0.653357387145262	Saci_0860
SACI_RS04120	1188.71521830974	0.07	0.11383247943133	0.613112820554758	0.539801743630224	0.71775291531365	Saci_0861
glyS	2466.21762095028	0.14	0.119382493601488	1.20232664905229	0.229236995906103	0.415698397084579	Saci_0862
speB	1937.85908064917	0.04	0.133825358597412	0.273493410871894	0.784473956708011	0.88260939340575	Saci_0863
SACI_RS11605	353.409119752145	-0.00	0.209939591226696	-0.0158406496800582	0.987361518743714	0.992424247219927	Saci_0864
yciH	1815.05862024958	0.02	0.0973807058856437	0.231454842136861	0.816961463718642	0.90232137475169	Saci_0865
SACI_RS04140	4306.03750172196	0.25	0.120999564530741	2.10472563636454	0.0353151975679943	0.111408292109926	Saci_0866
SACI_RS04145	408.691337940928	0.75	0.165154979758323	4.55149395332502	5.32663289217203e-06	8.82174066756527e-05	Saci_0867
SACI_RS04150	17.3925599521745	1.62	0.521524193090086	3.11094905742907	0.00186487108105134	0.0114178998958238	Saci_0868
SACI_RS04155	420.787861924394	-0.49	0.129667960839984	-3.77210016556313	0.000161879241822117	0.00161655960109259	Saci_0869
SACI_RS04160	700.180958479501	-0.11	0.120865188886238	-0.911195630944973	0.362192305668665	0.56379883197628	Saci_0870
SACI_RS04165	636.649604373349	-0.18	0.119172689355081	-1.50352436617317	0.13270387844499	0.286584960459873	Saci_0871
cadA	9162.38821006358	0.38	0.222430650633477	1.70960581058647	0.0873387904420442	0.212012339135014	Saci_0872
SACI_RS11610	868.000942152355	2.13	0.309583366667082	6.88457310382635	5.79610835931724e-12	3.49698537678807e-10	Saci_0873
SACI_RS04175	89.0459735173706	-0.08	0.23848538753612	-0.332413707580342	0.73957688933219	0.852633229102715	Saci_0874
SACI_RS04180	161.03976735474	-0.33	0.223875851750434	-1.46947316393377	0.141704495480352	0.297589716396736	Saci_0875
SACI_RS04185	1085.48780812282	-0.42	0.117707270162526	-3.53809660841444	0.000403022571823774	0.00341606646616586	Saci_0877
SACI_RS04190	330.126488004953	-0.03	0.150220017860599	-0.191958434478397	0.847774764354214	0.918845702683309	Saci_0878
SACI_RS04195	56.6561017266453	-0.45	0.247850091251005	-1.82801765308991	0.0675469023041674	0.176759623789634	Saci_0879
SACI_RS04200	278.786480371649	-0.00	0.154811798650892	-0.0288866791860903	0.976954969659202	0.989092198282919	Saci_0880
SACI_RS04205	1271.97114463809	-0.20	0.133638847912115	-1.51721216885216	0.129213124935888	0.281441472355925	Saci_0881
SACI_RS04210	6831.61621884016	0.04	0.137736906233143	0.270610766788815	0.786690414017287	0.883729805661002	Saci_0882
SACI_RS04215	221.092706082665	0.55	0.241216024276188	2.26989993477368	0.0232136550827796	0.0817843614595251	Saci_0883
SACI_RS04220	1046.77976768692	-0.50	0.0911276372891756	-5.50267448409768	3.74072707785932e-08	1.13148243297472e-06	Saci_0884
SACI_RS04225	1417.29410298952	-0.07	0.15252270203112	-0.470639440475817	0.637898237575457	0.789478614801289	Saci_0885
SACI_RS04230	3585.13427967394	0.40	0.140056527328366	2.82439080185868	0.00473705868512459	0.0236526240553807	Saci_0886
SACI_RS04235	381.334407335878	-0.12	0.135359013854165	-0.921457815144156	0.356811455884956	0.559764884205217	Saci_0887
SACI_RS04240	164.413145035193	0.58	0.197513801290588	2.91505371128164	0.00355627332568333	0.0190017851497766	Saci_0888
SACI_RS04245	22.4532923230355	0.81	0.456762932663942	1.7729991021236	0.0762288556523797	0.191630873237232	SACI_RS04245
SACI_RS04250	13.4058022378595	1.77	0.657690852706298	2.69449499706824	0.00704953849280584	0.0320997853383109	Saci_0890
SACI_RS04255	378.905628283236	0.27	0.158952657743191	1.71887321742126	0.0856374598737954	0.209177256497837	Saci_0891
SACI_RS04260	230.760012742824	0.07	0.174724039132048	0.400802062842022	0.688565860005795	0.820611823282627	Saci_0892
tmk	488.779588197258	-0.68	0.127451069298722	-5.33216137016309	9.70506346471002e-08	2.67674893274288e-06	Saci_0893
SACI_RS04270	552.624395796394	-0.99	0.148482851461408	-6.66322188650924	2.67888736741244e-11	1.46378449358989e-09	Saci_0894
SACI_RS04275	679.333509189407	-0.49	0.10179184206495	-4.77508263147785	1.79633479650623e-06	3.55191839545713e-05	Saci_0895
SACI_RS04280	54.8499732998377	-0.61	0.27254324882528	-2.23553074386973	0.0253825255874628	0.08761358057365	Saci_0896
SACI_RS04285	195.258788500625	-0.05	0.180667651706127	-0.259163415479399	0.795509157181025	0.888809613887441	Saci_0897
SACI_RS04290	408.29135272533	-0.34	0.161862024404366	-2.11885811805663	0.0341024593586522	0.109127869947687	Saci_0898
SACI_RS04295	715.439417333564	-0.21	0.140989241317126	-1.46371028626449	0.143273123777188	0.29939242201258	Saci_0899
SACI_RS04300	3906.93996459531	-0.75	0.102021375426122	-7.38206702278723	1.55850696779515e-13	1.02578094971244e-11	Saci_0900
SACI_RS04305	366.188914622797	-0.78	0.15329319431237	-5.0667247931385	4.04718746936376e-07	1.01040128545495e-05	Saci_0901
SACI_RS04310	117.166298304875	-0.18	0.195040595499015	-0.91711174840495	0.359084085333759	0.561548895493762	Saci_0902
SACI_RS04315	1295.30531008031	-0.45	0.151184836401956	-2.98518264414159	0.00283409047324655	0.0157616996391705	Saci_0903
SACI_RS04320	104.500473492812	-0.38	0.208875581509336	-1.83424453360903	0.0666177035357221	0.175386244944955	Saci_0904
moaC	516.721156220911	-0.34	0.127097603714411	-2.71096753498373	0.00670871944550665	0.0310358650386378	Saci_0905
SACI_RS04330	1690.33176878791	-0.02	0.0943648163158629	-0.163556048466146	0.870080646906028	0.928857109803854	Saci_0906
SACI_RS04335	1776.07328552983	0.09	0.0941800642530579	0.960101840221612	0.337003962408268	0.543409507313109	Saci_0907
SACI_RS04340	845.8306503778	-0.19	0.163417584103202	-1.18965805534981	0.23418081765806	0.421758487523471	Saci_0908
SACI_RS04350	1751.50622987363	-0.08	0.111244732462624	-0.704291139071775	0.481251483380842	0.673094904535707	Saci_0910
SACI_RS04355	1321.3810264609	0.07	0.125275800931538	0.549758567630023	0.582484980065475	0.75105810430526	Saci_0911
SACI_RS04360	405.138023990992	0.04	0.111515707845441	0.388786526272898	0.697434068730973	0.827774206165942	Saci_0912
SACI_RS04365	389.727563107413	-0.29	0.13733264637644	-2.07974720163885	0.0375487261766967	0.116327513337992	Saci_0913
cobA	230.451409868414	-0.35	0.16668962820992	-2.08132517571289	0.0374041522980017	0.116101205846745	Saci_0914
SACI_RS11615	100.626276491252	0.87	0.243998909752417	3.55950866471981	0.000371549275236592	0.00319027429157629	Saci_0915
SACI_RS04375	2993.32355292496	0.10	0.118438528595416	0.828922041551778	0.407148522075959	0.608725926655641	Saci_0916
SACI_RS04380	2204.72356057298	0.31	0.120763916948923	2.58704370845539	0.0096803311896959	0.0415322061116434	Saci_0917
SACI_RS04385	76.6209902741127	-0.02	0.288403882431782	-0.0523161376515534	0.958276794938752	0.981318811224408	Saci_0918
SACI_RS04390	984.083488966122	0.07	0.12842720537335	0.51624889581118	0.605680583913623	0.767883918371992	Saci_0919
SACI_RS04395	2662.26754683809	-0.40	0.0955060151568668	-4.14482164364864	3.40078302353522e-05	0.000443633677304414	Saci_0920
SACI_RS04400	368.569341380759	0.17	0.144366044176546	1.1634763896926	0.24463627201398	0.435711343021209	Saci_0921
SACI_RS04405	8740.02115065288	0.46	0.191291821675071	2.37882525519561	0.0173679070914772	0.065487597055582	Saci_0922
mce	171.780301020527	-0.33	0.190413849304996	-1.75506797736332	0.0792476809758462	0.196827859439152	Saci_0923
SACI_RS04415	997.674721252845	-0.23	0.12624784773078	-1.7864877202739	0.0740203237356187	0.189032502238405	Saci_0924
SACI_RS04420	361.541399196534	0.23	0.139100489680649	1.66664116602348	0.0955857781154864	0.225420532102971	Saci_0925
SACI_RS04425	394.582683095987	-0.07	0.123425287953426	-0.598388456390593	0.549580766406034	0.725960107524017	Saci_0926
SACI_RS12040	3.7060426202064	-0.70	1.2691835955523	-0.552361086233499	0.580700986095303		Saci_0927
SACI_RS04430	483.024912553501	-0.01	0.133154354735668	-0.0469887801952666	0.96252216975934	0.982924700561234	SACI_RS04430
SACI_RS04435	7075.72932357955	-0.44	0.105730407155612	-4.17318647001409	3.00368908664315e-05	0.000404589934647374	Saci_0929
SACI_RS04440	1082.51816503793	-0.42	0.105904937427266	-3.92720437367975	8.59389527767115e-05	0.000928653758363271	Saci_0930
trxB	4376.62143590493	-0.03	0.114703084788259	-0.264891298758123	0.791093201564226	0.885926493321732	Saci_0931
SACI_RS04450	640.292982600791	0.05	0.121448296064001	0.374247488370636	0.708220196138718	0.83469704582241	Saci_0932
SACI_RS04455	68.7527315887587	-0.30	0.261446500833514	-1.14722630466198	0.251288102680949	0.443467608387586	Saci_0933
SACI_RS04460	204.748038504191	-0.44	0.183849317723236	-2.3905983224166	0.0168209445503283	0.0640966518654616	Saci_0934
SACI_RS04465	135.178757547525	-0.57	0.203287106413472	-2.80870411369247	0.00497413395428626	0.0244302755019373	Saci_0935
SACI_RS04470	210.947894575699	0.10	0.172846637579847	0.563749511926693	0.572924616335405	0.74436504661612	Saci_0936
SACI_RS04475	163.077723262995	0.02	0.205780753555422	0.0828972701095446	0.93393322470855	0.964663049868623	Saci_0937
SACI_RS04480	46.1944018139595	-0.07	0.323275808771594	-0.218620722018185	0.826945509417619	0.906447462253378	Saci_0938
SACI_RS04485	152.991496260335	-0.19	0.211826180368624	-0.911605418152033	0.361976469162345	0.56379883197628	Saci_0939
SACI_RS04490	6383.25543089629	0.11	0.229506810732819	0.45997582144832	0.645533575492104	0.793154533146005	Saci_0940
SACI_RS04495	237.635218930663	0.05	0.194148917548502	0.257641727637487	0.796683422573199	0.88968538825372	Saci_0941
SACI_RS04500	1486.13246473634	-0.61	0.186729894978713	-3.24895887072477	0.0011582822427596	0.00765841409824613	Saci_0942
SACI_RS04505	1953.08551160033	-0.23	0.141149642357617	-1.60102248268919	0.10937193961399	0.24901032792619	Saci_0943
SACI_RS04510	681.602678293249	0.05	0.14892268772188	0.340466177565054	0.733505489406751	0.848106707265668	Saci_0944
SACI_RS04515	357.031584931744	-0.26	0.138020299832306	-1.87139164736249	0.0612908157928496	0.16496115477332	Saci_0945
SACI_RS04520	307.058812887026	-0.06	0.134799985341368	-0.451385702198114	0.651711586344956	0.797025656273223	Saci_0946
SACI_RS11620	368.424032284232	-0.34	0.22566776119784	-1.52298598876576	0.127762210860215	0.279455711972192	Saci_0947
panB	224.488874821575	-0.39	0.253170806902461	-1.52529992215299	0.12718430719323	0.278612521657787	Saci_0948
SACI_RS04530	800.38737477091	0.51	0.137390346492545	3.68896880313612	0.00022516482371796	0.00213069600304617	Saci_0949
SACI_RS04535	198.346809915335	-0.25	0.170417453165402	-1.47982717451133	0.138919374608748	0.295404587511077	Saci_0950
SACI_RS04540	186.229466184456	-0.95	0.241774409559792	-3.9341361979514	8.3496430000186e-05	0.000909043839400521	Saci_0951
SACI_RS04545	520.524811070523	-0.11	0.12177508942595	-0.928303199750481	0.353250314762242	0.559329093248471	Saci_0952
SACI_RS04555	201.657263106118	0.00	0.152018254316675	0.0216754202341505	0.98270687097758	0.989985500248576	Saci_0954
ppa	2471.97530119623	0.31	0.133589957438175	2.28542187352465	0.0222881026401481	0.0791979696268329	Saci_0955
SACI_RS04565	458.927906371247	-0.25	0.123216761628872	-2.01886437151396	0.0435013182330964	0.127898291982789	Saci_0956
SACI_RS04570	638.926952277654	-0.29	0.125810409976317	-2.2775635526226	0.0227525941149138	0.0803555031180369	Saci_0957
rnhB	214.072810043917	-0.37	0.154337962412489	-2.36627472781262	0.0179681054888476	0.0669308480852291	Saci_0958
SACI_RS04580	801.661698351079	-0.12	0.12098622570072	-0.971857643968709	0.331121373910777	0.536327099939415	Saci_0959
SACI_RS04585	382.36488092051	-0.24	0.157910786202509	-1.50019503761924	0.133563888320508	0.287798378404905	Saci_0960
SACI_RS04590	809.893015256691	-0.11	0.111573567635232	-0.993491101297994	0.32047068493413	0.524340736479798	Saci_0961
SACI_RS04595	1368.48596590821	0.10	0.151271865261686	0.657992575127202	0.51054290219614	0.695330157159441	Saci_0962
SACI_RS04600	1150.78451678335	0.06	0.108575879868189	0.561719934032014	0.574306850546594	0.745157992465474	Saci_0963
SACI_RS04605	610.777670362229	-0.22	0.148698369972543	-1.47395950863387	0.140492493635087	0.296852978997773	Saci_0964
SACI_RS04610	475.225038844634	-0.76	0.161179661665702	-4.7400297389178	2.13686853044699e-06	4.09825911534733e-05	Saci_0965
SACI_RS04615	783.877688172905	-0.13	0.126969338384756	-0.997298700771412	0.318619544188351	0.522197057141746	Saci_0966
SACI_RS04620	1317.94832431609	-0.32	0.0920150482679381	-3.44101484396881	0.000579536738456225	0.00445182598028973	Saci_0967
SACI_RS04625	311.307727950457	0.07	0.157509048946918	0.417059296562161	0.676635036189987	0.813581853947702	Saci_0968
SACI_RS04630	1224.26304655187	-1.17	0.232873556187751	-5.01421206852051	5.32512291101842e-07	1.25378503661052e-05	Saci_0969
SACI_RS04635	524.154206227538	-1.24	0.182993083343954	-6.76210257644932	1.36003352777904e-11	7.83341430246849e-10	Saci_0970
SACI_RS04640	1019.98914761362	0.07	0.11322407966464	0.621765484880416	0.5340960848463	0.714604667922399	Saci_0971
SACI_RS04645	715.425679165442	0.16	0.117664189358082	1.34260696260938	0.179399274647927	0.351753757197289	Saci_0972
SACI_RS04650	1742.14909132288	-0.49	0.135329388161778	-3.59133390530575	0.000328989814933665	0.00290473934160943	Saci_0973
SACI_RS04655	7109.63258432395	-1.27	0.133018885544002	-9.56689540081433	1.10164071848735e-21	1.45015978215425e-19	Saci_0974
SACI_RS04660	19104.6007345396	-0.95	0.121479762264019	-7.85298256571655	4.06258158703291e-15	3.1797935881209e-13	Saci_0975
SACI_RS04665	10055.3086566516	0.03	0.112406702807422	0.307115819238765	0.758755217182836	0.867161426963456	Saci_0976
SACI_RS04670	5568.81611395183	-0.32	0.117643300342151	-2.72794574666799	0.00637300887742704	0.0298162095460884	Saci_0977
SACI_RS04675	2251.97177958732	-0.17	0.146351274003845	-1.14254936362454	0.253225739557964	0.444434857103708	Saci_0979
SACI_RS11825	9503.52053602866	0.05	0.141226982444085	0.387717824704756	0.698224863466337	0.82837329151926	Saci_0980
SACI_RS11830	10550.8977231522	0.06	0.134617277855117	0.458344648466932	0.646704851635997	0.793647815928963	Saci_0981
SACI_RS04690	19461.3595243819	-0.10	0.153112705229658	-0.636623260796067	0.524370270045322	0.707301491407198	Saci_0982
SACI_RS04695	268.58699754644	-0.04	0.161091244364416	-0.236178522011325	0.813294145081985	0.900255738036772	Saci_0983
SACI_RS04700	73.0559180764465	0.35	0.267118767320867	1.30320515472955	0.192504730778429	0.367013627606537	Saci_0984
SACI_RS04705	727.136774420121	0.09	0.129411158125832	0.700638023808284	0.483528942549892	0.67417459163655	Saci_0985
SACI_RS04710	12247.5891527604	0.00	0.10156542656801	0.0189218629674779	0.984903438536337	0.991063362752339	Saci_0986
SACI_RS04715	317.787424011064	0.33	0.218859481201794	1.50793831076467	0.13157031631826	0.28520032639048	Saci_0987
SACI_RS04720	95.8389440937155	-0.77	0.261704867642898	-2.94705965059348	0.00320811311471358	0.0173657861312347	Saci_0988
SACI_RS04725	1136.81346818924	-0.36	0.107989832238812	-3.33375677840168	0.000856815446927316	0.00611994121506121	Saci_0989
SACI_RS04730	749.676104928033	0.04	0.158899209732119	0.244812501810546	0.806601613383845	0.896361578035155	Saci_0990
SACI_RS04735	2038.34222721275	-0.16	0.0903391420744095	-1.82102053457737	0.0686037354727074	0.178826658801945	Saci_0991
SACI_RS04740	464.214559705316	-0.26	0.141886940216915	-1.79923252163926	0.0719819070348791	0.185132862142993	Saci_0992
SACI_RS04745	2120.0960436655	0.18	0.10512099371532	1.6856163386226	0.0918697201705251	0.219698356411099	Saci_0994
SACI_RS04750	1517.74557468097	-0.16	0.112456337910461	-1.40102998342969	0.16120510717508	0.324201382207661	Saci_0995
SACI_RS04755	412.840102618124	-0.08	0.176258881964545	-0.45226898506926	0.651075216348938	0.796744175940441	Saci_0996
SACI_RS04760	753.585842079258	0.40	0.194573801521319	2.04883482397704	0.0404782692697494	0.122176125969806	Saci_0997
SACI_RS04765	703.669957088629	-0.19	0.123947519703947	-1.51471894175546	0.129843595441073	0.282302591889899	Saci_0998
prf1	5070.28181904657	-0.32	0.0858427370118473	-3.75418919617112	0.000173903477305366	0.00170720159415708	Saci_0999
SACI_RS04775	23.2173623334846	3.05	0.570630608351781	5.35222902370703	8.68773439267928e-08	2.41919988473069e-06	Saci_1000
SACI_RS11975	14.1218096010997	-0.50	0.536497713362864	-0.932617615703661	0.35101743478746	0.55701177596958	SACI_RS11975
SACI_RS04785	417.168184400014	-0.01	0.154701659117798	-0.0582774086184371	0.953527662236165	0.978376564061377	Saci_1002
SACI_RS04790	717.35778769189	4.29	0.278256027834361	15.4172038878672	1.25418115774719e-53	6.05351438805978e-51	Saci_1003
SACI_RS04795	92.3055542857122	0.84	0.389233002142642	2.16358777369982	0.030496000701518	0.100275063708552	Saci_1004
SACI_RS04800	488.248894884307	0.23	0.140154537352304	1.62650156783602	0.103843000104959	0.240776083509978	Saci_1005
SACI_RS04805	1735.50034975455	0.00	0.0980776375468895	0.0252913224131933	0.979822595429954	0.989092198282919	Saci_1006
SACI_RS04810	891.207154856621	-0.08	0.121608146685078	-0.685539897958639	0.493003292845655	0.681172488588271	Saci_1007
SACI_RS04815	2621.42252831696	0.13	0.132656027836335	0.958477693294538	0.337821934484391	0.544122537412011	Saci_1009
SACI_RS04820	77.8738072137992	-0.06	0.284417327294128	-0.208809269952777	0.834597134476718	0.911631970601946	Saci_1010
SACI_RS04825	286.123122370326	0.06	0.183942280141205	0.3406291874541	0.733382753720329	0.848106707265668	Saci_1011
SACI_RS04830	518.759900230467	-1.21	0.403830846859271	-3.00085362885778	0.00269223943674447	0.0152279793140859	Saci_1012
SACI_RS04835	489.583337025542	-0.32	0.120384519866844	-2.62829842180912	0.00858131978337551	0.0378257261684254	Saci_1013
SACI_RS04840	514.930391348491	0.00	0.13722643037437	0.0145046025131774	0.988427407375988	0.992884416150143	Saci_1014
SACI_RS04845	1320.23357826703	-0.30	0.113797824863463	-2.65138693804979	0.00801619465696885	0.0357530979577455	Saci_1015
SACI_RS04850	285.524221986356	-0.15	0.142713560425327	-1.02095561947558	0.307275465801338	0.507048290006083	Saci_1016
SACI_RS04855	1153.04973610119	0.30	0.126793055488386	2.33845051989299	0.0193638896138863	0.0710359308670044	Saci_1017
SACI_RS04860	1168.3655177297	0.38	0.125340221886073	2.99621545207866	0.0027335322201035	0.0153818185090087	Saci_1018
SACI_RS04865	44.719064811246	-0.78	0.321775461393521	-2.41408869259114	0.0157746219477773	0.060587937878996	Saci_1019
SACI_RS04870	1607.6934296633	-0.22	0.122965640263845	-1.79303784636427	0.072966872699691	0.186796450738393	Saci_1020
SACI_RS04875	3122.29454044622	0.15	0.164015335144459	0.893764120977699	0.371448109733657	0.574124863657678	Saci_1021
SACI_RS04880	511.200875714333	-0.08	0.182681453394347	-0.433238820041465	0.664841279343777	0.805897818097961	Saci_1022
SACI_RS04885	407.418133838773	0.12	0.148666861033892	0.815199828958318	0.414957935771294	0.614689607157886	Saci_1023
SACI_RS04890	864.117877077481	0.08	0.106393111691553	0.715057786202612	0.474573337037448	0.669441979571578	Saci_1024
SACI_RS04895	534.923362281099	0.18	0.144683904863701	1.24822173040396	0.211949868132536	0.393614109194778	Saci_1025
SACI_RS04900	327.330842583412	-0.65	0.145001025414136	-4.46146276498005	8.14020917643187e-06	0.000128119813994276	Saci_1026
SACI_RS04905	1156.45124697043	0.10	0.129725359116003	0.757122042800675	0.448976749196122	0.646562240513162	Saci_1027
SACI_RS04910	750.136328043206	-0.11	0.169310794034394	-0.672656726372616	0.50116570386782	0.687855866540856	Saci_1028
SACI_RS04915	161.920447502099	-0.35	0.162479081838595	-2.17225025570418	0.0298367918842233	0.0989774906033341	Saci_1029
SACI_RS04920	214.643175512852	-0.00	0.153410960672388	-0.00140947433005088	0.998875402565562	0.998875402565562	Saci_1030
SACI_RS04925	176.170485307631	-0.06	0.180742279171229	-0.346949217782607	0.728629470047178	0.845397013323969	Saci_1031
SACI_RS04930	480.527647139787	0.09	0.147838160161912	0.607298863666619	0.543652592329657	0.720227770991165	Saci_1032
SACI_RS04935	1541.4537087618	-0.18	0.137296701297152	-1.31224129247499	0.189438733505069	0.363561678085274	Saci_1033
SACI_RS04940	2568.92842392494	-0.15	0.204412489909817	-0.753709995629353	0.451023378530309	0.647587468275874	Saci_1034
SACI_RS04945	3453.99813652505	-0.09	0.176760646542698	-0.501097346489877	0.616302614240287	0.773696006100411	Saci_1035
SACI_RS04950	2271.1692252244	-0.18	0.151280493421668	-1.16556022219637	0.243792298344745	0.435278974109977	Saci_1036
SACI_RS04955	3601.32063305034	-0.06	0.130914145018558	-0.492514738201842	0.622355505653381	0.777533870786782	Saci_1037
SACI_RS04960	105931.735475912	1.08	0.148739219625655	7.25029372936988	4.15868765866661e-13	2.67634654655522e-11	Saci_1038
SACI_RS04965	191.451514492909	-0.04	0.172490280203816	-0.229256490769227	0.818669568244382	0.902843514712769	Saci_1039
SACI_RS04970	378.739760391076	-0.51	0.138828902539115	-3.68291307127138	0.000230583806399666	0.00215409904301107	Saci_1040
SACI_RS04975	2499.23269856917	-0.10	0.102232986221164	-0.994935103810482	0.319767828354488	0.523486507017861	Saci_1041
SACI_RS04980	213.206832692294	0.05	0.158349603672292	0.330267579780551	0.741197787403149	0.853751393330192	Saci_1042
SACI_RS04985	640.697248341222	0.03	0.122427435828944	0.222657256197501	0.823802270825596	0.905764000770384	Saci_1044
SACI_RS04990	538.899986744172	-0.87	0.279180279034265	-3.1041202244548	0.00190845763755534	0.0116601124859921	Saci_1045
SACI_RS12045	277.278968849512	0.30	0.286910286159263	1.02871756488932	0.303612413530383	0.501861615059355	SACI_RS12045
SACI_RS04995	506.475808859525	-0.72	0.161159274712277	-4.47478509545441	7.64882054445753e-06	0.000123061023870828	Saci_1046
SACI_RS05000	2189.37375653448	-0.42	0.167196110777352	-2.49328251353201	0.0126568096116107	0.0507674801041891	Saci_1047
SACI_RS05005	42.3525603443677	-0.38	0.280319736016617	-1.36834700953802	0.171203482608023	0.339592661392352	Saci_1048
SACI_RS05010	420.263293865188	-0.24	0.159000725244783	-1.52545255235373	0.127146259505121	0.278612521657787	Saci_1049
SACI_RS05015	893.768722948464	-0.31	0.114986413937655	-2.70325803127694	0.00686634205114511	0.03161355577125	Saci_1050
SACI_RS05020	406.814411068902	-0.37	0.182342050741296	-2.04266330598537	0.0410857796112124	0.123427819246962	Saci_1051
SACI_RS05025	99.9296429261607	-0.48	0.232052933943718	-2.04936945904584	0.040426001323956	0.122176125969806	Saci_1052
SACI_RS05030	547.401274811746	-0.23	0.119774042530793	-1.93151134601493	0.0534198475733992	0.150343905318332	Saci_1053
SACI_RS05035	676.153749412331	-0.95	0.276004135343477	-3.4432894997085	0.000574683776671664	0.00443809124597637	Saci_1054
SACI_RS05040	185.394352255111	-0.28	0.199619562362881	-1.39462460683512	0.163129070779014	0.327161903723009	Saci_1055
SACI_RS11835	435.810202894341	-0.11	0.161504861342939	-0.690656727279828	0.489781289242445	0.678895601217933	Saci_1056
SACI_RS05045	572.400779127606	-0.19	0.190702458674474	-0.974003782138882	0.330054661315777	0.535183818124575	Saci_1057
SACI_RS05050	191.501506608031	-0.64	0.194725218065978	-3.28128197645299	0.00103336379968447	0.00710836475982476	Saci_1058
SACI_RS05055	221.060729970067	-0.44	0.171010639725419	-2.56254945300498	0.0103906788782897	0.0436611251308645	Saci_1059
SACI_RS05060	946.812266577154	-0.33	0.137840603979443	-2.40345070834537	0.0162411563906597	0.0620506449965047	Saci_1060
SACI_RS05065	553.956832697023	-0.88	0.309839629846094	-2.85502922129388	0.00430328693542427	0.0219898280743196	Saci_1061
SACI_RS05070	238.509456154071	0.03	0.158304858919151	0.162013301371815	0.871295379275394	0.928857109803854	Saci_1062
crn1	455.169535940053	-0.26	0.163985814096801	-1.60440944699237	0.108623830023508	0.247891735026066	Saci_1063
SACI_RS05080	491.242311625391	0.01	0.129013417166453	0.0639858263845395	0.94898151258651	0.975594767643072	Saci_1064
SACI_RS05085	519.041326776847	-0.48	0.159097810605322	-3.01912432826126	0.00253506474778426	0.0145955218878394	Saci_1065
SACI_RS05090	382.292075673545	-0.57	0.19853925685674	-2.86900612441169	0.00411763825565811	0.0212182925060247	Saci_1066
SACI_RS05095	142.714802787083	-0.52	0.23723769749976	-2.17330387863577	0.0297574537702914	0.098827507016931	Saci_1067
SACI_RS05100	44.4074034965712	-1.06	0.307905784934465	-3.42740569947755	0.000609377911357709	0.00464410113497875	Saci_1068
SACI_RS05105	2002.53817679289	-0.28	0.0978817988673343	-2.85050862305515	0.00436493667970285	0.0222159167388742	Saci_1069
SACI_RS05110	261.221534748065	-0.09	0.155117873635858	-0.609626781956987	0.542109066294552	0.719219398108122	Saci_1070
SACI_RS05115	1065.84057676001	-0.26	0.101313006643034	-2.59829675477779	0.0093687488837625	0.0404350175370733	Saci_1071
SACI_RS05120	476.992258357537	-0.04	0.121034768538902	-0.312135224730504	0.754937757430778	0.864309146680416	Saci_1072
SACI_RS05125	219.062356715077	0.34	0.223250144572207	1.51767330775733	0.129096776233477	0.281441472355925	Saci_1073
SACI_RS05130	818.382094759495	0.63	0.21801948876376	2.87798111352361	0.00400229099750563	0.020771746825764	Saci_1074
SACI_RS05135	1257.75906642225	0.44	0.168697815872559	2.60492027337476	0.00918956406517816	0.0399378583142003	Saci_1075
SACI_RS05140	833.620995490337	-0.10	0.169024136712528	-0.579526484044432	0.562233981804729	0.736089336033678	Saci_1076
SACI_RS05145	377.993092681843	-0.11	0.151817689955949	-0.70936531324698	0.47809780715723	0.670819403840765	SACI_RS05145
SACI_RS05150	3127.88257884318	0.36	0.0912628890442807	3.95828031816596	7.54913293630655e-05	0.000834438510822281	Saci_1078
SACI_RS12050	3999.08941214143	5.14	0.184781870018203	27.7904853883528	5.6528002176046e-170	5.45683647672764e-167	SACI_RS12050
SACI_RS05155	5575.69880624129	0.31	0.114664227221673	2.67529257268121	0.0074664060383797	0.033680236584342	Saci_1079
SACI_RS05160	353.103644632162	-0.04	0.138352182556456	-0.280146949929973	0.779364765372678	0.879633143152089	Saci_1080
SACI_RS12215	24.7439701390856	-0.23	0.426583283030464	-0.541478264082502	0.588177975461215	0.754702444366716	SACI_RS12215
SACI_RS12220	17.6966365217469	-1.57	0.44947447298499	-3.49633500622326	0.000471696100000575	0.00381382165992264	SACI_RS12220
SACI_RS05170	759.580129302514	-0.44	0.135601057087466	-3.25074341801904	0.00115103686488368	0.0076279239375358	Saci_1084
SACI_RS05175	204.179020947218	0.21	0.19234711058187	1.09858011472132	0.271951255261237	0.467956527175605	Saci_1085
SACI_RS05180	506.682129090572	-0.18	0.146544521974513	-1.25211874807223	0.21052659712331	0.391828422409451	Saci_1086
SACI_RS05185	671.068432297171	-0.04	0.110092343606751	-0.370385612357142	0.711095192430713	0.835428672324278	Saci_1087
SACI_RS05190	12.1141900605887	0.19	0.543436136729709	0.358470256379955	0.719991422899414	0.840764177708347	Saci_1088
SACI_RS11920	15.8348917463924	0.43	0.61797056965732	0.698114063805819	0.485105863506508	0.67567437618981	SACI_RS11920
SACI_RS12135	8.25486934363426	-0.12	0.703172450265006	-0.173809464070789	0.86201520635489	0.928196051426867	SACI_RS12135
SACI_RS05195	514.665261195667	0.20	0.209238177788245	0.966249016177033	0.333919591050105	0.53963791053633	Saci_1090
SACI_RS05200	35.5082451523457	-0.29	0.336799066374071	-0.847782959833594	0.396558854694974	0.599704670076577	Saci_1091
SACI_RS05205	206.698680130237	0.20	0.17619856128365	1.13244526838422	0.257447282285961	0.449261491692081	Saci_1092
SACI_RS05210	176.225354341923	-0.22	0.172798593964926	-1.29472490898345	0.19541514396236	0.370610515333985	Saci_1093
SACI_RS05215	105.842923809672	0.05	0.209194630296169	0.225689249745067	0.821443119846816	0.904180644270763	Saci_1094
SACI_RS05220	426.029072793343	0.61	0.161062237896495	3.76753395321591	0.000164868122991529	0.0016295497753702	Saci_1095
uvsE	94.148932503739	0.38	0.256001172447702	1.49111948402937	0.135930127738705	0.290733862578501	Saci_1096
SACI_RS05235	182.885408074523	-0.40	0.19222590028927	-2.07024531340358	0.0384293778469163	0.117644268757579	Saci_1099
SACI_RS05240	1941.94977112045	0.30	0.159245909975654	1.88849841323103	0.0589590707360934	0.160023869589247	Saci_1100
folK	113.988301465128	-0.51	0.202590463073329	-2.50778397030919	0.0121490917945713	0.0490708086988544	Saci_1101
SACI_RS05250	109.465414883574	-0.35	0.307899951521547	-1.14532512329268	0.25207450257465	0.444313913241745	Saci_1102
SACI_RS05255	2893.14761223006	0.43	0.0929144631466496	4.64311253907385	3.43199287147874e-06	6.25097569547322e-05	Saci_1103
SACI_RS05260	1272.49669316304	0.47	0.17150244362873	2.75082474690793	0.00594454369399338	0.0283148002266527	Saci_1104
SACI_RS05265	387.212059829801	0.42	0.175864306509636	2.41123582053658	0.0158985650000668	0.0609831049538988	Saci_1105
SACI_RS05270	939.096634509571	0.33	0.190140774366062	1.761795909143	0.0781037861807112	0.194487158021788	Saci_1106
SACI_RS05275	742.675672931331	0.86	0.178302133883422	4.80784200916691	1.5256826212765e-06	3.06831727167829e-05	Saci_1107
SACI_RS05280	3356.330306679	0.22	0.129039028781623	1.7267125217132	0.084219305707573	0.206344424136321	Saci_1108
SACI_RS05285	5171.53312811805	0.37	0.121010898036129	3.04961636762042	0.00229133846896599	0.0135422779716847	Saci_1109
SACI_RS05290	776.226061058344	0.44	0.098723737898558	4.46864013809308	7.87184335007753e-06	0.00012594949360124	Saci_1110
SACI_RS05295	1069.48771972695	0.26	0.157826598373702	1.64908025144055	0.0991311948881263	0.232456631899606	Saci_1111
SACI_RS05300	2115.90068944001	0.45	0.155960058820432	2.90685806292954	0.00365078809193958	0.0192580734321621	Saci_1112
SACI_RS05305	1264.98942403654	0.24	0.173678055709563	1.39098398967637	0.164230281771134	0.328460563542268	Saci_1113
SACI_RS05310	5002.43533423415	0.60	0.168865880042168	3.56341118270829	0.000366066590319329	0.00315514537370469	Saci_1114
SACI_RS05315	968.163072413531	0.63	0.124703198801023	5.02259532235636	5.09778820309451e-07	1.2200987302613e-05	Saci_1115
SACI_RS05320	738.220170212717	0.36	0.141405241023691	2.56898877880953	0.0101995760138795	0.0429330990351673	Saci_1116
glpK	3188.018791764	1.02	0.161263820792533	6.35189225802577	2.12682272750255e-10	1.0439455286182e-08	Saci_1117
SACI_RS05330	724.463437987164	0.66	0.13913085171948	4.71432434178763	2.42514108686303e-06	4.62053196549692e-05	Saci_1118
SACI_RS05335	150.862005079599	0.17	0.186350857442237	0.892746997640374	0.371992675956227	0.574124863657678	Saci_1119
SACI_RS05340	313.615109431838	0.16	0.188245012983861	0.830568029176541	0.406217701940914	0.608183573466878	Saci_1120
SACI_RS05345	1298.62767193413	0.18	0.133705408006638	1.34116763244679	0.179866032719921	0.351954074835738	Saci_1121
SACI_RS05350	2118.12529172541	0.30	0.12733815285455	2.34228658236781	0.0191659918333754	0.0705269534300574	Saci_1122
SACI_RS05355	2667.23543420642	0.23	0.118961088845296	1.93743677598372	0.0526919748192783	0.148751145016447	Saci_1123
SACI_RS05360	18.7193204487888	0.39	0.463177903077562	0.851011537721096	0.394762943646558	0.598231916029572	Saci_1124
SACI_RS05365	3352.01692089254	0.42	0.14332355294602	2.90802083928333	0.00363724098764615	0.0192307994463044	Saci_1125
SACI_RS05370	500.270600523166	-0.64	0.20396397774008	-3.1392569945706	0.00169376831225317	0.0106866079134754	Saci_1126
SACI_RS05375	12555.3712434516	-0.50	0.123165533076212	-4.05621437574187	4.98744863230396e-05	0.000601818801631345	Saci_1127
SACI_RS05380	1565.32173341257	-0.33	0.161871814262653	-2.05054621114074	0.0403111591563814	0.122114139034394	Saci_1128
SACI_RS05385	446.024887770285	-0.63	0.190206882026799	-3.33548992798986	0.000851492383001116	0.00610376718111691	Saci_1129
SACI_RS05390	552.03496024199	-0.69	0.214864043185267	-3.19336797520382	0.00140623624652556	0.00913107661421081	Saci_1130
SACI_RS05395	317.765093812225	-0.30	0.182794407857581	-1.64774711520069	0.0994045753502798	0.232720816664843	Saci_1131
SACI_RS05400	319.992659651096	-0.10	0.142574213375993	-0.719865493448463	0.471607815591393	0.667782995901741	Saci_1132
SACI_RS05405	63.0818056163584	0.82	0.351060944224652	2.32991182373201	0.0198108119748286	0.0723481859761712	Saci_1133
SACI_RS05410	3548.9531985849	-0.18	0.108304005719629	-1.67951199850888	0.093052302440409	0.221429308025821	Saci_1134
SACI_RS05415	210.74038332567	-0.56	0.215993167105671	-2.61303239115207	0.00897427963982544	0.0391998700406252	Saci_1136
SACI_RS05420	594.244447847731	0.48	0.151438168880263	3.16998276337985	0.00152447980625878	0.00981087448650098	Saci_1137
SACI_RS05425	152.471917161698	0.61	0.249473953180985	2.44154730146586	0.0146244723494363	0.0575441194619123	Saci_1138
SACI_RS05430	286.670324519258	-0.37	0.152166994605004	-2.42300598820824	0.0153926729472451	0.0594362411402958	Saci_1139
SACI_RS11980	4549.82607010091	-0.40	0.112709959874218	-3.51143028851129	0.00044570234142653	0.00363592670639783	Saci_1140
SACI_RS05440	424.138073733202	-0.91	0.18557358093639	-4.91354938457155	8.94421900627556e-07	1.93301927180403e-05	Saci_1141
SACI_RS05445	1173.88253121717	-0.24	0.139219846134587	-1.69128158207127	0.0907830359674664	0.217876631519961	Saci_1142
SACI_RS05450	4.8287768293957	0.41	1.19827598505756	0.345941604112701	0.729386601213706		Saci_1143
SACI_RS05455	3.05918140353691	0.99	1.1335762225131	0.869667692284304	0.384482032923215		SACI_RS05455
SACI_RS11845	0.364883810113674	1.25	4.79355816469324	0.260638179714746	0.79437154386299		SACI_RS11845
SACI_RS05460	10.9083441445399	0.69	0.734460162071901	0.933876662003446	0.350367518649425	0.556285270838122	SACI_RS05460
SACI_RS05465	11436.6181777969	0.07	0.110614090729472	0.66489798355003	0.506115745560794	0.691699480483275	Saci_1147
SACI_RS05470	4687.70328164887	0.23	0.127662225267078	1.76756156307685	0.0771342285537878	0.192877720192604	Saci_1148
SACI_RS05475	1951.40236745745	-0.31	0.118850700091253	-2.63095025594767	0.00851464978141769	0.0375890636691854	Saci_1149
SACI_RS12225	238.41426734238	-0.40	0.154391545498939	-2.59167736969372	0.00955092938234944	0.0410987986497533	SACI_RS12225
SACI_RS05480	152.053748223374	-0.09	0.176900433152956	-0.532654678770454	0.594272644293235	0.759136812614216	Saci_1151
SACI_RS05485	150.898845254545	0.14	0.234199608118538	0.609570451741525	0.542146390217552	0.719219398108122	Saci_1152
SACI_RS05490	178.884018582148	0.39	0.206786977251851	1.88776571561096	0.0590574097123196	0.160140691504567	Saci_1153
SACI_RS05495	176.018024355708	0.07	0.179646420034715	0.38134272406519	0.702948955195787	0.832464349520995	Saci_1154
SACI_RS05500	1077.71286987437	-0.21	0.133641168862803	-1.58072118243924	0.113941802847752	0.25619212814215	Saci_1155
SACI_RS05505	7270.54565839738	-0.24	0.15860643742079	-1.50506974149491	0.132306147385696	0.286580854771112	Saci_1156
SACI_RS05510	4494.36668432479	-0.11	0.158402540588738	-0.679385787270537	0.496893452899081	0.684913583815202	Saci_1157
SACI_RS12055	23.7436223920221	1.32	0.461425109999028	2.87111782261562	0.00409023039479946	0.0211146296316208	SACI_RS12055
SACI_RS05515	357.523085359856	-0.14	0.125823322441513	-1.13685489087622	0.255598952224972	0.447259556280071	Saci_1158
SACI_RS05520	150.748499244028	-0.13	0.191943876598609	-0.687947793253006	0.491485658138618	0.680374027710056	Saci_1159
SACI_RS05525	9073.99673729227	-0.35	0.119511187685037	-2.93989421327426	0.00328324320833698	0.0177132980979903	Saci_1160
SACI_RS05530	2927.55065870229	-0.59	0.0989272834189641	-5.92850032284654	3.05713812548131e-09	1.14980155992128e-07	Saci_1161
SACI_RS05535	66803.0121692856	-0.24	0.150400219903773	-1.57144016012719	0.116080443752543	0.259589934445842	Saci_1162
SACI_RS05540	5229.19393722832	-0.75	0.169026497967135	-4.46623922984587	7.96065893991573e-06	0.000126670704890088	Saci_1163
SACI_RS05545	7468.82230236469	-0.72	0.157420657213146	-4.5650788225347	4.99306697429405e-06	8.45609471202079e-05	Saci_1164
SACI_RS05550	74203.2936122417	-0.33	0.168937656894445	-1.94619417792132	0.0516314190237193	0.146813115871976	Saci_1165
SACI_RS05555	6782.97019481908	-0.51	0.169396687963329	-3.00433414424685	0.00266162831705379	0.0151138737376231	Saci_1166
SACI_RS05560	720.338609840344	-0.69	0.236186010831896	-2.92977617310396	0.00339206238572223	0.0181578792403911	Saci_1167
SACI_RS05565	266.738470337751	0.19	0.151462437536923	1.28055162268351	0.200351201530305	0.377745494551929	Saci_1168
SACI_RS05570	305.497116376688	2.80	0.323871801354244	8.63855994760027	5.69259861013969e-18	6.86906898956856e-16	Saci_1169
msrA	889.967429006896	0.39	0.14794312739685	2.61194551729964	0.00900286002059535	0.039265485872958	Saci_1170
SACI_RS05580	551.641452463964	0.31	0.231973686349282	1.33155209094729	0.18300741691889	0.355936520750238	Saci_1171
SACI_RS05585	246.976807335803	-0.62	0.318267286185763	-1.94636996089362	0.0516103152510013	0.146813115871976	Saci_1172
SACI_RS05590	653.701891028846	-0.47	0.387235606620101	-1.22283119851128	0.221393459147757	0.405537923903798	Saci_1173
SACI_RS05595	228.848568053615	-0.76	0.452303241767913	-1.69115602299075	0.0908070076811441	0.217876631519961	Saci_1174
SACI_RS05600	229.822644684771	-0.56	0.455644101494304	-1.22132727118533	0.221962131847546	0.405809554185918	Saci_1175
SACI_RS05605	276.242521498504	-0.88	0.523515101886814	-1.68064541538128	0.0928318088459687	0.221174789340894	Saci_1176
SACI_RS05610	637.839054046104	-0.59	0.467463351754125	-1.26641802397128	0.205363461348657	0.383360584225608	Saci_1177
SACI_RS05615	9664.38785342059	-0.36	0.443585229451956	-0.809954828003474	0.4179661382718	0.618829210856408	Saci_1178
SACI_RS05620	14.2712721884842	0.59	0.638364687135236	0.931958015757367	0.351358223225543	0.557247214929448	Saci_1179
SACI_RS05625	1668.21521515918	0.04	0.198858992638929	0.181478675280125	0.855991869893161	0.92360374635268	Saci_1180
arnS	653.934127527273	0.37	0.167257343685481	2.22340584769038	0.0261884457478355	0.0898598801963645	Saci_1181
SACI_RS05635	1744.19119388293	0.64	0.149690351629646	4.30538174483917	1.66698021475158e-05	0.000237811561670965	Saci_1182
SACI_RS05640	9107.22018208757	0.46	0.163595579575269	2.78217331395735	0.00539961962874314	0.0262370779275841	Saci_1183
SACI_RS05650	139.05290563522	-0.22	0.206923765168834	-1.07446879002156	0.282612625619322	0.480027075538742	Saci_1185
SACI_RS05655	319.20861766723	0.82	0.198087858382932	4.13487189097671	3.55152698006406e-05	0.00045336411781785	Saci_1186
SACI_RS05660	428.136483888178	-0.19	0.148309166288715	-1.31266561732365	0.189295648208562	0.363527982236071	Saci_1187
SACI_RS05665	1302.89542893896	0.14	0.130335471151674	1.04866991663392	0.294330064617092	0.493275386071237	Saci_1188
SACI_RS05670	1607.96294693699	-1.00	0.148978235756443	-6.69757942088449	2.1190007230146e-11	1.18012040266351e-09	Saci_1189
purE	267.398243882936	0.37	0.183130044195253	2.03222473633214	0.0421309097904156	0.125364628049663	Saci_1190
SACI_RS05680	1105.52623504984	0.53	0.108761685817718	4.91769087797279	8.75710526716214e-07	1.906810289752e-05	Saci_1191
SACI_RS05685	513.13019855944	0.16	0.131769585667249	1.24332857041309	0.213746780148521	0.396040099366677	Saci_1192
SACI_RS05690	3700.5886272642	-0.88	0.139733342298761	-6.32966278075426	2.45697569610966e-10	1.16645928130058e-08	Saci_1193
SACI_RS12060	1962.05592930257	0.24	0.20088813600311	1.17231278281487	0.241071501339874	0.431403645369391	Saci_1194
SACI_RS05695	581.315985890464	-0.40	0.175900533910231	-2.26190903589328	0.02370302398771	0.0830035761407594	Saci_1195
SACI_RS05700	1140.06534781374	-0.22	0.0990547716896872	-2.18732455041734	0.0287188397489374	0.0965967014087373	Saci_1196
SACI_RS05705	846.467147056269	0.01	0.111961133319845	0.106312405989342	0.915334488818065	0.953569478242593	Saci_1197
SACI_RS05710	1358.7455639223	-0.07	0.119678992356762	-0.604948257546237	0.545213377228197	0.721740270149077	Saci_1198
SACI_RS05715	2940.30267078853	-0.37	0.135309671264606	-2.73778264253209	0.00618549425032575	0.0289857465193258	Saci_1199
SACI_RS05720	772.449592615661	-0.08	0.140537221979132	-0.56793214255458	0.57008104545016	0.741668781502095	Saci_1200
SACI_RS05725	1277.08181069339	-0.08	0.10420394535213	-0.740885470630745	0.45876288578782	0.655117020336059	Saci_1201
SACI_RS05730	908.441527357395	-0.22	0.111060493124333	-1.99803943024244	0.0457123854802281	0.133182161318653	Saci_1202
SACI_RS05735	6701.35937237994	0.29	0.116181135905923	2.52140769178673	0.0116886338639009	0.0480145867657546	Saci_1203
SACI_RS05740	426.237505599963	0.98	0.140832812405324	6.94223437710116	3.85946183443618e-12	2.37808541968663e-10	Saci_1205
SACI_RS05745	336.309248057663	0.06	0.169550808882128	0.349653013751527	0.726599119937238	0.84506183570033	Saci_1206
SACI_RS05750	405.161092192077	0.20	0.178724078210314	1.10691399064254	0.268331116394406	0.46255173397512	Saci_1207
SACI_RS05755	1005.51808209054	0.18	0.116636198769893	1.54303148669618	0.122823136473705	0.270903125078331	Saci_1208
SACI_RS05760	3577.03151898844	-0.50	0.099854956059754	-5.05309142784679	4.34715669869183e-07	1.06689540672979e-05	Saci_1209
SACI_RS05765	6750.1600700405	-0.26	0.121944892558162	-2.10722862582812	0.0350977667356762	0.110843110650511	Saci_1210
SACI_RS05770	10344.1847642574	-0.28	0.103483351351754	-2.72412009310764	0.00644730579214496	0.0299701405683014	Saci_1211
SACI_RS05775	316.556259653247	1.24	0.193549902624243	6.38730145684728	1.6883860112327e-10	8.57818576935068e-09	Saci_1212
SACI_RS05780	972.60462557647	-0.38	0.114692320184734	-3.28307105076346	0.00102682782007688	0.00708340930575853	Saci_1213
acnA	15955.2934551867	0.34	0.0849261642462709	4.04477038151899	5.23744315223034e-05	0.000624182525467451	Saci_1214
SACI_RS05790	656.204200093931	0.29	0.132443816212112	2.1752354693016	0.0296124754753883	0.098827507016931	Saci_1215
SACI_RS05795	1270.99519969025	0.76	0.141427487406026	5.39179191994311	6.97585190789491e-08	1.96136574031686e-06	Saci_1216
SACI_RS05800	1593.60022944418	0.07	0.151388663133226	0.446877382853639	0.654963594935295	0.797969949908546	Saci_1217
SACI_RS05805	608.910471548281	-0.58	0.203863209436353	-2.82596082177417	0.00471390292044268	0.0235776560580345	Saci_1218
SACI_RS05810	1626.37949127038	0.07	0.178040958242323	0.369279109156297	0.711919695337938	0.835472609278446	Saci_1219
SACI_RS05815	179.806781591317	0.91	0.189654272109624	4.77611041670415	1.78718286174706e-06	3.55191839545713e-05	Saci_1220
SACI_RS05820	74.5329248284911	0.31	0.258521449814329	1.20432113476336	0.228465480967757	0.414818829393496	Saci_1221
SACI_RS05825	66.0393327775121	0.22	0.276445393866256	0.782901861887463	0.433684744070423	0.633359061436179	Saci_1222
SACI_RS05830	27741.8282509479	2.04	0.147546690153903	13.8011240440424	2.50909520491586e-43	9.08292464179542e-41	Saci_1223
SACI_RS05835	407.740376595933	-0.00	0.153429705073255	-0.029439754360851	0.976513867139156	0.989092198282919	Saci_1224
SACI_RS05840	349.593921708228	0.11	0.200027489890802	0.569766898123158	0.568835809622752	0.741479004304311	Saci_1225
SACI_RS05845	1034.49877861228	0.24	0.125629169283133	1.9484637043025	0.0513595037048366	0.146683552987383	Saci_1226
SACI_RS05850	316.803353164694	0.42	0.13336302185639	3.11877072100211	0.00181607220359373	0.0112619809456262	Saci_1227
SACI_RS05855	4349.24473003755	-0.69	0.170086841449509	-4.05140865904787	5.09102003350418e-05	0.000611767386598677	Saci_1228
SACI_RS05860	1217.43699763286	-1.00	0.226922904424901	-4.42338290414781	9.71673060665668e-06	0.000148103430720409	Saci_1229
tenA	245.932425665323	0.19	0.174988207801346	1.05949675480168	0.289373606394072	0.48750783252893	Saci_1230
SACI_RS05870	814.349238988838	0.05	0.190529036115245	0.245284611930484	0.806236065783453	0.896299288487094	Saci_1231
SACI_RS05875	275.559797493567	-0.24	0.170033221575735	-1.43109327886857	0.152403483303678	0.311475291212033	Saci_1232
SACI_RS05880	76.4202766426129	0.36	0.246802932569317	1.45892962925456	0.14458447714088	0.300802188074704	Saci_1233
SACI_RS05885	94.813794150119	-0.24	0.266757830855702	-0.916318476528463	0.359499879919004	0.561548895493762	Saci_1234
SACI_RS05890	247.250203131921	0.96	0.237586641089409	4.04295883475332	5.27808900362911e-05	0.000624212746741113	Saci_1235
SACI_RS05895	466.152555558137	0.63	0.179058447726936	3.51319689305642	0.000442749253467579	0.00362203909051443	Saci_1236
SACI_RS05900	2489.16079606324	-0.71	0.357959954623166	-1.98826416894663	0.0467824813809284	0.136026170762218	Saci_1237
SACI_RS05905	95.4373806494392	0.69	0.242996389992618	2.82202635619372	0.00477212552016106	0.0237051037845393	Saci_1238
SACI_RS05910	712.899412359267	0.13	0.122899798920513	1.06525643386519	0.286759901887741	0.484796658416169	Saci_1239
SACI_RS05915	1475.55904549125	-0.13	0.111695762154122	-1.14372981883573	0.252735702989466	0.444434857103708	Saci_1240
SACI_RS05920	617.965345979956	0.00	0.139223571460635	0.00847466883620853	0.993238273515648	0.995989626073863	Saci_1241
SACI_RS05925	1234.55598659584	0.53	0.163046623324128	3.27609854737787	0.0010525182818765	0.0071719833983867	Saci_1242
SACI_RS05930	210.356425466225	-0.76	0.179575832220584	-4.21678910956936	2.47805523335813e-05	0.000341735616943102	Saci_1243
SACI_RS05935	180.787175488338	-0.33	0.170558956544929	-1.94152483734689	0.0521946497809534	0.148066865726644	Saci_1244
mvaD	243.371880336434	-0.07	0.171747575715368	-0.403820686269786	0.686344583536223	0.819242456900066	Saci_1245
SACI_RS05945	512.198858625855	-0.51	0.123482195499058	-4.15116655865973	3.30784921803599e-05	0.000437421522165855	Saci_1246
SACI_RS05950	194.342133589925	-0.03	0.195928435127822	-0.168149960564341	0.866465306005999	0.928857109803854	Saci_1247
SACI_RS05955	1495.42430540689	0.67	0.190933312864083	3.51752576003678	0.000435590069476623	0.00357608687464097	Saci_1248
SACI_RS05960	1116.03580362501	-0.48	0.12584118668156	-3.84538454481878	0.000120363528172978	0.0012493647942256	Saci_1249
SACI_RS05965	1399.4877150554	0.15	0.104693072904512	1.43896268268422	0.150161096057249	0.309293409802128	Saci_1250
SACI_RS05970	49.7464305933602	-0.22	0.284860725623211	-0.788409051970878	0.430457477740033	0.629916551558937	Saci_1251
SACI_RS05975	268.761902290385	-0.12	0.1386034190453	-0.900185334873701	0.368021629167048	0.570857331584238	Saci_1252
SACI_RS05980	509.864271805513	-0.48	0.152834924463861	-3.11288700106845	0.00185266937470921	0.0113877042610107	Saci_1253
SACI_RS05985	129.464284172639	-0.38	0.19824027627064	-1.89457793345345	0.0581483405159924	0.159165967990845	Saci_1254
SACI_RS05990	293.976051667323	0.13	0.184969012194616	0.690114078746961	0.490122450233304	0.678895601217933	Saci_1255
SACI_RS05995	595.126201500786	-0.13	0.122998713511632	-1.08366316960414	0.27851417127107	0.474597047639925	Saci_1256
SACI_RS06000	97.292048786822	0.07	0.221903849464603	0.316500911931946	0.751622333098983	0.862584720664565	Saci_1257
SACI_RS06005	16.2705895535663	0.63	0.677335577288878	0.928919710714265	0.352930697209248	0.559329093248471	Saci_1258
SACI_RS06010	305.14619149199	-1.34	0.208102315066206	-6.42050489297757	1.35823104576304e-10	7.0239948366603e-09	SACI_RS06010
SACI_RS06015	1985.7916905127	0.04	0.119403035334151	0.352656466872907	0.724345999403569	0.842992311409684	Saci_1259
SACI_RS06020	325.810354910094	-0.33	0.161882411218213	-2.02655558495255	0.0427078827077061	0.126206151348487	Saci_1260
thrS	2765.05912990255	-0.34	0.141540812663415	-2.39003695752957	0.0168466774577142	0.0641103520598426	Saci_1261
SACI_RS06030	156.472137806769	-0.33	0.158236712605559	-2.09927637715299	0.0357925445798462	0.112546372533371	Saci_1262
SACI_RS06035	146.346947679002	0.06	0.202874690532948	0.316289088912029	0.751783092181409	0.862584720664565	Saci_1264
SACI_RS06040	3445.36740207629	-0.01	0.230921296820858	-0.0394332162698304	0.968544997742294	0.986600884087824	Saci_1265
sucD	2975.99639642373	0.03	0.225566724623336	0.151103211964648	0.879894298813484	0.932808880877266	Saci_1266
SACI_RS06050	367.616574518131	0.25	0.222173527339837	1.1094153518341	0.267251042674653	0.461329764954114	Saci_1267
SACI_RS06055	2.90576735628235	1.12	1.08981457750811	1.02722400765561	0.304314995897363		Saci_1268
SACI_RS06060	94.9898359481506	0.34	0.207209575794953	1.65446446795565	0.09803317706316	0.230254728933424	Saci_1269
SACI_RS06065	33.6060449610045	-0.81	0.359425959759661	-2.26271881563823	0.0236530281927349	0.0829287768113322	Saci_1270
SACI_RS06070	44820.0409952734	0.02	0.155590790937775	0.120513320853205	0.904076528035896	0.948609501422638	Saci_1271
SACI_RS06075	74703.2903692578	0.19	0.149496168741644	1.2703672149439	0.203953855866543	0.382542961267159	Saci_1272
SACI_RS06080	86.898395233209	1.48	0.268298403793887	5.53455575260875	3.12018172695719e-08	9.80233418507506e-07	Saci_1273
SACI_RS06085	9312.15536590707	0.25	0.142694182937689	1.744343989387	0.0810991254116137	0.200224268705911	Saci_1274
SACI_RS11640	135.996812748332	-0.36	0.172055895198771	-2.07283845852384	0.0381873159594002	0.117534927214077	SACI_RS11640
SACI_RS06090	1825.83778152912	-0.22	0.10175759667904	-2.17495225481145	0.02963369446531	0.098827507016931	Saci_1275
SACI_RS06095	436.10015436217	0.02	0.166055154476649	0.125070329265819	0.900467872636743	0.946210072262703	Saci_1276
SACI_RS06100	880.274136257079	0.08	0.176788403897945	0.4351000483815	0.663489808316499	0.804860521099555	Saci_1277
SACI_RS06105	125.082221410873	-0.41	0.219226119979649	-1.85879377536497	0.0630563751156772	0.16846057410978	Saci_1278
priS	339.579137935356	-0.44	0.143655490613221	-3.06871142934147	0.00214984143131895	0.0128625684791609	Saci_1279
SACI_RS06115	702.937555234688	-0.23	0.142835349097126	-1.59409424890662	0.110914926849727	0.251929120122988	Saci_1280
SACI_RS06120	660.762953923353	-0.34	0.125385544793001	-2.74475848318625	0.00605554450125399	0.0287018934134723	Saci_1281
SACI_RS06125	650.598356866695	-0.05	0.138516572630946	-0.328113583062933	0.742825784216886	0.855017277858546	Saci_1282
SACI_RS06130	169.521753287517	-0.39	0.204508493107816	-1.90425781305261	0.0568766156222574	0.156721863788827	Saci_1283
rnz	487.091391033277	-1.15	0.256431473121883	-4.49362788775023	7.00199384578437e-06	0.000113283654622299	Saci_1284
SACI_RS06140	109.81271743164	0.34	0.2255473676735	1.49653214747189	0.134515036997822	0.288773570901181	Saci_1285
SACI_RS06145	168.453380778962	0.89	0.229675178669465	3.8652315055723	0.000110983879141314	0.00116032243318861	Saci_1286
thpR	350.478599605847	-0.12	0.143201205589599	-0.822187088356659	0.410970426107252	0.611402243808319	Saci_1287
SACI_RS06155	632.516240746902	-0.14	0.138829891476233	-0.999398072611568	0.317601893145488	0.521119026940132	Saci_1288
SACI_RS06160	194.737187140341	-0.25	0.165065967144282	-1.52839492265554	0.126414514691286	0.277766642295875	Saci_1289
SACI_RS06165	507.929742160109	-0.35	0.235211018836721	-1.49950167902664	0.133743533456522	0.287916468161381	Saci_1290
SACI_RS06170	4.66719633572906	0.30	0.958536217464576	0.313515522345918	0.753889029581155		Saci_1291
SACI_RS12235	12.896454786572	-0.05	0.6207962970836	-0.0850978349605565	0.932183611516374	0.964465479368328	SACI_RS12235
SACI_RS06180	478.779699506919	0.11	0.133881531609622	0.824018977643427	0.409928774922019	0.610990083465861	Saci_1293
SACI_RS06185	514.82209311486	0.18	0.115423626982598	1.56316247900586	0.118014382961351	0.262697657998519	Saci_1294
SACI_RS06190	330.63991002509	-0.92	0.212289031637082	-4.33320193593519	1.46956198599042e-05	0.000212792575571412	Saci_1295
SACI_RS06195	628.334479897019	-0.28	0.114855788912155	-2.43967661944661	0.0147004146887315	0.0576861801335589	Saci_1296
SACI_RS06200	616.436177473875	-0.66	0.118198534460728	-5.61433377007586	1.97321014331947e-08	6.42069278095864e-07	SACI_RS06200
SACI_RS06205	230.806127456069	1.15	0.267931301809236	4.27643062526556	1.89913702038688e-05	0.000266985476264097	Saci_1298
SACI_RS06210	803575.221305172	-3.18	1.01857163118533	-3.11743588818321	0.00182431621065513	0.0112889310813189	Saci_1299
SACI_RS06215	596188.633698691	-2.54	0.986492950886123	-2.57815740872382	0.00993287392762124	0.0422402391988122	Saci_1300
rpiA	455.869665953146	0.10	0.133658402745603	0.719580774851038	0.471783152491354	0.667782995901741	Saci_1301
SACI_RS06225	1677.16676933127	-0.42	0.263505695982665	-1.59194010474816	0.111398163195766	0.252705388970493	Saci_1302
SACI_RS06230	5.10568753943519	0.42	1.12331694297337	0.375216252119262	0.707499644272587	0.83469704582241	Saci_1303
SACI_RS06240	121.886526603593	0.04	0.207086381256226	0.171583837545697	0.863764714766478	0.928857109803854	Saci_1305
pyrH	577.066035230272	0.37	0.147684671468723	2.48213142459182	0.0130599097377991	0.0520957281000911	Saci_1306
SACI_RS06250	3173.78782012005	0.26	0.142875521889663	1.80287951060895	0.0714071395007652	0.18414521459859	Saci_1307
SACI_RS06255	230.596336770054	-0.05	0.153796820428118	-0.329958658978589	0.741431199663478	0.853751393330192	Saci_1308
SACI_RS06260	609.25193825714	-0.26	0.134928106717866	-1.94015184021172	0.0523612394063493	0.148286286492648	Saci_1309
SACI_RS06265	2652.26795941916	0.09	0.152311328865657	0.561755335876686	0.574282726768663	0.745157992465474	Saci_1310
SACI_RS06270	1749.21584818189	0.23	0.113159644800919	2.00091473958541	0.0454015788601129	0.132741955830487	Saci_1311
SACI_RS06275	3026.08130214475	0.29	0.0858923333187	3.35679463581879	0.000788516569339635	0.00578759573567357	Saci_1314
SACI_RS06280	3375.58907286346	0.03	0.0775871401602149	0.415895227873013	0.677486671660327	0.814033821874033	Saci_1315
SACI_RS06285	1600.0699347477	0.30	0.114987586203839	2.61681143209749	0.00887553576670938	0.038827117190922	Saci_1316
SACI_RS06290	4027.88020330216	0.31	0.109779307639082	2.82280434591813	0.0047605613917036	0.023690621605838	Saci_1317
SACI_RS06295	118.300864327277	0.31	0.212209228430531	1.47071487080289	0.141368242857418	0.297297007943467	Saci_1319
SACI_RS06300	4040.28962953985	0.45	0.137298973795412	3.26747713122085	0.00108510632700765	0.00734221477339758	Saci_1320
SACI_RS06305	341.816476829631	1.03	0.16957748146167	6.08813077975802	1.14236542465913e-09	4.6595637602998e-08	Saci_1321
rgy	7912.31730250186	-0.53	0.128040217684965	-4.14036981017633	3.46746360693654e-05	0.00045030379397705	Saci_0839
albA	10128.7691811393	0.31	0.274945802293736	1.13779987851483	0.255204055721178	0.446838540126078	Saci_1322
SACI_RS06320	2112.09596850435	-0.20	0.126187629144274	-1.56978447507366	0.116465260569363	0.260048877878855	Saci_1323
SACI_RS06325	84.4988539352968	-0.10	0.224000055667325	-0.441416855249171	0.658911242050161	0.801767628982044	Saci_1324
SACI_RS06330	112.444797562704	-0.16	0.209128588998216	-0.77502565724031	0.438324498804025	0.638118451544844	Saci_1325
SACI_RS06335	771.895132996385	-0.44	0.128023963075896	-3.41585819136444	0.000635813482574681	0.00480761317372396	Saci_1326
SACI_RS06340	108.438397057108	-0.13	0.204464774033033	-0.653444593845406	0.5134696978329	0.697748489974674	Saci_1327
SACI_RS06345	157.475608803818	0.03	0.181585957801596	0.190925958375717	0.848583602416458	0.919166551939567	Saci_1328
gatC	463.863205778998	0.04	0.122139983892778	0.311952390081388	0.755076706181441	0.864309146680416	Saci_1329
gatA	2641.31493437647	-0.09	0.0966064637380778	-0.939789060225452	0.347325771398335	0.554190321746324	Saci_1330
twy1	5488.70480098066	-0.05	0.0931679576707613	-0.548092820186689	0.583628170288692	0.751862625069418	Saci_1331
SACI_RS06365	1561.91964123715	-0.13	0.10964144244862	-1.15184744373373	0.249383768096945	0.441824944484357	Saci_1332
SACI_RS06370	414.915045318375	-0.09	0.111576138887324	-0.798400759114897	0.424637962900265	0.624239360689932	Saci_1333
dph5	169.083197422628	0.04	0.171349348747126	0.231883578119718	0.816628439693968	0.902310553740454	Saci_1334
SACI_RS06380	541.065895266417	-0.09	0.107938298328755	-0.848093451699716	0.396385928177324	0.599704670076577	Saci_1335
SACI_RS06385	1384.06775874106	-0.48	0.130288132183017	-3.6897994359841	0.000224430922399716	0.00213069600304617	Saci_1336
SACI_RS06390	386.920021738002	-0.09	0.147726203595522	-0.587036932595728	0.557178902643962	0.731786894356877	Saci_1337
SACI_RS06395	956.54173741508	-0.08	0.126443892112888	-0.662556963951342	0.507614340557504	0.693420344459685	Saci_1338
SACI_RS06400	8771.7970739341	0.02	0.128690576930349	0.162704057125433	0.870751452436259	0.928857109803854	Saci_1339
SACI_RS06405	760.312635020641	-0.26	0.149877062628319	-1.76736511084955	0.0771671019797765	0.192877720192604	Saci_1340
SACI_RS06410	3417.40126344783	-0.28	0.107836002538502	-2.63721462270467	0.00835899260616031	0.0370147440174927	Saci_1341
SACI_RS06415	2612.90748543028	-0.23	0.150690813836418	-1.54542592121345	0.122243274438248	0.270093842292409	Saci_1342
SACI_RS06420	434.040796519273	-0.03	0.150531803841616	-0.226849974328425	0.820540402620389	0.903733148677803	Saci_1343
SACI_RS06425	1803.59409885627	-0.17	0.0975666180035171	-1.72608885925209	0.0843314277902679	0.20644447580779	Saci_1344
SACI_RS06430	304.810920487167	-0.18	0.137548786129237	-1.34270499827168	0.179367515607578	0.351753757197289	Saci_1345
SACI_RS06435	2417.87051095373	0.10	0.100134980034508	0.953169090567006	0.340504404528808	0.546662383513791	Saci_1346
SACI_RS06440	4759.23048024781	0.07	0.131956027070873	0.494009196928099	0.621299684321278	0.777032901601985	Saci_1347
SACI_RS06445	1498.06047078975	-0.08	0.175312703577766	-0.449210078644939	0.653280117654071	0.797669530464257	Saci_1348
gatD	1607.51057587283	0.28	0.118534793435839	2.35246900038827	0.0186492441723663	0.0689760039887265	Saci_1349
gatE	2703.00455502541	0.28	0.101534961277449	2.79558746686697	0.0051805481282058	0.0252999449903609	Saci_1350
SACI_RS06460	394.627756813668	-0.06	0.126383163655195	-0.469308568294467	0.638849091633502	0.789480870003089	Saci_1351
SACI_RS06465	1374.70005494482	0.05	0.110133841448959	0.47062655022804	0.637907444280047	0.789478614801289	Saci_1352
SACI_RS06470	18608.7330987005	-0.48	0.18261719887205	-2.64535292318784	0.00816057542161047	0.0362469730383189	Saci_1353
SACI_RS06475	821.593158375468	-0.28	0.116335273856231	-2.4098256432193	0.0159601458271658	0.061138336396127	Saci_1354
SACI_RS06480	3682.31427672053	-0.10	0.162957945213464	-0.628740072131647	0.529519239165529	0.710935427270919	Saci_1355
SACI_RS06485	4658.16247749986	0.01	0.120972404482176	0.0838693418321114	0.933160315328058	0.964465479368328	Saci_1356
SACI_RS06490	1305.78323235784	0.03	0.0990618901744756	0.299148029206842	0.764827101159403	0.870310131614001	Saci_1357
SACI_RS06495	4490.06090705089	-0.28	0.146269833782015	-1.91731172125499	0.0551983417214487	0.153854088186059	Saci_1358
hmgA	2479.51467851843	-0.12	0.142660677914985	-0.859195683290045	0.390232564556473	0.594483696452155	Saci_1359
SACI_RS06505	605.56334293694	-0.01	0.186049142656751	-0.0512194099919017	0.959150685206867	0.98186651974517	Saci_1360
SACI_RS06510	3254.63026637223	-0.02	0.143847559666936	-0.117397481845602	0.906545079471076	0.949028335568971	Saci_1361
SACI_RS06515	4213.69605785465	-0.19	0.167349265134993	-1.15604269439479	0.247663693999538	0.440531393845961	Saci_1362
speD	6373.52021887004	0.38	0.107975253057567	3.5032614825039	0.000459598056477893	0.00372828003238089	Saci_1363
SACI_RS06525	529.895978302971	0.45	0.203365126974088	2.19573433807268	0.0281109638760581	0.0954388644608022	Saci_1364
SACI_RS06530	25.5810113091752	1.64	0.464137011393815	3.53047227679461	0.000414818485353899	0.0034456599680854	Saci_1365
SACI_RS06535	707.627820163125	0.11	0.147304752614202	0.763547853031093	0.445136735114316	0.643914078367162	Saci_1366
SACI_RS06540	318.582840955818	-0.20	0.207661939489674	-0.951625502077393	0.341286943328846	0.5472685425694	Saci_1367
SACI_RS06545	1697.02793117953	0.47	0.443078822108613	1.05986256347918	0.289207129152022	0.48750783252893	Saci_1368
SACI_RS06550	1209.54876278881	0.59	0.449440677628765	1.31905680612536	0.187150122044762	0.361153989937824	Saci_1369
SACI_RS06555	183.971409854122	0.20	0.194539631795765	1.01159967584945	0.311729500956566	0.512936724301259	Saci_1370
SACI_RS06560	627.532585551595	-0.04	0.111877849831376	-0.375562596132589	0.707242102334689	0.83469704582241	Saci_1371
SACI_RS06565	8621.82248482215	-0.54	0.109819956971526	-4.92388755569841	8.48415994801808e-07	1.8900097853431e-05	Saci_1372
SACI_RS06570	7548.89332429368	-0.54	0.129300868668805	-4.19722117310736	2.7021001864009e-05	0.000367384138019578	Saci_1373
cdvA	7493.27064004332	-0.28	0.125965092825455	-2.18591131500519	0.0288220942622648	0.0968315371038501	Saci_1374
SACI_RS06580	777.368438999242	-1.18	0.186405708851662	-6.31950547922692	2.62401645124663e-10	1.20621454647781e-08	Saci_1376
eno	1340.37751971505	0.57	0.13071050163405	4.38508153754866	1.15942341028504e-05	0.000172189240830024	Saci_1377
SACI_RS06590	25.6443976754198	-0.00	0.398521459101437	-0.0119397378486978	0.990473693851839	0.994594943618213	Saci_1378
SACI_RS06595	678.186201956424	-0.73	0.180650625081647	-4.04195361457435	5.30077199115148e-05	0.000624212746741113	Saci_1379
SACI_RS06600	338.93394491195	-0.75	0.163636548568475	-4.59849728165926	4.25549266397076e-06	7.46903439688444e-05	Saci_1380
gcvPB	889.054138053807	0.19	0.0950800475320591	2.03530280455959	0.0418204141599314	0.124857648873362	Saci_1381
gcvPA	1050.01866951645	0.39	0.0908851803944229	4.24425712431065	2.1931876236065e-05	0.000303898151098776	Saci_1382
gcvT	730.693328203222	0.02	0.160052952671136	0.134053215314329	0.893360494404321	0.941991168570509	Saci_1383
gcvH	591.747286180115	0.37	0.136598474227016	2.68039422784943	0.00735354999998222	0.0332684084954355	Saci_1384
SACI_RS06625	1174.96829640701	0.01	0.122300414611024	0.0469410154146134	0.962560238533032	0.982924700561234	Saci_1385
SACI_RS06630	385.61232521666	-0.46	0.215651506450568	-2.1410788398103	0.0322676807727391	0.104293753926174	Saci_1386
SACI_RS06635	2002.59376576587	0.63	0.103702340298583	6.0663255663738	1.30869715787522e-09	5.26387079056478e-08	Saci_1387
sufC	3400.74320597697	0.19	0.115059894027976	1.68747720556551	0.0915116293428878	0.219070930741569	Saci_1388
sufB	6730.7039072479	0.94	0.152643353120007	6.16354679961485	7.11333422689217e-10	3.02944351780584e-08	Saci_1389
SACI_RS06650	2043.34040518892	-0.05	0.179904323999167	-0.294439170529225	0.768422338986948	0.872471364657842	Saci_1390
SACI_RS06655	207.149323072005	0.24	0.279782427498599	0.866393052009271	0.386274652851933	0.590317358659207	Saci_1391
SACI_RS06660	7.43994581735186	1.54	0.779614668500317	1.97853736815499	0.0478681173396303	0.138349369077415	Saci_1392
SACI_RS06665	2446.12378100142	0.17	0.125730374232487	1.35286280896887	0.17609946269278	0.347164087105712	Saci_1393
SACI_RS06670	12.9490155694091	0.59	0.541150825672716	1.08310861977454	0.278760213410053	0.474597047639925	Saci_1395
SACI_RS06675	1654.31771349586	0.32	0.101776340499383	3.12351175485373	0.00178706726755327	0.0111217404154957	Saci_1396
SACI_RS06680	136.173479353878	-0.82	0.229884661950548	-3.57711844095427	0.000347402787607829	0.00303951200275611	Saci_1397
SACI_RS06685	1405.60464292125	-1.05	0.141462911470312	-7.39572078261911	1.40643262314778e-13	9.47216017822321e-12	Saci_1398
SACI_RS06690	1683.30522232543	-0.06	0.159142984445761	-0.377824660253489	0.705560853041552	0.834342274564449	Saci_1399
SACI_RS06695	683.455641559541	-0.16	0.156926202107093	-0.987847748180103	0.323227218901041	0.526471330673461	Saci_1400
SACI_RS06700	40889.2202918033	1.04	0.164233367101916	6.33865778849116	2.31775395329524e-10	1.1187025747905e-08	Saci_1401
SACI_RS06705	119.9848036565	-0.18	0.222253431674744	-0.80499026475565	0.42082529765834	0.621034864663718	Saci_1402
SACI_RS06710	921.022420848115	-0.41	0.12838510802494	-3.16136914776025	0.00157029353729569	0.0100387860574135	Saci_1403
SACI_RS06715	1087.11738609025	0.09	0.118662622992371	0.771092702610456	0.440651985694742	0.640626581612437	Saci_1404
SACI_RS06720	448.171213448282	-0.51	0.210307775465395	-2.41786579152117	0.0156118337394269	0.0601221682305591	Saci_1405
SACI_RS06725	292.028639267095	-0.10	0.141913820147585	-0.67100152333986	0.502219559087477	0.688649546930555	Saci_1406
SACI_RS06730	370.782360267118	0.14	0.128614479611436	1.0847383219366	0.278037569794694	0.474597047639925	Saci_1407
argF	622.990021474019	-0.04	0.119586794733445	-0.303217456994348	0.761724146124899	0.868143694284813	Saci_1408
SACI_RS06740	1225.13837524764	-0.51	0.116791566151197	-4.35844138542147	1.30991994330873e-05	0.000192564881006197	Saci_1409
SACI_RS06745	382.132302920535	0.01	0.128958357449245	0.110730573402427	0.911830000987556	0.952233290716055	Saci_1410
asd	3839.73588780962	0.11	0.110956066105353	0.990956469628902	0.32170683646744	0.52576918646146	Saci_1411
SACI_RS06755	3077.11130842143	0.02	0.151868864829869	0.137970789728206	0.890263503148321	0.940950038364065	Saci_1412
thrC	2529.79101683966	-0.19	0.189740566644625	-1.00055381863144	0.317042566287974	0.520496185924022	Saci_1413
SACI_RS06765	512.370077911316	-0.31	0.119272438509302	-2.6000552324412	0.00932087571406912	0.0404090659699763	Saci_1414
SACI_RS06770	192.805697145231	-0.30	0.199810889099966	-1.47902389485662	0.139133928648173	0.295404587511077	Saci_1415
SACI_RS06775	10701.8109620523	-0.36	0.189810805198588	-1.9226064935163	0.0545294878920141	0.15253370500949	Saci_1416
ppsA	4782.59689434254	0.03	0.141404018355413	0.192049593920002	0.847703358064606	0.918845702683309	Saci_1417
SACI_RS06785	159.864302160404	0.16	0.19230453195364	0.834441986152405	0.404031965926377	0.605699784246503	Saci_1418
SACI_RS06790	1616.00635775289	-0.13	0.112815952172271	-1.13334620120207	0.257068896991188	0.44906774462969	Saci_1419
SACI_RS06795	155.345896335256	0.09	0.201779583328509	0.423892877346749	0.671643938892075	0.810608480566999	Saci_1420
SACI_RS06800	5046.157190041	0.11	0.162107346926936	0.708319218810763	0.47874704483381	0.671405056580491	Saci_1421
trpA	1238.05238457744	-0.05	0.190222676641181	-0.274534316104248	0.783674035817293	0.882470003684316	Saci_1422
trpD	1745.82728971484	-0.07	0.185470998925457	-0.399393148413143	0.689603541643341	0.821510430522055	Saci_1423
SACI_RS06815	634.204687597054	-0.07	0.209407183163491	-0.335595331618578	0.737176044873277	0.850551842639751	Saci_1424
SACI_RS06820	884.585427106425	-0.20	0.173216562418974	-1.15392632219199	0.248530376564394	0.441289988062836	Saci_1425
SACI_RS06825	273.046287515651	-0.26	0.188906441280208	-1.38347957880063	0.166517864697146	0.332118275594307	Saci_1426
trpC	666.293320582049	-0.12	0.106288247003385	-1.1230591286352	0.261412382941968	0.453323509580802	Saci_1427
SACI_RS06835	858.393668718108	-0.16	0.122341281579274	-1.27104703640964	0.203711915670244	0.382339408801703	Saci_1428
SACI_RS06840	3609.1934649707	0.07	0.108128231929583	0.669329177153161	0.503285518582137	0.689458307385936	Saci_1430
SACI_RS06845	281.057974087745	-0.45	0.136395524220447	-3.27990939453264	0.00103840429445695	0.00712611098755294	Saci_1431
SACI_RS06850	58.9949048503951	-0.78	0.300907456308044	-2.59891527117587	0.00935188531099819	0.0404224774039563	Saci_1432
SACI_RS06855	63.4358216519727	-0.27	0.310714182033247	-0.868654611601469	0.385036074222475	0.589046207579656	Saci_1433
SACI_RS11925	177.850441111074	0.17	0.276494408038369	0.616653192856684	0.537463500944485	0.717278478679829	Saci_1434
SACI_RS06865	235.387715933609	0.39	0.189495192339649	2.07108066152244	0.0383512587390501	0.117534927214077	Saci_1435
SACI_RS12245	110.271096872762	-0.76	0.199592137367321	-3.82724688986044	0.000129584523301264	0.00133076872156191	SACI_RS12245
SACI_RS12250	107.927075883497	-0.48	0.23827999522644	-2.02655832927722	0.0427076017982494	0.126206151348487	SACI_RS12250
SACI_RS06870	1006.26312515632	-0.48	0.119728855289816	-4.0230762173379	5.74428969424268e-05	0.000670784796553501	Saci_1436
glgX	1126.62821854774	-0.50	0.149950106666126	-3.30819423282209	0.000938996602018439	0.00661638481616886	Saci_1439
treZ	956.549162103457	-0.57	0.125585675513867	-4.50430035080749	6.65919688452187e-06	0.000108342888638064	Saci_1440
SACI_RS06885	48.7989262469402	-0.05	0.366531126826111	-0.133983096117572	0.893415941249586	0.941991168570509	Saci_1441
SACI_RS06890	5.32968044413127	0.13	1.0337845650461	0.128259867969565	0.897943323452143	0.94488963947999	Saci_1442
SACI_RS06895	801.192880912137	-0.28	0.102006430323042	-2.69769373464419	0.00698216441048827	0.0319942217290728	Saci_1443
SACI_RS06900	19.1598285864109	0.39	0.528752725995165	0.731260961691983	0.464619770532127	0.659901351378636	SACI_RS06900
SACI_RS11930	1.6829335796413	0.22	1.48415121873581	0.148692142328329	0.88179656182346		SACI_RS11930
SACI_RS06905	21.7694075614891	-0.27	0.48959285171751	-0.549201025840187	0.582867500499709	0.751216858676973	Saci_1445
SACI_RS12065	19.4779984434756	0.56	0.464375381669339	1.20510419275643	0.228163081429841	0.414554239047779	Saci_1446
SACI_RS06910	709.943608910563	-0.70	0.125324479297892	-5.55892912743702	2.7143488073445e-08	8.63819136930735e-07	Saci_1447
SACI_RS06915	278.225054359676	-0.29	0.151844778453835	-1.89139917524679	0.0585710785997905	0.159568996825017	Saci_1448
SACI_RS06920	3193.79151670366	-0.40	0.121271781928891	-3.26527442130667	0.00109358071897763	0.0073823071379003	Saci_1449
SACI_RS11660	13.412901469217	0.37	0.524637264451582	0.705693208746836	0.480378945223221	0.672391215740187	Saci_1450
SACI_RS06925	81.2306365320516	-0.29	0.255551190661971	-1.12869407300106	0.259026910447183	0.450806449912885	Saci_1451
SACI_RS06930	502.821455443321	-0.15	0.161559817978196	-0.955717182012527	0.33921513938607	0.545153742320787	Saci_1452
SACI_RS06935	4.06645783369498	-0.18	0.908510642575044	-0.198537547868008	0.842624510443098		Saci_1453
SACI_RS06940	137.065372756586	0.00	0.182256767012155	0.026193692478755	0.979102846830745	0.989092198282919	Saci_1454
alaS	3514.22335659399	0.21	0.0987943775239166	2.09475154363003	0.0361930846595234	0.113436334603874	Saci_1455
rpl12p	5134.29262259193	0.35	0.141907548951831	2.47159380632796	0.0134512255829804	0.0533626702579606	Saci_1456
SACI_RS06955	9637.43162487279	0.09	0.103597895919344	0.897121778182166	0.369653938895733	0.572163445773407	Saci_1457
SACI_RS06960	5489.27542006289	0.03	0.10473719101136	0.305124943618788	0.760270994223676	0.867853685168217	Saci_1458
SACI_RS06965	3551.56946654619	-0.16	0.15149108014428	-1.03632472194489	0.300050676438826	0.499506904345698	Saci_1459
SACI_RS06970	1791.75176890199	-0.16	0.105415456815618	-1.50848607365762	0.131430168295268	0.28520032639048	Saci_1460
SACI_RS06975	293.06519731826	-0.08	0.158652161339102	-0.525301869216583	0.599373358192927	0.762982525418337	Saci_1461
ftsY	1965.77648964543	-0.30	0.0902843788190006	-3.27783058877546	0.00104608157236009	0.00715449044363165	Saci_1462
pfdA	2808.56764364323	0.06	0.0806643626856923	0.691067104253169	0.489523371750581	0.678895601217933	Saci_1463
SACI_RS06990	725.340082977057	0.18	0.140406173309174	1.28573258868213	0.198536403717177	0.374811880811567	Saci_1464
SACI_RS06995	1266.55709833353	0.11	0.121862766898488	0.935172981922939	0.349699159943076	0.556138806806781	Saci_1465
SACI_RS07000	3095.65185753585	-0.17	0.139686332212959	-1.18322039649347	0.236721811485783	0.424749917015383	Saci_1466
SACI_RS07005	145.90982720514	0.18	0.191330326717625	0.924280122251078	0.355340489330244	0.5595712780415	Saci_1467
SACI_RS07010	3813.88307697404	-0.16	0.133576701202173	-1.16598744611816	0.243619521194256	0.435238823799238	Saci_1468
SACI_RS07015	2840.18362358481	0.21	0.110341029812942	1.89825458901948	0.0576625528650643	0.15798557530485	Saci_1469
SACI_RS07020	1143.80823407619	0.38	0.132199145083171	2.90200826078065	0.00370778762795651	0.0195231872192037	Saci_1470
SACI_RS07025	3768.36633920744	-0.00	0.147531973328985	-0.0267283697535905	0.978676385420548	0.989092198282919	Saci_1471
SACI_RS07030	501.52315077586	-0.11	0.132143821765227	-0.816949038719103	0.41395755171289	0.613990151442615	Saci_1472
SACI_RS07035	106.265281507028	-0.03	0.207671683425751	-0.16310042318616	0.870439366604709	0.928857109803854	Saci_1473
SACI_RS07040	81.9486464456205	-0.23	0.337878826894131	-0.681019137914458	0.495859380897921	0.683813698609704	Saci_1474
SACI_RS07045	2087.15972212894	-0.30	0.106127952621488	-2.8727684033795	0.00406892280514484	0.0210421436494633	Saci_1475
SACI_RS12070	52.1743171511537	-0.06	0.488867802331823	-0.115371655344709	0.908150544674006	0.950145945583787	Saci_1476
SACI_RS07050	543.612308048582	-0.82	0.14846463760886	-5.51972043481077	3.395394156541e-08	1.04607036993008e-06	Saci_1477
SACI_RS12075	97.867587637038	0.05	0.241096336111556	0.201880604876311	0.840010064957716	0.914739909491464	Saci_1478
moaA	1315.26112463792	-0.60	0.11946226169456	-5.01504568798043	5.30208651639178e-07	1.25378503661052e-05	Saci_1479
SACI_RS07060	1356.56216900974	-0.35	0.107447339071949	-3.25929187367529	0.00111690696444005	0.00748741335420919	Saci_1480
folE	1859.08123588231	0.22	0.182016216773063	1.22162023008701	0.221851274754783	0.405809554185918	Saci_1481
SACI_RS07070	608.298539388217	-0.30	0.132534981265919	-2.27468435717206	0.0229248715443167	0.0808653203317187	Saci_1482
glnA	2682.34588088207	0.47	0.273850672303673	1.70443901532693	0.0882991002220929	0.213450913391637	Saci_1483
SACI_RS07080	531.994335987569	-0.31	0.117939972984807	-2.60831677028233	0.00909887096950128	0.0396245568837229	Saci_1484
SACI_RS07085	577.003891408883	-0.18	0.119582358718493	-1.48792175215305	0.136771530438258	0.292317603062136	Saci_1485
SACI_RS07090	202.048852601087	-0.01	0.217752998149727	-0.0563070438608078	0.955097207549847	0.9787549586215	Saci_1486
SACI_RS07095	175.157132900041	-0.18	0.214315208628914	-0.822047643024465	0.411049782007872	0.611402243808319	Saci_1487
SACI_RS07100	508.823147537011	-0.35	0.183823782278347	-1.92454675461419	0.0542860861381746	0.152190227934321	Saci_1488
SACI_RS07105	1589.56682916447	-0.30	0.134368791377603	-2.22921429249998	0.025799650020067	0.0886308261662089	Saci_1489
SACI_RS07110	666.979389706632	-0.39	0.248407818564617	-1.58146471908861	0.113771819703589	0.256008694531152	Saci_1490
SACI_RS07115	157.397440715733	-0.02	0.156790077923554	-0.139287975087917	0.889222591743289	0.940753229938059	Saci_1491
SACI_RS07120	173.664861168462	-0.14	0.162657044235442	-0.873308492765145	0.382494952700376	0.585777569021835	Saci_1492
SACI_RS07125	1132.16003827102	-0.59	0.165086009774545	-3.55894636809733	0.000372345549224029	0.00319027429157629	Saci_1493
SACI_RS07130	697.516486539104	-0.53	0.178166140728586	-2.98458242138171	0.00283965686893957	0.0157616996391705	Saci_1494
SACI_RS07135	445.64951271874	-0.38	0.2018629129257	-1.89840627393173	0.0576425837894044	0.15798557530485	Saci_1495
SACI_RS07140	2043.17798655981	-0.54	0.229959012056594	-2.35408151166486	0.0185685388144918	0.0687653304434378	Saci_1496
SACI_RS11670	256.616244783898	-0.65	0.197506304183653	-3.30593280566869	0.000946607853277213	0.00665382607546313	SACI_RS11670
SACI_RS07145	183.297992849108	0.02	0.185616531346283	0.0878296002922523	0.930012111037827	0.963318165936578	Saci_1497
SACI_RS07150	93.0605004402899	-0.40	0.222055046246336	-1.81445979615408	0.0696069669693462	0.180712566274239	Saci_1498
SACI_RS07155	677.383606284339	-0.07	0.115526664999318	-0.571681403617917	0.567537835245137	0.741479004304311	Saci_1499
SACI_RS07160	1754.72637097064	-0.16	0.135415257303154	-1.19801108889647	0.230912700054667	0.416949868423553	Saci_1500
SACI_RS11675	211.247250565377	-0.13	0.148570911529005	-0.898833825284066	0.368741180127739	0.571075844280379	Saci_1501
SACI_RS07165	915.040855595829	-0.10	0.147739148222818	-0.702373183853607	0.482446464198668	0.67385161490112	Saci_1502
SACI_RS07170	728.984557772796	0.07	0.109789217391307	0.592468216608685	0.553537097896289	0.728656107048933	Saci_1503
SACI_RS07175	1682.06122113995	-0.67	0.204226715928896	-3.30100248451536	0.000963400294433015	0.00673914795332853	Saci_1504
SACI_RS07180	548.663974446738	-0.15	0.168463539851691	-0.91253811102757	0.361485516772918	0.563434906660049	Saci_1505
SACI_RS07185	462.21495280964	-0.18	0.121332855638416	-1.50829500151971	0.131479041959346	0.28520032639048	Saci_1506
SACI_RS07190	7442.32390891885	0.20	0.145301866695934	1.39020845727266	0.164465586056614	0.328704166473399	Saci_1507
SACI_RS07195	376.343071650643	-0.46	0.123587385284928	-3.71909490222567	0.000199937926813886	0.00191095787476242	Saci_1508
SACI_RS07200	366.896600205741	-0.12	0.170395969397007	-0.69401288699844	0.487674127197355	0.678340188455111	Saci_1509
pheT	1603.98492619859	0.11	0.150709423033143	0.753698370920465	0.451030360328881	0.647587468275874	Saci_1510
SACI_RS07210	2201.87470392674	0.10	0.125390276449418	0.82930185348392	0.406933622345473	0.608718889624219	Saci_1511
SACI_RS07215	2103.65541422089	0.19	0.12934853276351	1.4726658550449	0.140841157853225	0.296852978997773	Saci_1512
map	981.771769359406	-0.05	0.113123363791761	-0.415211975529121	0.677986732859174	0.814033821874033	Saci_1513
SACI_RS07225	10619.6578292167	-0.11	0.107415272433446	-0.989065325780405	0.322631181109591	0.526182655469854	Saci_1514
SACI_RS07230	765.544676734308	-0.26	0.180726139230808	-1.41456887942269	0.157194938698856	0.319240212112122	Saci_1515
rrf	13108.8436403955	2.47	0.698457481941892	3.53740339369949	0.000404081980741839	0.00341606646616586	Saci_1516
SACI_RS07240	1057.13330728583	-0.38	0.106880558825737	-3.53986455871687	0.000400332428436198	0.00340989033162126	Saci_1517
SACI_RS07245	691.5222619	-0.32	0.118400001471831	-2.70760689157291	0.00677702429417888	0.0312520101209268	Saci_1518
SACI_RS07250	3341.01457733199	-0.02	0.0973042379422673	-0.19010638028399	0.849225770512049	0.919386105197344	Saci_1519
rpl7ae	2342.831532108	0.73	0.162209093259813	4.52852812897788	5.93959752157081e-06	9.77333774003925e-05	Saci_1520
SACI_RS07260	1764.74923548842	-0.41	0.120117393011059	-3.40526389046214	0.000661001453746025	0.0049509248455853	Saci_1521
SACI_RS07265	13.6703003130163	0.48	0.525805701593504	0.905318856352828	0.365296489603009	0.567846824417774	Saci_1522
SACI_RS07270	414.745355648966	-0.29	0.146833069574842	-1.95445281919917	0.050647689387334	0.144936470815928	Saci_1523
SACI_RS07275	67.5529794700554	-0.11	0.304158148991549	-0.353995903674422	0.723341953125833	0.84263809181513	Saci_1524
SACI_RS07280	59.6006774671248	-0.15	0.370720836402036	-0.414109489869997	0.678793923152166	0.81432775536399	Saci_1525
SACI_RS07285	9.91614889049808	1.42	0.652254548640239	2.17087911449677	0.0299403114895086	0.0992072563771361	Saci_1526
SACI_RS11860	28.6219074717567	0.46	0.41124939615559	1.11110394425756	0.266523610322998	0.460833770459934	Saci_1527
SACI_RS07290	128.578284233313	-0.12	0.256823212518625	-0.477842050086067	0.632762629593799	0.787486280749309	Saci_1528
SACI_RS07295	75.9153967249436	0.23	0.245740680840882	0.925676645717129	0.354614048293564	0.5595712780415	Saci_1529
SACI_RS07300	3.64415878839754	1.27	1.29580368197762	0.977019848915341	0.328559325857411		SACI_RS07300
SACI_RS12255	316.367302600567	-0.63	0.222156726429514	-2.83587006821661	0.00457010344459263	0.0229993155608081	SACI_RS12255
SACI_RS12260	232.498349102392	-0.92	0.209613862766765	-4.40003384718244	1.08233994763786e-05	0.000162407071935712	Saci_1532
SACI_RS07310	507.556257430795	-0.18	0.252245352405823	-0.710421891684564	0.477442551655839	0.670792218946867	Saci_1534
SACI_RS07315	649.22293092853	-0.72	0.133999310100411	-5.40377173078802	6.52539783749913e-08	1.87104476607896e-06	Saci_1535
SACI_RS07320	1351.55502635603	-0.61	0.114617061602989	-5.28278616574083	1.27233870046933e-07	3.41175266348073e-06	Saci_1536
SACI_RS07325	5931.92063422035	-0.36	0.10140218150063	-3.53077651886947	0.000414341668084395	0.0034456599680854	Saci_1537
SACI_RS07330	1738.1249928558	-0.27	0.113292701323933	-2.36601466877255	0.0179807319786976	0.0669308480852291	Saci_1538
SACI_RS07335	2479.28727113622	0.01	0.111210846395782	0.117236127658647	0.906672938573795	0.949028335568971	Saci_1539
SACI_RS07340	340.299636532399	0.04	0.186783064478711	0.211297677263995	0.832654995285192	0.91029402278064	Saci_1540
SACI_RS07345	55.1750757507025	-0.06	0.284601795973723	-0.202721769594896	0.839352506785439	0.914508976542751	Saci_1541
priL	400.477864627322	-0.66	0.13819588124975	-4.7439126787737	2.09629240736712e-06	4.07440457163435e-05	Saci_1542
metG	2201.28342151989	-0.30	0.118308448953912	-2.49394704557216	0.0126331389943039	0.0507428162656089	Saci_1544
SACI_RS07360	8625.68362561893	0.18	0.103611243898343	1.69713854174182	0.0896704710399535	0.215975459097174	Saci_1545
SACI_RS07365	467.621141700246	0.02	0.155581697878353	0.138881625404124	0.88954369104577	0.940753229938059	Saci_1546
SACI_RS07370	1944.0366352348	0.13	0.136501830827436	0.970376351601116	0.331858931916925	0.536906964710288	Saci_1547
SACI_RS07375	14712.1994400431	0.06	0.0897828368282919	0.706936483103351	0.479605950615563	0.671958796798583	Saci_1548
SACI_RS07380	9377.41840032059	-0.10	0.087040158348866	-1.14867050143233	0.250691873881755	0.443225681783616	Saci_1549
SACI_RS07385	2666.46034362129	-0.22	0.107607729256327	-2.0319039584083	0.0421633797376975	0.125364628049663	Saci_1550
SACI_RS07390	284.87736908494	-0.30	0.158431299639136	-1.907675159581	0.0564332142176638	0.156243392327299	Saci_1551
SACI_RS07395	3208.2128987885	0.33	0.140496531553925	2.36472198202555	0.0180436104219855	0.0670786852144672	Saci_1552
proS	2182.89095826865	0.54	0.111727482270592	4.81773748467598	1.4519522588335e-06	2.94045716194533e-05	Saci_1553
SACI_RS07405	892.541356993947	-0.16	0.135399265257784	-1.19925709250788	0.230427993613539	0.416949868423553	Saci_1554
pdxS	3389.49554131265	0.14	0.108065587119164	1.30895403056921	0.190549922741615	0.364603477440925	Saci_1555
pdxT	1679.29332477023	0.10	0.110885558320602	0.90867785890858	0.363520194797119	0.565389089222587	Saci_1556
SACI_RS07420	3509.0104764284	0.29	0.100683133273232	2.91182230159552	0.00359326989373459	0.0190937791050557	Saci_1557
SACI_RS07425	360.670305075031	0.53	0.14477571937141	3.63427193649917	0.00027876671930964	0.00255069052923838	Saci_1558
ilvC	3311.73704257086	0.48	0.183895352670496	2.59946404040858	0.00933694604127028	0.0404182297989817	Saci_1559
SACI_RS07435	866.460634457726	0.57	0.257711988348574	2.23058917912915	0.0257083542332702	0.0885272221873371	Saci_1560
SACI_RS07440	6284.22039156234	0.60	0.200259186532767	3.00162371978161	0.00268543890609469	0.0152192388885523	Saci_1561
SACI_RS07445	166.992471202729	0.05	0.1966772225216	0.265930416052742	0.790292799629037	0.885532151047883	Saci_1562
SACI_RS07450	160.931620542219	0.08	0.177667608987505	0.476355650869955	0.633821024458003	0.787787848425055	Saci_1563
SACI_RS07455	887.939775333948	0.02	0.0957819985158825	0.190770272443036	0.848705580071272	0.919166551939567	Saci_1564
SACI_RS07460	228.327916872672	-0.20	0.151077053556976	-1.31801691809822	0.187497984539765	0.361153989937824	Saci_1565
SACI_RS07465	47.8748237092324	0.16	0.333619140206956	0.468279675755764	0.639584600758251	0.789529839640194	Saci_1566
SACI_RS07470	1060.64059338944	0.25	0.157267746938067	1.5869057970764	0.11253398178418	0.254093892619349	Saci_1567
SACI_RS07480	211.274125392915	-0.35	0.219238686463858	-1.59062946376201	0.111692989600218	0.252705388970493	Saci_1569
SACI_RS07485	508.951679413104	-0.58	0.168886637299528	-3.46232662488099	0.000535526819376563	0.00422584650930388	Saci_1570
SACI_RS07490	1146.97634767496	0.40	0.137867372164669	2.87616974714849	0.00402533175860707	0.0208539548710663	Saci_1571
SACI_RS07500	165.742880400282	-0.13	0.175677306733406	-0.755446256021568	0.44998126788857	0.647587468275874	Saci_1573
hisC	1232.48241354612	0.07	0.132639532420998	0.553216350349825	0.580115272296764	0.748669264069265	Saci_1574
hisG	483.612742318739	0.35	0.175079152919239	1.97745337721279	0.0479904055659043	0.138564520955991	Saci_1575
hisA	243.190636404416	0.14	0.170497066803904	0.847172303206565	0.396899088924567	0.599905929815003	Saci_1576
hisBd	543.437760915881	0.09	0.135114259993295	0.658387376315117	0.510289244948229	0.695330157159441	Saci_1577
hisF	539.437179009538	-0.22	0.150747775223502	-1.47856533507149	0.139256523199177	0.295448271930268	Saci_1578
hisD	930.787281559191	0.10	0.15345629511123	0.628747483396175	0.529514386392235	0.710935427270919	Saci_1579
hisE	94.8425831198205	-0.05	0.213792900780395	-0.242307725176294	0.808541728286716	0.897484417446658	Saci_1580
hisH	261.956041836264	0.04	0.214057777220444	0.178277975450461	0.858504674772441	0.925970032827184	Saci_1581
hisI	88.8892625081531	-0.36	0.222934639660831	-1.62459771922007	0.104248303446162	0.241184185158107	Saci_1582
SACI_RS07550	2779.25220996235	0.54	0.128852774860309	4.19170222046015	2.7686924769216e-05	0.000374679131456307	Saci_1583
serS	2644.64791186411	0.32	0.104852771112432	3.08955338012444	0.00200457680941991	0.0121448837658579	Saci_1584
SACI_RS07560	12630.633767458	0.14	0.0984561581255372	1.4507537209681	0.146848450568584	0.303983640347834	Saci_1585
SACI_RS07565	1295.7049200899	0.57	0.144492986045381	3.96974947730708	7.19482397039284e-05	0.00080448688101381	Saci_1586
SACI_RS07570	2001.21002591337	0.36	0.189115196242784	1.8799089936345	0.060120481980036	0.16226366804677	Saci_1587
SACI_RS07575	748.007552043166	0.09	0.131789793538778	0.673721582561756	0.500488337806305	0.687668044378496	Saci_1588
SACI_RS07580	645.700384053275	-0.03	0.125669673504218	-0.199464606176693	0.841899327206803	0.915217887233822	Saci_1589
SACI_RS07585	364.089459833416	-0.22	0.174197830505444	-1.24337038291281	0.213731378954844	0.396040099366677	Saci_1590
SACI_RS07590	453.499303936566	0.01	0.127845503495395	0.0891089067548386	0.928995358989615	0.963318165936578	Saci_1591
SACI_RS07595	417.660894471744	-0.26	0.180982263507618	-1.44133106687702	0.149491174508351	0.308132698488388	Saci_1592
SACI_RS07600	914.07770033864	-0.16	0.172120243138674	-0.917569835370598	0.358844116122388	0.561548895493762	Saci_1593
SACI_RS07605	478.043025294344	-0.18	0.190766897578962	-0.928315234283184	0.353244073952824	0.559329093248471	Saci_1594
pyrI	650.938413744741	-0.15	0.185976930197129	-0.785641996494672	0.432077253448135	0.63164852397062	Saci_1595
pyrB	1588.96301669084	0.09	0.157995292710852	0.58165331430926	0.560800223847104	0.735209347334184	Saci_1596
pyrE	8.02054115653322	0.74	0.689304871826359	1.06958801197938	0.284804793581532	0.482336071469075	Saci_1597
SACI_RS07625	36.3570994176647	0.03	0.362335687940947	0.0880076917086775	0.929870562766962	0.963318165936578	Saci_1598
SACI_RS07630	166.22248742531	-0.03	0.210514881873286	-0.121230460048965	0.903508498408998	0.948609501422638	Saci_1599
SACI_RS07635	2539.85429520072	0.83	0.135187768098963	6.12121417488666	9.28649802875702e-10	3.89763743351889e-08	Saci_1600
SACI_RS07640	418.134464007272	-0.25	0.136589892485795	-1.84775087664473	0.0646383902441052	0.171579081711209	Saci_1601
SACI_RS07645	112.489677999634	-0.79	0.198265362626714	-3.98027827807465	6.88346414322811e-05	0.000775661951703837	Saci_1602
SACI_RS07650	591.275485359391	-0.40	0.192430163798629	-2.06978470642796	0.0384725101728514	0.117651942408213	Saci_1603
SACI_RS07655	401.890859468027	-0.27	0.162833060900525	-1.63675183736611	0.101682332875133	0.237477448392246	Saci_1604
SACI_RS07660	453.463803744492	-0.45	0.147971370764307	-3.04238388775031	0.00234712349899372	0.013787565219241	Saci_1605
SACI_RS07670	110.915773669912	0.43	0.32648453487843	1.32995024556933	0.183534664904454	0.356035257744882	Saci_1607
purS	22.9898812039922	0.49	0.704322262274421	0.70032953276276	0.483721532381116	0.67417459163655	Saci_1608
purQ	93.2585303995427	0.29	0.488070597663117	0.589440344237874	0.555565919437683	0.730330868221303	SACI_RS07680
purL	659.465474982763	0.19	0.427224414151526	0.44042526101919	0.659629132446346	0.802246768401578	Saci_1610
purF	434.363724372243	0.22	0.284737531823051	0.763781409899364	0.444997516925466	0.643914078367162	Saci_1611
SACI_RS07695	782.571525363922	0.24	0.191363548878386	1.25065333022581	0.211060984440262	0.39257071993513	Saci_1612
purD	1017.64661728952	0.18	0.203593847154617	0.892637099685979	0.372051544762665	0.574124863657678	Saci_1613
purM	504.331554135153	0.11	0.176799304948593	0.614398456053565	0.538952055786519	0.717470197513671	Saci_1614
SACI_RS07710	4709.51711069193	0.11	0.180026896837052	0.614860015595753	0.538647170633715	0.717470197513671	Saci_1615
SACI_RS07715	312.332761123569	-0.11	0.142840895578286	-0.783105181457311	0.433565348707208	0.633359061436179	Saci_1616
SACI_RS07720	4281.3323863785	0.25	0.438436973738159	0.564815948392573	0.572198958154415	0.743755916882938	Saci_1617
argH	5441.96555706836	0.62	0.371082727659107	1.6692860843184	0.0950606967183247	0.224914851059043	Saci_1618
carA	5084.23316896256	0.54	0.233750298588534	2.29034412038974	0.0220013760817723	0.0787589433038476	Saci_1619
carB	15745.3802648337	0.62	0.206177667494145	3.0304094392346	0.00244222414611249	0.0141737096736308	Saci_1620
SACI_RS07745	322.919416627374	-0.09	0.144165248511565	-0.643919962568232	0.519627336175831	0.702868176349934	Saci_1622
SACI_RS07750	155.956823378357	0.03	0.199760688833165	0.168614779571104	0.866099654604582	0.928857109803854	Saci_1623
SACI_RS07755	338.505476648994	0.35	0.147293996154121	2.3664501182574	0.0179595942483924	0.0669308480852291	Saci_1624
SACI_RS07760	80.504061053742	-0.14	0.260392924601638	-0.532652569977959	0.594274104333789	0.759136812614216	Saci_1625
SACI_RS07765	125.768486967405	0.00	0.193371629422246	0.0112182791732467	0.991049295989984	0.994827993479027	Saci_1626
SACI_RS07770	570.852731544736	0.29	0.143427656838382	2.02314263738606	0.0430584437244998	0.127112388405863	Saci_1627
SACI_RS07775	962.269869597494	-0.09	0.112059723768411	-0.794667232770063	0.426807097789511	0.626474077647452	Saci_1629
SACI_RS11685	115.483296734102	-0.74	0.203093964455813	-3.62649182414455	0.000287297911578526	0.00260819671451853	Saci_1630
SACI_RS07780	37.7431043952998	0.38	0.367507034890772	1.04466896206864	0.296175994638991	0.49550876977153	Saci_1631
amrS	1275.83252994802	0.12	0.0941802793843959	1.27532378434107	0.202194662663105	0.380478065674043	Saci_1632
SACI_RS07790	808.333817246558	-0.45	0.124251763467077	-3.6067845308686	0.000310014884025143	0.00277099723499017	Saci_1633
SACI_RS07795	289.722971438109	-0.08	0.178128981470472	-0.468955753322677	0.639101263259548	0.789480870003089	SACI_RS07795
cyoE	2022.3940049149	0.84	0.110366015872661	7.5874006943637	3.26386578220247e-14	2.48740929085746e-12	Saci_1635
SACI_RS07805	301.347174819647	0.15	0.147933330570208	1.01910375295558	0.308153712657898	0.508207945249016	Saci_1636
SACI_RS07810	249.449132910651	0.28	0.157267388561223	1.76186698853034	0.0780917732815258	0.194487158021788	Saci_1637
SACI_RS07815	818.317390095085	-0.10	0.115311325082031	-0.879735915421919	0.379002388171874	0.58165920304491	Saci_1638
SACI_RS07820	647.408208878635	-0.31	0.12983217560362	-2.42015332103565	0.0155139643539884	0.0598248212638488	Saci_1639
SACI_RS07825	2267.65669376272	0.30	0.137332337590459	2.17427434130902	0.0296845382010003	0.098827507016931	Saci_1640
SACI_RS07830	379.309709939098	0.06	0.124911445205806	0.463089977870058	0.643299873434466	0.791753690380882	Saci_1641
SACI_RS07835	674.512259887295	0.37	0.109969758130138	3.39012644438748	0.000698603930421292	0.00520091769280222	Saci_1642
SACI_RS07840	2483.78053292132	0.79	0.152598494599727	5.18802678293664	2.12534042068099e-07	5.49552308776084e-06	Saci_1644
SACI_RS07845	1664.62362675149	0.20	0.0970155319008079	2.02705786694065	0.0426564950706612	0.126206151348487	Saci_1645
SACI_RS07850	2492.4950778348	-0.01	0.154695753285478	-0.0693306989957975	0.944726390256706	0.972803397129679	Saci_1646
SACI_RS07855	645.791162371263	0.03	0.121996214414481	0.259456593542355	0.795282968855146	0.888809613887441	Saci_1647
pyk	1203.87630662098	0.08	0.157895584618544	0.500164355218245	0.616959354660238	0.773696006100411	Saci_1648
SACI_RS07865	349.426857395994	0.18	0.157886514692573	1.1425751255724	0.253215038068653	0.444434857103708	Saci_1649
SACI_RS07870	58.2009167112508	0.08	0.276999523319314	0.274447655149871	0.783740624819082	0.882470003684316	Saci_1650
SACI_RS07875	52.4181325772818	0.14	0.274276665871867	0.495924403450729	0.61994774793242	0.775872375977653	Saci_1651
SACI_RS07880	73.9010208884648	-0.07	0.246859004921445	-0.275462939963729	0.782960594447599	0.882470003684316	Saci_1652
SACI_RS07885	318.520698624423	-0.56	0.152106812215569	-3.70133066418243	0.00021447176587728	0.00204312576967303	Saci_1653
SACI_RS07890	623.010217094353	-0.01	0.145361073814423	-0.0565249910085822	0.954923587402114	0.9787549586215	Saci_1654
SACI_RS07895	744.849609980654	-0.16	0.110996654549164	-1.4027748707512	0.160683982755392	0.323602791418369	Saci_1655
SACI_RS07900	406.409277038796	0.01	0.148908094313736	0.058187742178617	0.953599084503749	0.978376564061377	Saci_1656
SACI_RS07905	586.576965480749	-0.15	0.112649382402097	-1.31516569997091	0.188454219974433	0.362392709857873	Saci_1657
SACI_RS07910	2752.04144434155	-0.38	0.1015829545991	-3.76970271563014	0.000163442111861082	0.00162098752037566	Saci_1658
SACI_RS07915	298.860490428341	-0.99	0.167248889149689	-5.91382240038384	3.34258295457223e-09	1.241041055954e-07	Saci_1659
SACI_RS07920	489.82015160762	-0.57	0.144462301536784	-3.96218161172364	7.42680114479709e-05	0.000824061920127677	Saci_1660
SACI_RS07925	1199.01992744678	0.15	0.203448792557181	0.751791791666441	0.452176279028335	0.64891105255999	Saci_1661
SACI_RS07930	1898.28916664674	0.35	0.123958356310148	2.8365441851585	0.00456046676172875	0.0229993155608081	Saci_1662
SACI_RS07935	196.409491180458	-0.13	0.173247761928199	-0.764722181170846	0.444436995050726	0.643866702184543	Saci_1663
SACI_RS07940	810.444525205588	-0.04	0.14758504741848	-0.286959290215889	0.774143491554186	0.876777298217021	Saci_1664
SACI_RS07945	4191.99070782996	-0.40	0.133528604418251	-3.00595726978687	0.0026474619861816	0.0150629664282552	Saci_1665
SACI_RS07950	622.848441546133	0.13	0.127430759493829	1.04020941425445	0.298242618648504	0.497815921386782	Saci_1666
SACI_RS07955	1024.42050009266	-0.04	0.131500276818497	-0.289466069132685	0.772224741881361	0.875714581275737	Saci_1667
SACI_RS07960	17262.0891916349	0.59	0.166194093790678	3.57739884377383	0.000347030449818388	0.00303951200275611	Saci_1668
SACI_RS07965	385.269463976279	0.14	0.276399965917426	0.502705361946366	0.61517143929737	0.773696006100411	Saci_1669
SACI_RS07970	382.362246735889	0.24	0.136579638937371	1.77356465310139	0.0761351887586233	0.191630873237232	Saci_1670
SACI_RS07975	741.790334016333	0.86	0.147681755265356	5.81230752433435	6.16175118819978e-09	2.12433707631269e-07	Saci_1671
SACI_RS07980	318.154176504892	-0.12	0.184796848130749	-0.66824132762941	0.503979558776422	0.690082648802137	Saci_1672
SACI_RS07985	504.055127477468	-0.22	0.11525449454719	-1.94644355390344	0.0516014821242154	0.146813115871976	Saci_1673
SACI_RS07990	339.043667791823	-0.04	0.151315354441725	-0.26278469267074	0.792716534485216	0.886969571639914	Saci_1674
SACI_RS07995	218.809570760491	-0.22	0.166729603771876	-1.33579182087253	0.181617327107018	0.353894155784719	Saci_1675
SACI_RS08000	815.487055686229	0.06	0.156882916429807	0.410028707568901	0.681784888848888	0.81600783495541	Saci_1676
SACI_RS08005	178.432227144967	-0.42	0.206058217791444	-2.04148087857396	0.0412030525877153	0.123651855226967	Saci_1677
SACI_RS08010	2474.5459342508	-0.16	0.0833929571233729	-1.90280146276694	0.0570664562879331	0.156874515711363	Saci_1678
SACI_RS08015	1703.11648698613	-0.07	0.150297883025426	-0.48046615860325	0.630895961032006	0.786515154175071	Saci_1679
SACI_RS08020	11778.5558351592	0.07	0.133167494974873	0.502067291841434	0.615620186983527	0.773696006100411	Saci_1680
SACI_RS12080	32141.4655480986	-0.42	0.138793472747922	-3.05487425387442	0.00225154901584144	0.0133757843154813	Saci_1681
SACI_RS08030	1360.19581139608	-0.65	0.169804989479701	-3.83812178145906	0.000123978994580276	0.00127773369503373	Saci_1682
SACI_RS08035	3125.59678189191	-0.48	0.127614067441309	-3.74755381047946	0.000178567536684002	0.00174118379204334	Saci_1683
SACI_RS08050	460.378068928949	-0.11	0.120430577748229	-0.912942878362714	0.361272584646037	0.563406249399528	Saci_1686
SACI_RS08055	87.5386617191317	-0.00	0.221934444079981	-0.0183320023434575	0.985373997574168	0.991192461609861	Saci_1687
SACI_RS08060	144.517035885447	-0.80	0.227155993038865	-3.53505353471977	0.000407692552044933	0.00342225400209312	Saci_1688
SACI_RS08065	461.504834850604	-0.50	0.158399130626057	-3.15664406378912	0.00159596028381384	0.0101803986386011	Saci_1689
SACI_RS08070	1196.30362594531	0.25	0.131596062482069	1.89083289132287	0.0586466550206319	0.159624730206532	Saci_1690
SACI_RS08075	514.839001562027	-0.08	0.128997688071993	-0.604828856552146	0.545292717916499	0.721740270149077	Saci_1691
SACI_RS08080	208.032175454961	-0.27	0.204564669333262	-1.3177588439397	0.187584389181286	0.361153989937824	Saci_1692
SACI_RS08085	270.409520798057	0.01	0.178851078060645	0.0415569104371178	0.966851924035104	0.985569578319487	Saci_1693
SACI_RS08090	2335.09685093266	-0.13	0.126410500897581	-1.06282973667596	0.287859171518871	0.48608755727035	Saci_1694
SACI_RS08095	212.010005775939	-0.67	0.268055681415785	-2.49742799227196	0.0125097869067126	0.0503171428914442	SACI_RS08095
SACI_RS08100	96.0472104142113	-0.59	0.259406938663378	-2.29199178561606	0.0219061171878587	0.0786122867113243	SACI_RS08100
SACI_RS08105	380.846046534554	0.02	0.153193258253321	0.127377640928293	0.898641512031834	0.94497669529564	Saci_1697
SACI_RS08110	136.072801831345	-0.33	0.214033183369456	-1.52659278908989	0.126862301230595	0.278539214832299	Saci_1698
SACI_RS08115	459.120496428598	-0.17	0.132523586234997	-1.27170601510933	0.203477592616408	0.382147281593461	Saci_1699
SACI_RS08120	99.112279872779	0.25	0.30106261372491	0.818700630849157	0.412957236625504	0.613294439624339	Saci_1700
SACI_RS08125	1222.62780973176	-0.06	0.554403541802491	-0.105654612259264	0.915856392878897	0.953569478242593	Saci_1701
SACI_RS08130	637.347207071535	-0.25	0.134528064341761	-1.83945814088832	0.0658478292857756	0.1741509713348	Saci_1702
SACI_RS08135	993.292927280591	-0.31	0.14869229882434	-2.09960443196694	0.0357636525906395	0.112546372533371	Saci_1703
SACI_RS08140	555.623456921326	-0.43	0.155526250103577	-2.77914797436048	0.00545016912768637	0.0263061496562995	Saci_1704
SACI_RS08145	381.034624721938	-0.22	0.151776375532524	-1.47345201352341	0.140629193998354	0.296852978997773	Saci_1705
rfbC	238.29222752627	-0.47	0.165085124789049	-2.83409136440614	0.00459561909296849	0.0230657069206876	Saci_1706
SACI_RS08155	107.533922956671	-0.43	0.242693986851082	-1.77348252264572	0.0761487854243499	0.191630873237232	Saci_1707
merA	215.518562783105	-0.23	0.178158827836078	-1.27659699295304	0.201744564052919	0.379877930752441	Saci_1708
SACI_RS11700	9.8269554972205	0.63	0.583255297398846	1.08066475272922	0.279846267392883	0.475886547486664	Saci_1709
SACI_RS08165	318.211396294726	-0.26	0.128421226059206	-2.02135405331406	0.0432431273887673	0.127527593602719	Saci_1710
SACI_RS08170	589.77008010243	-0.11	0.139910130865721	-0.759863061105862	0.447336443648007	0.644907695891272	Saci_1711
SACI_RS08175	433.157152520773	-0.08	0.133617055774602	-0.592936817358919	0.553223437257997	0.728656107048933	Saci_1712
SACI_RS08180	262.768282282958	-0.41	0.177757134190118	-2.31042614272941	0.0208645731358033	0.0756242851079929	Saci_1713
SACI_RS08185	493.651000463471	-0.05	0.194537795705259	-0.254044736863379	0.799460996514272	0.89150521598203	Saci_1714
ilvD	2526.79933425247	0.25	0.148310424186287	1.67859638808207	0.0932307309821805	0.221453259550233	Saci_1715
SACI_RS08195	78.1295797035308	0.10	0.245934660749698	0.422181248572669	0.672892727272333	0.811418813697166	Saci_1716
SACI_RS08200	109.162336140473	-0.65	0.211850905545661	-3.08712726443719	0.00202101051662512	0.0122188861297418	Saci_1717
SACI_RS08205	5550.70027307366	5.60	0.186906600627794	29.9525394557229	4.07730563656611e-197	5.90393856174773e-194	SACI_RS08205
SACI_RS08210	4369.82640531575	0.05	0.111211205921231	0.412758899297876	0.679783266961311	0.814502416681819	Saci_1718
SACI_RS08215	120.44015644473	-0.05	0.222003786480353	-0.221429309168755	0.824758173353419	0.905764000770384	Saci_1720
SACI_RS08220	100.504363613874	0.70	0.23320906828748	3.01121627512178	0.00260203447338849	0.0148922763536227	Saci_1721
SACI_RS08225	174.09909838378	0.13	0.205709013899821	0.614184175584713	0.539093629071046	0.717470197513671	Saci_1722
SACI_RS08230	311.508298940239	-0.50	0.158540570490293	-3.17242465727164	0.0015117177857349	0.0097504113752523	Saci_1723
SACI_RS08235	421.604288724355	0.22	0.160653677259456	1.3415563311549	0.179739893378084	0.351954074835738	Saci_1724
SACI_RS08240	406.613764354395	0.01	0.209798727167967	0.0588187525739737	0.953096471924741	0.978376564061377	Saci_1725
SACI_RS08245	814.242098878305	-0.17	0.150555478984351	-1.15170597917477	0.249441914444725	0.441824944484357	Saci_1726
SACI_RS08250	612.083838666147	-0.05	0.118583286610344	-0.450959572738418	0.652018686355884	0.797064633046281	Saci_1727
SACI_RS08255	661.517158974009	0.14	0.23280267884873	0.607642167752865	0.54342482718432	0.720227770991165	Saci_1728
SACI_RS08260	88.4986581307302	0.28	0.276069033971304	1.02419393279973	0.305743683904492	0.504808271714601	Saci_1729
SACI_RS08265	267.47024801032	0.00	0.160109374716043	0.010387194648901	0.99171236679058	0.995148653577796	Saci_1730
SACI_RS08270	843.093714790745	0.30	0.241854490447069	1.22184439432506	0.221766476690492	0.405809554185918	Saci_1731
SACI_RS08275	161.152488063767	0.47	0.242922758104886	1.93040114740307	0.053557152882791	0.150583994901517	Saci_1732
SACI_RS08280	117.687769470057	0.95	0.240877764788269	3.94993092867506	7.81737489452976e-05	0.000857542336915083	Saci_1733
SACI_RS08285	40.4463016275991	0.06	0.316106059418775	0.200792952889346	0.840860473491604	0.915119102304278	Saci_1734
SACI_RS08290	16.3504181058721	0.05	0.556278541042794	0.0883414625300905	0.929605285423249	0.963318165936578	Saci_1735
SACI_RS08295	26.3496918473863	0.56	0.457373523200145	1.22831782068176	0.219327683784664	0.402517726388077	Saci_1736
SACI_RS08300	7027.81373177101	0.33	0.168338728860509	1.98754808655076	0.0468616926490071	0.136119821375651	Saci_1737
SACI_RS08305	1052.77933555741	0.14	0.138604960687092	1.03281983896479	0.301688217747671	0.499506904345698	Saci_1738
SACI_RS08310	775.066319768572	-0.05	0.163251928697257	-0.33628117031677	0.736658847875569	0.850551842639751	Saci_1739
SACI_RS08315	106.527719722368	-0.15	0.209116863035769	-0.715631808380097	0.474218727395809	0.669441979571578	Saci_1740
SACI_RS08320	76.5758777853259	-1.83	0.288956568546211	-6.32105073869279	2.59790699387361e-10	1.20621454647781e-08	Saci_1741
SACI_RS08325	2981.00225408819	0.34	0.128947692437528	2.6612140939659	0.00778594328261474	0.0349041667901738	Saci_1742
SACI_RS08330	1634.95963466894	0.22	0.107941651840405	2.05603763411164	0.0397788888140097	0.120881072408575	Saci_1743
SACI_RS08335	8.84167189367883	-0.98	0.627614612117973	-1.5643901870991	0.117725963783794	0.262459115564178	Saci_1744
SACI_RS08340	165.928532660351	-0.63	0.206291164606193	-3.07677781024011	0.00209251212302562	0.0125464080916815	Saci_1745
SACI_RS08345	35.5467791145452	-0.23	0.31911703778987	-0.712925994810541	0.475891552632419	0.670094737161767	Saci_1746
SACI_RS08350	38.0810078707473	-0.52	0.318186195839145	-1.63115431305299	0.102857762729678	0.239057132919976	Saci_1747
SACI_RS08355	1354.52008814845	-0.28	0.134219857994403	-2.06425026619359	0.0389939938048836	0.118995369925124	Saci_1748
SACI_RS08360	12062.2787797358	0.06	0.110870733875828	0.529656410719604	0.596350175102649	0.76047120523878	Saci_1749
SACI_RS08365	958.678815177672	-0.00	0.119634886091107	-0.0398646036439151	0.968201070858454	0.98659757255668	Saci_1750
SACI_RS08370	137.473080216143	1.66	0.20544720161524	8.07937324529149	6.51004885555468e-16	5.71306105626859e-14	Saci_1751
SACI_RS08375	195.55585369578	-0.24	0.193384229770721	-1.23459925979977	0.216979684631148	0.399474358990341	Saci_1752
SACI_RS08380	2591.47197047912	4.25	0.421948746701908	10.0624571208495	8.09522463785455e-24	1.37904532654275e-21	Saci_1753
SACI_RS08385	500.187219932995	-1.04	0.214081818290119	-4.85899452386751	1.17983396569767e-06	2.44873967850775e-05	Saci_1754
SACI_RS08390	71.6123325427015	0.02	0.256004815754667	0.0893257310951452	0.928823045347923	0.963318165936578	Saci_1755
SACI_RS08395	90.6472116592495	-0.44	0.225415433401783	-1.94684661686162	0.0515531262409381	0.146813115871976	Saci_1756
SACI_RS08400	993.376734238142	-0.28	0.173485233055545	-1.59094604786379	0.111621718227479	0.252705388970493	Saci_1757
SACI_RS08405	98.9426682906491	-0.34	0.205171686657719	-1.64943468286172	0.0990586142325011	0.232456631899606	Saci_1758
SACI_RS08410	479.461710052596	-0.29	0.147718222922113	-1.97584699609424	0.0481721088692153	0.13892731389565	Saci_1759
SACI_RS08415	51524.3823339229	0.35	0.133850961517539	2.61860057897277	0.00882912593897375	0.0386825245374705	Saci_1760
SACI_RS08420	1187.74178556079	-0.38	0.124508827333635	-3.03842831358193	0.00237815678710747	0.0139134182938651	Saci_1761
SACI_RS08425	12576.1220199463	-0.21	0.112263678936158	-1.91039852012845	0.0560819212543428	0.155717395927686	Saci_1762
SACI_RS08430	8101.51053793693	-0.49	0.141034384955552	-3.44554469160962	0.000569909718400784	0.00442755847915957	Saci_1763
SACI_RS08435	5458.45480497758	-0.38	0.15110454122622	-2.52825357961046	0.0114631524561068	0.047357046380721	Saci_1764
SACI_RS08440	4380.28528826809	-0.41	0.158288134144115	-2.57742124942516	0.00995405602572728	0.0422682496341733	Saci_1765
SACI_RS08445	337.947341404105	-0.76	0.190733619360808	-3.97080635117901	7.1629784471519e-05	0.000804030448951624	Saci_1766
SACI_RS08450	1753.34917085058	-0.12	0.109724380513701	-1.10872683187744	0.267548043112185	0.461476553217919	Saci_1767
SACI_RS08455	141.623669687482	-0.10	0.186324976246473	-0.528066078694242	0.597453473546999	0.761542807831034	Saci_1768
SACI_RS08460	1498.26459299259	-0.76	0.100701508618783	-7.50764318450874	6.02013234480777e-14	4.35857581764082e-12	Saci_1769
SACI_RS08465	254.324755852889	-1.69	0.458932841628815	-3.68607655405412	0.000227737871215734	0.00214132751636612	Saci_1770
SACI_RS08470	457.640233741263	-2.06	0.440142113331162	-4.68847337938895	2.75250712706248e-06	5.10978246152111e-05	Saci_1771
SACI_RS08475	311.95398354632	-0.98	0.249879194516406	-3.92960006545756	8.50872627101878e-05	0.000922894055463311	Saci_1772
SACI_RS08480	204.798112885311	0.09	0.218911605074197	0.394431223937126	0.693262695031778	0.82383617760034	Saci_1773
SACI_RS08485	203.711034129378	-1.10	0.291971448554891	-3.78128961889873	0.000156018038722685	0.00156814438361058	Saci_1774
SACI_RS08490	492.101979388591	-0.51	0.156530202518778	-3.27190718968492	0.00106824637307848	0.00724506205254166	Saci_1775
SACI_RS08495	79.9605669640018	0.14	0.242356490304892	0.593521875314473	0.552831947630397	0.728656107048933	Saci_1776
SACI_RS08500	1165.81786441842	-0.02	0.121810045635974	-0.163862664414045	0.869839259231936	0.928857109803854	Saci_1777
SACI_RS08505	406.454816344545	0.30	0.167206843929723	1.77843721626248	0.0753320748863662	0.191537918236099	Saci_1778
SACI_RS08510	333.144850683246	0.04	0.149101257616346	0.274814277408948	0.783458928499567	0.882470003684316	Saci_1779
SACI_RS08515	216.155425911647	-0.03	0.17820308155543	-0.153991217949386	0.877616660053306	0.931732221992721	Saci_1780
SACI_RS08520	384.766444022303	-0.34	0.182496177223873	-1.8371885619144	0.0661820636396102	0.17446298235341	Saci_1781
SACI_RS08525	522.396437287901	-1.33	0.279002830934201	-4.77434374848212	1.80294200321892e-06	3.55191839545713e-05	Saci_1782
SACI_RS08530	2379.34782602868	0.02	0.11985126897951	0.183961973449221	0.854043286537962	0.922876626049977	Saci_1784
SACI_RS08535	1404.43093923285	0.27	0.291465705978533	0.943463731021098	0.345443758304853	0.552099958085461	Saci_1785
SACI_RS08540	72.5379155410295	0.36	0.306927306034903	1.18693057065426	0.23525500768628	0.422905078700968	Saci_1786
SACI_RS08545	111.606832338083	0.40	0.283166806262713	1.40359472951222	0.160439565466338	0.323335408204952	Saci_1787
SACI_RS08550	2439.81150901249	0.40	0.151182623530249	2.65537451575049	0.00792204013895438	0.0354593945014094	Saci_1788
SACI_RS08555	592.298822058351	0.35	0.122767945554017	2.81498816040889	0.00487790309436491	0.0241477048910783	Saci_1789
SACI_RS08560	792.587320547696	-0.69	0.151376127091429	-4.57700781987164	4.7167383500962e-06	8.08264749223586e-05	Saci_1790
SACI_RS08565	775.613868644145	-0.26	0.22003066111891	-1.17042263310029	0.24183093188379	0.432310110330528	Saci_1791
SACI_RS08570	244.892231620429	0.19	0.177859825130756	1.07163934659099	0.283882053366044	0.481613045133986	Saci_1792
SACI_RS08575	34.5875902214228	0.02	0.453819121306758	0.0353816751798982	0.971775396650593	0.98826328117043	Saci_1793
SACI_RS08580	23.1261662748325	0.09	0.42459537817152	0.219902598194861	0.825947012774283	0.906295722919652	Saci_1794
SACI_RS08585	32.5601167608223	1.04	0.387775417964391	2.69043512780662	0.00713589074906857	0.0324419774086383	Saci_1795
SACI_RS08590	11.788488846758	-0.44	0.642060518052429	-0.685624214015829	0.492950108207771	0.681172488588271	SACI_RS08590
SACI_RS08595	86.4444285674294	-0.27	0.238648584330821	-1.12936261885767	0.2587448951993	0.450586420022352	Saci_1796
SACI_RS08600	194.159213872106	-0.79	0.225790946760824	-3.47970434854762	0.000501967392094056	0.00401573913675245	SACI_RS08600
SACI_RS08605	71.2120726674807	-0.79	0.336764573113711	-2.34710408855701	0.0189199684530128	0.0697990173757007	Saci_1797
SACI_RS08610	7914.66124261451	-2.53	0.606028917772563	-4.17186831711667	3.02112224964377e-05	0.000405054168285572	Saci_1798
SACI_RS08615	1108.19593794546	0.06	0.145083844843908	0.410440649496572	0.681482732443212	0.81600783495541	Saci_1799
SACI_RS08620	595.325881195336	-0.16	0.149430650957407	-1.05679797616019	0.290603798173913	0.489011388443725	Saci_1800
SACI_RS08625	4190.94574496921	-0.03	0.202459470109152	-0.140788184354866	0.888037277607192	0.940192144979693	Saci_1801
SACI_RS08630	1346.78319300347	-0.32	0.143855874954766	-2.20496769066863	0.0274563618285134	0.0936556229156357	Saci_1802
SACI_RS08635	2232.9358484856	-0.05	0.139374481538304	-0.348483253530728	0.727477288345	0.84506183570033	Saci_1803
SACI_RS08640	85.9173820122218	-0.91	0.25583312787556	-3.54545375038533	0.000391937760863101	0.0033482352668423	Saci_1804
SACI_RS08645	523.024287733053	0.01	0.11353286361278	0.126344762367781	0.899459024883695	0.945493043943079	Saci_1805
SACI_RS08650	63.4978803460729	-0.20	0.239777526292697	-0.830306080825817	0.406365750917959	0.608183573466878	Saci_1806
SACI_RS08655	239.152009470716	-0.01	0.157249335997219	-0.0665903817656436	0.946907802989578	0.974154528404198	Saci_1807
SACI_RS08660	1671.2760525757	-0.23	0.102629405537459	-2.25034717012226	0.0244269157980225	0.0846255284448038	Saci_1808
SACI_RS08665	716.848103291442	-0.27	0.146828143348751	-1.81053473757225	0.0702129024412861	0.181712748409262	Saci_1809
SACI_RS08670	1358.36185157542	-0.62	0.126220008034456	-4.90645985176556	9.27349604513158e-07	1.98933663308897e-05	Saci_1810
SACI_RS08675	1010.63810846114	-0.53	0.133570343781337	-3.98477713487523	6.75434875354015e-05	0.000764085702744229	Saci_1811
SACI_RS08680	80.300183127235	0.10	0.253641643998147	0.375996405612603	0.706919568199701	0.83469704582241	Saci_1812
SACI_RS08685	184.077834538232	-0.31	0.170228467685989	-1.79273229662773	0.0730157397223276	0.186796450738393	Saci_1813
SACI_RS08690	280.51973650386	-0.19	0.180421852358941	-1.03516636873111	0.300591221966608	0.499506904345698	Saci_1814
SACI_RS08695	151.224024127611	-0.39	0.256397535269163	-1.53977553976843	0.123615076200968	0.272442359724509	Saci_1815
SACI_RS08705	849.236666570938	-0.11	0.116735571857488	-0.974044351591714	0.330034518199702	0.535183818124575	Saci_1816
SACI_RS08710	294.022837533318	-0.12	0.178085664067915	-0.650273491162481	0.515515577143185	0.699040583924835	Saci_1817
SACI_RS08715	321.905978107418	-0.47	0.164648425438781	-2.86081180693821	0.0042255780189241	0.0216972942248301	Saci_1818
SACI_RS08720	185.221027676054	-0.39	0.166900424264484	-2.34460043800819	0.0190474795719528	0.0701800265144726	Saci_1819
SACI_RS08725	422.157991667653	0.70	0.143274312836444	4.87774164956291	1.0730734515818e-06	2.25189906940644e-05	Saci_1820
SACI_RS08730	438.279514769503	0.59	0.251326538766384	2.35728880589702	0.0184089234010325	0.0682615136611909	Saci_1821
SACI_RS08735	22.4099810490624	0.38	0.405818538912314	0.93844277833353	0.348016910564123	0.554681878367474	Saci_1822
SACI_RS08745	582.069657925669	-0.34	0.158954280817378	-2.10767916033379	0.0350587511035725	0.110840767681164	Saci_1824
SACI_RS08750	618.450449397146	0.23	0.157890324444745	1.45714467012985	0.145076449938957	0.301176630124172	Saci_1825
SACI_RS08755	422.409350792043	-0.23	0.160029682622818	-1.40823380757134	0.159061848564469	0.321612668295188	Saci_1826
SACI_RS08760	1006.3204523969	-0.20	0.174600267098165	-1.13013630640863	0.258418793321464	0.450289305330301	Saci_1827
SACI_RS08765	265.282582134796	-0.63	0.158613272230415	-3.968445600643	7.23429667446017e-05	0.000805789352662949	Saci_1828
SACI_RS08770	45.3182052998109	0.38	0.315503067114816	1.19922443993013	0.230440686519393	0.416949868423553	Saci_1829
SACI_RS08775	525.896436453969	0.67	0.155656728952179	4.27669482350359	1.89688554835467e-05	0.000266985476264097	Saci_1830
SACI_RS08780	434.075304984572	-0.34	0.198966930408654	-1.69978078340468	0.0891721674381259	0.215202164084011	Saci_1831
SACI_RS08785	428.282169320947	-0.20	0.194241978913791	-1.04340791363327	0.296759409931004	0.496198181963156	Saci_1832
SACI_RS08790	303.19982476962	-0.36	0.183149404362195	-1.96460731556305	0.0494597046132414	0.14199715935849	Saci_1833
SACI_RS08795	484.003069717888	0.15	0.172063771429089	0.862485768470271	0.388420261201629	0.592658101390895	Saci_1834
SACI_RS08800	673.258225280666	-0.19	0.170436688430879	-1.09602284637311	0.273068776519816	0.469043402610549	Saci_1835
SACI_RS08805	858.352113407993	-0.28	0.149457882953812	-1.86125276596473	0.0627084900330977	0.167996102808373	Saci_1836
SACI_RS08810	179.559376002468	0.03	0.230283646488273	0.118679183969716	0.905529528763032	0.949028335568971	Saci_1837
SACI_RS08815	354.120241491221	0.81	0.199482444508275	4.05638060856352	4.98390201766904e-05	0.000601818801631345	Saci_1838
SACI_RS08820	626.597921628358	-0.02	0.11736009111109	-0.183075506940257	0.854738773592187	0.922939406533548	Saci_1839
SACI_RS08825	166.008609323709	-0.20	0.170112123079864	-1.19795396031598	0.23093494093625	0.416949868423553	Saci_1840
SACI_RS08830	430.032998991233	0.36	0.141552913555758	2.5263420778992	0.0115257193795081	0.0475476970413897	Saci_1841
SACI_RS08835	1580.31852295612	-0.27	0.139049185246097	-1.90858550593742	0.0563155831485525	0.156066917510247	Saci_1842
SACI_RS08850	124.965286550417	3.69	0.349904043119454	10.5341220657361	6.01418241059016e-26	1.24407659007637e-23	Saci_1845
SACI_RS08855	172.001924913502	-0.19	0.203146196753938	-0.910985435389662	0.362303047758238	0.56379883197628	Saci_1846
SACI_RS08860	492.714338372598	0.04	0.11879823432916	0.303855835486195	0.761237725983468	0.868143694284813	Saci_1847
SACI_RS08865	609.825366016061	0.64	0.15767353890178	4.08707084502868	4.36853751032221e-05	0.000538352537442261	Saci_1848
SACI_RS08870	216.80645201251	-0.05	0.183082009301712	-0.288975143756158	0.772600398881045	0.875714581275737	Saci_1849
SACI_RS08875	852.316055258335	-0.09	0.120213017291939	-0.770355749857369	0.441088894506589	0.640719362808831	Saci_1850
SACI_RS08880	406.203023490907	0.35	0.143500289204454	2.4332382336739	0.0149644513359913	0.0583271212234601	Saci_1851
SACI_RS08890	61.6530042642267	1.09	0.325080429145751	3.35038018812636	0.00080700712553729	0.00588688321298739	Saci_1852
SACI_RS08900	1543.81966416423	-0.59	0.182807277400228	-3.25205503052218	0.00114573836651729	0.00761022548035341	Saci_1853
SACI_RS08905	297.543374223485	-0.89	0.167230483779274	-5.31538967456607	1.06429318320451e-07	2.89159890327895e-06	Saci_1854
SACI_RS08910	536.326548119927	-0.91	0.204957064728027	-4.45285603337669	8.47355722059761e-06	0.000132645522761355	Saci_1855
SACI_RS08915	1484.51818947506	-0.38	0.122584395007421	-3.13295849069073	0.0017305391386422	0.0108477085400602	Saci_1856
SACI_RS08920	2490.62251764958	-0.46	0.184159495488439	-2.47819032405815	0.0132050685335623	0.0525300528477972	Saci_1857
cbsA	7068.5602571944	0.52	0.41826938289028	1.2397710491449	0.215060089267531	0.397082770746348	Saci_1858
cbsB	1633.92047270349	0.02	0.451232006631136	0.0485007057108783	0.96131720202938	0.98258389118041	Saci_1859
soxL2	2850.21108947159	0.73	0.370974717042773	1.96201862391041	0.0497603160158695	0.142679084338572	Saci_1860
SACI_RS08940	5130.36486933158	0.50	0.458495652486933	1.08313403984994	0.278748931822556	0.474597047639925	Saci_1861
SACI_RS08945	586.281528629649	0.20	0.497199790966442	0.397648217123806	0.690889513000152	0.821690361251927	Saci_1862
SACI_RS08950	667.632882459533	0.21	0.147333635200352	1.44975791511288	0.147126039134348	0.304123489887988	Saci_1863
cas6	791.076777655583	-0.12	0.0986022754729766	-1.19797383234435	0.230927204330697	0.416949868423553	Saci_1864
SACI_RS08960	474.021704754586	0.28	0.176638220578232	1.60959571828244	0.107486143576002	0.246460706093509	Saci_1865
SACI_RS08965	194.855023802825	0.76	0.212006962881518	3.58110475755837	0.000342144426122134	0.00301170291200517	SACI_RS08965
SACI_RS08970	1804.64644717642	0.11	0.126299435794041	0.874206766783035	0.382005661601893	0.58533777566089	Saci_1866
SACI_RS08975	2267.90209057388	-0.61	0.281535197691748	-2.16561434292913	0.0303406694388818	0.100189941499432	Saci_1867
SACI_RS08985	12.3727189509528	0.99	0.627177836313506	1.57988966074509	0.114132137426901	0.256421000766722	Saci_1868
SACI_RS12265	271.634538841621	-0.27	0.202350236238448	-1.34561908132886	0.178425394691503	0.351024712258229	SACI_RS12265
SACI_RS12270	1.13636122770319	2.84	2.27538590954196	1.24992305541646	0.211327656401053		SACI_RS12270
SACI_RS08995	76.6320867578934	-0.28	0.258571576352424	-1.07127618913061	0.284045262806923	0.481613045133986	SACI_RS08995
SACI_RS09000	1711.82491210941	0.02	0.13066394101441	0.161248948845452	0.871897329896998	0.928857109803854	Saci_1871
SACI_RS09010	1608.56766261936	0.02	0.231267762859671	0.0690841507126877	0.944922636783766	0.972803397129679	Saci_1872
SACI_RS09015	843.916991827068	0.09	0.178422230587714	0.478109007118579	0.632572621615824	0.787486280749309	Saci_1873
cas7d	2149.88313790152	0.25	0.174635743093145	1.46007717523584	0.144268864819052	0.300665630468363	Saci_1874
SACI_RS09025	3197.71900824952	-0.11	0.138671880622697	-0.779426520929229	0.435728506210835	0.635562277770279	Saci_1875
csa3	184.994340313314	-0.36	0.187628853335992	-1.90488367011192	0.0567951944092875	0.156646555246949	Saci_1876
cas2	153.010397272539	-0.82	0.190081054972516	-4.31657578913993	1.58468287082167e-05	0.000227190177915819	Saci_1879
SACI_RS09045	158.571203850686	-0.71	0.205810466140077	-3.46573841799024	0.000528777466716659	0.00418398782407499	Saci_1880
cas1	673.215066158599	-0.20	0.161606192057636	-1.2395761530332	0.215132205559745	0.397082770746348	Saci_1881
SACI_RS09055	103.913481482137	-0.65	0.227100662988378	-2.86559386592224	0.00416227856216815	0.0214102286252912	Saci_1882
SACI_RS09060	123.846718641604	-0.67	0.217426462668759	-3.0681166818577	0.0021541249006882	0.0128625684791609	Saci_1883
SACI_RS09065	420.241727384873	-0.56	0.173343931514057	-3.21671406346052	0.00129667760326173	0.00845760887172517	Saci_1884
SACI_RS09070	794.364013191009	-0.19	0.175385385975003	-1.10950046072308	0.267214345795749	0.461329764954114	Saci_1885
SACI_RS09075	15.9572614139671	0.70	0.637089228490496	1.09627147208366	0.27295998994369	0.469043402610549	SACI_RS09075
SACI_RS11985	193.508553872199	1.19	0.250821558935663	4.74032080078654	2.13380101154503e-06	4.09825911534733e-05	Saci_1886
SACI_RS09085	770.476198424348	-0.05	0.141062153790066	-0.389625008314414	0.696813856813823	0.827377174798209	Saci_1887
SACI_RS09090	252.399804833139	0.02	0.182594439124904	0.113155314858726	0.909907421635827	0.950953407815718	Saci_1888
SACI_RS12275	21.4529024461465	0.81	0.485012563032266	1.66702763775776	0.0955089094033391	0.225420532102971	SACI_RS12275
SACI_RS12280	2.42431165125442	1.14	1.49288968999635	0.764692062147318	0.444454934051186		SACI_RS12280
SACI_RS09105	12.7409508486711	0.44	0.592293423550235	0.750065951010656	0.453214985100111	0.650079542768659	Saci_1891
SACI_RS09110	318.400181401508	0.01	0.20016410236172	0.0490617215539738	0.96087010842574	0.98258389118041	Saci_1892
SACI_RS09115	1147.78298719816	-0.34	0.125969527885663	-2.67993607104014	0.00736362218424521	0.0332684084954355	Saci_1893
SACI_RS09120	198.584435090105	-0.13	0.160928086354121	-0.825615258789363	0.409022376568451	0.610298199044876	Saci_1895
SACI_RS09125	407.504822914737	-0.59	0.134991198623397	-4.40250993390538	1.07005688787819e-05	0.000162245274727499	Saci_1896
SACI_RS09130	371.945851342631	-0.36	0.146673867926804	-2.44323895404615	0.0145560959086444	0.0573529983012711	Saci_1897
SACI_RS09135	363.747394655484	-0.48	0.121181724139189	-3.99059949232838	6.59064942904543e-05	0.000751437824665967	Saci_1898
SACI_RS09140	2912.62483726352	-0.30	0.116618173297091	-2.5620440192744	0.0104058128705624	0.0436611251308645	Saci_1899
SACI_RS09145	229.340652197978	0.20	0.189335396197093	1.04882442252335	0.294258934875953	0.493275386071237	Saci_1900
SACI_RS09155	685.007735654225	0.13	0.188813110366217	0.694572100794706	0.48732350142849	0.678178212463675	Saci_1901
tsaA	44.9485878308729	0.08	0.3441760409318	0.242999931932993	0.808005450180894	0.897432111802526	Saci_1902
SACI_RS09165	64.7883592210946	-0.44	0.302479702736881	-1.46092954563911	0.144034777354256	0.300638287581545	Saci_1903
SACI_RS09170	1950.47496061531	-0.14	0.106214256687979	-1.34072067168924	0.180011160390904	0.352000216402469	Saci_1904
SACI_RS12090	891.709733537838	-0.54	0.164911567948669	-3.25431786097541	0.0011366502163265	0.00759399443769261	Saci_1905
SACI_RS09180	241.224368981764	0.02	0.211746910403258	0.0989073645368431	0.92121182152645	0.957702607386739	Saci_1906
SACI_RS12095	1.54746776115817	-1.06	1.71388689097599	-0.615969991768543	0.537914325332931		SACI_RS12095
SACI_RS09185	300.694553280454	-0.06	0.185919316693947	-0.324581668123709	0.745497703364628	0.856730694025382	Saci_1907
SACI_RS09190	404.76048506264	-0.26	0.152808520852908	-1.70991606501205	0.087281395274457	0.212012339135014	Saci_1908
SACI_RS09195	559.963921598538	0.59	0.152941604597192	3.87287993210965	0.00010755682225052	0.00112856723636778	Saci_1909
SACI_RS09200	419.179562358202	-0.44	0.135078388575138	-3.29354014053514	0.000989342140652263	0.00687082695282723	Saci_1910
SACI_RS09205	153.024243800432	-0.15	0.185702054354616	-0.805174956019196	0.420718726253616	0.621034864663718	Saci_1911
SACI_RS09210	668.265613582732	-0.75	0.100081740009144	-7.49846943870978	6.45673019446456e-14	4.56065625443156e-12	Saci_1912
SACI_RS09215	15.5024822755932	0.41	0.59370648448069	0.683455802506166	0.49431886914892	0.682339106318052	Saci_1913
SACI_RS09220	308.969296093635	-0.20	0.152572289126003	-1.31274096736803	0.189270247979433	0.363527982236071	Saci_1914
SACI_RS09225	348.387039911441	-0.52	0.128907624042633	-4.04940997449321	5.13469251114333e-05	0.000614465682325251	Saci_1915
SACI_RS09230	906.350282499665	-0.34	0.108656533854917	-3.1418522491796	0.00167882730833364	0.0106386955906657	Saci_1916
SACI_RS09235	247.398004469271	-0.15	0.165473433681907	-0.904262699941816	0.365856120264227	0.568391270318233	Saci_1917
SACI_RS09240	334.778785699971	-0.03	0.139266323128133	-0.245403369882251	0.80614411998899	0.896299288487094	Saci_1918
SACI_RS09245	1060.44935585877	0.13	0.246411329388157	0.545453399628226	0.585441722436453	0.753193793059071	Saci_1919
SACI_RS09250	1206.94849974492	-0.04	0.162683704325619	-0.25450405617039	0.799106170868219	0.891452800783652	Saci_1920
SACI_RS12100	4.72872393027776	1.10	0.849410785041315	1.29845374751832	0.194131460180257		SACI_RS12100
SACI_RS09255	769.072943128817	-0.50	0.160115699926186	-3.11235573067967	0.00185600704806528	0.0113877042610107	Saci_1921
SACI_RS09260	900.157534961207	-0.31	0.114960572658973	-2.72673191319978	0.00639649851294538	0.029829725754412	Saci_1922
SACI_RS09265	484.337699102196	0.11	0.177199767620624	0.634312789467838	0.525876711551462	0.70867331626479	Saci_1923
SACI_RS12105	6.83001929975165	-0.38	0.756451174529364	-0.496754855274951	0.619361934109324	0.775547891010236	SACI_RS12105
SACI_RS09270	12.6800043171806	0.01	0.607600308518714	0.0208912234047167	0.983332427806045	0.989985500248576	Saci_1924
SACI_RS09275	4.92923859594857	0.83	1.05975838416673	0.782437107255803	0.433957733336304		SACI_RS09275
SACI_RS09280	2.76470513706805	0.81	1.40126735089863	0.57723442384629	0.563781105598004		SACI_RS09280
SACI_RS11720	3.51015812749714	-0.13	1.10444621609231	-0.113987220371632	0.90924792407698		SACI_RS11720
SACI_RS09285	54.5243754424845	0.86	0.333674163887702	2.58130605155555	0.0098427279909645	0.0419801771161019	Saci_1925
SACI_RS09290	16.8816494599882	-0.02	0.521398921897779	-0.0292189929357797	0.976689933527972	0.989092198282919	Saci_1926
SACI_RS09295	121.544536663394	-0.19	0.247560496224079	-0.773379460669786	0.439297841862611	0.638978679072888	Saci_1927
SACI_RS09300	101.168767883656	-0.68	0.236575224959609	-2.85324265643962	0.0043275562699123	0.0220644418268768	Saci_1928
SACI_RS09305	63.5530933792166	-0.65	0.232619270469505	-2.77931777301193	0.00544732073659863	0.0263061496562995	Saci_1929
SACI_RS09310	48.8856463615843	-0.40	0.328483164111395	-1.21154552366692	0.225686398483961	0.411320207683796	Saci_1930
SACI_RS09315	81.0222994883092	0.68	0.242116952158653	2.82725552746642	0.00469488482471259	0.0235231599521932	Saci_1931
SACI_RS09320	45.1722012167058	0.42	0.304512900881806	1.38138717540543	0.167159946957342	0.33316944692943	Saci_1932
SACI_RS09325	35.7992605528685	0.58	0.352633384180347	1.63430145526783	0.10219556827592	0.238100052877766	Saci_1933
SACI_RS12110	14.2912331849628	0.30	0.544111931436886	0.557281042385622	0.577335426120325	0.746745598054694	SACI_RS12110
SACI_RS09330	816.365452621501	-0.67	0.251203045897408	-2.65111972227965	0.00802253982139325	0.0357530979577455	Saci_1934
SACI_RS09335	1740.73719740408	-0.69	0.26749927390407	-2.57370475004967	0.0100616093735029	0.0425378405046198	Saci_1935
SACI_RS09340	1010.90238320761	-0.12	0.156556836731463	-0.753850865536577	0.450938776945541	0.647587468275874	Saci_1936
SACI_RS09345	904.148380104616	-0.15	0.185754648662655	-0.803647943715627	0.421600325942289	0.621034864663718	Saci_1937
SACI_RS09350	439.994263417464	-0.27	0.159856796202922	-1.71501604648318	0.0863422849804887	0.210654808174806	Saci_1938
SACI_RS09355	462.270900420425	-0.48	0.137118922854473	-3.46575352747331	0.000528747753590191	0.00418398782407499	Saci_1939
SACI_RS09365	3077.93051592545	0.46	0.236261162954112	1.93941366587872	0.0524509878032932	0.148337949881189	Saci_1941
SACI_RS11500	2628.04085702312	-0.43	0.154802415615067	-2.78649635478033	0.00532812173448103	0.0259331773832892	SACI_RS11500
SACI_RS09380	1778.38784267445	0.03	0.234399142470204	0.127993120865708	0.898154417018605	0.94488963947999	Saci_1943
SACI_RS09385	2718.63786645861	0.90	0.224402043874339	3.99189266562003	6.55480415850035e-05	0.000750304855455218	Saci_1944
SACI_RS09390	107.340748608389	-0.33	0.208343391783915	-1.57715176501159	0.114760608635102	0.257234305423573	Saci_1945
SACI_RS09395	99.9390115845926	0.07	0.201623736965484	0.354750897317216	0.722776217033122	0.84263809181513	Saci_1946
SACI_RS09400	220.087131631609	-1.10	0.195946668045362	-5.63847267605717	1.71565036694423e-08	5.71094650881666e-07	Saci_1947
SACI_RS09405	157.418136383998	-1.18	0.19161878310359	-6.16482433895845	7.05614268222672e-10	3.02944351780584e-08	SACI_RS09405
SACI_RS09410	1119.94128085196	0.12	0.141813991871968	0.827082716545319	0.40819017967877	0.60996840059325	Saci_1948
SACI_RS09415	534.910419740263	-0.65	0.140554134362031	-4.6582240105665	3.18949039313885e-06	5.88328928568797e-05	Saci_1949
SACI_RS09420	396.340967337768	-0.28	0.139869506448932	-1.99294999354349	0.0462669231440164	0.134662321030223	Saci_1950
SACI_RS09430	105.104893190758	0.63	0.290241307624153	2.16169584238415	0.0306416283261318	0.100496212494312	Saci_1952
SACI_RS09435	92.570768874579	0.14	0.223126774614522	0.646528536899875	0.517937122164824	0.701555122073552	Saci_1953
SACI_RS09440	704.11062437171	0.37	0.17671512256099	2.07106121959142	0.0383530753512787	0.117534927214077	Saci_1954
SACI_RS09445	554.022214787733	0.92	0.201753846849465	4.57328887276558	4.80127457067022e-06	8.17911244509468e-05	Saci_1955
SACI_RS09450	556.637779318336	0.06	0.178971742351486	0.330628736542475	0.740924937249288	0.853751393330192	Saci_1956
SACI_RS09455	3928.32606128515	0.42	0.167657038237095	2.49068365645395	0.0127497582725295	0.0510695711718469	Saci_1957
SACI_RS09460	885.093574758009	-0.03	0.153583218141721	-0.19951079790624	0.841863197633192	0.915217887233822	Saci_1958
SACI_RS09465	734.293423520952	-0.49	0.140210717922574	-3.50897499315111	0.000449837197595026	0.00365934978717752	Saci_1959
SACI_RS11995	585.344031798512	-0.48	0.140441504156029	-3.43238934113742	0.00059828798183126	0.0045716147635444	Saci_1960
SACI_RS09475	565.070636551061	-0.03	0.11979611895125	-0.226613222074249	0.820724510021624	0.903733148677803	Saci_1961
SACI_RS09480	149.274751955997	-0.65	0.189024900762087	-3.44774714784051	0.000565282965598568	0.00441255921394462	Saci_1962
SACI_RS09485	209.633784538775	-0.17	0.175266943585269	-0.98570938959348	0.324275740519356	0.527882262250733	Saci_1963
SACI_RS09490	178.966855054544	0.58	0.207450621816178	2.81062330309621	0.0049445638808125	0.0244302755019373	Saci_1964
SACI_RS09495	1475.8909912485	-0.02	0.149612072273624	-0.160618830574087	0.872393622812023	0.928857109803854	Saci_1965
SACI_RS09500	1920.90517391347	-0.02	0.120566611155481	-0.197100311119591	0.843749039965195	0.916540592550339	Saci_1966
SACI_RS09505	890.88891060035	-0.08	0.160357813473089	-0.475228977936355	0.634623774756952	0.788390521697267	Saci_1967
SACI_RS09510	802.836926485215	0.10	0.139126797713436	0.71531156016316	0.474416546926284	0.669441979571578	Saci_1968
SACI_RS09515	143.649160876824	-0.43	0.20852405135954	-2.04348592967395	0.0410043588214871	0.12339227843584	Saci_1969
SACI_RS09520	150.826692863002	0.01	0.200966680930905	0.0430472835279532	0.965663841958727	0.984705100814252	Saci_1970
SACI_RS12000	59.6601256278883	0.51	0.321950978154153	1.58545118579619	0.112863859378782	0.254465733090727	SACI_RS12000
SACI_RS09525	2679.15134418193	0.12	0.0890733251866642	1.36555031324676	0.17208015091934	0.340398987064486	Saci_1972
SACI_RS09530	168.914444686139	-0.13	0.215035529380988	-0.600502932789803	0.548171106922638	0.725049239111668	Saci_1973
SACI_RS09535	758.369110125714	-0.47	0.149265280750267	-3.12903129796534	0.00175383626266885	0.0109699996040799	Saci_1974
SACI_RS09540	12.4188213606651	0.57	0.610451450290591	0.936903288628781	0.348808307420341	0.555331972671418	SACI_RS09540
SACI_RS09545	559.107431265133	-0.24	0.130383784280193	-1.84799375997666	0.0646032455444957	0.171579081711209	Saci_1975
SACI_RS09550	364.178556623664	-0.30	0.157598598795245	-1.91311260524982	0.0557336383823442	0.155037670965454	Saci_1976
SACI_RS09555	83.3501978248778	0.14	0.270322414219728	0.505202849873391	0.613416368879	0.773696006100411	SACI_RS09555
SACI_RS09560	33.7368188649728	-0.02	0.359907589477241	-0.0605008847974181	0.95175671117614	0.977753613184144	Saci_1977
SACI_RS09565	82.2013869519845	0.10	0.259321340842954	0.371118035682273	0.710549618223963	0.835126499341152	Saci_1978
SACI_RS09570	420.774499173701	-0.12	0.179668785237172	-0.666679489313257	0.504976882791104	0.691121480417315	Saci_1979
SACI_RS09575	132.97439913159	0.25	0.197832659874503	1.24011963745053	0.214931146581828	0.397082770746348	Saci_1980
SACI_RS09580	165.882709746161	-0.35	0.179049700818494	-1.93998497206465	0.0523815162575894	0.148286286492648	Saci_1981
SACI_RS09585	299.504336099145	0.10	0.175387207978414	0.557651107568463	0.577082650153198	0.746745598054694	Saci_1982
SACI_RS09590	181.034833011376	0.25	0.174775666446846	1.45138842292023	0.146671731628749	0.303835003431227	Saci_1983
SACI_RS09595	276.505764856504	0.30	0.18759188107135	1.61915314439283	0.10541431660279	0.243057214077771	Saci_1984
SACI_RS09600	585.945086433343	-0.13	0.143710540376523	-0.888116008412032	0.374478352399256	0.576242990727017	Saci_1985
SACI_RS09605	217.767551534874	0.03	0.153129583226614	0.170803212451348	0.864378503025066	0.928857109803854	Saci_1986
SACI_RS09610	65.5423562930373	0.36	0.290930794080461	1.23556197370734	0.216621426814373	0.399322502899061	Saci_1987
SACI_RS12115	5.83648457364808	0.57	0.890292531132335	0.641910033333005	0.520931599288157	0.703646413963854	SACI_RS12115
SACI_RS09615	900.570267694998	-0.14	0.155028944823047	-0.925777114151307	0.354561822990547	0.5595712780415	Saci_1988
SACI_RS09620	979.19502418561	0.03	0.137345298452761	0.21286563181915	0.831431769844051	0.909919855516198	Saci_1989
SACI_RS12120	83.4714616360874	-1.04	0.321211546818676	-3.23707349893341	0.00120762304338587	0.00793033182232537	SACI_RS12120
SACI_RS09625	23.5145078877183	1.19	0.453533884410854	2.63106771467189	0.00851170748168081	0.0375890636691854	Saci_1990
SACI_RS09630	97.3881785402639	0.48	0.237033823576116	2.01589972155103	0.0438104627497045	0.128546200732669	Saci_1991
SACI_RS09635	30.0237241565119	-0.21	0.414138624198012	-0.501012149161631	0.616362572628492	0.773696006100411	Saci_1992
SACI_RS09640	94.5108312141212	0.41	0.227161888614208	1.79677319957138	0.0723716327025808	0.185935272537389	Saci_1993
SACI_RS09645	4.34102929928159	-0.03	1.11276863058601	-0.0306903229364322	0.975516508706722		Saci_1994
SACI_RS12285	2.70486612910273	0.49	1.38043672543731	0.356701160638063	0.72131553655963		SACI_RS12285
SACI_RS12290	4.16819549344274	-0.74	1.16530724996877	-0.635090272169416	0.525369541167216		SACI_RS12290
SACI_RS12295	16.1785638159897	0.15	0.580411496326559	0.265901546580511	0.790315033963808	0.885532151047883	SACI_RS12295
SACI_RS09655	1386.25305062759	-0.02	0.132136725788979	-0.121416936624506	0.903360802637976	0.948609501422638	Saci_1998
SACI_RS09660	825.935881570147	-0.33	0.153744388219558	-2.13891381763378	0.0324426487703799	0.104742375517302	Saci_1999
SACI_RS09665	518.165420578018	-0.44	0.191019937157006	-2.28877761740031	0.0220922765919469	0.0789867074200966	Saci_2000
SACI_RS09670	203.599461757242	-0.76	0.200219815628175	-3.79513675095472	0.000147562098690935	0.00149419523709422	Saci_2001
SACI_RS09675	57.1867900772449	-0.02	0.283170248802781	-0.0752904924965039	0.939983585901179	0.969441760957911	Saci_2002
SACI_RS09680	91.9724302394841	0.49	0.251473645321155	1.94146623866615	0.0522017506584611	0.148066865726644	Saci_2003
SACI_RS09685	40.492550364179	0.27	0.431527001484994	0.61735551744592	0.537000255457762	0.716990659200405	Saci_2004
SACI_RS09695	157.799228945057	0.08	0.165662857690867	0.467573544099341	0.640089587753663	0.789548748193187	Saci_2005
SACI_RS09700	142.94971415944	-0.08	0.174685243762477	-0.471920259425858	0.636983706724359	0.789478614801289	Saci_2006
SACI_RS12005	117.101495500651	-0.34	0.19667605160729	-1.70545417325243	0.0881097521910962	0.21317112977896	Saci_2007
SACI_RS09715	700.746663949895	-0.64	0.207649074829583	-3.08181468790718	0.00205742877588557	0.0123873466423381	Saci_2009
SACI_RS11955	2.95209702324517	-0.10	1.14356279673672	-0.0844895596195674	0.932667203377784		SACI_RS11955
SACI_RS09740	355.40775254038	-0.08	0.171018648010736	-0.469113229578953	0.638988703231436	0.789480870003089	Saci_2016
sixA	954.239602259712	-0.12	0.0948655033047192	-1.28600718802185	0.198440553086115	0.374811880811567	Saci_2017
SACI_RS09750	974.889408963725	-0.90	0.142577004216516	-6.28865614579037	3.20225873624971e-10	1.44902207815299e-08	Saci_2018
SACI_RS09760	196.753501346204	-0.47	0.175194633482914	-2.69929675397031	0.00694861849080874	0.0319415859514002	Saci_2020
SACI_RS09765	183.523127869972	-0.85	0.200645822762109	-4.24548500657846	2.18121094927597e-05	0.00030369167832227	Saci_2021
SACI_RS09770	455.660727693115	0.70	0.159507340809922	4.40040011870675	1.08051454768454e-05	0.000162407071935712	SACI_RS09770
SACI_RS09775	621.018609687826	-0.05	0.111249986044183	-0.454189055063922	0.649692759980644	0.795564580509068	Saci_2022
SACI_RS09780	682.50446665793	-0.24	0.224084360487133	-1.08243150230561	0.279060836690194	0.474829719773679	Saci_2023
SACI_RS09785	454.56337806356	0.97	0.223551561087827	4.32520270317341	1.52391666418032e-05	0.000219565306441105	Saci_2024
SACI_RS09790	99.0527119175335	0.47	0.265847512588894	1.77773384268929	0.0754475786096986	0.191630873237232	Saci_2025
SACI_RS09795	4490.83404413036	-0.41	0.114701502683476	-3.53612960943687	0.000406035433135186	0.00341825178592877	Saci_2026
SACI_RS09800	273.313439781737	0.07	0.208629228917597	0.323341626258232	0.746436532441703	0.857469336751754	Saci_2027
SACI_RS09805	37.4297751252471	0.26	0.304947893944133	0.840894391063046	0.400407100918385	0.602065921214768	Saci_2028
SACI_RS09810	72.026591373159	0.57	0.249258891516664	2.27819988810178	0.0227146709529401	0.0803195202438518	Saci_2029
SACI_RS09815	85.1539970135839	-0.18	0.254380776781349	-0.712401626180715	0.476216108834585	0.670117244138577	Saci_2030
SACI_RS09820	433.499068840321	-0.18	0.147577666100847	-1.20694905354747	0.22745176476829	0.414016537252652	Saci_2031
SACI_RS09825	1204.34195752349	-0.19	0.124594073608442	-1.51705355821621	0.129253162373405	0.281441472355925	Saci_2032
SACI_RS09835	447.936178446211	0.91	0.240584744646799	3.78053845266515	0.000156489546568873	0.00156814438361058	Saci_2034
SACI_RS09840	501.867723243959	0.49	0.19318673995045	2.53093510201839	0.0113758894623805	0.0471310098470015	Saci_2035
SACI_RS09845	6685.98881982468	-0.39	0.270244582194357	-1.43169559197927	0.152230958489598	0.311342412278161	Saci_2036
SACI_RS09850	4564.99318212137	-0.53	0.264210135827229	-2.01086661562162	0.0443395474496257	0.129966932605381	Saci_2037
SACI_RS09855	904.909714943231	-0.55	0.276029368324204	-1.99875865326585	0.0456344734134307	0.133182161318653	Saci_2038
SACI_RS09860	7643.38167612199	-0.49	0.33766629000636	-1.45958415619385	0.144404396262797	0.300665630468363	Saci_2039
SACI_RS09865	280.286225819583	-0.17	0.182871348677065	-0.948324947164532	0.342964054461094	0.549556583680628	Saci_2040
SACI_RS09870	24538.8200564832	-0.41	0.280589713708373	-1.47308669729169	0.140727659940545	0.296852978997773	Saci_2041
SACI_RS09875	15943.1274911281	-0.32	0.28073291422639	-1.12395168734756	0.261033522181552	0.452937735313225	Saci_2042
SACI_RS09880	42.7526814713218	-0.15	0.373180621968192	-0.408297681361965	0.683055141348624	0.816733150018834	Saci_2043
SACI_RS09885	54.4713181731711	0.10	0.289080207527887	0.35434552217838	0.723079956200774	0.84263809181513	Saci_2044
SACI_RS09890	21.0509480527199	-0.21	0.454863403276746	-0.470925962894482	0.63769360680165	0.789478614801289	Saci_2045
SACI_RS09895	156.835832220277	0.02	0.245001667663228	0.0738413275339329	0.941136642150788	0.969940112337609	Saci_2046
SACI_RS09900	7.41821801161882	-0.39	0.751731363195259	-0.516775853431729	0.605312637890471	0.767883918371992	Saci_2047
SACI_RS09905	27.4454317075507	0.55	0.431593324055352	1.26706281932052	0.205132828744002	0.383360584225608	Saci_2048
csx7	54.131799526569	0.05	0.361578127604015	0.135527677940093	0.892194682301586	0.941991168570509	Saci_2049
SACI_RS09920	209.454706910432	-0.23	0.191921693873529	-1.18692918802343	0.235255553103335	0.422905078700968	Saci_2052
SACI_RS09925	3.95250867007944	1.49	1.46864881657276	1.01372409319382	0.310714424252789		Saci_2053
SACI_RS09930	24.7117474939007	0.61	0.452208060763336	1.34293024248311	0.179294562690174	0.351753757197289	Saci_2054
SACI_RS09935	463.439559043655	-0.11	0.238371065472984	-0.457890311650454	0.647031247723854	0.793647815928963	Saci_2055
SACI_RS09940	262.366649690931	0.25	0.173513446207868	1.46725020388997	0.142308004392463	0.298321273902692	Saci_2056
SACI_RS09945	190.485252637145	0.11	0.292362980116235	0.363066555528756	0.716555167241192	0.839120001751109	Saci_2057
SACI_RS09950	175.979680322057	-1.33	0.569745046192367	-2.33706820201851	0.0194356380871848	0.0711575321118675	Saci_2058
SACI_RS09955	198.840170460633	-1.28	0.441991001122073	-2.88759016496466	0.00388205324627505	0.0202201910093751	Saci_2059
SACI_RS09960	41.7215881690828	-1.19	0.510819394891939	-2.32565648272965	0.0200368837704358	0.0728980092954548	Saci_2060
SACI_RS09965	332.642234164651	0.13	0.165308699102426	0.793040655218612	0.427754136518758	0.627505767422645	Saci_2061
SACI_RS09970	1792.43171738809	0.31	0.176772606723216	1.77238911363516	0.0763299876495329	0.191718685371247	Saci_2062
SACI_RS09975	1143.51523160741	0.31	0.153360181089291	2.04923394358398	0.0404392444107085	0.122176125969806	Saci_2063
SACI_RS09980	1047.27155693629	-0.22	0.166590462113287	-1.31810439692839	0.187468702817076	0.361153989937824	Saci_2064
SACI_RS09985	20.7094894416787	2.38	0.589392400734711	4.04188340817998	5.30235965809094e-05	0.000624212746741113	Saci_2065
SACI_RS09990	169.467341429799	3.25	0.291591331160796	11.1391905127554	8.08508649253544e-29	1.80110849864482e-26	Saci_2066
SACI_RS09995	36.0074903484534	1.87	0.404262691167053	4.62169206459944	3.8062271372385e-06	6.80421838854488e-05	Saci_2067
SACI_RS10000	221.512165865297	2.75	0.280138367734814	9.80514212771842	1.06996270649806e-22	1.63084842000968e-20	Saci_2068
SACI_RS10005	48.5876927857928	1.88	0.372236864001556	5.05045805507516	4.40751888240275e-07	1.07261972129734e-05	Saci_2069
SACI_RS10010	60.7760432681094	1.21	0.399052992316883	3.03317693292443	0.00241993669734538	0.0140725636054462	Saci_2070
SACI_RS11900	23.0486973137842	2.31	0.532244724544261	4.34662066930471	1.38251007653764e-05	0.00020220955462894	Saci_2071
SACI_RS10015	86.8613417413509	0.75	0.22687469762137	3.28611799108917	0.00101578450753892	0.00703758835845143	Saci_2072
SACI_RS10020	161.966718182345	0.58	0.215082620134945	2.71905133380835	0.00654694467323343	0.0303845380988526	Saci_2073
SACI_RS10025	555.634642988369	-0.44	0.133344574302297	-3.31223093162475	0.000925551105116466	0.006553535453343	Saci_2074
SACI_RS10030	374.434474499322	-0.43	0.186986301218331	-2.27980402440953	0.0226193142237225	0.0801781321810284	Saci_2075
SACI_RS10035	60.1849441983302	-0.33	0.346324363285596	-0.946890026632505	0.34369482054382	0.549911712870113	Saci_2076
SACI_RS11960	82.2152988356922	0.14	0.611790034945718	0.233043764504091	0.815727422029842	0.902310553740454	SACI_RS11960
SACI_RS10040	1361.34939920217	0.77	0.156699723322719	4.89578478388413	9.79141798451519e-07	2.06977711555883e-05	Saci_2077
SACI_RS10045	95.327661649919	0.52	0.280381099804136	1.85604434411701	0.0634472376750539	0.169192633800144	Saci_2078
SACI_RS10050	182.927666034683	0.87	0.242026722288431	3.57584641414083	0.000349096568066482	0.00304513150939919	Saci_2079
SACI_RS10055	235.395314096223	0.34	0.208690140675117	1.63155392829955	0.102773490471575	0.239057132919976	Saci_2080
SACI_RS10060	1084.81083517605	1.13	0.130682574204988	8.6119425345899	7.1832851914627e-18	8.3211175657904e-16	Saci_2081
SACI_RS10065	992.015194309412	0.12	0.137871879391071	0.866476193757985	0.386229075946137	0.590317358659207	Saci_2082
SACI_RS10070	363.387439727711	0.64	0.165229939244362	3.87516612733411	0.000106551981852123	0.00112618445052463	Saci_2083
SACI_RS10075	1529.36472209478	0.16	0.109630291095565	1.4713317401431	0.141201423569473	0.297179740303194	Saci_2084
SACI_RS11755	987.609616771664	0.04	0.156867914015894	0.252454650616383	0.80068966260672	0.892531663937283	Saci_2085
SACI_RS10080	8982.75257591101	-0.16	0.166741353982752	-0.935435474930826	0.349563921956195	0.556138806806781	Saci_2087
SACI_RS10085	7694.85713070413	-0.13	0.153937916300185	-0.815840831728279	0.414591176493055	0.614460617770669	Saci_2088
SACI_RS10090	4165.0605516156	0.05	0.187295804653574	0.284962206296043	0.775673096958556	0.877480190934366	Saci_2089
SACI_RS10095	5130.31483752975	0.12	0.201944792007771	0.578681036043136	0.562804414228283	0.736503200906059	Saci_2090
SACI_RS10100	722.842663427778	-0.22	0.199097233220122	-1.08373136132972	0.278483926237317	0.474597047639925	Saci_2091
SACI_RS10105	572.350555995101	-0.69	0.204370787432224	-3.35733864803163	0.000786966604492336	0.00578759573567357	Saci_2092
SACI_RS10110	153.307021587068	0.77	0.229267265480704	3.37524624127415	0.000737496705290084	0.00546237968930968	Saci_2093
SACI_RS10115	175.129114559966	1.28	0.29827831175291	4.29172746668309	1.77288462738195e-05	0.000251680092200888	Saci_2094
SACI_RS10120	178.339643349396	0.39	0.271510394795475	1.44660299310554	0.148008147439044	0.305510759075888	Saci_2095
SACI_RS11760	508.423968480722	0.09	0.237548943343355	0.373056619399727	0.709106304471685	0.83469704582241	SACI_RS11760
SACI_RS10135	161.092468265681	0.06	0.200625703760055	0.313795741137665	0.753676179214712	0.864072135790105	Saci_2097
SACI_RS10140	176.162746961047	-0.26	0.195255242088547	-1.35406771118641	0.175714776357788	0.34664168414997	Saci_2098
SACI_RS10145	1620.43274467671	0.28	0.134523548802208	2.11077095086929	0.0347920041373976	0.110819710244769	Saci_2099
SACI_RS10150	52.5655632329417	0.03	0.307916587906776	0.110366789307093	0.912118490485613	0.952233290716055	Saci_2100
SACI_RS10155	116.711378716063	-0.15	0.206568903189079	-0.730771278033522	0.464918869928232	0.660002474172628	Saci_2101
SACI_RS10160	664.107578896411	-0.20	0.14792493548868	-1.37936216526007	0.167783118404117	0.333951828796098	Saci_2102
SACI_RS10165	66.6899587561604	-0.50	0.277479389305397	-1.79419339650968	0.0727823057815083	0.186528811985175	Saci_2103
SACI_RS10170	37.633649605684	-0.80	0.406198580090841	-1.9644885933591	0.0494734578013525	0.14199715935849	Saci_2104
SACI_RS10175	127.361514074278	-0.31	0.174536159872142	-1.78018478103099	0.0750457252282328	0.190977522197682	Saci_2105
SACI_RS10180	81.1334532904519	-0.10	0.304665428813924	-0.325363672226476	0.744905846399092	0.856730473062657	Saci_2106
SACI_RS10185	15.4903773444204	0.38	0.511068441381414	0.736139024788772	0.461646095464894	0.657289622648148	Saci_2107
SACI_RS10190	17.3085781326702	0.41	0.482972977454482	0.846095766536521	0.397499322228509	0.600499758567429	Saci_2108
nrfD	385.324867885392	-0.27	0.202835468087772	-1.31932163286247	0.187061608610414	0.361153989937824	Saci_2109
SACI_RS10200	1922.10910701633	0.44	0.155334279332506	2.8428611477111	0.00447105443655067	0.0226763111177771	Saci_2110
SACI_RS10205	1358.5342079593	0.57	0.197453869414542	2.89989037701036	0.00373293187703205	0.0196199105551449	Saci_2111
SACI_RS10210	242.24786022093	0.44	0.22165465191287	1.96950465473175	0.0488951685876176	0.14075587299179	Saci_2112
SACI_RS10215	26.5612479151533	0.39	0.435418882327114	0.892526818453804	0.372110624684206	0.574124863657678	Saci_2113
SACI_RS10220	354.877099555772	0.07	0.124581081472624	0.587752503247774	0.556698428846465	0.731487590716589	Saci_2114
SACI_RS10225	76.6290735054371	-1.26	0.231502994502955	-5.45046227851346	5.02390583180435e-08	1.46961932211166e-06	Saci_2115
SACI_RS10230	1093.24203215145	-0.70	0.191235650524841	-3.6845040669039	0.000229148367228082	0.00214761705984636	Saci_2116
SACI_RS10235	3288.88570426879	0.41	0.118604906946788	3.46149219434268	0.000537189697795409	0.00422744936091169	Saci_2117
SACI_RS10240	1541.0804276535	0.31	0.130293926690664	2.37521318042738	0.0175388173489596	0.0659641753799831	Saci_2118
SACI_RS10245	1385.64277040572	-0.07	0.16999121922969	-0.406096199673943	0.684671917979296	0.817990872305298	Saci_2119
SACI_RS10250	1143.0045650988	-0.11	0.123817189042676	-0.856745457108277	0.391585575139512	0.594979971460665	SACI_RS10250
SACI_RS10255	327.533132156254	-0.34	0.203839380545739	-1.66850179126762	0.0952161566376843	0.225034815323313	Saci_2121
SACI_RS10260	1279.99373088788	-0.19	0.167750309069169	-1.15534047771386	0.247951026232361	0.440531393845961	Saci_2122
SACI_RS10265	1343.5120289916	-0.15	0.0973930266822751	-1.57864636926095	0.114417192550159	0.256862162500203	Saci_2123
SACI_RS10270	106.997872305688	-0.35	0.281776257895036	-1.24101701359153	0.214599463849441	0.397082770746348	Saci_2124
SACI_RS10275	26.7868078446891	-0.21	0.403768951422379	-0.517223132967591	0.605000405371833	0.767883918371992	Saci_2125
SACI_RS10280	604.549851778734	0.31	0.149448630428244	2.0565597541874	0.0397285928861952	0.120855805033703	Saci_2126
SACI_RS10285	143.273959132205	0.06	0.221148760657666	0.267762791105582	0.788881913551272	0.884818753541628	Saci_2127
SACI_RS10290	377.393953262599	0.02	0.137741013191726	0.120926044302657	0.903749613174521	0.948609501422638	Saci_2128
SACI_RS10295	226.574795593742	-0.44	0.165257513960776	-2.64443394575855	0.00818276759730238	0.0362898850869643	Saci_2129
SACI_RS10300	461.072564826612	-0.24	0.135239531225847	-1.77335669772021	0.0761696195344568	0.191630873237232	Saci_2130
SACI_RS10305	841.774668849336	-0.29	0.113287716417856	-2.58877321393636	0.00963185052496385	0.041385517982634	Saci_2131
SACI_RS10310	683.786720260235	-0.30	0.134449389133555	-2.26026168190853	0.023805014648308	0.0830306066598295	Saci_2132
SACI_RS10315	181.428134125628	-0.35	0.169235439320807	-2.03976283133221	0.0413739534882243	0.123907931025747	Saci_2133
SACI_RS10325	2042.11339748696	0.13	0.107542583994929	1.24877240594117	0.211748329323438	0.393596381078739	Saci_2135
SACI_RS10330	138.434161022106	-0.75	0.205434737256808	-3.63254419527811	0.000280640490838651	0.00255577000461866	Saci_2136
SACI_RS10335	736.774869963167	-0.12	0.208305486043153	-0.579904812588618	0.561978810141048	0.736088029926945	Saci_2137
SACI_RS10340	396.748459895004	0.58	0.19522130040271	2.98384952866049	0.00284646716549937	0.0157616996391705	Saci_2138
SACI_RS10345	714.362902669247	-0.57	0.15314315495334	-3.73529255568831	0.000187497085801692	0.00180997186827233	Saci_2139
SACI_RS10350	421.58736395766	-0.63	0.156598654992757	-4.01419527075599	5.96489505866395e-05	0.000690973443595632	Saci_2140
SACI_RS10355	407.925512814414	0.01	0.156897896042753	0.0819482038398675	0.934687902191836	0.965011110426937	Saci_2141
SACI_RS10360	204.083071954363	-0.23	0.168620765297916	-1.33713524406427	0.181178494701579	0.353328566098163	Saci_2142
SACI_RS10365	368.604957538308	0.24	0.184444800480047	1.31745742372699	0.187685343527771	0.361153989937824	Saci_2143
SACI_RS10370	67.2790404825828	0.19	0.310497090705062	0.620052669221399	0.535223111778321	0.715607632368429	Saci_2144
SACI_RS10375	38.0216539781273	0.38	0.400575735456515	0.947778886787665	0.343242031072198	0.549556583680628	Saci_2145
SACI_RS10380	48.0795437545626	0.04	0.333066455955576	0.127894516270456	0.898232450790198	0.94488963947999	Saci_2146
SACI_RS10390	1454.83985748061	-0.36	0.184340808672335	-1.92716138210313	0.05395952101496	0.151421291530353	Saci_2148
SACI_RS10395	415.78064023513	-0.35	0.150885734718502	-2.34829285523941	0.0188596862751113	0.0696653717509212	Saci_2149
SACI_RS10400	461.120404790212	-0.34	0.129225513961388	-2.59398599962535	0.00948703500474422	0.040884603234731	Saci_2150
SACI_RS10405	43.3963403284847	0.73	0.333418452628929	2.19157994541257	0.0284098513277382	0.0960034182556942	Saci_2151
SACI_RS10410	2307.10149151376	-0.41	0.123489477050361	-3.33274412447318	0.00085993990111793	0.00611994121506121	Saci_2152
SACI_RS10415	542.198727986208	0.20	0.179638186409967	1.08654245020236	0.277239070610091	0.474218718827651	Saci_2153
SACI_RS10420	1867.18489999228	-0.12	0.167988052500998	-0.737601405933968	0.460756700819979	0.656985224537975	Saci_2154
SACI_RS10425	417.628828600016	-0.40	0.182247157335295	-2.17967305442466	0.0292817052993106	0.0980344723084432	Saci_2155
SACI_RS10430	5.68139115245619	-0.51	0.791477936373815	-0.646165620880593	0.51817210155916	0.701555122073552	SACI_RS10430
SACI_RS10435	360.607518256862	-0.47	0.197651735397626	-2.37836740647437	0.0173894896877564	0.065487597055582	Saci_2156
SACI_RS10440	117.701944593314	0.00	0.212069837798808	0.0159038064294494	0.987311133295615	0.992424247219927	Saci_2158
SACI_RS10445	1203.8507958211	-0.12	0.134341738724208	-0.913563782996162	0.360946104113415	0.563200386590759	Saci_2160
SACI_RS10450	162.419635153979	-0.25	0.224785418453922	-1.12760294251618	0.259487643453381	0.451023532767974	Saci_2161
SACI_RS10455	573.517167156102	-0.31	0.122671955550794	-2.51265317106054	0.0119827074678083	0.0486702956897233	Saci_2162
SACI_RS10460	780.423056406397	-0.55	0.150216212142154	-3.66934240891388	0.000243175188892867	0.0022571645738261	Saci_2163
SACI_RS10465	237.344518107495	-0.35	0.165146509126049	-2.14482136933553	0.0319671319615911	0.1036694447489	Saci_2164
SACI_RS10470	233.75721549271	-0.40	0.187679570878556	-2.11221914356008	0.034667657277201	0.11069188034705	Saci_2165
SACI_RS10475	58.3995356047361	2.92	0.360726679955258	8.09149762506854	5.89355423913552e-16	5.35326573232726e-14	Saci_2166
SACI_RS10480	1363.98282577771	-0.29	0.140358111670066	-2.05655716690791	0.0397288419862172	0.120855805033703	Saci_2167
SACI_RS10485	525.916447878885	-0.44	0.174039535263365	-2.55206463582127	0.0107086650413911	0.0446838381071639	Saci_2168
SACI_RS10490	693.213432745151	0.00	0.124252576604717	0.0337075264632589	0.973110377134838	0.988431923633965	Saci_2169
SACI_RS10495	543.263653282387	-0.17	0.185150369452036	-0.934208681602159	0.350196258320564	0.556285270838122	Saci_2170
SACI_RS10500	2599.53613395398	0.18	0.100969017580115	1.74603091510815	0.080805580009422	0.199669760842394	Saci_2171
SACI_RS10505	192.322770128409	-0.32	0.152400431951459	-2.11041655405927	0.0348224918241504	0.110819710244769	Saci_2172
SACI_RS12300	152.920519610076	-0.20	0.178379665667686	-1.12636539426867	0.260010888287326	0.451433772470082	SACI_RS12300
SACI_RS12305	299.609352150259	-0.16	0.167079355194656	-0.93784678992366	0.348323151464369	0.554864602112659	SACI_RS12305
SACI_RS10515	906.287164488822	1.10	0.265613403928637	4.13548562262651	3.54204791972645e-05	0.00045336411781785	Saci_2175
SACI_RS10520	970.245284389417	0.37	0.186589573014029	1.98048457888696	0.0476491044696801	0.137991806544193	Saci_2176
SACI_RS10525	949.830684549266	0.28	0.138472114997275	2.03422061419021	0.0419293570259322	0.125053983467662	Saci_2177
SACI_RS10535	134.191939698956	-0.02	0.201703893201509	-0.109324683158884	0.912944969599655	0.952477431034301	Saci_2180
SACI_RS10540	90.5033231037477	-0.12	0.253288558716762	-0.461162502596626	0.644682021962362	0.792444454839983	Saci_2181
SACI_RS10545	233.946843745459	-0.06	0.207719694154739	-0.269545174365628	0.78751018395554	0.884307674577451	Saci_2182
SACI_RS10550	614.898435873558	1.89	0.238201932764138	7.93530869745258	2.09972406568443e-15	1.68911135950614e-13	Saci_2183
SACI_RS10555	1079.07037943962	2.89	0.231305486384031	12.4943942553464	8.0104083938249e-36	1.93317855904308e-33	Saci_2184
SACI_RS10560	188.526847132118	-0.23	0.175635702497861	-1.32609000474955	0.184809886501551	0.357999619604343	Saci_2185
SACI_RS10565	842.81956035408	-0.09	0.0932159403452669	-0.922488243533112	0.356273959833594	0.5595712780415	Saci_2186
SACI_RS10570	86.9646473964375	0.40	0.243638582554446	1.6550778506372	0.0979087071659084	0.23014903892246	Saci_2187
SACI_RS10575	974.55425660515	-0.33	0.183432617288269	-1.77724400882701	0.0755281015007908	0.191630873237232	Saci_2188
SACI_RS10580	2804.33639508677	0.40	0.273639722119448	1.46705211613397	0.142361878637265	0.298321273902692	Saci_2189
SACI_RS10585	3299.61451770465	0.39	0.161073001387967	2.43372594251691	0.014944305255474	0.0583270997572139	Saci_2190
aceA	2367.44299479489	1.23	0.124767770113678	9.85642716402666	6.42966676844857e-23	1.0344619423015e-20	Saci_2191
SACI_RS10595	120.654719593703	0.52	0.224269308443668	2.32410875785983	0.0201196657826195	0.073107342668088	Saci_2192
SACI_RS10600	38.1417688163842	0.61	0.312969373882669	1.93737255782186	0.0526998186418767	0.148751145016447	Saci_2193
SACI_RS10605	278.5688037185	1.22	0.22178630684025	5.48097593820711	4.22986013033061e-08	1.26285308633376e-06	Saci_2194
SACI_RS10610	252.576440437327	0.89	0.147275061067573	6.01376069071319	1.81268048901803e-09	7.09394958945433e-08	Saci_2195
SACI_RS10615	496.416562773433	0.12	0.145527632927047	0.853701577275578	0.393270359995814	0.596740889925395	Saci_2196
SACI_RS10620	801.354676413823	0.89	0.279728599756478	3.16659629021422	0.00154234274308707	0.00988191279641628	Saci_2197
SACI_RS10625	6468.93941302079	1.17	0.231605144702922	5.06214504460474	4.14565426651729e-07	1.02613801331915e-05	Saci_2198
SACI_RS10630	403.405734834935	0.50	0.132263365563698	3.81004942074546	0.000138939015267338	0.00141678657821905	Saci_2199
SACI_RS10635	58.9880969560698	0.92	0.395175798424231	2.33087131529041	0.0197601462369239	0.0722542720986511	Saci_2200
SACI_RS10640	362.329841004	0.76	0.40209948098815	1.90030282352002	0.0573933910389229	0.157546218434806	Saci_2201
SACI_RS10645	397.271336425573	2.00	0.399664319592837	5.00603207378546	5.55635025856408e-07	1.29767664103239e-05	Saci_2202
sat	545.894073277982	1.93	0.302287261609557	6.3715514943331	1.87125440777807e-10	9.34336683607809e-09	Saci_2203
SACI_RS10655	57.3374749640412	0.90	0.341309288006948	2.62529913622658	0.00865728718682034	0.0379871268076238	Saci_2204
SACI_RS10660	2128.0411305069	-0.07	0.214785731423253	-0.339903581709603	0.733929139256835	0.848106707265668	Saci_2205
SACI_RS10665	110.59887446921	0.17	0.197973919283221	0.858781439492878	0.390461109448198	0.594519123534164	Saci_2206
SACI_RS10670	278.300762501805	0.73	0.209014955743121	3.49572429279605	0.000472776925384057	0.00381382165992264	Saci_2207
SACI_RS10675	464.997059836306	0.77	0.185168904229911	4.14573386647843	3.38727073068938e-05	0.000443633677304414	Saci_2208
SACI_RS10680	1177.76075953321	0.06	0.19070797897621	0.301326795662249	0.763165309910857	0.869204262775052	Saci_2209
SACI_RS10685	355.117028043776	-0.30	0.256210046824293	-1.16494694048014	0.2440404711003	0.435441317076427	Saci_2210
SACI_RS10690	175.396439646673	0.16	0.224820933911311	0.715111659470293	0.474540049936588	0.669441979571578	Saci_2211
SACI_RS10695	311.527411172171	0.27	0.181559930228949	1.50202904225321	0.133089608576758	0.287203805095597	Saci_2212
SACI_RS10700	231.865781880475	1.24	0.21204736094291	5.85153675309889	4.87051623682236e-09	1.7413598792392e-07	Saci_2213
SACI_RS10705	479.567583278866	1.43	0.166248567211324	8.5875092692971	8.88749540622492e-18	9.53266173941755e-16	Saci_2214
SACI_RS10710	1353.69187583761	0.66	0.175566823027495	3.73349505122504	0.00018884090596108	0.00181292292271047	Saci_2215
SACI_RS10715	67.4734290366774	1.92	0.319451230717021	5.99482214706007	2.03708263091681e-09	7.86585506551346e-08	Saci_2216
SACI_RS10720	1262.36393982988	2.06	0.16291691490481	12.6582416396367	1.00730282889477e-36	2.91714899247926e-34	Saci_2217
SACI_RS10725	1685.58546121266	1.69	0.16719793118519	10.0785304088951	6.87466104748585e-24	1.24431364959494e-21	Saci_2218
SACI_RS10730	2490.40265248617	1.26	0.187040151636169	6.76004349457627	1.37950320934355e-11	7.83341430246849e-10	Saci_2219
SACI_RS10735	741.685581385014	1.48	0.185994507390459	7.95670567861417	1.76680319222406e-15	1.46190344133739e-13	Saci_2220
SACI_RS10740	341.605523850969	1.57	0.19460446705533	8.09105094138747	5.91521075395277e-16	5.35326573232726e-14	Saci_2221
SACI_RS10745	120.140717418482	0.66	0.273036359648483	2.40629253945572	0.0161153542483255	0.0616513420120881	Saci_2223
SACI_RS10750	993.580109688849	0.70	0.153198840266326	4.5613868052156	5.08168689001619e-06	8.50668510606179e-05	Saci_2224
SACI_RS10755	1109.91727325926	0.67	0.153758213897893	4.37052152126792	1.23950136588752e-05	0.000183142650796442	Saci_2225
SACI_RS10760	1838.08379587371	1.40	0.159795640673781	8.76246308727018	1.91029675586472e-18	2.40531278477576e-16	Saci_2226
SACI_RS10765	728.807708786416	-0.10	0.150641030292833	-0.6873802517486	0.491843138925805	0.680543588308233	Saci_2227
SACI_RS10770	995.432792246669	-0.82	0.11684670428755	-7.04449721105186	1.86132376087787e-12	1.17182469815267e-10	Saci_2228
SACI_RS10775	4867.08594686976	-0.46	0.108285431498019	-4.26614669378092	1.98878039718944e-05	0.000278237102911141	Saci_2229
SACI_RS10780	1502.3605757098	-0.47	0.155292161459254	-3.04851359410578	0.002299765075136	0.0135643984879712	Saci_2230
SACI_RS10785	1645.68910134267	-0.29	0.192355319835632	-1.52302191119009	0.127753223673494	0.279455711972192	Saci_2231
SACI_RS10790	4313.35462671182	-0.41	0.163452880006077	-2.51812434407102	0.0117981661639614	0.0481910990279722	Saci_2232
SACI_RS10795	4818.42177976846	-0.23	0.154811236458218	-1.47530259759814	0.140131208389069	0.296435339294919	Saci_2233
SACI_RS10800	420.762267659286	-0.46	0.194736172336331	-2.34082111563459	0.0192413838127151	0.0707145273117044	Saci_2234
SACI_RS10805	1950.39976602182	-0.92	0.200003969564821	-4.59686362878584	4.28898133470813e-06	7.48246382247876e-05	Saci_2235
SACI_RS10810	270.089516637851	0.08	0.166001584519006	0.507008255437297	0.612149026127559	0.772454718808458	Saci_2236
SACI_RS10815	2276.94511814677	0.20	0.174097259793585	1.15011971718453	0.250094566447944	0.442439746141262	Saci_2237
SACI_RS10820	834.134461647811	0.03	0.150382055571448	0.206829231671749	0.836143226155315	0.912385374131798	Saci_2238
SACI_RS10825	448.118926027713	2.05	0.244360858952556	8.40474832172018	4.28780120112662e-17	4.28188699257334e-15	Saci_2239
SACI_RS10830	166.27132679844	-0.06	0.203852819240016	-0.273699446899014	0.784315602842289	0.88260939340575	Saci_2240
SACI_RS10835	1203.01550146044	0.05	0.130354180502752	0.347722250767388	0.728048784555361	0.84506183570033	Saci_2241
SACI_RS10840	620.964373646761	-0.09	0.151699663345885	-0.600319311717068	0.548293450847567	0.725049239111668	Saci_2242
SACI_RS10845	343.343496866279	0.12	0.241810920673263	0.500131512214043	0.61698247871552	0.773696006100411	Saci_2243
SACI_RS10850	1644.73992412936	0.15	0.102176132045985	1.47218909680702	0.140969820887074	0.296908073664703	Saci_2244
SACI_RS10855	252.873790292976	-0.00	0.145641888894404	-0.020693154672393	0.983490429632304	0.989985500248576	Saci_2245
SACI_RS10860	786.815305074811	-0.24	0.123188153958023	-1.91461783761343	0.0555412586068875	0.15466104319764	Saci_2246
SACI_RS10865	1815.11354864764	0.08	0.108920094495223	0.760967029470199	0.446676760476678	0.644907695891272	Saci_2247
SACI_RS10870	89.1686882151955	0.38	0.233877161204153	1.63572147707995	0.101897892453005	0.237597662273674	Saci_2248
SACI_RS10875	2605.08018626738	0.18	0.139583630711568	1.26618352372127	0.205447384916486	0.383360584225608	Saci_2249
SACI_RS10880	1992.26047814292	0.64	0.155310890511596	4.13198969447955	3.59636548685437e-05	0.000456801510961854	Saci_2250
SACI_RS10885	593.444575972101	0.56	0.235397280939326	2.36851285424796	0.017859759759749	0.0668328291923943	Saci_2251
SACI_RS10890	4709.51903379935	0.45	0.183328790956931	2.43859588759545	0.0147444463868877	0.0577806721737847	Saci_2252
SACI_RS10895	1742.02390564663	0.27	0.204054330090881	1.30367054895471	0.192345935092885	0.366952455882079	Saci_2253
SACI_RS10900	887.84486327397	-0.23	0.204160176080383	-1.14068300206726	0.25400186259473	0.445272030311343	Saci_2254
SACI_RS10905	2395.17806355159	0.01	0.156880446844711	0.086190597591519	0.931314904928683	0.964123879277854	Saci_2255
SACI_RS10910	191.198941184653	0.24	0.183313854213126	1.31977539028575	0.1869100204668	0.361153989937824	Saci_2256
SACI_RS10915	217.221122880672	-0.33	0.197340713779539	-1.68149904104064	0.0926660225568021	0.221055025802717	Saci_2257
SACI_RS10920	1209.32946108385	-0.38	0.157897424375266	-2.43090445044939	0.0150611858432705	0.0585465693988073	Saci_2258
SACI_RS10925	1104.90333892889	-0.30	0.137368053687638	-2.16347276147665	0.0305048365350983	0.100275063708552	Saci_2259
SACI_RS10930	6315.75222592084	-0.49	0.144916934913394	-3.34707479488934	0.000816691717049212	0.00594256083561437	Saci_2260
SACI_RS10935	4237.38192812556	-0.46	0.153074991596841	-3.03526580365209	0.00240323785559571	0.014003575110272	Saci_2261
SACI_RS10940	1168.61075951268	-0.93	0.147775497974399	-6.28221372411164	3.33785536509906e-10	1.48714294420413e-08	Saci_2262
SACI_RS10945	15817.2243202242	-0.33	0.158818139069932	-2.09329836279369	0.0363225287178666	0.113596158927583	Saci_2263
SACI_RS10950	92.0141876377681	-1.05	0.207244987448425	-5.06894762514442	4.00021275241109e-07	1.00735792443326e-05	Saci_2264
SACI_RS10955	244.671310829854	-0.41	0.197883171655672	-2.07298269231745	0.0381738903360262	0.117534927214077	Saci_2265
SACI_RS10960	809.59244493071	0.50	0.195492488345952	2.53844516619256	0.0111346250093453	0.0462638077863184	Saci_2266
SACI_RS10965	696.783062881752	-0.02	0.192461846014253	-0.0877763727099064	0.930054417112801	0.963318165936578	Saci_2267
SACI_RS10970	3886.55929290408	0.19	0.107390412710214	1.79605037057234	0.0724865064553565	0.185935272537389	Saci_2268
SACI_RS10975	7744.9452528248	0.11	0.126488335327246	0.834358982965404	0.404078723468316	0.605699784246503	Saci_2269
SACI_RS10980	3538.93230632815	0.23	0.141521015939243	1.65945028888025	0.0970250898900639	0.228442813269614	Saci_2270
SACI_RS10985	32001.4420305428	0.17	0.107399800861687	1.54706105373923	0.12184852411319	0.269780830146635	Saci_2271
SACI_RS10990	4284.31866668313	0.28	0.346275723554656	0.816843084104653	0.414018107188462	0.613990151442615	Saci_2272
SACI_RS10995	1419.63130382907	-0.10	0.215723459093411	-0.471217244016411	0.637485605721567	0.789478614801289	Saci_2273
SACI_RS11005	33.7154610044659	0.63	0.46191237143664	1.37058023137132	0.170505848952978	0.338672797371622	Saci_2275
SACI_RS11010	1019.17551333329	0.14	0.124910475995996	1.0840363056272	0.278348701827337	0.474597047639925	Saci_2276
SACI_RS11015	12163.0543531976	0.39	0.246474148678708	1.59096004306106	0.111618568370435	0.252705388970493	Saci_2277
SACI_RS11020	2689.86461849354	-0.05	0.157753130051387	-0.285771135471339	0.775053417141141	0.877121803845543	Saci_2278
SACI_RS11025	255.53396395787	0.59	0.234045678655433	2.50846980219227	0.0121255331920434	0.0490440560393264	Saci_2279
SACI_RS11030	153.019979222787	0.41	0.18026675667012	2.2599327306328	0.023825426151353	0.0830306066598295	Saci_2280
SACI_RS11035	809.326023039753	-0.04	0.151301379948945	-0.268388032212576	0.788400650615096	0.884621574653746	Saci_2281
SACI_RS11040	4522.12604615461	-0.08	0.231915389261278	-0.359760459109578	0.719026275044999	0.840764177708347	Saci_2282
SACI_RS11045	1618.49444181242	2.28	0.172339520361965	13.2582169987775	4.04396509682946e-40	1.30125810226868e-37	Saci_2283
SACI_RS11050	5866.60628383645	5.18	0.12858792674898	40.2991473296579	0	0	Saci_2284
SACI_RS11055	3003.02909738521	0.22	0.105369415998644	2.07187032564242	0.0382775360165005	0.117534927214077	Saci_2285
SACI_RS11060	2279.1310820001	0.37	0.143879031365968	2.55545033686367	0.0106050493373607	0.0443177819350601	Saci_2286
SACI_RS11065	1878.19102328159	0.02	0.160538868238157	0.109242522326203	0.913010134168239	0.952477431034301	Saci_2287
SACI_RS11070	1603.68234732146	0.04	0.106998177948711	0.373721491519309	0.70861153414969	0.83469704582241	Saci_2288
SACI_RS11075	199.038999972556	-1.32	0.2242961571523	-5.89076866899049	3.84403351345594e-09	1.40915456392005e-07	Saci_2289
SACI_RS11080	1465.30290432422	-0.94	0.207147361025641	-4.55132877700656	5.33081704704393e-06	8.82174066756527e-05	Saci_2290
SACI_RS11085	538.899819563929	-0.52	0.164411069201465	-3.14504008341514	0.00166064075396869	0.0105465254901169	Saci_2291
SACI_RS11090	2896.56289317207	-0.21	0.190109877429577	-1.10929337667147	0.267303641434048	0.461329764954114	Saci_2292
SACI_RS11095	909.000925877371	-0.66	0.179716169445986	-3.68817145621999	0.000225871434024577	0.00213069600304617	Saci_2293
SACI_RS11100	3079.14007128082	-0.59	0.190624087136745	-3.0855275567858	0.00203191394519323	0.0122592141359992	Saci_2294
hpaD	1136.94080919739	-0.85	0.15604534585993	-5.41722974263097	6.05295429992878e-08	1.75293556525937e-06	Saci_2295
SACI_RS11110	949.463549522741	-0.31	0.140639550362854	-2.19750414039541	0.0279844611013048	0.0951208912551393	Saci_2296
SACI_RS11115	1445.2737017942	-0.99	0.35651703002945	-2.76842736740886	0.00563275392954509	0.0270073764568917	Saci_2297
SACI_RS11120	1043.31381859026	-0.09	0.121120473446848	-0.737236430137762	0.46097858296311	0.656985224537975	Saci_2298
SACI_RS11125	200.810466614091	-0.43	0.240036240332498	-1.80703239929724	0.0707572276686755	0.182631846103818	Saci_2299
SACI_RS11130	2756.57495143715	0.07	0.151017709360215	0.473892557267819	0.635576526914993	0.788615947706007	Saci_2300
SACI_RS11135	3668.00128801426	0.21	0.159420171034856	1.28668733590681	0.198203288889666	0.374671491269239	Saci_2301
SACI_RS11140	1010.34909590984	0.18	0.135014345040233	1.30901729334269	0.190528492909502	0.364603477440925	Saci_2302
SACI_RS12125	473.198470789027	-0.34	0.138697766474911	-2.42329919401775	0.0153802536783597	0.0594362411402958	Saci_2303
SACI_RS11150	623.052553937079	-0.84	0.130734836339188	-6.45990205052572	1.04770773110845e-10	5.51665743507284e-09	Saci_2304
SACI_RS11155	1225.12072707049	-0.05	0.0965677660125542	-0.54590836405733	0.585128928674147	0.753125945529035	Saci_2305
SACI_RS11160	8083.80557674302	-0.02	0.137075269135891	-0.15888879022366	0.873756492604487	0.929610140552018	Saci_2306
SACI_RS11165	5563.85824572492	-0.12	0.100796749002971	-1.15064940735106	0.249876498091624	0.442324167770992	Saci_2307
SACI_RS11170	7389.89091592335	1.55	0.12382929203477	12.5464558836884	4.15703184616753e-36	1.09443311150011e-33	Saci_2308
SACI_RS11175	87.9207494778886	-0.90	0.264171600847052	-3.4067260045841	0.000657470925528664	0.0049455475333273	Saci_2309
SACI_RS11180	488.894973610024	-0.35	0.127696493245743	-2.76182859768101	0.0057478644634362	0.0274683423863222	Saci_2310
SACI_RS11185	1898.78601320736	0.33	0.142080049497318	2.32909303343937	0.0198541376745825	0.0724150915687543	Saci_2311
SACI_RS11190	119.471859671216	0.12	0.208215416565708	0.568359126352463	0.569791138508784	0.741624780728736	Saci_2312
SACI_RS11195	64.1255316125804	0.10	0.267717260584752	0.379859457737964	0.704049743548728	0.833235822360898	Saci_2313
SACI_RS11200	2903.4021636312	0.68	0.21029124587478	3.25286260185357	0.00114248725767815	0.00760607608789868	Saci_2314
SACI_RS11205	54.4925965254082	1.39	0.31735225890434	4.39156761592733	1.12536326598612e-05	0.000167992372077104	Saci_2315
SACI_RS11210	5771.58234103111	-0.32	0.0691499285675082	-4.63800361723273	3.51790631264185e-06	6.33109335556856e-05	Saci_2316
SACI_RS11215	11587.6261917561	-0.44	0.0912523632268531	-4.84035255272283	1.29608990092259e-06	2.66203996671759e-05	Saci_2317
SACI_RS11220	8567.45740514415	-0.35	0.114483440490989	-3.05202648569547	0.0022730204358941	0.0134614870804689	Saci_2318
SACI_RS12130	41964.0889701337	0.63	0.183691936697418	3.41148114731747	0.000646109691337119	0.00487274392216744	Saci_2319
SACI_RS11230	4054.9784492843	-0.18	0.197007627806606	-0.916628007513891	0.359337602838673	0.561548895493762	Saci_2320
SACI_RS11235	3034.26225981717	0.41	0.225866225818018	1.82148574418219	0.0685330517556175	0.178803349445287	Saci_2321
SACI_RS11240	450.546550802806	-0.18	0.132757344827178	-1.33788761181623	0.180933076060281	0.35308772794513	Saci_2322
SACI_RS11245	211.852063807851	-0.91	0.161153033986817	-5.63040583400709	1.79786078085241e-08	5.91659638789611e-07	Saci_2323
SACI_RS11250	131.636512138428	0.78	0.234576452777193	3.31029757564777	0.000931968340123012	0.00658287881218596	Saci_2324
cimA	2115.60974150461	-0.24	0.182848959780353	-1.32275997749406	0.185915210724118	0.359659619410184	Saci_2325
ubiA	1313.4325849737	-0.07	0.0938493332995349	-0.709550102682729	0.477983171314557	0.670819403840765	Saci_2326
SACI_RS11265	304.940112384034	-0.10	0.148709639230366	-0.686457010190963	0.492424964635686	0.681023255771226	Saci_2328
SACI_RS11270	127.198059089733	-0.32	0.235721474187114	-1.35512463212381	0.175377851990382	0.346212855735614	Saci_2329
SACI_RS11275	257.723270036384	0.04	0.179442922005148	0.245797875144908	0.805838702001667	0.896299288487094	Saci_2330
SACI_RS11280	860.677252353013	-0.49	0.12538327159737	-3.89156952104578	9.95978416236619e-05	0.00106433708244327	Saci_2331
SACI_RS11285	1364.48264074466	-0.66	0.132623472349167	-4.94048799209479	7.79272920832301e-07	1.74943750289174e-05	Saci_2332
SACI_RS11290	120.270078139365	0.15	0.282178284506095	0.515677073038415	0.606079970103119	0.767883918371992	Saci_2334
SACI_RS11295	11.422502553816	1.43	0.793746468901488	1.79609848245868	0.072478855762306	0.185935272537389	Saci_2335
SACI_RS11300	101.108450573535	0.28	0.21588294804033	1.29538479454586	0.195187520779539	0.370421402475455	Saci_2336
SACI_RS11305	1294.43982179123	-0.08	0.114088358935993	-0.701754941359731	0.48283200322777	0.67387059342054	Saci_2337
nuoN	1777.11710350751	-0.03	0.133827939144979	-0.208116518493928	0.835137989643288	0.911631970601946	Saci_2338
SACI_RS11315	5411.88404900122	-0.10	0.119825666406331	-0.841597547309894	0.400013262635558	0.602065921214768	Saci_2339
SACI_RS11320	164.943193542334	-0.05	0.258214249314197	-0.204234176155181	0.838170505455715	0.913908804141472	Saci_2340
SACI_RS11325	941.881037557645	-0.03	0.169344588353833	-0.17514554857863	0.860965268787661	0.927785368983427	Saci_2341
nuoI	997.123176351347	0.20	0.128275940389339	1.57198916653164	0.115953063684202	0.259505465555988	Saci_2342
nuoH	2067.73489612655	0.20	0.151895624514731	1.34525589627228	0.178542610896537	0.351024712258229	Saci_2343
SACI_RS11340	2655.36649416568	0.14	0.138125169720485	1.01411950198085	0.310525733381311	0.511246460416303	Saci_2344
SACI_RS11345	814.11056606347	0.22	0.124181804560397	1.73489513880274	0.0827593803601595	0.203830033913966	Saci_2345
ndhC	551.895217116521	0.49	0.145210056415829	3.40437907226909	0.000663146554505184	0.0049509248455853	Saci_2346
thyX	2026.86417972921	-0.68	0.149524889938308	-4.52689120707095	5.98577358497747e-06	9.79367248705918e-05	Saci_2347
SACI_RS11360	703.313544658108	0.27	0.15093122552854	1.79154850076368	0.0732053188619438	0.187116154831588	Saci_2348
SACI_RS11365	737.14989568168	-0.20	0.125259942066222	-1.60296433920202	0.108942527451709	0.248423275196967	Saci_2349
SACI_RS11370	428.735434914477	-0.06	0.127774639548545	-0.492143695244681	0.622617764625189	0.777533870786782	Saci_2350
SACI_RS11375	1225.81747867187	0.09	0.112885022429465	0.804724614446676	0.420978612211399	0.621034864663718	Saci_2352
SACI_RS11380	216.161476936595	-0.14	0.158393185257809	-0.862654123301561	0.388327663063545	0.592658101390895	Saci_2353
SACI_RS11385	61065.7130867913	0.24	0.179429481687943	1.34017723070728	0.180187732275847	0.352107741343356	Saci_2354
SACI_RS11390	639496.928139489	0.24	0.210570016448352	1.13790055295573	0.255162010360821	0.446838540126078	Saci_2355
SACI_RS11910	11846.8194670719	0.62	0.215109295745658	2.89473421335795	0.00379479694401141	0.01990893469177	Saci_2356
SACI_RS11400	9.28767506754823	0.33	0.639008068031903	0.511609500399039	0.608924335106589	0.769391306487208	Saci_2357
SACI_RS11405	6.41967473338562	1.70	1.01856564452125	1.66824646415313	0.0952668106306566	0.225034815323313	Saci_2358
SACI_RS11410	237.559816961548	-0.51	0.158365653539301	-3.21375048891035	0.00131013466771881	0.00852617977014311	Saci_2359
SACI_RS11415	1.86485827105767	2.16	1.79472653909556	1.20134290992905	0.229618211847508		Saci_2360
SACI_RS11420	461.202910581409	-0.39	0.178347785654858	-2.17484704114949	0.0296415806114594	0.098827507016931	Saci_2361
SACI_RS11425	946.230056522921	-0.18	0.129832015348444	-1.41858022592524	0.156021434209662	0.317302017887065	Saci_2362
SACI_RS11430	668.021031895941	-0.14	0.132248531811979	-1.08996646948749	0.275727914576162	0.472218377723271	Saci_2363
glmS	4057.62091694893	-0.15	0.101534787437529	-1.45954553296272	0.144415017949411	0.300665630468363	Saci_2364
mvk	155.686122401334	-0.45	0.203708883885977	-2.19301850880234	0.0283060455871457	0.0958763836495602	Saci_2365
SACI_RS11445	364.209279122369	-0.40	0.137699372922626	-2.88930435997977	0.00386095173583322	0.0201465157242757	Saci_2366
SACI_RS11450	692.75108741549	-0.61	0.127297641727246	-4.75668739615363	1.96795553421648e-06	3.85081028857496e-05	Saci_2367
SACI_RS11455	340.449483301835	-0.03	0.155022251521045	-0.171965419893545	0.863464714890822	0.928857109803854	Saci_2368
SACI_RS11465	1298.28783910471	0.08	0.109090080608149	0.741712280891228	0.458261677449034	0.654921703500457	Saci_2371
SACI_RS11470	216.047811715805	0.11	0.242264597022093	0.46888636788437	0.639150860846852	0.789480870003089	Saci_2372
SACI_RS11475	228.052113050294	-0.54	0.176384075031292	-3.04612458120515	0.00231811764027265	0.0136448550533122	Saci_2373
SACI_RS11480	2120.14136944595	0.06	0.148275116821404	0.373212617562795	0.708990206065959	0.83469704582241	Saci_2374
SACI_RS11485	4341.24018199058	0.09	0.172828016652818	0.527254935706055	0.598016563940267	0.761925195411796	Saci_2375
Sac_sR101-sno	33.6482779887812	-0.22	0.421859272494455	-0.52567944018731	0.599110951127753	0.762982525418337	Sac_sR101-sno
Sac_sR9-sno	3.06531461170673	0.42	1.19160621789778	0.355100412392475	0.722514367712235		Sac_sR9-sno
Sac_sR102-sno	3.10675204709065	0.36	1.45204257838408	0.251138585210342	0.801706964931106		Sac_sR102-sno
Sac_sR12-sno	0.284977447968272	0.00	5.07626254468477	0	1		Sac_sR12-sno
Sac_sR24-sno	1.47120757876575	0.86	1.67760823248982	0.514936797994596	0.60659718570354		Sac_sR24-sno
Sac_sR103-sno	341.077696632628	0.23	0.256109748190081	0.890836343715894	0.373016974444477	0.574910674822355	Sac_sR103-sno
Sac_sR11-sno	0						Sac_sR11-sno
Sac_sR104-sno	1.55066596341104	-2.24	1.90120489221596	-1.18060104624569	0.237761247814045		Sac_sR104-sno
Sac_sR10-sno	13.6154662046203	0.43	0.66938670070889	0.648060332183138	0.516945929170599	0.700550028487625	Sac_sR10-sno
Sac_sR105-sno	21.5703106204226	-0.12	0.479438891991214	-0.251165751111549	0.80168596261975	0.893298402365062	Sac_sR105-sno
Sac_sR106-sno	22.8314473380991	-1.11	0.408622025671339	-2.71595844158733	0.00660842127915254	0.0306207808390812	Sac_sR106-sno
Sac_sR107-sno	0.151571615085789	-0.12	7.34316473917123	-0.0158491067574207	0.987354771819252		Sac_sR107-sno
Sac_sR36-sno	15.5948005607494	0.22	0.544562199233952	0.400890848115663	0.688500488236343	0.820611823282627	Sac_sR36-sno
Sac_sR13-sno	18.5283624279051	1.27	0.476089851729445	2.6740157148914	0.00749489393047016	0.0337037466190087	Sac_sR13-sno
Sac_sR6-sno	18.4468533400962	-0.00	0.480717050311113	-0.00270398747601089	0.997842532769358	0.998532126779565	Sac_sR6-sno
Sac_sR108-sno	21.6215619220319	0.33	0.478894661461431	0.685016153087532	0.49333372796642	0.681303994368503	Sac_sR108-sno
Sac_sR7-sno	5.79270934473576	0.27	0.730376907888944	0.373520070181494	0.708761410605092	0.83469704582241	Sac_sR7-sno
Sac_sR5-sno	95.5799123271448	-2.71	0.359357283488021	-7.53249181604672	4.97810469160682e-14	3.69656184279316e-12	Sac_sR5-sno
Sac_sR109-sno	7.65099893078209	0.73	0.846821697630564	0.856878076583647	0.391512270098028	0.594979971460665	Sac_sR109-sno
Sac_sR20-sno	20.4173656405852	0.47	0.628499560063485	0.745354170474838	0.456057641427819	0.653357387145262	Sac_sR20-sno
Sac_sR110-sno	1.1722489171922	-2.84	2.18186788461831	-1.30125010946641	0.193172858249252		Sac_sR110-sno
Sac_sR111-sno	37.4487930193736	0.70	0.341240219136387	2.04761862297374	0.0405973831290524	0.122341333550193	Sac_sR111-sno
Sac_sR112-sno	0						Sac_sR112-sno
Sac_sR113-sno	3.73947253750775	0.99	1.10560779444438	0.894476706870134	0.371066887139379		Sac_sR113-sno
Sac_sR114-sno	21.9296599503708	-0.13	0.380396053309293	-0.343695414007769	0.731075360407334	0.847216584129508	Sac_sR114-sno
Sac_sR115-sno	1.35794752421829	0.09	1.77823854582371	0.050777911822723	0.95950249197854		Sac_sR115-sno
Sac_sR22-sno	0.0334678255462857	0.00	7.3561311249555	0	1		Sac_sR22-sno
Sac_sR116-sno	0						Sac_sR116-sno
Sac_sR117-sno	0						Sac_sR117-sno
Sac_sR118-sno	98.7199769722929	-0.76	0.260519155934919	-2.9078715930058	0.00363897724329241	0.0192307994463044	Sac_sR118-sno
Sac_sR27-sno	133.77743639442	-0.32	0.242696043752281	-1.33549950341172	0.181712917697472	0.353894155784719	Sac_sR27-sno
Sac_sR17-sno	90.9333239591896	-0.39	0.213414709437301	-1.81384471906895	0.0697016355415485	0.180712566274239	Sac_sR17-sno
Sac_sR28-sno	0.108754343800079	0.00	7.35613112495549	0	1		Sac_sR28-sno
Sac_sR119-sno	53.2735380104057	0.01	0.33539219034724	0.0236980421285074	0.98109346772357	0.989152810389047	Sac_sR119-sno
Sac_sR23-sno	6.0040282940027	0.26	0.793571778039513	0.326518302547797	0.744032244011811	0.856065704671515	Sac_sR23-sno
Sac_sR120-sno	2.46605794875977	0.54	1.38635761132211	0.387003882461786	0.698753333699634		Sac_sR120-sno
Sac_sR121-sno	1.63541756379924	-0.51	1.367678793204	-0.374914618212679	0.70772396697613		Sac_sR121-sno
Sac_sR2-sno	0						Sac_sR2-sno
Sac_sR122-sno	7.86111573568422	-1.39	0.762177305478581	-1.82629262659288	0.0678061952985408	0.17722630106911	Sac_sR122-sno
Sac_sR14-sno	11.1212850258937	0.76	0.781264911334353	0.968926923775498	0.332581651031953	0.537775802003649	Sac_sR14-sno
Sac_sR3-sno	0						Sac_sR3-sno
Sac_sR25-sno	12.0836632245242	-0.97	0.559223718484978	-1.73447555985525	0.0828337385436487	0.203830033913966	Sac_sR25-sno
Sac_sR123-sno	3.92012683071203	2.31	1.05841929510478	2.18558959323612	0.0288456446725134		Sac_sR123-sno
Sac_sR124-sno	0.285163001373866	2.29	6.43728963075132	0.355342893529422	0.722332725051338		Sac_sR124-sno
Sac_sR125-sno	0						Sac_sR125-sno
Sac_sR126-sno	0						Sac_sR126-sno
Sac_sR127-sno	0.634720426875992	-1.32	3.10217576191846	-0.425917177322457	0.670168197774647		Sac_sR127-sno
Sac_sR128-sno	32.878388423082	0.16	0.470189548763752	0.348072122209611	0.727786020054837	0.84506183570033	Sac_sR128-sno
Sac_sR26-sno	25.6802817483504	0.91	0.426805625738702	2.12492013419822	0.033593277622303	0.10761740264844	Sac_sR26-sno
Sac_sR129-sno	1.44458834607463	2.22	2.00166477005559	1.10852946044367	0.26763322321475		Sac_sR129-sno
Sac_sR1-sno	1.87873002086708	-1.40	1.56650648675036	-0.891111050907987	0.372869596939437		Sac_sR1-sno
Sac_sR19-sno	1.10187906156497	0.77	1.893200663284	0.405447597183119	0.685148530221137		Sac_sR19-sno
Sac_sR15-sno	65.4401121078039	0.38	0.37114446963072	1.02706440608446	0.304390137665103	0.502860147563113	Sac_sR15-sno
Sac_sR29-sno	1.6602169558093	1.48	1.94935181712853	0.757831257756788	0.448552007222674		Sac_sR29-sno
Sac_sR130-sno	26.2091501915442	-0.81	0.340226794963827	-2.38933826341952	0.0168787537866248	0.0641481246273826	Sac_sR130-sno
Sac_sR21-sno	11.3178290517135	0.97	0.61917116028577	1.57048644178116	0.116301986209329	0.259884685233192	Sac_sR21-sno
Sac_sR8-sno	18.3390367984234	-0.40	0.45923647645263	-0.877427878357225	0.380254276319461	0.583271389947648	Sac_sR8-sno
Sac_sR131-sno	4.38499890448902	0.86	1.22509785224584	0.701477291403245	0.483005201536164		Sac_sR131-sno
Sac_sR18-sno	65.9760611304903	-0.33	0.218839272245739	-1.51474356639627	0.129837356871867	0.282302591889899	Sac_sR18-sno
Sac_sR16-sno	13.8307480716924	0.50	0.672641460684369	0.736615755620398	0.461356050822638	0.657199765461072	Sac_sR16-sno
Sac_sR132-sno	57.6526162183509	0.43	0.374876017179339	1.14743128900509	0.251203415811534	0.443467608387586	Sac_sR132-sno
Sac_sR4-sno	0.888187487693037	2.59	2.88435826924252	0.899354395922584	0.368463921948533		Sac_sR4-sno
asRNA_2	18.5603752334015	0.32	0.461285357573559	0.697818051659531	0.485290988423621	0.67567437618981	asRNA_2
asRNA_3	18.5971412807255	0.26	0.489125476017119	0.524698861887817	0.599792548619326	0.763180676977842	asRNA_3
asRNA_4	15.4752339768749	0.08	0.490962839197506	0.153052934640093	0.878356531193735	0.93176575616742	asRNA_4
asRNA_5	1.03147823690614	0.87	2.07267966433773	0.422025981554027	0.673006053343765		asRNA_5
asRNA_6	4.97297966766695	0.47	1.02798660943184	0.457543665185286	0.647280324615571		asRNA_6
asRNA_7	16.5444154127126	-0.52	0.501516082579611	-1.0344602248357	0.30092106220258	0.499506904345698	asRNA_7
asRNA_8	3.81348148683059	-0.06	0.930123380401034	-0.0629775116092304	0.949784411902278		asRNA_8
asRNA_9	9.84450464249231	0.31	0.618847384490545	0.501682268641814	0.615891039129842	0.773696006100411	asRNA_9
asRNA_10	2.34282912169188	2.05	1.65769421244703	1.23598098097131	0.216465633326384		asRNA_10
asRNA_11	9.86801555364553	-0.02	0.619383566972633	-0.0274801899003288	0.978076740049874	0.989092198282919	asRNA_11
asRNA_12	2.58355032119921	0.16	1.02465730540667	0.157323403364194	0.874989976704636		asRNA_12
asRNA_13	1.35651672473537	-1.00	2.24549807274635	-0.447525679259106	0.654495551062755		asRNA_13
asRNA_14	43.0827676976363	-0.01	0.419007727008174	-0.0248028385890971	0.980212226889494	0.989092198282919	asRNA_14
asRNA_15	0.731819729729265	1.85	2.35560323689254	0.784218719070819	0.432911783135737		asRNA_15
asRNA_16	3.22570622263072	0.19	1.23327823059495	0.152784722451067	0.878568045994857		asRNA_16
asRNA_17	1.77947217155406	-0.30	1.40166342019916	-0.212381635797692	0.831809311503881		asRNA_17
asRNA_18	1.9809325978829	0.76	1.56083371339431	0.489242367493412	0.624670117816521		asRNA_18
asRNA_19	3.54538079191889	-0.57	1.08399304253937	-0.526573586440702	0.598489738496035		asRNA_19
asRNA_20	5.12959060984308	-0.18	0.774875665016182	-0.230131134460378	0.817989872280195	0.902437588618455	asRNA_20
asRNA_21	7.71956193023346	1.39	0.859814278807776	1.61219830793355	0.106918793374696	0.245938701837267	asRNA_21
asRNA_22	5.26263601356818	1.20	0.819481763252024	1.46582026148779	0.142697259680293	0.298807855411517	asRNA_22
asRNA_23	1.26291257634991	1.44	2.06513206618706	0.698630648603963	0.484782884889058		asRNA_23
asRNA_24	25.631477446453	0.77	0.436670101168889	1.76066690756164	0.0782947969264612	0.194795302318756	asRNA_24
asRNA_25	28.8592440751107	0.64	0.414578866241996	1.54425054573351	0.122527648097877	0.270457369581899	asRNA_25
asRNA_26	0.751956350909147	2.49	2.79955752744302	0.888935662576012	0.374037657824462		asRNA_26
asRNA_27	11.8784185652937	-0.27	0.584691652615259	-0.464847088579523	0.642040963815889	0.79054023435834	asRNA_27
asRNA_28	12.7903358107444	0.47	0.605529454415471	0.779217241378364	0.435851755404618	0.635562277770279	asRNA_28
asRNA_29	7.74191940811949	0.14	0.872645659179384	0.164369338120075	0.869440399891473	0.928857109803854	asRNA_29
asRNA_30	4.16582499014801	0.00	0.922598608325477	0.00185296785206044	0.99852154640522		asRNA_30
asRNA_31	4.60502908329038	-0.43	0.862940442033893	-0.503708218327148	0.61446643234287		asRNA_31
asRNA_32	4.68634247741586	0.01	0.77763423042857	0.0183755321899334	0.98533927163113		asRNA_32
asRNA_33	0.665329060702977	0.00	3.66136567305756	0	1		asRNA_33
asRNA_34	0.924611757043508	2.10	2.09735083072154	0.999252462879837	0.317672407276126		asRNA_34
asRNA_35	12.0933927320303	0.28	0.722874190130889	0.393443819998712	0.693991710129457	0.824364229915877	asRNA_35
asRNA_36	13.2419071995058	1.31	0.621590367491983	2.11115435771504	0.0347590464779557	0.110819710244769	asRNA_36
asRNA_37	2.47277547056135	0.62	1.26530951028356	0.492456673614773	0.622396543450505		asRNA_37
asRNA_38	2.22918590481827	4.59	1.7847162278154	2.57208492449403	0.0101088091463793		asRNA_38
asRNA_39	0.244790296895976	-2.63	5.9521866403566	-0.441047366987142	0.659178705983215		asRNA_39
asRNA_40	8.49504340753968	-0.09	0.779019761772647	-0.117133038959053	0.90675462863237	0.949028335568971	asRNA_40
asRNA_41	17.0030300673237	-0.02	0.432172018267705	-0.0507309807727003	0.959539889339679	0.981917851423219	asRNA_41
asRNA_42	40.5571076572369	0.31	0.349516751805781	0.882294859488854	0.377617375582538	0.580148498507709	asRNA_42
asRNA_43	3.41768826569874	1.21	0.936246280487242	1.28926157051845	0.197307166262819		asRNA_43
asRNA_44	2.09302192811413	2.38	1.41908772320222	1.68028716901544	0.0929014562968053		asRNA_44
asRNA_45	13.3205626290157	0.61	0.5707359913267	1.07286837062879	0.283330179146958	0.480963774214297	asRNA_45
asRNA_46	1.18881106393235	1.22	1.73830657982728	0.704057411966882	0.48139702064392		asRNA_46
asRNA_47	31.0113662807525	0.76	0.353815551020104	2.15754143355348	0.0309635023921181	0.101208016848278	asRNA_47
asRNA_48	9.51745974632162	0.35	0.682837407665475	0.513321696388514	0.607726309572356	0.7688839635306	asRNA_48
asRNA_49	3.11241516762935	-0.58	0.932484125346371	-0.620730113528472	0.534777212433567		asRNA_49
asRNA_50	8.47820346848921	1.07	0.752332626092309	1.42730660445822	0.153491537764684	0.313256866361187	asRNA_50
asRNA_51	10.435698862857	0.13	0.609537624128844	0.212139067332594	0.83199854192227	0.909919855516198	asRNA_51
asRNA_52	7.69737883291381	1.20	0.803509419543856	1.4939830843735	0.135180040609137	0.289986220447452	asRNA_52
asRNA_53	8.18204032388912	0.57	0.671024479876416	0.856889292484493	0.391506070922445	0.594979971460665	asRNA_53
asRNA_54	18.1696380971368	0.53	0.461450943386351	1.1462465928494	0.251693134195636	0.443911885889502	asRNA_54
asRNA_55	6.53657953557777	-1.15	0.93552110763278	-1.23342726681118	0.217416397224653	0.399770086579426	asRNA_55
asRNA_56	4.09249018475757	0.45	1.07799177372901	0.417071091540328	0.676626409069199		asRNA_56
asRNA_57	3.9187653420994	0.46	0.93158630826808	0.492405707345692	0.622432565398959		asRNA_57
asRNA_58	3.02595278335976	1.56	1.01252687813953	1.54520751683914	0.122296076753629		asRNA_58
asRNA_59	4.27443225519463	0.84	0.915890843706046	0.915722313080968	0.359812558834007		asRNA_59
asRNA_60	0.201911339036575	-2.05	7.24976681046305	-0.282699026007973	0.777407562937676		asRNA_60
asRNA_61	7.72722666314542	1.22	0.715755767741651	1.71052092156173	0.0871695880306413	0.212012339135014	asRNA_61
asRNA_62	0						asRNA_62
asRNA_63	2.34750176421746	-2.76	1.78947847967401	-1.54128117389913	0.123248368745652		asRNA_63
asRNA_64	2.61124892044058	0.16	1.20304804494027	0.133875003463948	0.893501416675203		asRNA_64
asRNA_65	11.6612569025424	0.01	0.603989834891375	0.0238122302696167	0.981002384471863	0.989152810389047	asRNA_65
asRNA_66	16.5426157961983	0.97	0.531326445204874	1.81773132706751	0.0691052072033382	0.179810134825577	asRNA_66
asRNA_67	9.47941346455267	1.82	0.727153193512035	2.50952911135565	0.0120892250505437	0.0489655884564681	asRNA_67
asRNA_68	12.4826740314464	-0.39	0.49836458699196	-0.774752214679922	0.4384860906679	0.638118451544844	asRNA_68
asRNA_69	2.27726974446087	-1.95	1.25807388708096	-1.54650460801713	0.121982748071289		asRNA_69
asRNA_70	746.122450729251	-0.24	0.177138890169611	-1.36074491868005	0.173594314079034	0.343159818138487	asRNA_70
asRNA_71	2.28587013435051	2.63	1.74616427924605	1.50463179979947	0.13241876594448		asRNA_71
asRNA_72	21.7103080070174	-0.85	0.418847994958273	-2.0209009467798	0.0432900198893705	0.127536009765633	asRNA_72
asRNA_73	1.8224695793116	1.39	1.57014832545528	0.882965484633942	0.377254920352752		asRNA_73
asRNA_74	26.9417070078299	0.05	0.461521903825645	0.117153174435103	0.906738672701036	0.949028335568971	asRNA_74
asRNA_75	3.4542080473739	0.64	0.903815927609301	0.710124102894826	0.47762718081277		asRNA_75
asRNA_76	2.87990313320194	-2.68	1.26258448542379	-2.12238768583157	0.0338051954232572		asRNA_76
asRNA_77	9.13141550605229	1.83	0.726773837722263	2.51386630870855	0.0119415692693336	0.0485713266909973	asRNA_77
asRNA_78	75.1294486946128	-0.66	0.233795522726819	-2.80850813578716	0.00497716248140298	0.0244302755019373	asRNA_78
asRNA_79	63.8650493287142	0.14	0.2689240393336	0.503889153997638	0.614339272659671	0.773696006100411	asRNA_79
asRNA_80	8.05152289172895	0.17	0.787998240608633	0.21920015943031	0.826494131295166	0.906295722919652	asRNA_80
asRNA_81	2.1965066014338	2.79	1.69397252431398	1.64921734642814	0.0991031154717708		asRNA_81
asRNA_82	1.59054060277935	1.42	1.95082272842453	0.725543711140547	0.4681185390102		asRNA_82
asRNA_83	2.82142525938424	2.78	1.66133911776402	1.67539751086719	0.0938562646742419		asRNA_83
asRNA_84	1.23000843691838	1.78	1.95791100350586	0.910666121358805	0.362471319786993		asRNA_84
asRNA_85	61.7658707882002	0.70	0.344517163709556	2.04321316367799	0.0410313412063931	0.12339227843584	asRNA_85
asRNA_86	9.5669607759157	-2.82	0.713494473275261	-3.95245384021819	7.73538541283899e-05	0.000851774758767365	asRNA_86
asRNA_87	2.37532899508612	2.65	1.7881210446257	1.48079754408146	0.138660531181052		asRNA_87
asRNA_88	14.7431622234348	0.75	0.549405218797123	1.37131771039345	0.170275937149981	0.338448259427827	asRNA_88
asRNA_89	1.82373234968793	0.45	1.38553918834991	0.322841870764409	0.746815001176109		asRNA_89
asRNA_90	6.95182805546583	-0.53	0.839695708781525	-0.626561409816918	0.530946770870638	0.712191685243801	asRNA_90
asRNA_91	22.3181903033032	0.83	0.426751107778689	1.93585010071754	0.0528860627117866	0.149131487452127	asRNA_91
asRNA_92	4.16586531631731	0.66	1.01584695338837	0.650013728234313	0.515683353970834		asRNA_92
asRNA_93	31.5059991550206	-0.50	0.371847372125191	-1.34960097416829	0.177144011533031	0.348748509449121	asRNA_93
asRNA_94	1.17770332228534	1.93	2.14182041844823	0.899005332235496	0.368649820447902		asRNA_94
asRNA_95	21.3339797985713	0.39	0.380671506410418	1.01647994931323	0.309400890869049	0.509684288940141	asRNA_95
asRNA_96	1.82434550661477	2.63	1.89207601750184	1.38758144924392	0.16526453349937		asRNA_96
asRNA_97	15.199008050737	0.18	0.471448035754527	0.371995764707086	0.709896002714294	0.83469704582241	asRNA_97
asRNA_98	7.43175942909882	0.47	0.731427143764726	0.639461650454573	0.522522653914106	0.705137747313724	asRNA_98
asRNA_99	3.48972603904701	-1.64	1.23873737213017	-1.32413352393013	0.185458703571189		asRNA_99
asRNA_100	2.80912347981602	1.70	1.24529959766047	1.36531872395546	0.172152896520839		asRNA_100
asRNA_101	37.6331481226821	-0.07	0.364760782797585	-0.187607298811297	0.851184504219706	0.92116230352028	asRNA_101
asRNA_102	10.5542039112607	-0.05	0.620154978242333	-0.0787674668274244	0.93721758133178	0.966933421993885	asRNA_102
asRNA_103	0.807201643465482	2.79	2.39227494683584	1.16544934680286	0.243837152441867		asRNA_103
asRNA_104	3.69184270070208	0.81	1.00723441453662	0.806022667575049	0.420229779133116		asRNA_104
asRNA_105	94.495351471099	-0.41	0.252575736614281	-1.62500830351704	0.104160789557725	0.241184185158107	asRNA_105
asRNA_106	29.2559653314003	-0.55	0.406942201236617	-1.35237208910636	0.17625631350205	0.347236927824447	asRNA_106
asRNA_107	100.485617074033	-0.12	0.289761825278629	-0.409508172035505	0.682166770865693	0.81600783495541	asRNA_107
asRNA_108	8.20400173834768	0.38	0.758130933125133	0.502594671669282	0.615249276237853	0.773696006100411	asRNA_108
asRNA_109	8.30935650306489	0.26	0.722374651936313	0.365470139401715	0.714760492813757	0.837695826462421	asRNA_109
asRNA_110	2.85170703325145	-0.10	1.13436670511834	-0.0858658538820928	0.931573055880924		asRNA_110
asRNA_111	1.73891563417241	1.64	1.44495886826968	1.13605628096711	0.255933010551606		asRNA_111
asRNA_112	2.96470827619673	0.59	1.10021774297409	0.53552539328032	0.592286603162863		asRNA_112
asRNA_113	11.1658988480084	0.23	0.584359286670539	0.386801977562465	0.698902813085836	0.828838061710311	asRNA_113
asRNA_114	3.56922796936439	1.19	1.22888690631716	0.971347524168952	0.331375250544666		asRNA_114
asRNA_115	6.70377272436756	-0.78	0.786708941952251	-0.989552619404107	0.32239283844859	0.526182655469854	asRNA_115
asRNA_116	2.80517924454653	-1.21	1.21767134593611	-0.99494910599359	0.319761017844503		asRNA_116
asRNA_117	2.35781755185363	4.77	1.7748755758696	2.68593459017197	0.00723272464785073		asRNA_117
asRNA_118	9.04257219161958	0.70	0.727645680273253	0.956270360790806	0.338935660195332	0.545153742320787	asRNA_118
asRNA_119	13.873733556664	-1.22	0.657675015416341	-1.85888205883393	0.0630438576825526	0.16846057410978	asRNA_119
asRNA_120	39.8223290281339	0.57	0.323622686438454	1.74994317397653	0.0801281198090953	0.198503879355979	asRNA_120
asRNA_121	26.9499620677242	0.46	0.478332295587705	0.963387077503185	0.335353308870989	0.541350714877584	asRNA_121
asRNA_122	8.09547487662237	0.50	0.8427291474447	0.596033076350699	0.551153130437074	0.727466173932146	asRNA_122
asRNA_123	5.36900133855472	0.27	0.795901054363425	0.3402061005717	0.73370132431835	0.848106707265668	asRNA_123
asRNA_124	3.23386987788745	-0.20	1.11302360642125	-0.178122854530135	0.858626493718816		asRNA_124
asRNA_125	12.3728080971937	1.01	0.538835771994587	1.87154470767094	0.0612696191227903	0.16496115477332	asRNA_125
asRNA_126	1.96296509270847	0.42	1.42009210100574	0.292515062263308	0.769892845222432		asRNA_126
asRNA_127	1.62342589709313	0.03	1.35377261524764	0.0231515416947298	0.981529392359847		asRNA_127
asRNA_128	0.982924382485084	-0.62	2.57692751636738	-0.240501671235728	0.809941367819912		asRNA_128
asRNA_129	2.8679651993985	-0.96	1.34563670907059	-0.71355119353922	0.475504746522963		asRNA_129
asRNA_130	1.45277128662227	1.35	1.50789625145169	0.896864444352469	0.369791254851393		asRNA_130
asRNA_131	5.31457499990508	0.59	0.77760541167285	0.759413677417959	0.447605134233928	0.644907695891272	asRNA_131
asRNA_132	8.96016594740761	0.13	0.603714145150094	0.217481168820362	0.827833380914011	0.907077363271652	asRNA_132
asRNA_133	4.34324371902208	0.47	0.840057584519602	0.558898436040766	0.576231036842315		asRNA_133
asRNA_134	0.217477207250657	0.00	7.1856207519055	0	1		asRNA_134
asRNA_135	94.7837873624735	1.31	0.29249420527661	4.46438072371374	8.03006667701528e-06	0.000127076902167411	asRNA_135
asRNA_136	17.5414698858568	0.41	0.492072226224974	0.838930842181792	0.40150811922839	0.602782536695395	asRNA_136
asRNA_137	6.32928002888629	1.19	0.828702450530108	1.43422970030783	0.151506724111552	0.311047270012328	asRNA_137
asRNA_138	6.73032599307356	1.14	0.665286126032975	1.71872508167018	0.0856644427508409	0.209177256497837	asRNA_138
asRNA_139	0.49138103530375	-1.71	3.05157960590587	-0.561145272553132	0.574698507559207		asRNA_139
asRNA_140	22.9527959562074	-0.22	0.533573764466364	-0.413040411046319	0.679577006496202	0.814502416681819	asRNA_140
asRNA_141	3.07691052556989	0.50	1.22002816788512	0.410756582120267	0.681251032773267		asRNA_141
asRNA_142	1.36823676558376	3.34	2.03214315159946	1.64535989078623	0.099895615782829		asRNA_142
asRNA_143	1.44585733487219	-1.21	1.6836144985669	-0.717305005445475	0.473185919393986		asRNA_143
asRNA_144	5.04952636128886	0.35	0.942106250054415	0.368786915660082	0.71228655811757	0.835472609278446	asRNA_144
asRNA_145	7.50304900690636	0.21	0.670094203134069	0.312720574636467	0.754492962726731	0.864309146680416	asRNA_145
asRNA_146	25.8440426628127	-0.57	0.405499390496525	-1.40484151914351	0.160068409758753	0.323035449971848	asRNA_146
asRNA_147	3.24379962894155	1.01	1.01780883464134	0.993336282490638	0.320546101632482		asRNA_147
asRNA_148	5.11715343992095	1.03	0.981522529823322	1.05049206715993	0.293491936291135	0.492440699593931	asRNA_148
asRNA_149	2.60786437986013	0.41	1.23295968196724	0.334159811707075	0.738258968199983		asRNA_149
asRNA_150	6.31432499384456	0.47	0.862593775078234	0.541529883726522	0.588142405638055	0.754702444366716	asRNA_150
asRNA_151	12.6268503411014	0.43	0.551361868117817	0.78048015845645	0.435108302003131	0.635117763407796	asRNA_151
asRNA_152	52.4422357951337	0.43	0.303635011374464	1.40139179639566	0.161096944095611	0.324201382207661	asRNA_152
asRNA_153	216.25868660575	-0.29	0.151321879483719	-1.88484746562892	0.0594504344959538	0.1610556204867	asRNA_153
asRNA_154	2.64975967198205	0.18	1.09589173399871	0.160150982121598	0.872762141492409		asRNA_154
asRNA_155	1.17389363722722	1.84	2.07464402379636	0.888811284639763	0.374104510105481		asRNA_155
asRNA_156	4.39544210193036	0.82	1.0349632086593	0.791426595925045	0.428695095109827		asRNA_156
asRNA_157	42.6940252123955	0.32	0.343897676966271	0.918509802279678	0.358352029502032	0.561548895493762	asRNA_157
asRNA_158	1.98946498266043	0.02	1.34517846652607	0.0165528939362281	0.98679330459644		asRNA_158
asRNA_159	0.378028751154085	2.91	4.0562185832288	0.716869145429025	0.47345484178675		asRNA_159
asRNA_160	2.3863431603767	-1.44	1.48889558483412	-0.964428304846176	0.334831237105918		asRNA_160
asRNA_161	7.70847946385854	0.32	0.706864832611227	0.448000865097938	0.654152572264343	0.797969949908546	asRNA_161
asRNA_162	17.59258207462	1.50	0.537449574764338	2.79118820691937	0.00525149263249251	0.0256032368075729	asRNA_162
asRNA_163	9.29851640430774	0.79	0.694258539920957	1.14220013768057	0.253370838770104	0.444434857103708	asRNA_163
asRNA_164	2.1835698585885	-0.04	1.72186795099877	-0.0214392609836132	0.982895255019135		asRNA_164
asRNA_165	1.48736189221763	1.60	1.58793594433121	1.00739705580943	0.313744005610656		asRNA_165
asRNA_166	5.00058888964907	0.80	0.951894622938563	0.844653806980075	0.39830415750274		asRNA_166
asRNA_167	6.57701897877769	0.73	0.770565437836823	0.952093722719364	0.341049452281433	0.547190700170099	asRNA_167
asRNA_168	6.9162616468761	1.04	0.795920244015309	1.30877354096633	0.19061107211518	0.364603477440925	asRNA_168
asRNA_169	1.85682347823961	2.97	1.72968991693831	1.71598276274687	0.0861651973579548		asRNA_169
asRNA_170	14.3025649271879	0.28	0.514233198549973	0.550619586361004	0.581894479333808	0.750630918552654	asRNA_170
asRNA_171	7.42703472443229	-0.87	0.693446722417335	-1.24800370685189	0.212029699704369	0.393614109194778	asRNA_171
asRNA_172	1.86997544360328	0.22	1.45330323264694	0.153977802532084	0.877627237854976		asRNA_172
asRNA_173	1.71655458855006	0.88	1.38056028404172	0.638879160429227	0.522901545949256		asRNA_173
asRNA_174	2.65311221699305	-0.93	1.1328321858664	-0.819051808273447	0.412756855517719		asRNA_174
asRNA_175	38.7084494982018	0.03	0.322998863514649	0.0827910613487579	0.934017676737438	0.964663049868623	asRNA_175
asRNA_176	5.12247815575506	0.57	0.814588090358141	0.705771362843029	0.480330333627982	0.672391215740187	asRNA_176
asRNA_177	8.28915443187276	0.86	0.839583578646942	1.02982071176016	0.303094176182948	0.501291110351695	asRNA_177
asRNA_178	18.0359520966613	1.24	0.436125645139764	2.8359926460746	0.00456834979039452	0.0229993155608081	asRNA_178
asRNA_179	3.26803089726385	0.83	1.02106449753374	0.815936918427535	0.414536215582237		asRNA_179
asRNA_180	3.14159772611134	1.58	1.20550105185169	1.30747344112388	0.191051969211224		asRNA_180
asRNA_181	0.400750346195016	2.18	4.10147166036949	0.531601420923694	0.595002080440281		asRNA_181
asRNA_182	2.14926789472486	-0.04	1.56722066446135	-0.0252157506687854	0.979882873733994		asRNA_182
asRNA_183	31.1110370359972	2.38	0.429790185822792	5.53300811409262	3.14784903042811e-08	9.80233418507506e-07	asRNA_183
asRNA_184	8.42048020826524	0.10	0.622943216582593	0.160816939754765	0.872237582899701	0.928857109803854	asRNA_184
asRNA_185	7.71604374195641	0.72	0.650728194573873	1.10440917991301	0.269415680444984	0.464145039005755	asRNA_185
asRNA_186	14.0277792340626	1.65	0.668654230512996	2.46195104372531	0.0138183527062263	0.0546693298322834	asRNA_186
asRNA_187	25.6324439491991	-0.09	0.387653266845289	-0.230667713103482	0.817572958338548	0.90232137475169	asRNA_187
asRNA_188	4.05595068702629	0.98	0.897022053661454	1.09229624539133	0.274702910124972		asRNA_188
asRNA_189	5.92548804007375	0.21	0.809879531850587	0.260649359895113	0.794362921288881	0.888214293456602	asRNA_189
asRNA_190	7.64227360480615	-0.49	0.722540331004392	-0.673758726020319	0.50046471923261	0.687668044378496	asRNA_190
asRNA_191	17.42582183264	-1.82	0.496435967921233	-3.66102950967236	0.000251203820491704	0.00231683523612731	asRNA_191
asRNA_192	9.44642431678979	0.62	0.702393685188503	0.889690780178011	0.373631945989747	0.575552189141653	asRNA_192
asRNA_193	186.866713547341	0.21	0.551901054545713	0.376191060208236	0.706774861044413	0.83469704582241	asRNA_193
asRNA_194	7.18183187826131	1.10	0.800061787251222	1.36983589451386	0.170738134471318	0.338901739156228	asRNA_194
asRNA_195	2.00814692306607	-1.21	1.38740608915727	-0.871598947641475	0.383427204990755		asRNA_195
asRNA_196	14.9037727766061	0.70	0.578763773792628	1.20506914992021	0.228176608094669	0.414554239047779	asRNA_196
asRNA_197	5.97208053067068	-0.86	0.830207394086239	-1.0382227464104	0.299166365158091	0.499070157544834	asRNA_197
asRNA_198	4.12566471594291	1.52	1.1498010497549	1.32024157073191	0.186754376638887		asRNA_198
asRNA_199	1.01685996802031	1.37	2.00142909893819	0.685193870433293	0.493221591278942		asRNA_199
asRNA_200	8.22607773513326	0.23	0.757741416239304	0.300815581808332	0.763555125863167	0.869204262775052	asRNA_200
asRNA_201	30.0338156036785	-0.24	0.32391348583216	-0.734126206023432	0.462871823153494	0.658387426253693	asRNA_201
asRNA_202	2.16996447582632	-0.10	1.04509509918229	-0.0920581662846861	0.926651825728095		asRNA_202
asRNA_203	15.9938702951587	-0.25	0.51628527992731	-0.493850633067948	0.62141167130877	0.777032901601985	asRNA_203
asRNA_204	2.77139083795353	0.94	1.19289590645359	0.786027167086591	0.431851571436104		asRNA_204
asRNA_205	0.375339139181471	-1.21	3.70773341564666	-0.325830002949976	0.744552977330221		asRNA_205
asRNA_206	33.9866895015872	1.95	0.440376016687037	4.43329979831448	9.28016804724787e-06	0.000143514176121593	asRNA_206
asRNA_207	2.66999694138528	-0.11	1.44148223781085	-0.0756426491970277	0.939703404490393		asRNA_207
asRNA_208	0						asRNA_208
asRNA_209	12.2787089590439	1.48	0.681722894825111	2.16917347469185	0.0300695161430492	0.0994078981167471	asRNA_209
asRNA_210	9.65505516589829	0.57	0.870981084369124	0.653127697633031	0.513673957398482	0.697748489974674	asRNA_210
asRNA_211	8.49814886137696	0.23	0.602493812824778	0.38112509402936	0.703110427806752	0.832464349520995	asRNA_211
asRNA_212	1.39651913122549	0.72	1.7918642814128	0.400655948879282	0.688673447418918		asRNA_212
asRNA_213	1.66826728487177	1.81	1.37635981661803	1.31278785585768	0.189254443306221		asRNA_213
asRNA_214	10.4573034114244	0.85	0.56293440307413	1.50395602873813	0.132592688989808	0.286584960459873	asRNA_214
asRNA_215	7.66993479866319	0.30	0.863749097372913	0.345147158400309	0.729983741946453	0.846290198829836	asRNA_215
asRNA_216	1.26319429393365	0.20	1.6879032683044	0.116225166047039	0.907474092287554		asRNA_216
asRNA_217	7.97083128913974	0.95	0.659176877107167	1.44263922946505	0.149122126415823	0.307590938817822	asRNA_217
asRNA_218	0.233750079369454	2.29	6.0733968956071	0.376623475007627	0.706453439740303		asRNA_218
asRNA_219	0						asRNA_219
asRNA_220	12.4975923326327	2.23	0.616860395352693	3.61712665436197	0.000297891559732931	0.00268752011522295	asRNA_220
asRNA_221	5.23812569199686	2.96	1.21139132231172	2.44354224965657	0.0145438665709794	0.0573529983012711	asRNA_221
asRNA_222	5.43884652212016	0.86	0.920380071224018	0.933911314153153	0.350349642106163	0.556285270838122	asRNA_222
asRNA_223	2.45182167054376	0.09	1.16584642161529	0.0806566797179642	0.935714989094767		asRNA_223
asRNA_224	1.88650226429649	1.82	1.83246202831624	0.99326686715437	0.320579919607448		asRNA_224
asRNA_225	3.36034933465554	-2.05	1.3287533461671	-1.5429118539004	0.122852164299396		asRNA_225
asRNA_226	1.17342976085315	0.77	1.48341566192493	0.520821690307793	0.602490991653367		asRNA_226
asRNA_227	0.924692345930455	3.66	2.30739145239336	1.58730560067423	0.112443447389623		asRNA_227
asRNA_228	1.73260567770238	2.44	1.44800579291731	1.68375308304127	0.0922293978066343		asRNA_228
asRNA_229	2.99519498944495	1.34	1.24397911354881	1.07787184836324	0.281090950187994		asRNA_229
asRNA_230	4.97118534843519	0.14	0.742166241134087	0.192379242891978	0.847445150488834		asRNA_230
asRNA_231	9.15483609970901	0.67	0.783069967196478	0.857627395158817	0.391098242869246	0.594979971460665	asRNA_231
asRNA_232	5.98061448084207	0.44	0.786488423733134	0.558946244142406	0.576198407672377	0.746631811788947	asRNA_232
asRNA_233	2.88586187550851	-0.24	1.09050725161759	-0.220615382540668	0.825391922625853		asRNA_233
asRNA_234	3.04114063840301	1.03	1.33700668666872	0.767764497623322	0.442627110106119		asRNA_234
asRNA_235	2.76103415019871	0.55	1.18150208593978	0.462735080999021	0.643554269376809		asRNA_235
asRNA_236	1.95151457630596	-0.13	1.20508987315084	-0.107940919078849	0.914042557995941		asRNA_236
asRNA_237	7.40532965101097	-0.59	0.689279053616594	-0.861155692888747	0.389152299029681	0.593150030521029	asRNA_237
asRNA_238	12.3217185803536	1.67	0.607558776571694	2.75161350747862	0.00593024642856335	0.0282932350199662	asRNA_238
asRNA_239	3.45816636645665	-0.63	1.09454641850604	-0.57207277624798	0.567272671626498		asRNA_239
asRNA_240	0.374012193709877	0.00	5.36136207810603	0	1		asRNA_240
asRNA_241	0.966450782539522	0.94	1.92125477126976	0.488456617232634	0.625226447304077		asRNA_241
asRNA_242	6.11566281451797	-0.32	0.8716376553235	-0.372321778978914	0.709653285090212	0.83469704582241	asRNA_242
asRNA_243	1.16106337027644	2.08	1.96115848200656	1.06056663553813	0.288886891988022		asRNA_243
asRNA_244	6.1159165012385	1.86	0.984544132835115	1.89036595914115	0.0587090328306437	0.159644468617412	asRNA_244
asRNA_245	26.6385421545932	1.86	0.472679510881005	3.93623513765511	8.27698772721361e-05	0.000904534205962664	asRNA_245
asRNA_246	5.07201963864623	-0.56	0.85810378117772	-0.65015716494994	0.515590706927986	0.699040583924835	asRNA_246
asRNA_247	5.55909923081413	0.18	0.90372105108891	0.203366326541496	0.838848717364934	0.914304059273184	asRNA_247
asRNA_248	3.57345251129783	1.62	1.15588947554861	1.40174695221642	0.160990824478433		asRNA_248
asRNA_249	10.0173776411349	1.02	0.660624093567879	1.54531664308426	0.122269691728366	0.270093842292409	asRNA_249
asRNA_250	11.224185115487	0.20	0.569781775611904	0.357467574656467	0.720741796451256	0.84130118602291	asRNA_250
asRNA_251	2.4821827404481	2.07	1.39464370703784	1.48573482635119	0.137349274979581		asRNA_251
asRNA_252	3.21882954764117	4.61	1.68202145885939	2.7381430901119	0.00617871860312278		asRNA_252
asRNA_253	0.726604338765648	1.04	2.354333506151	0.439728858309042	0.660133498762273		asRNA_253
asRNA_254	2.66392245141926	0.05	1.05660798527168	0.0502894765192014	0.959891709681184		asRNA_254
asRNA_255	0.585714647448352	-0.05	2.7146171482192	-0.0197477526958396	0.984244597052318		asRNA_255
asRNA_256	0.593698304554761	2.90	2.61740339181856	1.10798265561007	0.267869306548009		asRNA_256
asRNA_257	1.80785903691578	0.22	1.3629470567873	0.15834543596624	0.874184607007258		asRNA_257
asRNA_258	4.072980764057	0.58	0.950669094879209	0.611290062787377	0.541007568496714		asRNA_258
asRNA_259	67.7284935011475	-0.28	0.302404458440625	-0.916558127319794	0.359374234740103	0.561548895493762	asRNA_259
asRNA_260	3.93141572510276	1.09	1.05042675773451	1.03393620476253	0.30116598809027		asRNA_260
asRNA_261	2.36822660682318	-0.18	1.19337872556879	-0.151240140499758	0.87978628691881		asRNA_261
asRNA_262	6.91250472744903	0.39	0.880732461349114	0.437594863893164	0.661679995055195	0.803785765805304	asRNA_262
asRNA_263	1.17118074479317	2.01	1.68030893249306	1.19416136153536	0.232414854109714		asRNA_263
asRNA_264	0.92820474831513	1.09	2.05310979000566	0.532070037434102	0.594677488515181		asRNA_264
asRNA_265	0.925709185851232	2.50	2.09878304297341	1.19160894708531	0.233414615159107		asRNA_265
asRNA_266	2.19755224955362	1.53	1.15931308677788	1.31952416183109	0.186993937917566		asRNA_266
asRNA_267	1.80996095363686	1.81	1.96391774540513	0.919832056842782	0.35766052850141		asRNA_267
asRNA_268	36.4081555180124	0.86	0.340267520282101	2.51397501773824	0.0119378890035994	0.0485713266909973	asRNA_268
asRNA_269	0.880493655340409	-1.01	2.16016960181836	-0.466059207631861	0.641173120946116		asRNA_269
asRNA_270	2.62115194026856	1.65	1.4256214768015	1.15880421671083	0.246535998331316		asRNA_270
asRNA_271	1.46463278227791	-1.05	1.65077835417039	-0.633775899534982	0.526227083616047		asRNA_271
asRNA_272	6.73609452148828	0.52	0.734449157753519	0.704138495580995	0.48134652876155	0.673094904535707	asRNA_272
asRNA_273	1.16939878651971	2.42	1.96786286716934	1.22738180071123	0.219679123397971		asRNA_273
asRNA_274	2.82649224089179	1.44	1.39407694688259	1.03288390450061	0.30165823195447		asRNA_274
asRNA_275	9.30769309743881	-0.84	1.18488470295677	-0.707597844183228	0.479195032003126	0.671708040987925	asRNA_275
asRNA_276	3.51808727159466	1.47	1.04636408025588	1.4093819605378	0.158722255276947		asRNA_276
asRNA_277	26.3891325581221	1.14	0.428340084702582	2.65102904795267	0.00802469394769841	0.0357530979577455	asRNA_277
asRNA_278	15.5322637618939	1.56	0.525843235591751	2.96247520587028	0.00305176386652461	0.016770224207695	asRNA_278
asRNA_279	2.02105053686871	0.38	1.36253581232145	0.280244911105118	0.779289612450847		asRNA_279
asRNA_280	10.7900410591063	1.32	0.690169901488187	1.90581262436448	0.0566745204382605	0.156462737072643	asRNA_280
asRNA_281	8.78669756903697	0.77	0.673275345412487	1.14725627724713	0.251275718616849	0.443467608387586	asRNA_281
asRNA_282	1.94752712323815	0.63	1.41174740223215	0.446989668419444	0.654882519568219		asRNA_282
asRNA_283	5.34085176936064	0.38	0.896381505660441	0.424831072372521	0.670959824653987	0.810300105170119	asRNA_283
asRNA_284	0.538144648110702	2.90	2.86908047892692	1.01164918307225	0.311705820851941		asRNA_284
asRNA_285	0.169380537642972	-2.63	7.28506209459384	-0.360494832443137	0.718477120340372		asRNA_285
asRNA_286	12.9507315056885	0.58	0.507587646639946	1.14228260298784	0.253336570198294	0.444434857103708	asRNA_286
asRNA_287	5.3779006737003	0.16	0.839731699697817	0.195270376687442	0.845181286629624	0.917752158259989	asRNA_287
asRNA_288	1.37557277063412	1.16	1.40744931589904	0.825853248923354	0.408887343549061		asRNA_288
asRNA_289	1.61017165159826	1.01	1.46584022224129	0.691006329510596	0.489561563406476		asRNA_289
asRNA_290	9.45525705520662	0.12	0.698008106422319	0.16699969051004	0.867370292442516	0.928857109803854	asRNA_290
asRNA_291	2.73187409976765	0.00	2.26145513506291	0	1		asRNA_291
asRNA_292	1.0027626850315	-0.21	1.99064095869014	-0.107681236433573	0.914248554113276		asRNA_292
asRNA_293	1.26419715879063	0.72	1.75685144548199	0.411979702022306	0.680354300909707		asRNA_293
asRNA_294	2.9241025935768	0.02	1.03750755325512	0.0199406895017227	0.984090686061459		asRNA_294
asRNA_295	11.4197006727353	-0.11	0.604390204080142	-0.181484414139678	0.855987365733323	0.92360374635268	asRNA_295
asRNA_296	5.55497367331466	1.10	0.825510707729003	1.33396715008749	0.182214622623519	0.354632760159753	asRNA_296
asRNA_297	0.596915221170394	-1.54	2.98913221951948	-0.516811345510842	0.60528785929033		asRNA_297
asRNA_298	1.80229253210495	-0.15	1.7399661380368	-0.08716170670044	0.930542977099422		asRNA_298
asRNA_299	7.71544980782561	1.11	0.776569973809755	1.43332692403785	0.151764431121347	0.311047270012328	asRNA_299
asRNA_300	1.88658199818246	1.51	1.93976071798793	0.780298490386689	0.435215201181006		asRNA_300
asRNA_301	62.8598796668438	0.34	0.272055306222051	1.23229533836236	0.217838780538502	0.400292581497145	asRNA_301
asRNA_302	0.818133375565067	0.00	2.78386813469138	0	1		asRNA_302
asRNA_303	5.97444341238036	1.66	0.910213492166107	1.81995705236331	0.0687655454947064	0.179087247979019	asRNA_303
asRNA_304	32.1631505395456	0.25	0.366451471449518	0.670622646794456	0.502460951682154	0.688654479920264	asRNA_304
asRNA_305	6.21226802332176	-0.79	0.763389497398713	-1.04106489238531	0.297845431992098	0.49755625746865	asRNA_305
asRNA_306	2.70293156909087	0.66	1.22644649123475	0.54025255973618	0.589022870022901		asRNA_306
asRNA_307	4.08790422470929	1.00	1.01387753863921	0.985823199965007	0.324219879058676		asRNA_307
asRNA_308	1.05762868306061	-1.56	2.54571229637337	-0.611489332993596	0.540875678042081		asRNA_308
asRNA_309	29.005158410895	1.09	0.422474489560411	2.5797605400739	0.00988688463289367	0.0421064969071471	asRNA_309
asRNA_310	9.59979316687909	1.85	0.738698264327462	2.50967650906914	0.0120841805936934	0.0489655884564681	asRNA_310
asRNA_311	2.8941248389547	3.06	1.8355395342525	1.66833955570212	0.0952483398276202		asRNA_311
asRNA_312	2.21718663303251	-3.21	1.87410028070607	-1.7138653941416	0.0865534499294471		asRNA_312
asRNA_313	7.84094007202767	0.75	0.711127977957476	1.05351174668096	0.292106513456648	0.490467712130652	asRNA_313
asRNA_314	3.0911633558879	0.35	1.01276734087664	0.348929672877121	0.727142107812336		asRNA_314
asRNA_315	6.33426210165168	0.36	0.772671978700767	0.471592173701211	0.637217914021826	0.789478614801289	asRNA_315
asRNA_316	0.971215150318547	0.58	1.82593175705998	0.316501886707998	0.751621593336006		asRNA_316
asRNA_317	9.25675009446337	0.89	0.629804292329061	1.41971917215423	0.155689454277634	0.316962114624846	asRNA_317
asRNA_318	7.89475058079082	1.85	0.668271657449505	2.77351060856095	0.00554550322549236	0.0266773709983818	asRNA_318
asRNA_319	0.350224405412063	2.98	5.34548198754122	0.557810139285265	0.576974038296249		asRNA_319
asRNA_320	4.16564949746082	-0.22	0.875370424182959	-0.25629877624396	0.797720142120424		asRNA_320
asRNA_321	4.4218624889627	1.51	1.19592935843298	1.26599751864274	0.205513970628589		asRNA_321
asRNA_322	6.29913738348248	0.45	0.719211535286156	0.632162238037632	0.527280869707391	0.709904880833381	asRNA_322
asRNA_323	0.795258436380233	0.98	2.67577463903961	0.364946715108471	0.715151182046625		asRNA_323
asRNA_324	0.53761206798653	2.84	2.83270437751315	1.00229698863538	0.316200176528645		asRNA_324
asRNA_325	1.48396077897941	0.94	1.65606764477154	0.569739952214042	0.568854088216874		asRNA_325
asRNA_326	0.826209291349988	-0.25	2.16868335725747	-0.115736349311837	0.907861497232001		asRNA_326
asRNA_327	0.706102138811317	0.00	3.39061970495446	0	1		asRNA_327
asRNA_328	1.15955480663234	1.84	1.95984956664565	0.940276630285381	0.347075683671434		asRNA_328
asRNA_329	1.10913474024855	1.39	1.56748567725477	0.885529409006539	0.375871165299666		asRNA_329
asRNA_330	0.172389860439292	-0.12	7.3431648111049	-0.0158492267943406	0.987354676055675		asRNA_330
asRNA_331	4.4510137656643	0.27	0.832541604786955	0.326751518998412	0.743855830549467		asRNA_331
asRNA_332	1.32824508678051	0.18	1.57412071406558	0.114353260593236	0.908957763511915		asRNA_332
asRNA_333	44.3509751160087	-0.11	0.329862227054065	-0.339562135925203	0.734186296655742	0.848106707265668	asRNA_333
asRNA_334	7.7663438141606	-0.83	0.621707827263147	-1.33107598867766	0.183164008778737	0.356001992901492	asRNA_334
asRNA_335	5.58749966987004	0.33	0.80851417486911	0.413092210476823	0.679539056252944	0.814502416681819	asRNA_335
asRNA_336	6.18107096735273	2.99	0.952187720725092	3.14105970757608	0.00168337709819852	0.0106442359746352	asRNA_336
asRNA_337	1.16824431365005	3.59	2.00520817760915	1.79081528863899	0.0733229410226828		asRNA_337
asRNA_338	6.0706961152411	1.57	0.91883589382751	1.70921481994433	0.0874111646848091	0.212012339135014	asRNA_338
asRNA_339	1.9193848231168	0.01	1.23830662190389	0.00770023941072139	0.993856158574928		asRNA_339
asRNA_340	0.820641224715944	0.65	2.86887086061857	0.225246351338388	0.821787632627332		asRNA_340
asRNA_341	1.20141374797176	1.55	1.72498707896682	0.89644662774535	0.370014273561121		asRNA_341
asRNA_342	5.59898909756	2.27	1.02433721583867	2.21914850439801	0.0264766230941447	0.090741184000761	asRNA_342
asRNA_343	5.69363332794662	-0.15	0.798846435633744	-0.193205322884181	0.846798170218798	0.918474719458292	asRNA_343
asRNA_344	2.57708852752483	-0.02	1.03673242078088	-0.0209688878118251	0.983270474146125		asRNA_344
asRNA_345	0.857100914308556	0.86	2.08501385717886	0.412012157849518	0.680330512027763		asRNA_345
asRNA_346	5.62462889205447	2.07	0.911185818428684	2.26940405155267	0.023243766037879	0.0817909434334114	asRNA_346
asRNA_347	1.1707644162484	1.53	2.06057728383415	0.742394045737201	0.457848626070761		asRNA_347
asRNA_348	10.449809063559	0.20	0.51702604512556	0.38447460137825	0.70062671718184	0.830202525760478	asRNA_348
asRNA_349	6.2430050783628	0.61	0.685536139947948	0.892903270733705	0.371908975421838	0.574124863657678	asRNA_349
asRNA_350	23.520484619833	1.70	0.453304534728134	3.74828966402774	0.000178044560114942	0.00174118379204334	asRNA_350
asRNA_351	10.132319217276	-0.31	0.594476356591179	-0.523423741060298	0.60067940645512	0.763973456782621	asRNA_351
asRNA_352	8.42340884421776	0.41	0.716466980229421	0.566221703009879	0.571243078183253	0.74284685874212	asRNA_352
asRNA_353	9.28769122844296	-0.01	0.711028396302492	-0.00982042436624242	0.992164560960428	0.995257557513474	asRNA_353
asRNA_354	3.40888883807853	1.52	1.00841963749292	1.50555328246873	0.132181888976648		asRNA_354
asRNA_355	2.13142134814204	-0.18	1.27309997420936	-0.141007214071415	0.887864243283582		asRNA_355
asRNA_356	4.27975199046875	1.64	1.05440462234976	1.55933165336496	0.11891790360335		asRNA_356
asRNA_357	2.49212909182887	-0.07	1.38679826517458	-0.0490583784895451	0.960872772597122		asRNA_357
asRNA_358	17.1766587507865	1.12	0.445814277497029	2.50340505022436	0.0123004680289519	0.0495440269983932	asRNA_358
asRNA_359	2.20556131496702	-0.17	1.27604656133568	-0.135378683157554	0.892312477340189		asRNA_359
asRNA_360	2.78890548886791	-0.15	1.13185742242864	-0.134244289258143	0.893209405082751		asRNA_360
asRNA_361	19.8456426966462	0.94	0.452509415483861	2.07124716385107	0.038335704114866	0.117534927214077	asRNA_361
asRNA_362	3.3730220855538	0.65	0.957729762163479	0.678961314367371	0.497162374114873		asRNA_362
asRNA_363	4.62384029622973	0.92	0.945412883202351	0.96784406467573	0.333122253148143		asRNA_363
asRNA_364	16.3362253781658	1.33	0.523497542464236	2.54081854882688	0.0110593298062389	0.0460169814926262	asRNA_364
asRNA_365	2.23693960758797	-0.07	1.25233003621984	-0.0562526274061247	0.955140556891712		asRNA_365
asRNA_366	6.21094627673361	0.20	0.841630757031978	0.232494864488089	0.816153675497276	0.902310553740454	asRNA_366
asRNA_367	16.8638428660783	0.13	0.554336365837813	0.228832296874172	0.818999263454985	0.902863291574281	asRNA_367
asRNA_368	61.8671424723669	-0.32	0.299478418183744	-1.05878156362879	0.289699271852164	0.48777272749062	asRNA_368
asRNA_369	1.85457561973278	0.87	1.21668349291893	0.714823311233033	0.474718228871905		asRNA_369
asRNA_370	0.694546144050045	2.06	2.47654411855134	0.831145550945799	0.405891409747865		asRNA_370
asRNA_371	155.442486638103	0.39	0.232047924609736	1.68045423037095	0.0928689723199333	0.221174789340894	asRNA_371
asRNA_372	41.3000203368778	-0.07	0.384963558351948	-0.194377957665735	0.845879947992143	0.917822528806762	asRNA_372
asRNA_373	0.828177817973627	-0.31	3.24536969471174	-0.0967683665989989	0.92291034580155		asRNA_373
asRNA_374	2.77632198969586	0.13	1.22010574927603	0.107744168423096	0.914198632090382		asRNA_374
asRNA_375	3.5229890438971	2.15	1.21851062045211	1.76650891206983	0.0773105077375838		asRNA_375
asRNA_376	2.75060542075221	1.91	1.40758423511333	1.35572408715928	0.17518697254919		asRNA_376
asRNA_377	4.64482194475488	1.61	0.980607929382963	1.64207538656248	0.100574381870424		asRNA_377
asRNA_378	2.30126000969151	-0.58	1.17999418614442	-0.491266197161915	0.623238184531118		asRNA_378
asRNA_379	1.01966456327745	1.77	1.80380323204677	0.979821611420359	0.327174182341304		asRNA_379
asRNA_380	2.37382340798405	-0.03	1.42266118343996	-0.0209434467343095	0.9832907687323		asRNA_380
asRNA_381	17.292822314826	0.46	0.504962665050114	0.903547226626337	0.366235535363889	0.568391270318233	asRNA_381
asRNA_382	0.745750288404681	2.49	2.65922326177477	0.934891635742657	0.349844148062935		asRNA_382
asRNA_383	7.14202347493679	-0.19	0.700317558631495	-0.265745402994266	0.790435293666705	0.885532151047883	asRNA_383
asRNA_384	10.2164517318129	-0.14	0.581853477784734	-0.240885962905463	0.809643501824471	0.898018989384782	asRNA_384
asRNA_385	6.80594103639473	-1.06	0.739062847814232	-1.43774952486258	0.150505135593341	0.309781714767816	asRNA_385
asRNA_386	3.84513418151855	1.49	1.09204281685506	1.36741492581339	0.171495286551982		asRNA_386
asRNA_387	6.71048350399954	-0.43	0.727303402029621	-0.585851710032154	0.557975170786217	0.732500496190791	asRNA_387
asRNA_388	3.11036717601141	0.43	1.00665122639921	0.424095706485177	0.67149601661097		asRNA_388
asRNA_389	3.32638078152282	0.36	1.04810909502811	0.342071676079802	0.732296952304581		asRNA_389
asRNA_390	2.58574704419894	0.61	1.20401300943337	0.509643649789515	0.610301137646272		asRNA_390
asRNA_391	1.23846390232104	0.48	1.58552957209304	0.301528011757309	0.763011893044		asRNA_391
asRNA_392	30.0274264890895	-0.11	0.378284914678495	-0.294293033430505	0.768533995594667	0.872471364657842	asRNA_392
asRNA_393	20.55453404079	0.08	0.426692951626419	0.185807517737414	0.852595708897214	0.921656279569366	asRNA_393
asRNA_394	17.2094040492066	-0.63	0.501723013255227	-1.24654655381338	0.212563809222759	0.394352845297317	asRNA_394
asRNA_395	4.11711134025712	0.45	1.02005998441102	0.440347420790717	0.659685500183332		asRNA_395
asRNA_396	1.56118830450479	0.88	1.58186707271319	0.555342255687865	0.578660581311075		asRNA_396
asRNA_397	2.05637995812342	0.50	1.18716593127566	0.417325182617289	0.676440571264451		asRNA_397
asRNA_398	44.5196922227056	0.30	0.353761251448945	0.848543824841766	0.396135176571054	0.599690262075155	asRNA_398
asRNA_399	0.621012539133997	-1.73	3.2721713550891	-0.528775839408942	0.596960959900466		asRNA_399
asRNA_400	1.81639524922978	-0.07	1.34730697590048	-0.0503456598942892	0.959846938546593		asRNA_400
asRNA_401	2.37175811883515	-0.23	1.17630026525468	-0.191927870234857	0.847798705974391		asRNA_401
asRNA_402	0.881760582233307	0.68	2.29067370546687	0.29633969082894	0.766970677515624		asRNA_402
asRNA_403	8.90759658226782	0.81	0.694006068856678	1.17205519454325	0.241174897048703	0.431403645369391	asRNA_403
asRNA_404	9.97224175389727	1.16	0.608849474054066	1.90673009993225	0.0565555470979384	0.156432535239379	asRNA_404
asRNA_405	2.17020294877914	2.85	1.90884550229533	1.49389494078185	0.135203081003889		asRNA_405
asRNA_406	7.99155065504148	0.37	0.689832125685567	0.53230125136168	0.594517365679918	0.759136812614216	asRNA_406
asRNA_407	2.01020324948904	-0.79	1.45996382193549	-0.542666361728729	0.58735953872625		asRNA_407
asRNA_408	26.9041648027884	0.11	0.353090545594366	0.297592280309618	0.766014367196934	0.87097668135152	asRNA_408
asRNA_409	32.3055281520105	1.44	0.476591498043392	3.02486464456617	0.00248744421314818	0.0143785198428685	asRNA_409
asRNA_410	4.00405475844885	0.08	0.980420200529041	0.0820965530443243	0.934569934145353		asRNA_410
asRNA_411	5.04214005882095	2.59	1.04963463559735	2.46971698795164	0.0135219983032787	0.053570050733646	asRNA_411
asRNA_412	11.5353767016512	1.39	0.601297405627038	2.30429615678079	0.0212060245565327	0.0766699714303604	asRNA_412
asRNA_413	2.27394023606683	1.42	1.35843651560859	1.04630613197944	0.295419715213556		asRNA_413
asRNA_414	3.17396386880328	0.48	1.12444871987216	0.424534635910833	0.671175951131864		asRNA_414
asRNA_415	4.69296590701076	-0.30	0.844883755100957	-0.360594010658471	0.718402967313126		asRNA_415
asRNA_416	1.5366223681828	-0.09	1.50895930452362	-0.0575467592121167	0.954109659331472		asRNA_416
asRNA_417	10.5637614647954	0.00	0.577810722888452	0.0019715882769019	0.998426901172748	0.998771780931357	asRNA_417
asRNA_418	2.2781866015279	0.54	1.2077569528146	0.446795814239713	0.655022493794902		asRNA_418
asRNA_419	2.48970883478779	1.58	1.21620551181741	1.29514402025883	0.195270551746386		asRNA_419
asRNA_420	9.65771527215053	2.08	0.692146463539306	3.00807801951187	0.00262905633870037	0.0149876912536935	asRNA_420
asRNA_421	4.31391770814366	0.28	0.894858909506945	0.313353114208433	0.754012401144816		asRNA_421
asRNA_422	83.3007951698467	-0.37	0.258793870127341	-1.41551468382777	0.156917646214156	0.318900704165751	asRNA_422
asRNA_423	8.56137188506309	1.36	0.770030860744497	1.76300981994611	0.0778988334555545	0.194310957525655	asRNA_423
asRNA_424	5.44947053754211	1.06	0.819575336926513	1.29251933199727	0.196177355491101	0.371812579517165	asRNA_424
asRNA_425	1.36887882825792	-1.08	1.81308588041961	-0.595829672906277	0.551289018701414		asRNA_425
asRNA_426	0.908054836152348	-0.94	2.73189150346492	-0.343371534345826	0.731318971495472		asRNA_426
asRNA_427	0.542444744540558	-0.04	3.13569845048175	-0.0135825641982034	0.989163014943259		asRNA_427
asRNA_428	3.71242482192253	0.74	0.982088451988079	0.751924723130829	0.452096329389852		asRNA_428
asRNA_429	1.63359943145035	-0.07	1.3617621393552	-0.0520675350131876	0.958474881169123		asRNA_429
asRNA_430	9.09727941335578	0.90	0.617339249538407	1.46366110928941	0.143286566612374	0.29939242201258	asRNA_430
asRNA_431	0.948317788561291	0.00	2.90260449983957	0	1		asRNA_431
asRNA_432	1.10822599609932	-0.01	1.9822703680388	-0.00622493566772589	0.99503325201552		asRNA_432
asRNA_433	5.6517490062812	-1.16	0.964232764787134	-1.19812067071472	0.230870042721803	0.416949868423553	asRNA_433
asRNA_434	3.01685618282514	-0.37	1.27782379280581	-0.288188392910112	0.773202533184892		asRNA_434
asRNA_435	7.43175327492653	0.25	0.697859608904911	0.360141626481239	0.718741224977623	0.840764177708347	asRNA_435
asRNA_436	1.17485738589981	0.21	1.59412185874584	0.132358294768252	0.894700900343077		asRNA_436
asRNA_437	56.2670645112206	-0.62	0.363072573595015	-1.70323054981388	0.088524931676201	0.213818350403902	asRNA_437
asRNA_438	7.7068960724493	-0.51	0.631430605705612	-0.800347168911426	0.423509681298554	0.622896920792591	asRNA_438
asRNA_439	1.67369401978715	-0.84	1.4768542581207	-0.566097342288796	0.571327609893056		asRNA_439
asRNA_440	1.20062910455191	-0.24	2.5373982672417	-0.0950695179121173	0.924259609567436		asRNA_440
asRNA_441	1.61968448757932	1.36	1.43521947506133	0.946614436330325	0.343835284947715		asRNA_441
asRNA_442	25.8708581619364	0.06	0.441421907885017	0.1295134317449	0.896951397466925	0.944571362568806	asRNA_442
asRNA_443	5.44254125292093	0.52	0.878487365525501	0.592521857490632	0.553501188644832	0.728656107048933	asRNA_443
asRNA_444	2.70484351102134	-0.14	1.31726673542437	-0.103597639035901	0.917488661359467		asRNA_444
asRNA_445	2.76800473717046	-1.42	1.26303617293474	-1.12115381075468	0.262222396804645		asRNA_445
asRNA_446	5.50128260649553	0.35	0.836142962924425	0.421640981249772	0.67328708885162	0.811418813697166	asRNA_446
asRNA_447	67.2950972209989	-0.91	0.305684544051398	-2.98572193738196	0.00282909763007568	0.0157616996391705	asRNA_447
asRNA_448	67.1799366907845	-1.02	0.344728484053092	-2.95701861602559	0.00310629363096465	0.0169732572741012	asRNA_448
asRNA_449	0.773113750640132	-2.00	2.84786098888323	-0.700791642965709	0.483433054195103		asRNA_449
asRNA_450	1.65905789739987	0.87	1.98880212606717	0.437382235141119	0.661834165415574		asRNA_450
asRNA_451	4.04440151201047	0.28	1.0433438477782	0.263727885331049	0.791989606624772		asRNA_451
asRNA_452	35.1725290539606	0.70	0.42350976891667	1.65769883290938	0.0973782695179894	0.229088114154425	asRNA_452
asRNA_453	5.07742810626781	0.85	0.893065363385877	0.953115799402184	0.340531401884972	0.546662383513791	asRNA_453
asRNA_454	1.98000116096796	0.42	1.45238394645769	0.290938077506772	0.771098678685668		asRNA_454
asRNA_455	10.2678275910253	0.04	0.737204871804261	0.0580429115692082	0.953714447633034	0.978376564061377	asRNA_455
asRNA_456	0						asRNA_456
asRNA_457	3.97329269176053	1.09	1.21279887528444	0.899292563630341	0.368496847303969		asRNA_457
asRNA_458	0.442835612575011	1.01	3.54139773572482	0.284314163582882	0.776169632861361		asRNA_458
asRNA_459	1.20694085227696	-0.21	2.30530117825	-0.0903153287721269	0.928036639333598		asRNA_459
asRNA_460	0.870944908269257	-0.22	2.07154771000793	-0.106698506049385	0.915028167841899		asRNA_460
asRNA_461	4.33764143397321	0.47	0.876615320577322	0.532278973359307	0.594532793031587		asRNA_461
asRNA_462	0.328073037478266	1.25	5.55273914581759	0.22478018612384	0.822150280843224		asRNA_462
asRNA_463	2.77341120499114	-1.28	1.43538646162816	-0.891284253432706	0.372776694157358		asRNA_463
asRNA_464	5.93796674412575	0.48	0.729172137747226	0.659421430637444	0.509625184152264	0.695211155052578	asRNA_464
asRNA_465	2.94876087925664	0.41	1.34282156654256	0.302539744581779	0.762240640260441		asRNA_465
asRNA_466	1.78827639995343	0.61	1.49645157201437	0.407300791155517	0.683787081788427		asRNA_466
asRNA_467	12.0277232644684	-1.14	0.761943082672779	-1.4984500267605	0.134016367086168	0.287916468161381	asRNA_467
asRNA_468	5.30243086725607	-0.16	0.772180532948849	-0.212607339914021	0.831633245910837	0.909919855516198	asRNA_468
asRNA_469	14.3596838162457	0.45	0.468271351793254	0.970734588896105	0.331680462850544	0.536906964710288	asRNA_469
asRNA_470	1.52755675144718	2.21	1.92560596442908	1.14992992650076	0.250172733787136		asRNA_470
asRNA_471	3.72372930560674	2.40	1.18329135190169	2.02849294801672	0.0425099623154681		asRNA_471
asRNA_472	3.19250903155578	0.23	1.10989512237998	0.206523997603076	0.836381621391529		asRNA_472
asRNA_473	4.77674136641304	0.09	0.855649967921728	0.108081423789442	0.913931103493749		asRNA_473
asRNA_474	0.78240229033569	-2.61	2.72118822023332	-0.959650569743143	0.337231108723994		asRNA_474
asRNA_475	1.33900895860757	1.62	1.64854031540665	0.982174180343707	0.326014045351532		asRNA_475
asRNA_476	6.39697627647868	0.61	0.755000064701609	0.805785288870944	0.420366661895293	0.621034864663718	asRNA_476
asRNA_477	3.3090865511477	0.61	1.02218399620954	0.600953512172123	0.547870949909701		asRNA_477
asRNA_478	6.01066130980386	1.37	0.691055928366134	1.97966530531321	0.0477411495446903	0.138120248832591	asRNA_478
asRNA_479	2.07720294703887	-0.78	1.38733980859432	-0.559059635291039	0.576121021366558		asRNA_479
asRNA_480	49.307185377846	0.60	0.322696743317652	1.8685015529953	0.0616921938648583	0.165733389084072	asRNA_480
asRNA_481	2.69155310648258	0.83	1.18827344153191	0.696544383259311	0.48608797218785		asRNA_481
asRNA_482	36.2518839730847	-0.74	0.353266170301475	-2.09364582842218	0.03629154190551	0.113596158927583	asRNA_482
asRNA_483	1.23219339342393	0.77	1.55738360212669	0.4937260876248	0.6214996386681		asRNA_483
asRNA_484	20.7891904214728	0.08	0.45139588772077	0.16720221277719	0.867210943385459	0.928857109803854	asRNA_484
asRNA_485	4.58101737898095	-0.59	0.83584536256809	-0.711178380997635	0.476973703654494		asRNA_485
asRNA_486	2.34861227906418	0.08	1.11519635199423	0.0758039100933282	0.939575105273731		asRNA_486
asRNA_487	1.91184630297436	3.28	1.83658670170999	1.78718314125399	0.0739078931907378		asRNA_487
asRNA_488	1.51734938633624	-0.20	1.83380133481897	-0.108498462395714	0.913600300146149		asRNA_488
asRNA_489	0.986837082240169	-0.23	2.2134376677307	-0.104407178183784	0.916846226450673		asRNA_489
asRNA_490	2.57626128166738	1.05	1.33068722391225	0.786547490415903	0.431546808210126		asRNA_490
asRNA_491	1.13259540792625	-0.89	1.83121571854775	-0.486901876937943	0.626327868745623		asRNA_491
asRNA_492	0.0769312853423235	1.25	7.35216626634143	0.169559150728091	0.86535685026325		asRNA_492
asRNA_493	1.82137328479448	2.46	1.87808520365782	1.31055409667656	0.190008456298351		asRNA_493
asRNA_494	2.27883860272359	0.52	1.09354238702368	0.475707936603529	0.634282465896355		asRNA_494
asRNA_495	1.5497238444398	0.75	1.50034137028984	0.499418605096783	0.617484514910399		asRNA_495
asRNA_496	3.8000568342258	1.79	1.32883320005632	1.34540992160723	0.178492892976521		asRNA_496
asRNA_497	13.5056981955257	0.03	0.700659396518423	0.0386252303366891	0.969189186399355	0.986810970252931	asRNA_497
asRNA_498	14.0546219308655	0.82	0.515660356479452	1.5997266655585	0.109659233628427	0.249468295827121	asRNA_498
asRNA_499	3.70488756334452	0.22	1.05247731345571	0.206000876197079	0.836790226878484		asRNA_499
asRNA_500	14.6855214752904	0.06	0.462957302122474	0.12011872429577	0.904389099940575	0.948609501422638	asRNA_500
asRNA_501	1.28756957142038	0.82	2.29896822188266	0.357652070650969	0.720603705589647		asRNA_501
asRNA_502	6.81516741836165	0.18	0.873666454565716	0.208804185791454	0.834601103573695	0.911631970601946	asRNA_502
asRNA_503	5.99543986563521	0.51	1.0384121647315	0.493176685328816	0.621887750084922	0.777292587072048	asRNA_503
asRNA_504	4.04078445464729	-0.02	1.12835154039476	-0.0165718047456281	0.986778218022939		asRNA_504
asRNA_505	17.856153089198	0.80	0.541893386833218	1.47538940915556	0.140107881062309	0.296435339294919	asRNA_505
asRNA_506	2.46649824806256	5.17	1.81585972424387	2.84922709403656	0.00438255862326764		asRNA_506
asRNA_507	1.39034660919296	0.15	1.52665194947063	0.0986577172255313	0.921410041782486		asRNA_507
asRNA_508	53.0569816622449	1.17	0.35542667572772	3.29896809469112	0.000970409400071868	0.00675554236203878	asRNA_508
asRNA_509	9.39641626109607	1.99	0.745234027011626	2.67444589739028	0.00748528528726589	0.0337037466190087	asRNA_509
asRNA_510	4.97010207895106	0.38	0.915287346650466	0.417270786359129	0.676480354086447		asRNA_510
asRNA_511	6.94494189908453	0.36	0.723390988989775	0.496671569943469	0.619420674000924	0.775547891010236	asRNA_511
asRNA_512	1.18528231045822	1.63	2.05341930625435	0.795055831066646	0.426581026052108		asRNA_512
asRNA_513	6.84133231626092	0.70	0.818056880977916	0.852177530708402	0.394115565646442	0.597569988540364	asRNA_513
asRNA_514	5.88929220331289	0.09	0.847349561039705	0.10571943786678	0.915804957590758	0.953569478242593	asRNA_514
asRNA_515	12.7120355855088	1.55	0.615363623114164	2.52300819369822	0.0116355689836738	0.0478644996828398	asRNA_515
asRNA_516	3.19939999003407	0.34	1.12435379091423	0.306828313371148	0.758974056114774		asRNA_516
asRNA_517	2.10586866505733	4.31	1.96029021111729	2.19741369805147	0.0279909138639872		asRNA_517
asRNA_518	14.9639245767977	-0.96	0.563588665287035	-1.7100800944104	0.0872510631427444	0.212012339135014	asRNA_518
asRNA_519	258.226426144602	0.82	0.272292281884999	3.02353667994685	0.00249838740058446	0.0144130077930131	asRNA_519
asRNA_520	1.17274418740156	-0.37	1.81311865629931	-0.205874949101436	0.836888593995178		asRNA_520
asRNA_521	1.48090916162857	2.18	1.9032783884728	1.1472943216591	0.251260000050961		asRNA_521
asRNA_522	6.20567059871683	1.48	0.906313363723332	1.63078094945259	0.102936548601937	0.239057132919976	asRNA_522
asRNA_523	5.56373767001953	0.78	0.850369546424866	0.915813792390067	0.359764568198382	0.561659401349064	asRNA_523
asRNA_524	2.27886204274544	1.38	1.47746144481356	0.932315081141099	0.351173716062483		asRNA_524
asRNA_525	9.02344856979302	-0.14	0.783241415820754	-0.18321398915911	0.854630118390535	0.922939406533548	asRNA_525
asRNA_526	24.9597234471446	0.30	0.368768085646278	0.806626658116253	0.419881610323022	0.621030206075317	asRNA_526
asRNA_527	14.2099697299811	-0.74	0.593708240311195	-1.24039891854362	0.214827880818927	0.397082770746348	asRNA_527
asRNA_528	2.32857697949453	1.11	1.22641736759857	0.902842146277248	0.366609679116703		asRNA_528
asRNA_529	8.02978079564909	-0.02	0.732614979470553	-0.0341143904187397	0.972785933269904	0.988431923633965	asRNA_529
asRNA_530	83.0223690211053	0.26	0.35346746443763	0.723243141678624	0.469530518070107	0.665570426006377	asRNA_530
asRNA_531	2.74446115592877	-0.61	1.40662726132433	-0.436044656522841	0.662804329801538		asRNA_531
asRNA_532	1.97127869915744	0.09	1.37566322218852	0.0687632889039094	0.945178040100948		asRNA_532
asRNA_533	9.70515486732767	3.20	0.921196636473233	3.47282887972039	0.000515003601269905	0.00410867886853346	asRNA_533
asRNA_534	13.6647924146897	0.46	0.666424455655552	0.690017386783848	0.490183253503694	0.678895601217933	asRNA_534
asRNA_535	5.97849983476811	0.02	0.884804570118005	0.0271093519291031	0.978372515742343	0.989092198282919	asRNA_535
asRNA_536	1096.55039377478	3.22	0.229146618881059	14.0526265460779	7.42290694744023e-45	3.07096264568385e-42	asRNA_536
asRNA_537	3.12741164152576	0.70	1.08853830085726	0.641640358836785	0.521106721941835		asRNA_537
asRNA_538	79.7995692171441	-0.63	0.22458826161736	-2.8054087698204	0.00502528048323323	0.024624724669109	asRNA_538
asRNA_539	7.14337676880404	-3.29	0.802982763083976	-4.09828818110345	4.16216881901974e-05	0.000515112858969281	asRNA_539
asRNA_540	2.65243957682887	1.58	1.28990853353878	1.22661228222532	0.219968350663854		asRNA_540
asRNA_541	1.5665068780837	-1.10	1.627092853751	-0.678191922353996	0.497650013481816		asRNA_541
asRNA_542	0.684242699585843	0.00	3.46729645376159	0	1		asRNA_542
asRNA_543	1.39337789681668	-0.20	1.86278482735711	-0.108485960743708	0.913610216488746		asRNA_543
asRNA_544	3.0707535918618	1.44	1.20856738940127	1.19261404013964	0.233020564622699		asRNA_544
asRNA_545	2.01956721328389	-0.70	1.27679967069555	-0.547075554152254	0.584326826188054		asRNA_545
asRNA_546	0.902908183910234	-0.09	2.52032140218706	-0.0347901079722447	0.972247108552667		asRNA_546
asRNA_547	39.1981465239115	-0.04	0.33625400154152	-0.104434402543775	0.916824622656466	0.954051062599039	asRNA_547
asRNA_548	3.76234638309106	0.29	0.942787124466395	0.308655014829748	0.757583966919472		asRNA_548
asRNA_549	0.742475366411375	1.31	2.66298210297048	0.493642248176547	0.621558858131288		asRNA_549
asRNA_550	0.848693212070755	0.00	2.85065403958063	0	1		asRNA_550
asRNA_551	3.51292905897825	1.10	1.08398124414271	1.01035916452681	0.312323244740016		asRNA_551
asRNA_552	2.71711291302172	0.24	1.09845107901705	0.220076018373829	0.825811951517669		asRNA_552
asRNA_553	8.74026152369293	0.30	0.630727889509293	0.476721102328358	0.633560734120032	0.787787848425055	asRNA_553
asRNA_554	1.77005911821248	2.07	1.50096205653972	1.37671062546914	0.168601732317644		asRNA_554
asRNA_555	28.9488620906381	0.86	0.407363136804526	2.10890314471294	0.0349529427183868	0.110840767681164	asRNA_555
asRNA_556	0.752262653627788	-0.24	3.30606268780412	-0.0711525785517924	0.94327632253916		asRNA_556
asRNA_557	8.90595259738207	0.22	0.577269792309709	0.376900449043587	0.706247587707075	0.83469704582241	asRNA_557
asRNA_558	9.21476803914176	-0.94	0.613488073569311	-1.53340226177558	0.125176771812958	0.275255832323711	asRNA_558
asRNA_559	19.8262309938331	0.09	0.504086505888415	0.169244629873426	0.865604226530726	0.928857109803854	asRNA_559
asRNA_560	50.2453532028161	0.24	0.31712411418563	0.766601556795235	0.443318449590942	0.642567682690375	asRNA_560
asRNA_561	7.16104260834724	-0.34	0.757983791075116	-0.449098803031766	0.6533603838786	0.797669530464257	asRNA_561
asRNA_562	28.5551559110339	-0.10	0.364166570432386	-0.287767400582548	0.773524792843984	0.876419327103355	asRNA_562
asRNA_563	13.8370204162419	-0.26	0.524493324219457	-0.500997693321937	0.616372746310045	0.773696006100411	asRNA_563
asRNA_564	4.41952605935278	0.11	0.808744344758984	0.133995859301956	0.893405848706287		asRNA_564
asRNA_565	10.3219671621567	0.31	0.580458013146808	0.539055061011306	0.589848862571111	0.755841728321211	asRNA_565
asRNA_566	2.93003223133205	0.70	1.23167280050815	0.567297295791569	0.570512213988086		asRNA_566
asRNA_567	1.88597405280687	-2.46	1.81580489156986	-1.3574268842536	0.174645610784203		asRNA_567
asRNA_568	3.75973801454668	0.20	0.955303732346063	0.208934330105479	0.83449950399323		asRNA_568
asRNA_569	12.3838950135987	-0.15	0.614501496293297	-0.241570557249974	0.809112938373285	0.897774356141392	asRNA_569
asRNA_570	17.7871839210197	0.31	0.547927333422921	0.558890515895815	0.576236442448715	0.746631811788947	asRNA_570
asRNA_571	29.481445665486	0.58	0.452425695659979	1.27442044288374	0.202514451161288	0.380585237224589	asRNA_571
asRNA_572	1.79826846718794	-0.49	1.52936991565545	-0.318469958380496	0.750128479049813		asRNA_572
asRNA_573	11.7197080103131	1.34	0.609362177620001	2.20212824662537	0.0276562507200988	0.0941157486314996	asRNA_573
asRNA_574	27.5054026407289	1.19	0.388234109149905	3.05455717141861	0.00225393050619988	0.0133757843154813	asRNA_574
asRNA_575	3.02692923641238	-0.56	1.03842386508342	-0.536914221022901	0.591326867333402		asRNA_575
asRNA_576	13.4779322929988	-0.00	0.524836131506457	-0.00544753369792397	0.995653518465409	0.997030632598832	asRNA_576
asRNA_577	57.5384790568283	0.19	0.346968485589803	0.541478926790511	0.588177518799176	0.754702444366716	asRNA_577
asRNA_578	3.42431766845105	-1.19	1.27592988893686	-0.933085060774009	0.350776051836185		asRNA_578
asRNA_579	9.27001910931724	1.68	0.640721020165259	2.6258885215119	0.00864231165945089	0.0379871268076238	asRNA_579
asRNA_580	22.6944798357989	0.28	0.453570828926353	0.627088239459016	0.530601395727926	0.7120582215144	asRNA_580
asRNA_581	3.75652303741109	0.77	1.14125619424392	0.676148091866043	0.498946625446203		asRNA_581
asRNA_582	1.3788199966764	1.39	1.73285656841318	0.801292172854397	0.422962521081281		asRNA_582
asRNA_583	69.9182067248306	0.48	0.293624596796219	1.63022341020543	0.103054287905551	0.239138796293651	asRNA_583
asRNA_584	7.52257928740601	1.78	0.747372815017556	2.38464151962763	0.0170957711425269	0.0647181087957619	asRNA_584
asRNA_585	1.9896392815561	0.90	1.47168087618101	0.612589015162372	0.540148123389462		asRNA_585
asRNA_586	3.68616836831243	1.54	1.36198102558312	1.12918334130061	0.258820499647416		asRNA_586
asRNA_587	1.67633724826974	-4.19	1.86544647641038	-2.24753749531814	0.024605697085602		asRNA_587
asRNA_588	9.41801344591638	-1.50	0.71910210694825	-2.07920528566458	0.0375984860511049	0.116330358551282	asRNA_588
asRNA_589	23.5587974144598	0.66	0.400562655803207	1.64780790405708	0.0993920965681048	0.232720816664843	asRNA_589
asRNA_590	4.9556201501612	-0.57	0.886990903776566	-0.643091600444836	0.520164664434969		asRNA_590
asRNA_591	2.38430514933078	-0.43	1.36359886689924	-0.312396184131545	0.754739449990851		asRNA_591
asRNA_592	11.4404654914624	-0.32	0.589949838054239	-0.544469749842026	0.586118259332282	0.753729342374018	asRNA_592
asRNA_593	7.95676361913075	-0.73	0.865910700079386	-0.843658239729381	0.398860409606501	0.60099538793516	asRNA_593
asRNA_594	0.257634474348761	1.04	7.27070186794958	0.142353083184378	0.886801119089449		asRNA_594
asRNA_595	44.3714898948528	0.80	0.377536816343552	2.13188383050553	0.0330163977958376	0.106121518331571	asRNA_595
asRNA_596	14.3257231269752	1.21	0.496743993629614	2.43444131501462	0.0149147981653013	0.0582904932344299	asRNA_596
asRNA_597	5.02773090837334	-0.13	0.845242483916452	-0.153130570420946	0.878295308464141	0.93176575616742	asRNA_597
asRNA_598	1.26784950976765	-0.27	2.10049545783385	-0.129478643731918	0.896978922528188		asRNA_598
asRNA_599	1.37579532694535	-0.18	1.59313045292846	-0.114215477344193	0.909066983051295		asRNA_599
asRNA_600	2.60073912156349	2.19	1.36401843809246	1.60681931526218	0.108094009865782		asRNA_600
asRNA_601	14.5646180128362	1.03	0.54076825999264	1.91272254132899	0.0557835818874318	0.155037670965454	asRNA_601
asRNA_602	12.7562250461546	1.58	0.560914904829629	2.80904325543976	0.00496889699445002	0.0244302755019373	asRNA_602
asRNA_603	0.800775476837502	-0.20	1.90201067863303	-0.103531410791102	0.917541221227969		asRNA_603
asRNA_604	0.688221103395597	2.77	3.39004495385017	0.815914353502356	0.41454912217236		asRNA_604
asRNA_605	0.724966327410325	2.84	2.64389130399468	1.07432884602815	0.282675320796953		asRNA_605
asRNA_606	7.37078065589984	0.21	0.645211281296263	0.332953257619722	0.73916956692848	0.852503013072433	asRNA_606
asRNA_607	2.9813951155555	-1.57	1.14949137539257	-1.36366886340097	0.172671807912444		asRNA_607
asRNA_608	10.6064772475997	-0.06	0.587872958722938	-0.105432588631072	0.916032558173651	0.953569478242593	asRNA_608
asRNA_609	22.9463028573639	0.57	0.476187874338593	1.20308276135293	0.228944295592531	0.415427744383439	asRNA_609
asRNA_610	3.26632587341727	0.61	1.00739281179694	0.60886148614214	0.542616254358556		asRNA_610
asRNA_611	1.60801763192379	-0.09	1.54457670787634	-0.0614068745823293	0.951035177569049		asRNA_611
asRNA_612	1.62581017410076	0.14	1.6467930496182	0.0876484461760365	0.930156095834836		asRNA_612
asRNA_613	4.15812256093209	-0.80	1.07705733806734	-0.740423382277824	0.459043135284648		asRNA_613
asRNA_614	9.60922330420529	1.48	0.741722793074903	2.00070876860156	0.0454237839185125	0.132741955830487	asRNA_614
asRNA_615	1.7341669563926	-2.40	1.95758935329747	-1.22505263155338	0.220555390827306		asRNA_615
asRNA_616	0.721037635164592	-1.55	2.95341599876642	-0.523306011956816	0.60076131796379		asRNA_616
asRNA_617	2.02921910230931	0.19	1.4859931573028	0.129992850347918	0.896572083289762		asRNA_617
asRNA_618	96.1067364387257	-0.71	0.287012501084218	-2.4815391929956	0.0130816323388363	0.0521106014487895	asRNA_618
asRNA_619	11.166103208988	-0.57	0.576331260736856	-0.99732707319638	0.318605776700335	0.522197057141746	asRNA_619
asRNA_620	1.63597758014741	-1.35	1.60707760831116	-0.839416293840562	0.401235743567785		asRNA_620
asRNA_621	1.5005651237767	0.02	1.37452706218308	0.016265966919433	0.987022208411961		asRNA_621
asRNA_622	2.36437289544574	0.99	1.30343207252076	0.760080320264267	0.447206575319371		asRNA_622
asRNA_623	28.1541423902661	0.43	0.383823461293272	1.11573567934397	0.264535293288634	0.458464517871864	asRNA_623
asRNA_624	41.0112139002172	-1.25	0.354930191341696	-3.53020352989946	0.000415240099745098	0.0034456599680854	asRNA_624
asRNA_625	6.77297752146273	-0.64	0.943583636235881	-0.673026614462354	0.500930359182108	0.687855866540856	asRNA_625
asRNA_626	27.5315791715487	-0.41	0.366135043806753	-1.12824084614033	0.259218217939793	0.45086844393612	asRNA_626
asRNA_627	36.4527486857776	0.51	0.344401751353115	1.49117124650098	0.135916540693266	0.290733862578501	asRNA_627
asRNA_628	1.35519079222583	1.27	2.38978310597063	0.530364387111843	0.595859312690092		asRNA_628
asRNA_629	3.65054108349615	2.21	1.03336970286224	2.13951160374211	0.032394257172486		asRNA_629
asRNA_630	4.02408432515897	1.95	1.05396251418814	1.84984013848038	0.0643365937991973		asRNA_630
asRNA_631	0.296454221853793	1.38	5.74830816232345	0.239571631767513	0.810662358954019		asRNA_631
asRNA_632	3.98797887932393	0.18	0.836535336015026	0.211737696654832	0.832311677134694		asRNA_632
asRNA_633	20.6163235053274	1.08	0.513691695697508	2.10821461113187	0.0350124300000304	0.110840767681164	asRNA_633
asRNA_634	42.4282164952057	-2.17	0.447088987818714	-4.85833282438612	1.18378299375375e-06	2.44873967850775e-05	asRNA_634
asRNA_635	1.20057574249806	2.58	2.54113496295616	1.01672700161946	0.309283316928773		asRNA_635
asRNA_636	0.558257942224483	2.84	2.66842047975729	1.06438787793453	0.287153022915241		asRNA_636
asRNA_637	6.12415169042884	-2.95	1.67207720472036	-1.76694409540372	0.0772375912490122	0.192877720192604	asRNA_637
asRNA_638	8.40203219888905	0.28	0.786876098174104	0.358543142293397	0.719936888018728	0.840764177708347	asRNA_638
asRNA_639	8.44051771256063	1.47	0.680316660557592	2.15819480058028	0.0309126894879734	0.101208016848278	asRNA_639
asRNA_640	11.5465516060596	-1.27	0.585826724643891	-2.16302087663049	0.0305395739609609	0.100275063708552	asRNA_640
asRNA_641	1.59474720803447	1.56	1.66527362522179	0.939576638102413	0.347434764234848		asRNA_641
asRNA_642	7.14964690693207	0.14	0.681432471970179	0.212243259074205	0.831917259565991	0.909919855516198	asRNA_642
asRNA_643	2.35838632515919	-0.38	1.18133053887722	-0.324564244726767	0.745510891911612		asRNA_643
asRNA_644	1.89627642739794	-0.09	1.72406970486306	-0.0526799132595629	0.95798694369565		asRNA_644
asRNA_645	2.67238902314787	-0.13	1.10994679854917	-0.113305030650397	0.90978872904444		asRNA_645
asRNA_646	0.709188863929547	2.78	2.68847169903985	1.03339206967974	0.301420456169807		asRNA_646
asRNA_647	2.95442631091334	-0.49	1.35802989069385	-0.364306409766701	0.715629213975284		asRNA_647
asRNA_648	22.0786410039098	0.72	0.432602862209537	1.67095358555779	0.0947308459799508	0.224317685983596	asRNA_648
asRNA_649	7.65814908652872	0.83	0.647514831909724	1.28218177903333	0.199778886485877	0.376911827532964	asRNA_649
asRNA_650	1.36555389016995	-1.50	1.73954471426501	-0.864909466299982	0.387088481458056		asRNA_650
asRNA_651	9.786943325098	1.34	0.69501900790383	1.92231116886855	0.0545666154661021	0.15253370500949	asRNA_651
asRNA_652	0.709264176297913	-0.82	2.260850352456	-0.362285299959257	0.717138842077704		asRNA_652
asRNA_653	0.512483234250231	-0.17	3.0347727051948	-0.0564360589035584	0.954994431866801		asRNA_653
asRNA_654	12.4909189926605	0.13	0.537572808388252	0.250118389563618	0.80249579505002	0.893856854794176	asRNA_654
asRNA_655	3.7369108929111	0.32	1.05768011632136	0.300502677299716	0.76379375455358		asRNA_655
asRNA_656	0.942403777588222	-0.70	1.91700370853485	-0.362772841696913	0.716774580992477		asRNA_656
asRNA_657	0.715003216420664	2.77	2.85029358996052	0.973380202087325	0.330364374837354		asRNA_657
asRNA_658	9.88148351138985	1.28	0.61576450236954	2.08468527753427	0.0370978779116842	0.115397910238708	asRNA_658
asRNA_659	8.85800177359576	1.66	0.766951538522509	2.17016118523505	0.0299946373795415	0.0992736798298881	asRNA_659
asRNA_660	5.36742582378094	0.06	0.917437625966936	0.0626810051494895	0.950020523340799	0.976316336265066	asRNA_660
asRNA_661	0.841521935360323	-1.38	2.73579784543463	-0.503812418053684	0.614393200457191		asRNA_661
asRNA_662	18.5247835111605	0.43	0.550609230099761	0.788657074422191	0.430312462952231	0.629916551558937	asRNA_662
asRNA_663	14.8118282775832	-0.45	0.557083548057313	-0.801275390709889	0.422972234383339	0.622738988700635	asRNA_663
asRNA_664	5.00577857082334	1.31	0.874213638169533	1.50261603127266	0.132938086963491		asRNA_664
asRNA_665	1.98425615719923	0.61	1.33691927553863	0.456901238774783	0.647742033569392		asRNA_665
asRNA_666	12.4323250002226	-0.78	0.526257827041754	-1.47928904553716	0.139063079355022	0.295404587511077	asRNA_666
asRNA_667	1.93093661233011	1.36	1.4667513532229	0.926172886002634	0.354356140903852		asRNA_667
asRNA_668	1.31347728258362	1.27	2.41462270824678	0.524663093075415	0.599817418064165		asRNA_668
asRNA_669	20.052999893092	1.75	0.637198855647297	2.74538561451644	0.00604398330367714	0.0287018934134723	asRNA_669
asRNA_670	35.0554361377634	0.13	0.497679898133723	0.254805280268919	0.798873496795462	0.891452800783652	asRNA_670
asRNA_671	10.0461441654079	0.42	0.61692687428604	0.677042833853122	0.498378777709722	0.686307627316859	asRNA_671
asRNA_672	0.106531555055844	1.25	7.35216626060926	0.169559167496506	0.865356837074943		asRNA_672
asRNA_673	8.96213509263196	-0.22	0.703229404416414	-0.306787487876537	0.759005132551097	0.867161426963456	asRNA_673
asRNA_674	7.33648218688284	0.48	0.686208575926503	0.7002868138692	0.48374820491048	0.67417459163655	asRNA_674
asRNA_675	6.86692634067224	1.44	0.782077103715324	1.84048536736096	0.0656970105894998	0.1739109165148	asRNA_675
asRNA_676	9.6563397754397	-0.31	0.711349824375756	-0.429228959104194	0.667756610244664	0.807733756064058	asRNA_676
asRNA_677	10.6511606885299	0.43	0.603661107599748	0.710143460355875	0.477615177993246	0.670792218946867	asRNA_677
asRNA_678	18.4577537575392	0.87	0.439565994261758	1.97549501761746	0.048211999470003	0.13892731389565	asRNA_678
asRNA_679	2.52167212086897	1.81	1.26831227706415	1.4254935273266	0.154014589808127		asRNA_679
asRNA_680	0.324867939320569	-1.79	4.39822524649703	-0.406606427755597	0.684297075535466		asRNA_680
asRNA_681	4.5717179414934	1.65	0.871288033820836	1.89125130590343	0.0585908054790582		asRNA_681
asRNA_682	6.78798585074664	0.17	0.796272906464459	0.219759307777985	0.826058612576828	0.906295722919652	asRNA_682
asRNA_683	0.912528400785513	-0.75	1.90396646397054	-0.39486708636256	0.692940981557362		asRNA_683
asRNA_684	4.59601049393017	0.38	0.889482634331099	0.426217282280647	0.669949525471566		asRNA_684
asRNA_685	12.8161180498893	1.25	0.576786209353404	2.16323488051493	0.0305231187580874	0.100275063708552	asRNA_685
asRNA_686	11.8296737323045	-0.04	0.545905322674332	-0.0791961489789902	0.936876607642886	0.966926106818888	asRNA_686
asRNA_687	1.19968396151468	0.23	1.73568439039848	0.13234794260201	0.894709088147403		asRNA_687
asRNA_688	1.03798513290576	-0.16	1.9138907452335	-0.0818900530582868	0.934734144382309		asRNA_688
asRNA_689	0.696275543336023	1.37	2.47691727462353	0.554485131427407	0.579246878567983		asRNA_689
asRNA_690	12.7974403990955	2.06	0.595572888525025	3.454316421424	0.000551689671166651	0.00431808996675303	asRNA_690
asRNA_691	27.4215055673539	0.76	0.361728880823738	2.10808503891468	0.0350236343175272	0.110840767681164	asRNA_691
asRNA_692	9.25806667974118	0.44	0.668869255461423	0.660198392678876	0.509126523619173	0.695158138802982	asRNA_692
asRNA_693	11.7091670784384	0.50	0.614671617555746	0.816766765055254	0.414061728510852	0.613990151442615	asRNA_693
asRNA_694	1.12910267394443	-0.03	1.97351153917102	-0.0168198183172302	0.986580359402275		asRNA_694
asRNA_695	3.55140963938076	1.83	1.14484258744063	1.59986063858859	0.10962950301424		asRNA_695
asRNA_696	4.67703267374405	-0.70	1.01688836865239	-0.688547934981943	0.491107795053832		asRNA_696
asRNA_697	4.89412547680448	0.57	0.848612648959175	0.669103897706088	0.503429203793967		asRNA_697
asRNA_698	3.20050641177671	-3.95	1.90005743225232	-2.07728206952255	0.0377755329928084		asRNA_698
asRNA_699	0.335562987060155	1.37	4.87674305074768	0.280611933028866	0.779008062415784		asRNA_699
asRNA_700	7.5024830553492	0.32	0.751439314716551	0.423713204682603	0.671774983895303	0.810608480566999	asRNA_700
asRNA_701	1.56596497122794	4.22	1.93007535962424	2.18626365858882	0.0287963212938628		asRNA_701
asRNA_702	0.770576751676428	3.24	2.83022486411299	1.14328912239478	0.252918569784363		asRNA_702
asRNA_703	2.78892831196304	1.09	1.15618587642203	0.94211861218122	0.346131916459373		asRNA_703
asRNA_704	22.8931214765901	0.67	0.610716792199177	1.0963333612389	0.272932914853629	0.469043402610549	asRNA_704
asRNA_705	9.74858978807447	-0.87	0.715781329104451	-1.21418403511335	0.224677455522972	0.409997423563029	asRNA_705
asRNA_706	3.17557546081159	1.71	1.35496722853127	1.25868770124238	0.208143155413206		asRNA_706
asRNA_707	3.78849852895532	1.36	0.941803696290638	1.43883216122389	0.150198081833491		asRNA_707
asRNA_708	1.86662900211098	0.31	1.26242737073166	0.243632988418119	0.807515076931829		asRNA_708
asRNA_709	9.31947061642215	-0.29	0.576298185301298	-0.503456744753904	0.614643184568203	0.773696006100411	asRNA_709
asRNA_710	0.872000982529065	1.79	2.13920927841249	0.836190308879669	0.403047849468583		asRNA_710
asRNA_711	3.83598369106172	2.00	1.05513540471481	1.89948115127851	0.0575012425648639		asRNA_711
asRNA_712	1.62111189436786	0.86	1.40048922526522	0.614204795259595	0.539080005016791		asRNA_712
asRNA_713	1.82059419063535	-0.59	1.52772098069485	-0.388678411881813	0.697514053963482		asRNA_713
asRNA_714	64.1338222426768	1.01	0.375693093149886	2.68174437945818	0.00732393991595868	0.033192691700495	asRNA_714
asRNA_715	5.54060825373787	0.36	0.83706644867931	0.425450678997845	0.670508168552174	0.810092472310011	asRNA_715
asRNA_716	2.55264563225274	-0.15	1.36346682809148	-0.109021851600806	0.913185158567468		asRNA_716
asRNA_717	8.0514368706178	-0.44	0.712125001383377	-0.621567631206456	0.534226210653313	0.714604667922399	asRNA_717
asRNA_718	0.150819966212362	0.00	7.3561311249555	0	1		asRNA_718
asRNA_719	1.45336752178262	-0.84	1.40972084475915	-0.598478039434052	0.549521007781384		asRNA_719
asRNA_720	7.90053564848345	-0.28	0.699862732177415	-0.398052251452861	0.690591670124534	0.821673572999445	asRNA_720
asRNA_721	5.02740528743275	0.99	0.958795297601795	1.03407811305566	0.30109964734477	0.499506904345698	asRNA_721
asRNA_722	4.02064420733428	1.32	1.01903649137762	1.29802774371342	0.194277801604474		asRNA_722
asRNA_723	3.90624152870909	1.75	0.971241361325269	1.80566871164882	0.0709701027398826		asRNA_723
asRNA_724	6.26356368261123	-0.51	0.69921866909019	-0.733633643049741	0.463172050824045	0.658491045255982	asRNA_724
asRNA_725	2.3074278166301	0.12	1.21924687495949	0.0996322705303884	0.920636273106707		asRNA_725
asRNA_726	1.24260405237261	1.33	1.7415930155198	0.76481756983505	0.444380183940253		asRNA_726
asRNA_727	1.31655012214714	-0.86	1.94776775616767	-0.443298721291045	0.657549680578209		asRNA_727
asRNA_728	1.65549909435169	-0.08	1.76558708694307	-0.0433177435070336	0.965448247224426		asRNA_728
asRNA_729	1.13219278037629	-3.20	1.95603212410507	-1.63849815998668	0.101317817570273		asRNA_729
asRNA_730	1.03662574872191	-0.47	1.74106895456222	-0.27023145349215	0.786982196136677		asRNA_730
asRNA_731	37.6045792565718	-0.15	0.346241942310291	-0.427770626524001	0.668818124311046	0.808387849751581	asRNA_731
asRNA_732	5.81190499611802	0.38	0.819881366667962	0.468716459251229	0.639272320496286	0.789480870003089	asRNA_732
asRNA_733	0.658476920424263	1.26	3.05790981499965	0.411141776628568	0.680968578280156		asRNA_733
asRNA_734	1.68400591959825	2.28	2.1772638137312	1.04830375039672	0.29449868227256		asRNA_734
asRNA_735	49.5111778622875	-0.30	0.309836714832704	-0.974863000502994	0.329628221380304	0.535091552195829	asRNA_735
asRNA_736	2.0140715204236	0.94	1.30951197560743	0.715333407374176	0.47440305031294		asRNA_736
asRNA_737	2.72728556958413	0.28	1.14105918696619	0.249311337057655	0.80311996244572		asRNA_737
asRNA_738	4.70731107017157	0.88	1.00870053074082	0.875003588781166	0.381571953016379		asRNA_738
asRNA_739	8.67657429572696	0.51	0.645786934000034	0.788879848634857	0.430182234587268	0.629916551558937	asRNA_739
asRNA_740	8.84416592024414	-0.88	0.804775787451522	-1.09078696066766	0.275366635355644	0.472218377723271	asRNA_740
asRNA_741	19.6482728284453	-0.30	0.4530398360902	-0.655369372292274	0.512229965894011	0.696624513266783	asRNA_741
asRNA_742	4.62464188956813	-0.62	0.93501154603389	-0.658516901951359	0.510206039913298		asRNA_742
asRNA_743	8.14265550975504	0.37	0.634756038616026	0.580839561490824	0.561348589094805	0.735595255212016	asRNA_743
asRNA_744	3.0964734164624	0.68	1.15764058446377	0.584954041885205	0.55857861935472		asRNA_744
asRNA_745	0.390572360356922	2.18	4.10855910333736	0.53066921128095	0.595648025199004		asRNA_745
asRNA_746	53.4797148237055	0.76	0.275918253888722	2.73882040621372	0.00616600457820266	0.0289412467722446	asRNA_746
asRNA_747	2.86690088416925	-1.21	1.29435792062731	-0.935311285898369	0.349627900759298		asRNA_747
asRNA_748	31.5728824084009	-1.27	0.381391260943592	-3.33720591440477	0.000846252262324115	0.00609638445694189	asRNA_748
asRNA_749	6.31944353890781	0.36	0.790596067797059	0.458193794346998	0.646813217874076	0.793647815928963	asRNA_749
asRNA_750	48.6263197520386	0.92	0.355830217616982	2.58358569749746	0.00977791721088911	0.0417652628948892	asRNA_750
asRNA_751	5.54578424583128	1.38	0.799122034848447	1.72832013940961	0.0839308443324278	0.206128625913214	asRNA_751
asRNA_752	7.59196897215568	0.63	0.884082617564656	0.716781676999173	0.473508819283814	0.669244285332321	asRNA_752
asRNA_753	1.40021498989608	2.67	1.83009655601512	1.45949103917484	0.144430005180009		asRNA_753
asRNA_754	1.78670872827068	0.51	1.39834108897674	0.366357871932999	0.71409805109437		asRNA_754
asRNA_755	5.52431465542812	-0.18	0.865337949945388	-0.206009855869627	0.836783212564198	0.912739805493754	asRNA_755
asRNA_756	19.7526719392011	0.65	0.408736381957523	1.59166280574271	0.111460489844438	0.252705388970493	asRNA_756
asRNA_757	2.63949940670883	0.80	1.5152366751309	0.528051118294865	0.597463856780835		asRNA_757
asRNA_758	1.072267225072	-0.03	2.0209999724823	-0.0133829730250911	0.989322251184452		asRNA_758
asRNA_759	9.53081873679506	0.71	0.570520246156421	1.23865655388834	0.215472714663103	0.397457950104679	asRNA_759
asRNA_760	1.95986137872371	0.08	1.35834038141244	0.0617831916833739	0.950735489006908		asRNA_760
asRNA_761	11.3675931526981	0.96	0.619829555125696	1.54659058533656	0.121962001366113	0.269825787590728	asRNA_761
asRNA_762	1.17658220151183	2.79	2.43526974810707	1.14416424153249	0.252555529672146		asRNA_762
asRNA_763	1.11747612405622	1.84	2.01467655808539	0.914947532471863	0.360219174950295		asRNA_763
asRNA_764	0.994003048249554	0.89	2.38311989287993	0.37273704593688	0.709344161506192		asRNA_764
asRNA_765	63.3322180764412	-0.12	0.333245188487473	-0.345555051364119	0.729677130976608	0.846273516743395	asRNA_765
asRNA_766	6.22328538446256	-0.40	0.828303233301437	-0.479541701764479	0.631553308728673	0.786657368635801	asRNA_766
asRNA_767	6.15456422882027	0.33	0.827131128267021	0.403763528651456	0.686386618313232	0.819242456900066	asRNA_767
asRNA_768	2.58283813058388	0.54	1.34441745231151	0.404053083171789	0.686173684519516		asRNA_768
asRNA_769	1.7823415961881	-0.69	1.25538771503924	-0.545907766362526	0.585129339545889		asRNA_769
asRNA_770	4.12075346026699	-0.78	1.29316421562758	-0.606527272954688	0.544164677591897		asRNA_770
asRNA_771	0.650797094048776	2.45	2.53292957816625	0.966889147559544	0.333599452397392		asRNA_771
asRNA_772	0.0661804039258738	0.00	7.35613112495549	0	1		asRNA_772
asRNA_773	5.70729076153684	-0.03	0.776506579017571	-0.0383197571990863	0.969432738387289	0.986810970252931	asRNA_773
asRNA_774	4.69396033653462	-0.48	0.806586861410627	-0.595144683933297	0.551746762156389		asRNA_774
asRNA_775	15.9202716749448	0.62	0.474979501718381	1.31110054193115	0.189823797709619	0.363883428465553	asRNA_775
asRNA_776	12.134886630733	1.06	0.600346764397366	1.77311852854402	0.0762090683523275	0.191630873237232	asRNA_776
asRNA_777	0						asRNA_777
asRNA_778	9.4784469709752	-0.44	0.777008400503461	-0.569984997177033	0.568687873780227	0.741479004304311	asRNA_778
asRNA_779	4.88352840389426	-0.52	0.930070456049515	-0.556333322401929	0.577983011460977		asRNA_779
asRNA_780	6.47985204520578	0.11	0.726373072336615	0.149280249080134	0.881332499587656	0.933554834969222	asRNA_780
asRNA_781	25.9504331348705	-0.60	0.401014508822136	-1.49164262549002	0.135792857456814	0.290733862578501	asRNA_781
asRNA_782	10.7210401623667	-0.46	0.647512937916313	-0.712039360946679	0.476440402514271	0.670117244138577	asRNA_782
asRNA_783	0.769144995585758	-0.75	2.21929813254116	-0.335860806807509	0.736975833562538		asRNA_783
asRNA_784	10.4444017462119	2.61	0.742821663965962	3.51733861281281	0.000435897329678267	0.00357608687464097	asRNA_784
asRNA_785	6.39611766501205	1.17	0.877491459466115	1.33827885300432	0.180805552707981	0.35307679072307	asRNA_785
asRNA_786	25.4793348544289	-1.55	0.389583182713065	-3.98756224383724	6.67556935477567e-05	0.0007581352490757	asRNA_786
asRNA_787	4.46436367111684	0.28	0.980551843744776	0.287304959093844	0.773878825851324		asRNA_787
asRNA_788	1.35795954548019	2.49	1.96521320912025	1.2687048422	0.204546354803266		asRNA_788
asRNA_789	0.508596355525654	2.29	3.46179317073804	0.660383410391631	0.509007815443699		asRNA_789
asRNA_790	28.570896311806	1.45	0.433134196269568	3.35084446664782	0.000805655386568029	0.00588688321298739	asRNA_790
asRNA_791	13.6026029256523	1.45	0.635576659392214	2.28076597405504	0.0225622988425725	0.0800740409903063	asRNA_791
asRNA_792	34.6135075559056	0.43	0.3307337414219	1.30488950433793	0.191930475639473	0.366401224424466	asRNA_792
asRNA_793	6.20277375770091	-0.68	0.849027743107302	-0.803714216819926	0.421562041593835	0.621034864663718	asRNA_793
asRNA_794	0.867612747989335	-0.01	2.20542125982901	-0.0028647502535785	0.997714263128543		asRNA_794
asRNA_795	5.01608732978661	-0.24	0.876238002903999	-0.270952389945486	0.786427650209421	0.883729805661002	asRNA_795
asRNA_796	7.17916494567811	-0.29	0.743660561024695	-0.396432559210981	0.691785950667582	0.822418765654071	asRNA_796
asRNA_797	0.496029932238066	-2.95	3.73733176369954	-0.78870088169727	0.430286852481433		asRNA_797
asRNA_798	1.81289728401368	1.81	2.06664383421619	0.873656498942083	0.382305347685296		asRNA_798
asRNA_799	3.9477581950116	0.26	1.27947082225786	0.205251748465055	0.837375440555575		asRNA_799
asRNA_800	7.19639852260504	0.04	0.655774681290431	0.0678346959754463	0.94591722396836	0.973481265320672	asRNA_800
asRNA_801	24.6698634145101	-0.60	0.409985581592279	-1.45617032964707	0.145345539420637	0.30151911329668	asRNA_801
asRNA_802	2.90920111533018	-0.24	1.25272640386742	-0.188358426235232	0.850595687386449		asRNA_802
asRNA_803	5.79314760125339	4.40	1.49950814385068	2.93333934837314	0.00335337148038368	0.017984007050354	asRNA_803
asRNA_804	2.99365817795293	2.02	1.33035185395166	1.51814102086504	0.128978851959825		asRNA_804
asRNA_805	0.754323052140706	0.39	2.36846418235153	0.16481716253473	0.869087895036823		asRNA_805
asRNA_806	4.70231840010171	0.24	0.861524406021374	0.277320848693511	0.781533752189803		asRNA_806
asRNA_807	1.29555443373658	-0.70	1.77028167585938	-0.395197399752767	0.692697211528036		asRNA_807
asRNA_808	6.79402704313265	0.02	0.852081772346766	0.0248984324095759	0.98013597760372	0.989092198282919	asRNA_808
asRNA_809	17.22765920605	0.80	0.495795225838298	1.60523197389864	0.108442763385313	0.247673693031442	asRNA_809
asRNA_810	7.50521215679803	0.99	0.700973918068223	1.41209786016822	0.157921148744596	0.319817934800244	asRNA_810
asRNA_811	0.904263641529795	-1.04	2.30087435502209	-0.451115869600846	0.651906040565548		asRNA_811
asRNA_812	0.591627978299795	-1.77	3.86431474473202	-0.456936154282731	0.647716936467324		asRNA_812
asRNA_813	0.419411027872645	2.91	4.38423221147137	0.663389148614257	0.507081353915835		asRNA_813
asRNA_814	63.2196980562624	0.34	0.305666259671753	1.1003323119299	0.271187358600887	0.46691949495135	asRNA_814
asRNA_815	0.81138445513398	3.84	2.36046873016124	1.62609156611443	0.103930177908824		asRNA_815
asRNA_816	3.03649036612925	0.50	1.22747614643081	0.409039964011857	0.682510333247124		asRNA_816
asRNA_817	65.5195835612761	-0.93	0.278922372244355	-3.33558985208381	0.000851186420793826	0.00610376718111691	asRNA_817
asRNA_818	0.966858357384349	2.28	2.27030705717393	1.00558842958784	0.314613591988699		asRNA_818
asRNA_819	5.23712994582069	0.29	0.776726886350201	0.373571550324373	0.708723103454848	0.83469704582241	asRNA_819
asRNA_820	16.2693721172735	0.40	0.503962575783106	0.787243761572333	0.431139184098958	0.630595493510394	asRNA_820
asRNA_821	11.8969674069273	0.77	0.63412358829894	1.21352215124997	0.224930250577089	0.410200255460485	asRNA_821
asRNA_822	2.33643298210208	1.44	1.89114442719656	0.760797931042471	0.446777770376537		asRNA_822
asRNA_823	5.45361830347775	2.93	1.20583757342909	2.42895088687632	0.0151425834317429	0.0587053836925402	asRNA_823
asRNA_824	45.2576593204646	0.86	0.402890474162453	2.13404237646857	0.0328393121226507	0.105904953126054	asRNA_824
asRNA_825	1.47880243677792	1.23	1.56208543272632	0.787925169333235	0.430740477865109		asRNA_825
asRNA_826	31.2798078764933	0.07	0.658207546914515	0.106706515673882	0.915021813363556	0.953569478242593	asRNA_826
asRNA_827	8.22670033701998	-0.04	0.762100884097071	-0.0568246794008793	0.954684854379431	0.9787549586215	asRNA_827
asRNA_828	19.930894632919	0.29	0.462931282276177	0.615837658634965	0.538001670033733	0.717407967417356	asRNA_828
asRNA_829	9.6736501181451	0.78	0.68674285250384	1.13327809790189	0.257097486393655	0.44906774462969	asRNA_829
asRNA_830	4.24969802379488	0.37	0.980723170288865	0.378205116343343	0.705278224974158		asRNA_830
asRNA_831	1.87622419451107	-1.69	1.89337839017495	-0.894313011978939	0.371154439921908		asRNA_831
asRNA_832	8.57708126390894	-0.39	0.739966353401605	-0.531502378705543	0.595070693379903	0.759359440171651	asRNA_832
asRNA_833	7.46881736035493	1.28	0.699825026595136	1.83225200683098	0.066913883802326	0.175527724177116	asRNA_833
asRNA_834	14.4308089627447	0.28	0.546104949711334	0.516682597960958	0.605377745851133	0.767883918371992	asRNA_834
asRNA_835	6.65461824111224	1.47	0.797312837422311	1.8381231924732	0.0660442543873071	0.17446298235341	asRNA_835
asRNA_836	4.21538312769051	0.27	1.09577237487349	0.243773338992496	0.807406369906135		asRNA_836
asRNA_837	24.1890004664158	-0.44	0.422312452329491	-1.03705257647575	0.299711354890049	0.499506904345698	asRNA_837
asRNA_838	15.078875492246	0.08	0.478315102894791	0.170509165290101	0.864609727049506	0.928857109803854	asRNA_838
asRNA_839	7.8848102837343	0.86	0.684453087729704	1.25331231423465	0.210092068655973	0.391271145226815	asRNA_839
asRNA_840	8.14074128085815	1.71	0.721157845687773	2.36856219194902	0.0178573778271734	0.0668328291923943	asRNA_840
asRNA_841	5.3068886470082	0.45	0.785177207599639	0.569250931408681	0.569185861265545	0.741503488180395	asRNA_841
asRNA_842	5.86008792126156	1.29	0.870202137674478	1.48404411927343	0.137797216427495	0.293859159627413	asRNA_842
asRNA_843	4.74549004883998	-0.85	0.920626983819497	-0.928208464588605	0.353299444496202		asRNA_843
asRNA_844	11.6863200493321	1.04	0.658659769262824	1.5817920042438	0.113697060947631	0.256008694531152	asRNA_844
asRNA_845	2.09464006780534	1.44	1.31463605722602	1.09814130161785	0.272142792857867		asRNA_845
asRNA_846	0.421673473499657	-1.53	3.80577218400769	-0.403080051465689	0.686889335288229		asRNA_846
asRNA_847	5.09025015073257	-0.48	0.8285928922434	-0.58410880467759	0.559147111469224	0.733374109970504	asRNA_847
asRNA_848	6.98011552360685	1.15	0.829117118639696	1.38520408895763	0.165990070765485	0.33152223788748	asRNA_848
asRNA_849	7.55650264703969	-0.58	0.786723973208445	-0.738162172845254	0.460415906473751	0.656829785787184	asRNA_849
asRNA_850	0.655560768652326	1.28	2.86828409237595	0.446760073325471	0.655048302180739		asRNA_850
asRNA_851	0.33651557046669	0.64	4.76352958964011	0.135057893899308	0.892566100880171		asRNA_851
asRNA_852	2.11849666297201	1.87	1.79001142988606	1.04333379029272	0.296793726481167		asRNA_852
asRNA_853	4.54172844095458	0.48	0.911976102255238	0.525613191146309	0.599156989609751		asRNA_853
asRNA_854	3.83672811919272	-0.69	1.16698650783276	-0.593077261101717	0.553129447391429		asRNA_854
asRNA_855	172.311597326178	0.39	0.217218719538229	1.81206462517836	0.0699762115216293	0.181262172242074	asRNA_855
asRNA_856	16.0859370162174	-0.09	0.560350919414934	-0.163792709374558	0.869894331243737	0.928857109803854	asRNA_856
asRNA_857	4.03872849935996	-0.96	0.845945700651828	-1.12975420492893	0.258579809803983		asRNA_857
asRNA_858	1.65025205612689	2.81	1.97733295469294	1.42248956721021	0.154884178043032		asRNA_858
asRNA_859	3.52804924472717	0.71	1.0362626882824	0.681594082997778	0.495495657450072		asRNA_859
asRNA_860	2.8147822388792	0.09	1.34072514194436	0.0663352201100366	0.947110943372303		asRNA_860
asRNA_861	22.5349533338819	0.21	0.471828284844732	0.448745495677558	0.653615260977791	0.797669530464257	asRNA_861
asRNA_862	1.31129748440492	-0.45	1.76199050417731	-0.255958701312094	0.797982726810434		asRNA_862
asRNA_863	4.17677126984471	-0.44	1.07959790974756	-0.405011808235646	0.685468831210503		asRNA_863
asRNA_864	1.90745931488569	1.53	1.6146056111012	0.950311783086089	0.341953853445775		asRNA_864
asRNA_865	3.3850659985537	-1.87	1.04482936904541	-1.78984634393127	0.0734786165778336		asRNA_865
asRNA_866	0.771195721859241	0.37	2.51534470615689	0.145407632347297	0.884389038967937		asRNA_866
asRNA_867	0.750744941275178	2.77	3.01882755650188	0.917972770268823	0.358633121727169		asRNA_867
asRNA_868	3.33744701046811	-2.47	1.22372664869089	-2.0168987025288	0.0437060855121197		asRNA_868
asRNA_869	1.0396264432384	-1.64	2.36741155078123	-0.693652579540685	0.487900111249251		asRNA_869
asRNA_870	35.1625894678266	-0.15	0.341386008732253	-0.440107779461858	0.659859047766768	0.802246768401578	asRNA_870
asRNA_871	11.3235893203684	0.24	0.58984025982448	0.407051592340792	0.683970095934393	0.817489640043748	asRNA_871
asRNA_872	81.6562749835353	-0.20	0.339586088294424	-0.589697439904496	0.555393511885126	0.730330868221303	asRNA_872
asRNA_873	4.69523987970522	1.45	1.01365829693862	1.43021869624743	0.152654261074437		asRNA_873
asRNA_874	2.9256164073921	0.31	1.18498505387349	0.260052473699273	0.794823297406351		asRNA_874
asRNA_875	6.87208495258376	0.61	0.850472124887793	0.714323540422096	0.475027139086501	0.669755888410178	asRNA_875
asRNA_876	0.552289323826364	1.34	3.52518762166774	0.381250202630985	0.703017600689555		asRNA_876
asRNA_877	9.56706060905776	2.03	0.819384493847319	2.48345214514807	0.0130115815861005	0.0519745383080648	asRNA_877
asRNA_878	2.31572446840092	2.43	1.66526752090511	1.45858580363038	0.144679143266828		asRNA_878
asRNA_879	3.62900564023721	1.40	1.4014335284964	1.00180129857316	0.316439569937578		asRNA_879
asRNA_880	3.46428179173283	-0.55	1.03548740540515	-0.531850248183144	0.594829717670475		asRNA_880
asRNA_881	2.85976618289819	0.61	1.35837204963585	0.445738848716362	0.655785898812042		asRNA_881
asRNA_882	4.96149798406016	0.68	0.934526775078958	0.732402136557309	0.46392315510199		asRNA_882
asRNA_883	0.831374209414227	-1.03	2.16902933113447	-0.475329040226574	0.634552463337654		asRNA_883
asRNA_884	9.51069130392455	0.44	0.679223395248237	0.64336775033207	0.519985504262169	0.703024285874529	asRNA_884
asRNA_885	6.3307030029894	1.26	0.884401464959403	1.42671534893419	0.153661959605736	0.313383827477613	asRNA_885
asRNA_886	4.74589169424404	0.73	1.01325876962378	0.716596395271023	0.473623169359343		asRNA_886
asRNA_887	15.0319165898949	-0.23	0.554078471609221	-0.409678652398387	0.682041691885282	0.81600783495541	asRNA_887
asRNA_888	2.19340983783125	-0.61	1.78240551523182	-0.341209097041794	0.732946175345386		asRNA_888
asRNA_889	3.70191820350119	1.23	1.01794043909764	1.20901619202112	0.226656624711934		asRNA_889
asRNA_890	11.4212828789439	0.81	0.577130507650978	1.4108246636448	0.158296320236156	0.320353699094274	asRNA_890
asRNA_891	4.3587629160957	1.29	0.96759818503367	1.33389847406727	0.182237131739042		asRNA_891
asRNA_892	0.90968353401427	2.84	2.36431967751381	1.20244139154272	0.229192560553366		asRNA_892
asRNA_893	17.2726675115521	0.24	0.57333055459348	0.420551427415409	0.674082668658104	0.811808533951301	asRNA_893
asRNA_894	28.7447640501892	-0.50	0.341838424498815	-1.46826086737531	0.142033376283712	0.29806424472292	asRNA_894
asRNA_895	1.6881102143995	2.77	1.81832030208504	1.52587601585844	0.127040744809486		asRNA_895
asRNA_896	2.84706870868665	-3.14	1.47788647452043	-2.12139595015743	0.0338884957908058		asRNA_896
asRNA_897	11.511709734269	1.66	0.725203652148648	2.28603308039896	0.0222523233532154	0.0791979696268329	asRNA_897
asRNA_898	29.4869493036606	-0.13	0.36874882538741	-0.354936191672499	0.722637394365546	0.84263809181513	asRNA_898
asRNA_899	34.5578412993711	-0.04	0.383161160439577	-0.0925366322641154	0.926271687728762	0.962153087396877	asRNA_899
asRNA_900	37.5107498839608	0.56	0.407144902485131	1.36626756835489	0.171854996466156	0.340185967030751	asRNA_900
asRNA_901	8.76367671709428	-0.06	0.643954185951433	-0.0917264511698311	0.926915380987042	0.962476494563813	asRNA_901
asRNA_902	1.52575959537549	1.84	1.92323190949845	0.95802546796224	0.338049916370558		asRNA_902
asRNA_903	3.88914513407798	-0.80	0.958626321197164	-0.832093414543692	0.405356218710903		asRNA_903
asRNA_904	14.9701440651827	2.73	0.756545351857361	3.60250849013296	0.000315161103437794	0.00280832786324877	asRNA_904
asRNA_905	4.85149936538668	1.06	0.839035040152733	1.26126605483405	0.207213006890752		asRNA_905
asRNA_906	0.679385675242107	-1.55	2.75306247256586	-0.563102711560824	0.573364945186726		asRNA_906
asRNA_907	2.64455820146672	1.22	1.27098034818001	0.958423535001807	0.337849232280297		asRNA_907
asRNA_908	16.5942933039889	0.90	0.497256028543633	1.81544139275257	0.0694561048447696	0.180560933240981	asRNA_908
asRNA_909	3.28592543861487	-0.23	1.04837676215524	-0.223579375441627	0.823084613444913		asRNA_909
asRNA_910	2.33591106363826	-0.42	1.39963961527775	-0.303028146675193	0.761868411501762		asRNA_910
asRNA_911	1.78513063601686	3.85	1.80835456847795	2.12716722620777	0.0334061911849371		asRNA_911
asRNA_912	5.90636803513128	0.81	0.955041269623687	0.843612780598496	0.398885820092167	0.60099538793516	asRNA_912
asRNA_913	6.89214800173239	1.59	0.802130452040426	1.98334625880112	0.0473287656021067	0.137201306490191	asRNA_913
asRNA_914	1.82035432610682	2.82	1.73916598999919	1.62370569423649	0.104438635168925		asRNA_914
asRNA_915	12.2489563321062	0.15	0.635805064545177	0.231891458578753	0.816622318795513	0.902310553740454	asRNA_915
asRNA_916	16.2434004688386	-0.25	0.528280154424014	-0.466114392462293	0.64113362182983	0.79009488034859	asRNA_916
asRNA_917	164.889800502142	-0.46	0.206599009797018	-2.21372631017358	0.0268476119043792	0.0917953767120214	asRNA_917
asRNA_918	0.591846803569848	-0.34	2.64004474278303	-0.129566365349584	0.89690951544177		asRNA_918
asRNA_919	3.51210940410327	0.01	1.09620314194752	0.0064637151773477	0.994842737365999		asRNA_919
asRNA_920	18.3300639294168	0.08	0.475119775223318	0.167571429327941	0.866920449421428	0.928857109803854	asRNA_920
asRNA_921	6.52584502821648	2.19	0.804528475442737	2.72557539857385	0.00641895137869515	0.0298863073837639	asRNA_921
asRNA_922	1.73882389617322	-0.61	1.74571672741549	-0.351737232666472	0.725035335010444		asRNA_922
asRNA_923	0.476876964486998	-1.12	3.29730009534371	-0.338422960404891	0.735044473918053		asRNA_923
asRNA_924	85.8934847687194	-0.00	0.329293707278111	-0.00347247392189604	0.997229372238003	0.99826348496414	asRNA_924
asRNA_925	4.89761390333074	-0.03	0.925764925967971	-0.0278227534284428	0.977803518374179		asRNA_925
asRNA_926	6.48058774889227	-0.88	0.683759046391045	-1.28726554068124	0.198001749958989	0.37453498881857	asRNA_926
asRNA_927	3.76207099277391	-0.97	0.942619735584227	-1.02801909159589	0.303940847194908		asRNA_927
asRNA_928	6.82246629774316	-0.45	0.721509263216728	-0.629012623924413	0.529340791641286	0.710935427270919	asRNA_928
asRNA_929	3.53650010487651	0.87	1.05618659933329	0.826949323036851	0.40826578558227		asRNA_929
asRNA_930	2.63365888699988	0.56	1.38865080560103	0.402989945484618	0.686955621147277		asRNA_930
asRNA_931	9.04921053257819	0.03	0.735675843660899	0.0458344267246168	0.963442219076341	0.983478557083216	asRNA_931
asRNA_932	193.589485914473	0.89	0.251376930986748	3.52323257347402	0.000426317083416703	0.00351741958283411	asRNA_932
asRNA_933	4.47936286476812	-0.22	0.834245349067091	-0.264201957628259	0.791624302679226		asRNA_933
asRNA_934	1.86585550390015	0.26	1.45181272541384	0.181563325459703	0.855925432440719		asRNA_934
asRNA_935	0.726723070538345	-0.40	2.32055129296422	-0.171433286673587	0.863883083202676		asRNA_935
asRNA_936	2.24238808998777	-0.75	1.59413332575009	-0.469797218684216	0.638499901711223		asRNA_936
asRNA_937	0.506883928022707	-1.53	3.9296272125726	-0.390117606856872	0.69644958390095		asRNA_937
asRNA_938	40.9116720971137	0.11	0.355448329724987	0.301150723885649	0.763299563166605	0.869204262775052	asRNA_938
asRNA_939	18.3813674976527	-0.87	0.547956576062897	-1.58524631061685	0.112910382258834	0.254465733090727	asRNA_939
asRNA_940	5.58119963373999	-0.96	0.65978438011056	-1.46072673160436	0.144090449987287	0.300638287581545	asRNA_940
asRNA_941	9.76222701044568	-0.06	0.55920448948315	-0.103521230999624	0.917549300116663	0.954462202994919	asRNA_941
asRNA_942	3.34358579076147	0.28	1.23709509679546	0.22611856198723	0.821109208060883		asRNA_942
asRNA_943	7.2807370196804	1.05	0.754817506549607	1.39326045141258	0.163541045343715	0.327559816804215	asRNA_943
asRNA_944	22.3839671035763	0.21	0.374614687841345	0.553316579705293	0.580046649975073	0.748669264069265	asRNA_944
asRNA_945	19.4646498922935	0.68	0.495549690999283	1.38005517085789	0.167569658558574	0.333756348820929	asRNA_945
asRNA_946	2.07142499846007	2.48	1.79581871222549	1.38110772394207	0.167245841046336		asRNA_946
asRNA_947	16.0841602116158	0.09	0.547552052126867	0.165306300541301	0.868702899931126	0.928857109803854	asRNA_947
asRNA_948	3.36544557081974	-0.90	1.09357092206816	-0.823621978360323	0.410154383835772		asRNA_948
asRNA_949	4.11928335465304	1.24	1.19002040100857	1.04419315575893	0.29639603288766		asRNA_949
asRNA_950	1.05899297779726	0.45	1.73673753132576	0.25940206906113	0.795325033460361		asRNA_950
asRNA_951	54.5062584823884	-1.51	0.270895112586807	-5.5770487032986	2.44633395555995e-08	7.87175903922402e-07	asRNA_951
asRNA_952	83.1034065393286	-1.27	0.257540902753182	-4.94106341584607	7.76976300322152e-07	1.74943750289174e-05	asRNA_952
asRNA_953	7.93029666630948	1.37	0.678266745452789	2.02040511219447	0.0433413835905343	0.127557567965637	asRNA_953
asRNA_954	21.7752150968644	0.37	0.441481537524457	0.839866641057192	0.400983163417383	0.602392185094573	asRNA_954
asRNA_955	10.0151466758877	0.47	0.697995450056405	0.673618404127927	0.500553949430204	0.687668044378496	asRNA_955
asRNA_956	18.6895105063188	-0.76	0.45015372714879	-1.67841379609384	0.0932663462019792	0.221453259550233	asRNA_956
asRNA_957	3.7568750825164	0.90	1.10242010345122	0.819920522925912	0.412261416359552		asRNA_957
asRNA_958	3.83179899455038	-0.80	1.06717916173871	-0.748250367157024	0.454309155786025		asRNA_958
asRNA_959	26.8613226453014	0.82	0.446028847321742	1.83756779212905	0.0661261184292104	0.17446298235341	asRNA_959
asRNA_960	5.18752155458847	0.36	1.17570579821802	0.303556506437674	0.761465791602391	0.868143694284813	asRNA_960
asRNA_961	21.8289233376282	1.25	0.417598990300747	2.99582096378703	0.0027370708358152	0.0153818185090087	asRNA_961
asRNA_962	15.4643431246119	-0.11	0.477468240420391	-0.222449369163107	0.823964083362478	0.905764000770384	asRNA_962
asRNA_963	39.2033664711424	-0.29	0.34759131497232	-0.836465092839879	0.402893306553626	0.604548712839016	asRNA_963
asRNA_964	14.145528625727	-0.65	0.500579786041683	-1.29997776529051	0.193608589943078	0.368324131363716	asRNA_964
asRNA_965	38.1953787460434	-0.91	0.37719117323788	-2.42353270901067	0.0153703690337257	0.0594362411402958	asRNA_965
asRNA_966	14.9746474925304	-0.75	0.807854063903488	-0.922978649346778	0.356018331803914	0.5595712780415	asRNA_966
asRNA_967	2.25560824749202	-0.78	1.21629991980403	-0.63971119339504	0.522360376994412		asRNA_967
asRNA_968	1.20263361856364	-1.66	2.49702765499854	-0.663990934857933	0.506696113071476		asRNA_968
asRNA_969	13.2260736125597	-0.19	0.532148201162882	-0.352971422453525	0.724109864936394	0.842992311409684	asRNA_969
asRNA_970	1.36608550800561	0.15	1.49224320537771	0.0978756948229637	0.922031000024962		asRNA_970
asRNA_971	2.23714939288957	0.05	1.10299178577561	0.0480662244585216	0.961663464055424		asRNA_971
asRNA_972	37.5610684497209	-0.89	0.365261536047494	-2.44510240661812	0.0144811017311387	0.0572131931969681	asRNA_972
asRNA_973	11.0944490895721	0.32	0.588789051632966	0.5462035045816	0.584926057392072	0.753125945529035	asRNA_973
asRNA_974	3.45777310363934	-0.97	0.850068797751897	-1.13867725257709	0.254837793852032		asRNA_974
asRNA_975	4.71149566610215	-0.58	1.04297852450907	-0.551670320621583	0.58117424780364		asRNA_975
asRNA_976	40.5908492318106	0.73	0.284816161974227	2.57541565631706	0.0100119688401867	0.0424519205873804	asRNA_976
asRNA_977	2.13504021302471	1.76	1.83271779332836	0.962443660108875	0.335826791132527		asRNA_977
asRNA_978	9.04507624617181	0.25	0.621950295997706	0.402491223722113	0.687322545975557	0.819804815957666	asRNA_978
asRNA_979	2.43663070228257	-0.26	1.26161811149063	-0.205547810276526	0.837144148235764		asRNA_979
asRNA_980	8.84752246631942	-0.45	0.623815378019649	-0.721095101937978	0.470851004416303	0.667115708801181	asRNA_980
asRNA_981	104.329948519744	-0.25	0.209844163929718	-1.19443540819938	0.232307693071702	0.419167027498846	asRNA_981
asRNA_982	2.35204066635099	-1.04	1.56020421319152	-0.664693629251714	0.506246469420627		asRNA_982
asRNA_983	5.78094492405407	-0.97	0.932723231968679	-1.03559440048544	0.300391405403209	0.499506904345698	asRNA_983
asRNA_984	4.92495148051779	-2.05	1.39234901730259	-1.47200415835787	0.141019754654259		asRNA_984
asRNA_985	14.7032796153574	-0.29	0.699289038975997	-0.41921901050885	0.675056079838168	0.812225170504816	asRNA_985
asRNA_986	21.8620586987574	-0.52	0.646392083620276	-0.800840848326638	0.423223787728223	0.622792728282994	asRNA_986
asRNA_987	0.615366789084214	-0.02	3.65799320256455	-0.00661354794729591	0.994723190667826		asRNA_987
asRNA_988	10.4598291294449	-1.33	0.555956172210481	-2.39385530046501	0.0166723247689766	0.0636140349551464	asRNA_988
asRNA_989	2.77786647645372	-1.22	1.31651469969772	-0.927300908656787	0.353770322695519		asRNA_989
asRNA_990	0.88305361180497	-1.71	2.25311655837635	-0.759831236017877	0.447355469139012		asRNA_990
CDS_1	3.02079235855328	0.42	1.18346646910598	0.351487666747278	0.725222523499707		CDS_1
CDS_2	19.1665937640686	1.66	0.531723460779961	3.1167478824136	0.0018285787928792	0.0112911816293777	CDS_2
CDS_3	78.4955362724067	-0.35	0.211525696129148	-1.67736805766795	0.0934705315788403	0.221514451270312	CDS_3
CDS_4	107.275209177844	-0.65	0.195994915997058	-3.30433867019705	0.000952007510203047	0.0066755780860727	CDS_4
CDS_5	70.5653649326529	1.58	0.384307971871608	4.10101453095707	4.1134272591293e-05	0.000511265465340706	CDS_5
CDS_6	3.80035071323189	3.00	1.61668734641055	1.85468357927916	0.063641425007059		CDS_6
CDS_7	2.97566701726853	3.63	1.84181207222493	1.97236899860976	0.0485674981840132		CDS_7
CDS_8	0						CDS_8
CDS_9	5.98438634327378	-1.25	0.707407398524513	-1.77332469072541	0.0761749199992044	0.191630873237232	CDS_9
CDS_10	1.06545940232633	1.89	2.20702333272896	0.855289048695043	0.392391148721677		CDS_10
CDS_11	9.9238249582427	1.19	0.566831001751954	2.10774977499098	0.0350526393346659	0.110840767681164	CDS_11
CDS_12	33.9461974221494	0.09	0.371561510320378	0.235880630030325	0.813525299185854	0.900255738036772	CDS_12
CDS_13	1.55126735529792	2.42	1.89311875380865	1.27897883829885	0.200904507982692		CDS_13
CDS_14	2.63330746580747	2.00	1.26471374901826	1.58448595422636	0.113083175477739		CDS_14
CDS_15	0.222691769895356	-1.52	7.34713190532957	-0.207239952853859	0.835822466670214		CDS_15
CDS_16	6.14347802213928	-1.07	0.695922074820438	-1.53501419445138	0.124780341405668	0.274592605403354	CDS_16
CDS_17	3.05436887421263	1.20	1.0686278499998	1.11988087872476	0.262764527608685		CDS_17
CDS_18	2.30472277657717	0.25	1.12024151200923	0.220880036921694	0.825185841764809		CDS_18
CDS_19	0						CDS_19
CDS_20	0						CDS_20
CDS_21	2.38360526454574	0.95	1.17012854973462	0.816043469421949	0.414475274207008		CDS_21
CDS_22	7.01431267867769	0.36	0.879769316990878	0.414737058779182	0.678334400246793	0.81411372694352	CDS_22
CDS_23	9.27650127059109	0.97	0.590140694264781	1.63817319050462	0.101385570522827	0.237166891950005	CDS_23
CDS_24	2.10050735239285	0.97	1.30235109386169	0.744110669775181	0.456809524825583		CDS_24
CDS_25	0.482298329216805	3.39	3.90573357265294	0.868983610868759	0.384856095102161		CDS_25
CDS_26	10.6284681105274	0.23	0.534103610458994	0.42165456155716	0.67327717496976	0.811418813697166	CDS_26
CDS_27	1.47478765495389	0.82	1.98152602844923	0.41236782770913	0.680069840451139		CDS_27
CDS_28	2.019876981675	-0.40	1.33962806628353	-0.29846297921156	0.765349827504444		CDS_28
CDS_29	18.7388385966101	0.63	0.424191123184288	1.48262416774895	0.138174292394017	0.294446468560024	CDS_29
CDS_30	93.1442207411688	0.70	0.260809697567968	2.67072344032397	0.00756879784551499	0.0339833155978471	CDS_30
CDS_31	1.18464430790436	1.99	1.90365254933391	1.04281542450288	0.297033786142438		CDS_31
CDS_32	27.9920317299089	-1.41	0.342804335467444	-4.11050075206179	3.9480199456309e-05	0.000492821800109788	CDS_32
CDS_33	19.1804548140579	2.15	0.591218097005493	3.63386964072602	0.000279201967461521	0.00255069052923838	CDS_33
CDS_34	13.2587963173002	0.52	0.547865553824709	0.941728277329939	0.346331773781484	0.553213908919568	CDS_34
CDS_35	14.0170825523867	0.43	0.547059681812487	0.7923917150657	0.428132308724975	0.627505767422645	CDS_35
CDS_36	1.52662972217769	-2.02	1.97419375711167	-1.02406428209864	0.305804913603678		CDS_36
CDS_37	0.857699141329538	2.28	2.45445837446526	0.930497088134577	0.352113771086551		CDS_37
CDS_38	0						CDS_38
CDS_39	0.933368182824331	4.08	2.26396289630162	1.80193869835896	0.0715550508404696		CDS_39
CDS_40	2.256039695903	0.18	1.25435033286598	0.142146544032575	0.886964254587589		CDS_40
CDS_41	24.1464667694034	-0.71	0.435536343636127	-1.62050634028219	0.105123553465841	0.242773373873267	CDS_41
CDS_42	3.99754707719119	-0.03	0.916214211653186	-0.0287583753462738	0.977057298798828		CDS_42
CDS_43	0						CDS_43
CDS_44	3.29942861576523	0.06	1.09080807760916	0.0527635705603793	0.957920287529496		CDS_44
CDS_45	45.8972460281939	0.78	0.286899307680753	2.71029983171504	0.00672224100145472	0.0310488196813602	CDS_45
CDS_46	11.2027228164044	-0.62	0.73534888946216	-0.843458841669308	0.398971875233991	0.60099538793516	CDS_46
CDS_47	12.4235102576298	0.85	0.637693672576822	1.32990387454041	0.183549944686847	0.356035257744882	CDS_47
CDS_48	0						CDS_48
CDS_49	2.13768149267283	-1.83	1.65298257435813	-1.10549025261993	0.268947215724977		CDS_49
CDS_50	4.69233753802361	0.68	1.09812342272562	0.622277144416554	0.533759647204399		CDS_50
CDS_51	6.0597767004664	1.53	0.881298522430186	1.73443379605073	0.0828411429270506	0.203830033913966	CDS_51
CDS_52	10.9273270069465	0.31	0.600434848561075	0.515590547704672	0.606140413466289	0.767883918371992	CDS_52
CDS_53	21.5958460240234	0.12	0.712577139460066	0.174911911207733	0.861148850769148	0.927785368983427	CDS_53
CDS_54	0						CDS_54
CDS_55	0.755021492112819	2.90	2.33870819636262	1.23823516117362	0.215628877578727		CDS_55
CDS_56	0						CDS_56
CDS_57	166.250321673612	0.28	0.166500890169115	1.65987192608228	0.0969402202529697	0.228428704517982	CDS_57
CDS_58	38.3252087040216	0.41	0.335249661434666	1.21502834042379	0.224355282500787	0.409667653292736	CDS_58
CDS_59	5.48114311496958	0.93	0.819227304443137	1.13077813169458	0.25814848641165	0.45008911297299	CDS_59
CDS_60	0.762306631907269	1.31	2.5671863110989	0.510383595625568	0.60978274722271		CDS_60
CDS_61	1.16159499792526	3.59	2.16332906054893	1.65941213502482	0.0970327726548921		CDS_61
CDS_62	10.2309295088622	-0.14	0.580724463920419	-0.248405782539972	0.803820459952586	0.894988101508147	CDS_62
CDS_63	7.21399739429907	0.45	0.736631782671901	0.611281800701163	0.541013037249202	0.718703557740224	CDS_63
CDS_64	5.19383765424612	3.00	1.26196501725634	2.37995522279034	0.0173147418846858	0.0653761310274448	CDS_64
CDS_65	0.54268087491701	-2.84	3.79402805619243	-0.748464530732439	0.454180011625357		CDS_65
CDS_66	4.19626371568848	1.38	0.816405493793678	1.68866718668225	0.0912832272583325		CDS_66
CDS_67	12.5370041573376	0.16	0.507704155490073	0.309485200285878	0.756952468415589	0.866113926721275	CDS_67
CDS_68	22.876576435184	0.19	0.442722104008316	0.432898756226371	0.665088323637475	0.805897818097961	CDS_68
CDS_69	0						CDS_69
CDS_70	3.84639518548347	0.79	0.88793466985362	0.893008101513098	0.371852834154581		CDS_70
CDS_71	2.1617949304376	0.38	1.19075840889177	0.315085608508178	0.752696655160811		CDS_71
CDS_72	10.7206860569316	1.12	0.625719969206923	1.78554346956643	0.0741732069900032	0.189256041800043	CDS_72
CDS_73	70.9481343167758	0.17	0.296221723207184	0.574415479619525	0.565686680341497	0.739606603281704	CDS_73
CDS_74	5.45770197116362	1.81	1.0805026832707	1.67777375732337	0.093391274264277	0.221507887198482	CDS_74
CDS_75	2.91560210171545	1.34	1.10737647982098	1.21072733018569	0.225999924322521		CDS_75
CDS_76	3.64247810736797	-0.18	0.899047802440908	-0.196107684227767	0.844525881898032		CDS_76
CDS_77	4.90025739456697	1.41	0.960367191474055	1.47195147745458	0.141033981095933		CDS_77
CDS_78	15.2114338634605	1.60	0.558271908197246	2.85801878065767	0.00426295159916271	0.0218504563383632	CDS_78
CDS_79	0.368451715189991	1.25	4.75326970992298	0.262864885637931	0.792654721959071		CDS_79
CDS_80	9.06382069059809	1.74	0.774352921349771	2.24137223868406	0.0250019732128267	0.0865062298976654	CDS_80
CDS_81	4.64566779272615	0.08	0.783380570444985	0.108250638087792	0.913796877533505		CDS_81
CDS_82	2.35846347632551	0.56	1.40341499315139	0.39888632939272	0.689976962599076		CDS_82
CDS_83	6.33950570073064	-1.41	0.801332054749715	-1.75703314480627	0.0789121598477176	0.196162759587116	CDS_83
CDS_84	7.57057342223808	0.54	0.851559572119055	0.635950127621258	0.524808928652304	0.707563620752827	CDS_84
CDS_85	12.5558751801891	1.54	0.517993926372616	2.96368851374488	0.00303975809181458	0.0167360065283175	CDS_85
CDS_86	3.68986167569505	1.12	0.870965435021335	1.28463496147992	0.198919875504662		CDS_86
CDS_87	3.51208733387298	4.74	1.63963436479863	2.88907285603551	0.00386379541919061		CDS_87
CDS_88	2.93519064219766	1.89	1.19529896598696	1.58206407631648	0.113634943463709		CDS_88
CDS_89	7.78643759008946	1.67	0.887472661874476	1.88283727143332	0.0597224243196959	0.161641253111999	CDS_89
CDS_90	367.235572106292	0.53	0.166425162387521	3.18640530057437	0.00144052638363917	0.00933280627968465	CDS_90
CDS_91	0						CDS_91
CDS_92	7.92811700065827	0.99	0.764159055077531	1.29970864373855	0.193700846708197	0.368324131363716	CDS_92
CDS_93	0.431049337210904	2.29	3.97860740718154	0.574722007988897	0.565479320772575		CDS_93
CDS_94	2.3597382701322	-0.41	1.20238333220503	-0.337035819021542	0.736089898474235		CDS_94
CDS_95	8.33116493084772	-0.38	0.704134167916742	-0.535968236442198	0.591980503119479	0.758237743049099	CDS_95
asRNA_991	7.42669942614424	0.13	0.760338091503234	0.168685115387013	0.866044327197876	0.928857109803854	asRNA_991
asRNA_992	6.88143179247547	-0.11	0.724645360292142	-0.150989411467075	0.879984068562394	0.932808880877266	asRNA_992
ncRNA_1	4.81936423946385	0.82	0.923583572706751	0.890912254528857	0.372976245488994		ncRNA_1
ncRNA_2	8.51979301003155	1.00	0.878486823892936	1.1434981101259	0.252831838928348	0.444434857103708	ncRNA_2
ncRNA_3	5.47400790368918	0.68	0.912800427327207	0.743598377700193	0.457119484990073	0.65406029077631	ncRNA_3
asRNA_993	0.807596577855951	2.28	2.46762014516144	0.925556578359416	0.354676467841256		asRNA_993
asRNA_994	0.573525900825808	-1.13	2.67761081461416	-0.421465274214349	0.673415363436825		asRNA_994
ncRNA_4	5.60876049400601	-0.71	1.1417521435072	-0.617846404721065	0.536676590892591	0.716990659200405	ncRNA_4
ncRNA_5	16.7805008961192	-1.34	0.496383765509737	-2.69581944621502	0.00702157150537652	0.0320227891016857	ncRNA_5
ncRNA_6	8.06348951221264	0.38	0.641092368901039	0.590120198859912	0.555110067875663	0.730330868221303	ncRNA_6
asRNA_995	268.558469925856	0.22	0.190144287956632	1.17404933212547	0.240375266465794	0.430505115451416	asRNA_995
asRNA_996	4.03855591800875	1.64	1.06425684124938	1.53918726650801	0.123758585342948		asRNA_996
asRNA_997	19.3390894479578	0.57	0.464853041220144	1.23344474790312	0.217409878711593	0.399770086579426	asRNA_997
ncRNA_7	0						ncRNA_7
ncRNA_8	2.65750427638982	1.29	1.16924476955138	1.10745714171067	0.26809633233335		ncRNA_8
asRNA_998	8.2561815238325	0.31	0.646112052121682	0.483465872988392	0.628764985612108	0.784196123312948	asRNA_998
asRNA_999	0.086593113821284	-0.12	7.34316473926934	-0.0158491067508623	0.987354771824484		asRNA_999
ncRNA_9	15.1366764940517	1.46	0.506150230226382	2.89216657264083	0.00382595042011552	0.0200321848678283	ncRNA_9
asRNA_1000	11.913588537546	0.74	0.615047934513098	1.20725912490326	0.227332366946355	0.414016537252652	asRNA_1000
ncRNA_10	2.19361088701416	0.06	1.39762287064601	0.0440534306576913	0.964861813669461		ncRNA_10
asRNA_1001	19.6406163177217	0.55	0.434945438279865	1.25957610207363	0.207822321007029	0.387542460808987	asRNA_1001
asRNA_1002	0.0331082459993873	0.00	7.3561311249555	0	1		asRNA_1002
ncRNA_11	10.3451704997758	0.87	0.616024913494353	1.4195289900835	0.155744851212416	0.316962114624846	ncRNA_11
ncRNA_12	0.746084840391449	-1.79	2.5531903467671	-0.69947954785037	0.484252390106614		ncRNA_12
ncRNA_13	4.80838537676314	-0.14	0.987391723061839	-0.143907178650977	0.885573766952822		ncRNA_13
ncRNA_14	70.8465251670672	1.49	0.805420483159858	1.85499415381199	0.0635970614227085	0.169436145243941	ncRNA_14
ncRNA_15	2.26223775488765	0.62	1.30182105344086	0.476624040491215	0.633629861338203		ncRNA_15
ncRNA_16	8.85669727555101	0.63	0.611225836250885	1.03674883069852	0.299852928275191	0.499506904345698	ncRNA_16
asRNA_1003	5.43807567316924	0.87	0.85728830244691	1.00932205818131	0.312820204656623	0.514439132700499	asRNA_1003
ncRNA_17	29.908230064724	1.42	0.479001778384411	2.95864236866289	0.00308997472876524	0.0169160053204237	ncRNA_17
ncRNA_18	6.2261245583372	0.80	0.853247208444688	0.93979830767984	0.347321027065228	0.554190321746324	ncRNA_18
asRNA_1004	0.145381702553536	0.00	7.3561311249555	0	1		asRNA_1004
asRNA_1005	14.0449968322133	0.35	0.578787031046243	0.599344515449871	0.548943168541924	0.725577095434693	asRNA_1005
ncRNA_19	27.4056884608275	-0.36	0.428553195989272	-0.845279082777435	0.397955036936556	0.600801940781382	ncRNA_19
asRNA_1006	1.97987443712671	1.54	1.48451714906466	1.03437274004459	0.300961943181026		asRNA_1006
asRNA_1007	1.88387739695173	0.95	1.38285215094984	0.686009752930882	0.492706958262556		asRNA_1007
asRNA_1008	10.5828195361532	2.06	0.734997594155677	2.79673830446419	0.00516213266167805	0.0252525949125332	asRNA_1008
asRNA_1009	0.113852130872302	0.60	7.26332450824071	0.0831933505246056	0.933697799925028		asRNA_1009
ncRNA_20	0.696858147214067	-0.22	3.0080983838344	-0.0737455516543838	0.941212852463057		ncRNA_20
asRNA_1010	1.50242764406429	2.45	1.90526229838623	1.2842054586102	0.199070075759698		asRNA_1010
asRNA_1011	3.03713798851865	-0.13	1.225273732601	-0.108533767294375	0.913572296282159		asRNA_1011
ncRNA_21	1.3502303165448	1.17	1.51373905070662	0.771536293671345	0.440389118558142		ncRNA_21
asRNA_1012	13.8282891558444	0.39	0.554990657893327	0.710832503292282	0.477188036366216	0.670792218946867	asRNA_1012
asRNA_1013	5.15007988860876	1.85	0.909577871968996	2.03218718365387	0.0421347098730662	0.125364628049663	asRNA_1013
ncRNA_22	9.52248548969344	0.11	0.651602593364886	0.163955481147624	0.869766190356372	0.928857109803854	ncRNA_22
ncRNA_23	117.870179121383	0.11	0.215032096272856	0.502791460909058	0.615110897861066	0.773696006100411	ncRNA_23
asRNA_1014	4.7287670029914	1.06	1.18800455262492	0.893140037245399	0.371782184520626		asRNA_1014
asRNA_1015	8.147961741948	-1.47	0.620486331867073	-2.36652659376704	0.0179558841973557	0.0669308480852291	asRNA_1015
asRNA_1016	5.47409890308778	4.05	1.53221610755704	2.64614217122951	0.00814155906643734	0.0362180569222773	asRNA_1016
asRNA_1017	2.90285069905705	2.18	1.72694741785129	1.26071854349115	0.207410270518206		asRNA_1017
asRNA_1018	0						asRNA_1018
ncRNA_24	1.67703112673567	-0.13	1.48891524541762	-0.0906064288376964	0.927805323473896		ncRNA_24
ncRNA_25	3.15682859968573	-0.56	0.957280292281063	-0.584144762475601	0.559122921148792		ncRNA_25
ncRNA_26	2.53888680725176	-0.73	1.04323119931368	-0.701576077201692	0.482943574994017		ncRNA_26
asRNA_1019	6.32456203556823	1.16	0.785361683749057	1.47271835603587	0.140826994899348	0.296852978997773	asRNA_1019
asRNA_1020	0.734769398447963	-0.16	2.15425770831462	-0.0751204734182729	0.940118858415651		asRNA_1020
asRNA_1021	27.7299629376611	-0.06	0.389261190720792	-0.149283456628675	0.881329968692486	0.933554834969222	asRNA_1021
ncRNA_27	3.89499889433101	0.82	0.899818538925625	0.914860037006485	0.360265111962002		ncRNA_27
ncRNA_28	0						ncRNA_28
ncRNA_29	8.24114599538599	0.69	0.725039521987066	0.947698232939499	0.343283100786691	0.549556583680628	ncRNA_29
ncRNA_30	14.2800253962594	2.78	0.713600278948935	3.88950154843563	0.000100450327858868	0.00106950054955618	ncRNA_30
ncRNA_31	4.73968299455491	1.16	1.13231086362206	1.0280155745419	0.303942501568649		ncRNA_31
ncRNA_32	5.3978772942819	1.57	1.01048878984962	1.54943219959916	0.121277858302181	0.268928543371452	ncRNA_32
ncRNA_33	1553.99475614933	0.94	0.198674766213325	4.70806394556572	2.50080657588835e-06	4.70281548296925e-05	ncRNA_33
ncRNA_34	1.60668605037831	3.25	1.98032202293535	1.64128777174873	0.100737693243496		ncRNA_34
asRNA_1022	1.24159956090853	2.70	1.90958026614422	1.41304396961626	0.15764279614674		asRNA_1022
ncRNA_35	12.3223988551009	0.45	0.501014709677091	0.891676477807421	0.372566364923057	0.57452193440744	ncRNA_35
ncRNA_36	16.841554875309	-0.34	0.442444933980014	-0.766811628237008	0.443193521684947	0.642567682690375	ncRNA_36
ncRNA_37	4.86444477072666	0.83	1.06197931480948	0.777961416457972	0.4365917596274		ncRNA_37
ncRNA_38	108.132735183316	0.49	0.302067170008388	1.62318302709445	0.104550285025271	0.241642159164553	ncRNA_38
ncRNA_39	1.06100041180683	1.79	2.14748608871723	0.832588343402799	0.405076935318948		ncRNA_39
ncRNA_40	22.0607294349398	0.42	0.468276284189918	0.898809602340912	0.368754084531875	0.571075844280379	ncRNA_40
ncRNA_41	4.22989871209628	1.24	0.79784865539395	1.55309086957532	0.120401427088144		ncRNA_41
asRNA_1023	103.648776667226	0.19	0.21079114666781	0.90358625909405	0.366214830140145	0.568391270318233	asRNA_1023
ncRNA_42	0						ncRNA_42
ncRNA_43	267.346187110034	1.13	0.3134143613188	3.59686831406076	0.000322071429083945	0.00285235124962417	ncRNA_43
asRNA_1024	28.4505231262656	1.34	0.414481703267431	3.22968121200368	0.00123928316963773	0.00810149900512609	asRNA_1024
asRNA_1025	1.00858966590257	0.27	1.79742423525705	0.148718046408813	0.881776120621892		asRNA_1025
ncRNA_44	2.46541294227994	1.65	1.28240618723192	1.28574311765974	0.198532727887159		ncRNA_44
asRNA_1026	0.360807788233538	2.29	4.19533512468462	0.545067569930193	0.585707046038332		asRNA_1026
asRNA_1027	3.08692611881946	0.47	1.17835701430937	0.396957806372375	0.69139857534879		asRNA_1027
asRNA_1028	8.59420297133776	-0.02	0.730665490857629	-0.0260410854948331	0.979224568065766	0.989092198282919	asRNA_1028
asRNA_1029	0.330976001879784	-2.62	4.7187713742603	-0.555924507183676	0.578262463930414		asRNA_1029
ncRNA_45	3.81827023337631	2.02	1.31525664260249	1.53539328771588	0.124687251509899		ncRNA_45
asRNA_1030	12.0361353516598	0.49	0.63069569951118	0.770238735087137	0.441158290552765	0.640719362808831	asRNA_1030
ncRNA_46	16.6112442669278	0.97	0.521550049319811	1.85402939271091	0.0637349550112814	0.169647453780028	ncRNA_46
asRNA_1031	14.7317372824477	1.15	0.540141897198609	2.13356673957327	0.0328782630458054	0.105912624895053	asRNA_1031
asRNA_1032	25.5993162095058	-0.89	0.411821924022077	-2.14971708945158	0.0315775998370449	0.102751381042789	asRNA_1032
ncRNA_47	0.902782502944024	-0.24	2.49566876463077	-0.0944395475712716	0.924760001752196		ncRNA_47
ncRNA_48	2.85882397114308	1.83	1.2351380048021	1.47931226931313	0.139056875195177		ncRNA_48
asRNA_1033	1.75575448419737	0.09	1.43292990201654	0.0656835714199908	0.947629752272339		asRNA_1033
ncRNA_49	13.1084893844076	-0.32	0.510539799991583	-0.622806226420438	0.533411866193799	0.714175110724569	ncRNA_49
asRNA_1034	5.02618338211632	0.21	0.844960390612087	0.247848052162914	0.804251974318099	0.895124411078099	asRNA_1034
ncRNA_50	7.17518281756714	0.03	0.782146700296989	0.0333263871577333	0.973414311534554	0.988431923633965	ncRNA_50
ncRNA_51	4.90021888891026	-0.37	0.965689029364115	-0.383031043119713	0.701696747023569		ncRNA_51
ncRNA_52	58.1246848965305	0.18	0.294721945109682	0.617455455897401	0.536934353484066	0.716990659200405	ncRNA_52
ncRNA_53	15.717750191215	0.13	0.428148737994158	0.305467286023946	0.760010282000728	0.867853685168217	ncRNA_53
asRNA_1035	11.1126631529693	0.28	0.621170823838929	0.455789358102445	0.64854145739554	0.795163446493431	asRNA_1035
ncRNA_54	0.263371335164163	2.83	6.65311497812431	0.425911266012372	0.670172505347769		ncRNA_54
ncRNA_55	0.0997737778931145	0.00	7.3561311249555	0	1		ncRNA_55
asRNA_1036	1.32677486482252	0.98	1.567172093464	0.627925319814128	0.530052863343369		asRNA_1036
ncRNA_56	0.189112199507097	0.00	7.3561311249555	0	1		ncRNA_56
ncRNA_57	0.183102174476573	2.29	7.28506186395632	0.314004926347509	0.753517297186325		ncRNA_57
ncRNA_58	0.0812058982431278	0.00	7.3561311249555	0	1		ncRNA_58
asRNA_1037	46.3229750151238	-0.39	0.304870603965883	-1.2906652794773	0.196819769182046	0.372786168444216	asRNA_1037
ncRNA_59	1.60614262187399	1.38	1.61811047940905	0.850856110912962	0.394849287653158		ncRNA_59
ncRNA_60	15.6361811835105	-1.06	0.483044526503508	-2.18905857859195	0.0285925826411322	0.0963959479961804	ncRNA_60
ncRNA_61	3.66503396228102	0.49	1.01674904764941	0.485981554609059	0.626980243918629		ncRNA_61
ncRNA_62	10.0744212554334	-1.20	0.63577808466209	-1.88200525543712	0.0598353020817027	0.161795550726995	ncRNA_62
ncRNA_63	3.99225991813352	1.54	1.05125653053043	1.46104969756951	0.144001803322359		ncRNA_63
ncRNA_64	2.50885482309988	1.46	1.28543796635926	1.13410912859893	0.256748774945097		ncRNA_64
ncRNA_65	2.67621328715403	1.34	1.13465343314767	1.18386158224416	0.236467860008343		ncRNA_65
ncRNA_66	13.6865032035599	-0.95	0.605975675336205	-1.56381301204628	0.117861487596645	0.262559129292219	ncRNA_66
ncRNA_67	0.544061398817639	-0.24	3.55962275918084	-0.0687455785264392	0.945192137577689		ncRNA_67
asRNA_1038	5.18422498071467	0.36	0.853368762588688	0.420430341959875	0.674171106406381	0.811808533951301	asRNA_1038
ncRNA_68	8.63068131163906	-0.31	0.661702516112348	-0.461892398841631	0.64415848521158	0.792428030949999	ncRNA_68
ncRNA_69	4.14715027233798	1.74	1.1447918391697	1.52389882267911	0.127533987622572		ncRNA_69
ncRNA_70	0.482275948000084	1.25	3.74748523105412	0.334262388314051	0.7381815694971		ncRNA_70
ncRNA_71	4.213716929463	1.39	1.04427985015369	1.32842387306641	0.184038117163084		ncRNA_71
asRNA_1039	16.4418142820352	0.64	0.527917720325038	1.20523951512517	0.228110851855255	0.414554239047779	asRNA_1039
asRNA_1040	0.478707685948824	-1.74	3.38649497517646	-0.513266389514057	0.607764991421393		asRNA_1040
asRNA_1041	9.54641875530513	0.98	0.697945232922979	1.39778150725644	0.162178689263541	0.325602026131875	asRNA_1041
ncRNA_72	3.62747114421783	0.08	0.903280994819485	0.0900552816812939	0.928243284816726		ncRNA_72
ncRNA_73	13.91386716754	1.54	0.569810029007432	2.697868802543	0.00697849375350464	0.0319942217290728	ncRNA_73
ncRNA_74	24.2336308694852	0.89	0.454572419024682	1.96062376038588	0.0499229285575661	0.143003759745511	ncRNA_74
ncRNA_75	6.62731066613538	0.48	0.839717992503138	0.568689777298146	0.569566686505094	0.741624780728736	ncRNA_75
asRNA_1042	15.3704968460588	-0.87	0.502633134911797	-1.72162566010443	0.0851373517888936	0.208241360456618	asRNA_1042
asRNA_1043	14.8745636966625	-0.08	0.493864432870963	-0.17110979278101	0.864137435908021	0.928857109803854	asRNA_1043
asRNA_1044	5.8778976238941	-0.16	0.946258626162863	-0.173611166045032	0.862171056056033	0.928196051426867	asRNA_1044
ncRNA_76	4.73148671249687	1.53	1.02655845959533	1.49110735882847	0.135933310614212		ncRNA_76
ncRNA_77	13.8119602710182	0.73	0.491940526741358	1.48515995697229	0.137501456578147	0.293444523397431	ncRNA_77
ncRNA_78	139.797843348072	-0.37	0.258600331983422	-1.44679594672601	0.147954082341937	0.305510759075888	ncRNA_78
asRNA_1045	14.6287631336072	0.04	0.495210537869833	0.0840739625756531	0.932997626188502	0.964465479368328	asRNA_1045
ncRNA_79	34.1033932283633	-0.80	0.317244365451486	-2.53262622529311	0.0113211600715685	0.0469714606980837	ncRNA_79
ncRNA_80	20.0118343139164	0.60	0.460480610674945	1.30597577632313	0.191560795402099	0.365936717338047	ncRNA_80
ncRNA_81	3.69629350993848	0.85	1.19845019305189	0.709184558529142	0.478209954564411		ncRNA_81
ncRNA_82	0.165380104869347	1.25	7.35216626626548	0.169559150637528	0.865356850334477		ncRNA_82
ncRNA_83	7.66216037790986	0.71	0.799919481655679	0.887163833843979	0.374990700722384	0.576724943861936	ncRNA_83
ncRNA_84	19.6036793537209	0.44	0.507228548405316	0.869312798731981	0.384676064302419	0.588806491659517	ncRNA_84
ncRNA_85	3.30475995571791	0.42	1.2268371635057	0.339022320895658	0.734592915225705		ncRNA_85
ncRNA_86	2.40858449776589	0.29	1.14084077639298	0.257032659395219	0.797153561262615		ncRNA_86
ncRNA_87	0.895798773141027	0.86	2.04111075393586	0.423660389485533	0.67181350677601		ncRNA_87
ncRNA_88	32.0381824842215	-0.69	0.33732463938893	-2.05206504045368	0.0401633419085635	0.121793757243141	ncRNA_88
ncRNA_89	3.50201300179028	0.93	1.05337608506207	0.879757602066117	0.378990637292667		ncRNA_89
ncRNA_90	264.670314592563	1.43	0.168541166834557	8.45843118756486	2.70998458428881e-17	2.80289834146443e-15	ncRNA_90
ncRNA_91	18.5742989428746	2.78	0.675021279555394	4.12302357422869	3.73931412280248e-05	0.00047091487063064	ncRNA_91
ncRNA_92	1.84125082040039	1.84	1.86726220786909	0.986560892774649	0.323857949804809		ncRNA_92
asRNA_1046	87.7471255016428	-0.47	0.217692581447521	-2.17348361796479	0.0297439374740157	0.098827507016931	asRNA_1046
ncRNA_93	13.0779648729258	-0.50	0.554345363945568	-0.899068071937828	0.368616403285588	0.571075844280379	ncRNA_93
ncRNA_94	15.6865490434555	-0.76	0.454186115681875	-1.68223908294517	0.0925224882999263	0.220894580475339	ncRNA_94
ncRNA_95	1.70803829556298	-1.75	1.54215979837686	-1.1354067213958	0.256204944766952		ncRNA_95
ncRNA_96	5.45502621051601	0.63	0.821714051551344	0.76715086510426	0.442991822558126	0.642567682690375	ncRNA_96
ncRNA_97	2.3363885535925	0.02	1.17702910929401	0.0202484227076848	0.98384520005609		ncRNA_97
ncRNA_98	5.69096502262038	4.58	1.53193612224526	2.99204392230316	0.0027711638994202	0.0155228059046826	ncRNA_98
ncRNA_99	9.49143585094475	0.81	0.703785037854228	1.1532042607459	0.24882655510623	0.441545161512036	ncRNA_99
ncRNA_100	0.953263041212865	-0.45	1.61912631738853	-0.279287747727169	0.780024008242063		ncRNA_100
ncRNA_101	4.20569569224363	-0.51	0.948778273796705	-0.542487418313211	0.587482772536472		ncRNA_101
ncRNA_102	3.21073277711449	0.55	1.13168048129083	0.486984073729037	0.626269617342504		ncRNA_102
asRNA_1047	5.80936849150805	1.37	0.775752279327994	1.76714450338735	0.077204031041001	0.192877720192604	asRNA_1047
asRNA_1048	17.5145290810143	-0.22	0.481148896015781	-0.458116222035587	0.646868944953433	0.793647815928963	asRNA_1048
