Gene	baseMean	log2FoldChange	lfcSE	stat	pvalue	padj
SACI_RS00005	468.168689227569	0.35	0.393464298731708	0.893549176327649	0.371563149526989	0.56148936720968
SACI_RS00010	63.3223552647603	-0.49	0.42214589093019	-1.16713395326775	0.243156278046964	0.4309573648215
SACI_RS00015	12453.5485697674	0.16	0.24498664583601	0.658407513090723	0.510276308965008	0.682680343450273
SACI_RS00020	249.48994087617	0.66	0.228416788278302	2.87576040584507	0.00403055527298712	0.0245214356122572
SACI_RS00025	1260.55686285285	0.76	0.159605556576078	4.76607113509515	1.87852959855427e-06	6.3136921629458e-05
SACI_RS00030	329.223358222713	3.21	0.566318882131025	5.66104025646158	1.50458123011121e-08	1.120709694645e-06
SACI_RS11965	179.735149618192	0.63	0.333031151281262	1.89949427520677	0.0574995186134142	0.162199256190962
SACI_RS00035	404.718125314663	0.43	0.152397056805772	2.82450047723588	0.00473543777636965	0.0274755084456311
SACI_RS00040	430.987299495675	0.44	0.166400450716125	2.64239413817932	0.00823221954998251	0.0413260420396208
SACI_RS00045	1230.53942180845	0.55	0.164453837883109	3.32825021999109	0.000873933340866943	0.00816461114382812
SACI_RS00050	88.2839744226457	0.46	0.247394777758808	1.86792330289987	0.0617727622485137	0.17092945055914
SACI_RS00055	668.466191331748	0.39	0.227889195378606	1.71259307205717	0.0867874287259898	0.218434843441852
SACI_RS00060	277.042067235515	-0.60	0.191604239845488	-3.13100894405662	0.00174206854871795	0.0134863508996255
SACI_RS00065	173.870015165131	0.30	0.268041131414151	1.13538988818984	0.256211994554439	0.44466011145594
SACI_RS00070	326.00465998238	-0.42	0.247050614954299	-1.70325161795215	0.0885209905937577	0.221382804062065
SACI_RS00075	182.955004898837	-0.05	0.209307507144934	-0.247419898265132	0.804583276220842	0.895591269278487
SACI_RS00080	209.403119005928	0.80	0.330491001138036	2.42269390654125	0.0154059014346396	0.0649590222070828
SACI_RS00085	753.547115173251	0.51	0.241768507547933	2.12508287228442	0.0335796984790378	0.113136490230108
SACI_RS00090	347.318778690993	0.22	0.173792905620692	1.27209727711016	0.203338558524716	0.387820807815997
SACI_RS00095	457.949905534195	-0.51	0.183740370538738	-2.79777355080289	0.00514561742688737	0.029300251298557
SACI_RS00100	28.2622806828564	0.54	0.347272570478891	1.55706854639148	0.119454211854732	0.271854506912999
nadA	1170.45746617164	0.26	0.628976747508922	0.420323163697737	0.674249390449396	0.816087536266374
SACI_RS00110	2356.54284277549	0.01	0.14260067484116	0.100863025146326	0.919659195034915	0.961623066114395
SACI_RS00115	1842.42052521868	0.36	0.165094844350218	2.17599753085614	0.0295554451875301	0.103107350552953
SACI_RS00120	188.842554361665	0.55	0.154526548058399	3.54887973775383	0.000386873727117654	0.00430285795711774
SACI_RS00125	624.543179442781	0.36	0.119421546655258	2.98574075816287	0.00282892353009904	0.0192506499974147
SACI_RS00130	156.476268058044	0.44	0.236935855229421	1.85199623098011	0.064026364130955	0.175571596896676
SACI_RS00135	1447.84633780519	-0.77	0.234849383722493	-3.26511590818303	0.0010941929144271	0.00971286356490005
SACI_RS00140	324.111819277727	0.68	0.233858356449317	2.9133633478697	0.00357558293152151	0.02265357829718
SACI_RS11510	396.735650168459	0.19	0.133564402266043	1.40871093040059	0.158920661542138	0.328571150195147
SACI_RS00145	74.4654673375098	0.40	0.297173820650343	1.34707257066786	0.177956861210884	0.35617219280842
SACI_RS11515	24.3957235630814	-0.01	0.360532157637205	-0.0245813009598118	0.98038893446581	0.991301381078654
SACI_RS00150	113.628896073786	0.08	0.238336111619331	0.319558684399642	0.749302898334347	0.862812988513897
SACI_RS00155	482.191973746233	0.49	0.1851914513811	2.66871720410132	0.0076141529213089	0.039150383304342
SACI_RS00160	394.823725028823	-0.21	0.1918018083396	-1.08220752441868	0.279160325802203	0.467500215250576
SACI_RS00165	1996.93749791646	-0.04	0.237040598593531	-0.182171100656146	0.855448451820409	0.927100249003951
SACI_RS00170	193.427530109173	-0.91	0.326949196934043	-2.76909736936481	0.00562118333556949	0.0311709884765181
SACI_RS00175	791.660557960512	1.20	0.244271172491697	4.92807226532456	8.30449035825537e-07	3.40687089049321e-05
trxA	502.905292192285	0.49	0.194859316739668	2.49092987625683	0.0127409263375156	0.0570032353671965
SACI_RS00185	234.530873881454	-0.83	0.25305304780133	-3.28989939504715	0.00100223209542964	0.00914619753312614
SACI_RS00190	290.718340944265	-0.53	0.185848678528144	-2.86602108632339	0.0041566655780914	0.0249841840229427
SACI_RS00195	864.550251648356	1.95	0.595761524323358	3.27027138138406	0.00107444352306434	0.0095830626199525
SACI_RS00200	592.933613865219	-0.15	0.139413015221653	-1.04037999955465	0.29816339003027	0.489421264397512
SACI_RS00205	7579.06796187985	-0.31	0.270733769649986	-1.14378368818592	0.252713356246859	0.440530050484721
SACI_RS00210	87.8251490264537	1.89	0.414668825320517	4.54748502436307	5.42907821343792e-06	0.000154252985115824
SACI_RS00215	1350.13262341919	0.23	0.151024470957674	1.5171253335259	0.129235043230563	0.285622918318709
SACI_RS00220	525.298202611742	0.73	0.412222214366652	1.77602224784211	0.075729250248426	0.200489734567399
SACI_RS00225	618.162315092113	0.65	0.288936580366482	2.26647981455916	0.0234220216755284	0.0881845515543117
SACI_RS00230	781.888922493656	0.42	0.337758889512388	1.25181662361431	0.210636691299987	0.395863464828723
SACI_RS00235	1055.19191058408	0.20	0.249783242981678	0.790089034179107	0.429475773522331	0.614556195133719
SACI_RS00240	2512.84152803854	-0.09	0.22275957619473	-0.40961503136297	0.682088368698709	0.81945751705913
SACI_RS00245	14535.7821158324	0.30	0.34240028565251	0.872110850398577	0.383147907401445	0.572333676313487
SACI_RS00250	444.979553536834	0.86	0.255158737713064	3.37840123181212	0.000729086175527167	0.00707297699390966
SACI_RS00255	430.030559071992	0.49	0.18724999603904	2.60342789345054	0.00922966803168436	0.0451811102936449
SACI_RS00260	2481.00530469041	-0.40	0.276050424194952	-1.44745350520422	0.147769949515286	0.315456220653857
SACI_RS00265	2215.09995332082	-0.47	0.200546206493296	-2.33902939904051	0.0193339120227532	0.0775607882601278
SACI_RS00270	276.239147290746	0.52	0.225653756583839	2.31753393682137	0.0204746641969269	0.0806963553052182
meaB	242.200639330816	0.35	0.230254614799304	1.535246805686	0.124723215119531	0.279336457417141
SACI_RS00280	147.666801787706	0.02	0.219096214048695	0.0935074383684346	0.925500440624462	0.962167652715401
SACI_RS00285	0.706279620530141	0.00	3.43085320278312	0	1	NA
SACI_RS00290	5400.52019572297	-0.18	0.401964853260636	-0.451846931871173	0.65137925712082	0.80000054929812
SACI_RS00295	70.9394564349019	-0.38	0.343349550486666	-1.12125560371621	0.262179077446249	0.44907740052322
SACI_RS00300	32.9742636724021	0.12	0.597168233175008	0.20654833420044	0.836362613365071	0.915415155851523
lysS	4808.55322268031	0.39	0.266118890580388	1.45063673502603	0.146881040523194	0.314288934535654
SACI_RS00310	1049.61668450472	0.04	0.155077478483478	0.266404350896745	0.789927814739943	0.887878012098635
SACI_RS00315	144.779512340932	0.48	0.187630247690942	2.5396924948966	0.0110949971161413	0.0516448464469795
SACI_RS00320	134.819757065132	-0.52	0.217496562869637	-2.40588793610485	0.0161332127694902	0.0671629127301121
SACI_RS00325	311.299982358879	0.10	0.165995085481601	0.618735251009496	0.536090783432159	0.706102102717991
SACI_RS00330	168.542847240591	-0.62	0.160978501401298	-3.83586949647801	0.000125120838361797	0.00175042147474677
rimI	1439.95834076715	0.43	0.186245111199371	2.32720276483538	0.0199544759470163	0.0792938508277498
SACI_RS00340	1186.71660808931	0.13	0.132017719768578	1.00785337141019	0.313524859421179	0.507627475788236
dnaG	5389.8127856451	0.51	0.190049504139689	2.66880339142509	0.00761219948311451	0.039150383304342
SACI_RS00350	1804.65423395678	0.27	0.12109608436049	2.20255971677094	0.0276257958021252	0.0979880221758778
SACI_RS00355	1129.76876277228	1.17	0.239907107924301	4.88099603717597	1.05551363336129e-06	3.93107509938339e-05
SACI_RS00360	289.521508402889	1.02	0.247294012295882	4.13114885542935	3.6095474205468e-05	0.000676728754491631
SACI_RS00365	92.8107373572309	0.89	0.24102074360118	3.70854797102492	0.000208451172969863	0.00268453940516328
SACI_RS00370	543.061678803214	-0.01	0.235732679125594	-0.0384045279037087	0.96936515090188	0.985819319514975
SACI_RS00375	599.099200500796	-0.24	0.236927394432103	-1.02211215664851	0.306727820108835	0.499906488598433
SACI_RS00380	755.636725226349	-0.10	0.235031403805996	-0.415162231135183	0.678023145509637	0.816710545893018
SACI_RS00385	1258.93482282447	0.30	0.232553652137374	1.27858320606333	0.201043866974931	0.384775623182577
SACI_RS00390	613.839080992461	-0.14	0.250081178816817	-0.562978337226288	0.573449635156655	0.736207917878073
SACI_RS00395	1147.45462139526	0.03	0.210082164908895	0.143112706495046	0.886201169909996	0.942688533818123
SACI_RS00400	1324.52995875071	0.00	0.168927789024676	0.00993150641970882	0.992075934627207	0.995326274420307
SACI_RS00405	461.554640068221	-0.02	0.205375985267838	-0.0942208086228087	0.924933755413552	0.962167652715401
rpsB	3120.16327405029	0.11	0.156781912898229	0.67280774104985	0.501069612320977	0.675280123010568
amrB	2129.39487629671	0.64	0.208450561668363	3.08049089021645	0.0020665967646644	0.0153105932349868
SACI_RS00420	430.339854597327	1.39	0.252363863930946	5.4978968695372	3.84347589337916e-08	2.46339989817511e-06
fni	758.033267126109	0.33	0.134221292357081	2.48927674143714	0.0128003285011356	0.0571761837100968
SACI_RS00430	1384.80892018535	-0.44	0.260736037223425	-1.68396541426343	0.0921883529681673	0.227255009642459
SACI_RS00435	658.092537790772	0.73	0.294319749738822	2.4748848220219	0.0133279150143064	0.058405921746841
SACI_RS00440	332.963631738944	-0.63	0.221168100694649	-2.86569045951282	0.00416100887755104	0.0249841840229427
ffs	5607.55438123303	1.03	0.316403248041457	3.2637272949039	0.00109956946017736	0.00971286356490005
SACI_RS00450	2.16886369734004	-1.87	1.29641535839384	-1.44298187779918	0.149025576304478	0.316421023339863
SACI_RS00455	16873.9864144599	0.72	0.518037863642502	1.38946057199354	0.164692742345095	0.337969618691796
SACI_RS00460	9074.27189185904	1.17	0.50397810520836	2.32709282014737	0.0199603255724373	0.0792938508277498
SACI_RS00465	1712.83501611488	1.50	0.500658467614898	2.99543790881798	0.00274051089727513	0.0188821200822257
SACI_RS00470	428.590574647341	-0.41	0.193306438864141	-2.13907745148713	0.032429396235851	0.110476410415334
SACI_RS00475	154.408037812297	0.31	0.353256536750676	0.866004973833611	0.386487434195791	0.574290644458985
SACI_RS00480	2403.60748892495	-0.37	0.195517339355569	-1.89673481588429	0.0578629462129025	0.162890990564616
SACI_RS00485	83.5728206718615	0.36	0.323737642613587	1.11602928324895	0.264409600167554	0.451068150972578
SACI_RS00490	223.930162148277	0.77	0.234680202157515	3.29210298423415	0.000994411904421481	0.00913533069528534
SACI_RS00495	106.841802883251	0.41	0.281033134238129	1.47402742870592	0.140474206242778	0.304121690813116
SACI_RS00500	407.228735722563	0.34	0.268206732116919	1.26140062710661	0.207164542508266	0.391594978842785
mobB	71.8066905378802	0.05	0.325949751699996	0.164831815554019	0.869076361356252	0.93519900910927
SACI_RS00510	421.093048035303	-0.55	0.278720018350501	-1.97448867247927	0.048326204203697	0.145242114269781
SACI_RS00515	723.592848524878	-0.03	0.149746871944987	-0.233196329241948	0.815608956126364	0.902738266298899
SACI_RS00520	407.433261219178	-0.17	0.190371817206471	-0.876046991568128	0.381004488096915	0.569749522080899
SACI_RS00525	211.811260892056	0.63	0.237915849705165	2.66704100252521	0.00765223353990864	0.0391999175390115
SACI_RS00530	1359.8695377167	0.39	0.189586382202556	2.06578704579397	0.0388485918105705	0.125224232783546
SACI_RS00535	372.128619846248	-0.03	0.163845645279554	-0.168278801333523	0.866363950124558	0.93415455655058
SACI_RS00545	319.444616121802	0.42	0.425649458931334	0.989536205351691	0.322400864939202	0.516878763413035
SACI_RS00550	202.625741204376	0.66	0.222645580863971	2.9649675307061	0.00302714877551913	0.0202495680226474
tpiA	233.948736827431	-0.75	0.212430545414214	-3.52956576326338	0.000416242240508025	0.00458865445936047
SACI_RS00560	21.7021029695778	-0.30	0.463424002800778	-0.643718333449007	0.519758099246531	0.690603068795702
SACI_RS00565	552.499709996381	0.53	0.220111397803374	2.42043606921034	0.0155019048613897	0.0651269051798626
SACI_RS00570	326.014947807161	-0.03	0.20625335249072	-0.161960551080684	0.871336919326823	0.93585524149054
SACI_RS00575	352.006823196302	0.02	0.187986047572858	0.120237351670135	0.904295130038639	0.953691414646636
SACI_RS00580	3734.67630772882	0.45	0.258567705533342	1.74158846844516	0.0815804806061833	0.210915388884279
SACI_RS00585	302.193386409261	-0.39	0.164742652950491	-2.34174353280038	0.0191938992375903	0.0772239216040859
SACI_RS00590	2293.47798047473	0.78	0.178484651001233	4.35071124372328	1.35696654274956e-05	0.000319641007847673
SACI_RS00595	350.223681009536	0.42	0.208198366322384	2.00984041514863	0.0444480817821611	0.137204129343682
SACI_RS00600	620.691589429289	0.22	0.154187959927268	1.41353165672884	0.157499460154082	0.326858819416152
SACI_RS00605	1235.79740218561	1.38	0.267665608768585	5.17142492634096	2.32315605891549e-07	1.20804115063605e-05
SACI_RS00610	117.990737015581	-0.21	0.277107445096127	-0.745615650312871	0.455899626114259	0.633935100691673
SACI_RS00615	673.64859715425	-0.58	0.177942049928442	-3.2709956892123	0.00107169544034006	0.0095830626199525
SACI_RS00620	12453.8610340931	0.56	0.14860813791624	3.74378574735828	0.000181268238569892	0.00242512264805157
SACI_RS00625	109.924820870246	1.13	0.330565286219392	3.42506503560375	0.00061465226730624	0.00625085479223615
SACI_RS00630	2029.57850422895	-0.35	0.300760490583644	-1.16652865667985	0.243400769309341	0.431113444869245
SACI_RS00635	1017.9621786223	-0.25	0.197764039138635	-1.24048862642218	0.214794718413465	0.400274279836935
SACI_RS00640	630.908833804278	-0.34	0.245267374627813	-1.36907526410031	0.170975749528525	0.345968550440981
SACI_RS00645	391.798832638954	-0.46	0.282529761786321	-1.62638997500734	0.103866722096079	0.247801904198801
thiC	2077.84835801044	-0.56	0.578536364223618	-0.967246533575256	0.333420804821203	0.526896638811488
SACI_RS00655	838.189550880484	0.17	0.205719562667843	0.849957493375267	0.395348719070782	0.581419994535259
SACI_RS00660	144.020079698317	-0.47	0.389529961665211	-1.21851669826336	0.22302768316376	0.408686366222954
SACI_RS00665	1443.43432523353	0.34	0.247585702884712	1.3533131459759	0.175955611220613	0.353707997464632
SACI_RS00670	219.42068446045	-0.47	0.222156983370173	-2.13667844499056	0.0326241543627247	0.110865806934241
SACI_RS00685	524.083967581215	-0.02	0.46591405605442	-0.0506300391973424	0.959620325696846	0.981063982382326
SACI_RS00690	980.809910431013	-0.37	0.176993498151293	-2.09721232229577	0.0359747841753561	0.118738329565606
SACI_RS00695	425.902292360462	-0.04	0.190392451042699	-0.221175469608827	0.824955808707089	0.908704320062644
SACI_RS00700	4270.71449516376	0.16	0.206868303988165	0.757995047986498	0.448453947275727	0.628656703302088
SACI_RS00705	4257.53739087427	0.05	0.192571729668313	0.258129087050114	0.796307283834607	0.890399641001166
SACI_RS00710	316.976154821042	0.17	0.445037188436777	0.376678767748735	0.706412343474966	0.831641357803078
SACI_RS11970	641.705654749642	-0.20	0.276447089659001	-0.716655625792416	0.47358661248676	0.650787598074649
SACI_RS00720	1569.66361052558	-0.19	0.220555986322462	-0.877195893895079	0.380380245965061	0.569433980380069
cysS	2058.72821963289	-0.05	0.22807248755793	-0.239942402238791	0.810374908611483	0.897878754982771
SACI_RS00730	203.809418279374	-0.49	0.252724708364031	-1.93837464281346	0.0525775317548463	0.153013387028887
SACI_RS00735	2545.82415591238	0.47	0.280448681652055	1.69195984365059	0.0906536304022892	0.224677522831573
SACI_RS00740	4258.51848629799	0.24	0.417679549588986	0.584781082070953	0.558694926313673	0.726303404207775
SACI_RS00745	257.862586112155	0.04	0.247453573949245	0.165835406470865	0.868286481566549	0.934911314170537
SACI_RS00750	3418.56898501053	-0.19	0.24023630823834	-0.774208541401994	0.438807478048545	0.621775531877527
SACI_RS00755	637.247996938881	-0.02	0.206268714199831	-0.108566418987724	0.913546397037514	0.957896281115418
SACI_RS00760	249.791990793688	0.25	0.203183365969963	1.23436535876282	0.217066791302012	0.403169339977965
SACI_RS00765	107.645750370693	0.12	0.297255975119374	0.40904535194499	0.682506379307135	0.819491245323767
SACI_RS00770	530.907643749427	0.00	0.232105549954472	0.0200531356611342	0.984000984943469	0.993008683450824
SACI_RS00775	798.654237314303	0.30	0.146054764512316	2.03150147002953	0.0422041505700647	0.132326096667916
SACI_RS00780	974.173729742749	0.33	0.148658883191595	2.21590884485538	0.0266977456663015	0.0959308827331511
SACI_RS00785	1675.35300056206	0.43	0.194753292161731	2.18346808578658	0.0290013567127428	0.102078849425695
SACI_RS00790	961.709349358739	1.48	0.295118201877743	5.02317300087383	5.08247241463905e-07	2.25924096366858e-05
SACI_RS00795	441.142333803828	1.86	0.278276381007526	6.68130094024674	2.36830314837682e-11	5.02080267455887e-09
SACI_RS00800	793.605058098067	1.13	0.255857289593935	4.40929562650112	1.03707376021173e-05	0.000259834116649412
SACI_RS00805	907.106101062861	0.31	0.225476775317993	1.39245378034114	0.163785028499965	0.336859357123808
SACI_RS00810	169.500518531016	-0.32	0.246383964361642	-1.30082851357274	0.193317159663249	0.376258539570561
SACI_RS00815	1102.39523895574	-0.60	0.156403347960764	-3.82752020140576	0.000129440763493927	0.0018017108292387
SACI_RS00820	184.931311240123	0.05	0.196711495213845	0.243540790271668	0.807586490036226	0.896897517230781
SACI_RS00825	258.203222107757	-0.09	0.179872770719097	-0.509922757152667	0.610105577945099	0.765339541564267
SACI_RS00830	921.576711937645	0.17	0.143929483914479	1.16223437964171	0.24514027324075	0.431992677636873
dph2	2424.53194978936	0.05	0.16431866135504	0.294139947790685	0.768650966411742	0.875836774923136
SACI_RS00840	3220.92803898156	-0.58	0.182063709445606	-3.16722711248277	0.00153900074756076	0.012474959000816
SACI_RS00845	109.304278089942	0.66	0.260834861481345	2.5319570067099	0.0113427898083799	0.0524068129228823
SACI_RS00850	617.64587650143	0.73	0.17437680752981	4.20015306483039	2.66734596093674e-05	0.000532696048430556
SACI_RS00855	722.126942335193	0.69	0.17657903539613	3.89229852692598	9.92989530578986e-05	0.00148732562297592
SACI_RS00860	868.723844691539	0.20	0.156937230983857	1.24984115423875	0.211357579160615	0.39625951575963
SACI_RS00865	1149.50971903051	0.66	0.28283550059576	2.32244458675603	0.0202090089125891	0.0801381705943821
SACI_RS00870	1441.34363142042	1.08	0.362184434670778	2.99291682338032	0.00276325046602831	0.0189913174173916
SACI_RS00875	1086.56891918023	1.19	0.397218331760364	2.98851149763163	0.00280339952337364	0.0191716354501681
aroF	842.341966857857	0.76	0.37579105837697	2.01828625717873	0.0435614571520108	0.135045417222657
aroB	530.010391928942	1.06	0.404940931425724	2.61267969686597	0.00898354517814815	0.0443703414175203
SACI_RS00890	203.889652956143	1.21	0.39199494869342	3.09695157543326	0.00195521810586736	0.0145637327020822
aroC	138.468408463426	1.36	0.40599119858548	3.35881410802091	0.000782777042565106	0.00743908113554977
SACI_RS00900	246.339562377937	0.99	0.344964278952521	2.86755280825665	0.00413659763881837	0.0249841840229427
aroA	323.998862100342	1.12	0.362736092744476	3.07843803423687	0.00208088800396524	0.0153751403188424
SACI_RS00910	159.006222273772	1.18	0.41822466971713	2.83231347212562	0.004621251960886	0.0270853221098417
SACI_RS00915	64.5612617770615	-0.17	0.295507420952385	-0.585004313722511	0.558544816226338	0.726303404207775
SACI_RS00920	283.561795915659	0.41	0.330666458930772	1.23278717159784	0.217655178719286	0.403169339977965
SACI_RS00925	499.190746043777	0.45	0.200683856139881	2.235503959251	0.02538428198969	0.0929306891160442
SACI_RS00930	652.689480697809	0.29	0.15431931276889	1.90955448359512	0.0561906003416684	0.160146116382252
SACI_RS00935	283.434196954225	0.24	0.152601411043802	1.57822694334422	0.11451348254625	0.264729371884051
SACI_RS00940	9492.9700247766	1.88	0.415801670902592	4.51118667419506	6.4465955127331e-06	0.000174184482677377
SACI_RS00945	5654.0096317244	-0.16	0.134620241544202	-1.22512585402285	0.220527805358135	0.406165201677921
SACI_RS00950	633.692680897376	-0.33	0.191559077029353	-1.73896067971838	0.0820416795127858	0.211314830595549
SACI_RS00955	3004.79259972826	-0.20	0.165699614879508	-1.18659915223633	0.23538577047526	0.423725136139659
SACI_RS00960	1082.01006741578	-0.22	0.179593138710132	-1.25004248294907	0.21128402880218	0.39625951575963
nucS	307.42057462568	-0.28	0.341362117532658	-0.824165673983059	0.409845428198394	0.593554387869035
SACI_RS00970	297.583227175218	-0.08	0.223481373303534	-0.376755779978194	0.706355105651554	0.831641357803078
SACI_RS00975	799.622762662601	0.45	0.242612389643216	1.8527628457285	0.0639163577776656	0.175571596896676
SACI_RS00980	692.227957470375	-0.83	0.360286315508375	-2.31506270238816	0.0206095008246702	0.0807962791931593
SACI_RS00985	1163.89697287056	-0.81	0.304731523688982	-2.649965059873	0.00805000955466458	0.0406333815616402
SACI_RS00990	1845.0180808153	-0.15	0.27087029795324	-0.566402970270755	0.571119876053646	0.735516999254134
SACI_RS00995	2526.86917242527	-0.32	0.33356774917372	-0.956612672675431	0.338762790047116	0.53198304807399
SACI_RS01000	455.100858381134	-1.19	0.306105015489749	-3.87568112353431	0.000106326853776476	0.00154229899477878
SACI_RS01005	5915.9441921251	0.35	0.224173673841704	1.57968356141187	0.114179352067864	0.264435541427759
SACI_RS01010	6845.81724677153	0.41	0.255449737257478	1.59342416105412	0.11106506911824	0.260064002115438
SACI_RS01015	955.353168854777	-0.06	0.135898731694781	-0.437991437361837	0.661392490547918	0.80497598632758
SACI_RS01020	610.75452686213	0.03	0.193396525993281	0.152415611147947	0.878859145010543	0.939176348836393
SACI_RS01025	1524.94320796414	-0.10	0.1860033839416	-0.528093506517163	0.597434437537031	0.753905361653872
SACI_RS01030	799.332323920033	-0.25	0.289576278270557	-0.852616705735443	0.393871895305504	0.579866956977548
purT	619.8212149819	-0.69	0.404882221604766	-1.70161295036912	0.088827948234461	0.221714348360353
SACI_RS01040	60.9168725079027	0.24	0.305846698416303	0.800399755367162	0.423479222698114	0.608185897736322
SACI_RS01045	358.932073242017	0.29	0.311738428948278	0.924701082530537	0.355121416180645	0.546843468394496
SACI_RS01050	634.628279414062	0.24	0.151709836202945	1.60451492447439	0.108600597418392	0.255160482936989
SACI_RS01055	113.812654893461	0.16	0.344065020128923	0.456691693419233	0.647892662191386	0.797495389459339
SACI_RS01060	153.856656881858	-0.10	0.285512610398591	-0.364184368737968	0.715720338646686	0.840087416230949
SACI_RS01065	139.160247962839	-0.10	0.242142164110839	-0.417099098132948	0.676605924567361	0.816710545893018
SACI_RS01070	422.488293613833	-0.31	0.166725937636648	-1.85348782985917	0.063812468914146	0.17551613206326
SACI_RS01075	194.331168982146	0.31	0.208638390012468	1.4914857108784	0.135834019995894	0.296355485562214
SACI_RS01080	134.459261742527	0.56	0.286490623345893	1.97204684829397	0.0486042587196673	0.145569431374119
SACI_RS01085	275.394581869904	0.71	0.255766868136041	2.78343382183809	0.00537868339680182	0.0303763349212824
SACI_RS01090	1414.73101577959	0.51	0.139451556136229	3.6423995998724	0.000270108340484794	0.0032793770324938
SACI_RS01095	854.024821057531	0.16	0.147813214963407	1.07324602375451	0.283160745922785	0.470682156672614
SACI_RS01100	1075.91743525738	0.21	0.221961736059657	0.955293657622464	0.339429213963534	0.532726032849374
SACI_RS01105	77.9668923118165	-0.56	0.323440897432604	-1.71980916815667	0.0854671355354285	0.216495795529082
SACI_RS01110	18.3478234349431	-0.59	0.521238572893178	-1.12872634269662	0.259013293108925	0.44788345426318
SACI_RS01115	34.7640845418494	0.13	0.415915163569604	0.322456728041141	0.747106714435669	0.861877817071873
SACI_RS01120	407.333811992609	-0.03	0.207750149833898	-0.164029485742552	0.869707931911125	0.93519900910927
SACI_RS01125	1289.57336611654	0.32	0.19348353818095	1.6621200101105	0.0964887141887022	0.235121924229941
SACI_RS01130	137.842831452269	-0.31	0.507508154196889	-0.618318242053244	0.536365579341471	0.706102102717991
SACI_RS01135	712.342125560036	0.13	0.1890018500566	0.669675698768126	0.503064546341663	0.676315068154938
SACI_RS01140	624.250363249661	0.10	0.169813473794759	0.572131483026942	0.56723290160384	0.732221956356058
SACI_RS01145	681.7492835392	1.10	0.354980149827534	3.10164965134835	0.00192445571895139	0.0144722677721501
SACI_RS01150	250.630215614367	0.59	0.366107567414103	1.6184208904019	0.105571922944461	0.250608285645938
SACI_RS01155	376.444641780258	-1.64	0.303871390998021	-5.3894923630639	7.06569822903009e-08	4.14320517429935e-06
SACI_RS01160	440.829112728864	0.29	0.181826132374945	1.57787473331346	0.114594390659533	0.264729371884051
SACI_RS01165	2011.7707343201	0.35	0.543942204474365	0.635059577354509	0.525389559376271	0.697146666172847
SACI_RS01170	352.07273511532	-0.25	0.320416058505099	-0.770217218351567	0.441171051813928	0.623719716692833
SACI_RS01175	449.050307823779	0.66	0.267263834076139	2.47723494808846	0.0132404710830814	0.0583851812879559
SACI_RS01180	5452.36991795606	0.80	0.243403564406914	3.27798635270917	0.0010455045023576	0.00941637388397888
prpB	1365.99374134933	0.14	0.142898291774699	0.951666852530975	0.341265965275453	0.533784903688506
SACI_RS01195	1300.62139152487	0.58	0.195435206861742	2.96739359833049	0.00300336213850237	0.0201393334640207
SACI_RS01200	4480.90646276597	0.20	0.279061992887774	0.704290345956527	0.481251977197577	0.654977999583468
SACI_RS01205	1708.59908092882	0.76	0.203591466510784	3.75408877874659	0.000173973199584264	0.00236192186233612
SACI_RS01210	211.312846298063	0.47	0.214837195945621	2.19368323480359	0.028258189916405	0.0997177610878517
SACI_RS01215	272.398720967945	-0.08	0.216927286996653	-0.385934245382759	0.699545367548653	0.829955603098238
bluB	292.160473756229	0.37	0.377310549373893	0.975133112583916	0.329494235418813	0.523077475809561
SACI_RS01225	99.3566545646616	-0.59	0.319521941725203	-1.8314728355785	0.067029998630536	0.18146824776597
SACI_RS01230	3186.5526254677	-0.80	0.339784592338839	-2.36822101289186	0.0178738550124283	0.0732743410989491
SACI_RS01235	8443.75808746419	-0.79	0.312056056140332	-2.51780547706903	0.0118088518930235	0.0539721323667872
tatC	2032.24832628417	0.52	0.232794590192133	2.22341917716115	0.0261875477570948	0.0946699051808864
SACI_RS01245	2376.35041055739	0.37	0.241713508492045	1.53662213135874	0.124385869749102	0.27915916696134
SACI_RS01250	4561.11925219157	0.09	0.269771837614056	0.347140762550608	0.728485571273736	0.848207112137903
SACI_RS01255	983.146305891258	0.81	0.192035970318412	4.24177364861333	2.21760286945117e-05	0.000459527331444168
SACI_RS01260	1428.86161914852	1.48	0.234998715441156	6.3148289353333	2.70460476281434e-10	3.54947177443634e-08
SACI_RS01265	400.658545110516	0.65	0.235469896812762	2.76114936849185	0.00575983270592826	0.0316217110309528
SACI_RS01270	27.0011386109587	1.13	0.678384382791392	1.66437386524047	0.0960377394827793	0.23464539894906
SACI_RS01275	363.566412921988	0.45	0.227421654048411	1.96536486260358	0.0493720232662391	0.146626396682926
SACI_RS01280	1833.11445999654	-0.67	0.240522177341845	-2.79240483274953	0.00523178547773658	0.0297294861374062
SACI_RS01285	194.812957483869	-0.22	0.264993182782638	-0.831817283665295	0.405512086594021	0.591005452487109
SACI_RS01290	1089.78793243787	0.00	0.239700719967222	0.00717092449920548	0.994278479090935	0.995936119047523
SACI_RS01295	728.942667986912	-0.06	0.238509816916054	-0.26470357281096	0.791237824943124	0.888611021003769
SACI_RS01300	1241.58440488744	0.19	0.240374492292397	0.771721527137436	0.4402793778848	0.62290039294174
SACI_RS01305	287.566024365221	0.36	0.240303292991536	1.50074402053669	0.133421782558323	0.292562011062411
SACI_RS01310	269.678299286958	0.32	0.259151516023927	1.23372506307798	0.217305371363652	0.403169339977965
SACI_RS01315	692.459866364864	0.18	0.159862793791153	1.12438719919744	0.260848800145637	0.448857688176521
SACI_RS01320	375.528279379355	0.11	0.137289355558647	0.812752700250608	0.416359859330895	0.599836786364844
SACI_RS01325	273.416428806958	0.29	0.242871970949317	1.19008274733983	0.234013870550462	0.422635797665185
thiD	649.772595926623	0.17	0.154708832503499	1.13051634768622	0.2582587139573	0.447086065117034
cas4	568.756417232461	0.52	0.165261184352226	3.15348406303166	0.00161334037379601	0.0128507689889648
SACI_RS01340	1356.69974863733	0.61	0.14433552040932	4.23209572138377	2.3152382812213e-05	0.000475970677169362
SACI_RS01345	3215.94760939377	-0.98	0.444992592051835	-2.19653957681189	0.0280533456589689	0.0992490637177384
SACI_RS01350	18827.4009131643	-0.61	0.471270507483666	-1.29858102186257	0.194087754420475	0.377441877314257
SACI_RS01355	1247.55128825637	-0.43	0.300797768187724	-1.44490038053352	0.148485869435775	0.31600544877606
SACI_RS01360	557.103770118549	0.35	0.123444298779111	2.86774410403921	0.00413409755151071	0.0249841840229427
queC	620.032726657846	-0.97	0.272648524371362	-3.5522879446706	0.000381896698453003	0.00429594816708765
SACI_RS01370	533.891605549554	-0.04	0.178632890684241	-0.25131512578976	0.801570481674982	0.893298927414578
SACI_RS01375	1912.38210221213	-0.19	0.172579899321192	-1.1003825654376	0.27116547153748	0.460179827313606
SACI_RS01380	542.483404133415	-0.04	0.178743856105893	-0.240197415052205	0.810177217522277	0.897878754982771
SACI_RS01385	261.565373863716	-0.03	0.215861226854463	-0.149101516434243	0.88147352932584	0.940147463940408
SACI_RS01390	179.521181897396	1.26	0.268152776732996	4.71016629589102	2.47514752382395e-06	8.21868262127566e-05
SACI_RS01395	481.34536064284	0.84	0.292525498931042	2.88602520863458	0.00390140906887795	0.0240006325755081
SACI_RS01400	135.929291055806	-0.20	0.23007629004599	-0.865876381711868	0.386557956396695	0.574290644458985
SACI_RS01405	219.213660754018	-0.14	0.211480907577143	-0.682737249127732	0.494772887763435	0.669084435071653
SACI_RS01410	60.3254546014849	0.09	0.279036769868568	0.326121251367683	0.744332618963316	0.860305405186198
SACI_RS01415	1489.32852975545	0.49	0.196491135858825	2.51173036199445	0.012014084540297	0.0545482981763731
SACI_RS01420	1161.18337298496	0.58	0.251247284368426	2.29494155512956	0.0217364739174382	0.0834341533655426
SACI_RS01425	1217.85289474379	1.62	0.273304395533534	5.91138779381795	3.39237317177009e-09	3.11646015379945e-07
SACI_RS01430	369.701075486846	0.14	0.186440515858355	0.753612230683927	0.451082098049258	0.630736814928339
SACI_RS01435	225.025607391825	0.89	0.278799627971563	3.19579085425764	0.00139448153802077	0.0116814319719916
SACI_RS01440	517.923382807186	0.47	0.36294907280971	1.28583486364068	0.198500700042667	0.381682831039419
SACI_RS01445	815.507702634502	0.39	0.396605987837849	0.994332528445163	0.320061004374141	0.514937611240592
SACI_RS01450	539.2632899152	-0.23	0.253856610868556	-0.924606813674545	0.355170467498602	0.546843468394496
SACI_RS01455	6136.45359724463	-0.53	0.241320016442657	-2.20318207003816	0.027581918528179	0.0979584632263677
SACI_RS01460	546.758615520547	0.16	0.309503457660322	0.529221491176524	0.596651809866979	0.753605827965549
SACI_RS01465	350.618018805533	-0.18	0.209055731161184	-0.880116223890083	0.378796351044254	0.567988434971689
SACI_RS01470	532.806419476554	2.00	0.671657392882797	2.97941084467026	0.00288803260548125	0.0196044774894244
SACI_RS01475	454.787413543984	0.18	0.28666155551946	0.620432279068711	0.534973226409503	0.705110574837203
SACI_RS01480	671.065556067036	1.25	0.367566497020361	3.40362397596805	0.00066498228226629	0.00663072426298492
SACI_RS01485	72.5830328674868	0.01	0.620580792006498	0.0111270577802387	0.991122075588428	0.995323508135437
SACI_RS01490	1537.11889610879	-0.84	0.561013318465893	-1.48945532565907	0.136367509016985	0.297097908972973
acs	15020.1369825206	0.01	0.397513410611866	0.0260410027987399	0.979224634025334	0.991301381078654
SACI_RS01500	99.6503613224615	0.13	0.223951016237626	0.585339739175387	0.558319299297488	0.726303404207775
SACI_RS01505	7.13346328417161	1.16	0.98340031112057	1.17690742151827	0.239232459568017	0.427300491619866
lipA	180.852386133806	0.64	0.279237006653805	2.27585654528443	0.022854597077051	0.0868038008611041
SACI_RS01515	196.136900860768	0.95	0.317885468546334	2.97339930587075	0.00294521024644527	0.0198946064686352
SACI_RS01520	50.9419222330512	0.48	0.337585489344465	1.42353643955378	0.154580706462264	0.322635472057798
SACI_RS01525	577.812430989195	0.31	0.184398758874597	1.69522623645461	0.0900325116307199	0.223597119681136
SACI_RS01530	154.109171085596	-0.39	0.236129913260385	-1.66244716102384	0.0964231495262342	0.235121924229941
SACI_RS01535	1285.38289090178	-0.14	0.358409641033796	-0.403355662107041	0.686686599119024	0.820850133348845
SACI_RS01540	3020.78583951285	0.17	0.238077010504802	0.716417796700938	0.473733409171088	0.650787598074649
SACI_RS01545	2542.96080403204	0.15	0.194885951852992	0.779993172913426	0.435394893674	0.620128334349119
SACI_RS01550	882.604303448992	0.45	0.238688909043709	1.87581740918571	0.0606803566067589	0.168413960531951
fdhD	223.804265173712	0.04	0.3496276823931	0.102686052702612	0.918212143454581	0.960741331572067
SACI_RS01560	84.8092424730176	-0.27	0.404995862376483	-0.659744752137942	0.509417642738652	0.681862565996952
fdhF	2333.75014606859	-0.41	0.364447936995302	-1.12290067836331	0.261479679394084	0.448857688176521
SACI_RS01570	580.192690269961	-0.20	0.287754829579632	-0.67767603977808	0.497977121541334	0.67208659339095
SACI_RS01575	62.0712462838686	-0.11	0.317458593777853	-0.352107773137627	0.724757439108265	0.846301234925007
SACI_RS01580	223.050545282972	0.32	0.195901286894153	1.61266763575967	0.106816735491815	0.253076613364415
SACI_RS01585	49.8839853825315	0.08	0.509545946905773	0.157969357512597	0.874480944663719	0.936676829962382
SACI_RS01590	1981.39128678961	1.47	0.575838462426296	2.55034658590625	0.0107615875872969	0.0506990348557097
SACI_RS01595	963.48784803052	1.74	0.641392026601413	2.71024024105228	0.0067234489526651	0.0354977496428065
SACI_RS01600	1422.66551548695	1.25	0.597918338093246	2.08427011210298	0.0371356043870256	0.121840149631717
SACI_RS01605	2707.16964366791	1.03	0.605484673860758	1.69404011669877	0.0902576602027742	0.223897490115973
SACI_RS01610	9930.21304960052	0.73	0.645969177977751	1.12267402966121	0.261575961662926	0.448857688176521
SACI_RS01615	352.574513298827	0.30	0.583378381142982	0.509209609833114	0.610605307870029	0.765617938348408
SACI_RS01620	6359.60849914276	0.52	0.406953519091976	1.26832243488244	0.204682828451445	0.38920838623372
SACI_RS01625	2742.57740606189	0.38	0.388783097602428	0.977584441159858	0.328279895614057	0.522405762669447
SACI_RS01630	10912.231027112	0.52	0.379172817921718	1.36939656122491	0.170875348597973	0.345968550440981
SACI_RS01635	4406.60529355111	0.39	0.508888907184329	0.768442256659419	0.442224483715591	0.624050525919186
SACI_RS01640	5497.87986969774	1.90	0.388866075587534	4.87332686207491	1.09734440387321e-06	4.03237490276608e-05
SACI_RS01645	4488.63404473025	2.09	0.434128613961677	4.82190684684074	1.42192350095226e-06	5.02412970336465e-05
SACI_RS01650	1244.93580658472	0.91	0.444029688310446	2.04553607775572	0.0408020361337922	0.129551165420197
SACI_RS01655	1073.15288692429	1.21	0.439063815244487	2.75325751463209	0.00590054632022646	0.0322656858304447
SACI_RS01660	153.241268185156	0.07	0.361272391510996	0.205914363317222	0.836857805567319	0.91559353399902
SACI_RS01665	479.558382659045	-0.17	0.293732544823964	-0.576323337395522	0.564396651472562	0.730270972515672
SACI_RS01670	127.176890059745	-0.17	0.298318009607328	-0.555779424446888	0.578361652930412	0.73828842773331
SACI_RS01675	135.25226732623	-0.09	0.359093923132072	-0.250633607299524	0.802097395990058	0.893524827545918
SACI_RS01680	640.90793859089	-0.43	0.441315844467042	-0.966283318389245	0.333902431011523	0.527053321802839
SACI_RS01685	528.959818325475	-0.33	0.473724676276286	-0.692337279637554	0.488725543843438	0.66383814629498
SACI_RS01690	549.211374876384	-0.40	0.477392376663074	-0.84668727210234	0.39716945493448	0.583786142826361
SACI_RS01695	216.401127236488	0.75	0.264051699625971	2.85270863069377	0.00433483471877941	0.025747423458957
SACI_RS01700	132.874169634136	0.93	0.291466301082467	3.18930649330742	0.00142614583550321	0.0118387286826712
SACI_RS01705	472.118041550536	0.25	0.270422258006229	0.942426297576962	0.345974428693878	0.538703686712049
SACI_RS01710	344.28768328089	-0.53	0.452961612346699	-1.16135210853146	0.245498736538562	0.431992677636873
SACI_RS01715	1106.00392257857	-0.03	0.423395957515474	-0.0825151383175637	0.934237080748819	0.965051497205302
SACI_RS01720	216.294582955383	0.69	0.400292363995253	1.71741179790199	0.085903957543255	0.217003947744465
SACI_RS01725	185.208548595237	0.88	0.437430746172606	2.02266129309329	0.0431080801672177	0.134395779344855
SACI_RS01730	316.260989125926	0.65	0.213707350472881	3.06205242191873	0.00219824950941332	0.0160274488040823
SACI_RS01735	2733.30999525493	0.38	0.383886470065737	0.983541028633583	0.32534123266851	0.518995841316778
SACI_RS01740	293.960457039288	0.32	0.409903118338898	0.769540536536264	0.441572489800416	0.623719716692833
SACI_RS01745	2785.90650843459	0.12	0.541111158109868	0.21754392957952	0.827784475758692	0.910222685782567
SACI_RS01750	26.4318800252326	-0.52	0.447112905607746	-1.16448658218768	0.244226877860057	0.431467484219433
SACI_RS01755	919.705680330346	-0.40	0.249083901014387	-1.60467215814836	0.108565972226702	0.255160482936989
SACI_RS01760	5794.51811162537	-0.42	0.525205416776615	-0.803880232333375	0.421466147451762	0.605926292319799
SACI_RS01765	1277.37408505946	-0.33	0.238148635706624	-1.39001348758593	0.164524781731795	0.337876526417904
SACI_RS01770	192.04524205142	-0.11	0.296189374279889	-0.383948206503129	0.701016835892965	0.830214784690725
SACI_RS01775	1730.69332487481	0.44	0.149215524376296	2.96983813791028	0.00297956696943618	0.0200285038238198
SACI_RS01780	488.592782971618	0.77	0.209753182883961	3.66569158645407	0.000246671060915683	0.00307916642687273
SACI_RS01785	1328.38385980815	0.32	0.143904617807056	2.25151957833855	0.0243526482884116	0.0904526936426716
SACI_RS01790	728.73107526058	0.58	0.137127977275878	4.22441183670502	2.39565610660318e-05	0.000481929067868493
SACI_RS01795	862.781939337228	-0.60	0.237969113886215	-2.52758126861263	0.0114851239641523	0.0529163009364569
SACI_RS01800	452.042567956194	-0.11	0.241802064120778	-0.434804120004059	0.663704614133562	0.805824375771366
SACI_RS01805	1235.02310294616	-0.34	0.198061644511222	-1.71692467768528	0.0859929352838116	0.21702978904962
SACI_RS01810	240.911301963157	0.28	0.166366888456081	1.67578953863199	0.0937794239706306	0.230353023585613
SACI_RS01815	834.524048391087	-0.15	0.166181145933719	-0.894816048706279	0.370885429807267	0.561010013473561
SACI_RS01820	5004.97734261451	1.25	0.331730175892952	3.77329838106752	0.000161103419549487	0.00220896031979297
leuS	11416.7726748463	-0.03	0.114061523293302	-0.288637352508369	0.77285890832142	0.877486012016211
SACI_RS01830	504.122407923237	0.23	0.157766610637694	1.47725876658471	0.139606286352359	0.302956634005592
SACI_RS01835	694.118905119079	0.03	0.159494715120466	0.162783749916715	0.870688703288802	0.935523612578534
SACI_RS01840	103.365016890996	-0.20	0.228299803486396	-0.860809534856841	0.389342952697719	0.576245511689892
priX	88.4274816853481	0.26	0.271876990604825	0.97182930326978	0.331135475220412	0.524789746812798
SACI_RS01850	245.937693052087	0.58	0.223770145144388	2.58975478596782	0.00960443196251079	0.0465198848658695
SACI_RS01855	885.711226544687	-0.27	0.300042130968829	-0.895153957149874	0.370704793699995	0.561010013473561
sfsA	218.614027713432	0.61	0.309367109050589	1.98263029816003	0.0474087404871635	0.14346508724332
SACI_RS01865	929.413185473728	0.29	0.20505743308991	1.42331472088643	0.154644941432638	0.322635472057798
SACI_RS01870	83.4470213501669	0.21	0.65321757211919	0.327528437244679	0.74326823817316	0.859969464485822
SACI_RS01875	4430.40117061195	0.31	0.438803498661075	0.716111329566647	0.473922608612417	0.650787598074649
SACI_RS01880	826.404679862981	-0.81	0.43732173893102	-1.8634947646802	0.0623926884312498	0.171977152721925
SACI_RS01885	4528.0261127345	-0.29	0.155218101373812	-1.87436147048754	0.0608806202652557	0.168630140151804
SACI_RS01890	4939.56435523777	1.82	0.356741557713428	5.11255815806918	3.17825090752977e-07	1.51021715537104e-05
SACI_RS01895	2168.49397774843	2.09	0.310449874761674	6.73658800290392	1.62149102228374e-11	3.72402438117832e-09
SACI_RS01900	558.427656439915	-0.00	0.185071973355833	-0.0256932585329399	0.979502000994911	0.991301381078654
SACI_RS01905	280.647764233745	-0.38	0.208893141796509	-1.83963916265461	0.0658212307462495	0.179075332612699
SACI_RS01910	233.410405159313	-0.21	0.150799373892298	-1.40675833071388	0.159499062510252	0.32902650919031
SACI_RS01915	75.3378018344655	-0.13	0.204125462408729	-0.649790472385357	0.51582757408379	0.688199558092213
SACI_RS01920	245.492311021844	-0.05	0.221996253288515	-0.2153215810292	0.829516604995882	0.910815841979542
SACI_RS01925	401.702099571233	-0.40	0.138143904380467	-2.91378720848684	0.00357073208650189	0.02265357829718
cobM	530.92983598388	0.08	0.239118398150806	0.328938207736517	0.742202394213348	0.859096933411167
SACI_RS01935	336.489492762338	0.24	0.253320232516932	0.962768681461054	0.335663620870786	0.528320353580746
cbiT	141.153933678353	-0.08	0.377146082279798	-0.216695019196757	0.828446029889217	0.910222685782567
cbiD	464.003908582384	0.21	0.31389567431562	0.671778031309717	0.501725016423983	0.675502757823399
SACI_RS01950	942.193896739765	0.14	0.335795079785259	0.415447046214461	0.677814672455081	0.816710545893018
SACI_RS01955	1162.44656471089	-0.18	0.426539745155434	-0.431530352540273	0.666082787758484	0.808332964800697
SACI_RS01960	133.342529209581	-0.31	0.25918170821237	-1.17831722611164	0.238670162852405	0.426849428177306
cbiG	247.732071716173	-0.03	0.264978384475088	-0.108912341863551	0.913272017488299	0.957896281115418
SACI_RS01970	355.798884430642	-0.49	0.275872961356451	-1.77045400367679	0.0766515402827145	0.202154684228862
SACI_RS01975	490.813883060736	0.27	0.238746236670395	1.14689453211391	0.251425212812807	0.439675054893463
SACI_RS01980	355.742356763428	-0.11	0.248666120924815	-0.458893552359653	0.64631060911116	0.796971829400607
SACI_RS01985	5394.73257260314	0.48	0.270423880628981	1.76532306821336	0.077509484698685	0.203371668962842
SACI_RS01990	66.3237353019059	0.71	0.292182192671628	2.43656736730369	0.0148274072763414	0.0632574836742985
SACI_RS01995	248.004514298096	0.28	0.235444883259076	1.18106664780846	0.237576248037601	0.426096461217236
SACI_RS02000	1629.71063888821	0.19	0.174492959465549	1.08583749300858	0.277550895383638	0.465852781776679
SACI_RS02005	1021.91240390336	-0.42	0.180306663748646	-2.32696140548063	0.0199673194754929	0.0792938508277498
SACI_RS11520	107.924748208811	0.10	0.262286030781911	0.385914730519363	0.699559820753704	0.829955603098238
cobS	45.7263768867949	-0.20	0.361306301965705	-0.561297440080098	0.574594786413547	0.736207917878073
SACI_RS02015	346.051291580654	-0.13	0.168868259312453	-0.759844474148842	0.447347555139834	0.627608350905257
SACI_RS02020	232.763606827094	-0.79	0.365419117527805	-2.15291170429085	0.0313256184606662	0.108051820372461
htpX	4562.99689111843	1.86	0.332803907321884	5.59573816524222	2.19685039576947e-08	1.51362992268516e-06
SACI_RS02030	164.461168389454	0.35	0.175103577193383	1.98013962655744	0.0476878415342272	0.144028255500151
SACI_RS02035	99.6467851096068	0.99	0.201658394627984	4.91725159873229	8.7767718877002e-07	3.40687089049321e-05
SACI_RS02040	517.481946757101	1.62	0.237287901373886	6.81235341029159	9.60148752385722e-12	2.40560905597732e-09
SACI_RS02050	1388.16049045844	0.75	0.220901902509485	3.41621794875222	0.000634974041891041	0.00638681919507924
SACI_RS02055	1032.12077993159	0.33	0.205074718838642	1.62604477322234	0.103940131079033	0.247801904198801
SACI_RS02060	2503.27216476336	-0.29	0.157426666141094	-1.86343564594446	0.0624009988105678	0.171977152721925
SACI_RS02065	555.555645678103	-0.41	0.207398178493681	-1.96599366708806	0.0492993421514808	0.146626396682926
SACI_RS02070	2716.0550984803	-0.46	0.196244186788797	-2.31893181963165	0.0203987334836359	0.0806963553052182
SACI_RS02075	84.0971843423564	-0.15	0.252427228897867	-0.605686701561511	0.544722816393191	0.715565339361122
SACI_RS02080	82.0332648741051	0.18	0.267652169237594	0.678251361833429	0.497612331765747	0.671935123148652
SACI_RS02085	936.492798783707	0.02	0.134280986715096	0.158222486555692	0.874281485226204	0.936676829962382
SACI_RS02090	971.529111368704	0.33	0.172227298011877	1.92802054167896	0.0538525711741866	0.155086401416989
SACI_RS02095	336.66805241157	-0.41	0.23659385939673	-1.71546449187347	0.0862601001298372	0.217504881937632
SACI_RS02100	9580.2168862708	-0.29	0.446702942451077	-0.64341175961304	0.519956954916938	0.690603068795702
SACI_RS02105	75.043036051299	-0.17	0.417017217021789	-0.398693092296743	0.690119358318859	0.823719771124632
SACI_RS02110	159.286694307591	0.33	0.263574808907528	1.26196322039034	0.206962021226759	0.391594978842785
SACI_RS02115	1280.22712881834	0.16	0.169784535130923	0.953539656947663	0.340316713159803	0.533207994012745
SACI_RS02120	560.617694279189	0.21	0.201520977775312	1.04930002537036	0.294040054352839	0.48583596510577
SACI_RS02125	166.562933976483	0.18	0.151859316381744	1.16791235241719	0.242842121022607	0.4309573648215
SACI_RS12010	36.0404255385019	0.37	0.358042060568857	1.04056628959655	0.298076883380287	0.489421264397512
SACI_RS02130	357.935359579445	0.11	0.268148221693902	0.403667609935022	0.686457160903564	0.820850133348845
SACI_RS02135	989.772881273179	0.33	0.159797034336047	2.06039641297274	0.0393606595458285	0.126284025271599
SACI_RS02140	90.5889817812454	0.66	0.323681317724376	2.0310130948434	0.0422536662575966	0.132330800234018
SACI_RS12015	1.59137398203416	-0.61	1.68927167000375	-0.362505470724292	0.716974336103334	NA
SACI_RS02145	178.496360559308	0.55	0.25018931695591	2.21284596356327	0.02690826718609	0.0964095419993185
SACI_RS02150	3018.50957198828	-0.18	0.121956781127075	-1.45265413580076	0.146319807148498	0.314063386683226
SACI_RS02155	5.72183321180774	0.14	0.695724327830993	0.204963048859647	0.837600994836004	0.915954227694154
abfR1	1884.72829124371	0.30	0.339041313464723	0.888904945880397	0.374054167148782	0.563637662472412
SACI_RS02165	310.862268812007	-0.14	0.162887043606322	-0.829502805049819	0.406819950193158	0.591811927407429
SACI_RS02170	192.310505067362	-0.28	0.182562112076905	-1.54907149495179	0.121364534341626	0.274389381989764
cbp1	983.383179454221	2.43	0.267123935093395	9.09086581989529	9.82534673409135e-20	9.02621853305192e-17
SACI_RS02180	1248.54846831768	0.24	0.165267548168143	1.46843661591529	0.141985661615583	0.306911751696115
SACI_RS02185	21956.9591571972	-0.69	0.551211357248165	-1.25657076994741	0.208909104671796	0.393812238355315
SACI_RS02190	464.38905206732	0.32	0.221475652916751	1.43863103157008	0.150255089404851	0.318295946502513
SACI_RS02195	433.536018665042	0.36	0.255787409774067	1.42376631786984	0.15451412893222	0.322635472057798
SACI_RS02200	192.552364184201	0.37	0.171010867491843	2.14833458166882	0.0316871855793317	0.108780016267076
SACI_RS02205	139.323404463991	0.32	0.243614507336643	1.33005310867433	0.183500773702758	0.362543416830565
SACI_RS02210	8004.16907605929	-1.28	0.385491040798353	-3.30902731284887	0.000936207036041125	0.00865834426620584
SACI_RS02215	8.91617929743844	-0.19	0.655959913819037	-0.295048884307107	0.767956536711335	0.875836774923136
coaBC	1084.4525583554	0.18	0.133396083677834	1.38527790821377	0.165967506173386	0.339362496291842
SACI_RS02230	69.0627821600648	0.32	0.257345200830593	1.25609328690363	0.209082149765695	0.393869039476593
SACI_RS02235	144.221075253766	0.11	0.226915471361598	0.502303203350629	0.615454256254235	0.769946405009838
SACI_RS02240	237.375057080148	0.01	0.189483136875551	0.0281778396111224	0.977520311633908	0.990473190838914
SACI_RS02245	300.761566889877	0.40	0.223646014061502	1.79552515672584	0.0725700683268315	0.194219487720402
SACI_RS02250	298.453397996781	1.45	0.294550874435624	4.92429686226587	8.46642261604824e-07	3.40687089049321e-05
SACI_RS02255	140.792037726437	0.12	0.198187244459963	0.613712797432423	0.539405130184445	0.709255982246341
SACI_RS02260	102.590809408597	-0.23	0.26659316922722	-0.866244150064127	0.386356286594709	0.574290644458985
SACI_RS02265	17.6309534535121	-0.48	0.508528223624606	-0.942566321251215	0.345902773151072	0.538703686712049
SACI_RS02270	8.87042765054305	-1.15	0.591910110716908	-1.94161103335244	0.0521842061797926	0.152351347702869
SACI_RS02275	4929.07014233814	-0.05	0.205547182102107	-0.223541540073608	0.823114056655265	0.908491125407253
SACI_RS02280	2219.16583312805	0.16	0.206836528755764	0.755406343731928	0.450005208075001	0.630209429184222
SACI_RS02285	320.022577060947	0.50	0.386676940759023	1.30162004636592	0.193046303569028	0.375996899389569
SACI_RS02290	21.4213526289256	0.12	0.474143284435146	0.254498988170611	0.799110085688228	0.891999755430035
SACI_RS02295	2.53596479496776	-0.80	1.32491926147588	-0.603923353635469	0.545894601404982	0.716080686088592
SACI_RS02300	0.372137263206171	-1.27	6.2713508650419	-0.203221164548183	0.838962171060729	NA
SACI_RS02305	1.2696551055362	-0.57	2.16512040811708	-0.262262084431673	0.793119391416819	NA
SACI_RS02310	0.885072675594444	0.97	2.59335512494105	0.374770528242334	0.70783113448007	NA
SACI_RS02315	311.031008897312	-0.25	0.308224435194652	-0.796045871571174	0.426005373707664	0.611495213509543
SACI_RS02320	3.05052090214058	0.13	0.949012240217157	0.140917286575489	0.887935285707165	0.94411637631518
SACI_RS02325	5.60544344947013	-3.74	1.21295981054829	-3.08655672797779	0.00202489305470207	0.0150420626920725
SACI_RS02330	59.2367785016004	0.28	0.341580779317511	0.82598585952504	0.408812113245774	0.592992728476501
SACI_RS02335	43.4576781371118	0.52	0.380190582900458	1.37975856389751	0.167660994563291	0.34101380148814
SACI_RS02340	1060.33286614464	0.46	0.192686285748814	2.39133639613631	0.0167871638376542	0.0690528709501119
SACI_RS11795	18.8132992135456	-0.65	0.498061347273924	-1.29823486485871	0.194206640949146	0.377441877314257
SACI_RS02345	1.95708550358044	-1.84	1.61015316878283	-1.14315039501949	0.252976153719081	0.44070940559405
SACI_RS02350	78.5106322849128	-0.48	0.350863898067597	-1.36718371210899	0.171567729356378	0.346255787568687
SACI_RS02355	174.715537175747	-0.18	0.184230719447846	-1.00343020373184	0.315653337192418	0.510345359980387
SACI_RS02360	33.4410299238421	0.30	0.352705910704695	0.851864118890274	0.394289513740013	0.580171863250121
SACI_RS02370	407.489112509871	0.50	0.279608497540379	1.78307955080992	0.0745733547060157	0.198191095052825
SACI_RS02375	320.283134774996	0.12	0.187077860215911	0.629149724346776	0.529251039601699	0.699825311827058
SACI_RS02380	203.01620800591	0.13	0.174965404578616	0.732963776185948	0.46358052313176	0.641057662694997
SACI_RS02385	2223.4215232901	0.18	0.149345945959799	1.22083382425152	0.222148944288347	0.40816166030579
SACI_RS02390	1249.51459250243	0.51	0.164409494617672	3.07584429858496	0.00209907426815712	0.0154680446070616
SACI_RS02395	91.405347791009	0.05	0.267609505186155	0.174569598825257	0.861417838346076	0.931372131220786
SACI_RS02400	287.617320243529	0.72	0.246307462989936	2.93241788012872	0.00336333857121453	0.021785368936985
SACI_RS02405	238.215061156492	0.23	0.335493799409918	0.68623528760562	0.49256474887878	0.667080318383251
SACI_RS12020	5.7567145840508	-0.63	0.888101655626353	-0.704513562063124	0.481113007211824	0.654977999583468
SACI_RS02410	536.399241435537	0.18	0.137845698956043	1.28204520111033	0.199826790363968	0.38297818792983
SACI_RS02415	530.69231309013	-0.38	0.179212908031774	-2.13933242343207	0.0324087555680644	0.110476410415334
SACI_RS12025	12.5432068112167	-0.85	0.505787922866881	-1.68535478751562	0.0919201411608525	0.226796695648442
SACI_RS02420	14.5640561580145	-1.21	0.499254133597338	-2.42248400722796	0.0154148042537852	0.0649590222070828
SACI_RS02425	43.8602257476286	-1.39	0.379247895587994	-3.66428390281458	0.000248031548173347	0.00307916642687273
SACI_RS02435	4.34619340877835	0.80	1.07456553802539	0.74181546080586	0.458199151851367	0.63584937688941
SACI_RS02440	15.7724117867652	0.25	0.74218882679455	0.336564712665241	0.736445060930367	0.855130376153633
SACI_RS11495	3.39680356263603	1.37	1.21774162351776	1.12238591159046	0.261698392006549	0.448857688176521
SACI_RS12030	88.6953116232186	0.07	0.253204059082072	0.289121588897624	0.772488333208121	0.877486012016211
SACI_RS02455	708.212606824924	0.64	0.236938142355732	2.68591987620317	0.00723304315938126	0.0376829242859258
SACI_RS12035	93.5063158068941	-0.61	0.289909811901424	-2.11738725724622	0.0342269947813826	0.114477667011518
SACI_RS02465	579.316633352195	-0.29	0.199864064068074	-1.44884858465617	0.147379872318778	0.314867386132212
SACI_RS02470	34.1135823547251	0.17	0.414316094045481	0.41427185105363	0.678675026449321	0.817137777585989
SACI_RS12165	1.51914473805671	0.08	1.67162799182562	0.0469790972263232	0.962529887128051	NA
SACI_RS02475	26.1705598064287	-0.88	0.390776841618548	-2.2643926437193	0.0235499760186639	0.0885453395735848
SACI_RS11530	3.02533391985567	-0.63	1.15255841900416	-0.550636585068013	0.581882824158827	0.740041099853127
SACI_RS02480	15.875747784832	0.05	0.550830876274853	0.0857893930359057	0.931633838522749	0.964893971803343
SACI_RS11535	5.62993124689112	-0.91	1.03975755666044	-0.878871817007403	0.379470781160921	0.568381235260597
SACI_RS02495	177.425457805195	0.04	0.232462847570352	0.170805060158803	0.864377050116758	0.932376966779563
SACI_RS02500	10.3074592480844	-0.40	0.690811200967015	-0.577830383333441	0.563378640053664	0.729519613167883
SACI_RS02505	3.19991912187383	-0.37	1.06681862918688	-0.348262275069792	0.72764322267191	0.84814896114371
SACI_RS02510	36.9615118264756	1.25	0.364960866287846	3.43310912267398	0.000596701890067597	0.00613623286950111
SACI_RS02515	108.765097170616	1.32	0.285066240616009	4.62986880471533	3.6589748631398e-06	0.000114592440031969
SACI_RS02520	196.568137660774	1.39	0.261852813695467	5.31300548708802	1.07831789879438e-07	5.94368825815462e-06
SACI_RS02525	388.671183208902	1.28	0.284457254280772	4.49921750031748	6.82040488453753e-06	0.000182495493803742
SACI_RS02530	126.026057838353	1.35	0.307640717933195	4.38503880479297	1.15965104073939e-05	0.000281655701289187
SACI_RS02535	78.2632205615232	-0.71	0.320179564862019	-2.22455978802604	0.0261108046558633	0.0946699051808864
SACI_RS02540	217.145203928374	-0.13	0.217868291429328	-0.583792364466068	0.559360015993119	0.726482659791251
SACI_RS02545	130.777168520478	-0.21	0.210908353553953	-1.01854712281924	0.30841801852041	0.502067370964117
SACI_RS02550	5.7426622603373	-0.38	0.876252501282311	-0.437754742426657	0.661564081651658	0.80497598632758
SACI_RS02555	6.88509949704753	-1.48	0.752581623772777	-1.96235548883822	0.0497211111181411	0.14702938008755
SACI_RS02560	52.4588126847907	0.39	0.306922656494672	1.28091269044183	0.20022433483914	0.383473430727359
SACI_RS02565	16.8220055467814	0.08	0.538809598767234	0.151239279683645	0.879786965940336	0.939763080401038
SACI_RS02570	1475.18417337255	1.19	0.376836969259534	3.15978875893203	0.00157883563074414	0.012649043599799
SACI_RS02575	1008.59366576115	-0.08	0.148958051439949	-0.551069791248615	0.581585832870304	0.740038905435824
SACI_RS02580	6.59720789510866	-0.84	0.784793812522082	-1.06804412927138	0.285500606289562	0.473439601308324
SACI_RS02585	873.257194800235	0.36	0.181778802036311	1.96723296766125	0.049156358927808	0.146617884421038
SACI_RS02590	291.316211421528	0.38	0.394491580401028	0.965581665294724	0.334253553443297	0.527305548534474
SACI_RS02595	31.3625356716979	-0.40	0.332357863396716	-1.21560520849444	0.224135349091356	0.409626672477306
SACI_RS02600	51.8309157186784	0.10	0.330172074231672	0.290369068925155	0.771533904235092	0.877486012016211
SACI_RS02605	403.345054959946	-0.01	0.270892527848519	-0.0298118192297032	0.97621713257504	0.990248725181851
nadC	573.080011209269	-0.16	0.140242859343131	-1.16887689010354	0.242453235672236	0.4309573648215
SACI_RS02615	529.665629011957	-0.17	0.187388225265211	-0.892161443300273	0.372306405210085	0.561925768214127
SACI_RS02620	96.1723331681256	0.03	0.548068960259761	0.0468291179997097	0.962649421677227	0.981712354480995
SACI_RS02625	102.879268470201	-0.17	0.300534205955243	-0.559539052393552	0.575793886749561	0.736374919666724
SACI_RS12170	403.009324170712	0.83	0.269867864210885	3.06394817570337	0.00218436746409829	0.0159684793927185
SACI_RS02635	626.539487717315	0.88	0.155772247861799	5.65608993682506	1.54860341615212e-08	1.12314500392506e-06
SACI_RS02640	386.934056292433	0.67	0.181462007678622	3.68592515471981	0.00022787331866451	0.00288082048733665
SACI_RS02645	54.0692716025516	-0.75	0.347447230755052	-2.16304388531488	0.0305378044099752	0.105731393158155
SACI_RS02650	166.916401200549	-0.53	0.268118155371726	-1.98435589913051	0.0472161786695385	0.143312542305339
SACI_RS02655	661.716724142358	-0.50	0.195089634747203	-2.53914858069687	0.0111122619532144	0.0516448464469795
SACI_RS02660	2202.4404482827	-0.68	0.215219964447694	-3.1407907342162	0.00168492378546025	0.0132297719450953
SACI_RS02665	262.425154890535	-0.02	0.184774534690086	-0.0853066826595668	0.932017578907751	0.964928793189242
SACI_RS02670	427.517609436444	0.07	0.150641063182887	0.450947424707303	0.652027441979797	0.800002073363521
SACI_RS02675	0.565431223455253	-1.29	3.64005482461466	-0.353827660520869	0.723468042647886	NA
SACI_RS02680	1.68200019519074	0.98	2.03594511670535	0.479364754788568	0.631679162547307	NA
SACI_RS02685	218.039857236863	-0.22	0.377585385307376	-0.572602711549891	0.566913723343298	0.732152868572694
SACI_RS02690	58.5685183662497	0.03	0.369318283062136	0.0830437188784181	0.933816777006618	0.965051497205302
cedA2	68.3960344472621	1.83	0.453901629227282	4.03162032179401	5.53936247844909e-05	0.000960156162931176
cedA	610.82680663335	0.99	0.358815141968129	2.74815077873763	0.00599324412970282	0.0325786603973589
cedA1	127.936687565783	1.28	0.375367832787293	3.40320295403304	0.000666007886620943	0.00663072426298492
SACI_RS02705	709.402006686024	0.77	0.267429658600252	2.89666129546173	0.00377156706537839	0.0234637445421735
SACI_RS02710	252.669454920534	0.52	0.247079246089437	2.12026061444158	0.0339840731730621	0.113815594351283
SACI_RS02715	802.962096720541	0.64	0.24153166442299	2.66263859638557	0.00775306339734267	0.0396427508776928
SACI_RS02720	4761.5184707467	0.30	0.178460644454832	1.677183686826	0.0935065680188421	0.229887690865235
secY	11888.0879802926	0.42	0.199674654031866	2.10627301056159	0.0351806443227334	0.116794403674081
SACI_RS02730	36.0105385639096	0.67	0.477332989814722	1.40017343452126	0.161461388949873	0.33257667260527
SACI_RS02735	267.244479952871	0.76	0.251668101005386	3.00680827128178	0.0026400621778876	0.0183274845396933
SACI_RS02740	615.133875916437	0.62	0.250884377894687	2.485121854248	0.0129507096043994	0.0573828869288181
SACI_RS02745	343.539924724482	0.42	0.272532628561113	1.54821929114407	0.121569508337589	0.274627512277373
SACI_RS02750	114.30501571758	-0.04	0.402759555462809	-0.0963974249771865	0.923204937171779	0.962167652715401
SACI_RS02755	336.906362843883	0.42	0.246471383879635	1.70841415796159	0.087559522063477	0.219910392599406
SACI_RS02760	524.528877905885	0.30	0.253993517291932	1.18052856998611	0.237790054314403	0.426104934779255
SACI_RS02765	362.032265748661	0.25	0.265559572575697	0.953792862675713	0.340188502935738	0.533207994012745
SACI_RS11545	77.5013892964399	0.27	0.27404748045967	0.969493031401181	0.332299255448059	0.525425558241452
SACI_RS02770	568.65426298296	0.48	0.232826417016466	2.08266471671064	0.0372817957002182	0.122029250534206
SACI_RS02775	694.906955639548	0.61	0.234221237076313	2.58578734160583	0.00971568533922373	0.0468119384526234
rplX	109.474666684269	0.62	0.327474476182623	1.90117302958983	0.0572793525010805	0.162028450398411
SACI_RS02785	231.848527328994	0.56	0.248526078706674	2.24867868271485	0.0245329463910751	0.090999731162588
SACI_RS02790	65.5634331776884	-0.51	0.389705650949067	-1.30629648204991	0.191451752999631	0.37344036842272
SACI_RS02795	32.6921501444546	-1.12	0.491965171807981	-2.28614435444899	0.0222458148864065	0.0849161576550364
rpmC	47.6086181127571	-0.00	0.417661546735434	-0.00475646261772442	0.996204906223281	0.996566505100313
SACI_RS02805	1067.33385911954	-0.06	0.220884007852194	-0.272405151418787	0.785310512164057	0.885200724549752
SACI_RS02810	1347.8812026707	-0.14	0.216094375212397	-0.643529280606558	0.519880721609113	0.690603068795702
SACI_RS02815	1117.14946176872	-0.37	0.210447198119623	-1.77411642470703	0.0760438945139019	0.200744227279994
SACI_RS02820	1015.46543993813	-0.65	0.245355646649994	-2.66107465787415	0.00778916840316723	0.039718563185335
SACI_RS02825	179.06943916014	-0.26	0.268104607645354	-0.966551416539984	0.333768331716838	0.527053321802839
rpl4p	1755.74863274659	-0.57	0.247309476889241	-2.28850902024677	0.0221078954217705	0.084506740336199
rpl3p	4801.89593185556	-1.09	0.266359903626397	-4.09047028461543	4.30499368023402e-05	0.000770426141735386
SACI_RS02840	152.239399758855	0.62	0.225878941287307	2.76682524341093	0.00566050896281965	0.0312007254030619
ileS	4073.85719940674	0.04	0.160842332113041	0.243359451712678	0.807726952521036	0.896897517230781
SACI_RS02850	950.486765098911	-1.04	0.277916542663493	-3.75051172364198	0.000176474053344095	0.0023724999561772
SACI_RS02855	203.499658936755	0.73	0.196306446074327	3.70624761606531	0.00021035265001791	0.002696427457904
SACI_RS02860	2414.72410622984	0.55	0.214117017738289	2.57311202517823	0.010078857847848	0.0482245351192172
SACI_RS02865	17960.242084045	0.46	0.174706400431341	2.63019881215871	0.0085334947131661	0.0425285920967193
SACI_RS02870	628.955468175914	0.29	0.184767667525782	1.55072999198385	0.120966403889951	0.274163987763738
SACI_RS02875	1117.23245929693	-0.13	0.145373543855743	-0.890218780419247	0.373348422314559	0.562881975874686
SACI_RS02880	19.5612720565045	0.80	0.470773465440558	1.698872434989	0.0893432217762098	0.222429917990275
SACI_RS02885	212.681026254221	0.66	0.265082133729255	2.47752796674193	0.0132296040307068	0.0583851812879559
SACI_RS02890	645.797841703016	0.09	0.197370126385029	0.45775159159149	0.647130917907642	0.797468150774696
rrp42	3508.34254323345	0.05	0.153970233654248	0.319542385879672	0.74931525538347	0.862812988513897
rrp41	3882.02042445523	0.05	0.14337404984753	0.375515851970511	0.707276859410282	0.832303597154029
rrp4	1945.51052107089	-0.01	0.160095553645051	-0.0581676061090661	0.953615123596486	0.977965082632405
SACI_RS02910	1669.80387061606	0.05	0.15748209075216	0.29620729717811	0.767071776425462	0.875382946512866
psmA	2358.78400496616	-0.19	0.136371264929524	-1.418941272715	0.155916138235914	0.324305567530701
SACI_RS02920	152.318534927819	1.03	0.320779502676335	3.22234464005784	0.00127146097757771	0.0108824424043608
SACI_RS02925	872.938413648914	1.15	0.295410459550427	3.90013943178451	9.61373053211079e-05	0.00144783832494521
SACI_RS02930	575.832130696575	0.82	0.260843819479133	3.13164755162941	0.00173828413629038	0.0134863508996255
SACI_RS02935	2818.88328792329	0.34	0.178492684700173	1.92441901748147	0.0543020825744	0.156054785792541
SACI_RS02940	846.091306584649	0.15	0.129735873501467	1.17304334401276	0.240778424525864	0.42950507313481
SACI_RS02945	1289.00880847463	-0.35	0.184151044608128	-1.90055229495913	0.057360679082979	0.162028450398411
SACI_RS02950	2820.51918654692	-0.16	0.252201620513383	-0.646263518858313	0.518108709544315	0.689477355627297
SACI_RS02955	301.243292288499	-0.03	0.125432580686618	-0.212201014522144	0.831950215288876	0.912397450591382
SACI_RS02960	78.5631765685967	0.18	0.256270905201525	0.718067650967051	0.472715575018125	0.650408602760948
SACI_RS02965	152.00103463436	0.21	0.251777187625586	0.845204161952796	0.397996858991543	0.584067807976939
SACI_RS02970	579.965607764491	0.45	0.252520341051387	1.79292382779338	0.0729851047280096	0.194219487720402
SACI_RS02975	149.086419566265	0.35	0.286017406369681	1.22646682827554	0.220023050928507	0.406139508411745
SACI_RS02980	122.734845942288	0.02	0.307465720658716	0.0570991375329618	0.954466223453213	0.977965082632405
SACI_RS02985	0	NA	NA	NA	NA	NA
SACI_RS11555	0.601997410129934	-2.93	2.58999245601395	-1.13266864495239	0.257353429728638	NA
SACI_RS02995	53.2985831391375	1.04	0.450109806155172	2.31657768829483	0.0205267479385361	0.0806963553052182
SACI_RS03000	11.5262763594205	-0.20	0.511228365309635	-0.390255488182124	0.696347634234125	0.82756967656285
SACI_RS03005	13.8240435796223	-0.36	0.510327905952772	-0.705423312140275	0.480546840656286	0.654977999583468
SACI_RS03010	42.6775114171386	-0.54	0.319543398349832	-1.70107623298641	0.0889286731937671	0.221714348360353
SACI_RS03015	105.966521049797	0.30	0.323668931540925	0.933702967911001	0.350457133639013	0.542374780493912
SACI_RS03020	17.666452057068	0.61	0.494013593032929	1.22570017115685	0.22031152578939	0.406139508411745
SACI_RS03025	28.2164517502846	-0.08	0.356829012082468	-0.222433856477542	0.823976158234786	0.908704320062644
SACI_RS03030	568.72291813946	-0.03	0.166075717147969	-0.185281795269478	0.853008016084795	0.925183035155331
SACI_RS03035	18.9440082978355	0.46	0.498709735673015	0.927159285693697	0.353843838407918	0.545767126100397
SACI_RS03040	1625.56325080004	0.30	0.311105293832623	0.94848580674851	0.342882194982385	0.535459549090683
SACI_RS03045	575.644835245635	0.38	0.15963380059719	2.40743856583608	0.0160648648221391	0.0669814938726405
SACI_RS03050	1382.44189042904	0.11	0.362545894557203	0.31446791468032	0.753165681693025	0.864540906904596
SACI_RS03055	119.370287231365	-0.91	0.300483908409793	-3.01328046642974	0.00258439950506646	0.0182163811661462
speE	3083.86141457214	-0.59	0.267325266959504	-2.22323573456711	0.0261999084059175	0.0946699051808864
SACI_RS03065	103.766892690281	-0.19	0.34648821744501	-0.542110077462229	0.587742676858263	0.746644957209022
SACI_RS03070	7.33884732923012	-1.74	0.787567759966258	-2.20603889163052	0.0273812767282239	0.0976232841694502
ahcY	1673.77460337343	0.96	0.22990043351087	4.17005773930366	3.04522476215629e-05	0.000599474246035909
SACI_RS03080	270.42461710771	-0.78	0.278361358629201	-2.81843087699838	0.00482590006571316	0.027842957229602
SACI_RS03085	8.23713450324118	-1.76	0.803045217114123	-2.19265996972633	0.0283318868966709	0.0998499747918479
SACI_RS03090	10.7686076213812	0.71	0.711024485157818	0.993010371339043	0.32070490024663	0.515071506456709
SACI_RS03095	194.464843335481	0.44	0.262780296353591	1.69004157956847	0.0910200001859707	0.225217905861435
SACI_RS03100	725.986927626647	0.16	0.208617535809998	0.748563477361163	0.454120352170532	0.633791819319033
SACI_RS03105	1313.05952615061	0.37	0.269535729290381	1.38782094468068	0.16519157536995	0.33874105782707
SACI_RS03110	104.190362638411	0.13	0.281590749241225	0.463974902525506	0.642665726955915	0.793542447800404
hflX	1085.68699539691	0.52	0.188303195484874	2.77321702855818	0.00555050896632493	0.0309034398205889
SACI_RS03120	488.8619535259	0.01	0.225557259477184	0.0417896845391228	0.966666358375931	0.984277508393799
SACI_RS03125	3168.97988751703	-0.18	0.284980563044261	-0.646495494348336	0.517958514141405	0.689477355627297
SACI_RS03130	509.738393367179	-0.19	0.245593043178971	-0.785246448665768	0.432309086855984	0.617187817106147
SACI_RS03135	1410.78938957913	0.14	0.15338556362592	0.88280147999411	0.377343540723073	0.566648941127627
tgtA	3292.38030533245	0.90	0.225059486588006	3.9811471092825	6.85834848727969e-05	0.00111843836869484
SACI_RS03145	993.229519331618	0.51	0.202105128536466	2.53553343409873	0.0112276210220029	0.0520931372670705
SACI_RS03150	260.585799794408	-0.17	0.300037201760467	-0.553654887275499	0.579815054810253	0.739458718675177
psmB	5075.36228441061	0.13	0.159344474672822	0.840754682407534	0.400485379570102	0.586159164150399
hisS	769.329305498983	0.15	0.110420684582954	1.33104099491121	0.183175522278476	0.362543416830565
SACI_RS03165	28.8766276300324	0.28	0.348562792595435	0.808397789676396	0.41886162396997	0.603125723960939
SACI_RS03170	171.034421090738	0.11	0.423549384012736	0.270823108079213	0.786527086146762	0.88548555940379
SACI_RS03175	5502.71128277253	0.40	0.337443229549773	1.17932954104151	0.238266979520606	0.426682128368285
SACI_RS03180	455.108716956716	0.89	0.31579778724466	2.82667260991065	0.00470343876121034	0.0274632992074061
SACI_RS03190	694.473568894423	0.39	0.203082888754501	1.93326143534721	0.0532039999897265	0.154023344508074
SACI_RS03195	711.820765966865	0.18	0.158198551090012	1.16528528611277	0.243903533024104	0.431331413506178
fbp	8292.4268816473	-0.27	0.215492276249467	-1.23273048420747	0.217676334501891	0.403169339977965
SACI_RS03205	506.75159734182	0.86	0.173086701853115	4.95166697838254	7.35804447457494e-07	3.11981085721977e-05
SACI_RS03210	0.390076253141176	-1.90	9.18812763287766	-0.206930077850907	0.836064466141556	NA
SACI_RS03215	763.232785240523	-0.14	0.451135739360186	-0.320493910977567	0.748593945480026	0.862812988513897
SACI_RS12185	1.12549600870353	1.32	1.79940529895357	0.734581325003079	0.462594514877964	NA
SACI_RS12190	1.01799378025146	1.26	1.75280662325847	0.717956015883016	0.472784407346535	NA
SACI_RS12195	7.23688048467561	-0.20	0.760212142866506	-0.262771622445179	0.792726609103833	0.889369144768801
SACI_RS03230	154.914438898007	0.48	0.241377941096243	1.97991323370964	0.0477132791261385	0.144028255500151
SACI_RS03235	137.07499814584	-0.35	0.306930586450332	-1.12472783391043	0.260704383206761	0.448857688176521
SACI_RS03240	1.22694571128627	-0.17	1.51464394468301	-0.109835281347129	0.912540009838547	NA
SACI_RS11570	4.4414664179636	-1.86	0.971152266276851	-1.91167420204824	0.0559179952727568	0.159534156285422
SACI_RS03245	21.5484655075297	0.73	0.553040343370835	1.31360996649174	0.188977493037457	0.369901967905704
rpsJ	2017.12853585647	0.54	0.239982106813638	2.23540588047068	0.0253907144065244	0.0929306891160442
tuf	19898.2570362824	0.46	0.219167592080287	2.10314807620506	0.0354528275211607	0.117296509781895
SACI_RS03260	1249.88993368923	-0.36	0.184699186986021	-1.94479618795261	0.0517995131113464	0.151549318614512
SACI_RS03265	303.477998595825	0.12	0.313153105136995	0.37716057434084	0.706054277523224	0.831641357803078
SACI_RS03270	2470.55551728438	-0.45	0.201595052172384	-2.22309475375432	0.0262094113399914	0.0946699051808864
SACI_RS03275	1469.52243117169	-0.37	0.188887257702545	-1.96775733536203	0.0490959653209917	0.146596403493665
SACI_RS03280	817.597657841747	-0.50	0.197559955577744	-2.50911011787321	0.0121035746436482	0.0547741407518794
rpoA2	1407.95862305684	0.32	0.167729607676278	1.91201975350095	0.0558736604346193	0.159534156285422
rpoA1	5675.89836618394	-0.31	0.140449533245033	-2.20491405193043	0.0274601262645521	0.097777917293418
SACI_RS03295	11272.6940145811	-0.45	0.144794728228032	-3.11481843978674	0.00184058164250515	0.0140128259854812
SACI_RS03300	525.930782940992	-0.26	0.165704260018673	-1.56338041190543	0.117963144673643	0.269574151509585
infB	1813.3433608335	0.12	0.145464637928113	0.855039168702133	0.392529464123047	0.578818193217291
ndk	1386.72142948284	-1.20	0.295158676812629	-4.07637029731392	4.57441521855302e-05	0.000808146688611033
SACI_RS03315	44.8019067517112	-0.95	0.410779104629766	-2.3078401247975	0.0210080302928253	0.0816616805176677
SACI_RS03320	1284.53815965927	-0.54	0.317720226546299	-1.70634692296059	0.0879435065217186	0.220338458158051
upp	1260.93507347985	0.16	0.294873577466758	0.541156753990675	0.588399542511667	0.746826051156056
gatB	1885.29219748181	0.18	0.0960947912461069	1.87881718761335	0.0602694593573225	0.167611130160223
SACI_RS03335	942.874198805667	0.21	0.148031453361845	1.42432966658043	0.1543510635669	0.322635472057798
SACI_RS03340	218.57158502049	0.08	0.225127764882652	0.351776016255305	0.725006246610283	0.846301234925007
SACI_RS03345	32885.9008678338	0.24	0.314907504250776	0.77272152578374	0.439687204475648	0.622382093238256
SACI_RS03350	193.692571956322	0.27	0.212992199063709	1.27426877401598	0.202568178995773	0.386619045230159
SACI_RS03355	32.1337273905979	0.07	0.345752897958318	0.216438287559432	0.828646124320922	0.910222685782567
purB	837.882553799091	0.06	0.141394536963782	0.404886293632055	0.685561093813825	0.820410931198828
SACI_RS03365	511.482747069914	0.27	0.163899126783309	1.6297952245643	0.103144783422694	0.246545553437072
SACI_RS03370	672.347864316573	0.16	0.166056647550529	0.934724500527287	0.349930297096319	0.542374780493912
SACI_RS03375	942.66984385688	-0.54	0.381893332208524	-1.40491920400714	0.160045305322018	0.32990640349101
SACI_RS03380	1336.66123944112	-0.53	0.391794692822248	-1.36414248006537	0.172522727240136	0.347821972402206
SACI_RS03385	1383.09515106091	0.71	0.164565562936329	4.29076168239568	1.78061324501532e-05	0.000398973179127009
SACI_RS03390	822.439481417169	0.49	0.367761704568828	1.32538897929864	0.185042170384132	0.364298890621804
ilvA	941.380216986372	0.13	0.155362313268544	0.820418125556857	0.41197778606441	0.595703451413176
SACI_RS03400	350.359381560925	0.07	0.22247923661898	0.30931020746971	0.757085567001254	0.867579136239275
radA	3848.03102902054	0.20	0.272136906875831	0.719748165130982	0.471680064978833	0.649403416552624
SACI_RS03410	58.5706308318695	0.31	0.285152633321788	1.08684386957005	0.277105816197267	0.465614491653606
SACI_RS03415	283.998801791974	-0.26	0.170553416411924	-1.49654904389644	0.134510637485034	0.294215330879963
cyaB	160.909630245464	-0.49	0.284233010571084	-1.71458727330498	0.0864209237125818	0.217711211839009
SACI_RS03425	604.992976435374	-0.22	0.140707193620069	-1.56825380618821	0.116821911799233	0.268077592771595
SACI_RS03430	795.279784004292	-0.38	0.177196799192118	-2.12246602548624	0.0337986227890985	0.113457983443064
SACI_RS03435	117.52362186503	-0.07	0.297261993175078	-0.231293451925851	0.817086833391019	0.903836413923795
SACI_RS03440	343.241586715891	-0.38	0.302329939476479	-1.25387244465439	0.209888372107905	0.394848022886953
SACI_RS03445	2.07781541688969	-0.21	1.58112418093169	-0.133526363005632	0.893777116281995	0.947039497298415
SACI_RS03450	519.869178021815	1.91	0.349150707108479	5.48438836152922	4.14902396927891e-08	2.59879774075743e-06
SACI_RS11915	2.78007021826727	-1.50	1.22020847787571	-1.23090257309802	0.218359305135776	0.40393287012172
SACI_RS03455	182.68906938763	0.13	0.281663090457782	0.450059125080545	0.652667808771616	0.800002073363521
SACI_RS03460	0.51083948273812	0.97	4.1504172700955	0.234172260099114	0.814851249574543	NA
SACI_RS03465	72.6758414297551	0.95	0.378171468296069	2.51620545083992	0.0118626009576722	0.0541280268863321
SACI_RS03470	527.494882741487	0.26	0.153836759167494	1.68775619027328	0.0914580405175814	0.226061309117896
SACI_RS03475	488.167205889251	0.62	0.143726175160628	4.29957988618215	1.71122185414602e-05	0.000386567822133315
SACI_RS03480	526.968786356094	0.55	0.24466407373913	2.24652653058667	0.0246703021445614	0.0912635606851159
rnpB	16700.6168875798	-0.40	0.365754820575298	-1.10621922628759	0.268631643079647	0.457005437239202
SACI_RS03485	119.885576117141	-0.05	0.228882475612499	-0.200063870770502	0.84143062904455	0.918155808044612
SACI_RS03490	1391.75744936381	-0.63	0.225336202552777	-2.77736508520298	0.00548015856752208	0.0307673665421513
SACI_RS03495	835.369630764508	-0.62	0.278292117857187	-2.23552413191129	0.0253829591570722	0.0929306891160442
SACI_RS03500	75.91169990423	-0.30	0.308557897732843	-0.97245578862529	0.330823849304616	0.524597542395582
SACI_RS03505	95.8075120850598	-0.72	0.251637450105482	-2.87262890591569	0.00407071969316962	0.0247112411329856
SACI_RS03510	6.25812231009903	-0.93	0.860061174360099	-1.08405263742868	0.278341460919015	0.466611354192703
SACI_RS11815	1.12385882550809	0.97	2.12827604215246	0.456668512931621	0.64790932603239	NA
SACI_RS03515	109.452197942595	0.54	0.322468496804705	1.67285760394638	0.0943553316499858	0.231149594690987
SACI_RS03520	182.663259381521	0.58	0.305617807305584	1.89034125576436	0.0587123345066271	0.164505630897113
SACI_RS03525	199.046105570898	0.60	0.218722922806973	2.74715704296607	0.00601143426185998	0.0326132142237915
SACI_RS03530	60.4632224741332	1.00	0.297856153468688	3.36404345862209	0.000768094473224318	0.00736129203062207
SACI_RS03535	34.6623986551852	1.01	0.398167246629917	2.54116246261665	0.0110484567990411	0.0515220760374913
SACI_RS03540	10.818922211338	-0.90	0.801714832401827	-1.12232313180589	0.26172507434676	0.448857688176521
SACI_RS03545	69.1778312204646	0.25	0.327787719025573	0.765488680801659	0.443980604144125	0.625683784113276
SACI_RS03550	231.462575829888	-0.63	0.526973190409303	-1.19401361937163	0.232472640587376	0.421254046142926
SACI_RS03555	395.395704707108	-0.52	0.327160413738001	-1.58903285479341	0.112052975375157	0.26148856912272
SACI_RS03560	432.461910803608	0.21	0.26948242519674	0.776725146873144	0.437320947242417	0.620946177537404
SACI_RS03565	84.4649335184489	0.32	0.276124403498419	1.14501494155152	0.252202968003832	0.440476159580836
hxlB	1808.05680104261	-0.21	0.169583583063965	-1.26174611467018	0.207040157506017	0.391594978842785
SACI_RS03575	921.775310245308	0.44	0.311077686769618	1.41458822861173	0.157189262153058	0.326460894117429
SACI_RS03580	154.159355183841	0.73	0.369718359445656	1.98784720731468	0.0468285909346236	0.142607289078257
argC	1093.31141396112	-0.44	0.21144302274243	-2.06242900467881	0.0391669102586968	0.125808863255208
SACI_RS03590	468.221744928728	-0.30	0.22695435321907	-1.30626423761437	0.191462714289298	0.37344036842272
SACI_RS03595	491.099528583663	0.13	0.177428814287931	0.725630556974575	0.468065283310965	0.64596290475965
SACI_RS03600	44.1629103326892	1.03	0.369075437901703	2.7890381694184	0.00528648341661576	0.0299169369531684
lysX	2963.85171429637	0.07	0.382482538828022	0.185317275061408	0.852980189162459	0.925183035155331
SACI_RS03610	952.650962857075	0.42	0.417150125675055	0.998222264479371	0.318171592476997	0.513095909225632
SACI_RS03615	369.63012038005	0.29	0.379474593080211	0.76164685214976	0.446270803774509	0.626871730480401
uppS	570.508841258055	0.93	0.149647251696162	6.22000782334204	4.97130093573038e-10	6.22768426312406e-08
SACI_RS03625	799.139198746624	-0.66	0.317624036040064	-2.06434238475993	0.0389852650258557	0.125371517399368
SACI_RS03630	174.602554458616	-0.34	0.395988923686711	-0.859399714141161	0.390120027383582	0.576685329797729
SACI_RS03635	5.46706056808966	0.51	0.903187026548318	0.55997152501025	0.575498860403579	0.736374919666724
SACI_RS03640	83.1237712612786	-0.42	0.26138847322754	-1.6191935705683	0.105405620934975	0.250429216635164
SACI_RS03645	490.989515888234	-0.28	0.150903492575849	-1.83341547010832	0.0667408087300788	0.180862997895867
SACI_RS03650	1.18988608674907	-0.85	2.77226087125956	-0.307290538421814	0.75862223678051	NA
SACI_RS03655	4099.92939744147	-0.45	0.203073470713562	-2.22355535685013	0.0261783750166246	0.0946699051808864
SACI_RS03660	0.595638949403697	1.74	4.22978043543848	0.412121535890381	0.680250344443232	NA
SACI_RS03665	136.508552566541	-0.32	0.258557501559287	-1.22334422661974	0.221199709371687	0.40696021296954
SACI_RS03670	31.553728249533	0.19	0.413481852969474	0.449831586181043	0.652831880622119	0.800002073363521
SACI_RS03675	1353.0941776152	-0.48	0.178212475714591	-2.71528282109644	0.00662191929332513	0.0350788543650345
aspS	5982.91021162863	-0.64	0.204279860659824	-3.13536856753094	0.00171638320069516	0.0134292392456959
SACI_RS03685	275.63485352366	-0.17	0.218164664438665	-0.766548160477915	0.443350207186278	0.625318920678291
pth2	79.9915426283248	-0.49	0.315339702070686	-1.56108663843211	0.118503310249725	0.270136578203675
SACI_RS11585	54.6242697351992	0.23	0.30914735130249	0.746869224162093	0.455142504751666	0.633791819319033
SACI_RS03695	557.454816246119	0.22	0.248869678522925	0.879364518073804	0.379203664124034	0.568289993651896
SACI_RS03700	4010.11925891682	-0.11	0.169815789990952	-0.625264093405812	0.531797742107759	0.702605262343712
SACI_RS03705	134.151468120207	-0.13	0.295561019968643	-0.427445141502151	0.669055133956229	0.810868931039299
fen	413.767666017053	1.48	0.247108408574529	5.97777347961374	2.26207975457537e-09	2.59762158483739e-07
SACI_RS03715	139.038844193446	0.83	0.275199888141858	3.03317061817582	0.00241998733929598	0.0171893946059271
SACI_RS03720	875.363522678956	0.73	0.197393202449696	3.71341875777932	0.000204478126151328	0.00265821563996726
hemB	1160.52970132371	0.29	0.146846552781192	1.99992161973185	0.0455087282126342	0.139203168650411
hemL	787.784297910771	0.17	0.184834502604489	0.935688311469865	0.349433690433771	0.542374780493912
hemC	447.148447294984	0.26	0.167810678477024	1.55407613134239	0.120166257897021	0.272799181848592
SACI_RS03740	178.450298885836	0.25	0.199213171760752	1.23737053574937	0.215949552240899	0.401861557039782
SACI_RS03745	275.933754547641	-0.64	0.232489229486025	-2.74367444891025	0.00607557571536135	0.0328964374686363
SACI_RS03750	1667.21084912768	-0.32	0.23799589416171	-1.35796339915851	0.174475298289799	0.351244647251048
SACI_RS12200	606.113253643016	0.07	0.232926031867773	0.307665440448524	0.758336919446134	0.868605642360623
SACI_RS12205	302.008291326958	0.24	0.225741406388221	1.04136623817045	0.297705605527632	0.489252623037658
SACI_RS03765	841.944899548353	0.39	0.15272124743162	2.53166392355845	0.0113522740620322	0.0524068129228823
SACI_RS03770	1665.01089412486	0.45	0.207887772756079	2.17435468561669	0.0296785084356743	0.103405776547052
dcd	1446.39381390542	-1.39	0.375511553719831	-3.69158271989662	0.000222862889597397	0.0028306327469985
SACI_RS03780	771.265714811012	0.51	0.187245621227644	2.71759946005814	0.00657573884419359	0.0349185669645425
SACI_RS03785	4489.91273155419	0.09	0.176419301935997	0.528829647290247	0.596923629335556	0.753605827965549
SACI_RS03790	825.219836681444	0.16	0.157526989168585	1.00181710102009	0.31643193631428	0.510888351776307
SACI_RS03795	235.211874996887	0.55	0.19916119888211	2.77729064150655	0.00548141399571709	0.0307673665421513
SACI_RS03800	44.5627889215655	0.52	0.382242979339396	1.3670161327914	0.171620248845728	0.346255787568687
SACI_RS03805	402.98579743951	0.18	0.133734839081025	1.37837184017105	0.168088513043716	0.341631225625724
SACI_RS03810	415.870664366349	0.30	0.211365054130918	1.41533647043917	0.156969866733635	0.326251095564026
SACI_RS03815	1459.93424991256	0.60	0.302895621590278	1.98598170228545	0.0470353556772782	0.143078852369292
SACI_RS03820	7753.56534973068	0.09	0.235073410896867	0.3713173959188	0.710401142603664	0.834794238202635
SACI_RS03825	768.110933265333	-0.30	0.193743503263725	-1.56735200663799	0.117032435446908	0.268116870535816
SACI_RS03830	108.938216831664	-0.17	0.392175066230691	-0.445637912926579	0.655858819628806	0.800961297593382
SACI_RS03835	3691.39611769938	-0.24	0.193239230684027	-1.26238804928086	0.206809187364696	0.391594978842785
SACI_RS03840	555.419713392682	0.27	0.250067775221747	1.07091591969184	0.284207237071469	0.471852497210222
SACI_RS03845	2500.29646950105	-0.43	0.1922689959256	-2.23553668748453	0.0253821358489907	0.0929306891160442
SACI_RS03850	4905.16618910133	0.50	0.307622929052971	1.63344492506678	0.102375455024039	0.245345003518481
SACI_RS03855	552.431526740455	0.39	0.135263039964672	2.87704960139231	0.00401412492725298	0.0244755050874098
glmM	1885.02326904083	-0.39	0.182545984215373	-2.11342099211139	0.0345647507939485	0.115187972416109
SACI_RS03865	255.276753483265	-0.41	0.149192619536625	-2.7187614266407	0.00655268515694864	0.0348633210280897
SACI_RS11590	1.01647813321238	0.00	3.21737070527018	0	1	NA
SACI_RS03870	2.10266611592308	0.54	1.5171504056564	0.353678276060585	0.72358000484834	0.846069789292331
SACI_RS03875	278.578146082979	-0.77	0.338923183382899	-2.27566089989792	0.0228663132892459	0.0868038008611041
SACI_RS03880	745.747100439299	-0.67	0.346013685471493	-1.93265411473903	0.0532788212928673	0.15407810229081
SACI_RS03885	641.633012651879	-0.06	0.289995237250162	-0.216739460564368	0.828411393799119	0.910222685782567
SACI_RS03890	962.9647400214	-0.66	0.278281463275244	-2.3568805025005	0.018429176243702	0.0751343339166314
SACI_RS03895	930.350888633901	0.47	0.165708243711942	2.8258128326603	0.00471608118653485	0.0274637946843306
SACI_RS03900	248.73178467223	0.95	0.291178624175618	3.25830026551512	0.00112081744847052	0.00986892296480755
SACI_RS03905	36.5002882839154	0.05	0.403216275223644	0.131808513039237	0.895135752874465	0.948114579139902
SACI_RS03910	518.055438325521	-0.27	0.189551600537846	-1.4367644066274	0.150784947206714	0.318683523390876
SACI_RS03915	371.691999562415	1.97	0.543484718722821	3.63168886016246	0.000281572481134824	0.00339663646392229
SACI_RS03920	397.846342891147	1.24	0.52210618015502	2.36782101156973	0.0178931899708247	0.0732743410989491
ribH	325.610158878646	0.91	0.537468701964231	1.70082767058255	0.08897535170049	0.221714348360353
ribC	286.486168488671	1.43	0.614619365840983	2.33039660755187	0.0197851989138537	0.0791407956554149
SACI_RS03935	357.799616510679	1.25	0.612500412722382	2.04279534627642	0.04107270144405	0.130110764574485
SACI_RS03940	37.7125591309165	0.90	0.332726132684524	2.69650209562995	0.0070071956693434	0.0367145081078145
SACI_RS03945	3614.56736243324	0.50	0.172033360387029	2.88295460802942	0.00393964206692126	0.0241281189698555
SACI_RS03950	283.049602812198	-0.13	0.21986754078781	-0.604174425609317	0.54572768205499	0.716080686088592
pcn	542.25931290882	-0.11	0.187238118834711	-0.594735653225087	0.552020185683714	0.720685756392381
SACI_RS03960	2227.98456878366	0.48	0.165334044622712	2.88194333249551	0.00395230805939137	0.0241520199815579
SACI_RS03965	2270.82810785852	0.28	0.150036309973089	1.85157096791494	0.0640874551807171	0.175571596896676
SACI_RS03970	3696.35931491077	-0.23	0.204776863411835	-1.14736745849424	0.251229784500666	0.439612245132595
SACI_RS03975	345.066457177862	0.32	0.201660643215453	1.58592766094505	0.112755720236084	0.262019194747595
SACI_RS03980	1594.19589033346	-0.57	0.208822191299648	-2.72229847662767	0.00648295598981242	0.0347018508893203
SACI_RS03985	2201.07710859952	-0.32	0.190700563052293	-1.65588703135702	0.0977446983933826	0.236925583792579
SACI_RS03990	223.152218487987	-0.21	0.231784612989339	-0.886443886963953	0.375378378890139	0.564706775229925
SACI_RS03995	505.442107652088	-0.62	0.208635948358262	-2.95011949093931	0.00317651051332814	0.021044382150799
SACI_RS04000	70.5037752648858	-0.00	0.293355522724973	-0.0119329398334418	0.990479117496872	0.995323508135437
SACI_RS04005	185.364738987683	-0.55	0.20531026800028	-2.67909315250227	0.00738218536097424	0.038315071289727
SACI_RS04010	1085.32315019892	0.82	0.188732800473454	4.34111796243432	1.41759587581965e-05	0.000328310439811678
SACI_RS04015	2552.18980355601	0.57	0.171378469556776	3.2984097866268	0.000972341186738538	0.00896244919950304
SACI_RS04025	2073.8595920105	-0.17	0.13098248336566	-1.31410083783305	0.188812272246699	0.369841238316917
SACI_RS04030	1402.4082616059	-0.45	0.193655177766224	-2.34801720203346	0.0188736496275961	0.0763814660406092
SACI_RS04035	226.110105884713	-0.57	0.242465130511377	-2.36679029743678	0.0179430963080988	0.0733696935090807
SACI_RS04040	35.4718765177794	0.04	0.305619797312694	0.115541411276049	0.908015998795088	0.954785231850157
SACI_RS04045	519.853503917822	-0.67	0.323210769960712	-2.07905829763539	0.0376119924733776	0.122672960067016
SACI_RS04050	852.614472723572	-0.07	0.137483826242686	-0.526921403630262	0.598248169723165	0.754586707440294
SACI_RS04055	4007.41136606509	-0.05	0.109498269389312	-0.447419139294517	0.65457245930388	0.800961297593382
SACI_RS04060	156.817188648469	0.39	0.565153965310927	0.687026860370955	0.492065802153926	0.667060182359184
SACI_RS04065	432.937816062471	-0.73	0.174997744487372	-4.14367283255063	3.41787262191125e-05	0.000649631513516373
SACI_RS04070	205.258003860871	1.32	0.272976866635593	4.82453230818824	1.40332169472177e-06	5.02279816967947e-05
SACI_RS04075	432.625751307457	1.31	0.257132583786004	5.10380453783821	3.32892112039409e-07	1.55500111996714e-05
kae1	1591.68404610387	0.41	0.189972139191709	2.18010580729521	0.0292496194038906	0.102492749890793
SACI_RS11595	305.736695068271	0.08	0.203054487186422	0.41380806269317	0.679014678741906	0.817189718171481
SACI_RS04085	578.264564869348	-0.06	0.189966217854616	-0.319054936113566	0.7496848549113	0.862812988513897
SACI_RS04090	4135.38523828857	0.74	0.462250422011682	1.60741928881718	0.107962421576877	0.254094307315008
SACI_RS11600	2.23020848747941	-0.52	1.57180149877165	-0.333350501534455	0.738869722418299	0.856004205974782
SACI_RS04095	367.125208879656	-0.97	0.331118370331312	-2.94005566072617	0.00328153291986199	0.0214310538557811
SACI_RS04100	1539.91916189604	0.21	0.164478016055442	1.24789423806454	0.212069791021892	0.396785026514823
endA	612.144149587178	0.02	0.190807888468653	0.109525533734042	0.912785670599097	0.957896281115418
SACI_RS04110	1194.55156380571	0.04	0.157697120289904	0.244674037054065	0.806708832530553	0.896849351534572
SACI_RS04115	516.803933470934	0.05	0.165855697374371	0.291655906083912	0.770549725893508	0.877172674333956
SACI_RS04120	488.751397398088	-0.03	0.184917104644475	-0.150480227692455	0.880385749122286	0.939763080401038
glyS	2106.90388285052	-0.58	0.192576615115871	-3.00915040244098	0.0026197938961727	0.018289365004073
speB	2695.42606408756	-0.02	0.259425441085754	-0.0848362353508257	0.932391585724729	0.964953514929535
SACI_RS11605	247.450756774226	-0.50	0.255219366750904	-1.97167789750493	0.0486463883510752	0.145569431374119
yciH	113.492494414467	-0.22	0.263669462811379	-0.816822730765347	0.414029740185592	0.59768997609786
SACI_RS04140	1880.58539799604	0.36	0.188317082663825	1.90395797873279	0.0569156571257504	0.16141081943226
SACI_RS04145	309.098687765481	-0.03	0.269205488177975	-0.0952154334943057	0.924143711526004	0.962167652715401
SACI_RS04150	6.34614969038165	-0.37	0.737940536186554	-0.502774580875031	0.61512276703685	0.76988117436583
SACI_RS04155	388.866476286313	0.27	0.175877200571697	1.52233140717937	0.127926062297611	0.283837281799097
SACI_RS04160	705.682376995486	-0.13	0.141140774591919	-0.899469194099996	0.368402797405837	0.558788172619971
SACI_RS04165	361.472105519736	0.54	0.155120404264868	3.50038215111616	0.000464591610617959	0.00498215750530387
cadA	1732.36835128197	1.28	0.245314490796214	5.19931398883852	2.00025385800155e-07	1.06013454474082e-05
SACI_RS11610	7.05126598152492	0.97	0.823855427525559	1.17544569502716	0.239816451155422	0.428066152450999
SACI_RS04175	23.4901399564611	0.31	0.392130896755998	0.785748450070512	0.432014872548199	0.617187817106147
SACI_RS04180	84.6915483300638	0.06	0.311232435589168	0.186442668093507	0.85209763467419	0.925183035155331
SACI_RS04185	889.870926443157	0.75	0.337561304787665	2.21244543426622	0.0269359025179518	0.0964095419993185
SACI_RS04190	704.583421900067	-0.71	0.206541858280971	-3.43711503143108	0.000587945846835493	0.00606883428418958
SACI_RS04195	111.65385518504	-0.33	0.245128252833778	-1.34828598774385	0.177566417166851	0.355649015778954
SACI_RS04200	154.597887425378	0.16	0.286863489293802	0.552243853360628	0.580781292707476	0.740006122377164
SACI_RS04205	1307.78049454522	-0.37	0.188401813577803	-1.9644168925228	0.0494817654263689	0.146794128649163
SACI_RS04210	9079.08621024603	-0.04	0.29456383003762	-0.14305042202927	0.886250359623642	0.942688533818123
SACI_RS04215	937.980745642823	0.85	0.562244916071271	1.51402604829433	0.130019233061575	0.286719138636141
SACI_RS04220	632.150934248861	-0.79	0.18546601087024	-4.28082797479277	1.86199252112509e-05	0.000406173727614953
SACI_RS04225	968.490010839	0.83	0.252735492137193	3.286842600204	0.00101317446935146	0.00919238705544887
SACI_RS04230	22131.456780087	6.25	0.320201562124268	19.524256045775	6.83044999513874e-85	1.88247201866024e-81
SACI_RS04235	487.73958810259	0.79	0.153681761359292	5.12345066699987	2.99994162955421e-07	1.47639984483061e-05
SACI_RS04240	331.624238923631	0.59	0.170254642505347	3.44043232391665	0.000580785663253777	0.00601746348844891
SACI_RS04245	5.11393758062959	-0.24	0.863997668443023	-0.282262450065112	0.777742275887352	0.880374008827637
SACI_RS04250	64.1714208693901	0.06	0.381060042168459	0.161274446793838	0.871877248296992	0.936070781576358
SACI_RS04255	435.814086541452	-0.30	0.20918908298159	-1.45590932800462	0.145417686684328	0.312613997271456
SACI_RS04260	532.640520209392	-0.17	0.221817402018143	-0.762609943285998	0.445696052817339	0.626703225288054
tmk	542.510340726238	0.28	0.168259882129055	1.68996263038855	0.0910351041834684	0.225217905861435
SACI_RS04270	728.540634391554	1.15	0.264944623873139	4.335337750371	1.45536488200705e-05	0.000331486414447225
SACI_RS04275	544.283680268348	0.90	0.228480606293768	3.93848312562704	8.19983597566329e-05	0.00127676542084339
SACI_RS04280	26.1415288510334	1.01	0.395342652098463	2.5577115110676	0.0105363460991967	0.0499796382949847
SACI_RS04285	99.1547144056127	0.78	0.201272934015714	3.88504853177914	0.000102309448743232	0.00152413427425052
SACI_RS04290	368.642417856928	0.20	0.183218049857295	1.10199504276879	0.270463826753914	0.459271907907447
SACI_RS04295	905.176929975181	0.02	0.292374046874022	0.0683519104909073	0.945505502118661	0.972681285494225
SACI_RS04300	4335.85419808866	0.52	0.208238619239978	2.47657868521667	0.0132648382468354	0.0583991920260038
SACI_RS04305	293.69371098576	-0.41	0.395278922857745	-1.04882131946095	0.294260363316659	0.485908664649917
SACI_RS04310	155.298599349881	0.23	0.207628177188431	1.12316458030698	0.261367602508581	0.448857688176521
SACI_RS04315	1232.89765328972	0.35	0.251599736003767	1.40701591316562	0.159422670139424	0.32902650919031
SACI_RS04320	139.5913857211	0.81	0.313452689846446	2.58406612738393	0.00976430711545155	0.0469641019374947
moaC	844.504463981677	0.20	0.211807109259057	0.943134734850653	0.345611990987371	0.538703686712049
SACI_RS04330	1769.25995198503	0.35	0.191690940156905	1.84644630441806	0.0648274291201331	0.176720469490689
SACI_RS04335	1843.72201568689	0.13	0.143379053578394	0.921666637910826	0.356702487688476	0.547672454634785
SACI_RS04340	499.011921007786	-0.19	0.199523412702414	-0.974767780031746	0.329675462801599	0.523077475809561
SACI_RS04350	981.528564365735	-0.16	0.169394455590358	-0.9336783849798	0.350469818025875	0.542374780493912
SACI_RS04355	1776.73172399179	-0.26	0.331436472093417	-0.787968355138964	0.430715216138516	0.61600993029463
SACI_RS04360	596.010673772207	0.17	0.226169146548872	0.736661120618688	0.461328455910911	0.63890513793491
SACI_RS04365	413.115348269958	0.02	0.214530492599519	0.110916308557137	0.911682713041427	0.957896281115418
cobA	186.28865324243	0.42	0.265575716871626	1.56402547416247	0.117811586117408	0.26945122932745
SACI_RS11615	20.9154258450545	-0.22	0.451798813256884	-0.489216824960514	0.624688199163764	0.777966867101371
SACI_RS04375	2817.41105781844	0.11	0.168663183509775	0.675470571521563	0.49937684217046	0.673328070949994
SACI_RS04380	3275.38249509088	0.35	0.144357254765573	2.42725823957667	0.0152134226217424	0.0644058260299879
SACI_RS04385	115.906719486525	0.42	0.207554363422302	2.00312882114185	0.0451634631799866	0.138985707710016
SACI_RS04390	2668.76908651851	0.38	0.167188619007567	2.26652412080847	0.0234193120273632	0.0881845515543117
SACI_RS04395	1108.09484416879	1.22	0.248266291022468	4.91994909335626	8.65667244687992e-07	3.40687089049321e-05
SACI_RS04400	247.536599588925	-0.04	0.158904546575998	-0.279817194400235	0.779617759233714	0.880616909833538
SACI_RS04405	2100.53902834689	0.78	0.319528858885073	2.44587092852013	0.0144502721297786	0.0618399844560092
mce	227.637298396493	0.39	0.217559972689241	1.79915896394134	0.0719935386413813	0.193009914879034
SACI_RS04415	845.378088939489	-0.10	0.416612397501467	-0.239694772637155	0.81056688766224	0.897878754982771
SACI_RS04420	367.356404658804	-0.15	0.205047449687213	-0.747453040012524	0.454790139117142	0.633791819319033
SACI_RS04425	769.474354971491	-0.17	0.151079516001538	-1.09899414564172	0.27177061948316	0.460636255041716
SACI_RS12040	5.52062738455378	-0.44	0.7456330232915	-0.595538812662903	0.551483363068789	0.720513138850944
SACI_RS04430	708.167734289728	-0.18	0.176752405215001	-0.991203705143252	0.321586121737385	0.515885536384303
SACI_RS04435	3778.74647196832	0.70	0.324199911445607	2.17108785157474	0.0299245321813403	0.104000013482691
SACI_RS04440	857.590272466637	-0.04	0.195843795696938	-0.191033210686085	0.848499573906501	0.922998212915855
trxB	1290.44252554104	-0.17	0.207800007068578	-0.823069976662243	0.410468200977919	0.593832210968581
SACI_RS04450	876.52645105546	-0.30	0.152617644899599	-1.93650984117925	0.0528052884174833	0.153352344445294
SACI_RS04455	106.378939736093	-0.26	0.323684409849816	-0.805126358819999	0.4207467664974	0.605207770598557
SACI_RS04460	376.704116962773	0.05	0.175404498818509	0.25719214449662	0.797030447877314	0.890399641001166
SACI_RS04465	227.15253623319	0.14	0.215996336833762	0.661688224672099	0.508171052819469	0.681186489090689
SACI_RS04470	111.117103765034	-0.21	0.240056149158313	-0.86118709904516	0.389135004253543	0.576245511689892
SACI_RS04475	165.426848971837	0.21	0.208432042731473	1.00328106781711	0.315725268057533	0.510345359980387
SACI_RS04480	71.2354095438887	0.02	0.259212174415993	0.086456592984226	0.931103460598228	0.964893971803343
SACI_RS04485	232.072803191819	0.08	0.241463055022582	0.31410909186151	0.753438184451422	0.864540906904596
SACI_RS04490	4647.42291493167	-0.10	0.469551626562066	-0.213095433850524	0.831252526114606	0.912098338625166
SACI_RS04495	319.65559438791	-0.35	0.183693712674967	-1.92826630028164	0.0538220112375014	0.155086401416989
SACI_RS04500	196.459680305468	-0.36	0.370968556805804	-0.981857386239124	0.326170112007586	0.519910253726377
SACI_RS04505	159.672154240791	-0.98	0.234805559050938	-4.16184086436378	3.15692326343334e-05	0.000612709895353682
SACI_RS04510	494.286990435449	-0.25	0.228106985100236	-1.0762098195438	0.281833429124739	0.469325033636121
SACI_RS04515	667.046284896369	0.69	0.162447693503994	4.27126285609492	1.94369144395907e-05	0.000418501064027437
SACI_RS04520	401.136016952886	0.62	0.153306670876919	4.01349650230505	5.98258894491082e-05	0.00101025295812071
SACI_RS11620	259.527974199917	0.77	0.37981059255838	2.02413157817919	0.0429566152611295	0.134075234042665
panB	146.891109958688	-0.03	0.335428639387184	-0.0768162281647009	0.938769740675596	0.967919717658789
SACI_RS04530	735.281851572048	0.29	0.195291277833538	1.48473209512214	0.137614806157949	0.299342072431971
SACI_RS04535	289.706970907414	0.03	0.263906993903834	0.107088618136756	0.914718676652155	0.958495321600508
SACI_RS04540	221.519556208071	0.68	0.393400838478476	1.7264472514175	0.0842669812672455	0.214639371878492
SACI_RS04545	54.0837437224732	-0.44	0.302316117917099	-1.45983653331501	0.144335005345349	0.310771308384204
SACI_RS04555	126.434498240805	-0.03	0.208891695427139	-0.138614317741163	0.889754928618117	0.945319508328615
ppa	1268.33517309974	-0.78	0.19994287174764	-3.91973343775778	8.86469614423713e-05	0.00136486606555964
SACI_RS04565	531.450160133475	0.56	0.186122457030011	3.01018738745793	0.00261086557534979	0.018289365004073
SACI_RS04570	321.034966768983	0.47	0.210902098362145	2.24481438938844	0.0247800506311965	0.0914241225429419
rnhB	71.2669814072898	0.21	0.248812217071471	0.841126892171509	0.400276851112587	0.586159164150399
SACI_RS04580	175.921204012916	0.47	0.194846533804257	2.39176637316918	0.0167675117914321	0.0690528709501119
SACI_RS04585	97.655339270008	0.24	0.223276341109673	1.08020831528938	0.280049426356452	0.468335084367951
SACI_RS04590	155.853770907914	0.06	0.198054944245158	0.31171383108924	0.755258015647234	0.865844879835182
SACI_RS04595	846.854266032571	0.08	0.170130035348584	0.491542359407201	0.623042899907859	0.776268640210696
SACI_RS04600	470.191102914305	-0.24	0.185597615744246	-1.28534474660454	0.198671840103805	0.381682831039419
SACI_RS04605	174.373837432069	-0.05	0.221546290562398	-0.210004056139083	0.833664507285801	0.913187353767753
SACI_RS04610	216.379503192444	0.03	0.294730285244378	0.0917656399328819	0.926884244198616	0.962506773553649
SACI_RS04615	1111.82088467742	0.63	0.219468016009377	2.86699292594488	0.0041439227512115	0.0249841840229427
SACI_RS04620	1088.37761482644	0.41	0.142424599686804	2.86479352333455	0.00417281227918081	0.0250005883509181
SACI_RS04625	179.433441872477	-0.39	0.228330770101981	-1.69510531740218	0.090055443703215	0.223597119681136
SACI_RS04630	370.683325016371	-0.98	0.457789347167481	-2.13125662134538	0.0330680066352978	0.112097695309816
SACI_RS04635	441.371165191459	-0.75	0.432382791894348	-1.72311128626603	0.0848684022243812	0.215375061261874
SACI_RS04640	863.191672952071	-0.16	0.165873319989413	-0.941120223943016	0.346643252657231	0.539440318646712
SACI_RS04645	600.196099202868	-0.43	0.163394319777332	-2.62187813623928	0.00874466933708251	0.0433458789442435
SACI_RS04650	601.768028672209	0.10	0.25635457773125	0.406714748892223	0.68421750669759	0.819568966236932
SACI_RS04655	638.594954213352	0.61	0.334149537918209	1.82624406976591	0.0678135058258754	0.183409246374988
SACI_RS04660	1445.83601483915	0.58	0.236858433475931	2.46754599080367	0.0136042744135005	0.0590446933600117
SACI_RS04665	5461.91642259663	0.33	0.231050861265662	1.44590465725105	0.148203945486919	0.315649206925772
SACI_RS04670	1542.02254985442	0.44	0.352167036096798	1.24859774668413	0.211812236931188	0.396579513311344
SACI_RS04675	1853.01060379119	-0.23	0.201214052055903	-1.15251992386671	0.249107487335044	0.4367676766025
SACI_RS11825	4426.58865841108	-0.17	0.19433611430593	-0.893268493787836	0.371713405939664	0.56148936720968
SACI_RS11830	4867.76626279076	0.08	0.195365150673248	0.386933993795721	0.698805074138494	0.82977457316919
SACI_RS04690	6945.8646400598	0.04	0.261727743322446	0.137748939120131	0.890438840210844	0.945319508328615
SACI_RS04695	511.167881921732	-0.20	0.220745408408611	-0.908409703598597	0.363661800870737	0.553730344309255
SACI_RS04700	75.8179735052286	-0.63	0.275946184233288	-2.29335605761768	0.0218275143066619	0.0836670784828374
SACI_RS04705	1449.34162787284	-0.22	0.241651983213471	-0.899862138264501	0.368193621193619	0.558778425115426
SACI_RS04710	11311.1054517904	-0.33	0.18456001864586	-1.79477003665872	0.0726903466021477	0.194219487720402
SACI_RS04715	413.783278645932	0.09	0.23389264723967	0.394813098743626	0.692980827239209	0.825744595689645
SACI_RS04720	44.9487392990717	-1.61	0.623007531124327	-2.59026730107693	0.00959014338705455	0.0465198848658695
SACI_RS04725	1257.11972476819	0.24	0.173678605878975	1.35715836390378	0.174730897074485	0.351502446961519
SACI_RS04730	1108.25572268933	-0.16	0.139891699521985	-1.12016790967709	0.262642216070171	0.449591271732542
SACI_RS04735	2059.20097038777	-0.17	0.106397053908839	-1.60850614735727	0.107724370939114	0.253750740434356
SACI_RS04740	563.840863132808	0.00	0.165415372670873	0.00842618887772302	0.993276953544938	0.995936119047523
SACI_RS04745	2017.07958539614	0.50	0.169999360988324	2.93001133736103	0.00338949637051498	0.0218769367614503
SACI_RS04750	1872.57311756554	-0.13	0.112899134725427	-1.17693634709309	0.239220913300426	0.427300491619866
SACI_RS04755	477.639929410063	-0.24	0.164762946807842	-1.45171258217674	0.146581539320507	0.314278702359469
SACI_RS04760	350.05634559802	-0.39	0.256159962880406	-1.51945728076725	0.128647433138123	0.284552428353666
SACI_RS04765	679.894220328528	-0.50	0.23631996202779	-2.12247790582186	0.0337976261339024	0.113457983443064
prf1	2496.48354324839	0.11	0.237768712763254	0.455860193316131	0.648490515953405	0.7977828081651
SACI_RS04775	4.49597105632316	0.70	0.949421427100722	0.734388911648496	0.462711742835997	0.640177491594381
SACI_RS11975	7.61982401170449	-1.14	0.645410129209486	-1.76522243595755	0.0775263893286056	0.203371668962842
SACI_RS04785	279.191494908743	-0.25	0.196955914013766	-1.29194776447349	0.196375234843366	0.380330391587012
SACI_RS04790	168.881565255421	0.31	0.929438367664603	0.33694242830454	0.736160300339841	0.855130376153633
SACI_RS04795	91.6489878839664	3.20	0.652089362182434	4.90989013085931	9.11274347157685e-07	3.44037274077614e-05
SACI_RS04800	69.3865222912813	-0.39	0.430470880461829	-0.908912247989373	0.363396448077206	0.553632178496839
SACI_RS04805	556.76921463447	-0.06	0.264317276643849	-0.221703284657281	0.824544872958517	0.908704320062644
SACI_RS04810	847.973460501106	0.24	0.165499839611465	1.47547050728547	0.140086091702495	0.303519865355406
SACI_RS04815	2613.84652683762	-0.80	0.23934238101246	-3.33391255184574	0.000856335757043677	0.0080548168819535
SACI_RS04820	108.850418834621	0.03	0.278896643255086	0.105316235751682	0.916124880352223	0.959285778970641
SACI_RS04825	234.265778427464	0.36	0.202450514075127	1.76765720343828	0.0771182286596811	0.202996980120421
SACI_RS04830	525.963013276879	-0.86	0.483234611581147	-1.77483462440167	0.0759251974392373	0.200744227279994
SACI_RS04835	454.258488887595	0.46	0.219458609656449	2.10586236459	0.0352163096709583	0.116794403674081
SACI_RS04840	789.477477576853	-0.09	0.141163858091074	-0.623016854013235	0.533273446426013	0.704217354264539
SACI_RS04845	1391.21004218914	-0.66	0.14365213161635	-4.56314174484211	5.03937667503275e-06	0.000149338947488067
SACI_RS04850	344.452029045559	-0.32	0.157859513856295	-2.03402161701044	0.0419494159661131	0.131677210025749
SACI_RS04855	1197.73063225647	0.51	0.142347809839704	3.54866130407391	0.000387194765371988	0.00430285795711774
SACI_RS04860	1932.93044269342	0.37	0.142525557613838	2.59601091414356	0.00943130693880873	0.0459978535043315
SACI_RS04865	85.9297422685349	0.11	0.292853085754572	0.360122203495627	0.71875574920835	0.842215495245839
SACI_RS04870	4187.98695362145	-0.33	0.454289034554973	-0.715499994829852	0.474300144045452	0.650981671807404
SACI_RS04875	1838.96048830651	0.77	0.312578865554795	2.46470894398994	0.0137124587882004	0.0594206547488685
SACI_RS04880	364.407483656595	1.01	0.365273497642367	2.77338093532293	0.00554771374080089	0.0309034398205889
SACI_RS04885	264.704647535069	0.03	0.218718854408548	0.144388525405491	0.885193677263267	0.942656017982057
SACI_RS04890	1988.98050735286	0.77	0.197773778078254	3.87222249317434	0.000107847434416946	0.00155571769668769
SACI_RS04895	734.224203726576	0.41	0.308759757996843	1.33455204876925	0.182023000953814	0.361423192095614
SACI_RS04900	715.327070264787	-0.80	0.205064909658298	-3.87854034173372	0.000105085101982016	0.00154229899477878
SACI_RS04905	671.217247547096	-0.32	0.181941693438945	-1.74700529485325	0.0806364196575619	0.209186171457455
SACI_RS04910	1014.71224743456	1.16	0.506243428135432	2.28418526858406	0.0223606449655036	0.0852338286766682
SACI_RS04915	223.911598613817	1.29	0.40281105250716	3.20650966727716	0.00134355790481335	0.011358422041919
SACI_RS04920	274.119905937882	-0.29	0.222316658416856	-1.32534276322184	0.185057491607593	0.364298890621804
SACI_RS04925	248.69079169648	-0.34	0.222216657451504	-1.52197579560086	0.128015145600972	0.283837281799097
SACI_RS04930	482.140789655526	0.07	0.191498565840718	0.384276425723118	0.700773578710774	0.830214784690725
SACI_RS04935	2352.83386847826	0.28	0.218506369377906	1.27032592428454	0.203968557443335	0.388753350147878
SACI_RS04940	2277.15208337129	0.20	0.26949123464523	0.745793216908797	0.455792338112641	0.633935100691673
SACI_RS04945	2935.19121248819	0.10	0.258333165880847	0.37784303350883	0.705547203232502	0.831641357803078
SACI_RS04950	2281.19062764376	0.21	0.268802162307907	0.791232488662706	0.428808336114179	0.613919882769183
SACI_RS04955	3479.40653116611	0.08	0.280870815762255	0.271679182320166	0.785868709532529	0.885467769203454
SACI_RS04960	42188.0309649288	-0.11	0.360430824355999	-0.305636731755597	0.759881250013129	0.868727341598461
SACI_RS04965	281.689195970994	-0.13	0.276270202852007	-0.471840888795636	0.637040362923621	0.789071119198876
SACI_RS04970	181.09045313782	-0.07	0.211458185069371	-0.345062167418064	0.73004763465148	0.849666926139983
SACI_RS04975	1672.51182599534	-0.42	0.14681768167516	-2.84453931631519	0.00444756966163344	0.0263036523336089
SACI_RS04980	204.094932796505	-0.01	0.18332618689461	-0.0578128115580281	0.953897733101104	0.977965082632405
SACI_RS04985	788.241812609041	-0.45	0.162167957053685	-2.76789444780543	0.00564197251768742	0.0312007254030619
SACI_RS04990	1357.06427895005	0.97	0.676007466842172	1.4347659664942	0.151353799158648	0.319468253387126
SACI_RS12045	81.7014091539735	0.88	0.462357988092203	1.90788437357842	0.0564061623926145	0.160594404497981
SACI_RS04995	266.937521986962	-1.16	0.255493158779718	-4.53487201765185	5.76384249629233e-06	0.000160725441598578
SACI_RS05000	1548.91168122379	-4.30	0.329088911659387	-13.0683677405208	4.99253035582495e-39	6.87970683032678e-36
SACI_RS05005	23.3818832213001	-5.19	0.902707619260024	-5.74398416860659	9.24744376339199e-09	7.49586912114951e-07
SACI_RS05010	314.627752776507	0.20	0.360700606779081	0.558626815535328	0.576416435182552	0.736829172246342
SACI_RS05015	561.920030969256	0.32	0.344317540560775	0.919530484896972	0.35781816794784	0.54907954947898
SACI_RS05020	335.467020944535	0.53	0.359632367253804	1.48603745995633	0.13726921287133	0.298826185366024
SACI_RS05025	297.275565688713	-0.48	0.440302597156998	-1.09293488912634	0.27442238844135	0.462856855902302
SACI_RS05030	90.4168672917678	0.27	0.312705548161013	0.856702779297636	0.391609166950695	0.578079734395348
SACI_RS05035	1089.04525369877	-0.00	0.446927503500911	-0.0105000435402846	0.991622331312671	0.995323508135437
SACI_RS05040	153.019947621931	0.77	0.377240537826581	2.05114196596631	0.0402531235240223	0.128251570441856
SACI_RS11835	50.9114857952651	-0.64	0.295136664115074	-2.18070340887503	0.0292053607529797	0.102492749890793
SACI_RS05045	913.678014665822	0.61	0.242436969277025	2.50758819604042	0.0121558241576994	0.0549204120960978
SACI_RS05050	318.592816038221	-0.97	0.405057674519003	-2.38252747601958	0.0171942488088292	0.0706219816946845
SACI_RS05055	524.493279375265	-1.36	0.515660382540778	-2.64110108140202	0.00826370602647859	0.0414086796526818
SACI_RS05060	913.591939725452	-0.11	0.183179971172417	-0.5786399915765	0.562832114457365	0.729519613167883
SACI_RS05065	618.906265177741	-0.06	0.307050917382982	-0.1941503627292	0.846058148046149	0.921270745166017
SACI_RS05070	295.143361717146	0.25	0.331314125550879	0.759625657628726	0.447478377913218	0.627608350905257
crn1	453.758306220776	-0.25	0.271209684199994	-0.915440301388579	0.35996052928734	0.551164904507085
SACI_RS05080	684.081482736356	0.09	0.20445047192013	0.452218756781473	0.651111397010228	0.80000054929812
SACI_RS05085	283.71296509322	0.35	0.247591600599054	1.40930772268777	0.158744196261632	0.328571150195147
SACI_RS05090	274.136537587996	0.65	0.209140382277604	3.09894201544129	0.00194213026140597	0.0145054498656771
SACI_RS05095	186.671523276631	0.64	0.191137282115831	3.35672946383283	0.00078870244313277	0.00746963550953235
SACI_RS05100	51.0749429415513	0.75	0.322326929219323	2.31432355467306	0.0206499806776485	0.0808399811755671
SACI_RS05105	879.815747925898	0.52	0.178823333226406	2.89386213161137	0.00380535206444245	0.023620608760368
SACI_RS05110	318.940172769702	0.12	0.250984253401262	0.49175715413758	0.62289102886874	0.776268640210696
SACI_RS05115	991.646042793568	-0.44	0.13831517807171	-3.16583244344953	0.00154639842710201	0.0124981644137629
SACI_RS05120	145.80023899993	0.49	0.263201886172036	1.84808549550571	0.0645899757127589	0.176422173502838
SACI_RS05125	251.68309715646	-0.73	0.383675066635666	-1.89017202553838	0.0587349567499125	0.164505630897113
SACI_RS05130	826.689789183875	1.10	0.392156560288564	2.81659124014069	0.00485362546165942	0.0279260788566458
SACI_RS05135	2586.04245179522	0.26	0.246801093966982	1.0659991887763	0.286424008617732	0.474675025706837
SACI_RS05140	2236.44521564073	0.64	0.225669567480588	2.82531240354608	0.00472345380274771	0.0274637946843306
SACI_RS05145	196.813573211077	-0.33	0.234181183815621	-1.42096937689426	0.155325662234817	0.323565778623701
SACI_RS05150	843.437674301678	-0.31	0.320399013067906	-0.979901208190887	0.327134886528181	0.521146674723506
SACI_RS12050	517.626727055853	0.34	0.663886492311861	0.511875479311206	0.608738160405642	0.764668354638993
SACI_RS05155	1795.55008977975	0.06	0.218320930563672	0.283112971981755	0.777090238026343	0.880255115495521
SACI_RS05160	136.477791784093	0.11	0.22474523325251	0.498395907601267	0.618205020669292	0.771636339204967
SACI_RS12215	22.1352523274326	-0.04	0.754657542098544	-0.0518145102706807	0.958676493558629	0.980739575444537
SACI_RS12220	22.2355604411261	-0.20	0.754824729316263	-0.259217480592115	0.795467444386108	0.890399641001166
SACI_RS05170	618.121918303102	0.04	0.443917364550425	0.0836414707493341	0.933341493550972	0.965051497205302
SACI_RS05175	115.258877725988	-0.57	0.301188116163267	-1.88259101636002	0.0597558147807507	0.166483886675779
SACI_RS05180	463.685793016655	-0.58	0.150385530259311	-3.86944758347469	0.000109082229055617	0.00155571769668769
SACI_RS05185	218.791016700374	-0.15	0.178727346204694	-0.824748175244501	0.409514574796213	0.593387049494407
SACI_RS05190	27.3172208347203	-1.22	0.607387749147467	-2.00224085659539	0.0452588334868691	0.138985707710016
SACI_RS11920	16.9202070325027	-0.46	0.399645546419297	-1.15246819290525	0.249128732808102	0.4367676766025
SACI_RS12135	2.7628788598806	-1.56	1.04785368099855	-1.49135159449075	0.135869209639972	0.296355485562214
SACI_RS05195	815.195665596138	-1.59	0.363484252111372	-4.37165505508118	1.23308232513176e-05	0.000292963352419235
SACI_RS05200	46.0880344770517	-1.14	0.325457292599082	-3.4931231129801	0.000477406355135967	0.00509973610370049
SACI_RS05205	97.552783745639	0.77	0.282321291842111	2.71882135835333	0.00655149807147449	0.0348633210280897
SACI_RS05210	96.2440215296483	-0.12	0.242215526862467	-0.482496630306668	0.629453191603142	0.782133902641234
SACI_RS05215	121.268214591558	-0.34	0.208685651235065	-1.64278097078478	0.100428258734167	0.242152476877834
SACI_RS05220	209.929353498533	-0.26	0.227305074357631	-1.14938865017051	0.250395757998544	0.438709923104887
uvsE	44.5247950672145	0.32	0.386983099554756	0.81561898805157	0.414718085960639	0.598096831453439
SACI_RS05235	144.133656889159	-0.98	0.36069883207996	-2.7195415485069	0.0065372481673794	0.0348633210280897
SACI_RS05240	2911.74165860891	0.38	0.186057792935735	2.04720919636779	0.040637548872113	0.129177721674214
folK	70.535712016988	-0.13	0.475519716683288	-0.266387469185333	0.789940814827959	0.887878012098635
SACI_RS05250	77.568775719677	0.24	0.523967159857053	0.460826978444996	0.644922744388047	0.795616420561083
SACI_RS05255	3470.64499114985	-0.15	0.211546591898309	-0.710123877214432	0.477627320749504	0.653270916121902
SACI_RS05260	790.88751965567	-0.83	0.366281795824351	-2.26216038414338	0.0236874959453842	0.0889410610701348
SACI_RS05265	355.776244368038	-0.02	0.321157550169951	-0.05219562116829	0.958372821981052	0.980739575444537
SACI_RS05270	727.505498879204	0.23	0.416578402447274	0.560386085726805	0.575216120348927	0.736374919666724
SACI_RS05275	840.459344049964	0.86	0.302435328526699	2.83178628110504	0.00462887761746569	0.0270853221098417
SACI_RS05280	447.893569614889	0.22	0.429954423111548	0.517920614088787	0.604513658724034	0.760401480348442
SACI_RS05285	3493.99141508547	-1.45	0.301622752585245	-4.79348385741023	1.63909653948502e-06	5.64527606863383e-05
SACI_RS05290	881.791731609916	-1.11	0.280186816437052	-3.96420119457361	7.36421245779957e-05	0.00117316586899975
SACI_RS05295	1408.44946140627	0.30	0.524810906294275	0.56673971977989	0.5708910307015	0.735516999254134
SACI_RS05300	1249.38644390149	0.02	0.530212100813766	0.0405130460151329	0.967684106364999	0.984588226844469
SACI_RS05305	1796.99249400972	-0.05	0.468918636874001	-0.0959962739664567	0.923523531841037	0.962167652715401
SACI_RS05310	3287.66252896229	0.02	0.386736263408978	0.0427593983651157	0.965893329778693	0.984104257622949
SACI_RS05315	343.521502913073	-0.68	0.451848929475992	-1.50611115212704	0.132038642225132	0.290653752374172
SACI_RS05320	1610.25878372845	-0.71	0.356749996603029	-1.98250629784065	0.0474226032215765	0.14346508724332
glpK	4352.99394476141	-0.88	0.474061533572385	-1.85812951168352	0.0631506248524558	0.173869252840528
SACI_RS05330	371.773219940993	-1.13	0.369048608033029	-3.05013671183891	0.00228737220002903	0.016459524238329
SACI_RS05335	102.647691836232	-1.31	0.419540513602286	-3.13162945475747	0.0017383912748741	0.0134863508996255
SACI_RS05340	335.60938436683	0.74	0.437410909350961	1.69723078390637	0.0896530372879019	0.222999793109619
SACI_RS05345	768.528648958477	0.44	0.436642419556229	1.01390831803108	0.310626501910464	0.505014500418324
SACI_RS05350	1816.70842451919	0.23	0.407421730020934	0.574277249713534	0.565780201720061	0.731374407101542
SACI_RS05355	1925.7764730426	1.85	0.24598531093445	7.51060825630279	5.88532631324087e-14	2.7033265532153e-11
SACI_RS05360	8.23784860249771	-0.83	0.708879100338565	-1.16746536163135	0.243022488804317	0.4309573648215
SACI_RS05365	7182.14843663351	0.62	0.360703302056919	1.73134308069363	0.0833905920188037	0.213966158632613
SACI_RS05370	234.520853267766	0.22	0.490864800073353	0.447117512846866	0.654790214938077	0.800961297593382
SACI_RS05375	12826.2317227709	1.59	0.403345910488899	3.94188215305736	8.08446984341153e-05	0.00127318850791098
SACI_RS05380	586.576971656413	-0.30	0.297177687717382	-1.0154868229333	0.309873824685146	0.504139469204405
SACI_RS05385	248.822883082141	-0.02	0.323312270313942	-0.053776250948628	0.957113431131143	0.979911679341379
SACI_RS05390	1826.21343974573	-0.98	0.564788696577177	-1.72855840578913	0.0838881593660837	0.214102316227113
SACI_RS05395	450.892474283688	0.57	0.224122608845027	2.52101469181527	0.0117016966219469	0.0536603592181127
SACI_RS05400	229.049351381712	-0.19	0.175940174939612	-1.0941261067546	0.273899673921454	0.462856855902302
SACI_RS05405	35.0792982606833	-0.43	0.386966548088852	-1.10481830471014	0.269238327262447	0.45775498453751
SACI_RS05410	2715.63911840359	-0.29	0.370041195613686	-0.78611398286804	0.431800713123007	0.617187817106147
SACI_RS05415	803.264243862779	0.09	0.338435615895396	0.251787845085982	0.8012050529249	0.893298927414578
SACI_RS05420	842.54311202213	-0.90	0.243870776906505	-3.68096342501914	0.000232354336919677	0.00292405731758278
SACI_RS05425	215.212851773311	-0.20	0.236047862941895	-0.839861561335314	0.400986011879683	0.586269203575812
SACI_RS05430	584.358735325114	0.08	0.211230805435587	0.372867689301881	0.709246920835157	0.83426569091835
SACI_RS11980	3808.03240275673	0.19	0.311000375550181	0.596496902318074	0.550843322643524	0.720234929160035
SACI_RS05440	145.582107659379	0.07	0.379767534504211	0.184315302001518	0.853766110314278	0.925640991355684
SACI_RS05445	654.831528016859	-0.27	0.362174169077033	-0.753937149999801	0.450886961923425	0.630736814928339
SACI_RS05450	1.07465829627628	-1.31	2.4464909864283	-0.537461107007914	0.590949143364035	NA
SACI_RS05455	0.376060585705632	-0.31	9.20286790601869	-0.0335927917880728	0.973201870345641	NA
SACI_RS11845	0.195914539115566	0.00	9.21855313155854	0	1	NA
SACI_RS05460	1.5158508991801	-1.66	2.07131878900162	-0.803222332340079	0.421846239799361	NA
SACI_RS05465	8157.37498121504	-0.55	0.527288044031784	-1.04384829540747	0.296555583081366	0.488189367624002
SACI_RS05470	4293.68014583748	-0.31	0.435886276606099	-0.720627315472134	0.471138843078972	0.649229325762824
SACI_RS05475	1886.59897498693	0.34	0.269612503888001	1.25390651380371	0.209875987164451	0.394848022886953
SACI_RS12225	127.82193438837	0.89	0.345937153456886	2.57863316880047	0.00991920587403809	0.0476260128725592
SACI_RS05480	61.3401849665478	0.60	0.259080811022545	2.30793054747116	0.0210029997075354	0.0816616805176677
SACI_RS05485	27.5947746147675	-0.03	0.377369768696081	-0.0665196861737574	0.946964085119818	0.973818290518738
SACI_RS05490	120.429501760533	-0.75	0.247579959580062	-3.02830816066775	0.00245927165457966	0.0174235287404153
SACI_RS05495	98.1339546351385	-0.66	0.237361449843195	-2.78932309462894	0.00528183432849212	0.0299169369531684
SACI_RS05500	5894.83955215632	-0.20	0.487658259423586	-0.406653130441379	0.684262768980834	0.819568966236932
SACI_RS05505	3817.51320664037	0.69	0.444919700243646	1.54038970065554	0.123465390412227	0.277771931409059
SACI_RS05510	2939.99382927949	0.76	0.445767276763039	1.71199126036538	0.086898279069763	0.218514285690024
SACI_RS12055	1.69546582728097	1.08	1.53741591987663	0.70510943016608	0.4807421384137	0.654977999583468
SACI_RS05515	218.602967554956	-0.47	0.369788298112293	-1.26867031859097	0.204558672881628	0.38920838623372
SACI_RS05520	122.348666714619	-0.34	0.264917160671682	-1.26807213446339	0.204772191596115	0.38920838623372
SACI_RS05525	1417.75019294586	0.77	0.317015357602403	2.42792793018551	0.0151853605059633	0.0643859285452845
SACI_RS05530	1308.13926854911	0.99	0.25803338817781	3.84528161435174	0.000120414066114372	0.00169316921536331
SACI_RS05535	5575.19523535112	0.26	0.572791732027941	0.457125035982098	0.647581176137071	0.797468150774696
SACI_RS05540	1333.92889061831	1.36	0.486660211529509	2.80385366099332	0.00504958183602919	0.0288129348656241
SACI_RS05545	1488.65935190323	1.19	0.456129958633962	2.60481856072553	0.00919229239049296	0.0451585701037408
SACI_RS05550	10135.0523539045	0.82	0.441984931379252	1.85027163363774	0.0642744089391186	0.175908908675482
SACI_RS05555	2107.70954968279	0.52	0.321364492245265	1.61281072398853	0.106785635540848	0.253076613364415
SACI_RS05560	193.642197517459	1.10	0.559678534804016	1.96031743369485	0.0499586995868436	0.147573607782788
SACI_RS05565	257.974478636384	0.03	0.207058221937088	0.140004589940769	0.88865636386117	0.944518680602153
SACI_RS05570	21.2500405097946	0.70	0.709978146856932	0.984641270649245	0.324800309960884	0.51882672833341
msrA	396.671226025256	-0.85	0.317563299948894	-2.68513442810809	0.00725006394262724	0.0377003325016617
SACI_RS05580	328.849336580546	0.64	0.45609947502925	1.39559458319488	0.162836614555221	0.335158857142785
SACI_RS05585	301.381992734599	1.17	0.854258640823314	1.36765464962021	0.171420201581849	0.346255787568687
SACI_RS05590	671.080764404506	1.40	0.879277929591018	1.58740795914562	0.112420277838798	0.261665176751177
SACI_RS05595	455.268646702987	1.29	0.888953433502875	1.44590970775313	0.148202528726998	0.315649206925772
SACI_RS05600	373.192315233102	1.16	0.918492427566024	1.26436132265303	0.20610036851091	0.390808418337673
SACI_RS05605	653.637650217173	0.61	0.941821399029068	0.651970942258038	0.514419917848154	0.687223118560112
SACI_RS05610	1573.457562204	0.21	0.986244645947618	0.216874605727398	0.828306068306576	0.910222685782567
SACI_RS05615	24906.6607779149	-0.29	1.11761298911011	-0.257345427458478	0.796912126948363	0.890399641001166
SACI_RS05620	31.662868851163	0.03	1.2002408130653	0.0286393425452901	0.977152234129323	0.990473190838914
SACI_RS05625	1369.62600542772	0.71	0.553575886722909	1.29109137767614	0.196671993559988	0.380637650457392
arnS	213.096527776043	0.42	0.377905758229341	1.09861543041513	0.271935844322523	0.460636255041716
SACI_RS05635	2420.54770023773	-0.13	0.433590007481125	-0.307304413330088	0.758611676764158	0.868605642360623
SACI_RS05640	2613.53406701962	-0.17	0.454351632579243	-0.380488440676201	0.703582875508544	0.830794517952676
SACI_RS05650	331.638940517528	-0.33	0.198710079431951	-1.66771450246835	0.0953724150993628	0.233226598060199
SACI_RS05655	137.780879500823	0.37	0.239444653130236	1.52733201943848	0.126678471277721	0.282235947325302
SACI_RS05660	338.107416788016	0.02	0.162929462171327	0.10670602470309	0.915022202877698	0.958495321600508
SACI_RS05665	783.299216151295	0.03	0.270555287024314	0.0925655471277044	0.926248715602733	0.962209370599748
SACI_RS05670	1952.37333438514	-0.20	0.363013945942915	-0.556473282643114	0.577887353902021	0.738024813417039
purE	302.2833712877	-0.41	0.227249530535068	-1.79438233989083	0.0727521637204636	0.194219487720402
SACI_RS05680	781.8883676891	-0.41	0.214511117889057	-1.90441434783402	0.0568562420429977	0.16141081943226
SACI_RS05685	343.510869409614	-0.16	0.188888893621509	-0.826622342223821	0.4084511498183	0.592781131595174
SACI_RS05690	3856.37252770949	-0.40	0.447797635993292	-0.903827080644313	0.366087099716445	0.556194072116054
SACI_RS12060	1067.73032918369	0.11	0.376815339491054	0.292117755570301	0.770196591490623	0.877132977747172
SACI_RS05695	728.875790307719	-1.72	0.291199477010515	-5.91831862521263	3.25249413345673e-09	3.11646015379945e-07
SACI_RS05700	1013.13260277698	0.04	0.288530559309244	0.149472767119308	0.881180596636972	0.940147463940408
SACI_RS05705	905.3404817188	0.19	0.269202756063147	0.708172783044469	0.478837965681733	0.654601901497449
SACI_RS05710	1587.0262268722	-0.72	0.150801628337728	-4.79104242063114	1.65917039753026e-06	5.64527606863383e-05
SACI_RS05715	991.337271830647	-0.44	0.27482259999956	-1.58473275050152	0.113027067475164	0.26242847343012
SACI_RS05720	329.547093355899	0.00	0.323237121362269	0.0140523496391404	0.988788216176886	0.995323508135437
SACI_RS05725	1215.99016235755	0.05	0.160507901489522	0.341553470213379	0.732686958766779	0.852019096354955
SACI_RS05730	552.364699475936	-0.33	0.246258790398913	-1.35026149188609	0.176932119801524	0.354894412061862
SACI_RS05735	5854.18680850872	-0.26	0.202129876532835	-1.26413599435099	0.20618121925362	0.390808418337673
SACI_RS05740	213.880275454169	0.00	0.20706126110398	0.0116006079915486	0.990744261585203	0.995323508135437
SACI_RS05745	354.519091937403	0.77	0.333673247712528	2.31606477907681	0.0205547320117065	0.0806963553052182
SACI_RS05750	365.22011470257	0.82	0.256331320860674	3.20923674619438	0.00133087858135452	0.0112858503698864
SACI_RS05755	814.608530988018	0.69	0.223358097515171	3.10834379003443	0.00188139074217157	0.0142840575356056
SACI_RS05760	5176.5253482091	0.48	0.296603451800953	1.60878187121205	0.107664046294711	0.253750740434356
SACI_RS05765	3490.12691348298	-0.93	0.203708061398782	-4.54761452009282	5.42573976092418e-06	0.000154252985115824
SACI_RS05770	7291.63930233664	-0.63	0.174852525649967	-3.60747848604412	0.000309187165891991	0.00369448470919951
SACI_RS05775	35.2913836637296	-0.30	0.339977717050716	-0.876147656944175	0.380949767658001	0.569749522080899
SACI_RS05780	946.578575126692	0.72	0.111823167978694	6.43996224369008	1.19503225897361e-10	1.64675445286564e-08
acnA	12646.8868657019	0.82	0.137971717292102	5.94028315279944	2.84530196509279e-09	3.01602008299836e-07
SACI_RS05790	729.672092748231	0.30	0.198918321538415	1.52060092380799	0.128360014857421	0.284373151886699
SACI_RS05795	249.353119331602	0.72	0.280531059607558	2.56758552569458	0.0102409523088634	0.0488305615280754
SACI_RS05800	2214.53715098026	0.32	0.252941915346766	1.26844770253784	0.204638115598519	0.38920838623372
SACI_RS05805	201.851810604184	0.12	0.352731611565148	0.349658129269014	0.726595280377522	0.847797033327879
SACI_RS05810	648.606907183461	-1.00	0.269624993434192	-3.7151863594888	0.000203053987031061	0.00265221226662371
SACI_RS05815	1212.44753875798	1.46	0.585908198404748	2.49933070256236	0.012442813583867	0.0558718020374284
SACI_RS05820	389.970446365048	1.09	0.573396961561943	1.90147830968436	0.0572393909126134	0.162028450398411
SACI_RS05825	242.173719478922	1.10	0.496531638704596	2.2159721668583	0.0266934083952882	0.0959308827331511
SACI_RS05830	6638.93754652745	-0.78	0.535313649401312	-1.46321202337537	0.143409371839362	0.309503703045639
SACI_RS05835	379.786628863448	-0.65	0.401356022885784	-1.61210757094486	0.106938533535604	0.253076613364415
SACI_RS05840	155.020953797641	0.84	0.417169379667437	2.01953864672523	0.0434312647011886	0.134840376013861
SACI_RS05845	637.876991442246	0.93	0.237649929624985	3.92821497334561	8.55786977951722e-05	0.00132502747822188
SACI_RS05850	275.904650654753	-0.38	0.271698488646739	-1.38215825379616	0.166923115012773	0.340014859552994
SACI_RS05855	1298.89717064536	-0.87	0.418015129633687	-2.07085824850449	0.0383720449016765	0.12426951321859
SACI_RS05860	173.552194333359	-1.46	0.423533403662325	-3.44698149074221	0.000566887418705908	0.00591796108315713
tenA	412.494073022638	0.06	0.227984307143751	0.242256932907778	0.808581082476035	0.897121362038628
SACI_RS05870	747.899326031265	1.95	0.345327157549441	5.64438831635043	1.65769547068931e-08	1.17143813262045e-06
SACI_RS05875	328.969557176926	-0.71	0.223739338530615	-3.1831978099786	0.00145658067611703	0.0119474295933885
SACI_RS05880	127.094489193936	0.03	0.261553695782228	0.0972778247669597	0.922505765741142	0.961946988415659
SACI_RS05885	105.542556684008	-0.20	0.210978804971509	-0.961822103265391	0.336138973077147	0.528766558105375
SACI_RS05890	33.8138888822065	0.71	0.308344145314155	2.30957580030806	0.0209116506579731	0.081632449310728
SACI_RS05895	226.286845140718	0.78	0.216954052860366	3.60708093650646	0.000309661091373399	0.00369448470919951
SACI_RS05900	1755.67136743354	-0.59	0.531770013804399	-1.11584850916246	0.264486985475938	0.451068150972578
SACI_RS05905	86.0102446272765	0.63	0.275348708919898	2.3008524855253	0.0213999705871147	0.0827290751547017
SACI_RS05910	391.511974397172	-0.02	0.175949416208686	-0.120369363480245	0.904190559318858	0.953691414646636
SACI_RS05915	2678.31572801938	1.41	0.314602633143249	4.48788513184068	7.1933693993662e-06	0.000188808819663364
SACI_RS05920	809.884493496048	0.68	0.261479869940553	2.60416830768427	0.00920975177514005	0.0451638361072704
SACI_RS05925	1015.25066591154	0.10	0.295613380580194	0.326104646303394	0.744345181781909	0.860305405186198
SACI_RS05930	390.102743598955	-0.66	0.168901669586899	-3.91798771535292	8.92912555912768e-05	0.00136714833560866
SACI_RS05935	186.09108671025	-0.60	0.154686104266449	-3.87667698068708	0.000105892792241268	0.00154229899477878
mvaD	259.728306176231	-0.56	0.191157783662702	-2.90498157985345	0.00367274714149636	0.023162679912961
SACI_RS05945	784.244642283783	0.08	0.19291808357648	0.394034916930036	0.693555260354192	0.825744595689645
SACI_RS05950	190.672230203073	0.71	0.348209865541555	2.03489983868862	0.0418609522425924	0.131549355051978
SACI_RS05955	740.751952081419	1.25	0.416293551357745	3.00820767480016	0.00262793488447493	0.018289365004073
SACI_RS05960	1391.99179719313	-0.38	0.13325197774145	-2.85844063529615	0.0042572875957164	0.0253414354509598
SACI_RS05965	1519.64316532431	-0.58	0.135993979836426	-4.28247388702955	1.84826828262162e-05	0.000406173727614953
SACI_RS05970	48.7485465247917	0.12	0.313909162655375	0.390496691307608	0.696169301460013	0.82756967656285
SACI_RS05975	105.06171653076	-0.17	0.217912616543782	-0.79429558612151	0.427023373022562	0.612452731189552
SACI_RS05980	609.580514656544	-0.18	0.298752178559774	-0.595324574552781	0.551626532284286	0.720513138850944
SACI_RS05985	175.61226445401	0.23	0.244408166203816	0.933546473957816	0.350537886909195	0.542374780493912
SACI_RS05990	626.36796970991	-0.76	0.483334461314195	-1.5733622588912	0.115634960761612	0.266686152183265
SACI_RS05995	823.382167769928	-0.13	0.198869010401479	-0.67045166386071	0.502569909668026	0.675979829695012
SACI_RS06000	140.038849313225	-0.34	0.207313490745694	-1.61951567986871	0.105336355577888	0.250429216635164
SACI_RS06005	0.765044729508315	-0.63	3.29362812109343	-0.19195601871193	0.847776656670209	NA
SACI_RS06010	156.971574008467	0.79	0.461220929189319	1.72257925245162	0.0849646396005362	0.215420926162905
SACI_RS06015	2845.27193896036	-0.42	0.29240850616091	-1.44950933213992	0.147195396095151	0.314717231682108
SACI_RS06020	153.505039800812	0.10	0.193560238399609	0.499269437895074	0.617589582542355	0.771353671955675
thrS	829.473944890861	-0.70	0.201924281729679	-3.48722869180902	0.000488053827611172	0.00517337057267842
SACI_RS06030	132.229570371969	-0.52	0.214444610979178	-2.41534801434122	0.0157201816218478	0.0657432785277882
SACI_RS06035	109.173864479541	0.42	0.184318867982621	2.25551465245743	0.0241010436209442	0.0898815645728313
SACI_RS06040	1018.29843523895	0.34	0.287415251966892	1.19092779858823	0.233681930450178	0.422590157690742
sucD	2123.09194902155	0.12	0.214669899378148	0.577721259421654	0.563452323652808	0.729519613167883
SACI_RS06050	545.88826906173	0.28	0.259203190067537	1.07202346751075	0.283709491681528	0.4713100416361
SACI_RS06055	3.1429409221259	1.07	1.69708305763663	0.628861571572191	0.529439686197176	0.699825311827058
SACI_RS06060	236.102707275663	-0.03	0.347809655242834	-0.0722689688012801	0.942387859412653	0.970511440640979
SACI_RS06065	16.3747220968946	1.44	0.626645987692068	2.30061480537822	0.0214134134302266	0.0827290751547017
SACI_RS06070	93846.8669866142	0.50	0.526368319097803	0.951822240835347	0.341187140529709	0.533784903688506
SACI_RS06075	115103.757493791	0.08	0.508275139717416	0.158260795444144	0.874251299463411	0.936676829962382
SACI_RS06080	14.2127905090975	-0.17	0.645781262315504	-0.267084453363319	0.789404137356438	0.887878012098635
SACI_RS06085	10769.4016365664	0.78	0.243669282114036	3.21394384421807	0.00130925276072178	0.0111367302733001
SACI_RS11640	168.884647788665	-0.51	0.186961224351407	-2.72550306240108	0.00642035808486151	0.0344922161440123
SACI_RS06090	669.523876263314	-0.31	0.12293280549162	-2.51471149182857	0.0119129826777339	0.0542680665451812
SACI_RS06095	643.06647853258	-0.40	0.182530374852888	-2.21754368990526	0.0265859609641486	0.0958084537497119
SACI_RS06100	412.43198268175	-0.25	0.20139565181066	-1.21780428024154	0.223298357399922	0.408910480394808
SACI_RS06105	205.501351934104	0.11	0.210836551885697	0.519930129725567	0.603112274513583	0.759331854070094
priS	413.488687700216	0.16	0.2689554878661	0.606063218524536	0.544472774241415	0.715565339361122
SACI_RS06115	637.827506513579	-0.51	0.226477007451751	-2.25668819459051	0.0240275650373671	0.0897289556137991
SACI_RS06120	919.878382760184	-0.41	0.195654972358311	-2.09537900765359	0.0361373141188672	0.119132102525835
SACI_RS06125	713.353343760848	-0.17	0.15589117076861	-1.08988142513703	0.275765379848481	0.464329491258736
SACI_RS06130	194.446127971686	0.34	0.211642904836837	1.62062715156645	0.105097625554323	0.25012871850407
rnz	166.337354036463	-0.03	0.204076427643823	-0.150422667342512	0.880431158779202	0.939763080401038
SACI_RS06140	106.443609404109	-0.37	0.277636590089744	-1.34911703452821	0.177299377588752	0.3553724251888
SACI_RS06145	8.65387867764343	-0.08	0.702916691194289	-0.117757100131178	0.906260122102986	0.954170581473657
thpR	170.948025625642	-0.63	0.147446504408938	-4.25251197776125	2.11385906516254e-05	0.000445975005243376
SACI_RS06155	394.167570556054	-0.34	0.149981606213389	-2.27349187521801	0.0229965551882996	0.0871781376876941
SACI_RS06160	117.826900887065	-0.57	0.202883458116936	-2.8324519844023	0.0046192503112566	0.0270853221098417
SACI_RS06165	755.983153648753	-0.21	0.384036516255211	-0.535275379498266	0.59245944862333	0.750376029598299
SACI_RS06170	2.58185773124532	-2.96	1.66228569334267	-1.77771954579152	0.0754499278573356	0.199942308821939
SACI_RS12235	4.78293005692833	-0.87	0.900571702669325	-0.964093403840763	0.334999099427889	0.527877368795462
SACI_RS06180	431.988201282433	-0.04	0.154206378423954	-0.281875382239095	0.778039066577561	0.880374008827637
SACI_RS06185	409.284869732348	-0.21	0.180620434425928	-1.14381155848111	0.252701795290625	0.440530050484721
SACI_RS06190	786.240579253672	-0.40	0.509387332252915	-0.79413492051152	0.427116890183715	0.612452731189552
SACI_RS06195	358.3202080603	0.36	0.220027886841933	1.64620786776696	0.0997209699868289	0.240714441498734
SACI_RS06200	216.147583809098	0.38	0.253567700134641	1.49939114615645	0.133772189140593	0.292832528412609
SACI_RS06205	171.045885982199	1.26	0.311710741391891	4.0460785374911	5.20827655366456e-05	0.000908481657082248
SACI_RS06210	11977104.5240529	0.23	0.272084184077352	0.860469558484825	0.389530256995018	0.576245511689892
SACI_RS06215	4269955.41910249	0.11	0.287999038354723	0.382663857064853	0.701969016211551	0.83031184921847
rpiA	535.555792161554	-1.58	0.397089488525711	-3.9755138757338	7.02274488702017e-05	0.00113185291863319
SACI_RS06225	1144.17061927461	0.76	0.409953324162553	1.8524387008951	0.0639628522893792	0.175571596896676
SACI_RS06230	3.03994955348604	-1.14	1.32284423139104	-0.86154864297623	0.388935942539004	0.576245511689892
SACI_RS06240	315.247596941024	0.95	0.224519539824581	4.24508049202047	2.18514966166304e-05	0.000456232762692678
pyrH	588.245718818733	0.14	0.200585016635056	0.679902948531294	0.496565914548189	0.670850813968044
SACI_RS06250	1155.03511635393	0.59	0.36975276235888	1.58756190137346	0.112385439034378	0.261665176751177
SACI_RS06255	386.538419273396	-1.15	0.287161953071045	-4.01163649379248	6.02992974017046e-05	0.00101025295812071
SACI_RS06260	545.498001370943	0.24	0.264794671134412	0.896641083968001	0.369910467925151	0.560153761080214
SACI_RS06265	1518.96442605898	-0.12	0.216027919466072	-0.578119378825345	0.563183524444089	0.729519613167883
SACI_RS06270	876.587587367874	-0.50	0.202672866324355	-2.47247951795939	0.0134179402246628	0.0586051398719027
SACI_RS06275	1022.67698320361	0.19	0.165461330036928	1.15459931663353	0.248254546657638	0.435789509928949
SACI_RS06280	1305.9599563756	-0.04	0.12447212475183	-0.322922500565632	0.746753935464882	0.861877817071873
SACI_RS06285	646.274492249816	0.51	0.219219182260808	2.32923515198532	0.0198466116458821	0.0792713937623928
SACI_RS06290	850.161535226977	0.01	0.308946390881336	0.0236718182615897	0.981114385474107	0.991301381078654
SACI_RS06295	35.1407221556089	0.12	0.400627847737033	0.290411157685795	0.771501708751706	0.877486012016211
SACI_RS06300	3992.56182986981	0.08	0.237484520305372	0.347631905046324	0.728116642239258	0.84814896114371
SACI_RS06305	219.843246373225	0.06	0.273590571327445	0.208864335282909	0.834554146410684	0.91379866011436
rgy	6285.8649099447	-0.72	0.441874554523826	-1.62160729466106	0.104887459750144	0.249844286146409
albA	552.537504211611	-0.78	0.408806180588877	-1.91591124888458	0.0553763934182541	0.15864588384689
SACI_RS06320	1828.21853324286	-0.10	0.189037502203757	-0.510263616814125	0.609866788553518	0.765339541564267
SACI_RS06325	49.0672032319697	-0.29	0.409031625541701	-0.699500097037107	0.484239552395672	0.658393787075713
SACI_RS06330	111.73806741193	0.23	0.241222071299729	0.970445044143978	0.331824705395185	0.525277936857628
SACI_RS06335	653.812913361602	0.07	0.223379068067747	0.312474980234228	0.75467957468356	0.865541784364499
SACI_RS06340	51.9838146630382	0.68	0.348746712825546	1.93711421925693	0.0527313828452423	0.153299252237856
SACI_RS06345	84.8941655330667	-0.91	0.242828119808931	-3.75513692399867	0.000173246739783599	0.00236192186233612
gatC	270.763786286283	-0.52	0.134896071148904	-3.88302442132663	0.000103165202147594	0.00152861987698262
gatA	1474.26037001766	-0.44	0.12269208084135	-3.54882682140875	0.00038695147695037	0.00430285795711774
twy1	2124.70486261782	0.29	0.139293744808977	2.06969949208132	0.0384804943543941	0.124448674676398
SACI_RS06365	1019.93721018868	0.20	0.129045522787061	1.58064161330358	0.113960005331995	0.264149516143801
SACI_RS06370	239.202797935021	0.09	0.166000386897311	0.551769860839414	0.581106039052012	0.740038905435824
dph5	287.320653190885	0.38	0.218841081947597	1.75189007701264	0.0797927111516595	0.207656951779012
SACI_RS06380	556.570629710298	-0.22	0.190160812546633	-1.15711355775724	0.24722596820891	0.434260527969251
SACI_RS06385	1937.40100904322	-0.30	0.155840353510176	-1.95009664792157	0.0511646007197646	0.150010254876246
SACI_RS06390	917.011742255889	-0.10	0.205000021629561	-0.507509064816864	0.611797677660638	0.76641563619669
SACI_RS06395	1142.41527054202	0.79	0.142605696540463	5.5684938189862	2.56950742246549e-08	1.72721035519876e-06
SACI_RS06400	3623.39377644694	0.75	0.161348007165945	4.66074119609315	3.15072697266474e-06	0.000102157688666636
SACI_RS06405	185.888676273826	-0.49	0.380783643437539	-1.28947903265008	0.197231601090813	0.381185338433577
SACI_RS06410	1525.52249855781	-0.51	0.373420591196366	-1.37540579373726	0.169005673784318	0.342485027168808
SACI_RS06415	4496.94603830782	-0.40	0.236732843346022	-1.70115684810083	0.0889135384038553	0.221714348360353
SACI_RS06420	269.301884798216	0.12	0.210052101257741	0.552863460108944	0.580356909913319	0.73980742077757
SACI_RS06425	1407.85804405357	0.51	0.135687224848341	3.74116421297212	0.000183169785924704	0.00243037167126193
SACI_RS06430	401.398103998402	0.20	0.133236804414573	1.5350606418389	0.124768932902939	0.279336457417141
SACI_RS06435	1997.04464090156	-0.06	0.0936226357691804	-0.651218463042033	0.514905473632445	0.687538510334796
SACI_RS06440	1924.65046451236	-0.03	0.14127738702	-0.226085680988983	0.821134781198601	0.90703304889112
SACI_RS06445	327.474852625173	-0.22	0.328754371327607	-0.682160850841472	0.495137246593155	0.669248774698742
gatD	1037.08372356135	-0.46	0.149755143004123	-3.04056824879728	0.00236132168440728	0.0169033832785103
gatE	1718.01455769415	-0.34	0.128264287106429	-2.66052138826771	0.00780197718584177	0.039718563185335
SACI_RS06460	304.210420632469	-0.04	0.195382837197677	-0.193332192628177	0.846698815828061	0.921604240293103
SACI_RS06465	2007.81321314421	0.35	0.207484759944202	1.70475896308795	0.0882393879516631	0.22087897656202
SACI_RS06470	17870.7172448203	0.19	0.390188352240619	0.499114565361072	0.617698677070455	0.771353671955675
SACI_RS06475	77.5846802643089	0.27	0.355903687979061	0.769469090384183	0.441614887065886	0.623719716692833
SACI_RS06480	2024.58502306338	0.41	0.224011462965449	1.82171531724487	0.0684981926026939	0.184898157505411
SACI_RS06485	3880.10847574624	-0.08	0.149296004742998	-0.562281971484168	0.573923919632706	0.736207917878073
SACI_RS06490	1550.3522184868	-0.09	0.157459736937872	-0.585122522903716	0.55846533547885	0.726303404207775
SACI_RS06495	5236.33385096393	0.31	0.221973733266771	1.37686830784226	0.168552967127406	0.342263194015794
hmgA	2278.0664000299	1.43	0.498247280639738	2.86402297614403	0.00418297668929697	0.025007123114322
SACI_RS06505	874.987167193903	1.56	0.539133785614578	2.88821576113355	0.00387434013170973	0.0239409896928072
SACI_RS06510	3066.64934278449	1.64	0.556567429953397	2.943336998487	0.00324694757943083	0.0213554646327637
SACI_RS06515	2383.51386255522	1.37	0.598283347358153	2.28367072701687	0.0223908896813889	0.0852338286766682
speD	6263.89161107356	0.20	0.234818367437108	0.852741410959302	0.393802720922788	0.579866956977548
SACI_RS06525	654.630655115766	0.76	0.33066226727129	2.30496052818164	0.0211687841577841	0.0821706607589479
SACI_RS06530	10.5830161172975	0.47	0.764854090144983	0.617251398054428	0.537068918775176	0.706521212479421
SACI_RS06535	360.275227402149	0.28	0.24139409227446	1.16822384885194	0.242716482992247	0.4309573648215
SACI_RS06540	274.986360365376	-0.25	0.333562651686394	-0.754396596216367	0.450611114832301	0.63071824909996
SACI_RS06545	577.159156887413	-0.60	0.518237831100145	-1.1650633509647	0.243993350383212	0.431331413506178
SACI_RS06550	771.692867778263	-0.63	0.427159676362414	-1.4708225337473	0.141339116782389	0.305754007733331
SACI_RS06555	163.909419688038	0.13	0.299791844122635	0.445405591269024	0.656026672309851	0.800961297593382
SACI_RS06560	784.281190307679	0.39	0.236434890829254	1.65167879598529	0.0986000474611432	0.238369939300799
SACI_RS06565	7152.84361993943	-0.44	0.407467769622338	-1.07407114711592	0.282790795066196	0.470634922223694
SACI_RS06570	4280.64518823224	-0.61	0.384478110863198	-1.57926105344505	0.114276191142507	0.264437600998111
cdvA	2869.7074645854	-0.95	0.379391443542118	-2.49862079741063	0.0124677642427498	0.0558718020374284
SACI_RS06580	1241.6087524809	-0.01	0.495314949261321	-0.0191295965360675	0.984737721125272	0.99302493941502
eno	1632.73063013088	-0.39	0.219299881631089	-1.80104168307421	0.0716963102763917	0.192407443869435
SACI_RS06590	23.6632932922484	0.29	0.398587831739762	0.731190964159289	0.464662518554629	0.641588126821922
SACI_RS06595	222.279317185479	-0.49	0.236841032133097	-2.07135154479277	0.0383259555971019	0.124266274853662
SACI_RS06600	478.500801809202	-0.54	0.216619195858819	-2.48656332373112	0.0128983612368321	0.0572429687096766
gcvPB	957.805748322769	-0.81	0.194821655323018	-4.15331715686584	3.27690063987106e-05	0.000627162372464212
gcvPA	1138.11925737851	-1.15	0.228733534015218	-5.01900253184266	5.19404654010934e-07	2.2721892483399e-05
gcvT	1177.42819467257	-0.00	0.169940611233519	-0.0139017032519547	0.988908402863004	0.995323508135437
gcvH	610.599088324091	-0.24	0.179790210115762	-1.33185900914235	0.182906522959238	0.362394232405219
SACI_RS06625	986.097623172688	-0.02	0.170341686083921	-0.12748729428168	0.898554728820339	0.949505186050702
SACI_RS06630	330.603170752133	-0.19	0.216797613191301	-0.865525988241547	0.386750158242335	0.574290644458985
SACI_RS06635	1308.69227694658	0.41	0.314922708507878	1.28627133897792	0.198348381464669	0.381682831039419
sufC	2829.41232896111	0.17	0.173969919112385	0.976769151303701	0.328683451548919	0.522405762669447
sufB	6836.248885587	0.25	0.302000029822873	0.815177735003468	0.414970580574375	0.598147970744235
SACI_RS06650	3380.19557337138	0.39	0.30093320505476	1.29785838372742	0.194336002869714	0.377441877314257
SACI_RS06655	67.7892867179661	-0.15	0.387770369177983	-0.378646416009242	0.704950449196689	0.831340795030413
SACI_RS06660	1.52582817575171	0.44	1.76824785950272	0.24928675699838	0.803138974422845	NA
SACI_RS06665	883.513246215466	-0.75	0.293471334603426	-2.56368129244099	0.0103568596966577	0.0492979366562845
SACI_RS06670	2.50714757174458	-1.37	1.35256292655329	-1.00956837269642	0.31270212870657	0.506945333361946
SACI_RS06675	1747.55345762348	-0.24	0.160229829312751	-1.50027780434456	0.133542456428343	0.292562011062411
SACI_RS06680	43.7600333899459	0.01	0.467012110893951	0.0143750928738846	0.988530730345126	0.995323508135437
SACI_RS06685	2671.08175428068	-0.17	0.484459229703727	-0.352619621918125	0.724373625215459	0.84627965709784
SACI_RS06690	2351.82954338486	0.02	0.161916362820269	0.154183626692903	0.87746495181967	0.938414205360889
SACI_RS06695	900.953060777175	-0.65	0.243210631873432	-2.69245999927111	0.00709270432347026	0.0370920172969336
SACI_RS06700	10324.9607399124	-0.34	0.360218005643848	-0.937170905244458	0.348670653211948	0.541983260153484
SACI_RS06705	210.680011618672	0.08	0.228664361104188	0.347786339029917	0.728000649854063	0.84814896114371
SACI_RS06710	1430.38144409399	0.29	0.203397411618514	1.42848043417434	0.153153622320273	0.321226318960938
SACI_RS06715	1214.3310206746	0.06	0.134146620752956	0.434778420007381	0.663723270319667	0.805824375771366
SACI_RS06720	192.951259113584	0.43	0.312230499222294	1.38044731063707	0.167448961921588	0.340834076112184
SACI_RS06725	298.22592679604	-0.19	0.162542988877544	-1.18878497920784	0.234524290320346	0.423001270933202
SACI_RS06730	313.815779185882	0.49	0.166836273148788	2.91387001763871	0.00356978508193046	0.02265357829718
argF	251.872926317948	-0.18	0.200512145541413	-0.885423595613068	0.37592821092733	0.565225395153149
SACI_RS06740	930.481604814394	0.33	0.209805362788358	1.59113425775367	0.111579364262478	0.260604006701178
SACI_RS06745	523.992480934964	0.14	0.193480472751613	0.748141106775764	0.454375049567182	0.633791819319033
asd	3001.49671010791	-0.20	0.152263811244357	-1.34582028902237	0.178360480544027	0.356462280188063
SACI_RS06755	2592.43290076523	0.68	0.205231264296828	3.31093126591677	0.000929860454874874	0.00862860408631364
thrC	2819.49490594296	0.67	0.198106238601234	3.37752171178598	0.000731421786380353	0.00707297699390966
SACI_RS06765	717.487409370741	0.65	0.151789656061483	4.28284821633152	1.84516046114977e-05	0.000406173727614953
SACI_RS06770	505.243500638656	0.36	0.27516778214253	1.30941573114275	0.190393565609485	0.372225169710199
SACI_RS06775	3852.57040811495	-0.21	0.475262847235656	-0.440041945865358	0.659906727479507	0.804024288653192
ppsA	3500.841786088	0.42	0.397892825600522	1.06413990885812	0.287265324039939	0.475783192941148
SACI_RS06785	114.692283595869	0.01	0.247050298869482	0.024706783523726	0.980288844263925	0.991301381078654
SACI_RS06790	1158.24532636599	-0.12	0.129426886483344	-0.915089309320074	0.360144746845587	0.551164904507085
SACI_RS06795	189.814715121948	-0.76	0.238194352824398	-3.19446992060601	0.00140087882696344	0.0116994607488219
SACI_RS06800	3958.01886804524	0.29	0.345319316864141	0.852753088444244	0.39379624376154	0.579866956977548
trpA	1243.8780432104	0.63	0.413112000569278	1.53599578109792	0.12453941507433	0.27927634495106
trpD	1511.08181029763	0.73	0.40482798115568	1.80893291794666	0.0704614256297562	0.189455306376203
SACI_RS06815	487.247711324048	0.79	0.39360725337774	2.00975688748277	0.0444569257996764	0.137204129343682
SACI_RS06820	804.411241250362	0.95	0.397442194442629	2.40028232180739	0.0163824312037827	0.0678947073648498
SACI_RS06825	231.51986036329	1.22	0.38695063982309	3.15086094851193	0.00162789971937126	0.0128922173177793
trpC	682.442225531668	0.03	0.154230353066174	0.212974918075764	0.831346526352111	0.912098338625166
SACI_RS06835	2395.24501934924	0.35	0.159066809615896	2.180448665078	0.0292242201452514	0.102492749890793
SACI_RS06840	3526.40343409972	-0.12	0.126694695546187	-0.985642908563446	0.32430837425393	0.518637027466957
SACI_RS06845	341.209439504387	-0.13	0.14645186735688	-0.867948112946315	0.385422738305263	0.574290644458985
SACI_RS06850	74.8578241784945	0.43	0.249810035719856	1.7258360426945	0.0843769135643013	0.214720936087917
SACI_RS06855	152.821736944132	0.15	0.300604736543558	0.484868746301516	0.627769453508606	0.78085724325055
SACI_RS11925	461.78459724619	-0.29	0.3073157686374	-0.93434720430024	0.350124822087453	0.542374780493912
SACI_RS06865	141.833252324078	-0.52	0.303313564999846	-1.72517855551965	0.0844952990610494	0.214823841524218
SACI_RS12245	145.334550752533	0.67	0.242238486108731	2.77598946720685	0.00550339913126595	0.0307934070432819
SACI_RS12250	117.58131276592	0.62	0.22459573581499	2.76954648763556	0.0056134392996071	0.0311709884765181
SACI_RS06870	1017.57713745516	0.70	0.164219953909677	4.27967069603511	1.87170041390055e-05	0.000406173727614953
glgX	1037.05822166693	0.40	0.195990921257169	2.03968465607081	0.0413817441469748	0.130489801909683
treZ	1007.92213091819	0.23	0.22175983926419	1.03395191172179	0.301158644760636	0.492285424057125
SACI_RS06885	69.7466277632191	-0.60	0.288497636214638	-2.07908939985791	0.0376091342109608	0.122672960067016
SACI_RS06890	2.87692174631612	0.33	1.18821328008855	0.279779968852601	0.779646320752479	0.880616909833538
SACI_RS06895	894.713864443013	0.21	0.224814618216943	0.945851853749306	0.344224153302991	0.536888379458428
SACI_RS06900	11.9790009650353	2.07	0.752358474787717	2.75003694668929	0.00595885455018793	0.0324557374314584
SACI_RS11930	1.47129848391555	-1.36	1.49421958649274	-0.907949158346383	0.363905083736945	NA
SACI_RS06905	16.9076021783784	-1.38	0.561157558073372	-2.46004279500678	0.0138920449604635	0.0600101503307797
SACI_RS12065	1.71862512275207	-0.68	1.20490805071457	-0.565447963281612	0.571769108922071	0.73600918458161
SACI_RS06910	527.945028311713	0.28	0.148787480724155	1.88960674974497	0.0588105737763172	0.164550194241148
SACI_RS06915	43.7143604244366	-0.01	0.349219344758269	-0.0311432870749323	0.975155268303973	0.990246101490696
SACI_RS06920	2073.7247524017	0.40	0.295401745946654	1.34455272012358	0.178769720399364	0.356762743968607
SACI_RS11660	4.2201028740704	0.48	1.12576845196267	0.428183297292822	0.668517675736394	0.81057400542433
SACI_RS06925	52.0348764443259	0.58	0.365082583848287	1.59160246984363	0.111474054786685	0.260578876159545
SACI_RS06930	265.336398157289	0.33	0.330496169887377	1.01359058070548	0.310778154103584	0.505014500418324
SACI_RS06935	4.84133821834648	0.04	0.815696746699338	0.047556359783804	0.962069812497619	0.981712354480995
SACI_RS06940	74.7882390699132	-0.11	0.264462230762892	-0.407990205489496	0.683280865689791	0.819491245323767
alaS	1961.436627086	-0.26	0.12661011485977	-2.04878416575214	0.040483224779701	0.128835759229626
rpl12p	1314.22986051804	-0.36	0.236131528366262	-1.53053667763017	0.125883942017405	0.280919954817788
SACI_RS06955	4037.02295510728	-0.57	0.198884257565933	-2.88718824448557	0.00388701597007292	0.0239655839228657
SACI_RS06960	3166.89852887349	-0.49	0.174622294816377	-2.80596292191587	0.00501664645305794	0.0286843934120906
SACI_RS06965	2471.93685643355	-0.61	0.162685993711988	-3.74081530637142	0.000183424277076372	0.00243037167126193
SACI_RS06970	1457.49370802341	-0.32	0.137837284511471	-2.34701150543562	0.0189246703937597	0.0764756475149583
SACI_RS06975	128.082670426346	0.40	0.197358898023673	2.04103415843422	0.0412474319637685	0.130215260586651
ftsY	1425.08960877844	0.69	0.199647553368861	3.46532567587706	0.000529589735090308	0.00554961714794254
pfdA	1110.07173401598	0.33	0.151664980882184	2.15144229394035	0.0314413059540944	0.108315299011855
SACI_RS06990	330.354159734931	0.29	0.165140936317601	1.74356803549703	0.0812344411039412	0.210217952753485
SACI_RS06995	722.743640846949	-0.29	0.15282010894904	-1.8666154965333	0.0619553019701756	0.171156742288564
SACI_RS07000	420.150536815656	-0.39	0.271024226176718	-1.45132831458137	0.146688460510502	0.314278702359469
SACI_RS07005	69.5439629838822	-0.18	0.253685861275683	-0.697405513797061	0.485549051886128	0.659848711537558
SACI_RS07010	1170.02562293923	-0.06	0.171792126800623	-0.371426685167745	0.710319752956662	0.834794238202635
SACI_RS07015	1410.54951982726	-0.10	0.230708895989609	-0.416293685626254	0.67719511253353	0.816710545893018
SACI_RS07020	955.832183333962	0.41	0.143709266549914	2.88404383803155	0.00392604095661104	0.0240983716624054
SACI_RS07025	3052.89349310887	0.10	0.194734594870586	0.493433117114764	0.621706587213273	0.77530468523067
SACI_RS07030	761.065032894232	-0.39	0.198398896127298	-1.95474876687965	0.0506127309723716	0.149026374529761
SACI_RS07035	121.628529092567	0.43	0.227699001500246	1.88253385494196	0.0597635676821468	0.166483886675779
SACI_RS07040	43.9978908745512	0.50	0.377715666017894	1.31471770803914	0.188604792977052	0.369697588509782
SACI_RS07045	475.637177694914	-0.04	0.18464816054788	-0.236244675338633	0.813242814543034	0.900480995130816
SACI_RS12070	9.33977280518126	-2.15	0.668015018679756	-3.21984456509617	0.00128260119626056	0.0109438046343471
SACI_RS07050	582.977001016946	-0.12	0.300031101729174	-0.411973795851879	0.680358629941298	0.818322502033911
SACI_RS12075	221.467990528449	0.28	0.268587025774323	1.05076846771334	0.2933649412852	0.485011264656275
moaA	1080.34358589371	-0.00	0.241321719062544	-0.00522922370441805	0.995827702156364	0.996550888577683
SACI_RS07060	1774.23795706731	-1.30	0.259112604910224	-4.99948068051132	5.74849315048825e-07	2.475444862929e-05
folE	2003.05473893832	-0.30	0.226386966972025	-1.30340170312764	0.1924376553733	0.375076505098172
SACI_RS07070	774.491759921464	0.76	0.222180907605435	3.42875720964749	0.00060635168587802	0.00618927868992527
glnA	4752.7772230341	2.31	0.56038933687811	4.12677404607055	3.67887539683396e-05	0.000685066256329351
SACI_RS07080	1045.64243992956	1.65	0.275881886933792	5.96838383590051	2.39615147641184e-09	2.64151738759641e-07
SACI_RS07085	634.789112271488	1.26	0.251121881122673	5.03205996527709	4.85237426281117e-07	2.1923186013619e-05
SACI_RS07090	138.723537116003	0.05	0.174930690716923	0.281502522858588	0.778324993328275	0.880374008827637
SACI_RS07095	170.173907494989	-0.03	0.204160926454479	-0.143715320561283	0.885725272735039	0.942688533818123
SACI_RS07100	672.013535628857	-0.39	0.228694502492567	-1.70724749766954	0.0877760600918439	0.220119036954615
SACI_RS07105	2418.82085890545	-0.17	0.209482246414077	-0.793595979313351	0.42743067389696	0.612583950733241
SACI_RS07110	466.336809811848	-1.20	0.462563147709774	-2.59545475849206	0.00944658384740626	0.0459978535043315
SACI_RS07115	184.750009290309	-1.05	0.213835619010515	-4.91100334374486	9.06115427728403e-07	3.44037274077614e-05
SACI_RS07120	204.009767158371	-0.47	0.209930344085457	-2.22854203007642	0.0258443918371129	0.094215798813602
SACI_RS07125	1226.3189685757	0.83	0.375046301145943	2.2084949811683	0.0272097872862844	0.0971375307784973
SACI_RS07130	934.13302515733	0.81	0.41391143629076	1.94724999222493	0.0515047708522564	0.150847129084823
SACI_RS07135	739.198592653783	0.83	0.389795350499815	2.14190121530868	0.0322014320569234	0.110108122517222
SACI_RS07140	1874.07832091798	1.18	0.439325879009842	2.67609293152933	0.00744859883344244	0.0385147061631658
SACI_RS11670	454.082725041765	1.39	0.423772564379296	3.27325867000103	0.00106315134248587	0.00954412084655066
SACI_RS07145	200.830272569136	0.53	0.240205685426932	2.22604519719434	0.0260111541656134	0.0945735367815704
SACI_RS07150	164.492372158975	-0.28	0.266004051504675	-1.04555085850949	0.295768447777671	0.487814387836781
SACI_RS07155	1143.10527874326	-0.55	0.20121987219059	-2.71481002182071	0.00663137994346262	0.0350788543650345
SACI_RS07160	1751.89144443698	0.22	0.204666030065858	1.0936962065462	0.274088238576905	0.462856855902302
SACI_RS11675	227.75729709099	0.27	0.221082963274295	1.22606734013314	0.220173334991045	0.406139508411745
SACI_RS07165	649.241984444782	0.03	0.18677424990271	0.173562020874395	0.862209681880433	0.931497406218139
SACI_RS07170	456.169586290737	0.53	0.136562124072406	3.90246046032306	9.52197965077462e-05	0.00144189977568873
SACI_RS07175	2050.01753973277	-0.58	0.435682070421935	-1.3284988084738	0.184013376939896	0.363021379274411
SACI_RS07180	273.584027673022	0.47	0.43392543727511	1.07786490579216	0.281094048881915	0.469227861125716
SACI_RS07185	600.979791313909	-0.77	0.211348837067272	-3.66484461475587	0.000247488794386552	0.00307916642687273
SACI_RS07190	10432.1296338972	-0.45	0.278431394793033	-1.60235451723433	0.109077236480298	0.256062064514225
SACI_RS07195	378.717698105305	0.76	0.216657085519356	3.50478564742019	0.000456975050157988	0.00491962202435709
SACI_RS07200	556.058736690709	1.76	0.267594486436993	6.56468484110877	5.21430266833975e-11	8.45330479643786e-09
pheT	1511.88318413914	1.59	0.230845141146925	6.87123290624525	6.36493747902707e-12	1.75417676921986e-09
SACI_RS07210	2123.24512290558	1.01	0.195416606757856	5.16333303409052	2.4259096969983e-07	1.23811243054209e-05
SACI_RS07215	2094.05326821937	0.11	0.171637860120702	0.638431070386405	0.523193110861596	0.69456657684709
map	736.927782218198	-0.22	0.144812757162753	-1.51989272234997	0.128537939850033	0.284538604198145
SACI_RS07225	12943.8016536227	0.08	0.164448898932708	0.512280241742724	0.608454891376001	0.764661049079918
SACI_RS07230	1962.56360696135	0.20	0.199631263706135	0.977317731488184	0.328411877413348	0.522405762669447
rrf	31.182106753448	-0.54	0.404133559201238	-1.33225342178635	0.182776927278875	0.362394232405219
SACI_RS07240	928.405346031824	-0.47	0.13339319213537	-3.51400092741682	0.000441411271737408	0.00480841685734505
SACI_RS07245	432.84186779328	-0.64	0.14288200956171	-4.49226033431453	7.04712039004999e-06	0.000186748690336325
SACI_RS07250	1788.61334800889	0.03	0.152185328271269	0.190842104485741	0.848649300264432	0.922998212915855
rpl7ae	1756.490538939	-0.15	0.327219956982366	-0.444894451668482	0.656396032432995	0.800961297593382
SACI_RS07260	1357.77845463982	0.56	0.274074101263491	2.04107265135523	0.0412436062942049	0.130215260586651
SACI_RS07265	2.89646796387441	0.33	1.07558785254422	0.305508604831028	0.75997881734176	0.868727341598461
SACI_RS07270	141.973510013868	-0.80	0.324103940932807	-2.47359742743867	0.0133760327185743	0.0585148351942711
SACI_RS07275	43.5146052975516	-1.44	0.471142558441859	-3.04603747143591	0.0023187893512523	0.0166421444063837
SACI_RS07280	20.6407184894821	-1.95	0.549484475792399	-3.55663400580746	0.000375636908570748	0.00428435559140344
SACI_RS07285	18.3056719148664	0.03	0.57004879990979	0.058686037939628	0.953202180280494	0.977965082632405
SACI_RS11860	9.0036452073435	-1.34	0.679714088590791	-1.97354166159219	0.0484338828619445	0.145407169027798
SACI_RS07290	1.67404750871516	-0.35	2.40762536212283	-0.147362887632972	0.882845597048494	NA
SACI_RS07295	24.1604562096902	0.48	0.437787295035105	1.08928760313718	0.276027077818942	0.464426511885839
SACI_RS07300	2.16732800216192	-0.40	1.29755959218195	-0.305684697190302	0.759844725813214	0.868727341598461
SACI_RS12255	353.247057443153	-0.15	0.243601709367778	-0.596425712714911	0.55089086744171	0.720234929160035
SACI_RS12260	241.98660108073	-0.56	0.303449792853359	-1.84720891719833	0.0647168675015417	0.176593749340841
SACI_RS07310	1340.2050395838	-1.00	0.429931195146544	-2.33503148846312	0.0195417758355686	0.0782807183180626
SACI_RS07315	1188.28799871824	0.16	0.175824840729322	0.884155487840852	0.376612283143658	0.565945175760045
SACI_RS07320	901.698475844471	-0.28	0.1674089988958	-1.67373911051732	0.0941818837153921	0.23092995686799
SACI_RS07325	2835.10775752098	0.37	0.260590478316058	1.4307749908349	0.152494712879582	0.320302708926666
SACI_RS07330	1852.92709135528	0.34	0.1336321225115	2.5550135912315	0.0106183651792308	0.0502821553848111
SACI_RS07335	2035.89015449041	0.14	0.129626634535731	1.04780724539741	0.294727423656491	0.486388490776821
SACI_RS07340	278.243847811849	0.07	0.278091698424243	0.269633238551301	0.787442426438367	0.886154074015574
SACI_RS07345	106.006066120404	-0.14	0.332385072137178	-0.435811031412239	0.662973839448958	0.805824375771366
priL	545.307584539531	1.24	0.307516241510243	4.02643577969631	5.6628696447359e-05	0.000975429296305759
metG	2877.03268700733	-0.25	0.132274143535897	-1.87683099134488	0.0605412614151583	0.168197294818726
SACI_RS07360	12574.2636288049	0.29	0.147165359598094	1.9793510892189	0.0477764912335801	0.144061279912196
SACI_RS07365	272.095731380944	-0.79	0.213395796790592	-3.72546742261994	0.00019495363061539	0.0025707761051484
SACI_RS07370	1439.5886663888	-0.47	0.162720649801447	-2.89691404985606	0.00376852986093721	0.0234637445421735
SACI_RS07375	7536.882022712	-0.38	0.166821999577109	-2.29974392935536	0.021462731761833	0.0827290751547017
SACI_RS07380	7113.66449790362	-0.29	0.128385678847687	-2.27044022955115	0.0231808859344928	0.0876358321474103
SACI_RS07385	3110.9646648763	-0.03	0.116599362098342	-0.222969638653415	0.823559136520955	0.908618486890213
SACI_RS07390	457.668313400228	-0.03	0.171716059978324	-0.16723296463659	0.867186747605235	0.934676056472439
SACI_RS07395	3898.80364368151	-0.10	0.0983519767169249	-0.993430531083863	0.320500189048003	0.515071506456709
proS	1023.20627787824	-0.55	0.218648796905209	-2.49883071779389	0.0124603816729997	0.0558718020374284
SACI_RS07405	131.198673974289	0.11	0.264351322507872	0.415161269511788	0.678023849420619	0.816710545893018
pdxS	3769.11815993444	0.15	0.154006389622513	0.985394318720454	0.324430419213728	0.518637027466957
pdxT	2552.34018445709	0.18	0.197186644113618	0.912713812724965	0.361393077378908	0.551800177981313
SACI_RS07420	3516.76083942073	0.52	0.189413065922414	2.73299255096528	0.00627617517284797	0.0338495866465147
SACI_RS07425	116.994707549973	0.12	0.313512583879181	0.39382636273502	0.693709239458505	0.825744595689645
ilvC	2158.57897950886	-0.68	0.348288363006784	-1.94043794120789	0.0523264893425746	0.152501306364254
SACI_RS07435	833.930770176427	-1.49	0.498467085786805	-2.99176311886973	0.00277371396795354	0.0190158101882586
SACI_RS07440	4995.63717004205	-1.52	0.46396976595244	-3.27997918389415	0.00103814746089855	0.00938076853192261
SACI_RS07445	221.925435241959	-0.30	0.283014123868299	-1.06165816633116	0.288390897270179	0.477360548274242
SACI_RS07450	192.972010245204	0.20	0.215212712494616	0.928068188547302	0.353372199703067	0.545598757636781
SACI_RS07455	1066.18149554632	-0.31	0.198428551462062	-1.54934779888626	0.121298135151572	0.274389381989764
SACI_RS07460	297.413412413123	-0.04	0.215554413597025	-0.175323110714066	0.860825753286099	0.931097243350271
SACI_RS07465	21.7780273449155	-0.96	0.365346860787913	-2.63782206147037	0.00834403516953259	0.0417353192871721
SACI_RS07470	453.013425207626	0.52	0.229503324483509	2.2708619039578	0.0231553390847146	0.0876358321474103
SACI_RS07480	13.5948942893086	0.14	0.547949250890621	0.25770667654877	0.796633292974273	0.890399641001166
SACI_RS07485	243.727413808359	0.25	0.194293338706708	1.29287129162246	0.196055578122016	0.38010824400795
SACI_RS07490	1191.5784891493	-0.51	0.178866690954497	-2.8349257898498	0.00458363317076842	0.0270109379165364
SACI_RS07500	148.003673632579	-0.46	0.223481411286849	-2.03640808436679	0.041709394321146	0.131372675141804
hisC	1015.20301765448	-0.09	0.223082614578755	-0.41623551000872	0.677237677726965	0.816710545893018
hisG	512.652898312894	0.24	0.204767854327157	1.1903878515642	0.233893985658062	0.422635797665185
hisA	177.350344473419	0.04	0.20607119799303	0.185886259777683	0.852533957517999	0.925183035155331
hisBd	168.418012925892	0.25	0.22243094205359	1.11857011720983	0.263323577860037	0.45019837505103
hisF	157.599229569122	0.32	0.295525346717437	1.07623978596361	0.281820030445346	0.469325033636121
hisD	349.718644226481	0.40	0.194355253311422	2.07427314770906	0.0380539501758985	0.12367533807167
hisE	68.3956444407785	0.44	0.279058734682562	1.56925831675966	0.116587760700777	0.267763223742784
hisH	112.549403153975	0.12	0.243344651541625	0.507836040431532	0.611568332406323	0.76641563619669
hisI	84.7331900866958	0.69	0.295538386544666	2.35065832083138	0.0187402333835259	0.0760649237187001
SACI_RS07550	719.909016169642	0.21	0.256190433602048	0.832655747885386	0.40503890854707	0.590940832162903
serS	2169.77395867419	0.43	0.156883228585799	2.74296934446217	0.0060886369311657	0.032902516435868
SACI_RS07560	9646.12794515911	-0.66	0.166264145750252	-3.99438964725474	6.48611217502127e-05	0.00106403125918801
SACI_RS07565	602.793568652178	-0.34	0.148963924301008	-2.26779577410291	0.0233416571040018	0.0881227492857932
SACI_RS07570	500.617429722337	-0.65	0.172064136099021	-3.7506833072773	0.000176353324883299	0.0023724999561772
SACI_RS07575	933.246700031114	0.14	0.262944407813125	0.537693540932748	0.590788639190349	0.748603903268323
SACI_RS07580	1224.17203224828	-0.27	0.155780465413308	-1.71822536836899	0.0857555160488123	0.216827708468373
SACI_RS07585	178.331566577004	-0.49	0.232431124150431	-2.11513378282933	0.034418546640836	0.114839605983225
SACI_RS07590	65.8482160502157	-0.73	0.324622756179551	-2.23577821087108	0.0253663029047287	0.0929306891160442
SACI_RS07595	142.902701025601	1.03	0.289283669151665	3.55559376312656	0.000377126416035478	0.00428435559140344
SACI_RS07600	416.857449100526	0.86	0.245876649286731	3.51477185426039	0.000440131928871202	0.00480841685734505
SACI_RS07605	287.131713371054	0.96	0.280615363083459	3.4307126834778	0.000601997849981242	0.00616768057452901
pyrI	263.575923251007	0.88	0.287414656465968	3.07151368742602	0.00212976399379163	0.015652345511706
pyrB	671.433847442517	0.90	0.254844421422591	3.51210966041779	0.000444564522289024	0.00482370009223838
pyrE	377.227830922695	-0.28	0.225406638892102	-1.23634422947456	0.216330637098155	0.402299079515867
SACI_RS07625	369.998484535803	-0.22	0.236267131565275	-0.948412523735277	0.342919486264534	0.535459549090683
SACI_RS07630	433.877856692685	0.83	0.262717719620516	3.15367809858742	0.00161226817309719	0.0128507689889648
SACI_RS07635	2261.30353096897	1.52	0.176577482170298	8.60968806892067	7.325964387021e-18	5.04758946265747e-15
SACI_RS07640	341.053891913891	0.18	0.195372384799815	0.922057286040553	0.356498695429064	0.547664662543199
SACI_RS07645	57.5664544493934	0.75	0.337717025369437	2.23187372458153	0.0256233099393083	0.0936576156402303
SACI_RS07650	706.90400390434	-0.36	0.235491063186835	-1.53368541776727	0.125107062895457	0.279639144638993
SACI_RS07655	715.820614285021	0.48	0.235926967255755	2.0193929751501	0.0434463911104167	0.134840376013861
SACI_RS07660	711.94745064313	-0.14	0.174546537599193	-0.781105843516655	0.434740245329191	0.619516089000646
SACI_RS07670	329.701145317393	0.13	0.513040470301562	0.253741211130482	0.799695493847741	0.892291814188005
purS	72.9160623784285	-0.01	0.522062487993389	-0.0193988698597394	0.984522911961013	0.99302493941502
purQ	170.374046236271	0.20	0.504041192894004	0.393550283702106	0.693913092749354	0.825744595689645
purL	296.91058938944	0.33	0.492990684472578	0.671361353515952	0.501990358265799	0.675529993838155
purF	362.895798841789	0.46	0.42172008906367	1.09312997621366	0.27433673625434	0.462856855902302
SACI_RS07695	743.049498984393	0.05	0.399912943771947	0.127881860245308	0.898242466595255	0.949505186050702
purD	661.336068058946	0.19	0.356514786190022	0.52177361419224	0.601827963086179	0.758061182022628
purM	266.225922499311	0.34	0.382130343819312	0.898023881701177	0.369172817592587	0.559648121719015
SACI_RS07710	1418.5029448636	-0.61	0.274875763670724	-2.22791753924904	0.0258860143571015	0.0942428739341768
SACI_RS07715	353.323259951776	1.00	0.327685144156658	3.05147259818558	0.00227721832890629	0.0164414473565555
SACI_RS07720	2293.18861358668	-0.80	0.806177297156802	-0.995859854097198	0.319318243632241	0.514643906111378
argH	2339.35875035835	-0.65	0.768211519701126	-0.840173591305375	0.400811063121094	0.586269203575812
carA	2361.88166998095	0.11	0.533351844743082	0.197721474231893	0.843262987384009	0.919316769474023
carB	5054.66202877861	0.29	0.529229508146378	0.544372058781425	0.586185469305194	0.745169351201622
SACI_RS07745	246.806034709895	-0.39	0.225277861828982	-1.73958896187248	0.0819312188367032	0.211227726018666
SACI_RS07750	130.811758961436	-0.00	0.241789685707389	-0.000115964382030463	0.999907473810182	0.999907473810182
SACI_RS07755	539.797704849727	0.77	0.347426610473315	2.20381514559212	0.0275373469931159	0.0979263591135838
SACI_RS07760	112.074066765135	-0.90	0.296744444547324	-3.03433413078723	0.00241067275666296	0.0171674783394396
SACI_RS07765	243.869653965098	-0.38	0.237842255929306	-1.61192138788981	0.106979047376467	0.253076613364415
SACI_RS07770	467.287094785668	0.37	0.282829153652963	1.32243787797115	0.186022382750206	0.365936964210968
SACI_RS07775	887.401582364134	0.37	0.162950228908922	2.29623543603755	0.0216624234308717	0.0832658842056937
SACI_RS11685	130.369027786765	0.59	0.249501531238456	2.35507899560708	0.0185187683960205	0.0753880734112739
SACI_RS07780	30.3426154181448	1.23	0.489946594860014	2.50331016905437	0.0123037664182405	0.05540715726907
amrS	478.243628236192	-0.13	0.190459574293883	-0.68965166536114	0.49041326854671	0.665802447347159
SACI_RS07790	889.777529203421	0.36	0.13795683741975	2.59127663804235	0.00956205915968758	0.0464780159507918
SACI_RS07795	1097.85242202881	0.38	0.214200992729644	1.76166548061091	0.0781258334016226	0.204283488477108
cyoE	1770.8464367592	0.27	0.225507784333131	1.18092953104213	0.237630718755766	0.426096461217236
SACI_RS07805	250.761038564009	-0.61	0.240851107020729	-2.54388639319163	0.0109626733330375	0.051295632777337
SACI_RS07810	108.834944702343	-0.33	0.29170742237015	-1.14087106424191	0.253923582359106	0.441801384458142
SACI_RS07815	675.183828940966	0.15	0.19603464691166	0.785032404045938	0.432434569968059	0.617187817106147
SACI_RS07820	727.193635528865	0.24	0.182707404376	1.33908083054219	0.180544360279635	0.359263723415649
SACI_RS07825	3573.1553604147	0.18	0.315756200602035	0.561790887486286	0.574258501419644	0.736207917878073
SACI_RS07830	240.980716660319	-0.06	0.174214577684997	-0.323972285379212	0.745959016657046	0.861635813037225
SACI_RS07835	625.465002239755	0.04	0.143694486111662	0.294022613597377	0.768740623562796	0.875836774923136
SACI_RS07840	1954.43470435214	0.02	0.146817016853241	0.159846813528424	0.873001746304631	0.936676829962382
SACI_RS07845	2513.1789862007	0.37	0.149458792802718	2.47483046198783	0.0133299436787964	0.058405921746841
SACI_RS07850	492.597332615632	0.19	0.313613891985944	0.620451977671431	0.53496026103719	0.705110574837203
SACI_RS07855	962.251150659721	0.13	0.246100728652717	0.529661977024807	0.59634631508903	0.753567374775501
pyk	1035.27568592426	0.35	0.186457827814038	1.88875832386543	0.0589242195226575	0.164700962479152
SACI_RS07865	283.857839315269	0.20	0.176793505897606	1.13361436727585	0.256956343753037	0.445111051780875
SACI_RS07870	72.8555841580912	0.38	0.34342645384762	1.0979189828675	0.272239868036486	0.460867982990513
SACI_RS07875	46.7970192612231	-0.26	0.291007695743122	-0.88836557310156	0.374344137672771	0.563766362527955
SACI_RS07880	2.25124548686961	1.43	1.72333955216488	0.829318183852665	0.406924384048287	0.591811927407429
SACI_RS07885	67.0941742247701	0.77	0.310945842933521	2.48715401899128	0.0128769636971509	0.0572429687096766
SACI_RS07890	279.549725602574	0.18	0.21245598162723	0.862346040469146	0.388497124287589	0.575953778664118
SACI_RS07895	1129.21420030219	0.11	0.185750747803047	0.569378213218471	0.569099498838533	0.733943948899859
SACI_RS07900	287.913339395545	0.39	0.265571485818467	1.45507627039471	0.145648147726741	0.312865389816756
SACI_RS07905	166.056634031252	0.85	0.290937489986707	2.93685437566575	0.00331559758213348	0.0216023331828838
SACI_RS07910	3764.12533439123	0.17	0.232469326238608	0.739574603372072	0.459558156510072	0.637093701882172
SACI_RS07915	792.575320643887	0.40	0.19858201262725	2.0006992462517	0.0454248107132427	0.13910086480633
SACI_RS07920	813.842794673614	0.03	0.203036551693754	0.155928406033056	0.876089454387592	0.937306885206601
SACI_RS07925	806.299154844903	0.86	0.23464853182782	3.66136122819779	0.000250878739286657	0.00310054621288801
SACI_RS07930	1421.41720797558	-0.49	0.28275883313569	-1.75024106152147	0.0800767262171701	0.208199488164642
SACI_RS07935	227.871163455935	0.48	0.199091614956956	2.40534700377979	0.0161571157982817	0.0671629127301121
SACI_RS07940	894.728792819172	0.41	0.236463434459723	1.72813549284613	0.0839639355027143	0.214102316227113
SACI_RS07945	2673.87040617232	-0.45	0.228857942375032	-1.96572854758327	0.0493299753516875	0.146626396682926
SACI_RS07950	461.182445743391	0.10	0.249146939541215	0.381885683922989	0.702546159559632	0.830341558679342
SACI_RS07955	707.301175958754	-0.03	0.233262181163705	-0.14442038651969	0.885168519447876	0.942656017982057
SACI_RS07960	5402.40397416063	3.08	0.466867112196927	6.59077887455721	4.37525127136142e-11	7.82051142185879e-09
SACI_RS07965	1524.09198058643	1.15	0.313772226417206	3.65057808078518	0.000261650751088112	0.00320493097777261
SACI_RS07970	478.739601396719	0.53	0.171495988172941	3.11514778238576	0.00183852772830435	0.0140128259854812
SACI_RS07975	672.471639639174	0.30	0.358938414712547	0.824907246385802	0.40942425200685	0.593387049494407
SACI_RS07980	363.35932266241	-1.25	0.404279582048598	-3.10121822915408	0.00192726197057486	0.0144722677721501
SACI_RS07985	563.611107793976	0.21	0.226450522941089	0.92210197571034	0.356475386521219	0.547664662543199
SACI_RS07990	311.949884873578	-0.53	0.233866740936526	-2.25307363436175	0.0242545065605145	0.0902157350496841
SACI_RS07995	431.07197040798	0.42	0.241285865784076	1.74046164818576	0.0817779887155141	0.211227726018666
SACI_RS08000	348.005754224138	-0.47	0.302579678877461	-1.53826891475394	0.123982876971564	0.278708653290073
SACI_RS08005	77.8120445644568	0.00	0.245690425404596	0.0184623486640278	0.98527001385595	0.993198302189831
SACI_RS08010	2122.59327341852	-0.91	0.156899805506706	-5.79068858390754	7.00984421209446e-09	5.85428201470677e-07
SACI_RS08015	1092.33553679313	0.03	0.235934165986499	0.146639532065029	0.883416548878114	0.941619462761777
SACI_RS08020	8673.14256996022	0.19	0.433837553440986	0.437030524888689	0.662089210829708	0.805259428528983
SACI_RS12080	28633.0403425494	0.40	0.461936941098369	0.875387051272399	0.38136334290136	0.569976883425243
SACI_RS08030	1647.51131054592	-0.22	0.151004166677247	-1.47922832468889	0.139079301748839	0.302050871252797
SACI_RS08035	2551.16566725827	-0.36	0.166680846002814	-2.17681945353719	0.0294940409947749	0.103023544970342
SACI_RS08050	341.523517120479	0.06	0.19892483897557	0.294462235677951	0.768404716411004	0.875836774923136
SACI_RS08055	64.7013524345394	-0.30	0.335477055341411	-0.880928001031971	0.378356790751494	0.567638168378398
SACI_RS08060	661.965746000374	-0.44	0.389917237981996	-1.1161127019986	0.264373895746605	0.451068150972578
SACI_RS08065	456.149517478174	0.45	0.27210578397889	1.66060036793436	0.0967937350443912	0.235294469999344
SACI_RS08070	618.443103997864	0.28	0.21967220446529	1.28774784161035	0.197833753959366	0.381682831039419
SACI_RS08075	460.838328451376	0.29	0.136995663989657	2.13698989775548	0.0325988132974558	0.110865806934241
SACI_RS08080	59.8359139543224	0.41	0.595758970781026	0.688154005376916	0.491355804625479	0.666753617699567
SACI_RS08085	302.944543934138	0.79	0.208205652297373	3.80296003933653	0.000142977425603456	0.00198012957267902
SACI_RS08090	2534.06734069082	0.01	0.177614713905704	0.0739566939533642	0.941044844066063	0.969540033736849
SACI_RS08095	26.9378746557809	-1.13	0.554693535897807	-2.0423070196231	0.0411210862367956	0.13011448182389
SACI_RS08100	35.3495983453651	-1.07	0.402186757645111	-2.65319959530126	0.00797327075485092	0.0403198792667324
SACI_RS08105	613.16627529857	-0.41	0.224865193451358	-1.81267959028331	0.069881254168043	0.188078844225709
SACI_RS08110	297.738861671188	0.07	0.169943762007261	0.430363039836653	0.666931576756287	0.809006789410355
SACI_RS08115	342.845809286415	-0.27	0.189920176704499	-1.43342693058262	0.151735866767499	0.319598011256869
SACI_RS08120	99.2502235750608	-0.88	0.441870945151532	-1.99035804153229	0.0465515084796577	0.141920306825151
SACI_RS08125	2904.93649607175	-1.22	0.596938916073652	-2.03543859844248	0.0418067608787463	0.131529033084275
SACI_RS08130	278.367510759901	0.01	0.22096698036369	0.0572981247345078	0.954307714145897	0.977965082632405
SACI_RS08135	770.23741055524	-0.13	0.193544117814265	-0.66494267733018	0.506087157663126	0.679233922306178
SACI_RS08140	613.324967360294	0.24	0.165604814103687	1.422331787468	0.15492995508071	0.322985594706837
SACI_RS08145	481.99848996709	0.14	0.182628566106439	0.764587862350633	0.444516999018067	0.625683784113276
rfbC	266.8260196222	0.15	0.19931854735788	0.775155111208891	0.438248009458404	0.621302219170454
SACI_RS08155	419.815997897948	-0.07	0.722159109416026	-0.0985478411609439	0.921497285053744	0.961623066114395
merA	124.620146088507	-0.93	0.300079764419084	-3.10042425263485	0.00193243633532338	0.0144722677721501
SACI_RS11700	1.42025186333833	-2.65	2.01121050575706	-1.3175117414115	0.187667148002669	NA
SACI_RS08165	777.889960176131	-0.31	0.210687447189605	-1.48073101306873	0.138678266275596	0.301417430485443
SACI_RS08170	606.356859909694	-0.89	0.192016699775152	-4.61832588034277	3.86848390151757e-06	0.000118488076796628
SACI_RS08175	239.745229024836	0.05	0.245593138315642	0.204641562977491	0.837852179977127	0.915954227694154
SACI_RS08180	353.378166992614	-0.61	0.291352388183015	-2.07722195783398	0.0377810781501268	0.123049707891051
SACI_RS08185	2036.17848814477	-0.16	0.346627355500198	-0.454403661510275	0.649538317470583	0.798451205597202
ilvD	2475.55383859906	-0.40	0.119367878899303	-3.38503725380319	0.000711685948693257	0.00695534210850573
SACI_RS08195	6.08666394935729	0.12	0.886212247689353	0.13048240959525	0.896184770267757	0.948496630897826
SACI_RS08200	46.8888063771708	0.14	0.374353492078486	0.362543450978529	0.716945959554627	0.840809814694703
SACI_RS08205	163.033275978651	2.59	0.587818489039046	4.40119904593627	1.07654309991928e-05	0.000267293043547526
SACI_RS08210	3277.70180509272	0.40	0.258140466760976	1.54277654581574	0.122885002051192	0.277144898243114
SACI_RS08215	101.226627029487	-0.76	0.236374687778755	-3.22962107312505	0.00123954385057783	0.0106755714131016
SACI_RS08220	111.425310030887	-1.39	0.407453683268029	-3.41695935158562	0.000633247338559303	0.00638681919507924
SACI_RS08225	225.11737852563	-1.00	0.320046011469387	-3.11539228703599	0.00183700426032327	0.0140128259854812
SACI_RS08230	856.124417460744	1.33	0.520780473426992	2.54583894835645	0.0109015471290047	0.0510963671556751
SACI_RS08235	473.328240499632	-0.45	0.210225918810311	-2.12021701391715	0.0339877482406046	0.113815594351283
SACI_RS08240	1027.82380162379	0.45	0.289429584082591	1.55520220885499	0.119897918417685	0.272414396668705
SACI_RS08245	550.172298253893	-0.94	0.378986261957971	-2.48686347541702	0.0128874845152859	0.0572429687096766
SACI_RS08250	186.017063218834	-0.54	0.333267526556715	-1.61149035889193	0.107072886899059	0.253081369034139
SACI_RS08255	1294.13112363071	-0.66	0.30831991494532	-2.1456655347477	0.0318996727945957	0.10934763460436
SACI_RS08260	272.152951330691	-0.58	0.375695630906513	-1.54075668378823	0.123376015353171	0.277771931409059
SACI_RS08265	197.203885961579	0.10	0.374276049541073	0.276998826409398	0.781781007291503	0.882304855075913
SACI_RS08270	352.718354680077	0.33	0.562264266210956	0.586634120238781	0.557449462002259	0.726303404207775
SACI_RS08275	176.313254682417	-0.88	0.626536177183876	-1.40713048684089	0.159388699411138	0.32902650919031
SACI_RS08280	102.284256949504	-1.45	0.624515296799306	-2.31618971436751	0.0205479125409472	0.0806963553052182
SACI_RS08285	44.8243308339822	-0.98	0.403969947288944	-2.42045701284131	0.0155010119228209	0.0651269051798626
SACI_RS08290	36.9849211093349	-1.00	0.393914417227161	-2.527094984849	0.0115010392819077	0.0529163009364569
SACI_RS08295	20.1967139720918	-0.88	0.425445182651532	-2.06473312147719	0.038948258858765	0.125371517399368
SACI_RS08300	3803.12738608945	1.93	0.362575237496199	5.32660301521894	1.00066537965452e-07	5.6282322169956e-06
SACI_RS08305	956.108478355122	-0.92	0.347768530307924	-2.65329497068266	0.00797101796683823	0.0403198792667324
SACI_RS08310	928.590359858287	-0.16	0.257115706765831	-0.630351793587344	0.528464443173075	0.699825311827058
SACI_RS08315	67.6738645650388	0.08	0.315599430846736	0.262266736590779	0.793115805017325	0.889369144768801
SACI_RS08320	170.275418546997	-0.76	0.440936100655604	-1.73009538542051	0.0836132345735376	0.214011700323393
SACI_RS08325	1849.76084618815	-1.18	0.268953919591906	-4.39924247114124	1.08629401436765e-05	0.000267305919964039
SACI_RS08330	1690.55597805318	-0.82	0.257267273392393	-3.18541353000584	0.00144547293886304	0.0119349248676578
SACI_RS08335	25.2999167498194	-0.47	1.88705596469497	-0.246975381783647	0.804927276488683	0.895591269278487
SACI_RS08340	1812.97981513398	-0.91	0.436242723250412	-2.08023091628933	0.0375043578166079	0.122612111675648
SACI_RS08345	58.8752961793576	-0.88	0.449086960566684	-1.97005671691269	0.0488318707355894	0.145965982372326
SACI_RS08350	137.243103850596	-0.68	0.509159257018837	-1.34486126202144	0.178670042114317	0.356762743968607
SACI_RS08355	2102.74716566488	-0.18	0.145992316955891	-1.25726076591479	0.208659225924794	0.393610422073055
SACI_RS08360	8483.74723629012	-0.51	0.151009319323196	-3.36144029122502	0.00077537118667643	0.00739419719889356
SACI_RS08365	831.009824296775	-0.04	0.185708094081957	-0.196077687839147	0.844549359796118	0.920264110720367
SACI_RS08370	64.1447259021156	-0.42	0.283416914062636	-1.47679937838939	0.139729423260581	0.30298527970587
SACI_RS08375	142.581569832491	-0.40	0.242912300093346	-1.63089311063613	0.1029128757024	0.246204761663034
SACI_RS08380	501.168497734138	-0.37	0.618498415717044	-0.600266093177871	0.548328912070926	0.718855079198842
SACI_RS08385	1745.72321549817	-1.50	0.375120189542657	-3.99762256512971	6.39818637064986e-05	0.00105589231362341
SACI_RS08390	104.068571009603	0.33	0.271431360761884	1.21862068656788	0.222988193764813	0.408686366222954
SACI_RS08395	194.835692314502	-1.06	0.234756467491226	-4.52466758173746	6.04905062539891e-06	0.000166711835235994
SACI_RS08400	896.709066612764	0.97	0.363648077069539	2.6772489016073	0.00742294685867659	0.0384542134257757
SACI_RS08405	92.067986638896	-1.05	0.329157612486385	-3.18093841705299	0.00146798831590799	0.0119697508835575
SACI_RS08410	249.046757015963	-0.92	0.305336241882072	-3.01230891028005	0.00259268612461998	0.0182281708149303
SACI_RS08415	31203.9572936323	-0.12	0.401108232137069	-0.303927022911368	0.761183489715418	0.869743655744483
SACI_RS08420	2477.68354730308	-0.37	0.24478998270023	-1.51585842249813	0.12955515553364	0.286100968470123
SACI_RS08425	9404.15565333235	-0.20	0.199043122885044	-1.00753974411505	0.313675468529523	0.507627475788236
SACI_RS08430	6401.59995703983	0.16	0.218024879989975	0.751310806765873	0.452465626949457	0.632030039469186
SACI_RS08435	3998.4592985863	0.43	0.235341506592547	1.82093415879844	0.068616865958675	0.185037262800497
SACI_RS08440	2810.8753645962	0.27	0.222570987364308	1.19398318840875	0.232484544333596	0.421254046142926
SACI_RS08445	544.668889506356	1.38	0.287609497214211	4.80494912008114	1.54790863598854e-06	5.40004582377775e-05
SACI_RS08450	2512.48188702341	-0.14	0.15808280867535	-0.882527121131978	0.377491819996489	0.566648941127627
SACI_RS08455	147.136955426559	-0.11	0.228545224338012	-0.483354234625341	0.628844237461821	0.781729688067109
SACI_RS08460	1922.41895009083	-0.18	0.343106955660548	-0.516662028271846	0.605392107366681	0.761159054700079
SACI_RS08465	238.840428273195	1.38	0.751850536990474	1.83764189065256	0.0661151917385799	0.179520658553228
SACI_RS08470	363.633684341541	0.82	0.720018232295304	1.14218449334109	0.253377340161152	0.441129469036092
SACI_RS08475	466.869924901064	-0.41	0.453047452164385	-0.912800729434085	0.361347354627209	0.551800177981313
SACI_RS08480	160.78565843191	1.68	0.386169099762844	4.34839873386095	1.37135112937209e-05	0.000320291840046567
SACI_RS08485	185.84312631672	-0.63	0.436616833166987	-1.4469954749337	0.147898190933765	0.315485614716297
SACI_RS08490	88.9767499257283	-0.15	0.395497936761386	-0.38084824236146	0.703315859809388	0.830794517952676
SACI_RS08495	80.6646508964179	-0.53	0.324566242435266	-1.63835842417617	0.101346946696844	0.243303297122389
SACI_RS08500	782.381138173838	-0.45	0.334806482787895	-1.34339381585324	0.179144488285151	0.357251960719158
SACI_RS08505	793.703319458277	-1.28	0.441264161952825	-2.90582397208382	0.00366287445544285	0.0231533990807351
SACI_RS08510	620.618632740715	-1.17	0.398324219704477	-2.9320426823467	0.00336740463249478	0.021785368936985
SACI_RS08515	290.013988418871	-0.19	0.239449634032212	-0.773808747719447	0.439043898684479	0.621790845207823
SACI_RS08520	198.359246595216	-0.46	0.355359030830609	-1.28440724932436	0.19899949777003	0.381682831039419
SACI_RS08525	8337.10928874115	0.34	0.833510985284127	0.402063624502895	0.687637202432621	0.821112707930807
SACI_RS08530	4364.8800135047	-0.72	0.174127487520374	-4.10866965721186	3.97944813125325e-05	0.000726315168856553
SACI_RS08535	1267.73636367837	0.07	0.378632110737026	0.197984547045845	0.843057154089613	0.919316769474023
SACI_RS08540	115.140478770557	1.07	0.3645972095744	2.9478960252619	0.00319944654771135	0.0211455028429076
SACI_RS08545	66.8324777584108	0.68	0.354418567964068	1.91330012994896	0.0557096411161744	0.159301550170434
SACI_RS08550	4697.26165799015	1.42	0.35429600192128	4.01091761659724	6.04832141110005e-05	0.00101025295812071
SACI_RS08555	1207.48624768412	0.36	0.212342080580258	1.67828563905644	0.093291350209878	0.229563358195021
SACI_RS08560	155.973113438524	1.12	0.264103750026202	4.25187966146486	2.1198376519188e-05	0.000445975005243376
SACI_RS08565	37.8381577292779	1.23	0.447552195010315	2.75500811505673	0.00586906797629365	0.0321573585341259
SACI_RS08570	188.996223391955	-2.86	0.431006853336891	-6.63841041689368	3.17083960349546e-11	6.24202424802392e-09
SACI_RS08575	19.1864087779943	-0.19	0.668708618691576	-0.280893100862865	0.778792392424448	0.880374008827637
SACI_RS08580	53.1784378414338	-0.97	0.332843276291312	-2.90038299401984	0.00372706956341982	0.0233450084472387
SACI_RS08585	21.676793120506	-0.28	0.525920474468979	-0.533704958698156	0.593545677892359	0.75106147303551
SACI_RS08590	15.0285276568353	-0.69	0.564684076419746	-1.21632346138658	0.223861727595271	0.409398089749546
SACI_RS08595	122.395113075191	0.01	0.352775249401132	0.0281591415249217	0.977535224630569	0.990473190838914
SACI_RS08600	13.8483231652593	1.21	0.875462908446633	1.3862366660397	0.165674648841521	0.339362496291842
SACI_RS08605	21.7507137959857	0.72	0.672014237663411	1.06803049726201	0.285506755215687	0.473439601308324
SACI_RS08610	6150.69478641373	1.42	0.968655006545699	1.46605960255164	0.142632049976566	0.308067343052834
SACI_RS08615	516.243814157265	0.39	0.279835557672948	1.37643638112969	0.168686570932583	0.342263194015794
SACI_RS08620	248.989038248696	0.35	0.285829879518609	1.2306193075265	0.218465280565886	0.40393287012172
SACI_RS08625	5572.28267664048	2.52	0.366567943817937	6.87490771032026	6.20300039854429e-12	1.75417676921986e-09
SACI_RS08630	2599.9033553293	-0.10	0.245911446141848	-0.392104759800746	0.69498081074874	0.826658228063671
SACI_RS08635	3310.07205050861	-2.13	0.349645543742194	-6.08765649333523	1.1457536506743e-09	1.37291176576451e-07
SACI_RS08640	49.0620351837892	-0.90	0.623204188329186	-1.44396292158017	0.148749405510251	0.316322038260996
SACI_RS08645	781.714129022972	0.35	0.298886389219922	1.17194158978843	0.24122050781963	0.430015342529689
SACI_RS08650	92.6030019000452	-0.52	0.304407661724917	-1.7237604955732	0.084751088914399	0.215275577002842
SACI_RS08655	308.313844340541	-0.55	0.186019802559836	-2.95324999369701	0.00314447198196019	0.0208823247765838
SACI_RS08660	1240.95723364537	-0.54	0.169317490607558	-3.19235751160068	0.00141116549879441	0.0117497646969106
SACI_RS08665	1274.70491606804	1.38	0.306414589495211	4.51675862964019	6.27934115085405e-06	0.000171345190215384
SACI_RS08670	1631.83981482835	1.92	0.409324784676237	4.68461415241303	2.80487812051214e-06	9.20267154777554e-05
SACI_RS08675	2147.23132397625	2.01	0.432555694518468	4.65252216270398	3.2789948328253e-06	0.000105080346037983
SACI_RS08680	15.1172341645736	-0.71	0.548621543636697	-1.28563073887739	0.19857196363867	0.381682831039419
SACI_RS08685	87.8308550313007	-0.64	0.263929688092582	-2.4108705160075	0.0159144973450088	0.0664550828527943
SACI_RS08690	301.649467918369	-0.31	0.23926289313141	-1.30894194648853	0.190554016343215	0.372225169710199
SACI_RS08695	397.319242650133	-0.41	0.198878726164648	-2.06756552090223	0.0386808970804714	0.124829686596931
SACI_RS08705	1079.35412637151	-1.15	0.175032867669345	-6.5852825989592	4.54020982401091e-11	7.82051142185879e-09
SACI_RS08710	465.685493267567	-0.37	0.259991687276748	-1.42430601646024	0.154357906635029	0.322635472057798
SACI_RS08715	366.789061264391	-0.11	0.194396111766365	-0.578580415134202	0.562872322779643	0.729519613167883
SACI_RS08720	119.820013765439	-0.34	0.221592629577056	-1.52649094232741	0.126887644494449	0.282473625385059
SACI_RS08725	553.397596484218	-1.75	0.426693764855408	-4.09519355260202	4.21815838840089e-05	0.000759819903165547
SACI_RS08730	56.6529003868142	-0.63	0.565404405942663	-1.11107114779721	0.26653772579461	0.454284460290627
SACI_RS08735	15.0572014703223	-2.67	0.774027504415731	-3.44382635353708	0.000573543935376252	0.00596485692791302
SACI_RS08745	463.104983313567	-0.63	0.223775737549817	-2.82257566176696	0.00476395794449573	0.0275829161660299
SACI_RS08750	1291.08418594984	-0.81	0.272773748248727	-2.95431360007008	0.00313365393006017	0.0208607493508354
SACI_RS08755	198.6339610306	-0.05	0.298875619888754	-0.172740613792485	0.862855318446331	0.931829646409909
SACI_RS08760	705.559326574912	-0.20	0.258038824268225	-0.791623489044585	0.428580246624426	0.613912245164719
SACI_RS08765	585.436097789597	0.96	0.23338509138627	4.10277604055569	4.08222361588573e-05	0.000740171597722438
SACI_RS08770	45.4457840800123	-1.52	0.346366283964306	-4.38402779573904	1.16504898211057e-05	0.000281655701289187
SACI_RS08775	245.000001564041	0.55	0.212828730531295	2.56845462097163	0.0102153086061292	0.0487927045381147
SACI_RS08780	142.687558724502	0.98	0.289731494228192	3.38318153750434	0.000716512527966085	0.00697776864690647
SACI_RS08785	965.456112517281	0.68	0.425856560789118	1.59639103681077	0.110401516049695	0.258730083531429
SACI_RS08790	491.617106654811	0.06	0.251002129109688	0.228428857887606	0.819312857072593	0.905383413830019
SACI_RS08795	853.140365085189	1.42	0.200623675158954	7.09079066652527	1.33347922818223e-12	5.25009821838605e-10
SACI_RS08800	2145.74339973521	-0.48	0.490368665389717	-0.984386338591247	0.324925592562941	0.51882672833341
SACI_RS08805	1496.01129698159	-0.41	0.509855387650632	-0.80233017427907	0.42236199234846	0.606897628212907
SACI_RS08810	401.217065321204	-0.87	0.256821290282507	-3.40105933369667	0.000671252565084468	0.00663072426298492
SACI_RS08815	597.53682803429	0.89	0.249504409874042	3.56347657260423	0.000365975371106307	0.00425581486400414
SACI_RS08820	729.082878928458	-0.46	0.291292205145385	-1.58701860691485	0.11250843049715	0.261665176751177
SACI_RS08825	281.660710450808	-0.14	0.190811588675619	-0.722417676656519	0.470037722239896	0.648360341588165
SACI_RS08830	334.155714745527	-0.15	0.254162442473845	-0.604070541887616	0.545796743655854	0.716080686088592
SACI_RS08835	686.612652489761	-0.03	0.225688880715258	-0.152566190140361	0.878740389158499	0.939176348836393
SACI_RS08850	8.28584711513049	0.25	0.663858663174985	0.380010333220406	0.703937744737055	0.830857569377012
SACI_RS08855	327.997304584887	-0.36	0.283862674169825	-1.26652695665837	0.205324484708155	0.389989165992884
SACI_RS08860	557.485159921461	-0.91	0.207076049411275	-4.3747648933016	1.21563424917025e-05	0.000291329390496801
SACI_RS08865	907.238179935315	-0.98	0.336675531799818	-2.91709370514954	0.00353309612437033	0.0225921413428414
SACI_RS08870	250.396668798545	-1.10	0.264613091257059	-4.16371436336553	3.1311178169004e-05	0.000612011397402659
SACI_RS08875	1095.19511185941	0.54	0.220707897635856	2.42794002991335	0.0151848539092849	0.0643859285452845
SACI_RS08880	366.603371107288	0.61	0.252135554526634	2.40335602840623	0.0162453624951302	0.0674280407177393
SACI_RS08890	89.9476040063917	-0.21	0.325070491032625	-0.649519265889953	0.516002797781011	0.688199558092213
SACI_RS08900	486.568184348784	-1.83	0.512238252152447	-3.578135872583	0.000346053552507445	0.00407574184064324
SACI_RS08905	107.802466055083	-1.57	0.461067596252115	-3.40255821490007	0.000667581314315518	0.00663072426298492
SACI_RS08910	3889.45561554454	-1.58	0.608037485960519	-2.59662001091401	0.00941460108974771	0.0459978535043315
SACI_RS08915	1762.91728081474	-1.77	0.505329539644487	-3.51080167906052	0.000446757563527415	0.0048284856669865
SACI_RS08920	1244.37642928687	0.81	0.445307597640666	1.81836294152059	0.0690086785239616	0.185911943315775
cbsA	7519.3018923346	0.01	0.568753879516781	0.0230758207420891	0.981589792802484	0.991301381078654
cbsB	2612.44693476806	0.27	0.558394501346629	0.479747941370116	0.631406633957371	0.783854361795727
soxL2	3857.7251860654	-1.48	0.603826647187486	-2.44906752636564	0.0143226593766277	0.061484811903405
SACI_RS08940	6850.96546611713	-0.19	0.542282860824012	-0.353245426614336	0.72390445469508	0.846090193867531
SACI_RS08945	1132.99712690738	-0.06	0.553210398980391	-0.117152729862758	0.906739024992564	0.954170581473657
SACI_RS08950	479.056019892942	-0.51	0.361081804584756	-1.41228699198814	0.157865474972582	0.327274867044693
cas6	909.653766055853	-0.82	0.198687600306156	-4.1316541703089	3.60162004892824e-05	0.000676728754491631
SACI_RS08960	261.925624493592	-0.32	0.189460411693782	-1.68591934021792	0.0918113362732187	0.226731221119167
SACI_RS08965	38.0861986999511	-0.47	0.342970115114453	-1.37616027564326	0.168772017658731	0.342263194015794
SACI_RS08970	1335.54486719145	-0.17	0.374960238907655	-0.457143170589392	0.647568142350265	0.797468150774696
SACI_RS08975	198.897452676997	-0.67	0.337812019055135	-1.9964806859393	0.0458816260042819	0.140032958214619
SACI_RS08985	6.90962646043777	-0.60	0.771903782727699	-0.777129811423844	0.43708218722297	0.620946177537404
SACI_RS12265	168.785241605976	-1.23	0.337354015810388	-3.64658108424695	0.000265752645221348	0.00324077119570812
SACI_RS12270	0.701050860052284	3.10	9.16790262311635	0.33780433457217	0.735510643199597	NA
SACI_RS08995	44.2415965593091	-1.54	0.389029059826581	-3.94961179365908	7.82780447717482e-05	0.00123985224937321
SACI_RS09000	846.536318399115	-0.67	0.225372389011367	-2.98638962953673	0.00282292718207616	0.0192506499974147
SACI_RS09010	2883.23324515762	-0.32	0.344555761340565	-0.940094962605824	0.347168852486444	0.539953361993589
SACI_RS09015	1111.46919891744	-0.68	0.297209079768036	-2.30014691595515	0.0214398980618748	0.0827290751547017
cas7d	1727.77535365156	-0.89	0.316031761127846	-2.81821966058813	0.00482907603619368	0.027842957229602
SACI_RS09025	5448.26435697531	-1.28	0.24328439937731	-5.26608670825652	1.39362480793625e-07	7.53103915818101e-06
csa3	217.13882566275	-0.79	0.253711032377072	-3.10340737195096	0.0019130610989824	0.0144449216131383
cas2	120.755515964192	-0.19	0.311852731287585	-0.622217202102257	0.533799056256801	0.704573850116735
SACI_RS09045	128.138674083742	-0.42	0.358663977525389	-1.16732567088322	0.24307887551696	0.4309573648215
cas1	707.177798198037	-1.10	0.274182077413211	-4.01306770300273	5.99347139397624e-05	0.00101025295812071
SACI_RS09055	29.0971355419738	-0.83	0.443374310801869	-1.86644515472696	0.0619791105965119	0.171156742288564
SACI_RS09060	81.619880015906	-0.49	0.323624421109302	-1.50660724550498	0.131911359115722	0.290605680034316
SACI_RS09065	340.780999929805	-0.44	0.3535940130694	-1.25029789093377	0.211190748579729	0.39625951575963
SACI_RS09070	344.859136424461	-0.74	0.357117938288623	-2.07683489171387	0.0378168006472136	0.123049707891051
SACI_RS09075	1.5054180309077	0.37	1.38686627645543	0.269207108424607	0.787770310405399	NA
SACI_RS11985	30.3683888672296	0.09	0.45072498008302	0.201306659766917	0.840458795420285	0.917711743335303
SACI_RS09085	716.620578336562	-0.69	0.225719926277975	-3.05800861716487	0.00222813168756516	0.0162024562821361
SACI_RS09090	243.501666391212	-0.97	0.212025765110901	-4.55741840442988	5.17861982254405e-06	0.00015177253574576
SACI_RS12275	2.50970583760518	-2.26	1.76895837010815	-1.27593886415441	0.201977131295998	0.385758124637401
SACI_RS12280	0.481423591338246	1.90	6.9242923258241	0.275073611596795	0.783259684721782	NA
SACI_RS09105	3.85276029964391	-0.80	0.894986480485572	-0.893081494345843	0.371813532350387	0.56148936720968
SACI_RS09110	131.512377784241	0.12	0.365896269627196	0.325906546925957	0.744495062180363	0.860305405186198
SACI_RS09115	625.325511094987	0.06	0.355307078876584	0.166235272500657	0.867971802167611	0.934911314170537
SACI_RS09120	84.5787150189594	-0.16	0.444661737816401	-0.357500178122466	0.720717392870153	0.843438273779253
SACI_RS09125	187.045663346051	0.41	0.362597362740641	1.12865274948001	0.259044349091259	0.44788345426318
SACI_RS09130	258.711994738189	0.22	0.21974776400886	0.989114677122999	0.322607037394466	0.516878763413035
SACI_RS09135	409.023995646226	0.49	0.231426970199784	2.12334267579946	0.0337251470331424	0.113457983443064
SACI_RS09140	2530.4206330607	0.54	0.256681555259357	2.09923040448692	0.0357965950106717	0.118291865526872
SACI_RS09145	195.285283148948	0.82	0.242289337764403	3.38683663778582	0.000707034748873374	0.00693447604233103
SACI_RS09155	552.095863427511	-0.52	0.245014856618711	-2.10899420967329	0.0349450814380261	0.116174480631122
tsaA	62.2856157875525	-2.04	0.344911520154694	-5.92854059276838	3.05638862878372e-09	3.11646015379945e-07
SACI_RS09165	278.432562138423	0.52	0.437686324938382	1.18531771471617	0.235891851994523	0.424082155314355
SACI_RS09170	1887.50482259275	-0.33	0.242359285962492	-1.36074372179182	0.173594692450497	0.349727319001148
SACI_RS12090	770.420048506685	1.15	0.274149989780256	4.19147236860011	2.77149946446751e-05	0.000549514570077155
SACI_RS09180	360.709969574149	-0.24	0.271214878388811	-0.866570171883324	0.386177562674296	0.574290644458985
SACI_RS12095	0.717840871499321	-2.50	2.73358159008879	-0.914384406962165	0.360514892347945	NA
SACI_RS09185	338.488992799916	0.89	0.249439917496098	3.55880616055115	0.000372544346899439	0.00428435559140344
SACI_RS09190	571.29579445953	0.53	0.214581944412557	2.47594636697996	0.0132883538341273	0.058405921746841
SACI_RS09195	874.540912182853	1.40	0.237336902647332	5.90275614770658	3.57478470320108e-09	3.17809891678135e-07
SACI_RS09200	1040.40417903745	-0.34	0.149626041232619	-2.2910872599194	0.0219583673406094	0.0840517505426661
SACI_RS09205	165.987279014719	0.22	0.203158809147613	1.08980072368529	0.275800935119939	0.464329491258736
SACI_RS09210	693.140606496378	-0.16	0.169673027593219	-0.951719592757916	0.341239210121223	0.533784903688506
SACI_RS09215	4.13979001256116	1.73	1.30271954346021	1.32874900253318	0.183930792212714	0.363021379274411
SACI_RS09220	220.698005095518	-0.02	0.168524293209103	-0.146486957813029	0.883536985015223	0.941619462761777
SACI_RS09225	351.45055060219	0.54	0.234125498960703	2.32723071386768	0.0199529891526829	0.0792938508277498
SACI_RS09230	793.133764782458	0.58	0.165085759181157	3.52538062422671	0.000422874719484644	0.00464319811513816
SACI_RS09235	244.159768965235	0.66	0.30848051453899	2.15018421542626	0.0315406462119513	0.10852187385785
SACI_RS09240	70.8783771158044	1.12	0.392246343058377	2.86279472696924	0.00419922516292015	0.0250499232662509
SACI_RS09245	977.873093999219	0.31	0.243983929378113	1.28438398659807	0.19900763317032	0.381682831039419
SACI_RS09250	1501.27125017627	-0.28	0.242638586987795	-1.16874431022314	0.242506663667945	0.4309573648215
SACI_RS12100	1.02082712342415	-3.74	2.56509343690679	-1.45990587878459	0.144315943332544	NA
SACI_RS09255	1157.61525342081	-0.51	0.228937659435535	-2.24365065469336	0.0248548873565958	0.0915776330946229
SACI_RS09260	807.191524944412	-0.51	0.210598994195888	-2.4290892591293	0.0151368052622686	0.0643781408994018
SACI_RS09265	346.739221902086	-0.62	0.183529353145172	-3.3730331213615	0.000743450090474359	0.00716415541729836
SACI_RS12105	4.25622316511691	-0.51	0.846031681769063	-0.599962408417501	0.548531288662977	0.718855079198842
SACI_RS09270	13.945522679731	-1.52	0.533303250388046	-2.84493384858936	0.00444206471801168	0.0263036523336089
SACI_RS09275	1.31857394527008	1.64	1.93758650459085	0.844786678462554	0.39822995373947	NA
SACI_RS09280	0.839926846238163	3.10	2.1797881619468	1.42000279993886	0.155606865913385	NA
SACI_RS11720	2.57916488655201	-1.81	1.15747116235762	-1.56154833794308	0.118394428026087	0.270111791092628
SACI_RS09285	30.871788395348	-0.81	0.429912730628332	-1.89091967563451	0.0586350675087951	0.164505630897113
SACI_RS09290	27.1418006811074	-0.85	0.479727055179589	-1.76281094636557	0.0779323805914148	0.203971168955308
SACI_RS09295	166.760719402718	-0.13	0.289380976753044	-0.465106688004152	0.64185505679514	0.792896699474408
SACI_RS09300	70.7158387393512	-0.55	0.310270343120116	-1.76900404814837	0.076893199027735	0.202598141988946
SACI_RS09305	77.3656700904595	-0.69	0.231672360541885	-2.96040788996442	0.00307231977447611	0.0205019692456566
SACI_RS09310	99.5301229985278	-0.41	0.341617752121191	-1.19134454830686	0.233518352145229	0.422571620822227
SACI_RS09315	61.0573384430595	-0.01	0.306570588094581	-0.0472489265560275	0.962314833285726	0.981712354480995
SACI_RS09320	7.04754099561405	-1.18	0.815538585458973	-1.44311652208876	0.148987649824037	0.316421023339863
SACI_RS09325	40.6413579994405	-0.34	0.429994489669482	-0.781889548044809	0.43427948805456	0.619179652911726
SACI_RS12110	14.8519875282082	-0.96	0.546687750213999	-1.75387591003181	0.0794517722267088	0.206965107993204
SACI_RS09330	66.6946799242251	1.92	0.494810524031338	3.87610885413603	0.00010614021471239	0.00154229899477878
SACI_RS09335	429.323962215876	0.48	0.387089922860383	1.23281934809933	0.217643171079121	0.403169339977965
SACI_RS09340	21.7715703140175	-1.70	0.848058554997658	-2.00198500260953	0.0452863445296062	0.138985707710016
SACI_RS09345	163.341324816763	-0.20	0.421130808993548	-0.47640019544179	0.633789295461257	0.786458036150934
SACI_RS09350	186.851869480324	-0.56	0.314501871718203	-1.77432562393131	0.0760093044817028	0.200744227279994
SACI_RS09355	62.6613307440617	-1.20	0.437980170234829	-2.75051253316986	0.00595021153177613	0.0324557374314584
SACI_RS09365	346.741846965988	-0.21	0.238648687764	-0.871156344122786	0.383668792924607	0.572491171250795
SACI_RS11500	953.198378270858	-1.26	0.193482067056817	-6.5056168539378	7.73752091912982e-11	1.12234777121694e-08
SACI_RS09380	2750.16307711005	0.88	0.43950550341571	1.99744946947856	0.0457763784532017	0.139866628621978
SACI_RS09385	5243.45376704307	-0.33	0.563069810582633	-0.577574756186995	0.56355125414892	0.729519613167883
SACI_RS09390	57.18621017374	-1.55	0.351633133396693	-4.41045197649521	1.0315508211628e-05	0.000259834116649412
SACI_RS09395	15.0571335665588	-1.53	0.474294350057103	-3.23470943033423	0.00121766581831829	0.0105200219287937
SACI_RS09400	1.43351441324996	1.56	1.91949209812154	0.813820150566484	0.415747989584043	NA
SACI_RS09405	6.57324128976625	0.12	0.894946083726506	0.137841682944982	0.890365540549116	0.945319508328615
SACI_RS09410	1641.05739022598	0.25	0.240385793820001	1.03754721788322	0.299480902064414	0.490707114203047
SACI_RS09415	322.238673910367	-1.00	0.182638771816015	-5.46395291851644	4.65647085886569e-08	2.85182970822974e-06
SACI_RS09420	488.258171280759	-0.33	0.174553630584581	-1.89306224008934	0.0583495929304924	0.163926073513188
SACI_RS09430	8.74556394967075	0.16	0.586239028230196	0.265658756743687	0.790502029603729	0.888146593390899
SACI_RS09435	56.6806315433981	-0.53	0.261373584170905	-2.0211870072002	0.0432604101799637	0.134566242049639
SACI_RS09440	302.498658975077	0.71	0.284762791677749	2.50453272236712	0.0122613262829139	0.0553064079144202
SACI_RS09445	63.564708961779	0.19	0.43628676295822	0.441619969401105	0.658764231031983	0.802987271439251
SACI_RS09450	338.338443422166	0.03	0.229551611972373	0.128585192748763	0.897685883506059	0.949356214483
SACI_RS09455	1911.46730522721	-0.29	0.26271602591536	-1.09926077709764	0.271654335486074	0.460636255041716
SACI_RS09460	667.191867935357	0.37	0.302674408706568	1.21967407993904	0.222588451295509	0.408686366222954
SACI_RS09465	443.634041561864	0.14	0.293572312941268	0.469580141318953	0.638655015462926	0.790005934746779
SACI_RS11995	272.563589315207	0.20	0.27221165802231	0.71770593807891	0.472938621165798	0.650408602760948
SACI_RS09475	309.710133330907	0.32	0.243045621227043	1.30889605662697	0.190569562576593	0.372225169710199
SACI_RS09480	106.936833789864	0.53	0.265154947957205	2.01481639854293	0.0439238901738548	0.135956390454689
SACI_RS09485	618.561346845661	-0.50	0.280588664822952	-1.79315492786186	0.0729481547755545	0.194219487720402
SACI_RS09490	39.8840392336074	-1.10	0.405047846712706	-2.70504341184057	0.00682954635831387	0.0359889670430459
SACI_RS09495	889.243235296075	-1.10	0.276455783353119	-3.96435186710454	7.3595630332773e-05	0.00117316586899975
SACI_RS09500	1465.72438134557	-0.65	0.229887415333728	-2.80599235193038	0.00501618829064609	0.0286843934120906
SACI_RS09505	454.62498200009	-0.50	0.30924671558213	-1.63135069734465	0.102816341659473	0.246187521818859
SACI_RS09510	490.738564805955	0.10	0.294607105407501	0.322662391870304	0.746950936851182	0.861877817071873
SACI_RS09515	106.551901519097	-0.45	0.385191293495109	-1.16543086750181	0.243844628716089	0.431331413506178
SACI_RS09520	86.3028900744105	-0.98	0.276631822159896	-3.55705149051932	0.000375040666485022	0.00428435559140344
SACI_RS12000	49.3181606221888	-1.77	0.395048417979723	-4.47986324545189	7.46908782990284e-06	0.000194196283577474
SACI_RS09525	1680.70134167752	-0.12	0.231605741361798	-0.500173045495236	0.616953236086032	0.771121595761045
SACI_RS09530	78.7457117833467	-0.96	0.393532304028587	-2.45070517904909	0.0142576678539743	0.0613012989166194
SACI_RS09535	1416.92046166419	-1.01	0.345374670407103	-2.9190433820599	0.00351107357772914	0.0225921413428414
SACI_RS09540	0.175426581098877	0.97	9.21855313156848	0.105428336646738	0.916035931963282	NA
SACI_RS09545	386.037294284678	-0.32	0.264849177443825	-1.22488059447607	0.220620212957855	0.406165201677921
SACI_RS09550	296.903007585682	-0.30	0.267794469845601	-1.12166091410348	0.262006641214383	0.449061133822662
SACI_RS09555	44.8651010537906	-1.09	0.430107205542928	-2.52296262060559	0.0116370770050339	0.0534529737097891
SACI_RS09560	24.3401495980598	-0.91	0.479409887202854	-1.90708845571769	0.056509133917898	0.160721540843887
SACI_RS09565	35.9237840926489	-0.90	0.415102202149475	-2.16316032392279	0.0305288507045978	0.105731393158155
SACI_RS09570	102.655128808528	-0.32	0.38864235173906	-0.81688929436025	0.413991696330346	0.59768997609786
SACI_RS09575	35.7350028112823	-0.33	0.381091520227453	-0.859171219184677	0.390246059532933	0.576685329797729
SACI_RS09580	145.167919053906	0.06	0.262899335515205	0.21693184564617	0.828261459259924	0.910222685782567
SACI_RS09585	229.806206294696	-1.44	0.311488310328477	-4.61827945100119	3.86934938740802e-06	0.000118488076796628
SACI_RS09590	69.4912221781209	-0.73	0.372475260032884	-1.96391790399491	0.0495396132017592	0.146807713961342
SACI_RS09595	44.462925931224	-0.39	0.40574012886352	-0.960373381329669	0.336867330015993	0.52930807384497
SACI_RS09600	377.736577515541	0.14	0.251548083733517	0.554385017602507	0.579315377442095	0.739163509365932
SACI_RS09605	96.7284004447418	-0.83	0.321655506597241	-2.57469907684292	0.0100327331929771	0.0480873263997304
SACI_RS09610	19.9699833626767	-1.20	0.653928389502834	-1.83868552530475	0.0659614536234342	0.179279848309847
SACI_RS12115	1.11368320914292	0.97	2.65710175906271	0.365781543508406	0.714528093060554	NA
SACI_RS09615	722.573981926907	-0.69	0.270682893681966	-2.54969933483532	0.0107815856312698	0.050706569965494
SACI_RS09620	668.202501713168	-1.10	0.222748106452637	-4.91847516686088	8.72209796271836e-07	3.40687089049321e-05
SACI_RS12120	12.0677755247765	0.22	0.651836431450019	0.334740643819178	0.737820739066734	0.85546232935125
SACI_RS09625	6.41198358580684	0.01	0.698541964594242	0.0200615379252195	0.98399428225505	0.993008683450824
SACI_RS09630	36.1553626119868	-0.27	0.486692192631598	-0.564195041790385	0.572621401811116	0.736207917878073
SACI_RS09635	1.39138067978317	-2.05	2.38331865230409	-0.861798290282985	0.388798525935388	NA
SACI_RS09640	207.606738838323	-1.97	0.368971448019201	-5.34086885576979	9.25021583029118e-08	5.31116558922552e-06
SACI_RS09645	1.80405155739407	-3.67	1.78474293489051	-2.05497906618462	0.0398810267047772	0.127508247793928
SACI_RS12285	2.4108272377866	-3.40	1.50589703350006	-2.25711217386145	0.0240010663811743	0.0897289556137991
SACI_RS12290	2.49644969434473	-2.13	1.38104090473877	-1.54488174203228	0.122374870494739	0.276220428405816
SACI_RS12295	4.20487052770579	-0.66	1.04288259679025	-0.631832740529505	0.527496177160853	0.699605131980419
SACI_RS09655	1491.04514814946	0.04	0.501366641376949	0.0834580807278746	0.933487307795394	0.965051497205302
SACI_RS09660	872.725406119992	-0.11	0.462904442083749	-0.239915764040844	0.810395559779154	0.897878754982771
SACI_RS09665	645.668167006202	0.27	0.453662859230684	0.599136325934616	0.549081979487171	0.719234760202777
SACI_RS09670	290.69112930387	0.40	0.410291990871365	0.98340503598965	0.32540813272692	0.518995841316778
SACI_RS09675	44.8891487654813	-1.30	0.400892247553105	-3.25054888821202	0.00115182462934309	0.0100139705945412
SACI_RS09680	19.8038944314994	-0.50	0.464946918368515	-1.07855740546401	0.280785078084172	0.469227861125716
SACI_RS09685	26.4363988599921	-1.10	0.37143043770287	-2.97006204716194	0.00297739605662185	0.0200285038238198
SACI_RS09695	134.748376952627	-0.34	0.25939487116184	-1.32188341319319	0.186206976516908	0.366038821170183
SACI_RS09700	207.842356147302	-0.46	0.221577394737227	-2.05398234878089	0.0399774001380463	0.12752050321812
SACI_RS12005	31.9111855101721	-1.04	0.432527604756225	-2.3961132770171	0.0165699685428408	0.0683635229102835
SACI_RS09715	3116.44853490521	0.01	0.437607031483276	0.0315219748862016	0.974853267426419	0.990246101490696
SACI_RS11955	1.54709498009895	-1.68	1.61417886363591	-1.04179969186032	0.297504557047517	NA
SACI_RS09740	464.592000819738	0.26	0.227779622501664	1.1343743983959	0.256637533405564	0.44505206598139
sixA	643.645373496333	-0.75	0.239718166881378	-3.12773306151158	0.00176160093130455	0.0135613747672496
SACI_RS09750	700.326751600708	-0.40	0.277494162599436	-1.44078745308027	0.149644739185461	0.317491070973926
SACI_RS09760	176.218668944046	0.28	0.331126623840134	0.845332128109225	0.397925427748253	0.584067807976939
SACI_RS09765	60.6155199819636	0.65	0.35469058586234	1.82182044536923	0.0684822344573288	0.184898157505411
SACI_RS09770	131.609489831202	-0.03	0.28831270697742	-0.102852789621589	0.918079807327393	0.960741331572067
SACI_RS09775	823.43623415228	-0.46	0.173513223616674	-2.67249650214631	0.00752891594075075	0.0388571017466462
SACI_RS09780	896.889713527204	-0.46	0.171638137773454	-2.70410092442398	0.0068489483581071	0.0360223314407312
SACI_RS09785	116.302634831861	0.50	0.361785995026914	1.39064694916507	0.164332512054795	0.337733335736775
SACI_RS09790	35.7979459573152	-0.55	0.471113324481871	-1.16146210615574	0.245454024884666	0.431992677636873
SACI_RS09795	2829.13195407259	-0.56	0.286821217177251	-1.96247431831007	0.0497072877296209	0.14702938008755
SACI_RS09800	730.812703757669	0.14	0.280982954246581	0.50476609197133	0.613723134198976	0.768478399751194
SACI_RS09805	483.520011729072	0.94	0.793261126098852	1.18816036889744	0.234770234096477	0.423001270933202
SACI_RS09810	6.67744932365649	-1.27	0.927008096306955	-1.36837860219262	0.171193598532715	0.346155214641351
SACI_RS09815	31.1642757572708	-0.64	0.446959940841053	-1.43423927081547	0.151503993895854	0.319468253387126
SACI_RS09820	243.717311219926	-0.71	0.36070715262552	-1.95931142654401	0.0500763263897926	0.147762693287225
SACI_RS09825	500.187607172723	-0.76	0.399805536350974	-1.90386949365155	0.0569271830508551	0.16141081943226
SACI_RS09835	283.683212470764	-1.54	0.629679601728592	-2.44148739302492	0.0146268990258304	0.0624988119615328
SACI_RS09840	371.81711159621	-2.13	0.512034912654179	-4.15906086508028	3.1955874722481e-05	0.000615876858287815
SACI_RS09845	966.745201994083	-0.86	0.789174058784403	-1.09357638934663	0.274140809107916	0.462856855902302
SACI_RS09850	523.353570172615	-0.59	0.908998453254165	-0.648176672932479	0.51687068764883	0.688827666905307
SACI_RS09855	199.742807476884	-1.03	0.863896566258275	-1.19475998563329	0.232180818248862	0.421254046142926
SACI_RS09860	2578.83546790327	-2.30	0.883326427818025	-2.60742729387097	0.00912254416836264	0.044895949514299
SACI_RS09865	151.884293179019	-1.41	0.434265300145633	-3.25589170848229	0.00113036855429808	0.00988982773220796
SACI_RS09870	3273.02992378754	-2.87	0.910898393691409	-3.15132803717535	0.00162529837188634	0.0128922173177793
SACI_RS09875	1737.67970580546	-2.64	0.906173650321723	-2.91803452364434	0.00352245348005257	0.0225921413428414
SACI_RS09880	4.38746874546496	1.03	0.945889093864267	1.08795248506718	0.276616084113094	0.465133574018114
SACI_RS09885	7.52438524519155	-0.24	0.68769977147808	-0.347616941053397	0.728127881736581	0.84814896114371
SACI_RS09890	3.48995324807328	-0.18	1.00874304903359	-0.180442219775462	0.856805411657796	0.927841145197991
SACI_RS09895	31.8209470841027	0.41	0.62985543230837	0.652840498313168	0.513859111970064	0.686806844126817
SACI_RS09900	1.52896058947897	-0.26	1.50708812794758	-0.174316981738268	0.861616354061143	NA
SACI_RS09905	4.56146594031363	-1.27	1.02136762976388	-1.24006499554363	0.21495135491969	0.400274279836935
csx7	8.23986596871808	-1.47	0.6865294921941	-2.14824102920504	0.0316946128673664	0.108780016267076
SACI_RS09920	90.1155586112606	-1.14	0.493742941254212	-2.30851750488754	0.0209703703668482	0.0816616805176677
SACI_RS09925	0.118348363921261	0.00	9.21855313156848	0	1	NA
SACI_RS09930	5.85634080631893	-1.23	0.890405995433065	-1.385213572966	0.165987171626054	0.339362496291842
SACI_RS09935	143.806073812427	1.44	0.678383564473198	2.11650668813414	0.0343017369869852	0.114588590468038
SACI_RS09940	28.0861338472838	1.52	0.703942220557961	2.15384021166843	0.0312527050124929	0.107935407286254
SACI_RS09945	54.3099595656964	2.56	0.805835890809766	3.18118157836895	0.00146675665647816	0.0119697508835575
SACI_RS09950	153.918237137619	3.29	1.05039235494261	3.12879832060101	0.00175522736437198	0.0135501585888212
SACI_RS09955	74.3942301598595	1.85	0.94630577910076	1.95385523168528	0.0507183402593322	0.149177957048794
SACI_RS09960	15.5258081619659	1.83	0.929771281489944	1.96604862474504	0.0492929940734785	0.146626396682926
SACI_RS09965	122.647873690126	1.45	0.553435634256721	2.62284383761171	0.00871992306261831	0.0433010954244614
SACI_RS09970	111.768988139154	2.38	0.614142334274866	3.86849344142535	0.000109509881406898	0.00155571769668769
SACI_RS09975	144.464932712475	2.05	0.530479385894975	3.86938034348504	0.00010911231475253	0.00155571769668769
SACI_RS09980	448.63598484694	2.69	0.588555613734693	4.56607274767912	4.96946369832167e-06	0.000148867847310593
SACI_RS09985	0.904999751829165	1.00	2.18326720317804	0.458038997040857	0.646924424491513	NA
SACI_RS09990	11.681736085897	0.03	0.704376296349594	0.0367337390515496	0.970697306915726	0.986809951257743
SACI_RS09995	10.7913622373472	0.03	0.741973074836564	0.0466540889682208	0.962788922166937	0.981712354480995
SACI_RS10000	9.22073236312155	-0.00	0.643793159986747	-0.00538140648708071	0.995706279572589	0.996550888577683
SACI_RS10005	4.19278627499509	-0.65	0.960792949094094	-0.677305358749592	0.498212231602943	0.67208659339095
SACI_RS10010	10.5101147586377	1.44	0.998523646504482	1.4381487957798	0.150391840038062	0.318340945579799
SACI_RS11900	1.15443128331894	-0.57	2.00556962407334	-0.284373299095073	0.776124318926614	NA
SACI_RS10015	22.4499773289271	-2.24	0.810819437972591	-2.76609439512306	0.00567321102970741	0.031208322550646
SACI_RS10020	69.6029176883917	-0.84	0.56076557625826	-1.50252644291959	0.132961204091382	0.292217765929705
SACI_RS10025	309.7015534646	-0.41	0.438522074366513	-0.9332445689276	0.350693707852014	0.542374780493912
SACI_RS10030	99.1071879946219	-0.80	0.494500925180889	-1.60894437525241	0.107628505142595	0.253750740434356
SACI_RS10035	94.6166593065785	-1.19	0.493199203560016	-2.41895264896069	0.0155652662318396	0.0652935673286908
SACI_RS11960	0.229751811096719	0.00	9.21855313156847	0	1	NA
SACI_RS10040	259.665715950904	-2.13	0.503512196931909	-4.22672841204977	2.37113568282525e-05	0.000480503672196057
SACI_RS10045	10.4844460869227	-0.10	0.846493615386329	-0.119037619278579	0.905245551783599	0.953691414646636
SACI_RS10050	1.70193838773604	-1.00	1.28247429608755	-0.777190012803513	0.437046673643169	0.620946177537404
SACI_RS10055	7.63710330551051	-0.16	0.778605022193966	-0.201639235830613	0.840198769436016	0.917711743335303
SACI_RS10060	173.839461729279	-0.99	0.826154817441832	-1.19624028266577	0.231602805199361	0.420683140207895
SACI_RS10065	521.873064161082	-2.32	0.456604013579492	-5.08786628490206	3.62114532881997e-07	1.66331275437131e-05
SACI_RS10070	305.12981027744	-0.35	0.489663879527683	-0.706757967808136	0.479716899149066	0.654977999583468
SACI_RS10075	537.013980679038	-1.02	0.451904927874606	-2.24803957858677	0.0245736662831585	0.0910282584360013
SACI_RS11755	746.524182784752	-0.05	0.398835890668777	-0.11933991624419	0.90500606085817	0.953691414646636
SACI_RS10080	7669.70919150577	0.31	0.301017298695244	1.04314425314485	0.29688148771329	0.488189367624002
SACI_RS10085	8419.50485421218	-0.09	0.284816757404269	-0.314036654463864	0.753493199704223	0.864540906904596
SACI_RS10090	3673.35918893924	-0.46	0.302397869485782	-1.52435390354186	0.127420328570377	0.283430529087941
SACI_RS10095	3932.46733861598	-0.29	0.322493687234035	-0.909554707927736	0.363057393751373	0.553632178496839
SACI_RS10100	1444.64169188106	-0.10	0.316663491642471	-0.314808409430978	0.752907126349633	0.864540906904596
SACI_RS10105	1491.37010379752	-0.08	0.299632410599212	-0.261236253223281	0.793910322462827	0.889516403161661
SACI_RS10110	257.827860141819	-0.24	0.294393745182185	-0.807512593764456	0.419371221791832	0.603544170892057
SACI_RS10115	294.087105210121	0.40	0.398620928027632	1.012086140343	0.311496868555996	0.505586201260498
SACI_RS10120	905.081788264344	4.61	0.559127158510915	8.24724926321042	1.62082107784041e-16	8.93396578105633e-14
SACI_RS11760	951.849070160773	1.17	0.446155438814834	2.62354372190933	0.00870202753198171	0.0432902308269704
SACI_RS10135	283.823505668385	-0.15	0.271705403575542	-0.563623114805438	0.573010652370699	0.736207917878073
SACI_RS10140	374.191358689688	-0.08	0.299469204153974	-0.255921274830551	0.79801162660611	0.891134539273273
SACI_RS10145	2265.80420288664	0.19	0.436091668126037	0.445676479853675	0.655830956658526	0.800961297593382
SACI_RS10150	42.5105912883868	0.04	0.316729605408284	0.134346547150835	0.893128547529931	0.946926936904042
SACI_RS10155	115.753970948727	-0.32	0.233066247141318	-1.38341597676288	0.166537354478215	0.339479991820977
SACI_RS10160	418.203784361533	-0.22	0.302038870959027	-0.71357880844975	0.475487665347526	0.651513993711277
SACI_RS10165	92.0405124609912	-0.14	0.537831807386969	-0.258290382887761	0.796182807863704	0.890399641001166
SACI_RS10170	49.6955627535612	-1.04	0.479818404969834	-2.17236079680161	0.02982845957718	0.103797013377157
SACI_RS10175	181.646347370341	0.12	0.307875393015937	0.402609565882179	0.687235471366473	0.820988712217598
SACI_RS10180	78.9936324924508	-0.55	0.276705798339659	-1.98322048150744	0.0473428070710507	0.14346508724332
SACI_RS10185	22.9032113696079	-0.27	0.436939938263914	-0.628890338373196	0.529420851737692	0.699825311827058
SACI_RS10190	25.3722174639409	-0.27	0.39458843262107	-0.685731752728703	0.492882279711803	0.667182496505761
nrfD	915.883012892956	-0.24	0.308456657168258	-0.78216467236069	0.434117803296934	0.619179652911726
SACI_RS10200	1870.36522209239	-1.47	0.553722026787913	-2.66012673880175	0.007811125270846	0.039718563185335
SACI_RS10205	1848.85397548625	0.26	0.300152991932537	0.870055556982086	0.384270043669244	0.573078052138764
SACI_RS10210	336.558103390448	0.09	0.292329256283022	0.321821014124914	0.747588293562146	0.862072525965386
SACI_RS10215	31.1128913566596	-1.08	0.45857414226794	-2.35072972012622	0.0187366381266134	0.0760649237187001
SACI_RS10220	334.36898544913	0.42	0.255361797551228	1.65183529422326	0.0985681316117679	0.238369939300799
SACI_RS10225	86.4005753957674	-0.49	0.394863963621788	-1.24309426511207	0.213833098852282	0.399541708770772
SACI_RS10230	1926.31291638758	0.11	0.226462578455558	0.470739698599427	0.637826631322066	0.789335516804497
SACI_RS10235	3674.92102582086	-1.08	0.18932585094957	-5.70800742794481	1.14306433117705e-08	9.00081513349698e-07
SACI_RS10240	1502.62360656008	0.20	0.209615646252305	0.947854125194845	0.343203721782518	0.535599919157768
SACI_RS10245	52.3155422376728	0.19	0.332700412679746	0.571081841840626	0.567944166682621	0.73279687424031
SACI_RS10250	953.804861851843	0.30	0.321475766267814	0.933795520150866	0.350409380821899	0.542374780493912
SACI_RS10255	609.324649275054	0.40	0.411479460744162	0.965034869875126	0.334527346717754	0.527435564962318
SACI_RS10260	2025.70825402998	0.02	0.376377135323333	0.0474300183056972	0.962170504787346	0.981712354480995
SACI_RS10265	863.635752557505	0.09	0.353945645217629	0.262152742277978	0.793203685719054	0.889369144768801
SACI_RS10270	85.024905350131	-1.59	0.63986037638622	-2.4845285777812	0.0129723095555626	0.0573863324801455
SACI_RS10275	39.0221755301904	-1.35	0.757716833981432	-1.7811947105678	0.0748806474747588	0.198624701097628
SACI_RS10280	360.198986861576	-0.90	0.264528078033635	-3.42006077795963	0.000626071462851639	0.00634357702801146
SACI_RS10285	499.732343006192	0.36	0.187333008718684	1.93526070963962	0.0529583111894577	0.153634848040153
SACI_RS10290	290.180887848323	-0.80	0.200291304600187	-3.99923364611471	6.35479209876237e-05	0.00105504861591501
SACI_RS10295	471.468740703739	-0.87	0.196628037295326	-4.42196679450107	9.78064903869756e-06	0.000249587673617134
SACI_RS10300	535.859971083987	-0.36	0.218823199807596	-1.65700975908121	0.0975175020557131	0.236649464738556
SACI_RS10305	746.764936359136	-0.36	0.229510404644021	-1.56166452409492	0.118367040299243	0.270111791092628
SACI_RS10310	653.28865663949	-0.01	0.293363179012254	-0.0260792605955062	0.979194119083538	0.991301381078654
SACI_RS10315	366.340063748078	-0.43	0.200956013131663	-2.14058124465449	0.0323078225996472	0.11033501745307
SACI_RS10325	180.044434505817	0.58	0.29837957320543	1.95284543318028	0.0508379131436791	0.149346464633436
SACI_RS10330	241.441616358745	0.14	0.390775272424727	0.357582913707544	0.720655466848764	0.843438273779253
SACI_RS10335	1327.36843808735	1.84	0.929635163930353	1.97645799473112	0.0481029287118534	0.144728899050074
SACI_RS10340	381.681337395992	-0.14	0.337030878774353	-0.403172092689444	0.686821628266486	0.820850133348845
SACI_RS10345	387.755839661497	3.29	0.924180044345378	3.55515450287514	0.000377757042347981	0.00428435559140344
SACI_RS10350	208.707437358452	-0.44	0.397876625349284	-1.09568896189204	0.273214914849258	0.462234687123729
SACI_RS10355	551.736707706295	-0.41	0.261548329651968	-1.55856570016953	0.119099206529821	0.271270589418336
SACI_RS10360	177.96685589694	-0.26	0.310329845054464	-0.82978362383161	0.406661131338904	0.591811927407429
SACI_RS10365	332.032352606651	0.17	0.183654086455979	0.924187787957584	0.35538855268646	0.546873730432095
SACI_RS10370	11.0649682331472	-0.12	0.677290500875135	-0.177396955406087	0.859196598626103	0.929699970873003
SACI_RS10375	8.4462960419764	-0.65	0.917308545425617	-0.707669126872789	0.479150753930182	0.654704748553089
SACI_RS10380	16.4102747121414	-0.98	0.600051534866806	-1.6398167568159	0.10104327299776	0.242997609408226
SACI_RS10390	1545.6624242858	-0.39	0.470340240054653	-0.83627751824333	0.402998797673873	0.588587539156965
SACI_RS10395	33.4068209965167	-0.02	0.524422012895487	-0.029788448397039	0.976235771523618	0.990248725181851
SACI_RS10400	420.269430737493	-0.60	0.311062865142801	-1.93079502146812	0.0535084062848336	0.154579840378408
SACI_RS10405	92.8955550271663	-3.30	0.727766284140439	-4.53451795311314	5.77351912854109e-06	0.000160725441598578
SACI_RS10410	3468.53301299789	-0.72	0.226834867807541	-3.1648552078428	0.00155160143039488	0.0125035483689131
SACI_RS10415	381.402828815373	0.44	0.200281532739343	2.21742377901167	0.0265941462694229	0.0958084537497119
SACI_RS10420	957.418102480099	-0.22	0.167952970500184	-1.33743892619954	0.181079405365974	0.359808825658705
SACI_RS10425	567.9609327707	0.27	0.29516517970929	0.926064316057537	0.354412557052229	0.546286916798625
SACI_RS10430	7.7789286349417	0.99	0.916755741291729	1.07815600175678	0.280964143238527	0.469227861125716
SACI_RS10435	192.322945572634	0.40	0.513221242459391	0.776126027470801	0.437674577256844	0.621128287806313
SACI_RS10440	69.1091381923284	-1.20	0.339084874581858	-3.55348205187326	0.000380167137647167	0.00429401898096554
SACI_RS10445	73.9631178743428	-0.20	0.344340172455147	-0.575258450853967	0.565116517108333	0.730859277874502
SACI_RS10450	152.074282553676	-0.56	0.244498333371923	-2.29703874947074	0.0216165593270204	0.0832056389738382
SACI_RS10455	795.473714630129	-0.18	0.14016166416776	-1.27789028094192	0.201288115442592	0.38497574334475
SACI_RS10460	817.993085019968	-0.41	0.229787336175349	-1.80102461507735	0.0716990003098367	0.192407443869435
SACI_RS10465	260.003121165378	-0.26	0.155733903757775	-1.67140585383267	0.0946415404539624	0.231644836137762
SACI_RS10470	419.322091048639	-0.40	0.19512995904449	-2.02786210488746	0.0425743237032475	0.133032694020578
SACI_RS10475	4.44277826685163	1.31	1.07936027756867	1.21235391873407	0.22537693240697	0.411350215704377
SACI_RS10480	782.509535336489	-0.02	0.402532675808755	-0.0403709955360007	0.967797353600024	0.984588226844469
SACI_RS10485	1154.97918432883	-0.71	0.2690242213342	-2.64297133697852	0.00821819920551278	0.0413260420396208
SACI_RS10490	792.35610904119	-0.99	0.183909860363072	-5.39941637814073	6.68580383402402e-08	4.00566855795004e-06
SACI_RS10495	595.09658711423	1.46	0.316717205823584	4.60544713364124	4.11580540272758e-06	0.000124650106482607
SACI_RS10500	2053.02121190936	0.16	0.256050944164184	0.621800778618511	0.534072874292673	0.704597817879658
SACI_RS10505	190.149168685763	-0.35	0.273452944563779	-1.2974159560471	0.194488105357806	0.377471280539517
SACI_RS12300	69.5008410481244	-0.24	0.262694366003365	-0.912881372957593	0.361304935144583	0.551800177981313
SACI_RS12305	176.821129800585	-0.33	0.186337012081187	-1.76312674260189	0.0778791157612454	0.203971168955308
SACI_RS10515	191.312878468696	1.36	0.554206385086473	2.45361595360138	0.0141427934732835	0.0609024043943272
SACI_RS10520	655.162815639812	-1.75	0.269062707562362	-6.50957170326331	7.53653748788892e-11	1.12234777121694e-08
SACI_RS10525	1079.15469270666	-1.58	0.228886973929769	-6.88501194158404	5.77826876140043e-12	1.75417676921986e-09
SACI_RS10535	162.919937431904	-0.61	0.28765092151962	-2.1253157553168	0.0335602744887631	0.113136490230108
SACI_RS10540	726.984526512866	-1.60	0.617385156062062	-2.586019792909	0.0097091354981556	0.0468119384526234
SACI_RS10545	256.521823877126	-1.58	0.525751497694438	-2.99962862590809	0.00270308964492911	0.0186709650662272
SACI_RS10550	321.540924716653	0.75	0.262832529925023	2.83470770671593	0.00458676304243071	0.0270109379165364
SACI_RS10555	288.157944936024	0.33	0.214365443644752	1.52863544847577	0.126354843057665	0.281742675944113
SACI_RS10560	161.614807002251	-0.95	0.271578307710844	-3.48373239881766	0.000494473618534418	0.00522133828613355
SACI_RS10565	734.089636428609	0.25	0.19667879056476	1.26007897660682	0.207640873455242	0.391957703590854
SACI_RS10570	166.171766897972	-0.79	0.247972255832671	-3.18464564620538	0.00144931358475578	0.0119349248676578
SACI_RS10575	3132.41648363837	-0.45	0.445567316682773	-1.00783158035067	0.313535322316199	0.507627475788236
SACI_RS10580	2757.74388431296	2.18	0.663265667525362	3.2866231367077	0.0010139643196141	0.00919238705544887
SACI_RS10585	2324.983374103	0.29	0.285161095390888	0.999580710081023	0.3175134621733	0.512334368705863
aceA	1941.30245290798	-1.74	0.591430427713346	-2.94262143111039	0.00325446122850535	0.0213554646327637
SACI_RS10595	43.088166486531	-0.73	0.411108681660948	-1.76538393314332	0.0774992618088989	0.203371668962842
SACI_RS10600	4.02653810675577	-2.69	1.10138747702493	-2.44675376197375	0.0144149283176013	0.0617846694297188
SACI_RS10605	1288.8307473566	-1.61	0.412193784235692	-3.91358283047078	9.09366868086063e-05	0.00138464922013546
SACI_RS10610	152.911711301229	0.08	0.295534059304675	0.281257913098536	0.77851258832308	0.880374008827637
SACI_RS10615	468.750131036429	-0.78	0.196179241815262	-3.97677444342878	6.98563675731767e-05	0.00113185291863319
SACI_RS10620	3008.73819360298	0.65	0.59966522005321	1.08421867495735	0.278267853381955	0.466611354192703
SACI_RS10625	9336.44652505172	0.27	0.587821392656804	0.465307231685753	0.641711456749468	0.792896699474408
SACI_RS10630	108.136267524967	-0.36	0.375405178727198	-0.970974522337537	0.331560965891867	0.525162081608037
SACI_RS10635	159.632711036561	-2.23	0.844556572793363	-2.63655943145557	0.00837515277229103	0.0418150743486125
SACI_RS10640	361.597930441135	-3.51	0.960596983833142	-3.65623657741326	0.000255945162854921	0.00314903959298287
SACI_RS10645	99.1958741327737	-4.72	1.19843244343351	-3.94016179106241	8.14266741002372e-05	0.00127506769216053
sat	283.014514818858	-3.68	1.0261241156028	-3.58543265730227	0.000336519835154556	0.00398046637633457
SACI_RS10655	103.431316121366	-2.31	0.902941096586544	-2.55309648513143	0.010676991456438	0.0503866240649713
SACI_RS10660	1180.08859379888	1.04	0.29051877495623	3.57450073768805	0.000350896823553096	0.00411519849239291
SACI_RS10665	593.652371041725	0.08	0.516633236371441	0.157377625855884	0.874947245696045	0.936812202462432
SACI_RS10670	652.305762143842	-0.92	0.587662104490435	-1.565675577115	0.117424586699722	0.268789170219628
SACI_RS10675	1022.79278173387	-1.60	0.830078421401643	-1.93342436327172	0.0531839423685653	0.154023344508074
SACI_RS10680	787.699556884719	-0.25	0.642941003695903	-0.3835871345334	0.701284477053704	0.830214784690725
SACI_RS10685	256.401839111302	0.30	0.681797398837638	0.439051924466244	0.660623912903806	0.804542423315461
SACI_RS10690	1295.20380994986	-1.71	0.686500775938167	-2.48868402553288	0.0128216861994341	0.0571789112712627
SACI_RS10695	1174.48150223272	-1.87	0.607860139412859	-3.07001737185809	0.00214046320523802	0.0156891398766915
SACI_RS10700	487.804543554448	-2.85	0.902070806277712	-3.16333932839701	0.0015597041907718	0.0125322004366387
SACI_RS10705	479.923827563154	-1.96	0.675112814819846	-2.90064162562967	0.00372399510878311	0.0233450084472387
SACI_RS10710	1177.85071585883	-2.95	0.970082992989341	-3.03702415076797	0.00238926312064643	0.0170590910893823
SACI_RS10715	19.222366565632	-2.63	0.84431375813619	-3.11667185175939	0.00182905040663394	0.0140128259854812
SACI_RS10720	762.612096721463	-1.74	0.86213245684464	-2.0145294994189	0.0439539709343714	0.135956390454689
SACI_RS10725	1643.22895527418	-2.32	0.62857475437425	-3.69156732627146	0.000222876381022741	0.0028306327469985
SACI_RS10730	2467.16115036728	-0.10	0.869165038512586	-0.116635459057387	0.907148937221315	0.954237584344253
SACI_RS10735	548.47180008931	-2.23	0.960955931125317	-2.31722474641769	0.0204914921678618	0.0806963553052182
SACI_RS10740	268.210842536117	-1.57	1.04530896118573	-1.50413320596209	0.132547071826205	0.291540087751813
SACI_RS10745	173.530527636288	-1.18	1.01830118726757	-1.16273568348927	0.244936759133383	0.431992677636873
SACI_RS10750	2335.69989206285	-1.22	0.745324191863802	-1.64197392074107	0.100595408888239	0.24234348504894
SACI_RS10755	1653.38684167091	-0.38	0.933709065088739	-0.40603827699905	0.684714476167587	0.819753734282307
SACI_RS10760	1905.43410586069	0.47	0.518967876163284	0.907642319360283	0.364067227801866	0.554041568096048
SACI_RS10765	544.001164064626	0.23	0.271747210932223	0.844144573827562	0.398588622331022	0.584313959119306
SACI_RS10770	1362.86296852812	0.09	0.401388845612233	0.231074379547751	0.817257018685812	0.903836413923795
SACI_RS10775	4450.65488926125	0.12	0.391895999461626	0.317974231342842	0.750504483671581	0.862907950354141
SACI_RS10780	1402.42800762582	0.25	0.422965648233632	0.58566544934967	0.558100356619654	0.726303404207775
SACI_RS10785	1043.58469608874	0.20	0.451604558359758	0.448379633269016	0.653879237926953	0.800929413211859
SACI_RS10790	3008.02722583844	0.23	0.452197602660211	0.510617965645862	0.609618593344136	0.765339541564267
SACI_RS10795	3461.03300474976	-0.04	0.45331452085159	-0.0860718295670432	0.931409317248413	0.964893971803343
SACI_RS10800	108.909887487131	1.15	0.517493829458251	2.21478732552446	0.0267746655857381	0.0960820030654871
SACI_RS10805	4597.85805522327	-0.25	0.547094101292073	-0.450177597809951	0.652582388095572	0.800002073363521
SACI_RS10810	298.825253730811	0.46	0.197088615263746	2.34044157478721	0.0192609517691564	0.0773807333466398
SACI_RS10815	2291.38181954552	0.31	0.198376472219136	1.5728620516564	0.115750763732292	0.266730020774411
SACI_RS10820	339.918718842501	-0.03	0.172196342910311	-0.188617182775622	0.850392864637532	0.924165116301672
SACI_RS10825	233.737333175428	0.48	0.320081720545737	1.50144599679809	0.133240244531063	0.292562011062411
SACI_RS10830	425.987917695503	0.72	0.519976195991187	1.38383722471009	0.16640830201961	0.339479991820977
SACI_RS10835	1218.22795114185	0.59	0.239517400601925	2.47093042422931	0.0134762034886701	0.0587664823018588
SACI_RS10840	562.014871139951	0.06	0.3380212462258	0.179233483246415	0.857754373571008	0.92850394876736
SACI_RS10845	470.253232692978	0.72	0.503661497915032	1.43234274569895	0.152045755387811	0.319876413625043
SACI_RS10850	1825.22675731795	-0.21	0.210048119495648	-1.01218916630322	0.311447615159469	0.505586201260498
SACI_RS10855	332.934131739013	-0.88	0.216502571425294	-4.06336855062257	4.83695664352674e-05	0.000849086147105713
SACI_RS10860	565.720194563882	0.07	0.232414490687913	0.288696295320146	0.772813797955572	0.877486012016211
SACI_RS10865	1005.73726874996	-0.00	0.200909294684144	-0.0132888978973733	0.989397305601981	0.995323508135437
SACI_RS10870	23.0766463601004	0.90	0.578248258350856	1.54910233606496	0.121357121438448	0.274389381989764
SACI_RS10875	2221.67591416949	-0.54	0.313214305615272	-1.72998870298182	0.0836322936314564	0.214011700323393
SACI_RS10880	1969.95269930284	0.35	0.333220954220395	1.04456699680882	0.29622313961505	0.488189367624002
SACI_RS10885	722.511824054024	0.41	0.354551066091064	1.14416002989162	0.252557275986487	0.440530050484721
SACI_RS10890	3365.54771817138	0.46	0.382574688272164	1.20745169774529	0.227258236258642	0.414509397173274
SACI_RS10895	1486.00260307763	0.50	0.409748456245105	1.23045099024472	0.218528268995459	0.40393287012172
SACI_RS10900	460.232606834299	0.89	0.281674521938821	3.14956760666915	0.00163512270937666	0.0129123157221836
SACI_RS10905	1739.35306276045	0.42	0.175509745137411	2.39962393236386	0.0164119231684752	0.06791480518366
SACI_RS10910	200.557571067496	0.73	0.228425288827334	3.20327591025137	0.00135873737242152	0.011416707921932
SACI_RS10915	285.504473428038	0.71	0.267976275018065	2.6440106639177	0.00819300749000185	0.0412795770428612
SACI_RS10920	3972.1390832516	-0.62	0.303537112997324	-2.05446770654836	0.0399304458407486	0.12751831835122
SACI_RS10925	3251.72718270138	-0.65	0.30711573667683	-2.10410082807955	0.0353696526422324	0.117161974377395
SACI_RS10930	13565.1693068909	-0.82	0.405318148353597	-2.02134478249149	0.0432440864062473	0.134566242049639
SACI_RS10935	8501.59310795544	-1.08	0.419551200161779	-2.56267192921251	0.0103870145733816	0.0493562278693787
SACI_RS10940	1870.8547878855	-0.73	0.370502242030715	-1.97231260277176	0.0485739318202666	0.145569431374119
SACI_RS10945	59189.8836142488	-0.32	0.313564194853329	-1.02483984647038	0.30543876157776	0.49869030030113
SACI_RS10950	301.142872685514	0.07	0.336772552230069	0.211082963019833	0.832822534261242	0.912793615607507
SACI_RS10955	392.215414500872	0.61	0.217917566784159	2.80852502394301	0.00497690143615003	0.0285757090792281
SACI_RS10960	1090.64145670696	0.14	0.477083141450287	0.296557336329134	0.766804486906354	0.875382946512866
SACI_RS10965	826.161653989972	-0.01	0.30091728322423	-0.0482738635823917	0.961497984101943	0.981712354480995
SACI_RS10970	3073.2257938368	-0.43	0.18284627848792	-2.34914142043258	0.0188167584765478	0.0762632152373027
SACI_RS10975	5241.88038902126	0.54	0.334220676075548	1.62831247570613	0.10345864547207	0.247081479134337
SACI_RS10980	2255.55886045409	0.47	0.381017374613292	1.22249418231578	0.221520802577697	0.407279073985413
SACI_RS10985	19344.8269815092	0.38	0.334889222343611	1.12735924804117	0.259590621633989	0.448320773856572
SACI_RS10990	6252.26548052656	1.92	0.55008504484204	3.48898075602414	0.000484866054092948	0.00515942411227862
SACI_RS10995	2073.10752722485	1.73	0.551890835207718	3.14286871711405	0.00167300857025129	0.0131737474846073
SACI_RS11005	23.1812448151688	-0.56	0.442271990315364	-1.27742159498853	0.20145344474223	0.385024752919269
SACI_RS11010	471.241728458186	0.35	0.199242347011122	1.73670196566421	0.082439790628468	0.211944088593337
SACI_RS11015	26158.254851691	0.36	0.254479084036925	1.43041813886054	0.152597045290534	0.320302708926666
SACI_RS11020	3333.16440442924	1.48	0.30041578916832	4.92801240400536	8.30703446330286e-07	3.40687089049321e-05
SACI_RS11025	88.8759275597829	0.75	0.258683452945293	2.89241773033883	0.00382289287378157	0.0236761635059371
SACI_RS11030	155.880321814539	0.35	0.309517236199962	1.12586472545255	0.260222782239295	0.44879473582697
SACI_RS11035	912.518934521426	-0.22	0.174718175715799	-1.2848808609288	0.198833919988221	0.381682831039419
SACI_RS11040	17654.516152025	-0.27	0.329155195725881	-0.83315901455054	0.404755054135809	0.590839475210959
SACI_RS11045	361.222999628315	0.51	0.229818605061658	2.23058559180704	0.0257085920760531	0.0938448738564271
SACI_RS11050	232.686128468109	1.21	0.58349588703188	2.06930283685156	0.0385176776121072	0.124448674676398
SACI_RS11055	3188.60628280214	0.67	0.211080185544924	3.18436379924629	0.00145072562796276	0.0119349248676578
SACI_RS11060	2464.60663634057	0.68	0.209041733015202	3.24249553589215	0.00118487804508309	0.0102689430573868
SACI_RS11065	1072.76261094294	0.19	0.319616346198354	0.58634267344891	0.557645259661525	0.726303404207775
SACI_RS11070	458.738055129003	0.52	0.328299945666851	1.57445762929919	0.115381689695602	0.266324905193533
SACI_RS11075	380.668182851139	1.64	0.491063304917114	3.34352479963388	0.000827213000257905	0.00780753092024242
SACI_RS11080	1700.56983133461	1.21	0.481756033424966	2.51254993832719	0.0119862139431251	0.0545115604410111
SACI_RS11085	841.1013329936	0.86	0.49970233781158	1.73095817940302	0.0834592237046658	0.213966158632613
SACI_RS11090	3744.29472073665	0.94	0.488528093180358	1.91688991920905	0.0552519180322788	0.158453991776233
SACI_RS11095	5774.68026406622	0.51	0.544191757301489	0.929084293360518	0.352845403633318	0.545188018047505
SACI_RS11100	13814.0532960071	0.31	0.538155089892785	0.583809122812294	0.559348739803271	0.726482659791251
hpaD	6110.05937621037	0.17	0.578353832740987	0.288382823318679	0.773053714504848	0.877486012016211
SACI_RS11110	1065.92182777913	0.03	0.259921157779518	0.119176907273367	0.905135201569695	0.953691414646636
SACI_RS11115	1269.55701747282	0.46	0.297240032581782	1.55586378220393	0.119740487289177	0.272281174066809
SACI_RS11120	608.40942387064	0.65	0.372071813678296	1.74922596417837	0.08025196768592	0.208458457061636
SACI_RS11125	201.578388006592	0.80	0.316616196852675	2.51952362830568	0.0117513752952641	0.0537986550062257
SACI_RS11130	2079.83840779888	0.45	0.215280427082624	2.09042039648135	0.0365800522653512	0.12030384730705
SACI_RS11135	2677.64622305907	-0.03	0.418015775260632	-0.0753929242941883	0.939902088783879	0.968724815515471
SACI_RS11140	883.728468586173	0.63	0.233036796788329	2.68791160566436	0.00719004272608861	0.0375298442293564
SACI_RS12125	865.977574904377	0.67	0.203752900844951	3.29063036322315	0.000999631716172343	0.00914619753312614
SACI_RS11150	608.623871009604	0.37	0.188175458427204	1.94027531728705	0.0523462394124037	0.152501306364254
SACI_RS11155	487.664214657533	0.31	0.256501772875639	1.20131116539085	0.229630520912807	0.417730505370096
SACI_RS11160	4952.24238159523	-0.36	0.308264414923331	-1.18133500231749	0.237469667613587	0.426096461217236
SACI_RS11165	4237.70156271079	-0.32	0.18671373897142	-1.73779868429104	0.0822462925974627	0.211644054527178
SACI_RS11170	304.281337459847	0.39	0.340449514618488	1.13964374386825	0.254434753120958	0.442132521816747
SACI_RS11175	24.6962066214239	-1.44	0.439775883534239	-3.26445548317025	0.00109674696252566	0.00971286356490005
SACI_RS11180	376.949371303571	-0.26	0.152188502092433	-1.70812545603592	0.0876130664274847	0.219910392599406
SACI_RS11185	909.330692623836	0.51	0.272978439844891	1.88326748726508	0.0596641272078623	0.166483886675779
SACI_RS11190	130.61182274967	-0.11	0.258301158971704	-0.411483792202564	0.680717823418775	0.818322502033911
SACI_RS11195	112.488852595005	-0.20	0.236445068080502	-0.829946354455879	0.406569114929999	0.591811927407429
SACI_RS11200	3756.58202586227	0.69	0.55278662986194	1.2402128124492	0.214896690623241	0.400274279836935
SACI_RS11205	77.3441597289535	-0.47	0.333612888047755	-1.40888810411477	0.158868257627464	0.328571150195147
SACI_RS11210	9126.68362977733	-0.17	0.132455711937213	-1.28437030061438	0.199012419522367	0.381682831039419
SACI_RS11215	16245.4273987445	-0.52	0.231038188378603	-2.24584863772157	0.0247137047144159	0.0913015686232308
SACI_RS11220	15906.085399733	-0.20	0.167536971324403	-1.20029321376014	0.230025484430014	0.418172978290976
SACI_RS12130	54831.9148156722	-0.33	0.223633589678489	-1.46164489681647	0.143838544481679	0.310028409185274
SACI_RS11230	4667.60686639551	-1.52	0.502487967124668	-3.01533910902435	0.00256692084980814	0.0181395740053109
SACI_RS11235	1698.07713015343	-0.81	0.495367295483343	-1.63747555274536	0.101531143037318	0.2435333596265
SACI_RS11240	509.338534159901	0.16	0.243496798863336	0.665655633637692	0.505631237692475	0.679103163294571
SACI_RS11245	231.15101145971	0.63	0.255429549704285	2.46340714614473	0.0137623537247991	0.0595432446868859
SACI_RS11250	66.9341437630601	0.90	0.294022937748474	3.05125171527032	0.00227889437235276	0.0164414473565555
cimA	1872.43570746028	-1.27	0.6101320722787	-2.08290551099755	0.037259837191005	0.122029250534206
ubiA	1909.91687194587	0.04	0.199101909963873	0.221590397774344	0.824632758145313	0.908704320062644
SACI_RS11265	97.9909450036874	0.42	0.211566770449755	2.00118425856203	0.0453725367192147	0.139095340598616
SACI_RS11270	13.0560311465786	-0.20	0.567650012370119	-0.35824859666054	0.720157282444588	0.843438273779253
SACI_RS11275	106.73777137659	-0.01	0.259340320037537	-0.0570002211588718	0.954545018969946	0.977965082632405
SACI_RS11280	797.074369514413	0.12	0.286076816517952	0.408205824910195	0.683122572085571	0.819491245323767
SACI_RS11285	1106.97354532254	0.11	0.265929112983842	0.407593126283971	0.683572411571313	0.819491245323767
SACI_RS11290	28.0388203979925	-0.33	0.438842638026056	-0.751726766400608	0.452215390410945	0.632000819458704
SACI_RS11295	0.821177523354881	-0.20	2.44182241466742	-0.0825510408161017	0.934208532097889	NA
SACI_RS11300	144.077861461341	-0.82	0.219250581794563	-3.71984303236341	0.000199346630972331	0.00261618721409401
SACI_RS11305	1364.93762870758	1.49	0.267373364346037	5.56336766158512	2.6461755478336e-08	1.73639519281652e-06
nuoN	2471.26905878798	1.95	0.331287250649008	5.88982212619562	3.86611515825151e-09	3.32969168004411e-07
SACI_RS11315	9339.1568011604	1.01	0.221088594126413	4.55527789768948	5.23163675466155e-06	0.00015177253574576
SACI_RS11320	556.994774836786	0.40	0.167193051913731	2.39816314154642	0.016477524578705	0.0680840445860735
SACI_RS11325	1390.34886472453	0.48	0.165269487192406	2.90283460345625	0.00369801883099233	0.023268812553002
nuoI	1353.34957071877	0.59	0.14562731209412	4.02344586276039	5.73527723076522e-05	0.00098176546881919
nuoH	2887.17996314988	0.42	0.144551467605271	2.91460121430581	0.00356143303488822	0.02265357829718
SACI_RS11340	2141.74412805213	0.52	0.160597162926095	3.25665334710548	0.00112734018076615	0.00988982773220796
SACI_RS11345	1018.73671921235	0.75	0.197511016980821	3.78556159836696	0.000153361838329222	0.00211332613217667
ndhC	501.731375857434	0.68	0.218310983700148	3.10411825329515	0.00190847035287867	0.0144449216131383
thyX	2148.86389215752	-0.03	0.355596347251939	-0.0933798115484749	0.92560182848118	0.962167652715401
SACI_RS11360	1384.64181939464	0.50	0.285526239358626	1.7463937468719	0.0807425557846782	0.209186171457455
SACI_RS11365	1010.84304035565	0.29	0.167365508125816	1.71892131528158	0.0856287003421924	0.216705875246173
SACI_RS11370	504.373807374706	0.29	0.161347348370453	1.79300817129081	0.0729716175045628	0.194219487720402
SACI_RS11375	998.191417557942	0.67	0.187339174937689	3.59194932978207	0.000328213675959303	0.00389895211613724
SACI_RS11380	312.78852980638	-0.07	0.245254173459293	-0.286448080247475	0.774534953981099	0.878443758506959
SACI_RS11385	49121.8031589535	0.25	0.273623655292939	0.903129797477641	0.366457011143972	0.556449323808698
SACI_RS11390	233044.105859051	-0.71	0.331591178630309	-2.12857777094492	0.0332892092521929	0.112432672425299
SACI_RS11910	4108.68920799525	1.65	0.35559976830091	4.63675974163449	3.53913382503625e-06	0.000112113250825286
SACI_RS11400	4.44907786359412	0.97	1.07187417933823	0.908943940847251	0.363379717720119	0.553632178496839
SACI_RS11405	0.313477365362682	0.00	9.21855313156847	0	1	NA
SACI_RS11410	311.71881766402	-0.48	0.174271256182585	-2.76689229841803	0.00565934483959879	0.0312007254030619
SACI_RS11415	0.362567926210278	0.00	9.21855313156848	0	1	NA
SACI_RS11420	122.99504275453	1.01	0.373236326367671	2.70216191618401	0.00688902051705035	0.0361640772285538
SACI_RS11425	721.397143459752	-0.30	0.160644023684575	-1.89440120348437	0.058171776819626	0.163593282566213
SACI_RS11430	561.526952639362	0.16	0.125952114500023	1.26507657873083	0.205843877844072	0.390706423786682
glmS	2333.63900910491	1.00	0.169469652786442	5.9120533520775	3.37869055823098e-09	3.11646015379945e-07
mvk	226.048932149721	-0.34	0.217636938359976	-1.58403424609695	0.113185926095699	0.262576104646251
SACI_RS11445	421.733751073949	-1.15	0.272096868155697	-4.23052199659061	2.33149642299942e-05	0.000475970677169362
SACI_RS11450	191.085883242816	0.25	0.274322684592227	0.904197285275331	0.365890799433552	0.556194072116054
SACI_RS11455	538.91777272818	0.52	0.206169824052024	2.54306954166968	0.0109883357117653	0.0513285647824155
SACI_RS11465	384.560213448768	0.60	0.180576044217767	3.33093744442053	0.000865540506689365	0.00811370624638058
SACI_RS11470	406.528258723584	-0.34	0.139322899635573	-2.46822383223182	0.0135785383268877	0.0590259489414866
SACI_RS11475	257.471591059205	-0.14	0.183532205034271	-0.739069489013269	0.459864802806738	0.637198288856395
SACI_RS11480	2382.99040567296	0.09	0.237287772977803	0.384179659578583	0.700845293015749	0.830214784690725
SACI_RS11485	7927.25775442125	0.20	0.304229494040877	0.663667188834791	0.506903343936641	0.679817817951037
Sac_sR101-sno	1592.57387978403	-0.13	0.280470181830539	-0.474077471396666	0.635444663151051	0.78744851242999
Sac_sR9-sno	0.0606348812223019	-0.31	9.20286905390313	-0.0335919913263827	0.97320250866141	NA
Sac_sR102-sno	3.94377501084555	-0.46	0.949869971390873	-0.48474239475851	0.627859089638323	0.78085724325055
Sac_sR12-sno	0.815411246254378	2.47	2.79750683825645	0.883970473423901	0.376712152083188	NA
Sac_sR24-sno	0.432878397649529	-0.59	4.17168780342895	-0.141420430193697	0.887537815505726	NA
Sac_sR103-sno	5.85597540566564	1.29	0.868027174624533	1.49116108940067	0.135919206731001	0.296355485562214
Sac_sR11-sno	0	NA	NA	NA	NA	NA
Sac_sR104-sno	0.474891317290322	-0.30	2.84517750760693	-0.103997779179013	0.917171110973381	NA
Sac_sR10-sno	6.74964707146397	1.85	0.70830059557912	2.60754448560208	0.00911942199721917	0.044895949514299
Sac_sR105-sno	0.27218056082635	-2.56	7.46797315642024	-0.342437166252784	0.732021922632489	NA
Sac_sR106-sno	81.9930281570825	0.34	0.3036150186561	1.11881309366998	0.263219884533382	0.45019837505103
Sac_sR107-sno	0.18823719314173	0.00	9.21855313156847	0	1	NA
Sac_sR36-sno	0.841131846561712	1.63	2.24375330925068	0.724951907704541	0.468481534712164	NA
Sac_sR13-sno	0.27749604856325	-2.94	5.60635729096591	-0.523670670850823	0.600507618335561	NA
Sac_sR6-sno	13.5801615428206	0.13	0.50979929511998	0.251374851804443	0.801524308953582	0.893298927414578
Sac_sR108-sno	4.48087241186597	-0.63	1.08490507417371	-0.582284690732069	0.560374935709211	0.727457994731317
Sac_sR7-sno	0.669388082134781	0.00	2.46953386440287	0	1	NA
Sac_sR5-sno	41.2759378613311	1.75	0.390041841832998	4.47470658406739	7.6516315223798e-06	0.000197083144632511
Sac_sR109-sno	0.0610235911676481	0.00	9.21855313156847	0	1	NA
Sac_sR20-sno	1.51316434892865	-1.60	1.56500740081743	-1.02519863487054	0.305269472254033	NA
Sac_sR110-sno	0.524426902648085	2.81	2.78457607204678	1.01075829454925	0.31213212858032	NA
Sac_sR111-sno	1.7089346620751	-0.55	1.24502805129876	-0.444134180100649	0.656945575878855	0.801124781912444
Sac_sR112-sno	0	NA	NA	NA	NA	NA
Sac_sR113-sno	0.459590902250666	1.90	3.81384704867803	0.498892397831001	0.617855189925227	NA
Sac_sR114-sno	9.07120675985182	1.23	0.698946364654336	1.75606536444721	0.0790772482738842	0.206184386227838
Sac_sR115-sno	25.0436624901678	-0.27	0.803486034270974	-0.336354446279785	0.736603596875444	0.855130376153633
Sac_sR22-sno	0	NA	NA	NA	NA	NA
Sac_sR116-sno	0	NA	NA	NA	NA	NA
Sac_sR117-sno	0	NA	NA	NA	NA	NA
Sac_sR118-sno	13.8095430197876	-0.25	0.566118275499235	-0.43536229390165	0.663299475020729	0.805824375771366
Sac_sR27-sno	58.4782823384017	1.74	0.400639784132191	4.33612509857063	1.45016432160061e-05	0.000331486414447225
Sac_sR17-sno	81.9154210539487	0.65	0.287262187192851	2.25304808237996	0.0242561174426037	0.0902157350496841
Sac_sR28-sno	0.34086748166281	0.97	5.55235228664235	0.175045098894522	0.861044196816292	NA
Sac_sR119-sno	88.7845237181227	-0.17	0.311165164615314	-0.562223193412357	0.573963961016774	0.736207917878073
Sac_sR23-sno	0.221722451070794	0.97	9.21855313156847	0.105428336353014	0.916035932196341	NA
Sac_sR120-sno	0.412441309793087	0.00	4.90334131106968	0	1	NA
Sac_sR121-sno	0.124799232135441	0.00	9.21855313156848	0	1	NA
Sac_sR2-sno	0	NA	NA	NA	NA	NA
Sac_sR122-sno	37.9631694929028	-0.34	0.408537740781594	-0.828159761843516	0.407580028408652	0.592294899899679
Sac_sR14-sno	2.84967301680392	0.39	0.832840827179237	0.471385496554539	0.637365471190208	0.789119154806924
Sac_sR3-sno	0	NA	NA	NA	NA	NA
Sac_sR25-sno	1.57677756333554	-3.11	1.78450098725745	-1.74550604578762	0.0808968209946468	NA
Sac_sR123-sno	15.9519436715462	-0.30	0.504908316832684	-0.587097607861298	0.557138154072379	0.726303404207775
Sac_sR124-sno	0.0358428607440542	0.00	9.21855313156848	0	1	NA
Sac_sR125-sno	0	NA	NA	NA	NA	NA
Sac_sR126-sno	0	NA	NA	NA	NA	NA
Sac_sR127-sno	0.10936567691656	0.00	9.21855313156848	0	1	NA
Sac_sR128-sno	16.7268521695757	0.82	0.535551637559281	1.53080931520165	0.125816526711906	0.280919954817788
Sac_sR26-sno	19.3511112602118	-0.86	0.476886198825181	-1.79435816981517	0.0727560189928662	0.194219487720402
Sac_sR129-sno	0.0482587292299192	0.00	9.21855313156847	0	1	NA
Sac_sR1-sno	8.75752383977267	0.41	0.784111577599007	0.523083678843423	0.600916022795635	0.757258600285675
Sac_sR19-sno	24.4971251644638	0.83	0.478903661174158	1.72935314405339	0.0837459105860174	0.214102316227113
Sac_sR15-sno	2.90093761094134	1.29	1.0493989940429	1.23399313321883	0.217205463022443	0.403169339977965
Sac_sR29-sno	0.130200975274862	0.00	9.21855313156848	0	1	NA
Sac_sR130-sno	8.18845663571666	0.58	0.814743899453791	0.711974512961773	0.476480558742215	0.652349935366887
Sac_sR21-sno	6.37143244448216	-2.26	0.920526793709128	-2.45646157234023	0.0140312807733132	0.0605167602679989
Sac_sR8-sno	16.3158638744026	0.53	0.47200638178001	1.12689807102414	0.259785579038511	0.448321262260574
Sac_sR131-sno	0.529457014273897	-0.34	2.95411679636659	-0.11417690714474	0.909097557608693	NA
Sac_sR18-sno	54.8751520753554	-0.30	0.345516117180254	-0.863682737443429	0.387762199167946	0.57544078878351
Sac_sR16-sno	2.55647032273287	-1.06	1.06888502130329	-0.994589494959686	0.319935958823238	0.514937611240592
Sac_sR132-sno	81.455463294149	0.40	0.298761671163737	1.3277869687923	0.184248493082711	0.363225212400538
Sac_sR4-sno	0.50220233503816	0.97	4.4115531006471	0.220311362108072	0.825628671862097	NA
asRNA_1	20.0535659795616	-0.06	0.427021772438709	-0.131211866312414	0.895607709156581	0.948250037047844
asRNA_2	2.86896956374734	-0.12	1.20288799026215	-0.098682249784684	0.921390562685429	0.961623066114395
asRNA_3	4.57304773756859	-1.21	1.27136913136652	-0.954611913327347	0.339773990293589	0.532963641006905
asRNA_4	5.26861225850448	0.13	0.786327746443316	0.165662319252948	0.868422701116318	0.934911314170537
asRNA_5	0.306815126065327	0.00	7.34140095346268	0	1	NA
asRNA_6	1.46289795010118	-2.99	1.79581752493649	-1.66423344788154	0.0960657862799117	NA
asRNA_7	17.6527714086204	-0.67	0.468040657721236	-1.43747125958571	0.150584133529136	0.318503355338678
asRNA_8	1.15758756889202	1.70	2.21126876926064	0.7689495454049	0.441923263289893	NA
asRNA_9	1.7915193262927	-2.16	1.76914955512578	-1.21923776520457	0.222753962042408	0.408686366222954
asRNA_10	0.252961996254469	0.00	9.00152548201708	0	1	NA
asRNA_11	6.87930121843168	0.46	1.09697465307861	0.417663873566434	0.67619288922117	0.816710545893018
asRNA_12	0.177112895549361	-0.31	9.20286790621472	-0.0335927916513504	0.973201870454668	NA
asRNA_13	0.800090113405644	-2.93	2.49202097233855	-1.17438253395678	0.240241837996088	NA
asRNA_14	12.6249891268499	-1.94	0.643400089454781	-3.00826036209214	0.00262747929038474	0.018289365004073
asRNA_15	0.108458571897583	-2.03	9.18589057192717	-0.220528090299333	0.8254598979179	NA
asRNA_16	1.06891647883787	-3.30	1.76409799291143	-1.87315591245359	0.061046858319024	NA
asRNA_17	0.303952207517427	-0.32	5.07832932029144	-0.0622649093778012	0.950351872492747	NA
asRNA_18	2.52922223530101	-0.76	1.14969722698376	-0.661151931059722	0.508514884479179	0.681316004678958
asRNA_19	1.47794277092043	0.10	1.16448558759355	0.0867930203250767	0.930836035662266	NA
asRNA_20	15.9695389356822	1.20	0.723223141174851	1.66352783684585	0.0962068234442827	0.234850314802873
asRNA_21	2.67421566324958	0.56	1.24825504470517	0.444721694405228	0.656520889427957	0.800961297593382
asRNA_22	0.640047497589791	0.97	2.57263949819103	0.377789022030106	0.705587329564004	NA
asRNA_23	0.37253084468719	-1.28	4.45653930921493	-0.287461618024627	0.773758886633542	NA
asRNA_24	3.33038077651559	-2.93	1.23668713559501	-2.36520653483611	0.0180200184343837	0.0735750678594984
asRNA_25	7.00984293999911	-0.92	0.833357637394732	-1.10862738871307	0.267590957727386	0.455516170164716
asRNA_26	1.67145676809342	0.17	1.47836436170579	0.118351041322294	0.905789516416048	NA
asRNA_27	11.7375794548578	-0.76	0.728684722557421	-1.03757662501519	0.299467205041472	0.490707114203047
asRNA_28	1.66444267163792	0.77	1.62405985873868	0.476524815777362	0.633700532257936	NA
asRNA_29	0.236451111091274	0.00	9.21855313156847	0	1	NA
asRNA_30	1.5732815008549	-1.94	1.74328455078888	-1.11556138605538	0.264609928490459	NA
asRNA_31	0.473675810043737	0.97	3.45173263983879	0.281572582584685	0.778271265823769	NA
asRNA_32	1.37616923056227	2.82	1.84062365636096	1.52992429249574	0.126035469557134	NA
asRNA_33	0.260114734268528	0.00	6.59902095349238	0	1	NA
asRNA_34	0.214960022173014	-3.05	9.14558120232294	-0.333647559709818	0.738645525259344	NA
asRNA_35	3.7456350569821	-0.28	0.957029961282645	-0.287611522982288	0.773644123363595	0.877794649645973
asRNA_36	1.75979083719833	1.32	1.61600225521468	0.816491461013901	0.414219105350839	0.59768997609786
asRNA_37	0.827716622931539	-0.57	1.97103929526483	-0.287616948416759	0.773639969887255	NA
asRNA_38	0.278527817817043	-1.28	4.54406877262891	-0.281810575684904	0.778088761246272	NA
asRNA_39	1.33990242446952	0.34	2.34577257650829	0.146058204492617	0.883875440490628	NA
asRNA_40	5.4649503947618	0.23	0.7619851517506	0.296722200199654	0.766678606641466	0.875382946512866
asRNA_41	1.22866483250161	-0.09	1.4270709569024	-0.0652038030727843	0.948011733160792	NA
asRNA_42	18.3189394772753	-1.41	0.640967471161969	-2.2015941591224	0.0276939888883789	0.0981036418719436
asRNA_43	0.506837025478377	1.11	3.66123526318385	0.302236695434902	0.762471632547209	NA
asRNA_44	0.276796728332534	0.00	8.72695253940864	0	1	NA
asRNA_45	3.14542695876585	-0.93	0.858308187585755	-1.08045429354821	0.279939929708399	0.468335084367951
asRNA_46	0.261438505722744	-1.27	8.86843717795607	-0.143333445824684	0.886026842582926	NA
asRNA_47	21.3170924102781	0.55	0.398372288352935	1.38588375540166	0.165782401895644	0.339362496291842
asRNA_48	2.56906844459124	-0.33	1.20048953403968	-0.277714053272399	0.781231871851822	0.882046308407875
asRNA_49	1.31570369294602	2.48	2.27540504174718	1.08872516703274	0.276275100136417	NA
asRNA_50	1.81837740017058	0.57	1.25339397236008	0.455561816046878	0.648705106349053	0.7977828081651
asRNA_51	0.986364069407953	-1.95	1.89134426883974	-1.03142724697128	0.302340509008886	NA
asRNA_52	0.785192023828	0.97	2.61390473548517	0.371825114415621	0.710023063594348	NA
asRNA_53	3.22770270141495	1.41	1.13936024721984	1.24179443917977	0.214312414972192	0.400096230409373
asRNA_54	10.8700969375538	0.61	0.731886263782712	0.827136912973278	0.408159464150734	0.59266990684901
asRNA_55	0.926648841161567	-0.40	2.48362344502676	-0.159513215603624	0.87326454708056	NA
asRNA_56	3.43102276779025	-4.77	1.36988484626913	-3.47913724475955	0.000503030893407647	0.00529142420699036
asRNA_57	0.970776335169549	-1.95	1.98458520642406	-0.984447425088649	0.324895569639677	NA
asRNA_58	1.38652154819923	0.45	2.04372785027934	0.219689093094109	0.826113299616476	NA
asRNA_59	1.5577787362955	0.82	1.66050210349748	0.493849753366433	0.621412292629425	NA
asRNA_60	0.0503313652956027	0.00	9.21855313156848	0	1	NA
asRNA_61	1.05600328163625	-2.29	2.28418081343434	-1.00228639392446	0.316205291998412	NA
asRNA_62	0	NA	NA	NA	NA	NA
asRNA_63	1.16373554403299	-0.04	1.61144469594201	-0.0276503648771188	0.977941011639463	NA
asRNA_64	3.68988837681909	0.66	1.1023581050708	0.597017055702526	0.55049599347864	0.720234929160035
asRNA_65	1.07419141705015	-1.52	2.48504368176181	-0.612220371241185	0.540391965294372	NA
asRNA_66	0.678094055105128	0.24	2.72657807997613	0.0894043807444627	0.928760542085059	NA
asRNA_67	0.833990187037557	-0.36	2.22623950640004	-0.16355909237583	0.870078250486219	NA
asRNA_68	2.05783776163242	1.44	1.55051711586164	0.927094819534307	0.353877305639118	0.545767126100397
asRNA_69	1.16506385356668	1.46	1.94877986687446	0.749250866825579	0.453706015565095	NA
asRNA_70	716.334269389138	0.36	0.401261773738881	0.890276535828727	0.373317417105747	0.562881975874686
asRNA_71	0.53486426623354	-0.88	3.55577844855055	-0.246099784883183	0.805604989596175	NA
asRNA_72	19.0358584775236	0.33	0.464120819181327	0.706376140230948	0.479954254711783	0.654977999583468
asRNA_73	0.222260620530435	0.97	9.19826374858222	0.105660900149432	0.915851403794254	NA
asRNA_74	2.42329135680153	-0.54	1.3640503585681	-0.397496382432858	0.691001453686994	0.824415587169418
asRNA_75	0.412786882321395	0.00	4.82532390457005	0	1	NA
asRNA_76	0.976872741686422	0.26	2.35017780137082	0.110331778876063	0.912146255207323	NA
asRNA_77	0.415458528471356	0.66	4.14007439711273	0.158718036661727	0.873891027114057	NA
asRNA_78	11.3905423713517	0.23	0.68663450674264	0.335024533199303	0.737606579767722	0.85546232935125
asRNA_79	49.4508699448495	-0.30	0.384579546571018	-0.776742605420432	0.437310644807831	0.620946177537404
asRNA_80	0.792239735353293	1.01	2.11730887708774	0.476433195160656	0.633765790271071	NA
asRNA_81	0.466946951285287	1.90	3.75281331241049	0.506960672797184	0.612182412907621	NA
asRNA_82	0.117899549093008	0.00	9.21855313156848	0	1	NA
asRNA_83	0.677765703177902	1.13	2.24789931921554	0.504554736230231	0.613871608260004	NA
asRNA_84	0.204904830738363	0.97	9.21855313156848	0.105428336477484	0.916035932097579	NA
asRNA_85	6.19506871672559	0.70	0.931342281027692	0.755383476271535	0.450018924758545	0.630209429184222
asRNA_86	8.6326430993471	0.06	0.688433829842638	0.0826564396737991	0.934124722397585	0.965051497205302
asRNA_87	0.385618188832516	-2.35	4.15985658651207	-0.5644926355612	0.572418910691456	NA
asRNA_88	4.13947305818926	-0.93	0.771933925450533	-1.20417123410003	0.228523401795645	0.415991080151122
asRNA_89	0.665299520472502	-2.29	2.2128664770505	-1.0351854562124	0.300582309538199	NA
asRNA_90	0.963490898049677	0.22	2.22118313255073	0.0983321062397205	0.92166858461922	NA
asRNA_91	0.449980209127628	-1.03	2.92588842815536	-0.353146630002089	0.723978516374	NA
asRNA_92	0.132568255224431	-1.27	9.20286896533095	-0.138099301888878	0.890161937502612	NA
asRNA_93	20.8727684144954	0.21	0.457742803279789	0.450719263609816	0.652191896694362	0.800002073363521
asRNA_94	0.521754441302206	1.90	3.38094383314056	0.562304797818488	0.573908370006415	NA
asRNA_95	7.79202303329551	0.04	0.846672991442017	0.050523089352908	0.959705550254989	0.981063982382326
asRNA_96	0.129460527367457	-1.90	9.18812922065222	-0.206929718985443	0.836064746409537	NA
asRNA_97	96.5819339379024	0.15	0.433733723878161	0.356685522591787	0.721327244887663	0.843793670165704
asRNA_98	1.6303501856151	-2.91	1.84739628345188	-1.57572303074949	0.115089647389664	NA
asRNA_99	1.70106760901367	-0.18	1.35864829252889	-0.134095195249208	0.893327298966077	0.946926936904042
asRNA_100	3.00962526244828	-0.86	0.991606443400152	-0.867457843993162	0.38569120008057	0.574290644458985
asRNA_101	15.7328173850161	-0.15	0.465560950409597	-0.331320356978652	0.740402516207197	0.857373670028166
asRNA_102	2.0215001608451	-0.21	1.0601454802997	-0.202327155672535	0.839660971801667	0.917567659906976
asRNA_103	0.045200246636193	0.00	9.21855313156847	0	1	NA
asRNA_104	1.82629880276008	-1.44	1.43454827020346	-1.00210726757377	0.316291788228499	0.510888351776307
asRNA_105	44.6577421802207	-0.27	0.388259731468142	-0.683666486041549	0.49418579081886	0.668618576090711
asRNA_106	13.9865501080673	-0.08	0.563160174712019	-0.135461734200764	0.892246817023986	0.94650971043807
asRNA_107	54.8173834813731	-0.16	0.38358480993479	-0.419198818973286	0.675070835163769	0.816364730895721
asRNA_108	0.157641698411842	0.97	9.21855313154144	0.105424195798918	0.916039217571724	NA
asRNA_109	1.2139404917753	-0.24	2.02031470629979	-0.119414429825885	0.904947029747419	NA
asRNA_110	0.187148667792198	0.00	9.21855313152617	0	1	NA
asRNA_111	0.134638615714962	0.00	9.21855313156847	0	1	NA
asRNA_112	0.424774608868708	-1.29	3.30877834670159	-0.390598314110029	0.696094171988331	NA
asRNA_113	1.58597163553093	-0.11	1.41091833639142	-0.0804530231430999	0.935876957165616	NA
asRNA_114	0.657108095323715	-1.07	2.54422850780806	-0.420655373728263	0.674006752497609	NA
asRNA_115	0.339591854893375	0.62	7.13609486374145	0.0871152624526522	0.930579893824794	NA
asRNA_116	0.428246524139652	-2.01	3.10885949236165	-0.645915294945073	0.51833421369949	NA
asRNA_117	0.277684083582352	0.00	6.47886635490536	0	1	NA
asRNA_118	1.81599824308645	-3.03	1.57246258255868	-1.92454754504583	0.0542859871651875	0.156054785792541
asRNA_119	11.8413277144355	-0.12	0.615853574847327	-0.190215915403727	0.849139940113274	0.92316752463597
asRNA_120	20.4753893506759	-0.07	0.437224431312378	-0.171355892364788	0.863943934542801	0.932288359808657
asRNA_121	25.0739318314391	-0.57	0.617182717400529	-0.91885051041561	0.358173768596915	0.549319369089092
asRNA_122	0.27846178983832	0.97	7.56844087231558	0.128413971504982	0.897821375034598	NA
asRNA_123	4.07183309433033	-0.64	0.881664317760525	-0.731470535703163	0.464491795181824	0.641588126821922
asRNA_124	0.6681140582418	2.90	2.92846418947576	0.991260310842178	0.321558487710586	NA
asRNA_125	0.193731498928233	0.00	9.21855313155469	0	1	NA
asRNA_126	0.18718755856258	-2.03	9.18589057180555	-0.220528090809513	0.825459897520614	NA
asRNA_127	0.448923562661112	-0.97	4.82822135658639	-0.201930606471276	0.839970974412998	NA
asRNA_128	1.01651608025458	-2.40	1.86146637783167	-1.28808942127567	0.197714837362307	NA
asRNA_129	0.149410593690169	-1.90	9.18812858544116	-0.206929862512065	0.83606463431762	NA
asRNA_130	0.215485743651387	0.97	9.21855313156848	0.105428336554032	0.916035932036841	NA
asRNA_131	0.407209608871807	-0.32	4.89298045410694	-0.0647852436818217	0.948344990602596	NA
asRNA_132	1.79614885859261	-0.08	1.27265584225503	-0.0645735349348808	0.948513556781985	0.975047878586778
asRNA_133	0.651183014722437	0.01	1.97003354254435	0.00668306093846124	0.994667728551136	NA
asRNA_134	3.71178073636886	0.32	1.11137821893654	0.283848505841807	0.77652648033285	0.879978198929825
asRNA_135	6.85567877395778	-1.17	0.987806929585792	-1.18456057123917	0.236191234201086	0.424343573310426
asRNA_136	10.340148764628	-0.50	0.544560258015739	-0.914646854188433	0.36037705294694	0.551164904507085
asRNA_137	2.85535730964443	-1.29	1.24262809197812	-1.03501468886844	0.300662051395675	0.491765349345092
asRNA_138	0.764115968201693	1.62	3.01609860789474	0.53664343132224	0.591513937804821	NA
asRNA_139	0.0761659682580962	0.00	9.21855313156848	0	1	NA
asRNA_140	14.8824478875194	-0.35	0.525640742361835	-0.668753625060664	0.50365265378579	0.676775579636098
asRNA_141	0.586398583372834	0.97	3.33037984838634	0.291833870633955	0.770413646909815	NA
asRNA_142	0.310006568378332	-1.28	5.62457340244634	-0.226877208410833	0.820519225013991	NA
asRNA_143	0.172588715448127	1.90	9.19976036173889	0.207042954225701	0.835976312596043	NA
asRNA_144	3.90541672491111	0.97	1.08117928510984	0.896636600535442	0.369912861090707	0.560153761080214
asRNA_145	0.0277010776753052	0.00	9.21855313156847	0	1	NA
asRNA_146	5.38952486598773	-0.46	0.819759320008461	-0.561675173105424	0.574337352543719	0.736207917878073
asRNA_147	3.58177879124552	-0.58	0.986184036901653	-0.591678710889237	0.554065755100851	0.723013835728194
asRNA_148	2.80850334841059	-1.06	1.13005916622961	-0.936077591482434	0.349233239577973	0.542374780493912
asRNA_149	2.84319011468236	-0.14	1.26345883085738	-0.110062033517032	0.912360178042043	0.957896281115418
asRNA_150	4.20524179913517	1.21	1.03999175525096	1.16105045634804	0.245621380935044	0.431992677636873
asRNA_151	2.88806562889922	-0.10	0.960807522410324	-0.0996495735132907	0.920622535688037	0.961623066114395
asRNA_152	31.0190403544724	-1.54	0.454072378060604	-3.39103551667606	0.000696290771861663	0.00685349059732408
asRNA_153	119.481373311745	-1.42	0.277833594858018	-5.11869339874069	3.07659643607519e-07	1.48756136453039e-05
asRNA_154	0.517434429773519	-0.25	2.76777184912739	-0.0914000863474451	0.927174693142545	NA
asRNA_155	0.0919119078139056	0.00	9.21855313156847	0	1	NA
asRNA_156	3.09324538576236	-1.83	1.61016947734518	-1.13408044068682	0.256760807296956	0.44505206598139
asRNA_157	9.67897862266887	-0.26	0.762216374747172	-0.335118764517327	0.737535498436506	0.85546232935125
asRNA_158	0.745571323389595	2.22	2.23108444396806	0.992940880326863	0.320738766050628	NA
asRNA_159	0.105164079155813	0.00	9.21855313156847	0	1	NA
asRNA_160	1.37071596949466	-4.36	1.68384440488312	-2.58845388032904	0.00964078560378928	NA
asRNA_161	6.18867721416417	-0.06	0.772119939481664	-0.0792717154467811	0.936816503289408	0.967275140294162
asRNA_162	9.11954460370778	-0.85	0.596751056536284	-1.4240326005502	0.154437035178034	0.322635472057798
asRNA_163	1.74937851494595	-0.51	1.2972977632246	-0.395896286924891	0.692181540358765	0.825466172751517
asRNA_164	1.59957026361703	-0.82	1.79154104122047	-0.458459349927058	0.646622460718647	NA
asRNA_165	0.235562150578898	0.97	9.21855313156847	0.105426564336731	0.916037338225055	NA
asRNA_166	1.9349736871284	0.29	1.45997861346787	0.199934542620072	0.841531774717232	0.918155808044612
asRNA_167	4.53824070625308	-0.13	0.82011780392714	-0.156206905427793	0.875869933810439	0.937306885206601
asRNA_168	1.08564996498865	0.12	1.90157454074218	0.0631449364312234	0.949651091574263	NA
asRNA_169	0.227037146101261	-1.05	7.82486425278635	-0.134334794850904	0.893137840274109	NA
asRNA_170	2.3934322305172	-2.26	1.41249158253345	-1.60159956608466	0.109244186837889	0.256235726744869
asRNA_171	0.75909997588567	2.49	2.87674574758609	0.864186709485698	0.387485332004641	NA
asRNA_172	0.160774318438442	0.00	9.21855313156848	0	1	NA
asRNA_173	0.535237257302219	1.59	3.55915119674435	0.448043692088404	0.654121664260066	NA
asRNA_174	0.999025011056105	-2.52	1.9274975402241	-1.30701042363874	0.191209171389567	NA
asRNA_175	13.5187744291712	-0.60	0.485128495293751	-1.24150237277017	0.214420222175125	0.400096230409373
asRNA_176	1.71905123594354	-1.54	1.57424739312777	-0.975277849870522	0.32942245468817	0.523077475809561
asRNA_177	0.746482514358868	-2.77	2.06733460623441	-1.33943142333422	0.180430265377383	NA
asRNA_178	7.51385809139605	-1.75	0.722907278253566	-2.42441971450938	0.0153328732065634	0.0648119609774368
asRNA_179	0.627534286469652	-1.03	2.98809920472309	-0.344254003188405	0.730655272656327	NA
asRNA_180	0.238028462596112	0.97	9.02727564367375	0.107659424457662	0.914265856965735	NA
asRNA_181	0.124251237752371	0.00	9.21855313156848	0	1	NA
asRNA_182	22.9794274062295	-0.02	0.390233431821447	-0.0448979539192883	0.964188647737594	0.982730737117163
asRNA_183	0.576116199511129	-1.51	2.33479912972061	-0.645976771871759	0.518294398551732	NA
asRNA_184	2.93607732204498	-1.61	1.34650995424949	-1.19596160922168	0.231711540941794	0.420683140207895
asRNA_185	0.550608928589053	-2.93	2.73166143797454	-1.07171660851591	0.283847338671354	NA
asRNA_186	8.97077616525953	0.05	0.58787181351695	0.0771473305218117	0.938506340854737	0.967919717658789
asRNA_187	6.76730454373892	-0.45	0.835989611617886	-0.539690204261321	0.589410696594318	0.747201416657747
asRNA_188	1.01018780583796	0.65	2.02291480620385	0.323321221424422	0.746451983984669	NA
asRNA_189	3.51180554140701	-2.27	1.27292221475499	-1.78168768022622	0.0748001770332796	0.198602396824392
asRNA_190	8.868228564165	-1.30	0.573687991295605	-2.2576296377977	0.0239687592875133	0.0897289556137991
asRNA_191	25.5048943492994	-2.67	0.647902233269915	-4.11909328176133	3.80366155041994e-05	0.000703549747178347
asRNA_192	6.64940546593861	-1.68	0.890210681703503	-1.88223792608803	0.0598037183632151	0.166483886675779
asRNA_193	3310.84673742286	-0.71	0.287011694994462	-2.46973759460905	0.0135212194663587	0.0588696379925508
asRNA_194	5.48299149906194	-1.97	0.816770790607454	-2.41585651456561	0.0156982461026055	0.0657432785277882
asRNA_195	0.298414219733123	-0.31	6.50515306540805	-0.047995697035598	0.961719671924845	NA
asRNA_196	0.643850419135994	1.20	2.1864614814689	0.549948324201162	0.582354817875698	NA
asRNA_197	5.89016793218176	1.24	0.880947356523369	1.41204254011581	0.157937435837969	0.327274867044693
asRNA_198	0.903910659950663	-0.36	2.24846445304599	-0.161371136898423	0.871801098136148	NA
asRNA_199	0.0966278090387096	0.00	9.21855313156847	0	1	NA
asRNA_200	0.974578194862794	0.39	1.76932418408385	0.222248297041969	0.824120598510739	NA
asRNA_201	13.5474371044021	-0.55	0.670221136716371	-0.827972112402081	0.407686293581165	0.592294899899679
asRNA_202	0.159707468687995	0.00	9.21855313156848	0	1	NA
asRNA_203	1.61275049066996	0.40	1.60690127305872	0.249496759287201	0.802976547377226	NA
asRNA_204	1.42132010237148	-3.14	1.55297847550342	-2.02088190159027	0.0432919918378402	NA
asRNA_205	0.0462028432624292	0.00	9.21855313156847	0	1	NA
asRNA_206	0.960932184069787	0.45	2.2530444781665	0.199458856970432	0.841903824060438	NA
asRNA_207	0.857023452777821	2.37	2.90273070533637	0.817341159135296	0.413733491557722	NA
asRNA_208	3.18239244042755	-0.30	1.29953552308812	-0.228748019338648	0.819064770095921	0.905383413830019
asRNA_209	16.5489036761277	-0.71	0.407847920776401	-1.73966373716535	0.0819180803445882	0.211227726018666
asRNA_210	9.50676911885472	-0.51	0.616955871142263	-0.831918352076296	0.405455032248819	0.591005452487109
asRNA_211	42.9280420301257	-5.47	1.28101592825643	-4.26839759142092	1.96882177851841e-05	0.000420625800123777
asRNA_212	0.444966929826023	-1.27	6.75513652446589	-0.188530046251501	0.850461164296571	NA
asRNA_213	0.637288366768057	-0.90	2.34129741678323	-0.383791660699102	0.70113286942611	NA
asRNA_214	1.20893984884536	-0.42	1.87637933563831	-0.222298107154386	0.824081825516362	NA
asRNA_215	0.231094704615847	0.00	9.07737371102771	0	1	NA
asRNA_216	0.172755453478523	-3.05	9.14558118442134	-0.333647630505264	0.738645471830916	NA
asRNA_217	0.59694792083536	-1.53	2.54937487513664	-0.598651466027827	0.549405328310531	NA
asRNA_218	0.0763940706874262	0.00	9.21855313156847	0	1	NA
asRNA_219	0	NA	NA	NA	NA	NA
asRNA_220	0.177179721590627	1.73	9.20475546485683	0.188147379261871	0.850761120968794	NA
asRNA_221	1.09054909043135	2.48	2.24357742402774	1.10373597854604	0.269707683718905	NA
asRNA_222	0.911941736865756	0.72	1.81330287639795	0.399761395440983	0.689332267033365	NA
asRNA_223	0.437384568868145	-1.00	3.58788937203115	-0.277795545854701	0.781169310557572	NA
asRNA_224	0.882316646941859	0.94	1.88725926826567	0.49721252396198	0.619039190645346	NA
asRNA_225	0.891203818618459	-0.54	2.08296217094723	-0.260983158817068	0.794105494628864	NA
asRNA_226	0.363353756897216	-1.28	4.84830039278697	-0.263802128059015	0.791932394692042	NA
asRNA_227	0.0941130411070351	0.00	9.21855313156847	0	1	NA
asRNA_228	1.00447109808634	1.91	1.87721917096343	1.01954673131546	0.307943479415411	NA
asRNA_229	0.129779062011631	0.00	9.21855313153448	0	1	NA
asRNA_230	1.26534408301508	2.17	1.84474283931609	1.1736726961041	0.240526150728366	NA
asRNA_231	0.69606733215536	-1.57	1.87328164988538	-0.839699128423043	0.401077102806384	NA
asRNA_232	0.545191387586686	-2.28	3.79200274418398	-0.600746153441508	0.54800907347385	NA
asRNA_233	0.917946474422217	-1.95	2.52653829653673	-0.770166212910917	0.44120130323964	NA
asRNA_234	1.93949224081666	-0.45	1.24481295298131	-0.36173699189637	0.717548580880008	0.841158608636879
asRNA_235	0.294065698287346	1.90	7.46347759635918	0.255205478221017	0.798564400125936	NA
asRNA_236	2.15080048156005	-0.82	1.24537528467931	-0.659957440302273	0.509281141459253	0.681862565996952
asRNA_237	10.6820726532061	0.13	0.500580871736048	0.258463960355023	0.79604885964982	0.890399641001166
asRNA_238	0.69602491282468	-2.46	2.27003210156838	-1.08514461960627	0.277857607794501	NA
asRNA_239	1.04993582005602	-1.85	1.56848349004305	-1.17815679479301	0.238734103377188	NA
asRNA_240	0.0926765748763915	-3.05	9.14558120255947	-0.333647559407924	0.738645525487179	NA
asRNA_241	0.0909180811283714	0.00	9.21855313156847	0	1	NA
asRNA_242	1.25007552996472	-0.22	1.88360971035929	-0.116824269012084	0.906999311543526	NA
asRNA_243	0.105310704491694	0.00	9.21855313156848	0	1	NA
asRNA_244	0.605484559822985	0.95	2.81460858930597	0.335847241525328	0.7369860635508	NA
asRNA_245	0.169475264657961	0.00	9.21855313156848	0	1	NA
asRNA_246	1.89887594670524	-1.43	1.3133381061896	-1.08654039686112	0.277239978520888	0.465614491653606
asRNA_247	1.05612562971855	-2.96	1.77651359597693	-1.66570943241871	0.0957713023633541	NA
asRNA_248	1.13718653188876	-2.76	2.45653563847384	-1.1236948024311	0.261142522139224	NA
asRNA_249	0.884968633845243	-1.47	2.04401682512081	-0.719847185436191	0.471619089046603	NA
asRNA_250	2.90977646883924	-1.15	1.10026343038499	-1.04349408708506	0.29671951793116	0.488189367624002
asRNA_251	0.187891165757722	0.97	9.21855313156848	0.105426564369012	0.916037338199441	NA
asRNA_252	1.30419092855861	-3.91	1.5876316467226	-2.46484026445004	0.0137074344571416	NA
asRNA_253	0.0818828456080036	0.00	9.21855313156848	0	1	NA
asRNA_254	0.507358456566634	0.52	3.23563701570849	0.16042987973928	0.872542453815818	NA
asRNA_255	4.00847688693825	-0.29	1.10393912108962	-0.263192296802042	0.792402367827016	0.889369144768801
asRNA_256	0.431526570204148	-0.13	2.87913201191757	-0.044478720223986	0.96452281398842	NA
asRNA_257	0.626707600812839	0.97	2.44623141224004	0.397311230750896	0.691137966591006	NA
asRNA_258	0.974749529604106	1.66	2.07104243092047	0.803761612199397	0.421534663695052	NA
asRNA_259	39.8744796620256	0.12	0.426097335172384	0.272679951088633	0.785099247583925	0.885200724549752
asRNA_260	0.606481106892995	2.18	3.28241075147942	0.664187926362373	0.506570039975736	NA
asRNA_261	0.429856847518158	0.00	4.3650492520943	0	1	NA
asRNA_262	13.2278596115056	0.39	0.606888975226246	0.645431152528462	0.518647820758671	0.689861676646186
asRNA_263	0.114018802466137	0.00	9.21855313156847	0	1	NA
asRNA_264	1.31550971510585	-0.90	1.63529261629105	-0.553331906198933	0.580036156981772	NA
asRNA_265	0.239591098960848	0.97	9.02662058638237	0.107670163224542	0.914257338186399	NA
asRNA_266	0.109049442573959	0.00	9.21855313156848	0	1	NA
asRNA_267	1.61488677124228	-1.46	1.98342613782022	-0.736591949499111	0.461370532131502	NA
asRNA_268	14.8619476639572	-1.28	0.585020900385161	-2.17986183479141	0.0292677047039385	0.102492749890793
asRNA_269	0.639353738677287	0.00	3.52566504491438	0	1	NA
asRNA_270	2.20093230293976	0.28	1.16260683987242	0.242937396169315	0.808053895240939	0.896897517230781
asRNA_271	0.188552889912152	0.00	9.21855313156847	0	1	NA
asRNA_272	1.43625049012609	1.06	1.72291901224489	0.616398438665312	0.537631583578864	NA
asRNA_273	0.4301871293033	-0.05	4.84703149424436	-0.00936957826669602	0.992524267541105	NA
asRNA_274	0.536515912088187	0.97	3.03228292044384	0.320522997214043	0.748571899927066	NA
asRNA_275	0.543230913018431	0.61	3.06432425337631	0.200386556275075	0.841178272801034	NA
asRNA_276	0.431029828975806	-1.28	5.30867093976084	-0.24057179924618	0.809887009266407	NA
asRNA_277	11.3381651715787	-0.28	0.685475666877236	-0.407551219689916	0.683603183236336	0.819491245323767
asRNA_278	0.861083973236651	-2.08	2.25873659847345	-0.919263692236253	0.35795766381138	NA
asRNA_279	0.944261343960286	-1.45	1.92969044407429	-0.751770179250418	0.452189278247452	NA
asRNA_280	1.24568353268068	-2.13	2.03772988294502	-1.04369618389731	0.296625975972135	NA
asRNA_281	1.15333209839306	0.00	3.32142435501168	0	1	NA
asRNA_282	4.39069879167785	1.57	1.31848688347048	1.18810016521237	0.234793949278763	0.423001270933202
asRNA_283	2.28496210029068	1.49	1.72157865855377	0.866518549185441	0.386205858676794	0.574290644458985
asRNA_284	0.165417603283516	0.97	9.21855313156847	0.105426564508586	0.916037338088694	NA
asRNA_285	0.345803477587689	0.00	9.21855313156848	0	1	NA
asRNA_286	0.451015311953409	0.00	3.85981761366162	0	1	NA
asRNA_287	1.44221421694696	-1.46	1.61658272946765	-0.900775679991786	0.36770760078068	NA
asRNA_288	0.149519284139266	0.97	9.21855313156848	0.105426564375821	0.916037338194038	NA
asRNA_289	0.932667702846705	-0.88	1.59341270423977	-0.551358089233091	0.581388224952466	NA
asRNA_290	9.64262193680618	0.68	0.751741410194493	0.910711822101294	0.36244723342012	0.553103308585743
asRNA_291	0.560159486053006	0.97	3.12985046296048	0.310530279042471	0.756157737383007	NA
asRNA_292	0.0291983191680272	0.00	9.21855313156848	0	1	NA
asRNA_293	0.111714526507466	0.00	9.21855313156847	0	1	NA
asRNA_294	0.593487036380563	0.58	3.24451910188	0.178520544102598	0.858314188473779	NA
asRNA_295	0.241436656819416	-2.56	6.58785806048667	-0.387847445271761	0.698128932155034	NA
asRNA_296	0.641105350043202	-1.14	2.15687428164566	-0.526793787578323	0.598336797502567	NA
asRNA_297	0.236231961890958	0.00	9.21855313156847	0	1	NA
asRNA_298	0.352395644776848	-1.48	4.8018317651043	-0.307564325276211	0.758413869408868	NA
asRNA_299	1.19101737633128	-0.37	2.11178869744014	-0.175922810416443	0.860354584703611	NA
asRNA_300	0.137938642364955	-2.56	9.16195170547997	-0.279403226225925	0.779935395465609	NA
asRNA_301	2.45372521285501	0.02	1.32918396666367	0.0116350045147234	0.990716818982491	0.995323508135437
asRNA_302	0.219236559786753	-1.27	9.20286894041094	-0.138099396023443	0.890161863106905	NA
asRNA_303	1.8697229287244	0.10	1.60543198133707	0.0629663505614953	0.949793299490761	0.97527210633254
asRNA_304	9.68133881931235	-0.52	0.530082946692326	-0.977130657119194	0.328504472058963	0.522405762669447
asRNA_305	1.51574902575492	-0.92	1.71708208934771	-0.535889631578197	0.592034830715752	NA
asRNA_306	0.332667819574464	-0.95	4.38448101609435	-0.216516239627913	0.828585367972628	NA
asRNA_307	0.350888746495728	-0.31	5.5431474048664	-0.0567456357486563	0.954747820488458	NA
asRNA_308	0.113144058583657	0.00	9.21855313156847	0	1	NA
asRNA_309	2.34578011669653	-1.68	1.34173218665396	-1.24858731707378	0.21181605355381	0.396579513311344
asRNA_310	1.76072236750594	-0.25	1.56269768095099	-0.158481504360615	0.874077393859086	0.936676829962382
asRNA_311	0.307593110932735	-1.27	6.37736667115108	-0.199808593269234	0.841630280393494	NA
asRNA_312	0.391135464814711	0.00	3.88644357957347	0	1	NA
asRNA_313	0.916060017580372	-0.36	2.39070301961326	-0.148728400266515	0.881767950298231	NA
asRNA_314	0.493715290490641	1.89	3.68557784281758	0.512116483800107	0.608569488698829	NA
asRNA_315	0.330794783770393	1.74	4.01823955276092	0.43421703416512	0.664130844496136	NA
asRNA_316	0.262253579783985	-1.27	9.20286682202478	-0.138100820585586	0.890160737258009	NA
asRNA_317	1.64748607283725	-1.06	1.2001027289109	-0.883529074537015	0.376950480776714	NA
asRNA_318	2.29731944555633	-1.03	1.19860555087943	-0.855904569159677	0.392050567413619	0.578421500959279
asRNA_319	1.57324306127106	0.97	2.22232433119757	0.437342070323472	0.661863289260459	NA
asRNA_320	0.52821102277583	-1.80	3.31053065319468	-0.545150929572431	0.585649717366115	NA
asRNA_321	34.1008790397006	0.15	0.382556796297011	0.393862278839849	0.693682721086654	0.825744595689645
asRNA_322	0.4111775432808	-1.58	4.83811487207201	-0.327488520954649	0.743298423690689	NA
asRNA_323	0.146567192229249	0.00	9.21855313156847	0	1	NA
asRNA_324	0.129415151425452	0.00	9.21855313156847	0	1	NA
asRNA_325	0.161765894045746	0.97	9.21855313156847	0.105428336569851	0.916035932024289	NA
asRNA_326	0.0699396167227815	0.00	9.21855313156848	0	1	NA
asRNA_327	0.17878875735863	0.00	9.21855313156848	0	1	NA
asRNA_328	0.40904242410534	-1.88	3.97710768037253	-0.472702726260477	0.636425281293913	NA
asRNA_329	0.0585210798692806	0.00	9.21855313156847	0	1	NA
asRNA_330	0.0447155784008401	0.00	9.21855313156847	0	1	NA
asRNA_331	0.656020717944981	-0.99	3.7240254443321	-0.266283377901049	0.790020973623832	NA
asRNA_332	0.809877868828902	0.21	2.15316159254973	0.098603891259387	0.921452780302527	NA
asRNA_333	5.60148077935251	0.63	0.820100820517581	0.764805956112639	0.444387100562227	0.625683784113276
asRNA_334	1.23031579012849	-4.02	1.92633489327018	-2.08611208107587	0.0369684716150294	NA
asRNA_335	1.98211259784035	2.02	1.7006979506351	1.18606737619876	0.235595692838594	0.423826194166557
asRNA_336	0.849617999571422	1.84	2.05589039446004	0.896250493579335	0.370118993257421	NA
asRNA_337	0.287215980250873	0.97	6.4827180905883	0.149923052623645	0.880825323908887	NA
asRNA_338	0.142621202076616	0.00	9.21855313156847	0	1	NA
asRNA_339	0.112233699191435	0.00	9.21855313156848	0	1	NA
asRNA_340	0.795210418259229	1.88	2.33325435375329	0.807710111373721	0.419257481428124	NA
asRNA_341	0.134023931858407	-2.03	9.18589057182682	-0.220528090720265	0.825459897590114	NA
asRNA_342	1.01508195248636	1.35	2.03393819432293	0.663754092273277	0.506847712394795	NA
asRNA_343	1.38351514758581	0.24	1.5096316303496	0.157795112557806	0.874618250022456	NA
asRNA_344	1.13822797367769	-1.52	1.89172406735052	-0.80486088439382	0.420899962749623	NA
asRNA_345	0.659104199658466	0.00	3.0416738466264	0	1	NA
asRNA_346	0.141840176999556	-0.31	9.20286896527418	-0.0335923267976383	0.973202241145054	NA
asRNA_347	0.285321812095703	1.33	5.62990318734512	0.235698875243335	0.813666342734271	NA
asRNA_348	0.602288249203244	-0.49	2.51626245715289	-0.194556792196981	0.845739931413009	NA
asRNA_349	0.477880796183333	2.36	3.67103081022747	0.641686769610112	0.521076581308727	NA
asRNA_350	0.226498961925371	0.00	6.75057065864782	0	1	NA
asRNA_351	0.405332887617198	-0.32	3.96160496981636	-0.0815129447575022	0.93503403070851	NA
asRNA_352	0.495792241391788	0.97	3.26565427285761	0.297616526485699	0.765995859561474	NA
asRNA_353	0.26403579173862	0.97	9.21855313156848	0.105428336547569	0.916035932041969	NA
asRNA_354	1.4190717001683	0.92	1.93046685434548	0.475411555743808	0.634493659533438	NA
asRNA_355	0.07672300597529	0.00	9.21855313156847	0	1	NA
asRNA_356	0.283972822492558	0.00	7.50753308066618	0	1	NA
asRNA_357	0.233451233639801	-0.31	7.77700989212512	-0.0399081138788077	0.968166382318151	NA
asRNA_358	2.56274099502331	-1.05	1.09088321096088	-0.961409699277241	0.336346209337902	0.528790731851259
asRNA_359	0.375435246432816	0.00	4.44013028583718	0	1	NA
asRNA_360	0.557764275386025	0.39	3.0477167674084	0.126349965111267	0.899454906697185	NA
asRNA_361	0.605134649812724	-1.63	2.32175722380951	-0.700386200518316	0.483686151788433	NA
asRNA_362	0.518023940655402	1.59	3.58589560787783	0.444455026812663	0.656713637141658	NA
asRNA_363	1.14995935223436	-3.21	2.12279382323448	-1.51233467594377	0.130448743874653	NA
asRNA_364	0.917809772305616	-2.06	2.34787714621127	-0.877156734969008	0.380401512142504	NA
asRNA_365	0.816357190948027	-2.13	2.01748161540943	-1.0567998441694	0.290602945459039	NA
asRNA_366	1.32287495980804	0.51	1.89760411750377	0.267964753635786	0.788726449374338	NA
asRNA_367	4.75560885667463	-0.94	0.88473764172893	-1.06017373184686	0.289065569166666	0.478190101214485
asRNA_368	57.8583711890356	0.34	0.367912110661331	0.92896282137983	0.352908354207819	0.545188018047505
asRNA_369	0.27537666039123	-1.99	6.43533278893169	-0.309283444568268	0.757105923354012	NA
asRNA_370	0.373743436062572	-0.32	4.81208607813589	-0.0659528654939055	0.947415351588344	NA
asRNA_371	124.59713702473	-0.96	0.331440923233256	-2.89741019958533	0.00376257437804679	0.0234637445421735
asRNA_372	10.3721398099271	0.71	0.658678422979686	1.07635973746346	0.281766401682086	0.469325033636121
asRNA_373	10.6370359141642	-1.64	0.653978500594782	-2.51101169491292	0.0120385708643778	0.054569574510239
asRNA_374	0.213436046028209	0.00	9.21855313156848	0	1	NA
asRNA_375	0.137668784960556	0.00	9.21855313156847	0	1	NA
asRNA_376	0.258899352791756	0.97	5.76560854662257	0.168569366311324	0.866135377832951	NA
asRNA_377	0.589363032344808	0.77	3.19714120874443	0.241319449878309	0.809307537449613	NA
asRNA_378	0.25368852092838	-1.90	9.18812858540903	-0.206929862519332	0.836064634311945	NA
asRNA_379	0.0415890713729175	0.00	9.21855313156848	0	1	NA
asRNA_380	0.335253420631326	0.00	7.30245508681299	0	1	NA
asRNA_381	1.9973428126903	-1.39	1.40983942553831	-0.987893866313572	0.323204629732916	0.517277560710753
asRNA_382	0.0751271719283848	0.00	9.21855313156847	0	1	NA
asRNA_383	2.23749057137418	-1.18	1.28361926649585	-0.917141402822307	0.359068547791646	0.550385382488196
asRNA_384	1.87428277456989	1.76	1.94542232992805	0.905113593383002	0.36540521140854	0.555770840310119
asRNA_385	4.22862458262208	1.17	1.05900891082503	1.10319037442126	0.269944500513992	0.458672653154477
asRNA_386	3.18648959079813	0.18	1.0156467460517	0.181058989278851	0.856321274321446	0.927681380514899
asRNA_387	4.9324706369996	0.36	0.93796304672559	0.3878020119132	0.698162556529769	0.829368968015537
asRNA_388	0.448302323786106	0.74	3.22113832013979	0.229694445393675	0.818329211453473	NA
asRNA_389	0.684134225357107	3.07	2.77064550436254	1.10877824292344	0.26752585857318	NA
asRNA_390	2.35548591285081	-1.92	1.77052139285844	-1.08209359550944	0.2792109413289	0.467500215250576
asRNA_391	0.49323705885869	0.00	3.93230707967752	0	1	NA
asRNA_392	5.84644370577332	-1.18	0.705015485443231	-1.67455773057284	0.0940210385342997	0.230740856812582
asRNA_393	12.9571452770713	-0.83	0.58161035947257	-1.43428948374341	0.151489670073963	0.319468253387126
asRNA_394	8.5214193526469	0.21	0.655693680715659	0.318314084458915	0.750246701662136	0.862907950354141
asRNA_395	1.07944066878543	1.09	1.76092894960055	0.621680857330726	0.534151741334287	NA
asRNA_396	0.627674919208836	0.00	3.27343937373436	0	1	NA
asRNA_397	0.240767759663739	0.00	5.80585387458649	0	1	NA
asRNA_398	41.1836347501228	0.41	0.368723072782266	1.11631969866746	0.264285312562363	0.451068150972578
asRNA_399	0.249372766989959	-1.99	6.64065501585743	-0.300353230530556	0.763907734262321	NA
asRNA_400	0.241513742076405	0.97	7.68332009186296	0.126493847380765	0.899341019006932	NA
asRNA_401	0.781270788970929	-0.36	1.88515741971625	-0.191859190126017	0.847852505072565	NA
asRNA_402	0.342952786303685	0.00	4.02511548288091	0	1	NA
asRNA_403	0.518328594673501	-1.29	3.90301086809032	-0.329294501844247	0.741933099494158	NA
asRNA_404	1.0173580250268	0.76	1.83395829192388	0.412527698886782	0.679952682806378	NA
asRNA_405	0.156192080038431	0.00	9.21855313156847	0	1	NA
asRNA_406	1.71034120214914	0.32	1.44951665344013	0.22002005936131	0.825855532356656	0.909331940541327
asRNA_407	0.715769110555869	-0.40	2.16622071026411	-0.183372849560889	0.854505477559711	NA
asRNA_408	11.7435689981194	-1.69	0.562400385804059	-3.00416734351015	0.00266308804093769	0.0184408810070961
asRNA_409	0.870818138494263	-2.54	2.19110139755127	-1.16128481648125	0.24552609211683	NA
asRNA_410	1.01992452905117	-1.80	1.88173871703137	-0.957380609378357	0.338375181988252	NA
asRNA_411	0.3807031090004	-2.53	3.749448972072	-0.675476548467598	0.499373046025288	NA
asRNA_412	2.38637393830527	-0.89	1.1961170060318	-0.742647269391274	0.457695262207516	0.635470097049831
asRNA_413	0.894995437710848	-1.31	2.52155793869228	-0.520259012997671	0.602883059071992	NA
asRNA_414	0.816225783040725	-1.52	2.49871335434702	-0.609293837314452	0.542329691188604	NA
asRNA_415	0.6415415819224	-1.12	2.51257199577772	-0.444160350903192	0.656926655877538	NA
asRNA_416	0.068772055949112	-1.27	9.20286905390313	-0.138098965451382	0.890162203393318	NA
asRNA_417	4.57529441684032	-1.05	0.874169380699827	-1.20679531492641	0.227510980799803	0.414695941193291
asRNA_418	0.78697149754131	-1.11	2.30180269065277	-0.480538110126788	0.630844811154137	NA
asRNA_419	0.963975334618886	2.52	2.18921340920416	1.15280191229247	0.248991699318109	NA
asRNA_420	0.651047568157716	0.00	3.59305898348215	0	1	NA
asRNA_421	2.71157266831122	-2.53	1.18440245601707	-2.13369451382659	0.032867795455092	0.111556212160386
asRNA_422	144.285050976035	-1.04	0.470346659951525	-2.21005214037764	0.0271015438611989	0.0968765951769963
asRNA_423	6.44627139019882	-0.01	0.959462528301344	-0.00697220770668313	0.994437028187064	0.995936119047523
asRNA_424	0.698649103854604	-1.84	3.57457282048206	-0.514492149396684	0.606907947735638	NA
asRNA_425	0.624557264416928	-1.28	4.49675838698546	-0.284835643220112	0.775770063477747	NA
asRNA_426	0.226517966955387	0.00	9.14985912137631	0	1	NA
asRNA_427	0.137106813288253	-1.27	9.20286894062413	-0.138099395872409	0.890161863226269	NA
asRNA_428	0.176620802835597	0.00	9.21855313156848	0	1	NA
asRNA_429	0.152416847069511	-1.27	9.20286905381074	-0.138098965516857	0.890162203341572	NA
asRNA_430	1.73142357853214	-2.48	1.69576748718344	-1.46150290041086	0.143877480169799	0.310028409185274
asRNA_431	0.0788751834719068	0.00	9.21855313156848	0	1	NA
asRNA_432	0.273231312950956	0.00	8.8155706097555	0	1	NA
asRNA_433	4.22069996318902	-2.35	1.09704887824801	-2.14470558744556	0.0319763938839247	0.109474461545461
asRNA_434	1.11976630990389	-3.48	1.9277044731384	-1.80581570894	0.0709471308717279	NA
asRNA_435	0.263757050332487	-2.56	7.51095574735156	-0.340489287677626	0.733488088602968	NA
asRNA_436	0.394685342547364	0.00	4.44689351001725	0	1	NA
asRNA_437	26.5996907739755	-0.70	0.399306710774179	-1.76504774559061	0.0775557416835802	0.203371668962842
asRNA_438	33.5871124945337	-0.02	0.369172117846512	-0.0634646969679142	0.949396470288839	0.97527210633254
asRNA_439	0.937044516643641	2.31	2.13634626291517	1.08249208140773	0.279033932101217	NA
asRNA_440	0.53467297860588	0.90	3.65931404162753	0.24716537932572	0.804780237483187	NA
asRNA_441	0	NA	NA	NA	NA	NA
asRNA_442	4.78089323715887	-0.18	0.699082779672384	-0.26114520268877	0.793980534026737	0.889516403161661
asRNA_443	8.2312843569601	-0.10	0.892571195751905	-0.117453383330905	0.906500782990368	0.954170581473657
asRNA_444	1.34111545148897	-0.94	1.70163455864756	-0.552377746301922	0.580689574072801	NA
asRNA_445	1.76042346991425	0.12	1.18019571686548	0.09864635453836	0.921419063885593	0.961623066114395
asRNA_446	1.06141942939509	-0.84	1.51920322903218	-0.550115283225571	0.582240304736012	NA
asRNA_447	90.6713827407586	-2.09	0.658362168260501	-3.17989871631794	0.00147326536007559	0.0119773431633284
asRNA_448	80.2294340041793	-1.50	0.70210764472583	-2.13065461360847	0.0331176067465263	0.112127916699541
asRNA_449	0.358424949331925	0.97	3.97349376302612	0.244599934076722	0.806766215108167	NA
asRNA_450	0.75009528229501	-2.56	2.55257232879819	-1.00108124998623	0.316787529066093	NA
asRNA_451	0.383656694305388	-2.43	5.43296514671569	-0.446923572156566	0.654930243631638	NA
asRNA_452	5.56268295020294	-0.86	0.737506052387056	-1.15994118641262	0.246072752446785	0.432510526622028
asRNA_453	1.33125471062403	-2.28	3.08390094560344	-0.739675470718454	0.459496935385612	NA
asRNA_454	1.73463708841876	-2.57	1.89871791981333	-1.35263349355828	0.176172746763094	0.353886363031404
asRNA_455	1.97540812706934	1.85	2.15336161891113	0.858071055524468	0.390853228875568	0.577273043291032
asRNA_456	20.3292536608069	0.01	0.470659834357486	0.023115576869135	0.981558080461508	0.991301381078654
asRNA_457	0.940560236374338	-0.58	1.88239925583005	-0.309990968358484	0.756567824501838	NA
asRNA_458	0	NA	NA	NA	NA	NA
asRNA_459	0.291511741795847	0.00	6.48681128316643	0	1	NA
asRNA_460	0.154936624223928	-2.03	9.18588722912143	-0.220542114255682	0.825448977242517	NA
asRNA_461	0.310535786740278	0.65	5.456132740559	0.119125975812385	0.905175551551379	NA
asRNA_462	0.581736780884008	0.97	2.90644342855305	0.334400130021663	0.738077641305152	NA
asRNA_463	1.58099187956267	-1.29	1.34191096766179	-0.963171025286947	0.335461703170719	NA
asRNA_464	3.31527086292224	-1.78	1.13026861161154	-1.57071132731247	0.116249716880854	0.26758790406127
asRNA_465	1.61235975588915	-0.76	1.48390475943503	-0.51086467566984	0.609445817690673	NA
asRNA_466	1.78435168350544	-3.08	1.59679155216449	-1.92843981583292	0.0538004434017217	0.155086401416989
asRNA_467	1.81514079192999	-1.98	1.24142639892787	-1.59234415193751	0.111307397441768	0.260410176018262
asRNA_468	0.656045776664202	-1.95	1.97437658946079	-0.989387729519024	0.322473475716384	NA
asRNA_469	2.61796185261778	-1.79	1.06263887370433	-1.68119446735475	0.0927251478170306	0.228374001236583
asRNA_470	0.611866986294351	-2.04	2.44704534197154	-0.835572963548815	0.403395183918533	NA
asRNA_471	0.589220863059439	0.56	2.70841449890025	0.205668631733386	0.837049762951946	NA
asRNA_472	0.725707971728579	0.00	2.74681824948416	0	1	NA
asRNA_473	0.529680616301559	-1.01	3.3745521947641	-0.298108506990901	0.765620348964844	NA
asRNA_474	0.0257988102431333	0.00	9.21855313156848	0	1	NA
asRNA_475	0.0925090065433616	-0.31	9.20286790637322	-0.0335927915408246	0.973201870542805	NA
asRNA_476	2.21567280985537	-0.03	1.12569071241244	-0.0306545822286772	0.975545012254417	0.990248725181851
asRNA_477	0.431552983443215	-1.28	4.44042851484573	-0.288525939078834	0.772944177822046	NA
asRNA_478	0.367107264017741	-1.28	4.31515369880871	-0.297089129856834	0.766398463045301	NA
asRNA_479	0.294473163069847	0.00	7.48491434350903	0	1	NA
asRNA_480	52.4616358460693	-1.37	0.465885852770226	-2.93389880878131	0.00334733318917275	0.0217576657296229
asRNA_481	0.22630048225896	-1.27	9.20286779303675	-0.138100208949765	0.890161220641257	NA
asRNA_482	112.267749461517	0.06	0.348983163536271	0.15828701563638	0.874230639180801	0.936676829962382
asRNA_483	0.457714065727044	-1.28	4.67856898977147	-0.27355088339386	0.784429783943153	NA
asRNA_484	26.6664141948305	0.03	0.358512867615916	0.0901416060036102	0.928174686967961	0.963121023073683
asRNA_485	2.2201765840867	0.36	2.18240800253992	0.163497424910063	0.870126800496001	0.935284501625187
asRNA_486	0.125229095692861	1.91	9.19970671777801	0.207193123599665	0.835859037371103	NA
asRNA_487	0.104795913978697	0.00	9.21855313156848	0	1	NA
asRNA_488	0.217980365192946	0.00	9.21855313155649	0	1	NA
asRNA_489	0.92120923296225	-3.47	1.86001076884974	-1.86648594517765	0.0619734086373678	NA
asRNA_490	0.187053549650816	0.00	9.21855313156848	0	1	NA
asRNA_491	0.135164714686228	0.97	9.21855313156848	0.105428336725644	0.916035931900673	NA
asRNA_492	0.0913931619658897	0.97	9.21855313156848	0.105428336811257	0.916035931832743	NA
asRNA_493	0.128066200385184	0.00	9.21855313156847	0	1	NA
asRNA_494	1.28719832329846	1.53	1.46076452883719	1.04844028856647	0.294435799583687	NA
asRNA_495	1.28189409892113	-0.27	1.39366557031751	-0.193247384980736	0.84676523022781	NA
asRNA_496	0.59417006360791	-1.36	2.62332314321549	-0.517978501064481	0.604473269412272	NA
asRNA_497	5.33177311989962	-0.90	0.756380714732635	-1.19299816497837	0.232870091715194	0.42167540917679
asRNA_498	3.99218170577891	-0.67	0.910445302025176	-0.734645323476225	0.462555527439437	0.640177491594381
asRNA_499	0.369457537918751	-1.91	6.26711891268499	-0.305195424426125	0.760217317056727	NA
asRNA_500	1.06395107405391	0.97	2.23596787316173	0.434674197888704	0.663798929557329	NA
asRNA_501	0.226270592093789	-1.27	9.2028689651634	-0.138099302007593	0.890161937408789	NA
asRNA_502	3.26292527604332	-0.61	0.979230323801725	-0.618123211021943	0.536494123037545	0.706102102717991
asRNA_503	0.889554640124059	0.64	1.91612595377407	0.333632942296632	0.738656556863305	NA
asRNA_504	0.737642940070183	-0.35	2.5171141465524	-0.139143284010273	0.889336925186716	NA
asRNA_505	1.65008812616123	-1.22	1.42944454024043	-0.85110653077366	0.394710177930359	NA
asRNA_506	1.77039394676861	0.24	1.37637401675122	0.171339746279177	0.863956629517892	0.932288359808657
asRNA_507	0.17380232048462	1.21	9.16510506707195	0.132060415567578	0.894936505425638	NA
asRNA_508	3.63282652105958	1.13	1.00333776314493	1.12320476987184	0.26135053726047	0.448857688176521
asRNA_509	0.541056936641918	-2.97	3.13711398266605	-0.94730739046319	0.343482165997296	NA
asRNA_510	1.68739412354427	-2.42	1.84097339187683	-1.3160628477718	0.188152949383537	0.369337271012128
asRNA_511	1.46323170845222	-2.80	1.82041180441463	-1.53628927055596	0.124467449818621	NA
asRNA_512	0.463277394497827	1.64	4.2116827952681	0.388264042843177	0.697820643754496	NA
asRNA_513	0.41855782963217	-0.31	3.96307795119266	-0.0780430640856913	0.937793797247211	NA
asRNA_514	2.06454863724897	-0.95	1.32357522028201	-0.720991471741249	0.470914761844499	0.649229325762824
asRNA_515	3.91256741428916	1.01	1.02230429104199	0.988785894392228	0.322767907051463	0.516878763413035
asRNA_516	0.325865724820609	-1.00	5.5532067236152	-0.180934868431004	0.856418699469707	NA
asRNA_517	0.378791427121604	-1.98	6.11673208607887	-0.324175075616955	0.745805490815173	NA
asRNA_518	123.374481679419	-2.58	0.454713454868573	-5.67742629197863	1.36736414060464e-08	1.04679321430733e-06
asRNA_519	85.9320253530564	-0.04	0.55502363344339	-0.0630673915084449	0.949712840394529	0.97527210633254
asRNA_520	0.384765287638718	0.00	4.39166837598726	0	1	NA
asRNA_521	0.622541839288635	-0.63	2.32106076509691	-0.26958919319042	0.787476315204447	NA
asRNA_522	0.947450307299213	0.97	2.4267568037438	0.400501242062946	0.688787368832848	NA
asRNA_523	0.365083853945154	-0.88	3.63277586472793	-0.243337620169832	0.807743863367793	NA
asRNA_524	0.309592173532002	0.00	6.3555044807542	0	1	NA
asRNA_525	0.864921006424803	-1.96	2.56828490283274	-0.764778109297889	0.444403685149872	NA
asRNA_526	39.8782103483328	-0.24	0.424093522034862	-0.55985494678499	0.57557838129245	0.736374919666724
asRNA_527	6.22835215053732	-0.96	0.639974406445469	-1.50066125993857	0.133443197877612	0.292562011062411
asRNA_528	0.62770917015546	0.00	3.98515576127621	0	1	NA
asRNA_529	3.64382774124958	1.01	0.883108490733014	1.14828506950506	0.250850900664334	0.439228133564742
asRNA_530	197.304981663309	-1.53	0.298712603112541	-5.13778618125293	2.77993924395435e-07	1.39300228297058e-05
asRNA_531	0.661800876195891	2.08	2.36141451099179	0.88003538785905	0.378840139259812	NA
asRNA_532	0.169377503321136	0.00	9.21855313156848	0	1	NA
asRNA_533	0.438872422658278	2.60	4.27815118317036	0.608534787944049	0.542832840583684	NA
asRNA_534	5.04112658095415	-0.63	0.978449098629809	-0.647032587077846	0.517610853255655	0.689477355627297
asRNA_535	1.14093246903399	-1.83	1.69498186055167	-1.08005676135993	0.280116904721517	NA
asRNA_536	255.242797070196	-0.74	0.551033234036801	-1.34291049690543	0.179300957077586	0.357305450257286
asRNA_537	0.785947343717	-2.91	1.9577064786158	-1.48884595380413	0.136527938186367	NA
asRNA_538	13.6543000184859	-1.74	0.583657650329256	-2.97850798319377	0.0028965548390109	0.0196140175339411
asRNA_539	2.50654832082126	-0.21	1.78337570000216	-0.119977513624597	0.904500960799528	0.953691414646636
asRNA_540	0.36405178067763	-1.95	3.93934910188845	-0.494130332907594	0.621214136982497	NA
asRNA_541	0.133007811286058	0.00	9.21855313156847	0	1	NA
asRNA_542	0.393804521667252	-1.99	6.21234672423824	-0.31956325001986	0.74929943682954	NA
asRNA_543	0.231653477868848	-0.31	6.77941775585603	-0.0459819461574261	0.963324639566925	NA
asRNA_544	1.0302349137898	-0.28	1.8877203904775	-0.147492319653738	0.882743441462433	NA
asRNA_545	0.544231389302646	0.97	3.64155183489311	0.266896387001877	0.789548938530878	NA
asRNA_546	0.128288804677594	-1.27	9.20286779325766	-0.138100208793238	0.890161220764962	NA
asRNA_547	12.0584268817656	-0.01	0.51585008638976	-0.0232845743298438	0.981423276280574	0.991301381078654
asRNA_548	0.40860762742971	0.97	4.94918779118734	0.19637845426892	0.844313958924273	NA
asRNA_549	0.318789680875008	0.92	4.9301944293485	0.187273566051554	0.851446147548864	NA
asRNA_550	0.706382305690894	-1.31	2.68301735229004	-0.486870899624703	0.626349822421148	NA
asRNA_551	4.02073693195069	-1.71	0.983598593668048	-1.73615999263921	0.0825355490550396	0.211992519287688
asRNA_552	0.0808101063193093	0.00	9.21855313156847	0	1	NA
asRNA_553	1.17154639482547	-1.55	2.20899093815176	-0.701934620850642	0.482719936973097	NA
asRNA_554	0.110341289083482	0.00	9.21855313156847	0	1	NA
asRNA_555	10.9035840582515	-0.22	0.644641182522681	-0.338987725056929	0.734618977265754	0.853905483485625
asRNA_556	0.433863688051223	-0.32	4.35807391900948	-0.0734069832720716	0.941482260742575	NA
asRNA_557	18.1962592105134	0.13	0.607426415729753	0.210889042597645	0.83297385459103	0.912793615607507
asRNA_558	10.7701390273148	0.18	0.936322290939369	0.195757748027321	0.844799782337637	0.920264110720367
asRNA_559	37.968445599179	0.07	0.735319003881192	0.0955424361822348	0.923883985205505	0.962167652715401
asRNA_560	29.2795723341475	-0.84	0.44400604759458	-1.89885957841177	0.0575829412411324	0.162268492904459
asRNA_561	2.15502798995484	-1.17	1.20747680605316	-0.969792502442168	0.332149930794123	0.525425558241452
asRNA_562	8.99256911104226	-0.99	0.851122698038136	-1.16840118366062	0.242644977726036	0.4309573648215
asRNA_563	9.20730312251507	-2.10	0.669213985787329	-3.13473859898559	0.00172007309641896	0.0134292392456959
asRNA_564	0.483986244876964	0.97	2.77361349857724	0.350414564788851	0.726027597357808	NA
asRNA_565	0.278313046123265	2.80	7.48488312987891	0.374314490226909	0.708170352751087	NA
asRNA_566	1.4463602233197	3.07	1.81040356286037	1.69485569625305	0.0901027987575456	NA
asRNA_567	0.828320970903241	0.59	2.97433105432464	0.198768647326603	0.842443722403488	NA
asRNA_568	0.660084923803207	0.62	2.84987825540313	0.218335410616189	0.827167786235778	NA
asRNA_569	10.0461112184476	-2.20	0.621914322155242	-3.54416797906552	0.000393854224202729	0.00435928611205912
asRNA_570	8.91032394083998	-0.72	0.642020421656254	-1.12310402536318	0.261393316735908	0.448857688176521
asRNA_571	20.2693954822552	-0.63	0.445602411924199	-1.42036074318727	0.155502685413511	0.323689879909091
asRNA_572	1.72767289108012	0.08	1.11058717255511	0.0718868052298123	0.942691990782257	0.970511440640979
asRNA_573	2.30668632457547	0.74	1.31090335993048	0.563283392564547	0.573241924994603	0.736207917878073
asRNA_574	4.78856978729155	-1.72	0.895315870501529	-1.92255789603052	0.0545355960136204	0.156562606889102
asRNA_575	0.365904193672117	-1.28	5.02308883506523	-0.25446733584476	0.799134535913757	NA
asRNA_576	7.19849113768779	1.71	0.913625880194782	1.87531202295568	0.0607498102913018	0.168437099761396
asRNA_577	6.53119607371648	1.85	0.789405677405912	2.3430332078346	0.0191276805393535	0.0770700110620735
asRNA_578	0.593043706109223	-0.34	2.67332481366506	-0.128975250289493	0.897377232645501	NA
asRNA_579	0.408104715848769	0.97	4.93420501526225	0.196974768428853	0.843847282829154	NA
asRNA_580	0.443302022844974	-1.54	3.18920608417389	-0.481687995923404	0.630027604807484	NA
asRNA_581	0.284859983600587	2.03	7.4942659250635	0.27107231355027	0.786335415205309	NA
asRNA_582	0.540002071651365	-0.40	2.46959500304586	-0.160613149366815	0.872398097665718	NA
asRNA_583	84.6747645222784	-0.56	0.396260547290814	-1.42515811497992	0.154111500753172	0.322635472057798
asRNA_584	0.987415572641026	-0.39	1.93398626971583	-0.201749271982369	0.840112741048863	NA
asRNA_585	0.1374936563986	0.00	9.21855313156847	0	1	NA
asRNA_586	0.475965279797234	-1.96	3.52080702905253	-0.557035980119239	0.577502846546212	NA
asRNA_587	0.358584239692825	-1.39	5.50226793754882	-0.251830756274003	0.801171883209586	NA
asRNA_588	7.15791882658325	-1.99	0.909186148528534	-2.19417662412134	0.0282227143931849	0.0997177610878517
asRNA_589	3.13729371553544	-2.14	1.01477551214491	-2.11084095747762	0.0347859843773322	0.115785233024067
asRNA_590	0.951626367478607	1.88	2.31506613469903	0.813648187751685	0.415846523937981	NA
asRNA_591	0.349044306982346	0.00	4.44755058618788	0	1	NA
asRNA_592	33.8265311009691	-0.03	0.441129456105668	-0.0705085223091689	0.943788917612251	0.971277915212608
asRNA_593	2.09585044317134	0.36	1.44258682626538	0.246213479308819	0.805516981705634	0.895885714923619
asRNA_594	0.0424818285645719	0.97	9.21855313156847	0.105428336950373	0.91603593172236	NA
asRNA_595	13.8826206724915	-2.30	0.713879413985452	-3.22569897195209	0.00125665453136311	0.0107892208362515
asRNA_596	10.1912042810526	-1.00	0.631574541020208	-1.58788405412965	0.112312559901275	0.261665176751177
asRNA_597	0.617707400399579	0.81	2.63443038279939	0.308076300686916	0.758024274087516	NA
asRNA_598	0.312443049578974	-1.59	6.34182789923025	-0.251110636401867	0.80172857266779	NA
asRNA_599	1.09788592722251	-1.43	1.67358088909413	-0.856124624462844	0.391928849395253	NA
asRNA_600	1.73348098820372	-0.05	1.22115797376841	-0.0416500743507509	0.966777654289556	0.984277508393799
asRNA_601	1.06234141806971	-0.55	1.76359838942068	-0.312063712362663	0.754992103702822	NA
asRNA_602	2.665840652684	0.47	1.01160686824001	0.465243267153319	0.641757257334625	0.792896699474408
asRNA_603	0.875383773067031	-1.41	1.92709462387233	-0.733442064503149	0.463288851358323	NA
asRNA_604	0.20284410786897	0.00	9.21855313156848	0	1	NA
asRNA_605	0.200850847014848	0.00	9.21855313156847	0	1	NA
asRNA_606	0.908004317576009	-0.17	1.80464260646305	-0.0963120910459516	0.92327270846421	NA
asRNA_607	0.43656339438144	-1.87	3.86326157327007	-0.483946382790036	0.628423921504675	NA
asRNA_608	6.60498535112815	1.00	0.900585796299566	1.1103995710631	0.266826882974271	0.454496223409822
asRNA_609	251.733688298442	0.09	0.247668258155245	0.370092351068531	0.711313681103872	0.835270773379749
asRNA_610	1.42585853390184	-2.24	1.60155722732156	-1.39639976083038	0.162594147089564	NA
asRNA_611	0.265073830042032	0.97	7.60701621215685	0.127764207819008	0.898335575890496	NA
asRNA_612	0.166750295972334	0.00	9.21855313156848	0	1	NA
asRNA_613	5.22297814385694	0.63	0.9016847305177	0.70252611993641	0.482351118333647	0.656149892461762
asRNA_614	0.975097556174819	0.39	2.12681145125795	0.184723855370957	0.853445634293215	NA
asRNA_615	0.0443577511521658	0.00	9.21855313156848	0	1	NA
asRNA_616	0.231505092464534	-2.03	9.13375452920549	-0.221749576700294	0.824508834111827	NA
asRNA_617	0.264564864377919	-1.27	9.20286625942567	-0.13810129562094	0.890160361831804	NA
asRNA_618	530.746637032924	-1.13	0.488418397106559	-2.31356025522719	0.0206918559542759	0.0808890141985593
asRNA_619	2.13219941319861	-0.45	1.66890729614479	-0.271138089983615	0.786284826858462	0.88548555940379
asRNA_620	0.544604304853349	-0.34	2.99668143727954	-0.112240760041159	0.910632511500049	NA
asRNA_621	0.18093513504076	-2.56	9.16194981545342	-0.279404975783208	0.779934052959502	NA
asRNA_622	5.27587854497375	-2.63	1.028299126034	-2.55429044312191	0.0106404457784308	0.0503002891344003
asRNA_623	105.783832751556	-0.44	0.289799580863007	-1.52389178217267	0.127535746648679	0.283458482067547
asRNA_624	103.690069189042	-0.61	0.590098118458458	-1.03175710299473	0.30218591943315	0.493671839927541
asRNA_625	1.37924743009204	-2.42	1.46496467815719	-1.65434780251801	0.0980568655501584	NA
asRNA_626	2.80455218914797	-5.10	1.4292161911113	-3.56596257260552	0.000362523111002898	0.00423353260137282
asRNA_627	12.2201109634856	-0.69	0.481969530559684	-1.43891169530957	0.150175543487719	0.318295946502513
asRNA_628	0.260872021590952	0.00	8.89323659116974	0	1	NA
asRNA_629	0.221730425800912	0.27	9.19408132841825	0.0288704578047897	0.976967907053061	NA
asRNA_630	0.161578718355437	0.00	9.21855313156847	0	1	NA
asRNA_631	0.529328786203951	-0.78	2.93324544558172	-0.265801294619862	0.790392246110223	NA
asRNA_632	1.28977588618241	-1.94	1.68462488374947	-1.15261398649934	0.249068859844264	NA
asRNA_633	1.24784166104265	-0.64	1.87731888159065	-0.339303583359666	0.734381043471337	NA
asRNA_634	105.724411761165	-0.92	0.27742520612299	-3.32267144585069	0.000891598621352123	0.00830150608258937
asRNA_635	0.45957034893528	0.97	3.0994030036576	0.313582345059428	0.753838270262209	NA
asRNA_636	0.156354894466553	0.00	9.21855313156848	0	1	NA
asRNA_637	0.341873642714091	1.73	9.20475391640052	0.188142222185437	0.850765163533224	NA
asRNA_638	0.688514383024975	0.56	2.37957303759893	0.236955084101167	0.812691635663228	NA
asRNA_639	1.91320498334782	-0.22	1.1860378869266	-0.186204245491315	0.852284594763578	0.925183035155331
asRNA_640	23.6714087465021	0.35	0.371653173619324	0.950670619877235	0.341771607058252	0.534272574618572
asRNA_641	0.129432784776921	0.00	9.21855313156847	0	1	NA
asRNA_642	0.15266696978754	-1.60	9.16195170527341	-0.174429523320823	0.861527913702843	NA
asRNA_643	0.328324024327319	0.00	5.64636342013645	0	1	NA
asRNA_644	0.60248897651619	0.00	2.83876795843705	0	1	NA
asRNA_645	0.401714563533365	0.03	3.55162867042678	0.00975934226532396	0.992213295090245	NA
asRNA_646	0.164006406703613	0.97	9.21855313156848	0.105428336489555	0.916035932088001	NA
asRNA_647	0.985259059328294	-2.13	1.54524194612289	-1.37612632947893	0.168782525264147	NA
asRNA_648	3.80663752848217	-1.33	1.06086346688458	-1.25160063813561	0.21071542195346	0.395863464828723
asRNA_649	0.610217826426911	0.79	2.44705945090624	0.324757419211634	0.745364673691341	NA
asRNA_650	0.115468297346777	-1.27	9.20286781792271	-0.13810011489172	0.89016129497648	NA
asRNA_651	2.2619099670343	-0.15	1.21431050274282	-0.123492285652626	0.901717282691634	0.952158172834538
asRNA_652	0.0897953212418476	0.00	9.21855313156848	0	1	NA
asRNA_653	0.0526504048436609	0.00	9.21855313156848	0	1	NA
asRNA_654	0.63461816444948	0.59	3.06349768060598	0.193792677592022	0.846338220759846	NA
asRNA_655	1.15340320451523	-2.67	1.92968557805849	-1.38417405877565	0.166305164497325	NA
asRNA_656	0.737947005532963	-0.88	1.97043129525612	-0.447705075742972	0.654366058009974	NA
asRNA_657	0.523902111371594	-0.54	4.07997098814725	-0.133234003359363	0.894008319768545	NA
asRNA_658	0.623883664602715	-1.97	3.41656923001974	-0.575371543604829	0.565040045215443	NA
asRNA_659	0.955982995706297	0.97	2.82955194568849	0.343487414741342	0.73123180715298	NA
asRNA_660	0.365838887965192	0.97	5.04420741178055	0.192679146634686	0.847210255991961	NA
asRNA_661	0.288157253694227	0.97	5.70228032470087	0.170441519727966	0.864662921787314	NA
asRNA_662	4.48923415138941	-2.40	1.04387165243001	-2.30179904775668	0.0213465072900088	0.0827290751547017
asRNA_663	12.3292191857509	-0.59	0.572031878057422	-1.0368608595101	0.299800707386126	0.490939245131411
asRNA_664	1.15387680978896	1.34	1.98249976825762	0.674735420585443	0.499843876348259	NA
asRNA_665	7.07981279651622	-2.20	1.80482894071175	-1.2171558156432	0.223544937584856	0.409090204504558
asRNA_666	4.4103296786582	1.91	1.2369667984615	1.54149093212026	0.123197348184712	0.277622151755574
asRNA_667	0.733686477409752	2.28	2.45032054704089	0.930925883485484	0.351891904446912	NA
asRNA_668	0.226061157322461	0.00	7.79020053304192	0	1	NA
asRNA_669	1.22840574993461	-0.70	1.77758328236219	-0.392449581090022	0.694726057803161	NA
asRNA_670	8.2435704946731	-2.11	0.794650463985571	-2.65576643227188	0.00791283989246201	0.040161669877763
asRNA_671	0.648083069819234	0.97	2.79923777348598	0.347206916069633	0.728435875400477	NA
asRNA_672	0.0906334449680657	0.00	9.21855313156847	0	1	NA
asRNA_673	1.07950534944828	-1.47	1.76154516899373	-0.8333608775496	0.404641232022193	NA
asRNA_674	1.45033314085221	-2.09	1.48786658221875	-1.40173817845581	0.160993445418496	NA
asRNA_675	0.373095304060871	1.74	4.26373224160781	0.408786251835515	0.682696530040016	NA
asRNA_676	3.40212265015489	0.09	1.09708500638336	0.0784845317351167	0.937442634153014	0.967275140294162
asRNA_677	1.68413369398625	0.13	1.36190398731761	0.0979804988424753	0.921947778517622	0.961729022556611
asRNA_678	3.56122103411202	-1.01	1.01154283961225	-0.995163190706701	0.319656901177291	0.514888614637414
asRNA_679	0.49816473353303	-0.89	3.70013192775426	-0.240903788635252	0.809629685699528	NA
asRNA_680	0.263392429740529	-1.90	9.18812922052039	-0.20692971901523	0.836064746386274	NA
asRNA_681	0.303513089050596	-1.90	9.18812922056947	-0.206929719004135	0.836064746394939	NA
asRNA_682	0.753909841955339	-1.61	2.443801509755	-0.657907909019533	0.510597308213592	NA
asRNA_683	11.5499391519748	1.23	0.740019287284293	1.6568741715916	0.0975449172507256	0.236649464738556
asRNA_684	0.471209049124559	2.49	3.85673133674296	0.64534309623201	0.518704870453057	NA
asRNA_685	1.80463722236598	-1.20	1.18483643540691	-1.01000529875092	0.312492751406106	0.506904074676414
asRNA_686	1.43489228499661	-0.37	2.13224457949113	-0.173567282467849	0.8622055464963	NA
asRNA_687	0.50798830097697	-3.02	4.21827335388503	-0.714836087611669	0.474710333190561	NA
asRNA_688	0.117291189109896	0.00	9.21855313156848	0	1	NA
asRNA_689	0.139904314340894	0.00	9.21855313156848	0	1	NA
asRNA_690	2.31810859086563	-1.77	1.42339877412646	-1.24418975986142	0.21342973165235	0.399058575599644
asRNA_691	4.54891840049291	-0.68	0.997271245199991	-0.68640118409034	0.492460158005514	0.667080318383251
asRNA_692	1.38480963344352	-0.53	1.52019958235387	-0.349680923183225	0.726578172007165	NA
asRNA_693	10.9629859317534	-0.57	0.532775956082282	-1.07690044641015	0.281524743655229	0.469325033636121
asRNA_694	0.689890489886958	-2.46	2.28309021571855	-1.07955584063939	0.280340014888402	NA
asRNA_695	0.696465987246254	0.39	1.94692664142843	0.201553171122598	0.840266057816187	NA
asRNA_696	4.60695791974458	0.65	0.865396187636484	0.746547667083695	0.455336648131961	0.633791819319033
asRNA_697	1.69792867014852	2.29	1.60010918869871	1.43094714338632	0.152445364350355	0.320302708926666
asRNA_698	0.414120287691713	-0.98	4.88992377734295	-0.200005829616783	0.841476021866348	NA
asRNA_699	0.67673127762257	1.86	2.33331867446701	0.79559517349123	0.426267372832055	NA
asRNA_700	1.53555674852191	0.00	2.24293816165418	0	1	NA
asRNA_701	0.917790971534967	1.67	2.39332651132724	0.69896363982053	0.484574754233634	NA
asRNA_702	0.104731424194618	0.00	9.21855313156847	0	1	NA
asRNA_703	0.123263987698519	0.00	9.21855313156848	0	1	NA
asRNA_704	0.634093984936971	-0.14	2.7228451875998	-0.0529330852796964	0.95778522309786	NA
asRNA_705	5.8715761592939	0.48	0.918775077174105	0.518609945433693	0.604032772238635	0.760143525246428
asRNA_706	3.46318517739101	-2.08	0.852281315322725	-2.43521585037334	0.0148829086599624	0.0633961302424364
asRNA_707	0.114002483206547	-1.27	9.20286896538916	-0.13809930184763	0.89016193753521	NA
asRNA_708	0.11903273283447	0.00	9.21855313156847	0	1	NA
asRNA_709	2.66634542981463	-0.88	1.32987802299136	-0.664732647881805	0.506221508133849	0.679233922306178
asRNA_710	0.494398317328547	-0.63	3.37131717095464	-0.188036512573422	0.850848028772686	NA
asRNA_711	0.104343136668244	0.00	9.21855313156848	0	1	NA
asRNA_712	0.112014395399206	0.00	9.21855313156847	0	1	NA
asRNA_713	0.230638355535416	0.00	9.21855313156847	0	1	NA
asRNA_714	22.4005329956611	0.34	0.439604080820995	0.76218206774348	0.445951347162528	0.62674243385004
asRNA_715	3.25252342876992	-2.40	1.80060132638498	-1.33346925980823	0.182377856869367	0.361867079576655
asRNA_716	3.68911520562598	0.17	1.00555538520348	0.173777485743423	0.862040338933695	0.931497406218139
asRNA_717	2.1207906976177	-0.93	1.75118635290809	-0.53289239377365	0.594108070787172	0.751083414261214
asRNA_718	0.0154934698432658	0.00	9.21855313156847	0	1	NA
asRNA_719	0.181137845508548	0.00	9.21855313156847	0	1	NA
asRNA_720	0.171959142341265	0.00	9.21855313156847	0	1	NA
asRNA_721	0.207202960877247	0.00	9.21855313156847	0	1	NA
asRNA_722	0.732625928094965	-1.60	2.50216036027954	-0.639432553264356	0.522541577403258	NA
asRNA_723	2.34933708124618	1.41	1.14635214495831	1.22855812237934	0.219237524861075	0.404972264421664
asRNA_724	0.669842547740014	-1.36	2.30754888599337	-0.589983508778393	0.555201705711033	NA
asRNA_725	0.948415761635909	-0.36	2.25988138570844	-0.160271759098178	0.872667004252359	NA
asRNA_726	0.258001938261579	1.90	6.54055827957242	0.291206824880839	0.770893143165371	NA
asRNA_727	0.186259239879328	0.00	9.21855313155054	0	1	NA
asRNA_728	0.463985725196391	-1.28	5.43373544117954	-0.234955084786877	0.814243594543493	NA
asRNA_729	0.402682139254015	-0.32	3.95967363398335	-0.0815559237271053	0.934999852248125	NA
asRNA_730	0.366914604389865	1.90	4.94433382847179	0.383729026783009	0.70117929635099	NA
asRNA_731	121.850323996585	0.74	0.277517322218739	2.66788801427591	0.00763296950374793	0.03917404832836
asRNA_732	3.00777056371704	-0.38	0.991445968995432	-0.381817545606624	0.702596703497905	0.830341558679342
asRNA_733	0.219352593421214	0.00	9.21225836314499	0	1	NA
asRNA_734	0.344341444491016	0.00	5.61209692176138	0	1	NA
asRNA_735	241.499393356831	-0.13	0.243531253380291	-0.533963233099868	0.593366971924665	0.75106147303551
asRNA_736	0.0291983191680272	0.00	9.21855313156848	0	1	NA
asRNA_737	0.680925078589434	0.97	2.88436506088224	0.336960407410692	0.736146746758301	NA
asRNA_738	0.537647306573398	0.97	3.39891703233592	0.285947498010407	0.774918333705523	NA
asRNA_739	1.84977030718106	0.01	1.37504116763151	0.0109084711964408	0.99129647186309	0.995323508135437
asRNA_740	1.44990278059464	2.13	1.8714355618008	1.13787757184271	0.255171607697147	NA
asRNA_741	9.65098336141187	-0.09	0.624247903663505	-0.136529930041332	0.891402365323534	0.945978020343342
asRNA_742	0.775560183934351	-0.30	2.26422477375665	-0.131074219374524	0.89571659514788	NA
asRNA_743	0.5264167486337	-0.90	3.82970465538466	-0.236201810538849	0.813276074657267	NA
asRNA_744	0.220552773362888	0.97	9.19352117885905	0.105715409031513	0.915808154223153	NA
asRNA_745	0.040052030948631	0.00	9.21855313156847	0	1	NA
asRNA_746	8.26397640797265	-0.01	0.73227011696926	-0.0137289323616675	0.989046240934027	0.995323508135437
asRNA_747	1.62921023815766	-0.33	1.26153086696117	-0.264555905063204	0.791351592682888	NA
asRNA_748	5.25174523521989	-0.30	0.980344435214954	-0.306873472169003	0.758939681614056	0.868620333275888
asRNA_749	1.70622938907822	0.16	1.41987333269925	0.112354972228618	0.910541956151197	0.957076136976621
asRNA_750	2.23302851318279	-0.90	1.17279959036887	-0.769218268605491	0.441763747091585	0.623719716692833
asRNA_751	2.03916319077741	-0.76	1.5815481980873	-0.480882755727398	0.630599829328228	0.783205556389633
asRNA_752	3.04707542443471	0.74	1.03015894793323	0.719656615979001	0.471736444099548	0.649403416552624
asRNA_753	0.272308447913356	-0.31	6.53626930839582	-0.0477574822048529	0.961909522150979	NA
asRNA_754	0.213929570580878	0.97	9.21855313156848	0.105428336230559	0.916035932293505	NA
asRNA_755	2.57958799043086	-0.55	1.04018698661446	-0.525100828444524	0.599513100232888	0.755836278244208
asRNA_756	6.52733975264735	-2.14	0.841029030605539	-2.54796046804201	0.0108354748976427	0.0508732007119309
asRNA_757	1.28999701413581	-0.62	1.82505117582828	-0.341889321302148	0.732434186295627	NA
asRNA_758	0.635310063738861	-1.03	2.98381993084764	-0.344850400809788	0.730206840178554	NA
asRNA_759	0.536606300878248	-0.44	2.76163732091579	-0.160381171277185	0.872580820767494	NA
asRNA_760	2.72570259898699	-2.32	1.51347838519856	-1.53431726644635	0.124951619982538	0.279518396649249
asRNA_761	3.48475327087923	-1.81	0.946365556069863	-1.91321244059151	0.0557208615255075	0.159301550170434
asRNA_762	0.448856011256512	-0.23	3.32389324026723	-0.0683347464819547	0.945519165070587	NA
asRNA_763	0.143682388525698	0.00	9.21855313156848	0	1	NA
asRNA_764	0.608364587639828	-0.34	2.79436509408508	-0.122121229873519	0.902803008710543	NA
asRNA_765	51.1808135609214	-1.50	0.447074333195186	-3.36362867250535	0.000769249675188373	0.00736129203062207
asRNA_766	2.01204452655861	-1.36	1.0230015302507	-1.33003115462572	0.183508006704876	0.362543416830565
asRNA_767	1.30011800194972	-1.33	1.73070716346429	-0.76705583443044	0.443048319391742	NA
asRNA_768	1.18572665010596	-2.69	1.75335879879282	-1.53504675928612	0.124772342678842	NA
asRNA_769	0.503598021031646	-1.98	3.12453607396414	-0.634141120977553	0.525988728699405	NA
asRNA_770	2.9770166309072	-0.86	1.21021523603476	-0.713342922485666	0.475633583217376	0.651513993711277
asRNA_771	0.385085788807409	-1.29	3.92351268518116	-0.327525471116452	0.743270481206612	NA
asRNA_772	0.0610529126700729	0.00	9.21855313156847	0	1	NA
asRNA_773	4.89040283130401	-0.68	0.830023505332825	-0.816702337398708	0.414098555242101	0.59768997609786
asRNA_774	3.0623549658607	-0.73	1.16294530131629	-0.630504557576387	0.528364521862733	0.699825311827058
asRNA_775	15.08709311648	-1.42	0.605811645647225	-2.34380365101162	0.0190882172958441	0.0770236118116343
asRNA_776	2.68972013549339	0.53	1.26014903694344	0.41941311106546	0.674914243758189	0.816364730895721
asRNA_777	0	NA	NA	NA	NA	NA
asRNA_778	5.48391406442157	-0.60	0.773915646431395	-0.776797111400594	0.437278481272612	0.620946177537404
asRNA_779	1.22811984898715	-0.88	1.54736041021889	-0.568061100244295	0.569993480313992	NA
asRNA_780	8.28057058250869	-5.80	1.42008270063418	-4.08295558598709	4.44665238372242e-05	0.000790643481905742
asRNA_781	9.07257728594404	-1.44	0.725669607055263	-1.98549129171142	0.047089838033245	0.143086652281834
asRNA_782	7.27917906219659	1.75	0.953720638720262	1.83968140581802	0.0658150249967887	0.179075332612699
asRNA_783	0.848498539044032	1.00	2.40178286519359	0.415631441454106	0.677679715792361	NA
asRNA_784	0.690792938107009	-1.02	3.05793796682131	-0.33482083769136	0.737760240681147	NA
asRNA_785	1.26717390965973	2.98	2.06847552531903	1.44216961275457	0.149254530733342	NA
asRNA_786	23.6357596728891	0.64	0.441129322794509	1.45106333763843	0.146762224215035	0.314278702359469
asRNA_787	0.453248814973137	0.90	3.63102286661357	0.24868807530667	0.803602073640462	NA
asRNA_788	0.646035979706457	-1.75	2.76737940850541	-0.633057384011885	0.526696170321123	NA
asRNA_789	0.0508274625639511	-2.03	9.18589046237431	-0.220528785154675	0.825459356822321	NA
asRNA_790	0.746676256259463	-0.05	2.08651541244635	-0.0263344329744552	0.978990590886048	NA
asRNA_791	0.404038114437075	0.97	4.41893425894916	0.219942511402617	0.825915927538499	NA
asRNA_792	1.39615780319249	3.61	1.8080246804111	1.99553173796946	0.0459849161865923	NA
asRNA_793	2.53922120597004	-1.53	0.98467251904947	-1.55217123005415	0.120621258045884	0.273606738415189
asRNA_794	0.10004394800098	0.00	9.21855313156847	0	1	NA
asRNA_795	1.53895195166969	-2.85	1.76086855553371	-1.61778038143737	0.10570993581677	NA
asRNA_796	6.6728534893271	-4.04	1.18836957799369	-3.401935932616	0.000669103215093172	0.00663072426298492
asRNA_797	0.154363926061591	0.97	9.21855313156847	0.105428336517101	0.916035932066145	NA
asRNA_798	0.270286699231529	0.97	5.77016892110298	0.168437245165718	0.866239309250614	NA
asRNA_799	0.709071243781766	-0.37	2.64283852508362	-0.141246507372039	0.88767520675895	NA
asRNA_800	3.42464972336872	-0.73	0.887808034813413	-0.823740720579839	0.410086896626657	0.593592167596148
asRNA_801	22.3925835932628	-2.64	0.710861784367321	-3.70960602613438	0.000207582013924108	0.00268453940516328
asRNA_802	0.0908981354596532	0.97	9.21855313156848	0.105426564519162	0.916037338080303	NA
asRNA_803	1.29856421178861	-1.39	1.41277022842489	-0.985607399803597	0.324325805417211	NA
asRNA_804	2.51415408071915	-1.98	1.04316643672678	-1.90040358422499	0.0573801769190309	0.162028450398411
asRNA_805	0.144792007243816	0.00	9.21855313156848	0	1	NA
asRNA_806	0.797775708631617	0.97	2.26906588354844	0.428334117725681	0.66840788284022	NA
asRNA_807	0.719958004403827	0.55	2.22900410035877	0.246431578389078	0.805348163790724	NA
asRNA_808	0.951159684310357	1.07	2.40293490872467	0.443783056957026	0.657199439199431	NA
asRNA_809	1.13536189884092	-1.71	1.60593050728814	-1.06605987976264	0.286396574309503	NA
asRNA_810	0.245103820396817	-1.27	9.20286905362207	-0.138098965650558	0.890162203235907	NA
asRNA_811	0.0533361014036764	0.00	9.21855313156848	0	1	NA
asRNA_812	0.171827857045336	0.00	9.21855313156848	0	1	NA
asRNA_813	0.163807946546477	0.00	9.21855313156848	0	1	NA
asRNA_814	29.2739909235681	0.41	0.571911170280549	0.71043314433436	0.47743557577464	0.653270916121902
asRNA_815	0.195878480747564	0.00	9.21855313156848	0	1	NA
asRNA_816	0.314866335788233	-1.27	7.26017856683963	-0.175309428535806	0.860836503599194	NA
asRNA_817	22.3399002631715	-0.52	0.506598956099769	-1.02351520777214	0.306064313207511	0.49919105015892
asRNA_818	0.406474772686393	0.00	4.39367659585937	0	1	NA
asRNA_819	1.45862473207811	-3.11	1.74491462138109	-1.78160124673401	0.0748142809902326	NA
asRNA_820	10.0910075097665	-0.41	0.633782608604474	-0.64929198005879	0.51614966856916	0.688199558092213
asRNA_821	2.13972920905687	-3.44	1.61476606132478	-2.12915913039171	0.0332410969699928	0.112407930367239
asRNA_822	0.774214007598284	0.13	2.13231292594306	0.0596877593464702	0.952404320979701	NA
asRNA_823	0.613603228576399	-3.50	2.70261277411666	-1.29554584425787	0.195131997269311	NA
asRNA_824	3.24986810758605	-0.99	1.07212222726732	-0.92314808575354	0.35593003858294	0.547401331659923
asRNA_825	0.371174000518771	0.97	4.82989993246323	0.201227055538518	0.840521036901943	NA
asRNA_826	8.76862046149521	-0.30	0.726275988822795	-0.416084698978826	0.677348026015782	0.816710545893018
asRNA_827	3.16443016822319	-0.12	1.09344947371847	-0.108684669251508	0.913452601981164	0.957896281115418
asRNA_828	2.35773682772234	-1.30	1.24214485964471	-1.04398053086777	0.296494397343553	0.488189367624002
asRNA_829	1.70407603842768	-2.50	1.431887157437	-1.7462942865346	0.0807598281678999	0.209186171457455
asRNA_830	0.658835433790747	-1.06	2.32919168909036	-0.456025423948906	0.648371696042108	NA
asRNA_831	0.403896218933182	-1.28	5.33103726788075	-0.239547571701971	0.810681013086094	NA
asRNA_832	2.84582656799949	0.37	0.894513851831719	0.415186989426231	0.678005022468974	0.816710545893018
asRNA_833	1.79044073989418	0.01	1.1740135618717	0.00759271280694009	0.993941949883834	0.995936119047523
asRNA_834	3.24291875838841	0.44	0.994535847665626	0.44727954541718	0.654673233795109	0.800961297593382
asRNA_835	5.30006605025945	-0.92	0.715772064855007	-1.29023542029982	0.196968931524656	0.380944824759264
asRNA_836	1.40049394637657	-0.28	1.61752371539313	-0.173995637587567	0.861868890639365	NA
asRNA_837	1.5647563688123	-1.01	1.47601431117519	-0.683310330794328	0.49441076759187	NA
asRNA_838	5.56959498596034	-2.97	1.01020620885966	-2.94271777139468	0.00325344870775761	0.0213554646327637
asRNA_839	0.864211521177387	1.42	2.02463425215826	0.70113499771605	0.48321877109748	NA
asRNA_840	2.10285052051797	-2.26	1.37718844261094	-1.64053481339731	0.100894016132326	0.242850575074838
asRNA_841	1.03270493861085	-0.88	1.80654957900871	-0.485985382161719	0.626977530133768	NA
asRNA_842	1.09864590028664	0.72	1.73640283328782	0.412983186508429	0.679618932324525	NA
asRNA_843	0.503739748064637	-1.02	3.1769807899514	-0.319943613042094	0.749011075695626	NA
asRNA_844	0.471375486889057	2.60	3.56760250013605	0.728514636710988	0.466298612159689	NA
asRNA_845	0.396739691826842	0.00	4.86518683452801	0	1	NA
asRNA_846	0.125746719122796	0.00	9.21855313156848	0	1	NA
asRNA_847	0.649208076968432	-0.26	2.74263697548912	-0.0957585137728634	0.923712367098905	NA
asRNA_848	2.07970981062236	0.82	1.30835515604528	0.629638641922958	0.52893103542693	0.699825311827058
asRNA_849	4.45262768190548	0.08	0.900553290972115	0.0935081376212371	0.92549988513528	0.962167652715401
asRNA_850	0.103744665241222	-1.27	9.20286790640303	-0.138099778675947	0.890161560691926	NA
asRNA_851	0.031436679780699	0.00	9.21855313156848	0	1	NA
asRNA_852	1.31652670993087	1.08	1.78669039445101	0.606104016483458	0.544445684041781	NA
asRNA_853	0.504840761810079	0.30	3.46326848148593	0.085614606620524	0.931772786691193	NA
asRNA_854	0.450100553809575	-0.88	4.80835421504306	-0.1832274175521	0.854619582420932	NA
asRNA_855	51.9212269234909	0.88	0.452512354812877	1.94263044359795	0.0520608258330242	0.152152318129178
asRNA_856	3.69662120438181	-0.94	1.21138107022296	-0.775583412569047	0.437994997448269	0.621263104975517
asRNA_857	1.84817225448464	2.40	1.64738313556601	1.45687401726872	0.145151159463018	0.312284617861107
asRNA_858	0.743753481167928	-0.60	2.23601651569336	-0.267421486801727	0.789144657592877	NA
asRNA_859	0.971806387599424	-0.07	2.08473103660349	-0.0336609653209962	0.973147506481397	NA
asRNA_860	0.485834173916513	-1.49	4.16329944134703	-0.358513392474952	0.71995914733027	NA
asRNA_861	4.42606653296089	-1.60	0.815041685756049	-1.95870874272604	0.0501469059894006	0.14781269829603
asRNA_862	0.935815969299807	-1.10	2.35557098345262	-0.465467060325795	0.641597020454738	NA
asRNA_863	1.52937819033785	-2.12	1.51889099862122	-1.39339767228673	0.163499569235391	NA
asRNA_864	0.21491173714215	0.00	9.21855313156848	0	1	NA
asRNA_865	2.07963006035197	1.56	1.36219824738722	1.14532407047213	0.252074938535528	0.440476159580836
asRNA_866	0.523139084536353	0.00	3.71927017903236	0.001027178910187	0.9991804299505	NA
asRNA_867	0.0926905792731725	0.00	9.21855313156847	0	1	NA
asRNA_868	0.292178536157076	0.00	6.52601443356974	0	1	NA
asRNA_869	0.164872855828418	-2.56	9.16195170546117	-0.27940322624332	0.779935395452262	NA
asRNA_870	10.9976557242644	-1.64	0.537369729224876	-3.0540561442375	0.00225769824301829	0.0163742535730484
asRNA_871	1.97860050940343	-4.21	1.60810050702291	-2.61986180429651	0.00879654061426517	0.0435247144217501
asRNA_872	58.2516962395755	-1.53	0.73848812867281	-2.07315151893138	0.0381581806530192	0.123868016348317
asRNA_873	1.90851651219089	-0.76	1.59599562178149	-0.474173917495296	0.635375891242964	0.78744851242999
asRNA_874	0.255785443566483	-1.60	9.16195170518219	-0.174429523404216	0.86152791363731	NA
asRNA_875	0.155080249827984	-1.27	9.20286975954197	-0.138092731045938	0.890167130523141	NA
asRNA_876	0.0469054128857191	0.97	9.21855313156847	0.105428336950373	0.91603593172236	NA
asRNA_877	0.464984628004853	-0.14	4.00508302389129	-0.0345797045247759	0.972414885262999	NA
asRNA_878	0.114180057841641	-2.40	9.16843818388445	-0.262118921573331	0.793229759343053	NA
asRNA_879	0.325222689822518	-1.27	6.34773663198026	-0.200749326719254	0.840894587609861	NA
asRNA_880	64.6279882487409	-0.44	0.559979319384223	-0.779436394217034	0.435722692117487	0.620274658820141
asRNA_881	29.5495535547076	-1.33	0.727000166416227	-1.83420073074651	0.066624203011245	0.180724708168298
asRNA_882	6.73649360542419	-0.71	0.825926076835942	-0.863355019184972	0.387942302452744	0.57544078878351
asRNA_883	0.35867997857869	-1.15	5.52902978608084	-0.207174480256811	0.835873596747534	NA
asRNA_884	16.9495484260721	-0.32	0.592202741775949	-0.54189900371052	0.587888083143533	0.746644957209022
asRNA_885	0.970770115720139	-2.92	2.06454929543883	-1.41320672513346	0.157594949731183	NA
asRNA_886	3.19040819926667	-2.74	1.2614008192232	-2.16823116843351	0.0301411024807375	0.104620753698882
asRNA_887	10.0308955220811	-2.42	1.45420651169122	-1.66131149384747	0.0966509027908774	0.235294469999344
asRNA_888	0.954182390333882	1.04	2.03403997591715	0.508937652782495	0.61079592651629	NA
asRNA_889	0.577789129443553	-1.04	2.80858064899764	-0.371319115276813	0.710399862141605	NA
asRNA_890	1.44770016838654	-1.03	2.04607324880783	-0.502572609360422	0.615264790878881	NA
asRNA_891	0.339158982193814	0.00	5.07215557890637	0	1	NA
asRNA_892	0.0814389202014454	0.00	9.21855313156848	0	1	NA
asRNA_893	3.53270971129418	-1.37	1.17779850893128	-1.16212151047204	0.245186111047109	0.431992677636873
asRNA_894	39.240464263905	1.58	0.700460311395054	2.25699146943585	0.0240086078123916	0.0897289556137991
asRNA_895	0.415456469604495	0.00	4.39767120346716	0	1	NA
asRNA_896	0.0392894624836709	0.00	9.21855313156847	0	1	NA
asRNA_897	0.835065625808124	-2.55	2.56299496464836	-0.996512257025351	0.319001314662806	NA
asRNA_898	30.0313532485008	-0.40	0.301763677120707	-1.33769719011039	0.18099516733725	0.359808825658705
asRNA_899	13.9570434409192	0.35	0.467342094363155	0.747455191652386	0.454788840766012	0.633791819319033
asRNA_900	3.17675509987842	-2.03	1.13232647653617	-1.79277763701279	0.0730084866757388	0.194219487720402
asRNA_901	1.50507145463268	-2.08	1.30393694817556	-1.59271512442871	0.111224113042823	NA
asRNA_902	0.314302808097434	-1.93	4.86982701984966	-0.395696525783868	0.692328918784887	NA
asRNA_903	0.267453456443587	-2.56	7.4805413463963	-0.341865309158529	0.732452257654179	NA
asRNA_904	0.485788641770686	-1.81	3.33143633932059	-0.542629656882826	0.587384815451042	NA
asRNA_905	1.71717579292908	0.14	1.49610810939093	0.0903079734103445	0.928042484178688	0.963121023073683
asRNA_906	0.214759338246933	0.00	9.21855313156847	0	1	NA
asRNA_907	2.01161863574809	-1.56	1.50336137670903	-1.03872014198303	0.298934910774207	0.490395603627211
asRNA_908	5.36168864232957	-0.24	0.960874331356481	-0.247229549206449	0.804730578003272	0.895591269278487
asRNA_909	0.88062944736613	-1.96	2.56136607721814	-0.766813926889314	0.443192154805006	NA
asRNA_910	0.255041238704618	-1.27	9.20286779303209	-0.138100208953066	0.890161220638648	NA
asRNA_911	0.196192200961833	0.97	9.21855313156848	0.10542656436269	0.916037338204457	NA
asRNA_912	1.17672731277043	0.20	1.77125077872291	0.114539369167665	0.908810239655172	NA
asRNA_913	0.283756426291317	-0.96	4.97982953523906	-0.19349970200199	0.846567639413321	NA
asRNA_914	0.151967149953076	0.00	9.21855313156847	0	1	NA
asRNA_915	4.26116301127789	-0.08	0.89806695834788	-0.0930555382981992	0.925859439405386	0.962167652715401
asRNA_916	4.87138691640687	-0.01	0.762319804379916	-0.0103876173855185	0.991712029513756	0.995323508135437
asRNA_917	193.124150615161	0.68	0.262170406690476	2.58583209120694	0.00971442411199998	0.0468119384526234
asRNA_918	0.190322652703766	-1.27	9.20286625952014	-0.138101295553992	0.890160361884713	NA
asRNA_919	1.92847750780311	-2.03	1.3580757465199	-1.49148387382634	0.13583450195662	0.296355485562214
asRNA_920	13.9974204305743	-0.84	0.621744907409342	-1.34610286223453	0.178269345715367	0.356462280188063
asRNA_921	0.613923727687568	-2.47	2.38652439350819	-1.03703104446312	0.299721389313997	NA
asRNA_922	0.289289615231363	0.00	6.47240127193854	0	1	NA
asRNA_923	0.274137263413731	-1.28	5.78022606717611	-0.220691937700836	0.825332309477648	NA
asRNA_924	160.845033407838	0.41	0.400420326288797	1.0234233594073	0.306107719437074	0.49919105015892
asRNA_925	2.38757421650837	-1.22	1.13247374790819	-1.07338109133198	0.283100164827942	0.470682156672614
asRNA_926	1.8670687606915	1.76	1.60869998314706	1.09148120039751	0.275061199682699	0.463650560443742
asRNA_927	5.57332116475496	-1.02	0.764071401838536	-1.3396487458303	0.180359568087667	0.359155324891337
asRNA_928	5.60034333391531	-1.42	0.93932002038312	-1.51393174905859	0.130043150687655	0.286719138636141
asRNA_929	11.6453068478797	-0.03	0.586470744358014	-0.0537226828556411	0.957156110590345	0.979911679341379
asRNA_930	0.231130142417533	-1.27	7.76974673452261	-0.16373120054935	0.86994275450593	NA
asRNA_931	4.29236097836708	-0.39	0.87769228139991	-0.445478311713525	0.655974129832048	0.800961297593382
asRNA_932	31.084186011067	-1.07	0.815051957429111	-1.31501127155785	0.188506114350767	0.369697588509782
asRNA_933	3.36384930048746	-0.36	1.0337794580215	-0.343840909842294	0.730965932294539	0.850376576362917
asRNA_934	0.674496811725774	-1.72	2.6300940197422	-0.655316020116899	0.512264308487449	NA
asRNA_935	0.762236076796159	2.55	2.43009819048496	1.04815661083684	0.294566457511102	NA
asRNA_936	1.68185548686718	-2.16	1.77074315816719	-1.21850030612476	0.223033908509792	NA
asRNA_937	1.13168433750016	-2.06	2.34326434937832	-0.879198770138825	0.379293511167961	NA
asRNA_938	63.1468349823888	1.28	0.636261600529649	2.00611828867777	0.0448436290422624	0.1382427758842
asRNA_939	21.1075587327414	-0.36	0.411349643526303	-0.871598230561547	0.383427596321817	0.572441200142431
asRNA_940	1.12382352121578	0.13	1.58213253371372	0.084598523115203	0.932580573243749	NA
asRNA_941	14.7601096375699	1.11	0.707020315874749	1.56734703155532	0.1170335976976	0.268116870535816
asRNA_942	1.45440265710536	-1.19	1.93612707003084	-0.616163871420719	0.537786370538729	NA
asRNA_943	1.33202105836737	-2.14	1.97588285636402	-1.08476674366942	0.278024978335893	NA
asRNA_944	3.57052783929637	-0.78	1.0193429391696	-0.76373978475101	0.445022326956155	0.626075310408965
asRNA_945	1.77812525536683	-0.80	1.22144751978935	-0.653279059482546	0.513576389879134	0.686762023535611
asRNA_946	0.106433294353152	0.00	9.21855313156847	0	1	NA
asRNA_947	1.77463623732632	-1.45	1.93970433767367	-0.747297662396259	0.45488390321936	0.633791819319033
asRNA_948	0.400791428720499	0.00	4.85342938229093	0	1	NA
asRNA_949	1.04109991165403	-0.73	1.90114035098788	-0.386294756089796	0.699278383718402	NA
asRNA_950	0.0767606657031474	0.00	9.21855313156848	0	1	NA
asRNA_951	89.1713410684705	-1.64	0.559246184369359	-2.94112146694172	0.00327026268395555	0.0214081804203836
asRNA_952	28.0822286008741	-1.48	0.46241835975024	-3.20487690864932	0.00135120251785738	0.0113881166336849
asRNA_953	1.26276546583345	-0.52	2.031092272578	-0.257956708045945	0.796440318687133	NA
asRNA_954	7.86871083593518	-0.64	0.754762296635468	-0.84200934251161	0.399782724045365	0.585752890733135
asRNA_955	2.25765951197785	0.11	1.42841525637933	0.0788585955716989	0.937145096582934	0.967275140294162
asRNA_956	21.156725724184	-0.24	0.506544481067236	-0.474400764836875	0.635214147751894	0.78744851242999
asRNA_957	2.23789115253526	-3.14	1.52552767447062	-2.05752353865166	0.0396358930885489	0.126871685658584
asRNA_958	2.52602532557559	-0.96	1.26919135706513	-0.759781101347037	0.447385441292748	0.627608350905257
asRNA_959	20.7983190318649	-1.36	0.499815414664536	-2.72915877719678	0.00634961235502357	0.0341787727547753
asRNA_960	1.58469357954902	0.97	2.77730820819861	0.349949318293406	0.726376733628427	NA
asRNA_961	1.70781550483526	-0.36	1.47574458298034	-0.243186630278219	0.807860823521161	0.896897517230781
asRNA_962	3.11316190671099	-0.39	1.21083389600272	-0.318908686082031	0.749795757434972	0.862812988513897
asRNA_963	30.9555535272711	-0.32	0.416220595226173	-0.764604487230763	0.444507096338654	0.625683784113276
asRNA_964	18.8684126378747	-1.25	0.427343410349509	-2.91727094969594	0.00353108888026667	0.0225921413428414
asRNA_965	11.4856578463679	-2.01	0.617173906546311	-3.25233283351194	0.00114461902768243	0.00998281658320502
asRNA_966	2.62293112732828	-1.81	1.34085025674482	-1.35191725087779	0.17640178830039	0.354088367484249
asRNA_967	0.473684224373296	0.00	4.76408376801032	0	1	NA
asRNA_968	0.143892728998677	0.00	9.21855313156847	0	1	NA
asRNA_969	5.33463013340502	0.32	1.11994830431217	0.288800406596477	0.772734120941888	0.877486012016211
asRNA_970	0.193680130502059	1.55	9.20978235749654	0.167918639704508	0.866647285977174	NA
asRNA_971	0.229667890586421	0.00	9.21855313156847	0	1	NA
asRNA_972	36.8149786095168	0.27	0.3209985637901	0.844771189546014	0.398238603292353	0.584111543732691
asRNA_973	10.2901061344529	-1.40	0.647677620302804	-2.15944916895686	0.0308153368191995	0.10655842945259
asRNA_974	0.389828567436116	0.00	5.4802614814628	0	1	NA
asRNA_975	2.0169529622847	-1.07	1.43352182155357	-0.744171835698377	0.456772524534889	0.634828581753986
asRNA_976	10.5327783071875	-0.32	0.589650263556084	-0.539974078085479	0.58921490924203	0.747201416657747
asRNA_977	0.410145977615696	-0.11	3.59351121109128	-0.0299459855019068	0.976110131151307	NA
asRNA_978	0.667098942251781	-2.29	2.11493149456185	-1.08411617703544	0.278313291059739	NA
asRNA_979	0.612444052048233	-3.75	2.83809782093887	-1.32089696193631	0.186535722898806	NA
asRNA_980	2.34186142788998	1.26	1.21507178323577	1.03530278402632	0.300527530078611	0.491765349345092
asRNA_981	41.4716736655316	-0.82	0.401685827982657	-2.04446038678622	0.0409080869536859	0.129738420764509
asRNA_982	3.01651766406882	-0.39	1.01185172112778	-0.384210855442696	0.700822173174557	0.830214784690725
asRNA_983	4.83909542555405	-0.34	0.688979411999272	-0.487170477006287	0.626137525296991	0.77941961143564
asRNA_984	1.26516518526805	-0.45	1.30789176089796	-0.344228342962654	0.730674568694748	NA
asRNA_985	5.58317587460958	-0.28	0.779069585550469	-0.363748137394388	0.716046093668147	0.840111977075102
asRNA_986	8.1595229266021	-1.77	0.894661522174799	-1.97695887788997	0.0480462786310022	0.144716441428461
asRNA_987	0.0548602189840092	0.00	9.21855313156848	0	1	NA
asRNA_988	7.40659998713513	-1.55	0.711163781359945	-2.17839394047377	0.0293767206346043	0.102743962016459
asRNA_989	0.577192160264044	-1.30	3.01403622067081	-0.430576269597492	0.666776498966949	NA
asRNA_990	0.408294832065742	-0.33	3.68840867248687	-0.0882811842403899	0.929653193360872	NA
CDS_1	0.766973053980592	1.58	2.52451042661772	0.627804794844629	0.530131824680488	NA
CDS_2	4.06461094590296	-1.03	0.90190766346802	-1.13713765809312	0.255480743444363	0.443670402604074
CDS_3	36.4837381408773	0.46	0.521413882800371	0.887305805719757	0.374914280693916	0.564316634403295
CDS_4	156.001592325497	0.54	0.458471003766532	1.18800822678267	0.234830168551451	0.423001270933202
CDS_5	23.4606089710267	0.27	0.471886469430179	0.56760828343263	0.570300981264207	0.735149440769016
CDS_6	2.36723378100463	0.10	1.14826396055942	0.0879997125550714	0.92987690460516	0.964161305151174
CDS_7	0.15911404894955	0.00	9.21855313154465	0	1	NA
CDS_8	0	NA	NA	NA	NA	NA
CDS_9	0.881505904908236	-1.30	2.87455686968615	-0.452580380909637	0.650850928672263	NA
CDS_10	0.927940654789576	0.10	3.00135464134848	0.0345654626954431	0.972426241809679	NA
CDS_11	6.14393421635075	-1.08	0.782163467789531	-1.38424196211488	0.16628437853332	0.339479991820977
CDS_12	7.11802366311848	-0.47	0.744335500021174	-0.629953058237207	0.5287252970827	0.699825311827058
CDS_13	0.209196243208025	0.00	9.21855313156848	0	1	NA
CDS_14	16.5771842853247	-0.59	0.520097408203938	-1.14017763454302	0.254212303300459	0.44202467375146
CDS_15	1.04887745296844	-1.31	2.48928335787092	-0.52751221813185	0.597837933991378	NA
CDS_16	43.2434808308463	-0.21	0.566612338578554	-0.371043724935967	0.710604964739979	0.834794238202635
CDS_17	0.359962659003165	-3.04	6.26795727210454	-0.485174326137243	0.627552692203506	NA
CDS_18	2.99664185078404	-0.15	1.1727468963222	-0.129003975109383	0.897354503431879	0.949356214483
CDS_19	0	NA	NA	NA	NA	NA
CDS_20	0	NA	NA	NA	NA	NA
CDS_21	0.287127598638797	-0.31	5.67475871708842	-0.0553608665179286	0.955850971995137	NA
CDS_22	1.99544535068649	-0.11	1.2738690527608	-0.0893655793011851	0.928791377727832	0.963398207383479
CDS_23	0.327111242742475	0.96	5.61684036915238	0.170231667913097	0.864827947782179	NA
CDS_24	0.0422891309171183	0.00	9.21855313156847	0	1	NA
CDS_25	0.0368318604060965	0.00	9.21855313156847	0	1	NA
CDS_26	0.714926429354416	-2.48	2.44705702469582	-1.01351788295848	0.310812858728142	NA
CDS_27	0.84023657712311	-2.13	1.78721683445667	-1.18948206045786	0.234250026259847	NA
CDS_28	0.609583261237719	0.96	2.40168111729431	0.398721539079092	0.690098395298687	NA
CDS_29	15.9551345531886	-0.60	0.497907707675513	-1.20566627559032	0.227946193427462	0.415214612746917
CDS_30	13.1000022066266	-1.13	0.653777590118248	-1.72805453030954	0.0839784484185447	0.214102316227113
CDS_31	0.30453826941044	2.62	7.33717461871846	0.356802176076586	0.721239907081286	NA
CDS_32	21.9244677753645	-0.04	0.423195184973929	-0.0989029323406649	0.92121534065274	0.961623066114395
CDS_33	0.365943747625888	0.97	5.57898578529945	0.17420718128833	0.861702641983364	NA
CDS_34	1.44735064425027	-0.36	1.4058547834762	-0.254407303032609	0.799180909533354	NA
CDS_35	14.1475280129632	0.15	0.454704714437663	0.333298076749717	0.738909291006534	0.856004205974782
CDS_36	0.665337463089759	-1.32	2.32942194784223	-0.566795198032448	0.570853333454452	NA
CDS_37	0.136765398002279	-1.27	9.2028679062859	-0.138099778758958	0.890161560626322	NA
CDS_38	0	NA	NA	NA	NA	NA
CDS_39	0.135018588645087	0.00	9.21855313156848	0	1	NA
CDS_40	0.153621280448303	0.00	9.21855313156848	0	1	NA
CDS_41	5.61774896005906	-0.82	1.11437869867796	-0.739769824752685	0.459439671630448	0.637093701882172
CDS_42	0.91498173602281	-3.74	2.27425185251905	-1.64369491928419	0.100239235969076	NA
CDS_43	0	NA	NA	NA	NA	NA
CDS_44	1.86961391780966	2.07	1.76042871350777	1.17866639030157	0.238531043884935	0.426849428177306
CDS_45	1.56040435876768	-2.10	1.26379795690609	-1.6641074226897	0.0960909639841874	NA
CDS_46	9.06801078718628	-3.09	0.752316035275861	-4.10895844164289	3.97447582912098e-05	0.000726315168856553
CDS_47	1.64403026054625	-2.92	2.03225668813631	-1.43526028162841	0.151212941402105	NA
CDS_48	0	NA	NA	NA	NA	NA
CDS_49	3.21925071463857	-1.25	1.0707964196131	-1.16822952408039	0.242714194386769	0.4309573648215
CDS_50	0.391705245952141	-2.94	5.40381152045195	-0.543265290380345	0.58694715876054	NA
CDS_51	0.463189627785411	1.75	3.53101491609103	0.495534127278212	0.620223138273534	NA
CDS_52	11.6098537836325	0.61	0.544467937411347	1.12728352627032	0.259622625208668	0.448320773856572
CDS_53	32.7676856509755	2.57	0.530139612042085	4.85624318663328	1.19633763802626e-06	4.33829806631626e-05
CDS_54	0.0234733793125628	0.97	9.21855313156847	0.105428337010618	0.916035931674558	NA
CDS_55	0.340560743300013	0.00	6.36428578296549	0	1	NA
CDS_56	0.129553488159229	-2.03	9.18589057194017	-0.220528090244819	0.825459897960352	NA
CDS_57	22.5490871536912	1.06	0.51366437211593	2.05883296198351	0.0395102428530676	0.126616545701226
CDS_58	5.75334432679321	-0.45	0.823144229774798	-0.55103077301721	0.581612579526123	0.740038905435824
CDS_59	0.367818446467693	-0.97	4.87244677487261	-0.198082727766894	0.842980338327191	NA
CDS_60	0.320065694127607	0.00	6.40626941604298	0	1	NA
CDS_61	0.193562764195169	0.00	9.21855313156847	0	1	NA
CDS_62	11.8988234111606	0.08	0.515055138616457	0.164047307350124	0.869693902358884	0.93519900910927
CDS_63	8.09589982974393	-0.08	0.805141947408953	-0.100348602111467	0.92006757328299	0.961623066114395
CDS_64	0.174673975475445	0.00	9.21855313156848	0	1	NA
CDS_65	0.0651601939662389	0.00	9.21855313156848	0	1	NA
CDS_66	0.0970784584251337	0.00	9.21855313156847	0	1	NA
CDS_67	18.8279771848909	-0.37	0.501227270885825	-0.732203747811401	0.464044217163121	0.641377062438095
CDS_68	5.28836541542203	1.79	0.857692682716077	2.09078756435503	0.0365471113560298	0.12030384730705
CDS_69	0	NA	NA	NA	NA	NA
CDS_70	8.20801547198227	-0.23	0.73391408065406	-0.31446591679168	0.753167198875332	0.864540906904596
CDS_71	0.59428142826856	-1.30	2.99161161409893	-0.433964618412432	0.664314134343053	NA
CDS_72	0.420793218224934	0.00	4.13831720172745	0	1	NA
CDS_73	43.7356167728162	-1.17	0.504948016418268	-2.31827232007678	0.0204345257642442	0.0806963553052182
CDS_74	0.0879266302106059	0.00	9.21855313156847	0	1	NA
CDS_75	1.33415065583324	0.06	1.55448454082787	0.0355463330240357	0.971644101289853	NA
CDS_76	0.571807712534296	0.00	2.82252679643518	0	1	NA
CDS_77	0.471443451077412	1.89	3.60366203614847	0.52347814978576	0.60064155260343	NA
CDS_78	0.951922619487755	-1.32	2.3394243179915	-0.564158480869406	0.57264628122912	NA
CDS_79	0.031436679780699	0.00	9.21855313156848	0	1	NA
CDS_80	0.308819493936781	0.00	7.41330065221957	0	1	NA
CDS_81	8.39354354119111	0.71	0.718283552707099	0.993072810918778	0.320674472886394	0.515071506456709
CDS_82	0.159930873153765	0.00	9.21855313156847	0	1	NA
CDS_83	2.06691053257741	-1.36	1.168491198991	-1.16325152920207	0.244727465271606	0.431992677636873
CDS_84	1.20530067853072	2.27	2.21101082198135	1.02669888681171	0.304562273636753	NA
CDS_85	1.95029257681857	1.75	1.36053486599773	1.28550036129654	0.1986174905662	0.381682831039419
CDS_86	0.348355838601822	-1.28	4.8791832587578	-0.262101590697934	0.793243120441315	NA
CDS_87	0.395462485657503	0.93	3.49512390222653	0.267178510597549	0.78933172097734	NA
CDS_88	0.0392894624836709	0.00	9.21855313156847	0	1	NA
CDS_89	0.504739042422084	0.39	3.51782498226735	0.110285553793827	0.912182913776152	NA
CDS_90	28.2284568887733	-0.66	0.516761899766295	-1.28582092877541	0.198505564357893	0.381682831039419
CDS_91	0	NA	NA	NA	NA	NA
CDS_92	1.48928768772158	-1.34	2.0212505234973	-0.663073779752487	0.507283302594881	NA
CDS_93	0.123961045691855	0.00	9.21855313156847	0	1	NA
CDS_94	0.208009617447787	0.00	9.21855313156847	0	1	NA
CDS_95	1.48072847823428	-0.78	1.49830475195519	-0.517684270923037	0.604678574319755	NA
ncRNA_1	3.41098020631508	4.39	1.61133965765664	2.72221662048904	0.0064845621219158	0.0347018508893203
ncRNA_2	2.49004549539411	-0.62	1.11577640213312	-0.557723772278429	0.577033022070667	0.737275386567806
ncRNA_3	2.0006468781254	-0.68	0.915448377359384	-0.743637890420311	0.457095573781403	0.63495735954715
ncRNA_4	0.862444702757505	0.75	2.13843889112388	0.349707776997043	0.726558016583219	NA
ncRNA_5	8.67883859360432	-1.08	0.685490883389117	-1.56946486680089	0.116539659677033	0.267763223742784
ncRNA_6	0.0945393317769513	0.97	9.21855313156847	0.105428336798705	0.916035931842702	NA
ncRNA_7	0.567377172433708	0.00	3.15814838671946	0	1	NA
ncRNA_8	1.96314992370902	1.31	1.86175349493308	0.704350257090788	0.481214675550905	0.654977999583468
ncRNA_9	0.634307226998587	0.97	3.0297752418168	0.320788872225105	0.7483703927809	NA
ncRNA_10	1.57508181520278	-1.81	1.76206962118157	-1.02726022698645	0.304297945245403	NA
ncRNA_11	201.632925757864	1.02	0.369100970667596	2.77569416505709	0.00550839973597169	0.0307934070432819
ncRNA_12	0.493427330328298	-0.90	3.81608259715064	-0.236697559241352	0.812891428607141	NA
ncRNA_13	3.98810094904776	0.09	0.868542538000395	0.108303183954852	0.913755197043699	0.957896281115418
ncRNA_14	0	NA	NA	NA	NA	NA
ncRNA_15	0.84756371692514	0.00	3.06765067679017	0	1	NA
ncRNA_16	0.106491517637252	0.00	9.21855313156848	0	1	NA
ncRNA_17	0.205258702163052	0.00	9.21855313156848	0	1	NA
ncRNA_18	0.973187419336494	0.97	2.30283455441161	0.422051902830862	0.672987133442523	NA
ncRNA_19	2.99165167546408	-0.40	0.947741473128606	-0.423402043359494	0.672001954295897	0.814082367489887
ncRNA_20	0.0415890713729175	0.00	9.21855313156848	0	1	NA
ncRNA_21	8.71831652705917	0.00	0.623682041308097	0.00690501556578372	0.994490638468354	0.995936119047523
ncRNA_22	0	NA	NA	NA	NA	NA
ncRNA_23	1.36558283288086	-1.34	2.05738997858096	-0.650018111356225	0.515680522745678	NA
ncRNA_24	0.113061566870685	0.00	9.21855313156848	0	1	NA
ncRNA_25	8.62089767387597	-0.64	0.758270465865913	-0.846214488177455	0.397433101005645	0.583862274185266
ncRNA_26	13.3280933294624	-0.38	0.524843646906685	-0.714530850536053	0.474898986537305	0.651479147285621
ncRNA_27	1.29145999756686	-2.15	1.74816564617665	-1.22891148647354	0.219104994336384	NA
ncRNA_28	5.79292352231107	-0.53	0.755450669965773	-0.704317027875406	0.481235364406489	0.654977999583468
ncRNA_29	0.303361997269898	-1.06	8.56344161393387	-0.12365223557679	0.901590631803773	NA
ncRNA_30	3.97820773851329	-0.03	1.07891112668208	-0.0315412902154495	0.974837863682868	0.990246101490696
ncRNA_31	0.633710927969054	0.97	2.90591712253992	0.334461841130749	0.738031080896985	NA
ncRNA_32	0.757825549258791	-0.94	8.10813785241063	-0.116220009950113	0.907478178566186	NA
ncRNA_33	1.47327574000322	-0.39	1.74077425131368	-0.226473059941413	0.820833509990145	NA
ncRNA_34	11.1148173119627	1.01	0.610829584890837	1.64609346242194	0.0997445182117395	0.240714441498734
ncRNA_35	6.02292464645097	-1.15	0.829253373866139	-1.38362745652434	0.166472556669787	0.339479991820977
ncRNA_36	0.599928472712035	0.34	2.44368390581576	0.13917776501019	0.889309678436202	NA
ncRNA_37	2.19163616825129	-3.16	1.51417065129446	-2.08989280548891	0.0366274300161518	0.120316087156751
ncRNA_38	9.91758019820736	0.18	0.628961360906267	0.285166956096232	0.775516234951191	0.879194875987447
ncRNA_39	0.0515738178792447	0.00	9.21855313156847	0	1	NA
ncRNA_40	0.486578189742857	0.00	7.94811794151435	0	1	NA
ncRNA_41	0.133220869777437	0.00	9.2185531315565	0	1	NA
ncRNA_42	0.115532684646808	0.00	9.21855313156847	0	1	NA
ncRNA_43	8.71727313584481	-1.52	0.758545781133248	-2.00213541628108	0.0452701693908671	0.138985707710016
ncRNA_44	60.3379362244026	-0.59	0.376661362693449	-1.57042083509305	0.1163172384127	0.26758790406127
ncRNA_45	3.80978268490313	-1.33	1.00563460229749	-1.3181347246759	0.187458552021217	0.368236471397344
ncRNA_46	71.1089590743298	0.53	0.261566332783508	2.03039017285278	0.0423168947753872	0.132378390466478
ncRNA_47	31.4643832526022	-0.83	0.473650781018892	-1.75607842777359	0.0790750180026959	0.206184386227838
ncRNA_48	10.0707206630541	0.89	0.670271615918718	1.33070534030808	0.183285985167788	0.362543416830565
ncRNA_49	0.512140569796767	-1.35	2.89200273461111	-0.467603755182176	0.64006797901257	NA
ncRNA_50	0.490255044734698	-3.18	3.609800267423	-0.881168464199784	0.378226645313079	NA
ncRNA_51	0.367495927701496	-1.97	5.52850299899903	-0.355570726923931	0.722162069277443	NA
ncRNA_52	0.0768468537618927	0.00	9.21855313156848	0	1	NA
ncRNA_53	1.24260327461668	0.97	2.47600402776961	0.392534161782858	0.694663575102061	NA
ncRNA_54	0.031436679780699	0.00	9.21855313156848	0	1	NA
ncRNA_55	0.0282808965625698	0.00	9.21855313156847	0	1	NA
ncRNA_56	2.63048155836234	0.65	1.29827568574455	0.501879419773371	0.615752342748353	0.769969807901298
ncRNA_57	80.0336009312533	-1.51	0.415996646799989	-3.63108573203121	0.00028223140429543	0.00339663646392229
ncRNA_58	0.258657474732344	0.97	9.21855313156848	0.105428336315104	0.916035932226422	NA
ncRNA_59	0	NA	NA	NA	NA	NA
ncRNA_60	3.1749715742117	-0.45	0.974441809071398	-0.46111460472271	0.644716384102537	0.795616420561083
ncRNA_61	6.42909399673654	-1.31	0.861747053972612	-1.52216037753385	0.127968900456904	0.283837281799097
ncRNA_62	3.07101752883667	-0.58	0.80896644315335	-0.713761337797452	0.475374770466489	0.651513993711277
ncRNA_63	0.683392798689999	-1.31	2.66790759656165	-0.489806237744569	0.624271016308841	NA
ncRNA_64	65.4118146352709	0.39	0.389656118151905	0.991871892017042	0.321260022113431	0.515662563159357
ncRNA_65	0.227062461822817	-0.31	9.20286905360383	-0.0335919915350896	0.97320250849498	NA
ncRNA_66	0.0578132305964026	0.00	9.21855313156847	0	1	NA
ncRNA_67	0.644490582379451	-2.58	3.43833038150192	-0.751356535656892	0.452438113146861	NA
ncRNA_68	0.765901912838835	0.00	2.62299304551915	0	1	NA
ncRNA_69	0.828454093421176	-0.39	2.84691951668274	-0.135785325863088	0.891990991876983	NA
ncRNA_70	33.5117014092847	0.30	0.358100760111638	0.837939367389913	0.402064757410811	0.587534714434886
ncRNA_71	0.484918454304239	-1.29	3.69590230982521	-0.34831083232291	0.727606759583811	NA
ncRNA_72	31.6066511241184	-1.31	0.367653587208704	-3.55723501147871	0.000374778846085754	0.00428435559140344
ncRNA_73	1.0179248963389	0.97	2.4258395501683	0.40065221269694	0.688676198547241	NA
ncRNA_74	16.418056897102	0.52	0.541694716585721	0.963581607785107	0.335255731515796	0.527979883461448
ncRNA_75	0	NA	NA	NA	NA	NA
ncRNA_76	99.2698473087675	-0.24	0.416334820568444	-0.56501272710888	0.572065107538474	0.736046422211033
ncRNA_77	1.5665832529135	-1.46	1.53164651088923	-0.951385380190808	0.341408779100033	NA
ncRNA_78	0.0891048143576629	0.00	9.21855313156847	0	1	NA
ncRNA_79	0.368755928725133	-1.90	9.18812922055247	-0.206929719007996	0.836064746391923	NA
ncRNA_80	0.0688873393057769	0.00	9.21855313156847	0	1	NA
ncRNA_81	7.64380005474225	-1.27	0.648674699577703	-1.95245667823971	0.0508840095394762	0.149346464633436
ncRNA_82	0.153464802254727	0.00	9.21855313156848	0	1	NA
ncRNA_83	0.0278434996684944	0.00	9.21855313156847	0	1	NA
ncRNA_84	0	NA	NA	NA	NA	NA
ncRNA_85	0.483137991405353	-1.94	4.88207470075512	-0.397260290868819	0.691175526484324	NA
ncRNA_86	36.154277802597	0.09	0.419249084103597	0.224350961476876	0.822484225147719	0.908159665267273
ncRNA_87	2.74397421826482	-0.94	1.029151970344	-0.915011374479462	0.360185658835991	0.551164904507085
ncRNA_88	7.23911539022339	-1.21	0.731692123429424	-1.66049133752332	0.096815649121646	0.235294469999344
ncRNA_89	0.147273233247509	0.00	9.21855313156848	0	1	NA
ncRNA_90	0.144071926748733	2.26	9.18742737595974	0.245946508747198	0.805723640554184	NA
ncRNA_91	0.19013058819047	0.00	9.21855313156848	0	1	NA
ncRNA_92	0.357982014197382	-2.52	6.07083901337264	-0.415430043896594	0.677827116768124	NA
ncRNA_93	5.66216228512636	1.80	0.973940366274735	1.84977504517254	0.0643459790212511	0.175930077562072
ncRNA_94	3.99952384612378	-1.41	1.16150589114907	-1.21267508716078	0.225254068337404	0.411350215704377
ncRNA_95	15.7048657088044	0.88	0.534915498728148	1.63900711778454	0.10121177732854	0.243190634975986
ncRNA_96	9.57856816999833	0.70	0.684075263700532	1.01966237076895	0.307888613674956	0.501501784449279
ncRNA_97	37.8326922581468	-0.19	0.352858249068216	-0.54090562241764	0.588572635381333	0.746826051156056
ncRNA_98	51.6117299200457	0.19	0.383955522681619	0.495505958426443	0.620243017104823	0.773829676387909
ncRNA_99	0.0346871498879542	0.00	9.21855313156847	0	1	NA
ncRNA_100	0.303178934610486	0.00	8.65696612473419	0	1	NA
ncRNA_101	0.228381059642162	0.00	9.21855313156848	0	1	NA
ncRNA_102	0.0391503734635058	0.00	9.21855313156847	0	1	NA
ncRNA_103	0.643879891936812	1.77	2.65940410073035	0.664502529873187	0.506368730278575	NA
ncRNA_104	0	NA	NA	NA	NA	NA
ncRNA_105	2.51398020185322	-0.39	1.41915313204978	-0.276386195407191	0.782251458409937	0.882474424632741
ncRNA_106	0.370648651879871	-1.93	4.7736065493502	-0.403983997478601	0.686224486778461	NA
ncRNA_107	38.6282492419694	0.64	0.417607731156049	1.53730223265029	0.124219315005732	0.27901257714409
ncRNA_108	1.48084679539771	-2.09	2.17761646942867	-0.961318266589971	0.336392166115475	NA
ncRNA_109	19.970986890321	-2.98	0.772814273301104	-3.8610727264423	0.000112890291973023	0.00159551612655206
ncRNA_110	0.404807133639701	0.00	6.17581863258587	0	1	NA
ncRNA_111	0.156280347384106	0.00	9.21855313156848	0	1	NA
ncRNA_112	1.52767915628516	-5.51	1.96510888467909	-2.80507698466327	0.00503045632776855	NA
ncRNA_113	2.6162708482933	-2.83	1.60716352461889	-1.75850611071229	0.0786614327532992	0.205489012955538
ncRNA_114	0.11230664477195	-1.27	9.20286905385106	-0.138098965488284	0.890162203364154	NA
ncRNA_115	0.76943529021282	-2.36	1.94858605649769	-1.21248345903393	0.225327370569204	NA
ncRNA_116	1.4318517410384	0.68	1.4207047762283	0.480396160081642	0.630945724230248	NA
ncRNA_117	0.532111228061881	0.56	3.08475220164674	0.181439725379879	0.85602243995436	NA
ncRNA_118	0.214058700857901	0.97	9.21855313156848	0.105426564344388	0.916037338218979	NA
ncRNA_119	0.594641456141308	-2.58	3.45640927942677	-0.747494343645163	0.454765215878655	NA
ncRNA_120	0.821865799758418	0.97	2.86330894634136	0.339437239523637	0.734280368917966	NA
ncRNA_121	0.0339835357720105	0.00	9.21855313156847	0	1	NA
ncRNA_122	3.17580559490426	-1.80	1.11819235701018	-1.60937668253845	0.10753400073246	0.253750740434356
ncRNA_123	1.28359465344026	0.65	1.53242400272024	0.423228673568002	0.672128428394907	NA
ncRNA_124	0.0632958640472856	0.00	9.21855313156847	0	1	NA
ncRNA_125	2.13086475627523	-0.77	1.14989615836318	-0.671912628592295	0.501639320282471	0.675502757823399
ncRNA_126	2.75235236925662	-0.14	1.08291902583956	-0.127101182161583	0.898860315822308	0.949505186050702
ncRNA_127	6.77817558786238	-1.94	0.765378178239637	-2.53281119055792	0.0113151882937327	0.0524068129228823
ncRNA_128	20.4253088906155	-0.29	0.487531089488552	-0.597517420779281	0.550161979598571	0.720234929160035
ncRNA_129	1.23813436616033	-1.26	1.88357621471687	-0.666431743749067	0.505135178161333	NA
ncRNA_130	0.0939850383785882	0.00	9.21855313156847	0	1	NA
ncRNA_131	0.480609230059216	0.97	4.58155380582787	0.212136511171961	0.832000536064118	NA
ncRNA_132	44.7642223087148	-0.22	0.581289393275748	-0.383158253514685	0.70160242919245	0.830234561981276
ncRNA_133	12.3863764334923	0.23	0.617149512542859	0.378735869504482	0.704884014195746	0.831340795030413
ncRNA_134	19.1535945316193	-0.93	0.560618343472975	-1.65339484885941	0.0982505305395772	0.237942409637148
ncRNA_135	15.7922132120183	-0.56	0.430054215684723	-1.29267752670943	0.196122613562883	0.38010824400795
ncRNA_136	0.250897573351737	-1.27	6.60532422653213	-0.192846141361254	0.847079466099372	NA
ncRNA_137	0.0811001248536095	-1.90	9.18812922068664	-0.206929718977666	0.836064746415611	NA
ncRNA_138	4.11905445169929	-0.60	1.11881511788659	-0.533007330992638	0.594028505578008	0.751083414261214
ncRNA_139	19.9976372963254	0.02	0.446240411205918	0.0465984458219171	0.962833270740976	0.981712354480995
ncRNA_140	0.332343866116433	0.00	7.38349219023337	0	1	NA
ncRNA_141	0.631638165877686	-1.30	2.81927348685661	-0.461955377072526	0.644113320731751	NA
ncRNA_142	0.308411769066895	0.00	7.35304439725951	0	1	NA
ncRNA_143	78.2563387592706	0.33	0.475196061324848	0.687479897431527	0.491780364402157	0.667001321010012
ncRNA_144	0.359022864099242	-1.28	4.91242558480954	-0.26029805877568	0.794633869882582	NA
ncRNA_145	49.4526771473122	-0.49	0.341381676017937	-1.43321130847294	0.151797458902482	0.319598011256869
ncRNA_146	0.142118524332531	0.62	9.18404419070834	0.0679119274783735	0.945855743920527	NA
ncRNA_147	0.0634138216583723	0.00	9.21855313156847	0	1	NA
ncRNA_148	52.5655377737695	0.21	0.371117866298014	0.573121646745223	0.566562331447613	0.732042093515997
ncRNA_149	53.1483822628677	0.15	0.359921827296067	0.421388861604403	0.673471151280735	0.815503731515688
ncRNA_150	246.821554742753	-0.73	0.26285886551403	-2.77998672871085	0.00543611200263034	0.0306378827796507
ncRNA_151	2.15512648339356	-1.96	1.55298108732684	-1.2603835839034	0.207531020730299	0.391957703590854
ncRNA_152	0.194743685831927	0.00	9.21855313156847	0	1	NA
ncRNA_153	1.27561503895014	0.22	1.69688579409263	0.129329119740984	0.897097230696799	NA
ncRNA_154	0.131869460930604	-1.27	9.2028690535964	-0.138098965668746	0.890162203221533	NA
ncRNA_155	1.64189392364561	-1.47	1.52084074665847	-0.96577501625757	0.334156772673427	NA
ncRNA_156	0.294488150842244	-2.54	4.38401505247232	-0.579805585154366	0.562045730761811	NA
ncRNA_157	0.0509880598664125	0.00	9.21855313156848	0	1	NA
ncRNA_158	0.21798951638623	-1.27	9.20286896516773	-0.138099302004523	0.890161937411216	NA
ncRNA_159	0.202319470930047	-1.27	9.20286896509437	-0.138099302056501	0.890161937370137	NA
ncRNA_160	3.33411545520659	0.45	1.10572068977948	0.411308009738091	0.680846697084092	0.818322502033911
