Gene	baseMean	log2FoldChange	lfcSE	stat	pvalue	padj
SACI_RS00005	468.168689227569	-0.02	0.393009371979974	-0.0414281471701793	0.966954573857175	0.976905947876992
SACI_RS00010	63.3223552647603	-0.41	0.416224457595001	-0.989787024273628	0.322278228421018	0.518554376285504
SACI_RS00015	12453.5485697674	-0.27	0.244946946586067	-1.1018675456936	0.270519259792679	0.462983689640273
SACI_RS00020	249.48994087617	-0.92	0.232817307145296	-3.93704006709839	8.24928374835536e-05	0.000888410517261151
SACI_RS00025	1260.55686285285	-0.54	0.160322761399751	-3.36696225765949	0.000760010891224924	0.00537553649279899
SACI_RS00030	329.223358222713	-2.39	0.582925471194072	-4.09774067594539	4.17202294043215e-05	0.000491810091671664
SACI_RS11965	179.735149618192	-0.85	0.338666617145075	-2.51952899135475	0.0117511962765796	0.0475315002408174
SACI_RS00035	404.718125314663	0.20	0.150759480072514	1.34960084188108	0.177144053989223	0.348299015244024
SACI_RS00040	430.987299495675	0.04	0.16541157042138	0.271890715580112	0.78570605030887	0.877215330059008
SACI_RS00045	1230.53942180845	-0.58	0.164961870921618	-3.49356537962631	0.000476616262674695	0.00367936507203445
SACI_RS00050	88.2839744226457	0.06	0.244150260160855	0.250664889576978	0.802073208202822	0.883800246680752
SACI_RS00055	668.466191331748	0.12	0.227195567709248	0.521580226868893	0.601962633481386	0.754110201924743
SACI_RS00060	277.042067235515	0.85	0.183713045535319	4.61547825054181	3.92191114150571e-06	6.79711354789433e-05
SACI_RS00065	173.870015165131	-0.02	0.265617450440669	-0.079547468959487	0.936597176435816	0.964230846078887
SACI_RS00070	326.00465998238	-0.13	0.244718910151686	-0.513242108382005	0.607781974089066	0.758495672957122
SACI_RS00075	182.955004898837	-0.01	0.205792714693923	-0.0678209603404974	0.945928158238288	0.969472031935174
SACI_RS00080	209.403119005928	-0.41	0.331996147436089	-1.24284185844886	0.21392611428078	0.394256789487888
SACI_RS00085	753.547115173251	-0.50	0.24213963760043	-2.06281577235044	0.0391301349268596	0.117166548173446
SACI_RS00090	347.318778690993	-0.47	0.173544140408553	-2.73354443653694	0.0062656668128876	0.0294385099628848
SACI_RS00095	457.949905534195	-0.47	0.181995682594293	-2.56485697739969	0.0103218341720356	0.0431505431760657
SACI_RS00100	28.2622806828564	-1.01	0.366200079466772	-2.75793790844011	0.00581672454478334	0.0277274465094681
nadA	1170.45746617164	2.19	0.628326810080648	3.48341956372842	0.000495051858728665	0.00379926895687072
SACI_RS00110	2356.54284277549	0.43	0.141841241709967	3.00011753444334	0.00269875445723809	0.0148687166622991
SACI_RS00115	1842.42052521868	0.03	0.164790897541136	0.159725231135936	0.873097524496877	0.924385821007835
SACI_RS00120	188.842554361665	0.10	0.152491964597353	0.677562847214745	0.498048909378338	0.671820536280526
SACI_RS00125	624.543179442781	0.34	0.117516805931531	2.93077050381178	0.00338122471715326	0.0176268228780679
SACI_RS00130	156.476268058044	0.65	0.232575696065683	2.78951801964749	0.00527865588979605	0.0255346441101595
SACI_RS00135	1447.84633780519	0.14	0.233973868752168	0.619373207824773	0.53567052696508	0.702033270796143
SACI_RS00140	324.111819277727	0.14	0.233342761744366	0.606073027071734	0.544466261219586	0.708889654533162
SACI_RS11510	396.735650168459	-0.27	0.132447720873486	-2.02606116767133	0.0427585168309028	0.125306874072198
SACI_RS00145	74.4654673375098	0.15	0.29269921074285	0.516830677199485	0.605274363169254	0.756503960177499
SACI_RS11515	24.3957235630814	0.21	0.338307885483415	0.614617714627386	0.538807212802285	0.704402421566621
SACI_RS00150	113.628896073786	-1.01	0.242022806139419	-4.19357346455358	2.74594091060497e-05	0.000343195873363163
SACI_RS00155	482.191973746233	-0.04	0.184466233484098	-0.231472951011554	0.81694739683985	0.894540308589911
SACI_RS00160	394.823725028823	0.20	0.188312832927433	1.05231196941939	0.292656441899935	0.486444501496621
SACI_RS00165	1996.93749791646	-0.58	0.236962122246897	-2.43937553348687	0.0147126700161248	0.0563734369431899
SACI_RS00170	193.427530109173	0.34	0.321204439981314	1.06027454517693	0.289019716120917	0.4824370376486
SACI_RS00175	791.660557960512	0.81	0.243969292204171	3.30997099810568	0.000933056384144412	0.00645981099816383
trxA	502.905292192285	1.45	0.192503890268694	7.53729854287959	4.7980704038885e-14	8.37103349798413e-12
SACI_RS00185	234.530873881454	0.15	0.247874688589791	0.600748277482929	0.548007658543024	0.710978080434681
SACI_RS00190	290.718340944265	-0.57	0.181897338324321	-3.12728608543301	0.00176428157173362	0.010615036192417
SACI_RS00195	864.550251648356	0.81	0.596264210073324	1.36057186692094	0.173649027210983	0.343751516044738
SACI_RS00200	592.933613865219	-0.13	0.1371922872236	-0.916037618485292	0.359647164537744	0.558242366307993
SACI_RS00205	7579.06796187985	0.38	0.270570370580848	1.39288110195753	0.163655748023104	0.329766044670862
SACI_RS00210	87.8251490264537	1.02	0.415243091404422	2.46678131792735	0.0136333590084928	0.053334449816084
SACI_RS00215	1350.13262341919	0.23	0.150249741181088	1.55197071492499	0.120669230942563	0.269569269800296
SACI_RS00220	525.298202611742	-0.86	0.413545452642528	-2.07226949543744	0.0382403155535279	0.115293670280625
SACI_RS00225	618.162315092113	-0.22	0.289078898902381	-0.754147364981259	0.450760739008256	0.640413058623565
SACI_RS00230	781.888922493656	-0.16	0.337619059696664	-0.4791451736185	0.631835354848009	0.775210003883554
SACI_RS00235	1055.19191058408	-0.31	0.249563908518813	-1.23378537658701	0.217282889952758	0.398478852842585
SACI_RS00240	2512.84152803854	-0.68	0.222680243729606	-3.06505626042335	0.00217629054515547	0.0125448289794535
SACI_RS00245	14535.7821158324	-0.19	0.342389550208186	-0.549403560145682	0.582728531425084	0.739215010537782
SACI_RS00250	444.979553536834	0.57	0.254308987944754	2.24918293770099	0.0245008595548107	0.0821001144580829
SACI_RS00255	430.030559071992	-0.11	0.186866120741805	-0.599488678621142	0.548847057490335	0.711407998738092
SACI_RS00260	2481.00530469041	-0.50	0.275842915092689	-1.7963276193498	0.0724424277665618	0.183703327001058
SACI_RS00265	2215.09995332082	0.59	0.199710478008589	2.9607202378871	0.00306920593477917	0.0164255867716096
SACI_RS00270	276.239147290746	-0.97	0.229343481313869	-4.24445461107252	2.19125713709664e-05	0.000285299498894622
meaB	242.200639330816	-0.81	0.231971269351981	-3.47452714688129	0.000511754578710187	0.00390455315593166
SACI_RS00280	147.666801787706	-0.85	0.220095802089398	-3.88005401301651	0.000104433271022084	0.00107599161521572
SACI_RS00285	0.706279620530141	0.24	3.43085320278312	0.0707053816830783	0.943632237596281	NA
SACI_RS00290	5400.52019572297	-0.20	0.401855153265902	-0.496990100463927	0.619196032343083	0.766909585065313
SACI_RS00295	70.9394564349019	-0.37	0.335942308840207	-1.09102161183737	0.275263373030758	0.468071520584291
SACI_RS00300	32.9742636724021	-0.67	0.598248054353013	-1.12080826228989	0.262369486461913	0.454414921291083
lysS	4808.55322268031	0.80	0.265900067403398	3.00645016070819	0.0026431737897404	0.0146240714751599
SACI_RS00310	1049.61668450472	-0.03	0.154112471878814	-0.199654135710725	0.841751085878943	0.909820540307223
SACI_RS00315	144.779512340932	0.22	0.183295270689707	1.17323753764068	0.240700562750465	0.427639764234873
SACI_RS00320	134.819757065132	-0.09	0.206827275462076	-0.437074261672713	0.662057492626881	0.795459335589476
SACI_RS00325	311.299982358879	0.36	0.16202791471049	2.22288185425799	0.0262237676613941	0.086541740188989
SACI_RS00330	168.542847240591	-0.07	0.150099195300319	-0.488083938674144	0.62549038708786	0.771502309247999
rimI	1439.95834076715	0.01	0.185963626444296	0.0478571352117219	0.961830101366912	0.975245786624258
SACI_RS00340	1186.71660808931	0.41	0.130565299469761	3.14191658385339	0.00167845847538769	0.0101914752438274
dnaG	5389.8127856451	0.16	0.189965093664748	0.819822433482562	0.412317340367962	0.605518787734544
SACI_RS00350	1804.65423395678	-0.04	0.120729029152517	-0.359050687120224	0.719557171086198	0.836924940770036
SACI_RS00355	1129.76876277228	-0.23	0.240481576654463	-0.935822446017961	0.349364612663912	0.548133807758668
SACI_RS00360	289.521508402889	1.08	0.245167083576181	4.41768009978256	9.97659319831448e-06	0.000155473075716855
SACI_RS00365	92.8107373572309	0.51	0.238048579392668	2.15750995504621	0.0309659523114318	0.0983469626201661
SACI_RS00370	543.061678803214	0.20	0.234390374831017	0.840596477801084	0.400574032590621	0.595288042753921
SACI_RS00375	599.099200500796	0.49	0.235205060305541	2.08047242659403	0.0374822221704204	0.113531221550915
SACI_RS00380	755.636725226349	0.50	0.233727966426688	2.16044122915904	0.0307385286534536	0.0982206709231844
SACI_RS00385	1258.93482282447	0.48	0.232042644292143	2.04860010602249	0.040501234276895	0.120445147843902
SACI_RS00390	613.839080992461	0.08	0.249011731402271	0.333711397961434	0.738597347850465	0.847767219002047
SACI_RS00395	1147.45462139526	0.15	0.209459464087022	0.733430561364183	0.463295865049958	0.647673760061827
SACI_RS00400	1324.52995875071	0.28	0.168139776098336	1.6657768517476	0.0957578683433551	0.226991251317537
SACI_RS00405	461.554640068221	0.27	0.203492532357947	1.31827861706664	0.187410396299219	0.360362238879541
rpsB	3120.16327405029	0.20	0.15647892706279	1.30990866322339	0.190226736078867	0.364208556803397
amrB	2129.39487629671	-0.02	0.208409024284019	-0.104140866961639	0.917057560011336	0.950471142395908
SACI_RS00420	430.339854597327	0.28	0.252892113770449	1.12604927422016	0.260144663277455	0.452357862988106
fni	758.033267126109	0.43	0.132880497804747	3.23862831080942	0.00120105983085103	0.0078016476193372
SACI_RS00430	1384.80892018535	0.22	0.260049389343799	0.846453862028358	0.397299601945431	0.592103108366283
SACI_RS00435	658.092537790772	0.56	0.293874205330561	1.91945351950325	0.0549269632884144	0.149838544523874
SACI_RS00440	332.963631738944	0.01	0.21729774113564	0.0345114276036342	0.972469329867542	0.979204400255235
ffs	5607.55438123303	-1.18	0.316767307766461	-3.71517323811174	0.00020306452438218	0.00187780869366843
SACI_RS00450	2.16886369734004	-0.31	1.05777015125911	-0.295342073307254	0.767732579298728	NA
SACI_RS00455	16873.9864144599	-2.15	0.518103094488661	-4.14589570115097	3.38487888812961e-05	0.00040634073624932
SACI_RS00460	9074.27189185904	-1.78	0.504103717889975	-3.52763137695232	0.000419295628836776	0.00333227376947193
SACI_RS00465	1712.83501611488	-2.03	0.501777846703963	-4.04024333335281	5.33957723377497e-05	0.000602313518137461
SACI_RS00470	428.590574647341	0.41	0.189035816613007	2.19444716917472	0.0282032780446378	0.0917303181531738
SACI_RS00475	154.408037812297	0.16	0.350858059312245	0.465694342852004	0.641434302265643	0.781486763980069
SACI_RS00480	2403.60748892495	0.02	0.194811354640494	0.0915832698602823	0.927029144297486	0.957771524132065
SACI_RS00485	83.5728206718615	0.00	0.320453109874111	0.0125688803896097	0.989971748429687	0.992246673933547
SACI_RS00490	223.930162148277	0.10	0.234275079847569	0.426082927579981	0.670047419936838	0.801057148458065
SACI_RS00495	106.841802883251	0.36	0.275022260852663	1.3003438717246	0.193483137886175	0.369056393475307
SACI_RS00500	407.228735722563	0.43	0.266134539961197	1.62553379240863	0.104048869513232	0.24204079245878
mobB	71.8066905378802	-0.55	0.324340357558413	-1.70425600499668	0.0883332703234721	0.214044600404191
SACI_RS00510	421.093048035303	-1.27	0.278607405410515	-4.54949306969114	5.37753049330893e-06	9.02115211601889e-05
SACI_RS00515	723.592848524878	-0.09	0.148213500474471	-0.634510021284865	0.525748028874699	0.694851201738204
SACI_RS00520	407.433261219178	-0.16	0.187979324370256	-0.844685334792766	0.398286549642548	0.593071217681319
SACI_RS00525	211.811260892056	0.16	0.236664550090632	0.667016207745745	0.504761780715137	0.676375617066827
SACI_RS00530	1359.8695377167	-0.03	0.189303118083357	-0.138667482579915	0.889712914939368	0.934988742670274
SACI_RS00535	372.128619846248	0.01	0.16127186982901	0.0560259894416691	0.955321103093089	0.97354958208513
SACI_RS00545	319.444616121802	0.11	0.423753131940315	0.270386352388062	0.786863038438025	0.877384137874866
SACI_RS00550	202.625741204376	0.33	0.220873474087506	1.48012106571711	0.138840940679557	0.292785448636905
tpiA	233.948736827431	0.27	0.205871337935128	1.3156032861597	0.188307230032792	0.361025656407191
SACI_RS00560	21.7021029695778	-0.35	0.446318084968014	-0.79307107592916	0.427736413514189	0.618787282568619
SACI_RS00565	552.499709996381	-0.67	0.221572115553362	-3.0170039196428	0.0025528651086765	0.014305884345624
SACI_RS00570	326.014947807161	0.43	0.202154621654576	2.11704077619947	0.0342563872709985	0.106093450281897
SACI_RS00575	352.006823196302	-0.14	0.186648779289968	-0.755258783731652	0.450093723769977	0.639812751279755
SACI_RS00580	3734.67630772882	0.63	0.258421246108996	2.44744112373309	0.0143874629313486	0.0554521214894541
SACI_RS00585	302.193386409261	-0.57	0.162543226474984	-3.50169198034986	0.000462313762393803	0.0036008187981684
SACI_RS00590	2293.47798047473	0.13	0.178420392413417	0.730341052105904	0.465181740811208	0.648923569138023
SACI_RS00595	350.223681009536	-0.18	0.207747066931742	-0.8508643880539	0.394844689178388	0.59072405287798
SACI_RS00600	620.691589429289	0.25	0.152381516741699	1.63445300596073	0.102163766111259	0.239357722393164
SACI_RS00605	1235.79740218561	0.34	0.267840608974804	1.27706147135945	0.201580545872427	0.379351994288178
SACI_RS00610	117.990737015581	0.07	0.270299154342458	0.276988323055251	0.781789072346863	0.875082122468666
SACI_RS00615	673.64859715425	0.26	0.174978286022918	1.49649449291167	0.134524841940926	0.286686898501142
SACI_RS00620	12453.8610340931	0.17	0.148564526416633	1.17073885132657	0.241703763562095	0.428549288104339
SACI_RS00625	109.924820870246	-0.11	0.335780141123593	-0.334805473561247	0.737771831279723	0.847191260403262
SACI_RS00630	2029.57850422895	-0.28	0.300201468866116	-0.9180874090342	0.358573106096562	0.557639886913784
SACI_RS00635	1017.9621786223	-0.22	0.196612397394971	-1.11055733377563	0.266758936548683	0.459281669044673
SACI_RS00640	630.908833804278	-0.56	0.244706754782442	-2.29737618927033	0.0215973188793667	0.0749604555799771
SACI_RS00645	391.798832638954	-0.50	0.281444865613191	-1.78090524617602	0.074927931449261	0.188182722267482
thiC	2077.84835801044	1.48	0.576754643282431	2.56194165947456	0.0104088801747194	0.0433758589446507
SACI_RS00655	838.189550880484	-0.01	0.205173524340878	-0.072498771575639	0.942204983038934	0.968099898159752
SACI_RS00660	144.020079698317	0.07	0.384733505708861	0.186974033865347	0.851680991877602	0.913452076472652
SACI_RS00665	1443.43432523353	-0.16	0.247433599078519	-0.64589763459761	0.5183456516056	0.68893375838083
SACI_RS00670	219.42068446045	-0.88	0.220094371802094	-4.00682874183509	6.15394506490092e-05	0.000679530558432308
SACI_RS00685	524.083967581215	-0.07	0.465261200323855	-0.149109006590176	0.881467619111642	0.929412070594347
SACI_RS00690	980.809910431013	-0.23	0.176068620415656	-1.28840488526713	0.197605059067526	0.37473365186936
SACI_RS00695	425.902292360462	-0.23	0.188758215853102	-1.24019199231995	0.214904389526761	0.395502663425833
SACI_RS00700	4270.71449516376	-0.21	0.206747633224324	-1.03640362539898	0.300013879733866	0.494418339586604
SACI_RS00705	4257.53739087427	-0.27	0.192415766716063	-1.42703986141533	0.153568405232436	0.314220888579581
SACI_RS00710	316.976154821042	1.34	0.443143950811637	3.02285161623832	0.00250404992168449	0.0140624434443097
SACI_RS11970	641.705654749642	-0.60	0.27604132817939	-2.18029944005315	0.0292352725557282	0.0944551954053589
SACI_RS00720	1569.66361052558	-0.48	0.220297554699362	-2.19391661632619	0.0282414046055547	0.0917303181531738
cysS	2058.72821963289	-0.43	0.227922390561882	-1.89272963958006	0.0583938326597665	0.157542948526401
SACI_RS00730	203.809418279374	0.19	0.248071741666483	0.749809489203053	0.453369452815007	0.642028061697442
SACI_RS00735	2545.82415591238	0.24	0.280331454987324	0.862641817255063	0.388334431151472	0.585122956348012
SACI_RS00740	4258.51848629799	0.42	0.417621562175246	1.0144929201443	0.310347605989979	0.504772955174503
SACI_RS00745	257.862586112155	-1.05	0.249525056459319	-4.22006204420547	2.44235092158626e-05	0.000316417443653032
SACI_RS00750	3418.56898501053	-0.53	0.240112563554915	-2.20823645220223	0.0272277945790765	0.0894041887245209
SACI_RS00755	637.247996938881	0.50	0.204312279791114	2.43963970932157	0.0147019165851266	0.0563734369431899
SACI_RS00760	249.791990793688	-0.42	0.202696210953483	-2.06314810000243	0.0390985593854881	0.117166548173446
SACI_RS00765	107.645750370693	0.16	0.290247650861761	0.563574831124744	0.573043519740816	0.730825970351713
SACI_RS00770	530.907643749427	-0.49	0.23143167529196	-2.10092856219118	0.0356472377172356	0.109365558154754
SACI_RS00775	798.654237314303	-0.11	0.145353572125624	-0.740721151424371	0.458862531876015	0.644921184704367
SACI_RS00780	974.173729742749	0.01	0.147900429322591	0.0499207097743846	0.960185573864126	0.974561643502484
SACI_RS00785	1675.35300056206	-0.15	0.194607627571398	-0.759484740398551	0.447562638927568	0.637600123066655
SACI_RS00790	961.709349358739	0.70	0.295136693930273	2.36485884391828	0.0180369441276248	0.0654063139490434
SACI_RS00795	441.142333803828	-0.53	0.281186424479868	-1.89815250189383	0.0576759957090688	0.15592776939115
SACI_RS00800	793.605058098067	0.61	0.255616719994528	2.39099675737708	0.0168027012754147	0.0624611778945458
SACI_RS00805	907.106101062861	-0.94	0.226578285822788	-4.13097690183624	3.61224880184046e-05	0.000431655484676552
SACI_RS00810	169.500518531016	0.08	0.240967897731068	0.331753344665143	0.740075516397605	0.848588534305589
SACI_RS00815	1102.39523895574	0.13	0.154815904295456	0.851285718820473	0.394610656099988	0.59072405287798
SACI_RS00820	184.931311240123	0.19	0.192602734293143	0.962379473207642	0.335859020877876	0.535285257870375
SACI_RS00825	258.203222107757	0.27	0.175558183111662	1.52423098416425	0.127451020618272	0.27841345655928
SACI_RS00830	921.576711937645	0.36	0.142695443172156	2.49998779245065	0.0124197586132691	0.0496221500624814
dph2	2424.53194978936	0.06	0.163958822684953	0.37197831977255	0.709908991297926	0.828279906476448
SACI_RS00840	3220.92803898156	-0.25	0.181726638751458	-1.36126735521358	0.173429215405895	0.343751516044738
SACI_RS00845	109.304278089942	0.18	0.258763978324499	0.685217301469138	0.493206807704025	0.668421654977438
SACI_RS00850	617.64587650143	-0.08	0.174501956724881	-0.474827250546819	0.634910108055144	0.776429791018838
SACI_RS00855	722.126942335193	-0.40	0.177251486946856	-2.28419986561987	0.0223597874711742	0.0764681735271445
SACI_RS00860	868.723844691539	0.67	0.154892654004645	4.31161014859732	1.62070002878243e-05	0.000229263350017493
SACI_RS00865	1149.50971903051	0.93	0.282296062001099	3.28675662479811	0.00101348382740653	0.00685345523597646
SACI_RS00870	1441.34363142042	0.75	0.362045176244928	2.07094162420965	0.0383642516956098	0.115534230940634
SACI_RS00875	1086.56891918023	0.61	0.397140060514481	1.54514579141138	0.122311002970176	0.271491004896482
aroF	842.341966857857	0.19	0.375674928166916	0.50460700782303	0.613834886819888	0.762775830392994
aroB	530.010391928942	0.31	0.404924815048463	0.769235531016153	0.441753501116241	0.633462417765043
SACI_RS00890	203.889652956143	0.53	0.391820473575492	1.34816753734768	0.177604503108233	0.348942180656341
aroC	138.468408463426	1.29	0.403884916514667	3.18514030600977	0.00144683841899362	0.00903669723748519
SACI_RS00900	246.339562377937	0.75	0.343841137932388	2.18635958697041	0.0287893078330143	0.0933450624781978
aroA	323.998862100342	0.56	0.362399432721728	1.54925167328538	0.121321232076544	0.269981007095507
SACI_RS00910	159.006222273772	0.18	0.419020765128924	0.44113679546971	0.659113966791494	0.793642456753556
SACI_RS00915	64.5612617770615	0.55	0.279937497709992	1.97122584604215	0.0486980488507306	0.13733059681289
SACI_RS00920	283.561795915659	0.35	0.327476865108762	1.07716869057715	0.281404910002526	0.474269092530245
SACI_RS00925	499.190746043777	0.16	0.19937759991116	0.820542928559433	0.411906667314472	0.605518787734544
SACI_RS00930	652.689480697809	0.30	0.152484317158759	1.94497441829827	0.0517780572895642	0.143846258945636
SACI_RS00935	283.434196954225	0.35	0.148327920690512	2.3646966459096	0.0180448447348908	0.0654063139490434
SACI_RS00940	9492.9700247766	2.61	0.415697837508914	6.2699046043848	3.6126936937846e-10	1.82879501319741e-08
SACI_RS00945	5654.0096317244	-0.57	0.134488137868389	-4.20872478896629	2.56815957977443e-05	0.000324679885037183
SACI_RS00950	633.692680897376	-0.98	0.191305096660789	-5.12508042383221	2.97410768713931e-07	6.94932126539605e-06
SACI_RS00955	3004.79259972826	0.51	0.165031536280519	3.09860937694785	0.00194431186363509	0.0114859235826931
SACI_RS00960	1082.01006741578	0.50	0.177901033220579	2.82258771595802	0.00476377885374999	0.0233898860417706
nucS	307.42057462568	-0.26	0.339338213435771	-0.773033724204392	0.439502422303514	0.631272140048462
SACI_RS00970	297.583227175218	0.22	0.220015181265625	0.993216844644223	0.320604291171921	0.517206694567947
SACI_RS00975	799.622762662601	-0.19	0.242353641200166	-0.775995169394868	0.437751838076553	0.629102998487831
SACI_RS00980	692.227957470375	-0.35	0.358920075856073	-0.975065441486309	0.329527799568288	0.528739577848075
SACI_RS00985	1163.89697287056	-0.52	0.303861185670643	-1.72572348734736	0.084397170471365	0.207387225468133
SACI_RS00990	1845.0180808153	0.46	0.270065622907986	1.68926685118843	0.091168302892677	0.217888080977293
SACI_RS00995	2526.86917242527	0.55	0.333006838938561	1.64477492799143	0.100016234385998	0.23516845048352
SACI_RS01000	455.100858381134	0.47	0.300333860439108	1.55828002590562	0.119166881741715	0.267003193080538
SACI_RS01005	5915.9441921251	0.70	0.224029386105593	3.14592785986161	0.00165560836813062	0.0101231941574716
SACI_RS01010	6845.81724677153	1.03	0.255315860248655	4.040348163697	5.33719097387128e-05	0.000602313518137461
SACI_RS01015	955.353168854777	-0.03	0.134650202735463	-0.189638931660998	0.849592077692112	0.912718582643784
SACI_RS01020	610.75452686213	-0.54	0.193011866939897	-2.81483077713745	0.00488029247705891	0.0239170887873842
SACI_RS01025	1524.94320796414	-0.51	0.185694845170012	-2.76978406508809	0.00560934670364734	0.0269846697122152
SACI_RS01030	799.332323920033	-0.52	0.288655553026239	-1.81278720741649	0.0698646477819433	0.179075203962141
purT	619.8212149819	1.20	0.403244713070742	2.9743706348244	0.00293590220929711	0.0158744960366333
SACI_RS01040	60.9168725079027	-0.42	0.304768249970961	-1.37391245981676	0.169468860989187	0.337776092314321
SACI_RS01045	358.932073242017	-0.02	0.310956139675264	-0.05857320974902	0.95329204955914	0.973338209202969
SACI_RS01050	634.628279414062	0.14	0.150286546439495	0.902577804673266	0.366750010720169	0.563496026547429
SACI_RS01055	113.812654893461	0.37	0.339841071895434	1.07749013636641	0.281261355003998	0.474269092530245
SACI_RS01060	153.856656881858	-0.25	0.283257397220211	-0.883960980267147	0.376717276835229	0.573056702485661
SACI_RS01065	139.160247962839	-1.43	0.247178535357228	-5.77457980215162	7.7145360932966e-09	2.76560835015852e-07
SACI_RS01070	422.488293613833	0.27	0.163007903074804	1.65276744601858	0.0983782018226175	0.232570690306947
SACI_RS01075	194.331168982146	0.53	0.204372971768497	2.60297662523254	0.00924182545038372	0.0397140512375274
SACI_RS01080	134.459261742527	0.56	0.281465191835787	1.98953996426051	0.0466416352293293	0.134419285067612
SACI_RS01085	275.394581869904	0.61	0.253183040066512	2.39477797486418	0.0166304321713721	0.0619969244907135
SACI_RS01090	1414.73101577959	0.45	0.138775808404783	3.22682236633562	0.00125173142222269	0.0080092448214102
SACI_RS01095	854.024821057531	0.06	0.146841479596168	0.421192570141955	0.673614469335598	0.80348635654114
SACI_RS01100	1075.91743525738	0.29	0.221225610308265	1.31617012598693	0.188116948159262	0.360925259041635
SACI_RS01105	77.9668923118165	-0.49	0.317786146464043	-1.53216870703134	0.125480808501016	0.275462866084413
SACI_RS01110	18.3478234349431	-0.46	0.499549941453925	-0.919598552554081	0.357782583404658	0.557000012355735
SACI_RS01115	34.7640845418494	-0.36	0.410971197716678	-0.882824882548477	0.377330894301846	0.573446544940726
SACI_RS01120	407.333811992609	-0.29	0.206107279463334	-1.39143769952297	0.164092739301754	0.329969752820328
SACI_RS01125	1289.57336611654	-0.26	0.19335546353333	-1.36061186623411	0.17363637963194	0.343751516044738
SACI_RS01130	137.842831452269	0.99	0.502542995978105	1.96859426383515	0.0489997018085084	0.137884107132115
SACI_RS01135	712.342125560036	-0.32	0.188452053498193	-1.69581675553559	0.0899205883043044	0.216487745715147
SACI_RS01140	624.250363249661	-0.18	0.168896989586398	-1.07025181265301	0.284505978102855	0.477277015830238
SACI_RS01145	681.7492835392	-0.28	0.355661522621247	-0.801205535522072	0.423012667123677	0.613309778317264
SACI_RS01150	250.630215614367	-2.02	0.375831225081597	-5.36750872141089	7.98316491635279e-08	2.29581786660388e-06
SACI_RS01155	376.444641780258	-0.60	0.301296335039031	-2.00514829406562	0.0449471958441243	0.130987540672687
SACI_RS01160	440.829112728864	0.80	0.178986734597262	4.44211308153335	8.9079720759804e-06	0.000140434716402655
SACI_RS01165	2011.7707343201	-1.51	0.544329290895228	-2.77728616952247	0.00548148942010417	0.0264181543506678
SACI_RS01170	352.07273511532	-1.32	0.321545982269158	-4.10430666800832	4.05529235877431e-05	0.000480212674339927
SACI_RS01175	449.050307823779	-0.65	0.268927594390464	-2.40582189165803	0.0161361295127356	0.0604689379565116
SACI_RS01180	5452.36991795606	0.06	0.243400576265991	0.227718589788912	0.819865019534615	0.896609593030542
prpB	1365.99374134933	-0.43	0.142706851594772	-3.01072163587682	0.00260627662418048	0.0144811590774529
SACI_RS01195	1300.62139152487	0.24	0.195161358560878	1.22180086076002	0.221782942986595	0.404302720839859
SACI_RS01200	4480.90646276597	0.79	0.278922955492459	2.83753849456604	0.00454628643462098	0.0225333931806877
SACI_RS01205	1708.59908092882	0.95	0.203185645298275	4.66008057868009	3.16085619306228e-06	5.62718412057414e-05
SACI_RS01210	211.312846298063	0.61	0.210700333174678	2.87312236013834	0.00406436666476388	0.0205550543097834
SACI_RS01215	272.398720967945	1.32	0.210731348758074	6.26899618325453	3.63383036630742e-10	1.82879501319741e-08
bluB	292.160473756229	0.27	0.376325865250437	0.727911125890665	0.466667992043406	0.649611774030634
SACI_RS01225	99.3566545646616	-0.09	0.304893493906489	-0.308226213383831	0.757910207411815	0.861246640380686
SACI_RS01230	3186.5526254677	0.36	0.339074169761252	1.07049342846314	0.284397265386018	0.477277015830238
SACI_RS01235	8443.75808746419	0.48	0.31175622592424	1.52968676104338	0.126094282163231	0.276372476064636
tatC	2032.24832628417	-0.55	0.232949996942524	-2.36691967218461	0.0179368254035783	0.0653376015083387
SACI_RS01245	2376.35041055739	-0.37	0.241703697250195	-1.5405409260043	0.123428554875244	0.272814635226785
SACI_RS01250	4561.11925219157	-0.37	0.269696923805672	-1.36203587784234	0.173186562727502	0.343615795798236
SACI_RS01255	983.146305891258	-0.07	0.192156967595652	-0.346803910837119	0.728738638850824	0.841959702968007
SACI_RS01260	1428.86161914852	-0.31	0.235713265697825	-1.32152373077436	0.186326795239735	0.359070120134304
SACI_RS01265	400.658545110516	0.95	0.233696350208584	4.07232313042029	4.65465434771741e-05	0.000541388019021177
SACI_RS01270	27.0011386109587	1.69	0.668442175574222	2.52573297878028	0.0115457198729342	0.0469179330861317
SACI_RS01275	363.566412921988	0.83	0.225282348335115	3.6883438021238	0.000225718524669036	0.00202991539195487
SACI_RS01280	1833.11445999654	0.22	0.239624447955832	0.917998279147973	0.358619766784829	0.557639886913784
SACI_RS01285	194.812957483869	-1.44	0.267507649643945	-5.39586234626039	6.81952162694022e-08	2.00524585367444e-06
SACI_RS01290	1089.78793243787	-0.83	0.239770650908213	-3.469620517181	0.000521194182041725	0.00395352224464694
SACI_RS01295	728.942667986912	-0.22	0.237475160518938	-0.922461427475012	0.356287941258094	0.555609910330442
SACI_RS01300	1241.58440488744	0.03	0.239808552490606	0.112299000109436	0.910586334586777	0.947140078542765
SACI_RS01305	287.566024365221	0.28	0.237384305998635	1.18203462330929	0.237191963028489	0.423129766356888
SACI_RS01310	269.678299286958	1.23	0.253058446625568	4.86437868480354	1.14816903723394e-06	2.31135259264709e-05
SACI_RS01315	692.459866364864	0.59	0.157511290171852	3.76938626613606	0.000163649459085274	0.00155734776154968
SACI_RS01320	375.528279379355	0.78	0.132059989820697	5.91067338748632	3.40712003647258e-09	1.34205398626356e-07
SACI_RS01325	273.416428806958	0.78	0.239385594758751	3.25282062608756	0.00114265603278436	0.00757045781720675
thiD	649.772595926623	0.52	0.152674842884209	3.40139990263819	0.000670416756102755	0.0048237990616657
cas4	568.756417232461	-0.05	0.164862077944501	-0.320825043780063	0.748342979622534	0.853540798884056
SACI_RS01340	1356.69974863733	-0.04	0.144221271565847	-0.289364354199425	0.772302569953713	0.870420252182975
SACI_RS01345	3215.94760939377	-0.49	0.444774498084745	-1.09651671923051	0.2728527107089	0.464275386167225
SACI_RS01350	18827.4009131643	-0.34	0.471242946245325	-0.716278778724772	0.473819227659163	0.653710028056215
SACI_RS01355	1247.55128825637	-0.64	0.300427790533529	-2.11366401100294	0.034543974411419	0.106731500631267
SACI_RS01360	557.103770118549	-0.29	0.123086353819416	-2.33744335296358	0.0194161431489536	0.0689875507140965
queC	620.032726657846	-0.21	0.270907900229816	-0.776393677588345	0.437516576541129	0.629102998487831
SACI_RS01370	533.891605549554	0.60	0.175929040804531	3.40043464106632	0.000672788176350011	0.0048237990616657
SACI_RS01375	1912.38210221213	0.55	0.171869759479222	3.18416126167218	0.00145174111684306	0.00904572976851971
SACI_RS01380	542.483404133415	0.56	0.176559121322326	3.15753040038509	0.00159111645333487	0.00982064093956923
SACI_RS01385	261.565373863716	0.40	0.212542467651434	1.87000285988162	0.0614834207178908	0.162856388682915
SACI_RS01390	179.521181897396	0.19	0.269320303284788	0.715588408483412	0.474245533155929	0.653710028056215
SACI_RS01395	481.34536064284	0.01	0.292618844691924	0.0335124074220074	0.973265971698168	0.979546842306788
SACI_RS01400	135.929291055806	0.33	0.22117245552611	1.49685345915619	0.13443139250326	0.286686898501142
SACI_RS01405	219.213660754018	0.35	0.206369387034935	1.69159996679428	0.090722272838057	0.217476157134171
SACI_RS01410	60.3254546014849	-0.10	0.27026329607726	-0.380337515846985	0.703694890590509	0.823968469205978
SACI_RS01415	1489.32852975545	0.42	0.19612343677545	2.13116602543522	0.033075466869935	0.103415169412927
SACI_RS01420	1161.18337298496	0.67	0.250794726912539	2.68301735606365	0.00729612037386654	0.0332068643798413
SACI_RS01425	1217.85289474379	1.60	0.272973974256573	5.85432768353626	4.78943492246091e-09	1.79056445601146e-07
SACI_RS01430	369.701075486846	0.11	0.184388467031795	0.613495525928675	0.539548740193243	0.704704652628681
SACI_RS01435	225.025607391825	-0.09	0.280148402633371	-0.335422154285362	0.737306658258908	0.847028764119211
SACI_RS01440	517.923382807186	-0.21	0.36286329286306	-0.581586583737777	0.560845181947588	0.723508217813667
SACI_RS01445	815.507702634502	-2.10	0.402782780108888	-5.20396403572691	1.95081776077478e-07	4.77129914013795e-06
SACI_RS01450	539.2632899152	-0.14	0.252339824193649	-0.547482719153857	0.58404713952153	0.739453973937032
SACI_RS01455	6136.45359724463	0.89	0.240975155769746	3.68846689556468	0.000225609372748907	0.00202991539195487
SACI_RS01460	546.758615520547	0.73	0.307938690258015	2.36865418566155	0.0178529372848868	0.0653376015083387
SACI_RS01465	350.618018805533	0.37	0.20564703606801	1.81475837149388	0.0695610503151413	0.178646976128287
SACI_RS01470	532.806419476554	-0.73	0.67358242670211	-1.07944066146366	0.28039133277593	0.473714730713111
SACI_RS01475	454.787413543984	-1.78	0.291006614079506	-6.12949540515156	8.81582209570401e-10	3.91034007194193e-08
SACI_RS01480	671.065556067036	0.55	0.367345406052631	1.4984830375252	0.134007796454948	0.28628441087559
SACI_RS01485	72.5830328674868	-1.17	0.627377639632759	-1.86387953590743	0.0623386231240621	0.164455823302087
SACI_RS01490	1537.11889610879	-0.78	0.560311561070279	-1.39066446053394	0.164327199369979	0.330041658289513
acs	15020.1369825206	-0.73	0.397510968025143	-1.82390439021499	0.0681665278553528	0.176102471270936
SACI_RS01500	99.6503613224615	-0.14	0.219172799323027	-0.619308999572764	0.535712816881887	0.702033270796143
SACI_RS01505	7.13346328417161	0.93	0.965937684889085	0.965983362890744	0.334052506129684	0.534398375497252
lipA	180.852386133806	0.43	0.277084583277044	1.55174110955613	0.120724181966353	0.269569269800296
SACI_RS01515	196.136900860768	0.32	0.317476354897595	1.02222256462294	0.306675573344927	0.501606234652296
SACI_RS01520	50.9419222330512	-0.74	0.349087059533053	-2.12098296491743	0.0339232360134147	0.105186147686145
SACI_RS01525	577.812430989195	0.24	0.183324236766122	1.33016488678074	0.183463950454635	0.356705169643224
SACI_RS01530	154.109171085596	-0.31	0.230553230853182	-1.32973802946942	0.183604600239388	0.356713614570512
SACI_RS01535	1285.38289090178	-0.20	0.3579220261983	-0.555288935587089	0.578697045633955	0.735527036631404
SACI_RS01540	3020.78583951285	0.98	0.237753123451499	4.1209797839632	3.77264532734174e-05	0.000448773310075151
SACI_RS01545	2542.96080403204	0.91	0.194435791874781	4.6715507253573	2.98934253048357e-06	5.35829411114761e-05
SACI_RS01550	882.604303448992	0.69	0.23795154895138	2.91584436553878	0.00354727401421203	0.0183462768679701
fdhD	223.804265173712	-0.17	0.347819337053166	-0.497390456097695	0.618913734472412	0.766909585065313
SACI_RS01560	84.8092424730176	0.04	0.396592622549921	0.0896871094505416	0.92853585982516	0.958949623189599
fdhF	2333.75014606859	0.10	0.364038848892925	0.261346768858334	0.793825103069883	0.877941159724646
SACI_RS01570	580.192690269961	-1.04	0.287899424696492	-3.59660237438235	0.000322400732941429	0.00271293478491229
SACI_RS01575	62.0712462838686	-0.05	0.308912622678932	-0.153730587000857	0.877822166513996	0.927436661189797
SACI_RS01580	223.050545282972	-0.11	0.194203113085386	-0.568702206249347	0.569558250325027	0.728155320518123
SACI_RS01585	49.8839853825315	3.16	0.484833109712017	6.50939418582848	7.54544837830969e-11	4.7015329538182e-09
SACI_RS01590	1981.39128678961	1.11	0.575769441180052	1.9200520639031	0.0548513233821714	0.149838544523874
SACI_RS01595	963.48784803052	1.52	0.641242805682792	2.36940407364321	0.017816776216382	0.0653347696798897
SACI_RS01600	1422.66551548695	0.84	0.597835243629017	1.40069588319322	0.161305034306046	0.327236647115444
SACI_RS01605	2707.16964366791	0.68	0.605433278954203	1.12265625383389	0.261583514019593	0.453654112782819
SACI_RS01610	9930.21304960052	0.16	0.645960350246491	0.241751792389049	0.808972495068395	0.888409995633231
SACI_RS01615	352.574513298827	0.95	0.582099576314695	1.62622959263798	0.103900823128678	0.241911436056717
SACI_RS01620	6359.60849914276	0.58	0.40688544918624	1.43124910039403	0.152358835976401	0.31346153596717
SACI_RS01625	2742.57740606189	0.46	0.388599116396176	1.17423973571342	0.240299014215958	0.427506811830838
SACI_RS01630	10912.231027112	0.36	0.379139614168396	0.957307112191406	0.338412266601493	0.537537152462621
SACI_RS01635	4406.60529355111	0.42	0.508779031218269	0.822740755633042	0.410655433517514	0.605194411691047
SACI_RS01640	5497.87986969774	1.67	0.388807419349198	4.30662390677155	1.6576509292841e-05	0.000231982485665053
SACI_RS01645	4488.63404473025	1.65	0.434089740861743	3.81175445797237	0.000137983910544274	0.00134740258915808
SACI_RS01650	1244.93580658472	0.46	0.443917160276218	1.03213965516056	0.302006699282071	0.497076435233447
SACI_RS01655	1073.15288692429	0.44	0.439064576915062	1.00732367130722	0.313779258023209	0.509404663924776
SACI_RS01660	153.241268185156	0.24	0.357361935214236	0.684227282593254	0.493831656895236	0.668860951383638
SACI_RS01665	479.558382659045	0.13	0.292019819230973	0.435766194864587	0.66300637314626	0.795911779139341
SACI_RS01670	127.176890059745	-0.26	0.29395371943574	-0.901040617051067	0.367566724341771	0.564177195074729
SACI_RS01675	135.25226732623	0.14	0.353103901443292	0.398684127003689	0.690125965077349	0.815048391043534
SACI_RS01680	640.90793859089	0.38	0.43983312363829	0.860206346379714	0.389675306941392	0.586080619692887
SACI_RS01685	528.959818325475	0.75	0.471785880090688	1.58684268135393	0.112548279411876	0.257014700890819
SACI_RS01690	549.211374876384	0.41	0.475705956264586	0.862174678349156	0.388591401655653	0.585122956348012
SACI_RS01695	216.401127236488	-0.07	0.264362254324418	-0.261215003022991	0.793926708925607	0.877941159724646
SACI_RS01700	132.874169634136	-0.08	0.293351832555627	-0.272675108373337	0.785102970501684	0.876916121981608
SACI_RS01705	472.118041550536	-0.59	0.270641908796967	-2.17796543286078	0.0294086103579845	0.0947811986537505
SACI_RS01710	344.28768328089	0.42	0.450732499255313	0.932635169931849	0.3510083680953	0.549724057034949
SACI_RS01715	1106.00392257857	0.38	0.422888669395034	0.887274679220185	0.374931034512255	0.572039352602873
SACI_RS01720	216.294582955383	-0.89	0.403675657946539	-2.20353421361233	0.0275571182693366	0.0902590469472513
SACI_RS01725	185.208548595237	-1.06	0.443542445628088	-2.39222120246687	0.0167467458601191	0.0623417267651945
SACI_RS01730	316.260989125926	-1.10	0.219175457424401	-5.03267725613687	4.83677033272644e-07	1.0647789392952e-05
SACI_RS01735	2733.30999525493	-0.28	0.383857024790245	-0.721775130024818	0.470432742250716	0.652077588172735
SACI_RS01740	293.960457039288	-0.26	0.409401769977083	-0.630457632380822	0.528395214113104	0.696980985551407
SACI_RS01745	2785.90650843459	-0.55	0.541095377418152	-1.02303448690793	0.306291540253219	0.501291407656456
SACI_RS01750	26.4318800252326	-0.17	0.424083120663371	-0.394357145053847	0.693317378737273	0.815465878721547
SACI_RS01755	919.705680330346	-0.05	0.247683564256488	-0.191132001943179	0.84842217586508	0.912210696071863
SACI_RS01760	5794.51811162537	-0.15	0.525146683251652	-0.28143190097309	0.778379153014809	0.873132551838729
SACI_RS01765	1277.37408505946	0.15	0.236976250289145	0.628449185366575	0.529709724862372	0.697590180407102
SACI_RS01770	192.04524205142	-0.10	0.291704007711759	-0.346868777574091	0.728689903927362	0.841959702968007
SACI_RS01775	1730.69332487481	0.11	0.14885744255181	0.720939499859348	0.470946738811778	0.652444476162214
SACI_RS01780	488.592782971618	-0.46	0.210974571333583	-2.19377378774813	0.0282516761297127	0.0917303181531738
SACI_RS01785	1328.38385980815	0.52	0.142975270447704	3.6535618732541	0.000258627429542523	0.00227123484266035
SACI_RS01790	728.73107526058	0.65	0.135684627446348	4.8046993173718	1.54984239839956e-06	3.0043981900827e-05
SACI_RS01795	862.781939337228	0.21	0.235867258472201	0.875978704356473	0.381041610917983	0.577743856183291
SACI_RS01800	452.042567956194	0.48	0.239612837504804	1.99890350179085	0.0456187957913095	0.132234070781765
SACI_RS01805	1235.02310294616	0.26	0.197049127955135	1.32317188707636	0.185778222757303	0.359014762995675
SACI_RS01810	240.911301963157	-0.75	0.168389858258731	-4.47568447502728	7.61669001864185e-06	0.000123806694278172
SACI_RS01815	834.524048391087	-0.36	0.165182406284967	-2.1546113838063	0.0311922574678579	0.0989456215677382
SACI_RS01820	5004.97734261451	0.89	0.331697789022111	2.67769362830825	0.00741309911412745	0.0336806951070687
leuS	11416.7726748463	-0.04	0.113932244195726	-0.357175721106597	0.720960260485755	0.837440302570449
SACI_RS01830	504.122407923237	0.84	0.154741565106696	5.44864327353146	5.07554963733831e-08	1.55499891629059e-06
SACI_RS01835	694.118905119079	0.33	0.157722277689733	2.08435811898097	0.0371276043917376	0.112591863246082
SACI_RS01840	103.365016890996	0.24	0.218690240547139	1.08616384092399	0.277406511738202	0.469885334122249
priX	88.4274816853481	0.28	0.264619826507851	1.06139720085901	0.288509428473389	0.482138680916257
SACI_RS01850	245.937693052087	0.48	0.221440150553716	2.1723041299096	0.0298327307335674	0.0958069484481431
SACI_RS01855	885.711226544687	0.57	0.298373192784738	1.90310791015109	0.0570264660064311	0.154972234204393
sfsA	218.614027713432	-1.23	0.315126090518629	-3.89558592938923	9.7961623185228e-05	0.00102137676444519
SACI_RS01865	929.413185473728	-0.89	0.205712946595532	-4.34144354692486	1.41549649675771e-05	0.000209376742591105
SACI_RS01870	83.4470213501669	1.71	0.641020943843474	2.67048163283761	0.00757425153094998	0.0342937997517234
SACI_RS01875	4430.40117061195	1.79	0.438410528692178	4.08108536042094	4.48258875357192e-05	0.000526050886461781
SACI_RS01880	826.404679862981	1.88	0.43484920967174	4.32019749227292	1.55889622994534e-05	0.000221719099661248
SACI_RS01885	4528.0261127345	-0.21	0.155000505660402	-1.32396145919852	0.185515844949657	0.359014762995675
SACI_RS01890	4939.56435523777	2.22	0.356628827536907	6.23462771513089	4.5285374372745e-10	2.19466342099025e-08
SACI_RS01895	2168.49397774843	2.00	0.310236007305637	6.46227803185222	1.03138371435965e-10	6.13438904654366e-09
SACI_RS01900	558.427656439915	0.14	0.183496498267761	0.746787814735403	0.45519165212001	0.643656213084877
SACI_RS01905	280.647764233745	0.24	0.204469289034642	1.17460749405962	0.240151783730015	0.427506811830838
SACI_RS01910	233.410405159313	-0.10	0.146355406359944	-0.690904556029309	0.489625522806485	0.667369788116964
SACI_RS01915	75.3378018344655	0.00	0.194439217902563	0.0198040610950909	0.984199678234348	0.987596072829482
SACI_RS01920	245.492311021844	0.47	0.216268342129215	2.17112071224415	0.0299220487573979	0.0959632372525861
SACI_RS01925	401.702099571233	0.04	0.134057589999446	0.322003608746728	0.747449960621571	0.853540798884056
cobM	530.92983598388	0.34	0.237738254978906	1.42501936582527	0.154151603199942	0.31492173737256
SACI_RS01935	336.489492762338	0.60	0.251096757867208	2.39642630099395	0.0165558225130185	0.0618068295528806
cbiT	141.153933678353	0.54	0.372567351211191	1.44717568285113	0.147847725350035	0.306105614905887
cbiD	464.003908582384	0.49	0.312561630305467	1.56208666802651	0.118267573163532	0.265215286177346
SACI_RS01950	942.193896739765	0.27	0.335243263709245	0.809742127399704	0.418088400350787	0.609887036632112
SACI_RS01955	1162.44656471089	-0.02	0.426149171462504	-0.0494352464329022	0.960572439897054	0.974561643502484
SACI_RS01960	133.342529209581	0.13	0.253954160866271	0.509710010377434	0.610254638835546	0.759822765056604
cbiG	247.732071716173	0.68	0.261468692341852	2.6019826125045	0.00926865513241566	0.0397640499697242
SACI_RS01970	355.798884430642	0.79	0.2725261970507	2.89991094341859	0.00373268696206343	0.0191165831065504
SACI_RS01975	490.813883060736	-0.57	0.238848437413455	-2.3734772902883	0.0176214766365558	0.0649340860161889
SACI_RS01980	355.742356763428	-0.68	0.248290245227589	-2.75011519066104	0.0059574318149463	0.0282950981120045
SACI_RS01985	5394.73257260314	0.44	0.270337913246756	1.63904261702924	0.101204384437933	0.237322467808306
SACI_RS01990	66.3237353019059	0.34	0.287330486381032	1.188900854334	0.234478683922066	0.420007334581826
SACI_RS01995	248.004514298096	0.32	0.232094383596809	1.39371000184493	0.163405194688215	0.32975316653231
SACI_RS02000	1629.71063888821	-0.08	0.17404049024724	-0.444602688433533	0.656606904289401	0.792405574331648
SACI_RS02005	1021.91240390336	-0.78	0.179779244004317	-4.32771516529522	1.50664135071438e-05	0.00021664178103404
SACI_RS11520	107.924748208811	0.32	0.255416383596852	1.25593152315297	0.209140798266249	0.387896151001257
cobS	45.7263768867949	1.01	0.332802504726976	3.0310954649723	0.00243668193388316	0.0137727788789897
SACI_RS02015	346.051291580654	0.42	0.164120053314022	2.57591673256776	0.00999747188239106	0.0420639742111226
SACI_RS02020	232.763606827094	1.10	0.359950805454917	3.04757827094475	0.00230693438246064	0.0131817626176845
htpX	4562.99689111843	0.48	0.332902624693061	1.42772779468313	0.153370222754844	0.314220888579581
SACI_RS02030	164.461168389454	0.39	0.169585431406611	2.32283163733324	0.0201881987771242	0.0709161291271596
SACI_RS02035	99.6467851096068	0.21	0.202140608347019	1.02589261927237	0.304942202025592	0.499531396394118
SACI_RS02040	517.481946757101	-0.67	0.24027496582266	-2.79858921889895	0.00513263876218361	0.0249204371811401
SACI_RS02050	1388.16049045844	0.35	0.22070637118133	1.57053233251229	0.116291318493797	0.262818317159434
SACI_RS02055	1032.12077993159	0.42	0.204381504760456	2.04569533666051	0.0407863548474317	0.121018016593797
SACI_RS02060	2503.27216476336	-0.07	0.156904020570656	-0.436704696976121	0.662325522449166	0.795459335589476
SACI_RS02065	555.555645678103	0.12	0.205049552227016	0.580641350192061	0.561482197414843	0.723841827898839
SACI_RS02070	2716.0550984803	0.31	0.1956979205228	1.56240107464571	0.118193534102161	0.265215286177346
SACI_RS02075	84.0971843423564	0.77	0.233560837662962	3.31246989330963	0.000924760787787267	0.00641936069400339
SACI_RS02080	82.0332648741051	1.02	0.251129169086449	4.04875657354478	5.14904656466842e-05	0.000588430343219967
SACI_RS02085	936.492798783707	0.35	0.13242715548092	2.62315964869294	0.00871184393587729	0.0378395484471836
SACI_RS02090	971.529111368704	-0.29	0.172056434105252	-1.69913581662101	0.0892935962572922	0.215374508207681
SACI_RS02095	336.66805241157	-0.84	0.235687677256003	-3.55775831172712	0.000374033217054981	0.00307812870765058
SACI_RS02100	9580.2168862708	-0.40	0.446647931355891	-0.899609108191358	0.368328308372866	0.564683762748559
SACI_RS02105	75.043036051299	-0.56	0.412649068788012	-1.36769873925588	0.171406394748867	0.340859069192845
SACI_RS02110	159.286694307591	-0.40	0.263449551875394	-1.51360318478193	0.130126512904155	0.280918169322737
SACI_RS02115	1280.22712881834	0.40	0.168927575459669	2.3664881652913	0.0179577483913768	0.0653376015083387
SACI_RS02120	560.617694279189	0.56	0.199580250323985	2.82820273466869	0.00468101520581237	0.0230928926745546
SACI_RS02125	166.562933976483	-0.03	0.147765367805496	-0.197672869638052	0.843301017737285	0.909820540307223
SACI_RS12010	36.0404255385019	0.29	0.347949058867854	0.842258100172487	0.399643498782525	0.594490675902141
SACI_RS02130	357.935359579445	0.09	0.266748228439264	0.328401713639819	0.742607947479363	0.849853296755188
SACI_RS02135	989.772881273179	0.08	0.159046241114175	0.51676703094789	0.605318797329646	0.756503960177499
SACI_RS02140	90.5889817812454	0.63	0.318885130538625	1.97264979494456	0.0485354755932199	0.137019783848389
SACI_RS12015	1.59137398203416	-0.32	1.58195496549887	-0.20230832035749	0.839675695759937	NA
SACI_RS02145	178.496360559308	-0.32	0.250827583213586	-1.27690741871994	0.201634934678966	0.379351994288178
SACI_RS02150	3018.50957198828	0.01	0.121429145393861	0.0448309964214657	0.964242018351539	0.975800990729303
SACI_RS02155	5.72183321180774	-0.23	0.67972397890291	-0.343697538406144	0.731073762597787	0.84282821000811
abfR1	1884.72829124371	-0.18	0.338963255028943	-0.543570462932612	0.586737090083231	0.741424898477941
SACI_RS02165	310.862268812007	0.24	0.158343537268743	1.51243805823262	0.130422459200277	0.280918169322737
SACI_RS02170	192.310505067362	-0.41	0.178633152553614	-2.28975219082526	0.0220356860551418	0.0761959236611687
cbp1	983.383179454221	-0.42	0.26868427291673	-1.56645666896344	0.117241745159013	0.264273597830436
SACI_RS02180	1248.54846831768	0.06	0.164771033606983	0.357798704384058	0.720493960228233	0.837440302570449
SACI_RS02185	21956.9591571972	-0.58	0.551192451318443	-1.05107984682349	0.293221919204457	0.486595917918874
SACI_RS02190	464.38905206732	-0.57	0.221797491330579	-2.55992400356464	0.0104695055041005	0.0435591349828792
SACI_RS02195	433.536018665042	-0.58	0.256095234143488	-2.25707800546028	0.0240032009630836	0.0807408443706808
SACI_RS02200	192.552364184201	0.18	0.167849427409032	1.05823256542054	0.289949427977403	0.48331060701711
SACI_RS02205	139.323404463991	0.37	0.23912765132098	1.53199893690689	0.125522697093874	0.275462866084413
SACI_RS02210	8004.16907605929	-0.36	0.385389692187995	-0.927881451303336	0.353469067054366	0.552255849839568
SACI_RS02215	8.91617929743844	-1.65	0.685135057094106	-2.41365932893191	0.0157932211569994	0.059383419206706
coaBC	1084.4525583554	0.09	0.132515354134471	0.685762826716707	0.492862681172359	0.66830136612853
SACI_RS02230	69.0627821600648	0.14	0.251504173081851	0.54831746373419	0.583473938110183	0.739453973937032
SACI_RS02235	144.221075253766	-0.57	0.226496444433393	-2.49800603499612	0.0124894067572133	0.0498243559201635
SACI_RS02240	237.375057080148	-0.45	0.188174362753393	-2.37305522552134	0.0176416259677151	0.0649340860161889
SACI_RS02245	300.761566889877	-0.49	0.224008548296373	-2.19472932270931	0.0281830200148625	0.0917303181531738
SACI_RS02250	298.453397996781	-0.51	0.297564665451526	-1.72618804214661	0.084313588608916	0.207376561456328
SACI_RS02255	140.792037726437	-0.28	0.195086689062548	-1.45291187671593	0.146248222954572	0.303755237676281
SACI_RS02260	102.590809408597	0.05	0.256263390818584	0.198713656804507	0.842486740482494	0.909820540307223
SACI_RS02265	17.6309534535121	-0.25	0.480015946610762	-0.517690797725313	0.604674019775	0.756503960177499
SACI_RS02270	8.87042765054305	-0.43	0.535869138945721	-0.811640118981341	0.416998163668823	0.608975554866802
SACI_RS02275	4929.07014233814	0.31	0.205296041268015	1.52495314872313	0.127270783875308	0.27841345655928
SACI_RS02280	2219.16583312805	0.20	0.206442072842972	0.99166557462273	0.32136068948885	0.517673450335754
SACI_RS02285	320.022577060947	0.47	0.385423019061596	1.23118516216632	0.218253619611342	0.399797933423168
SACI_RS02290	21.4213526289256	0.75	0.445166004891548	1.67808213318754	0.093331066161734	0.221841417025666
SACI_RS02295	2.53596479496776	0.77	1.20705846177227	0.640074642754158	0.522124073459524	NA
SACI_RS02300	0.372137263206171	0.53	6.21265013419266	0.0847366661692591	0.932470745396198	NA
SACI_RS02305	1.2696551055362	1.16	2.01978019492531	0.573334829529038	0.566418007086058	NA
SACI_RS02310	0.885072675594444	2.08	2.42463042096967	0.859668130850418	0.389972006995317	NA
SACI_RS02315	311.031008897312	-0.31	0.306371358157145	-1.02051510252448	0.307484230387524	0.50261476010253
SACI_RS02320	3.05052090214058	-0.16	0.919603653419772	-0.17813567821837	0.858616422943126	0.916471493444157
SACI_RS02325	5.60544344947013	-0.79	0.717732163689385	-1.09928860414567	0.271642201446108	0.463118984484993
SACI_RS02330	59.2367785016004	-0.16	0.337778708054407	-0.48518067206553	0.627548191096188	0.772117355946744
SACI_RS02335	43.4576781371118	-0.09	0.377870150288242	-0.225630077720021	0.821489145383401	0.897194972387497
SACI_RS02340	1060.33286614464	0.25	0.192126558548665	1.28693588589919	0.19811663598045	0.375389760941771
SACI_RS11795	18.8132992135456	0.57	0.455429145228255	1.24881214518053	0.211733790730872	0.391042576106346
SACI_RS02345	1.95708550358044	1.06	1.27036194951809	0.837314044411411	0.402416066936744	NA
SACI_RS02350	78.5106322849128	-0.19	0.337625873590743	-0.552413311620071	0.580665212446767	0.737312402218917
SACI_RS02355	174.715537175747	-0.42	0.180739528373585	-2.32083422531425	0.0202957925666497	0.0711985109208071
SACI_RS02360	33.4410299238421	-0.27	0.349640047957538	-0.761046203795327	0.44662947065052	0.637298275810535
SACI_RS02370	407.489112509871	1.92	0.275631557191482	6.95909579026899	3.42463608803967e-12	3.09043884220683e-10
SACI_RS02375	320.283134774996	-0.13	0.185094893203032	-0.69132314727083	0.489362488530112	0.667358849652582
SACI_RS02380	203.01620800591	-0.07	0.171486975938963	-0.423841612578857	0.671681328045878	0.801911512543824
SACI_RS02385	2223.4215232901	0.46	0.148683835961757	3.08789408296082	0.00201580302677926	0.0118016924408978
SACI_RS02390	1249.51459250243	0.28	0.163888550098566	1.69467725136234	0.0901366634099176	0.216695367405338
SACI_RS02395	91.405347791009	-0.65	0.267007585639751	-2.42136241607518	0.0154624530091328	0.0583913990258307
SACI_RS02400	287.617320243529	0.25	0.245208992994663	1.02894004829963	0.303507847699959	0.498606426510228
SACI_RS02405	238.215061156492	0.63	0.331583606795815	1.90466901610904	0.056823109003347	0.154580120854219
SACI_RS12020	5.7567145840508	0.43	0.81927269769499	0.526096105685298	0.598821434305276	0.751614241523696
SACI_RS02410	536.399241435537	-0.04	0.136319767918327	-0.274081463710317	0.784022018411331	0.876082673860997
SACI_RS02415	530.69231309013	0.46	0.175687830014861	2.59196648800488	0.00954290668897796	0.0406077834228542
SACI_RS12025	12.5432068112167	-0.22	0.454773658281797	-0.492839477810743	0.622126013936813	0.768698667834107
SACI_RS02420	14.5640561580145	-0.26	0.443435705393814	-0.576924914349633	0.56399017932447	0.725288599160756
SACI_RS02425	43.8602257476286	-0.41	0.355226927758114	-1.14269283888761	0.253166144074249	0.444058846543104
SACI_RS02435	4.34619340877835	1.08	1.0186782890046	1.05610870585592	0.290918553415751	0.484617348369842
SACI_RS02440	15.7724117867652	0.37	0.721525307975798	0.519061020857443	0.603718189200319	0.755947608199634
SACI_RS11495	3.39680356263603	1.85	1.16700877600518	1.5870596036758	0.11249914591539	0.257014700890819
SACI_RS12030	88.6953116232186	0.04	0.245692533226525	0.179458258239316	0.857577890307964	0.916407243338482
SACI_RS02455	708.212606824924	-0.59	0.237815261242071	-2.48646283527094	0.0129020044932392	0.0510038455571102
SACI_RS12035	93.5063158068941	0.66	0.271624020223122	2.42307602824171	0.0153897054712156	0.0582468166058975
SACI_RS02465	579.316633352195	-0.85	0.199345800378055	-4.26365887627138	2.01106389701097e-05	0.000267752035596689
SACI_RS02470	34.1135823547251	0.34	0.398729634703086	0.857473675027646	0.391183157448904	0.588010524436405
SACI_RS12165	1.51914473805671	-0.28	1.62603347585189	-0.170608222463842	0.864531832131846	NA
SACI_RS02475	26.1705598064287	-0.37	0.36393965892839	-1.02970066502939	0.30315054331366	0.498606426510228
SACI_RS11530	3.02533391985567	0.58	1.01142514925678	0.571652922530739	0.567557134128431	0.72735643836108
SACI_RS02480	15.875747784832	-2.47	0.64568995082574	-3.82664601370205	0.000129901108822153	0.0012828347237267
SACI_RS11535	5.62993124689112	1.14	0.906904634790917	1.26085763433024	0.207360144380457	0.386187032737936
SACI_RS02495	177.425457805195	0.62	0.224974568265682	2.74100769851686	0.00612510723494471	0.0288818119528834
SACI_RS02500	10.3074592480844	0.05	0.635967827360633	0.0759984235228136	0.939420352418948	0.966568835668288
SACI_RS02505	3.19991912187383	0.28	0.993184544102199	0.277234004756924	0.781600430514754	0.875082122468666
SACI_RS02510	36.9615118264756	-1.28	0.398104529651945	-3.21635781323244	0.00129828849894169	0.00824665291682137
SACI_RS02515	108.765097170616	-1.33	0.301590132883457	-4.41759124355005	9.98069419962997e-06	0.000155473075716855
SACI_RS02520	196.568137660774	-1.78	0.278662083016892	-6.38564449897819	1.70677089682908e-10	9.30545716042021e-09
SACI_RS02525	388.671183208902	-1.87	0.292519857074381	-6.40326096384686	1.52092897763065e-10	8.65276333578135e-09
SACI_RS02530	126.026057838353	-1.62	0.325677099606278	-4.96669087004731	6.81050197133503e-07	1.46090849663801e-05
SACI_RS02535	78.2632205615232	0.69	0.300164531496784	2.28408283431849	0.0223666632108615	0.0764681735271445
SACI_RS02540	217.145203928374	0.03	0.213442260715868	0.148397593362035	0.882028999263438	0.929629436597832
SACI_RS02545	130.777168520478	-0.06	0.203324352762508	-0.295997910593104	0.767231677046236	0.86681858385114
SACI_RS02550	5.7426622603373	0.08	0.804658422091075	0.101106115146242	0.919466223739773	0.952504091146458
SACI_RS02555	6.88509949704753	0.36	0.626702154704208	0.570603508815123	0.568268439489133	0.72735643836108
SACI_RS02560	52.4588126847907	-0.53	0.31015343744471	-1.70185327494742	0.0887828766821728	0.214736403213721
SACI_RS02565	16.8220055467814	-0.55	0.536123142424456	-1.02593789239444	0.304920860150364	0.499531396394118
SACI_RS02570	1475.18417337255	-0.93	0.377306609046164	-2.47433302594548	0.0133485201963624	0.0525309433892939
SACI_RS02575	1008.59366576115	-0.12	0.148071806645852	-0.839910862904485	0.400958366458025	0.595521024415807
SACI_RS02580	6.59720789510866	-1.36	0.775408966176584	-1.75553356355772	0.0791680848426652	0.196500958714857
SACI_RS02585	873.257194800235	-0.07	0.181376337509175	-0.367314505822771	0.713384435112197	0.830853167195648
SACI_RS02590	291.316211421528	0.34	0.393280322339127	0.860465390338014	0.389532553705875	0.586080619692887
SACI_RS02595	31.3625356716979	-0.49	0.319623413044495	-1.52379871220174	0.127559001367347	0.278416936262174
SACI_RS02600	51.8309157186784	0.21	0.321115461861834	0.657976408022356	0.510553290862768	0.680651025057495
SACI_RS02605	403.345054959946	0.39	0.267797577108143	1.4581385700465	0.144802351951353	0.301469972201027
nadC	573.080011209269	-0.18	0.138116161115248	-1.29959875933531	0.193738525135454	0.369274377479594
SACI_RS02615	529.665629011957	0.23	0.184975530611204	1.26052106119943	0.207481455112548	0.386187032737936
SACI_RS02620	96.1723331681256	1.02	0.542876519455582	1.88639804343521	0.0592413360371342	0.158684315669581
SACI_RS02625	102.879268470201	-0.07	0.29568684638777	-0.234445975313504	0.814638769872199	0.89238579353518
SACI_RS12170	403.009324170712	-1.30	0.273273990812813	-4.76272274872828	1.90998179375752e-06	3.57030168161674e-05
SACI_RS02635	626.539487717315	-0.29	0.156512179200096	-1.86805708548367	0.0617541143969888	0.163318280764277
SACI_RS02640	386.934056292433	-0.38	0.182421146949792	-2.09885208874051	0.0358299414415031	0.109668955265981
SACI_RS02645	54.0692716025516	-0.13	0.332570394946551	-0.391912585166957	0.695122803748088	0.817222092277065
SACI_RS02650	166.916401200549	0.06	0.262718212774445	0.21055226482255	0.833236664328222	0.905180718367354
SACI_RS02655	661.716724142358	0.28	0.192873083253028	1.45016878701266	0.147011456841238	0.304856563037655
SACI_RS02660	2202.4404482827	0.06	0.214556223513948	0.29795363064989	0.765738554435392	0.866380370496075
SACI_RS02665	262.425154890535	-0.41	0.183308883282018	-2.23541332728207	0.0253902259639952	0.0842157431530742
SACI_RS02670	427.517609436444	-0.45	0.149868591874435	-2.9703400417276	0.00297470276764203	0.0159852097390538
SACI_RS02675	0.565431223455253	1.13	3.50547341551349	0.323173699333633	0.746563697994155	NA
SACI_RS02680	1.68200019519074	0.79	1.97673303452919	0.399019936340165	0.689878514538314	NA
SACI_RS02685	218.039857236863	0.29	0.374966421176358	0.767024710262744	0.443066823964384	0.634650179701584
SACI_RS02690	58.5685183662497	0.04	0.363240875085033	0.099835514129632	0.920474912689871	0.952504091146458
cedA2	68.3960344472621	1.67	0.450044350157993	3.71657236830474	0.000201943816661725	0.00187406726313381
cedA	610.82680663335	0.86	0.358151680776086	2.40495757517923	0.0161743433586389	0.0604689379565116
cedA1	127.936687565783	0.21	0.376550743073871	0.569086322075491	0.569297560200666	0.728155320518123
SACI_RS02705	709.402006686024	-0.25	0.267670014516835	-0.916445100889922	0.359433489299385	0.558241805042428
SACI_RS02710	252.669454920534	-0.10	0.246715003855922	-0.410994056012456	0.681076893208983	0.809068647084842
SACI_RS02715	802.962096720541	-0.22	0.241636166212196	-0.892525273040559	0.372111452635147	0.569482848857416
SACI_RS02720	4761.5184707467	0.33	0.178262523984435	1.83314247424848	0.0667813860541194	0.174070604884094
secY	11888.0879802926	0.22	0.199624177425568	1.09945803541071	0.271568328614135	0.463118984484993
SACI_RS02730	36.0105385639096	1.02	0.467050098414109	2.17887412603938	0.0293410203670912	0.0946799633793806
SACI_RS02735	267.244479952871	0.78	0.249827428214399	3.11933034806146	0.0018126261102021	0.0108302340876687
SACI_RS02740	615.133875916437	0.72	0.250044783221773	2.87523325792664	0.00403729115597562	0.020475951463543
SACI_RS02745	343.539924724482	0.68	0.270876529060052	2.50862835608777	0.012120092566837	0.0488088996393855
SACI_RS02750	114.30501571758	0.99	0.397018699440767	2.49177272296627	0.0127107342992943	0.050553178816494
SACI_RS02755	336.906362843883	0.80	0.244458547904028	3.27146979495065	0.00106990016700652	0.00716094306152444
SACI_RS02760	524.528877905885	0.59	0.252730862128144	2.34098323193403	0.0192330308930846	0.0688547768087584
SACI_RS02765	362.032265748661	0.85	0.263452456223935	3.23453246441167	0.00121842068019536	0.00787310350634876
SACI_RS11545	77.5013892964399	0.76	0.26520993143204	2.87559993596333	0.00403260467224391	0.020475951463543
SACI_RS02770	568.65426298296	1.03	0.231328603838146	4.47026773727347	7.81217402426303e-06	0.00012620036679936
SACI_RS02775	694.906955639548	1.09	0.233048635066179	4.67783706708085	2.89916761146256e-06	5.26883447166494e-05
rplX	109.474666684269	1.35	0.32157022019419	4.19210623535144	2.763765132653e-05	0.000343195873363163
SACI_RS02785	231.848527328994	1.05	0.244983936013055	4.27269951862554	1.93120620953825e-05	0.000261427665973378
SACI_RS02790	65.5634331776884	0.59	0.377242500785303	1.56387812574135	0.117846192427098	0.265146466238927
SACI_RS02795	32.6921501444546	0.19	0.468537192646209	0.408095458313326	0.683203594245552	0.811226772296102
rpmC	47.6086181127571	0.70	0.404964529515352	1.71781045644394	0.0858311936446377	0.210111907329016
SACI_RS02805	1067.33385911954	0.49	0.219939987538299	2.21305608310788	0.0268937793534704	0.0884183675477789
SACI_RS02810	1347.8812026707	0.42	0.21527696940236	1.97402200628916	0.0483792407276211	0.136726212725901
SACI_RS02815	1117.14946176872	0.31	0.209340824848857	1.46200450879653	0.143739974325548	0.300024403581845
SACI_RS02820	1015.46543993813	0.40	0.244054963538492	1.64788243379242	0.0993767987536028	0.234507738808096
SACI_RS02825	179.06943916014	0.65	0.26239162806853	2.49591812555371	0.0125631595129627	0.0500422959595485
rpl4p	1755.74863274659	0.25	0.246644204030065	1.01673327257647	0.309280332920254	0.50452408870867
rpl3p	4801.89593185556	-0.09	0.266102133153339	-0.321187350143317	0.748068417838397	0.853540798884056
SACI_RS02840	152.239399758855	-0.09	0.225685762603197	-0.417401570669729	0.676384706220354	0.805343486196057
ileS	4073.85719940674	-0.12	0.160667500196948	-0.751470401284706	0.452369607471309	0.640958994451769
SACI_RS02850	950.486765098911	-0.90	0.276985136901566	-3.24261305252186	0.0011843894839494	0.00776828892104156
SACI_RS02855	203.499658936755	-0.07	0.196514522512182	-0.345877781945539	0.729434566735988	0.841959702968007
SACI_RS02860	2414.72410622984	0.38	0.213919843164845	1.78131883771341	0.0748603787872258	0.188182722267482
SACI_RS02865	17960.242084045	0.62	0.174655821675122	3.54807760269609	0.00038805386999832	0.00313437338822717
SACI_RS02870	628.955468175914	0.05	0.183791487330057	0.279879696464918	0.779569804828787	0.874011221129891
SACI_RS02875	1117.23245929693	0.89	0.143056129708326	6.21105109887985	5.26313539220052e-10	2.45957595024799e-08
SACI_RS02880	19.5612720565045	0.64	0.458771174575432	1.38758797644554	0.165262544779224	0.331157794553774
SACI_RS02885	212.681026254221	-0.10	0.265068170893112	-0.369162514305185	0.712006594792648	0.829617657423134
SACI_RS02890	645.797841703016	0.32	0.196044337171924	1.63965759074048	0.101076381423573	0.237234879090126
rrp42	3508.34254323345	0.24	0.153664359190576	1.58558205482938	0.112834149659281	0.257218614684963
rrp41	3882.02042445523	0.24	0.143068937648698	1.68853906861929	0.091307795892437	0.218022355703018
rrp4	1945.51052107089	0.03	0.159673220349787	0.192647653577785	0.847234921754749	0.912058325887363
SACI_RS02910	1669.80387061606	0.18	0.156918468453241	1.15498392354199	0.248097009933187	0.437808411999427
psmA	2358.78400496616	0.30	0.135708412452364	2.23967383870119	0.0251121051732883	0.0834384216047516
SACI_RS02920	152.318534927819	0.40	0.32026888009245	1.25816694345559	0.208331387183489	0.386943392660888
SACI_RS02925	872.938413648914	0.61	0.295220094231496	2.07940892793977	0.0375797806084518	0.113695128152969
SACI_RS02930	575.832130696575	0.20	0.260623692007385	0.755259208633508	0.450093468873169	0.639812751279755
SACI_RS02935	2818.88328792329	0.43	0.178157151123555	2.38889781560264	0.0168990018298296	0.062730053600942
SACI_RS02940	846.091306584649	-0.02	0.128589061658634	-0.159186878694756	0.873521641326854	0.924385821007835
SACI_RS02945	1289.00880847463	-0.21	0.183413756953666	-1.12841636555064	0.25914411941949	0.451518082903333
SACI_RS02950	2820.51918654692	-0.02	0.251967073159007	-0.0698962833660896	0.94427621134048	0.968706720924357
SACI_RS02955	301.243292288499	-0.27	0.122795807934794	-2.22461431966946	0.0261071405072219	0.0862656397820702
SACI_RS02960	78.5631765685967	-0.63	0.257198875484626	-2.46225193632559	0.013806764473255	0.0539288098903108
SACI_RS02965	152.00103463436	-0.19	0.249698775239039	-0.746066846252976	0.455627035588946	0.643656213084877
SACI_RS02970	579.965607764491	0.11	0.251934359288928	0.430826165220151	0.666594772941682	0.798023111065133
SACI_RS02975	149.086419566265	0.63	0.282247020370667	2.2403881992706	0.0250657317239079	0.0834384216047516
SACI_RS02980	122.734845942288	0.71	0.301435845094372	2.35227965660815	0.0186587408353179	0.0672785636171246
SACI_RS02985	0	NA	NA	NA	NA	NA
SACI_RS11555	0.601997410129934	-0.78	2.41497978851014	-0.322331556574119	0.747201529109903	NA
SACI_RS02995	53.2985831391375	-0.63	0.462458516157749	-1.36562676645648	0.17205614089237	0.341770436133976
SACI_RS03000	11.5262763594205	-0.21	0.48066270119204	-0.434720104076556	0.663765603894346	0.796457856667356
SACI_RS03005	13.8240435796223	-0.09	0.476475526932982	-0.180400468515451	0.856838186537108	0.915990822780887
SACI_RS03010	42.6775114171386	0.06	0.300405616665334	0.185303516710286	0.852990979862652	0.913452076472652
SACI_RS03015	105.966521049797	-1.07	0.328768807160497	-3.24150658264562	0.00118899688132456	0.00777901209606593
SACI_RS03020	17.666452057068	1.25	0.462372724791373	2.70780021782384	0.00677307807256282	0.0311513977432283
SACI_RS03025	28.2164517502846	-0.96	0.36035729880515	-2.65053436059424	0.00803645522853047	0.0358897667799731
SACI_RS03030	568.72291813946	-0.43	0.165191797105084	-2.5923189378498	0.00953313474829694	0.0406077834228542
SACI_RS03035	18.9440082978355	-0.08	0.494638508236502	-0.16193711871311	0.871355372073504	0.924268520530233
SACI_RS03040	1625.56325080004	0.30	0.310831805237006	0.9653125050777	0.334388310208568	0.534398375497252
SACI_RS03045	575.644835245635	-0.52	0.160099945962621	-3.22504660701905	0.00125952162290853	0.00803943435890637
SACI_RS03050	1382.44189042904	0.69	0.362107301930577	1.90035161762573	0.0573869916890953	0.155497517441677
SACI_RS03055	119.370287231365	0.28	0.290621322939448	0.965121486690915	0.33448396601624	0.534398375497252
speE	3083.86141457214	0.17	0.267016027711574	0.64419220614732	0.519450804257123	0.690052159766949
SACI_RS03065	103.766892690281	-0.01	0.342230416933026	-0.0331461765170868	0.973558019426808	0.979546842306788
SACI_RS03070	7.33884732923012	-0.82	0.698618173408334	-1.1720855050457	0.241162728818629	0.427879905978543
ahcY	1673.77460337343	0.87	0.229621682671341	3.79100870687491	0.000150036693761384	0.00144589133447578
SACI_RS03080	270.42461710771	0.56	0.270334769286397	2.07794858302024	0.0377140951254184	0.113969730881316
SACI_RS03085	8.23713450324118	-0.17	0.68698923912117	-0.243858847557157	0.807340141991466	0.886989568258466
SACI_RS03090	10.7686076213812	0.73	0.687771856546256	1.06019332237484	0.289056658400078	0.4824370376486
SACI_RS03095	194.464843335481	0.61	0.259676484858282	2.36751434281663	0.0179080258977709	0.0653376015083387
SACI_RS03100	725.986927626647	0.06	0.207517494718641	0.269084386618693	0.787864745142507	0.877924352070185
SACI_RS03105	1313.05952615061	0.86	0.268536708262203	3.20520992910273	0.0013496400587336	0.00853142037127012
SACI_RS03110	104.190362638411	-0.04	0.276827995294129	-0.15514605663966	0.876706173789706	0.926631686917472
hflX	1085.68699539691	0.14	0.187850568933396	0.765738245814763	0.443832065357505	0.635051129054451
SACI_RS03120	488.8619535259	0.07	0.223821955610998	0.299106034125436	0.764859142362099	0.865759678011078
SACI_RS03125	3168.97988751703	-0.03	0.284747908278637	-0.117494307245923	0.906468354959256	0.944734243300825
SACI_RS03130	509.738393367179	-0.18	0.244281366411231	-0.737837841919234	0.460612994608077	0.646340057313318
SACI_RS03135	1410.78938957913	0.77	0.152253251036474	5.03247990666761	4.84175367887385e-07	1.0647789392952e-05
tgtA	3292.38030533245	0.55	0.224950741867571	2.43595441177791	0.0148525562615259	0.0567432696881947
SACI_RS03145	993.229519331618	0.35	0.201517837937012	1.73573988011143	0.0826098385956969	0.203952780759376
SACI_RS03150	260.585799794408	0.13	0.297437268501894	0.431350375999462	0.66621362639294	0.797931835363993
psmB	5075.36228441061	0.68	0.159061286601181	4.30328947659249	1.68280747123136e-05	0.000233010960434522
hisS	769.329305498983	0.28	0.10852463576408	2.5348713218915	0.0112488638267246	0.0459973072414659
SACI_RS03165	28.8766276300324	-0.20	0.34320127147911	-0.572526329857722	0.566965453277816	0.726971382277337
SACI_RS03170	171.034421090738	0.55	0.418729170047723	1.31736870377231	0.187715066044261	0.360575882020412
SACI_RS03175	5502.71128277253	1.24	0.337320189558915	3.685299188102	0.000228434134535679	0.00203337459210841
SACI_RS03180	455.108716956716	0.42	0.315321101594055	1.31982505341844	0.186893434861052	0.359897070663263
SACI_RS03190	694.473568894423	-0.69	0.203544672501941	-3.40259561590477	0.000667489946191775	0.0048237990616657
SACI_RS03195	711.820765966865	-0.37	0.157873082169734	-2.36611304710895	0.0179759545609491	0.0653376015083387
fbp	8292.4268816473	0.09	0.215383550445037	0.433587825010935	0.664587777460924	0.796713794601575
SACI_RS03205	506.75159734182	0.25	0.172739566550868	1.46704096370475	0.142364912246914	0.297843948397845
SACI_RS03210	0.390076253141176	-2.63	9.18812763287766	-0.286305428207832	0.774644200962095	NA
SACI_RS03215	763.232785240523	-1.18	0.451693725267131	-2.62288551051731	0.00871885659673355	0.0378395484471836
SACI_RS12185	1.12549600870353	1.80	1.71283389398582	1.04966746668577	0.293871026383327	NA
SACI_RS12190	1.01799378025146	1.26	1.6879010367619	0.746018653097235	0.455656147161257	NA
SACI_RS12195	7.23688048467561	-0.35	0.735201100860824	-0.476035117062199	0.634049359807029	0.776156082445479
SACI_RS03230	154.914438898007	0.22	0.237743986463828	0.944492702175853	0.344917929386802	0.543978988484553
SACI_RS03235	137.07499814584	-0.46	0.300509935113531	-1.53269553230265	0.1253508904984	0.275462866084413
SACI_RS03240	1.22694571128627	0.17	1.43630929019095	0.120878217233693	0.903787495769081	NA
SACI_RS11570	4.4414664179636	-0.04	0.809105076487463	-0.0510200483940197	0.959309545043522	0.974421377767445
SACI_RS03245	21.5484655075297	-0.52	0.563263844303734	-0.929628799051071	0.352563311073335	0.551499214034022
rpsJ	2017.12853585647	0.27	0.239818018195294	1.14401833317699	0.25261603400218	0.443697183247565
tuf	19898.2570362824	0.45	0.21913920386699	2.06749388431582	0.0386876398789233	0.116240589624733
SACI_RS03260	1249.88993368923	0.51	0.183451523534933	2.76457231526361	0.0056997471812762	0.0273191178999997
SACI_RS03265	303.477998595825	0.86	0.3082432568784	2.78007032181035	0.00543471281707175	0.0262410395613963
SACI_RS03270	2470.55551728438	0.39	0.201070159055738	1.92066577180229	0.0547738574245335	0.149783892246608
SACI_RS03275	1469.52243117169	0.50	0.187858718206082	2.64219465450942	0.00823707004709272	0.0365580810706525
SACI_RS03280	817.597657841747	0.37	0.195828302300419	1.88678352336431	0.0591894481487608	0.158684315669581
rpoA2	1407.95862305684	0.81	0.16684274177713	4.83874198650375	1.30663539373676e-06	2.5518394219471e-05
rpoA1	5675.89836618394	0.38	0.140123662260213	2.68385998228067	0.00727775787006197	0.0331809971183836
SACI_RS03295	11272.6940145811	0.15	0.14463608576077	1.05270927384515	0.292474256992524	0.486444501496621
SACI_RS03300	525.930782940992	0.21	0.163055002489487	1.26188364974715	0.206990656190806	0.385822327102093
infB	1813.3433608335	0.38	0.144808178448753	2.59803613544272	0.00937586267324989	0.0400925369540767
ndk	1386.72142948284	-0.25	0.294352584990901	-0.862638305841765	0.388336362374152	0.585122956348012
SACI_RS03315	44.8019067517112	0.25	0.391633498574011	0.628033934682634	0.529981709968981	0.697590180407102
SACI_RS03320	1284.53815965927	0.21	0.317052095150185	0.647588268432271	0.517251287067701	0.68782856618708
upp	1260.93507347985	0.01	0.294571512723815	0.0424272892268842	0.966158074273626	0.976905947876992
gatB	1885.29219748181	-0.11	0.0955994414127989	-1.10150526497024	0.270676814314848	0.462983689640273
SACI_RS03335	942.874198805667	-0.19	0.147531667514642	-1.28184510821292	0.199896986881667	0.377438971622887
SACI_RS03340	218.57158502049	0.01	0.222384047758072	0.0621314008473176	0.950458191036333	0.972105385555159
SACI_RS03345	32885.9008678338	1.37	0.314836565410701	4.36715211333493	1.2587706463375e-05	0.000190416345749436
SACI_RS03350	193.692571956322	0.41	0.209117475790683	1.93783502989055	0.0526433525336348	0.145384708937928
SACI_RS03355	32.1337273905979	-0.31	0.339602056803621	-0.912144544880621	0.36169263182575	0.559757313712588
purB	837.882553799091	0.25	0.139871949197985	1.80567454953039	0.0709691903139669	0.181019854826171
SACI_RS03365	511.482747069914	0.19	0.162536972853318	1.16453107900816	0.244208855990859	0.432697749578929
SACI_RS03370	672.347864316573	-0.02	0.165145384683982	-0.122824918052234	0.902245741904789	0.943506442984132
SACI_RS03375	942.66984385688	0.52	0.380868278849495	1.35501429080445	0.175413003954329	0.345674571798554
SACI_RS03380	1336.66123944112	0.60	0.391045903024804	1.5438340050584	0.12262855108174	0.27196518489908
SACI_RS03385	1383.09515106091	0.32	0.164239684890585	1.9605183509265	0.0499352352300798	0.139914893572932
SACI_RS03390	822.439481417169	0.02	0.367476315088797	0.0601525835834167	0.952034110105345	0.972472000837505
ilvA	941.380216986372	-0.11	0.154708161173263	-0.72225476453543	0.470137858790446	0.65201418996004
SACI_RS03400	350.359381560925	-0.35	0.221544667699789	-1.57064852850376	0.116264311122359	0.262818317159434
radA	3848.03102902054	0.23	0.271934438966914	0.838139616539797	0.401952295353942	0.596468388792244
SACI_RS03410	58.5706308318695	0.28	0.276464327642486	1.01098103006283	0.312025509238299	0.506871978694368
SACI_RS03415	283.998801791974	0.24	0.16505622955669	1.47335262648261	0.140655977154299	0.295659993745221
cyaB	160.909630245464	-0.07	0.278336391188958	-0.238516371482888	0.811480619103356	0.890043914582348
SACI_RS03425	604.992976435374	0.02	0.1382257092528	0.120920434333156	0.903754056676126	0.943506442984132
SACI_RS03430	795.279784004292	0.35	0.175121097794123	1.98385335510851	0.04727219013077	0.134854200966736
SACI_RS03435	117.52362186503	-0.13	0.29235203511994	-0.446543178923191	0.65520492968749	0.791995981982523
SACI_RS03440	343.241586715891	-0.22	0.300182527731739	-0.742887423459147	0.457549840529294	0.644460674200841
SACI_RS03445	2.07781541688969	-4.26	1.8727494092952	-2.27539360781696	0.0228823284931483	NA
SACI_RS03450	519.869178021815	-0.49	0.350524284064149	-1.39278129947995	0.163685935050611	0.329766044670862
SACI_RS11915	2.78007021826727	-0.34	1.05552545934529	-0.317688486188832	0.750721245806889	NA
SACI_RS03455	182.68906938763	0.96	0.274821454978387	3.49622604406167	0.000471888769418017	0.00365364766144068
SACI_RS03460	0.51083948273812	0.24	4.1504172700955	0.0584476111083463	0.95339209138368	NA
SACI_RS03465	72.6758414297551	0.50	0.374837916043414	1.33906573766326	0.180549273222166	0.352873374176555
SACI_RS03470	527.494882741487	0.59	0.151371826625433	3.91881583729015	8.89850708936517e-05	0.000950505838892598
SACI_RS03475	488.167205889251	0.82	0.14119701887295	5.77702661344618	7.60322634130687e-09	2.76356157433334e-07
SACI_RS03480	526.968786356094	-0.17	0.24458284936402	-0.688620154634499	0.491062334415553	0.66744012239312
rnpB	16700.6168875798	-1.93	0.365813955151379	-5.27846276053492	1.30272133493364e-07	3.47879768726667e-06
SACI_RS03485	119.885576117141	0.16	0.221845111563224	0.706029560653017	0.480169754486955	0.658597613989708
SACI_RS03490	1391.75744936381	0.21	0.224232212584411	0.914571048209321	0.360416863461015	0.559105472245096
SACI_RS03495	835.369630764508	-0.73	0.277725652626917	-2.62608805902751	0.00863724691504491	0.0378395484471836
SACI_RS03500	75.91169990423	-0.84	0.306504395357024	-2.72968159111031	0.00633955235622883	0.0296790850022377
SACI_RS03505	95.8075120850598	-1.05	0.247362356541704	-4.25055735250829	2.13239222988348e-05	0.000279023523280253
SACI_RS03510	6.25812231009903	-2.09	0.898350723678489	-2.32629404861961	0.0200028693051991	0.0705579270962436
SACI_RS11815	1.12385882550809	2.48	1.88520762338989	1.31302745201612	0.189173697968108	NA
SACI_RS03515	109.452197942595	-0.63	0.326310072697914	-1.92445987696009	0.0542969653412957	0.148790741673477
SACI_RS03520	182.663259381521	-0.74	0.308936597046153	-2.38498661581624	0.0170797427322888	0.0633111710062319
SACI_RS03525	199.046105570898	-0.75	0.222831777894777	-3.36822728212976	0.000756532016749694	0.00536543167434675
SACI_RS03530	60.4632224741332	-0.25	0.304737883372713	-0.824111859358962	0.409876002246486	0.604647969492138
SACI_RS03535	34.6623986551852	-0.02	0.403014161733986	-0.0548080359243225	0.956291398285751	0.973854262711989
SACI_RS03540	10.818922211338	-0.42	0.763111814670752	-0.554180206741305	0.579455522913421	0.736133545371079
SACI_RS03545	69.1778312204646	-0.05	0.322411827216107	-0.158249758313591	0.874259996230646	0.924419559650748
SACI_RS03550	231.462575829888	-0.63	0.525274511844133	-1.19184630085816	0.233321517129099	0.418507477948493
SACI_RS03555	395.395704707108	-0.69	0.326194778250701	-2.12851544305775	0.0332943709330378	0.103851452600429
SACI_RS03560	432.461910803608	-0.42	0.269187870271369	-1.57538959860546	0.115166543798967	0.261623997501647
SACI_RS03565	84.4649335184489	-0.03	0.271896061216496	-0.113787440079734	0.90940629528668	0.947041892067346
hxlB	1808.05680104261	-0.30	0.169127686045679	-1.78418285845928	0.0743939567561514	0.18738112110765
SACI_RS03575	921.775310245308	0.63	0.310298444921768	2.04364524163024	0.0409886064209523	0.121342967198679
SACI_RS03580	154.159355183841	-0.24	0.370733510332764	-0.651381906364501	0.51479998755677	0.684916912778885
argC	1093.31141396112	0.44	0.21004253061217	2.11003926931148	0.0348549735597482	0.107438711196538
SACI_RS03590	468.221744928728	0.58	0.22395430514683	2.57591133986435	0.00999762780256716	0.0420639742111226
SACI_RS03595	491.099528583663	0.51	0.174589000516615	2.94755216296584	0.0032030070844145	0.0169480669076951
SACI_RS03600	44.1629103326892	1.21	0.359573512660542	3.35210192735155	0.000802004855415086	0.00565726875100075
lysX	2963.85171429637	0.30	0.382224674656828	0.789306774689803	0.429932727993683	0.621415231764097
SACI_RS03610	952.650962857075	0.75	0.416267601151251	1.80353309036477	0.0713045334632605	0.181698114969185
SACI_RS03615	369.63012038005	0.58	0.37766964272061	1.52460720829721	0.127357098404299	0.27841345655928
uppS	570.508841258055	-0.13	0.150385966924677	-0.83407424239459	0.404239148775068	0.598108620888634
SACI_RS03625	799.139198746624	-0.42	0.316924884882053	-1.32284625095461	0.185886512747092	0.359014762995675
SACI_RS03630	174.602554458616	-1.05	0.395839687688016	-2.65208571359985	0.00799962313648616	0.0358476262811375
SACI_RS03635	5.46706056808966	0.90	0.856790205433472	1.05008092589708	0.293680907495647	0.486740300770176
SACI_RS03640	83.1237712612786	-0.22	0.252197076794869	-0.853726577620486	0.393256504466167	0.589772075752411
SACI_RS03645	490.989515888234	-0.27	0.148647171621812	-1.797409420939	0.0722706462210808	0.183445471542743
SACI_RS03650	1.18988608674907	-1.61	2.77336960801579	-0.581595884425232	0.560838915730841	NA
SACI_RS03655	4099.92939744147	-0.00	0.20286320205934	-0.0236347581770105	0.98114394687278	0.985663611887165
SACI_RS03660	0.595638949403697	1.16	4.21880051374541	0.274305424426442	0.783849916245981	NA
SACI_RS03665	136.508552566541	0.63	0.249506001213119	2.50854480111587	0.0121229594060377	0.0488088996393855
SACI_RS03670	31.553728249533	-0.18	0.408446579390686	-0.449786164697709	0.652864634777287	0.789531769506544
SACI_RS03675	1353.0941776152	0.48	0.176945711673519	2.71452052936369	0.00663717864565047	0.0305800994994142
aspS	5982.91021162863	0.15	0.204054558675235	0.716067835013472	0.473949463617651	0.653710028056215
SACI_RS03685	275.63485352366	0.27	0.213982952735693	1.2582511844033	0.208300929303626	0.386943392660888
pth2	79.9915426283248	0.32	0.302491375508502	1.07280573302963	0.283358288003354	0.476395308125849
SACI_RS11585	54.6242697351992	0.68	0.298342239146507	2.26983530843184	0.0232175773946166	0.078619486360817
SACI_RS03695	557.454816246119	0.48	0.247596523209026	1.94963983318477	0.0512190621915915	0.142596048675952
SACI_RS03700	4010.11925891682	0.23	0.169517335900354	1.35357244856726	0.175872821771003	0.346059529755424
SACI_RS03705	134.151468120207	0.10	0.290854134488912	0.331475055625437	0.740285679717103	0.848588534305589
fen	413.767666017053	0.60	0.247326357490516	2.42467736414157	0.0153219968479591	0.0581125590595781
SACI_RS03715	139.038844193446	0.23	0.274397647063963	0.855853444711129	0.392078848889789	0.588680635424313
SACI_RS03720	875.363522678956	0.17	0.197169812785246	0.879797532210849	0.378969001783469	0.575601786225966
hemB	1160.52970132371	0.07	0.14630389145101	0.444704582624313	0.656533257161262	0.792405574331648
hemL	787.784297910771	0.08	0.184067872696382	0.457231742815391	0.647504484872926	0.787050272602158
hemC	447.148447294984	0.25	0.166152371916314	1.49250734465021	0.135566193265462	0.288202053432749
SACI_RS03740	178.450298885836	0.16	0.19596336285342	0.804664747155505	0.421013167899874	0.6122352055796
SACI_RS03745	275.933754547641	-0.20	0.229053138134086	-0.870265036629219	0.384155581340671	0.581454688472259
SACI_RS03750	1667.21084912768	-0.09	0.237501950065311	-0.372988389659109	0.709157085168681	0.828141049480784
SACI_RS12200	606.113253643016	-0.35	0.232546785573863	-1.50627138474145	0.131997520804062	0.283377778461223
SACI_RS12205	302.008291326958	-0.15	0.22486662237997	-0.664817050747853	0.506167515522735	0.67760273305385
SACI_RS03765	841.944899548353	-0.25	0.152524402860159	-1.66721828397564	0.0954710083609708	0.226516435975214
SACI_RS03770	1665.01089412486	-0.15	0.207751330071026	-0.724915593249885	0.468503814057652	0.651128242904341
dcd	1446.39381390542	-1.36	0.375054825417667	-3.6270558452374	0.000286671309614524	0.00245973382708593
SACI_RS03780	771.265714811012	0.41	0.18618884179989	2.17735861473209	0.0294538209720052	0.094810146966467
SACI_RS03785	4489.91273155419	1.28	0.175891307068831	7.25293579407675	4.07833443341412e-13	5.33650060612238e-11
SACI_RS03790	825.219836681444	0.12	0.1562939245325	0.741234140957067	0.458551486082554	0.644921184704367
SACI_RS03795	235.211874996887	0.49	0.196079831812173	2.51661861092174	0.0118487010936729	0.0478519301884907
SACI_RS03800	44.5627889215655	-0.17	0.381501201663364	-0.441399948403279	0.658923479569412	0.793642456753556
SACI_RS03805	402.98579743951	0.13	0.131337133525077	0.954002808574091	0.340082220719071	0.538953337898822
SACI_RS03810	415.870664366349	-0.34	0.211026513754797	-1.60641635149544	0.108182460525202	0.249727595941093
SACI_RS03815	1459.93424991256	0.49	0.302520988128279	1.62735373513799	0.103661991462781	0.241570286427514
SACI_RS03820	7753.56534973068	0.47	0.234965328513178	1.9875611047719	0.0468602515990075	0.134419285067612
SACI_RS03825	768.110933265333	0.36	0.191910062086276	1.87781210984154	0.0604068730453182	0.160818704740181
SACI_RS03830	108.938216831664	-0.71	0.390813512806566	-1.81001151663571	0.0702940012353803	0.179823461615826
SACI_RS03835	3691.39611769938	-0.35	0.193020064532831	-1.80248383226441	0.0714693161601148	0.181940856411498
SACI_RS03840	555.419713392682	0.57	0.248852873933294	2.28711916794583	0.0221888683667056	0.0763307117129425
SACI_RS03845	2500.29646950105	-0.04	0.191797830061659	-0.229578949077552	0.818418966187687	0.895429920608494
SACI_RS03850	4905.16618910133	0.62	0.307446496829635	2.00366456880959	0.0451060041135777	0.131304129883463
SACI_RS03855	552.431526740455	-0.29	0.135038452925074	-2.12571601215896	0.0335269128656334	0.104204193550312
glmM	1885.02326904083	-0.41	0.182053427907757	-2.27512445534796	0.0228984650102698	0.0779262456851444
SACI_RS03865	255.276753483265	-0.05	0.142702445370586	-0.331028363763733	0.740623061036369	0.848603568621794
SACI_RS11590	1.01647813321238	0.24	3.21737070527018	0.0753985940599921	0.939897577804895	NA
SACI_RS03870	2.10266611592308	-1.31	1.63217038813898	-0.804555365027732	0.421076308089524	NA
SACI_RS03875	278.578146082979	-0.77	0.337672560014123	-2.2875587452378	0.0221632307033445	0.0763307117129425
SACI_RS03880	745.747100439299	-0.59	0.345545932785321	-1.71739278710054	0.0859074286748365	0.210111907329016
SACI_RS03885	641.633012651879	-0.38	0.289581490483994	-1.32517282275229	0.185113837127689	0.358846601306046
SACI_RS03890	962.9647400214	-0.39	0.277625981668749	-1.41829358351898	0.156105069243064	0.318167419165966
SACI_RS03895	930.350888633901	-0.02	0.16534285513501	-0.0947274489522375	0.924531314897923	0.956166236514126
SACI_RS03900	248.73178467223	0.09	0.291628015584666	0.301603495871517	0.762954342710997	0.8648605042438
SACI_RS03905	36.5002882839154	1.12	0.380285080518423	2.9424315041768	0.00325645817066537	0.017181756114176
SACI_RS03910	518.055438325521	-0.05	0.187592894078067	-0.278948876874222	0.780284058314	0.874145282794409
SACI_RS03915	371.691999562415	1.14	0.543563725254584	2.1041396117242	0.0353662703747889	0.108630903252139
SACI_RS03920	397.846342891147	0.94	0.521553190675747	1.81027285115326	0.0702534850086452	0.179823461615826
ribH	325.610158878646	1.04	0.536297607948241	1.93572439828379	0.0529014645980801	0.145442053284475
ribC	286.486168488671	1.30	0.61366159684016	2.11594561747769	0.0343494330554796	0.106255870338286
SACI_RS03935	357.799616510679	0.95	0.611966459291523	1.55367098549199	0.120262917375016	0.268998337410614
SACI_RS03940	37.7125591309165	-0.23	0.340142626063286	-0.671360300693706	0.501991028800635	0.674735758793663
SACI_RS03945	3614.56736243324	0.62	0.171696428679657	3.61010173997836	0.000306076926056645	0.00259224373945061
SACI_RS03950	283.049602812198	-0.16	0.217481864603028	-0.727118415901367	0.467153418213082	0.649941783872215
pcn	542.25931290882	-0.75	0.186958456828523	-3.99535027660758	6.45986718675313e-05	0.000710313967551804
SACI_RS03960	2227.98456878366	0.15	0.165142433328388	0.906786632800326	0.364519640010371	0.562303785254917
SACI_RS03965	2270.82810785852	0.18	0.14973253001212	1.19713697487506	0.231253170289827	0.415687215985412
SACI_RS03970	3696.35931491077	-0.04	0.204549282542234	-0.197523498089358	0.843417894835813	0.909820540307223
SACI_RS03975	345.066457177862	0.16	0.199594484717459	0.781971649552281	0.43423123508871	0.625417249437069
SACI_RS03980	1594.19589033346	0.34	0.207902780755197	1.64143717231333	0.100706698912445	0.236579381556435
SACI_RS03985	2201.07710859952	0.34	0.190141275099858	1.77143607337067	0.0764882143411536	0.191001581040839
SACI_RS03990	223.152218487987	0.26	0.228163804441437	1.1440066847167	0.252620864745461	0.443697183247565
SACI_RS03995	505.442107652088	-0.40	0.206825601044237	-1.95215046064396	0.0509203437592663	0.141915377654952
SACI_RS04000	70.5037752648858	-0.71	0.292906653382589	-2.41398311742643	0.0157791934740934	0.059383419206706
SACI_RS04005	185.364738987683	-0.84	0.202620234459191	-4.15200792558543	3.29570845229533e-05	0.000397459401827506
SACI_RS04010	1085.32315019892	0.51	0.188319077653513	2.70127603691985	0.00690739837945011	0.0316560837993161
SACI_RS04015	2552.18980355601	0.23	0.171197231763986	1.35765466802873	0.174573287437303	0.344798711866734
SACI_RS04025	2073.8595920105	0.02	0.130155373975683	0.132297754802979	0.894748783174947	0.939252934443978
SACI_RS04030	1402.4082616059	-0.05	0.192856468007404	-0.261054915920295	0.794050158278236	0.877941159724646
SACI_RS04035	226.110105884713	-0.89	0.240999954969554	-3.69640962343506	0.00021867005291601	0.00198293136780814
SACI_RS04040	35.4718765177794	-0.29	0.298625985402024	-0.954787217984857	0.339685312599901	0.538761492772086
SACI_RS04045	519.853503917822	-0.41	0.322072598758382	-1.2619009857587	0.206984417262219	0.385822327102093
SACI_RS04050	852.614472723572	0.11	0.135945819945332	0.793582193812641	0.427438701887037	0.618698607764589
SACI_RS04055	4007.41136606509	0.10	0.109096843348746	0.937765217391242	0.348365079771633	0.5472217369522
SACI_RS04060	156.817188648469	0.28	0.56296055700757	0.499073582662377	0.617727547307215	0.766307042076357
SACI_RS04065	432.937816062471	0.25	0.169776069823216	1.48133795869675	0.138516538212221	0.29257286561855
SACI_RS04070	205.258003860871	0.90	0.272117535876546	3.29396441084607	0.000987850051173562	0.00674355141765153
SACI_RS04075	432.625751307457	1.31	0.256134087260409	5.11016263794603	3.21881600889167e-07	7.45454999581371e-06
kae1	1591.68404610387	0.49	0.189550068413553	2.56644752845572	0.0102746169213885	0.0430218759732378
SACI_RS11595	305.736695068271	0.15	0.200889352649065	0.724051362436999	0.4690342028751	0.651354421167917
SACI_RS04085	578.264564869348	0.04	0.188447607241214	0.204984177359691	0.837584487177939	0.908149884864383
SACI_RS04090	4135.38523828857	1.04	0.462054039734115	2.24868127064526	0.0245327816225529	0.0821001144580829
SACI_RS11600	2.23020848747941	1.36	1.26683472912133	1.07359550840935	0.283004011588733	NA
SACI_RS04095	367.125208879656	0.41	0.325317222218567	1.25086520928012	0.210983658855081	0.390207940087455
SACI_RS04100	1539.91916189604	-0.35	0.164229969240276	-2.14962186659922	0.031585137326591	0.0995732121977646
endA	612.144149587178	0.18	0.189235092661832	0.936952855692256	0.348782808958983	0.54754925677604
SACI_RS04110	1194.55156380571	0.03	0.156893609584052	0.198333288083355	0.842784308835945	0.909820540307223
SACI_RS04115	516.803933470934	0.06	0.164371016678405	0.383781840271525	0.701140148671308	0.821712390986482
SACI_RS04120	488.751397398088	-0.06	0.183458156676195	-0.341273353690926	0.732897805767156	0.843454928180129
glyS	2106.90388285052	-0.03	0.191975733434931	-0.173950750533051	0.861904167411923	0.919000854973815
speB	2695.42606408756	-0.22	0.259300742625859	-0.836837990026314	0.402683639987859	0.597066904163302
SACI_RS11605	247.450756774226	-0.18	0.251414743088175	-0.716425876414634	0.473728421670193	0.653710028056215
yciH	113.492494414467	-0.13	0.256173919782264	-0.509938073847085	0.610094846936987	0.759822765056604
SACI_RS04140	1880.58539799604	0.17	0.187887935243603	0.905560729888714	0.365168402176802	0.56247540229352
SACI_RS04145	309.098687765481	-0.86	0.26957995320865	-3.17849572085243	0.00148041403321857	0.00920247868155105
SACI_RS04150	6.34614969038165	-0.70	0.720259708071143	-0.965671337607067	0.334208666209501	0.534398375497252
SACI_RS04155	388.866476286313	-0.78	0.177027935586494	-4.39337071133394	1.11606573599932e-05	0.000172825090598238
SACI_RS04160	705.682376995486	-0.64	0.140561624591384	-4.58229250706682	4.59905964558577e-06	7.86649613888756e-05
SACI_RS04165	361.472105519736	-0.45	0.156027531242962	-2.85746551188869	0.00427039038435407	0.0213682822865289
cadA	1732.36835128197	1.31	0.244986142985417	5.33119266630983	9.75698347213943e-08	2.68779218385146e-06
SACI_RS11610	7.05126598152492	1.55	0.782394878044914	1.97536642010954	0.0482265806669728	0.136589785287303
SACI_RS04175	23.4901399564611	0.08	0.380637807730718	0.217573258729688	0.827761621792347	0.901103229713216
SACI_RS04180	84.6915483300638	0.08	0.302152683324702	0.267137152626284	0.789363563009152	0.877941159724646
SACI_RS04185	889.870926443157	-0.57	0.338491684740171	-1.69103695989477	0.0908297438852308	0.217476157134171
SACI_RS04190	704.583421900067	-0.39	0.204694772289399	-1.90026757923267	0.0573980136983799	0.155497517441677
SACI_RS04195	111.65385518504	-0.27	0.238435691821164	-1.13931018828137	0.254573800439922	0.44503649682784
SACI_RS04200	154.597887425378	0.05	0.283260227895625	0.164760895756543	0.86913218398684	0.922725730423351
SACI_RS04205	1307.78049454522	-0.27	0.187593617872933	-1.43020577997705	0.152657967036571	0.313830243310846
SACI_RS04210	9079.08621024603	0.29	0.29443247355525	0.991494541911043	0.321444156207719	0.517673450335754
SACI_RS04215	937.980745642823	1.74	0.559559812637469	3.11306563819603	0.00185154833742462	0.0109875328776423
SACI_RS04220	632.150934248861	0.02	0.18210914410142	0.100086433592352	0.920275705673237	0.952504091146458
SACI_RS04225	968.490010839	1.39	0.251851641438096	5.50065570846379	3.78381428570653e-08	1.2224990105795e-06
SACI_RS04230	22131.456780087	-0.19	0.321600573092531	-0.577456089125355	0.563631393610434	0.725183558052362
SACI_RS04235	487.73958810259	-0.45	0.155235845933259	-2.92418175798344	0.0034536302260885	0.017932837900146
SACI_RS04240	331.624238923631	-0.14	0.170139019431667	-0.816795569092438	0.414045264802458	0.606158845278154
SACI_RS04245	5.11393758062959	-1.00	0.865908657991471	-1.15988326466255	0.246096337270088	0.434864358295624
SACI_RS04250	64.1714208693901	-0.41	0.37826872330088	-1.09007590804572	0.27567970783684	0.468071520584291
SACI_RS04255	435.814086541452	-0.37	0.207244019920826	-1.76587124845054	0.0774174517966484	0.192953782239837
SACI_RS04260	532.640520209392	-0.06	0.220202340408715	-0.262506877850253	0.792930683481803	0.877941159724646
tmk	542.510340726238	0.17	0.166798306994113	1.00350154321391	0.315618932715885	0.511159657290719
SACI_RS04270	728.540634391554	-0.85	0.267170119009118	-3.18643534967452	0.00144037675456425	0.00901786116434124
SACI_RS04275	544.283680268348	-0.94	0.231581646672296	-4.05442748111054	5.02572380759842e-05	0.000576856105459871
SACI_RS04280	26.1415288510334	0.07	0.399788814014453	0.169742610691368	0.865212561816966	0.921180339412124
SACI_RS04285	99.1547144056127	-0.32	0.204936839445886	-1.54005400384606	0.123547190259505	0.272846410893776
SACI_RS04290	368.642417856928	-0.20	0.182149143770864	-1.12171749554639	0.261982575302875	0.454045297726904
SACI_RS04295	905.176929975181	-0.26	0.291999536016044	-0.883705146887397	0.3768554012143	0.573056702485661
SACI_RS04300	4335.85419808866	-0.16	0.208207384609618	-0.784670267084686	0.432646919854515	0.624165925721756
SACI_RS04305	293.69371098576	-0.24	0.3932643625807	-0.616403417456178	0.537628298401447	0.703486628458293
SACI_RS04310	155.298599349881	-0.69	0.209100207451407	-3.300456690813	0.000965276106999935	0.00661289940319065
SACI_RS04315	1232.89765328972	0.15	0.251157757055789	0.613350877230319	0.539644359300568	0.704704652628681
SACI_RS04320	139.5913857211	0.82	0.309643137807505	2.65123474064115	0.00801980810514169	0.0358766458310355
moaC	844.504463981677	-0.19	0.211229258622612	-0.913394729885728	0.361034976314922	0.559732543256013
SACI_RS04330	1769.25995198503	0.11	0.191421099406105	0.558581487673012	0.576447377082593	0.734281546521461
SACI_RS04335	1843.72201568689	-0.01	0.142948111754658	-0.0516352802883532	0.958819307219868	0.974421377767445
SACI_RS04340	499.011921007786	-0.39	0.198458417298009	-1.99012863091963	0.0465767676141275	0.13438963709611
SACI_RS04350	981.528564365735	-0.05	0.168455032488676	-0.29571103708596	0.767450767590023	0.86681858385114
SACI_RS04355	1776.73172399179	0.63	0.330814030144092	1.89089508834769	0.0586383502302737	0.157625016250914
SACI_RS04360	596.010673772207	-0.38	0.225705614183657	-1.69141486650691	0.0907575948999598	0.217476157134171
SACI_RS04365	413.115348269958	-0.73	0.214521750914208	-3.40455640380461	0.000662716124503407	0.00481757804951505
cobA	186.28865324243	-0.21	0.264952233942032	-0.803681017015084	0.421581220052704	0.61225197163037
SACI_RS11615	20.9154258450545	-1.06	0.45510587052172	-2.33615241544776	0.0194832993168406	0.0689875507140965
SACI_RS04375	2817.41105781844	0.70	0.168196779515045	4.19076228672125	2.78018819843296e-05	0.000343195873363163
SACI_RS04380	3275.38249509088	0.79	0.143924001233819	5.46089720829087	4.73734295686328e-08	1.49368994194111e-06
SACI_RS04385	115.906719486525	-0.36	0.208001851123719	-1.74509547936275	0.0809682503565654	0.200361399737571
SACI_RS04390	2668.76908651851	0.48	0.166786800526779	2.87279370896101	0.00406859691725938	0.0205550543097834
SACI_RS04395	1108.09484416879	0.37	0.248358421054922	1.48034158071795	0.138782111852652	0.292785448636905
SACI_RS04400	247.536599588925	-0.20	0.155487358602499	-1.2901105737061	0.197012269149863	0.373880426660762
SACI_RS04405	2100.53902834689	-0.53	0.319738797013884	-1.64567580703603	0.0998305225036736	0.23494287535262
mce	227.637298396493	-0.89	0.220733279187253	-4.04653254076223	5.19819014227958e-05	0.000591463634884594
SACI_RS04415	845.378088939489	-0.22	0.416241245997021	-0.524656591056789	0.599821938856884	0.75214854527478
SACI_RS04420	367.356404658804	1.12	0.200188841235314	5.59453653905703	2.21211880615915e-08	7.32799356420061e-07
SACI_RS04425	769.474354971491	1.25	0.147386940442154	8.48256022294757	2.20292017456589e-17	6.40560232982103e-15
SACI_RS12040	5.52062738455378	0.61	0.680129713273768	0.904210905468192	0.365883578605861	0.563245485418551
SACI_RS04430	708.167734289728	0.12	0.175238401276561	0.711375395331328	0.476851641823632	0.655737773813948
SACI_RS04435	3778.74647196832	0.08	0.324163273474037	0.246958212676098	0.804940563992675	0.885468455640534
SACI_RS04440	857.590272466637	0.36	0.194678646064152	1.83039651745222	0.0671906680918801	0.174864083876991
trxB	1290.44252554104	0.19	0.207065201689509	0.906177103921783	0.364842119741249	0.562303785254917
SACI_RS04450	876.52645105546	0.53	0.150039006105796	3.52933392627731	0.000416607091973576	0.00332396573077698
SACI_RS04455	106.378939736093	-0.26	0.317997065494839	-0.824556844502939	0.409623230730931	0.604615902325351
SACI_RS04460	376.704116962773	0.27	0.172164828602421	1.57017028366088	0.116375500920572	0.262818317159434
SACI_RS04465	227.15253623319	0.46	0.211346537128659	2.19730558326183	0.0279986291802929	0.0913621104299583
SACI_RS04470	111.117103765034	0.40	0.231361661497157	1.72754760652012	0.084069363061623	0.206970388647476
SACI_RS04475	165.426848971837	0.38	0.202962287983982	1.88071461740368	0.0600107501677365	0.160089840151852
SACI_RS04480	71.2354095438887	0.19	0.249952191054142	0.744308264826003	0.456690002339758	0.643942745756005
SACI_RS04485	232.072803191819	0.52	0.23780608825452	2.18593538978583	0.0288203326260542	0.0933450624781978
SACI_RS04490	4647.42291493167	-0.03	0.469105943899394	-0.0672299965878512	0.946398605315665	0.969472031935174
SACI_RS04495	319.65559438791	0.16	0.17872322988981	0.909451937062984	0.363111617143072	0.561621218713605
SACI_RS04500	196.459680305468	-0.10	0.367435170611248	-0.262145110671037	0.793209569185082	0.877941159724646
SACI_RS04505	159.672154240791	0.13	0.218930811875753	0.600393976359786	0.548243701305765	0.710978080434681
SACI_RS04510	494.286990435449	-0.75	0.227451925788465	-3.31263623622598	0.00092421101149557	0.00641936069400339
SACI_RS04515	667.046284896369	0.01	0.162307823860748	0.070482780468191	0.943809405657359	0.968706720924357
SACI_RS04520	401.136016952886	-0.40	0.15421987939535	-2.5890233652496	0.00962485635126996	0.0408900147260933
SACI_RS11620	259.527974199917	0.46	0.378200842028133	1.21315805973131	0.225069395611903	0.407335137148237
panB	146.891109958688	0.80	0.328090848338458	2.43211344374836	0.0150110049483698	0.0571816593156968
SACI_RS04530	735.281851572048	-0.58	0.195467009914505	-2.94889648251764	0.00318910777505498	0.0169480669076951
SACI_RS04535	289.706970907414	0.08	0.261813328420271	0.290590730208129	0.77136435051254	0.869737399953174
SACI_RS04540	221.519556208071	0.90	0.390978745168272	2.29872099094754	0.0215207877836676	0.0748934862099176
SACI_RS04545	54.0837437224732	0.50	0.28062766120521	1.79335448193229	0.0729162609427509	0.184547248440212
SACI_RS04555	126.434498240805	0.37	0.201926677600466	1.83768847103715	0.0661083236797408	0.172488019012843
ppa	1268.33517309974	-0.71	0.199311429640734	-3.55161674191454	0.000382872103367002	0.00311172762270635
SACI_RS04565	531.450160133475	0.04	0.185655606834047	0.214914942755114	0.829833634466335	0.902607905818121
SACI_RS04570	321.034966768983	-0.17	0.210570721816906	-0.806770245618524	0.419798864621114	0.61125146683461
rnhB	71.2669814072898	-0.62	0.249773647768881	-2.48854005995224	0.0128268785575412	0.0507835721408248
SACI_RS04580	175.921204012916	0.52	0.190658372592139	2.7250758853731	0.00642867096262948	0.0299890051857421
SACI_RS04585	97.655339270008	0.92	0.211548255068449	4.33109403040454	1.48370299678504e-05	0.000215204036025574
SACI_RS04590	155.853770907914	0.81	0.189277358985792	4.26316032716793	2.01555792940572e-05	0.000267752035596689
SACI_RS04595	846.854266032571	0.25	0.16898628809067	1.45931795480157	0.144477615859171	0.301033376356251
SACI_RS04600	470.191102914305	0.13	0.183289014332237	0.735961887882156	0.461753892098185	0.646632603397361
SACI_RS04605	174.373837432069	1.26	0.21316163112361	5.90928757260798	3.43590435917687e-09	1.34205398626356e-07
SACI_RS04610	216.379503192444	1.21	0.289817653127889	4.16008351996107	3.18131237625003e-05	0.000385439559659552
SACI_RS04615	1111.82088467742	0.61	0.21881348793511	2.80445368794244	0.00504019278332454	0.0245627272140788
SACI_RS04620	1088.37761482644	0.01	0.141838753265306	0.0863693655784643	0.931172798634068	0.960535756415197
SACI_RS04625	179.433441872477	-0.35	0.223950483853303	-1.56350894497334	0.117932933397826	0.265146466238927
SACI_RS04630	370.683325016371	-0.46	0.455901267678495	-1.01643255905611	0.309423447603139	0.50452408870867
SACI_RS04635	441.371165191459	-0.47	0.431078010294202	-1.08459940860402	0.27809911707137	0.470753809428056
SACI_RS04640	863.191672952071	0.31	0.164110312252755	1.87343511035448	0.0610083254556423	0.162090139814635
SACI_RS04645	600.196099202868	0.26	0.160301631485736	1.61502059210358	0.106306235592372	0.246415782590998
SACI_RS04650	601.768028672209	0.40	0.254901687137303	1.55091490839553	0.120922077180942	0.269780968442049
SACI_RS04655	638.594954213352	0.78	0.333272202784998	2.34700788499952	0.0189248542825475	0.0679373712721904
SACI_RS04660	1445.83601483915	0.67	0.236360734933507	2.85556395750545	0.00429604692252061	0.0214556389241153
SACI_RS04665	5461.91642259663	0.62	0.230872090210569	2.70182517871682	0.00689600106704556	0.0316560837993161
SACI_RS04670	1542.02254985442	0.61	0.35184749705849	1.72950498980069	0.0837187542229588	0.206301299248101
SACI_RS04675	1853.01060379119	-0.04	0.200784089548199	-0.216104259105724	0.828906479869449	0.901974327575196
SACI_RS11825	4426.58865841108	0.30	0.194104163159057	1.54992074506775	0.121160539783003	0.269852878818824
SACI_RS11830	4867.76626279076	0.45	0.195171418141205	2.31390883478173	0.0206727233984383	0.0722303299515527
SACI_RS04690	6945.8646400598	0.53	0.261615941587512	2.04105037466905	0.04124582025531	0.121554404964129
SACI_RS04695	511.167881921732	0.47	0.218415531106631	2.14920194909649	0.0316183948553085	0.0995732121977646
SACI_RS04700	75.8179735052286	-0.19	0.265167675771242	-0.722477007135625	0.470001256735747	0.65201418996004
SACI_RS04705	1449.34162787284	0.85	0.240552175589437	3.53110434218602	0.000413828466556509	0.00331189326293083
SACI_RS04710	11311.1054517904	-0.57	0.18450953266428	-3.08107063519301	0.00206257712596189	0.0119719107779953
SACI_RS04715	413.783278645932	-0.07	0.232801872150175	-0.28649328230153	0.774500337896351	0.871395043421279
SACI_RS04720	44.9487392990717	-0.18	0.600125666825124	-0.302291891254372	0.762429559218739	0.8648605042438
SACI_RS04725	1257.11972476819	0.50	0.172590602299224	2.88388007603577	0.00392808310931641	0.0199995982433483
SACI_RS04730	1108.25572268933	0.13	0.138509996714714	0.929766111887554	0.352492195825605	0.551499214034022
SACI_RS04735	2059.20097038777	0.24	0.105356819912689	2.25406433411931	0.0241921210060227	0.0812718622243408
SACI_RS04740	563.840863132808	0.48	0.16284282990307	2.93928509930076	0.00328970315131366	0.0173222397323699
SACI_RS04745	2017.07958539614	-0.03	0.169851653634677	-0.197558738008268	0.843390320736522	0.909820540307223
SACI_RS04750	1872.57311756554	0.33	0.111734665583704	2.95555534980096	0.00312106689896441	0.0166690450501834
SACI_RS04755	477.639929410063	-0.08	0.162726455663311	-0.464497223929504	0.642291547993493	0.78216704564866
SACI_RS04760	350.05634559802	-0.05	0.254097300202046	-0.186444129078831	0.852096489061992	0.913452076472652
SACI_RS04765	679.894220328528	0.42	0.234190285451219	1.78839631641703	0.0737120901953646	0.186201293476129
prf1	2496.48354324839	-0.11	0.237605875494992	-0.450900263306701	0.652061433743965	0.789228831871897
SACI_RS04775	4.49597105632316	-0.65	0.980142468290974	-0.658407969008067	0.510276016083007	0.68062810096291
SACI_RS11975	7.61982401170449	-0.46	0.577499408029047	-0.796336501316699	0.425836475105396	0.617062046152172
SACI_RS04785	279.191494908743	0.00	0.193498945872289	0.020988956078225	0.983254465509412	0.987026059163073
SACI_RS04790	168.881565255421	0.27	0.925957627417499	0.291450161361282	0.770707055537872	0.869370846699401
SACI_RS04795	91.6489878839664	0.78	0.655005314187752	1.18433900491097	0.236278894577823	0.422035627510824
SACI_RS04800	69.3865222912813	0.32	0.420188703936536	0.759570615131928	0.447511289327585	0.637600123066655
SACI_RS04805	556.76921463447	0.50	0.262482409386035	1.89098700567776	0.0586260788565115	0.157625016250914
SACI_RS04810	847.973460501106	0.56	0.163877733951907	3.42833982976438	0.000607284763437178	0.00446422535369409
SACI_RS04815	2613.84652683762	0.26	0.238868901421964	1.10771202560235	0.267986204153616	0.460788368114332
SACI_RS04820	108.850418834621	0.40	0.273210111893015	1.46950541347554	0.141695754580896	0.297129639213304
SACI_RS04825	234.265778427464	0.11	0.20077607122406	0.534444613307324	0.593033959721774	0.746857494028817
SACI_RS04830	525.963013276879	-1.03	0.482610373297158	-2.13721605438443	0.0325804228402964	0.102356502488662
SACI_RS04835	454.258488887595	1.26	0.216235629092907	5.82503508837367	5.71006015233218e-09	2.10467991812019e-07
SACI_RS04840	789.477477576853	0.04	0.139608901616872	0.260591440431495	0.794407591221995	0.877941159724646
SACI_RS04845	1391.21004218914	-0.04	0.142299970109542	-0.284332366994778	0.776155684000712	0.872133716200027
SACI_RS04850	344.452029045559	0.28	0.152277974093318	1.82952385223551	0.0673211694428675	0.17495481671498
SACI_RS04855	1197.73063225647	0.97	0.14133456749605	6.86196108523887	6.79215688582933e-12	5.22796310888687e-10
SACI_RS04860	1932.93044269342	0.99	0.141776928099807	6.98625271790872	2.82325333377879e-12	2.84171306711504e-10
SACI_RS04865	85.9297422685349	0.27	0.285388615701481	0.940805610373589	0.346804485276624	0.545753059512283
SACI_RS04870	4187.98695362145	-0.73	0.454254623841973	-1.60266337038969	0.109008994690239	0.251325759883943
SACI_RS04875	1838.96048830651	0.77	0.312311934989837	2.45055747293788	0.0142635189925371	0.0551546528168252
SACI_RS04880	364.407483656595	0.60	0.364786814742702	1.64713464480109	0.0995303734906428	0.234658547229741
SACI_RS04885	264.704647535069	0.34	0.215825331161877	1.57852107443806	0.114445950519068	0.260439176094262
SACI_RS04890	1988.98050735286	1.23	0.197258488505188	6.23501195193419	4.51743600214658e-10	2.19466342099025e-08
SACI_RS04895	734.224203726576	-0.29	0.308698257040756	-0.93973656076764	0.347352706610135	0.545959179098333
SACI_RS04900	715.327070264787	0.62	0.201500728095651	3.05603514752336	0.00224284962699252	0.0128436268574167
SACI_RS04905	671.217247547096	-0.32	0.180617482702819	-1.77866589503731	0.0752945537607991	0.188789833100348
SACI_RS04910	1014.71224743456	0.61	0.506187180355042	1.20938332937492	0.226515610220898	0.409176812408358
SACI_RS04915	223.911598613817	0.24	0.403299134804131	0.587178895767945	0.557083564644273	0.720656296922424
SACI_RS04920	274.119905937882	-0.09	0.218605379994674	-0.397725398037515	0.69083261367713	0.815048391043534
SACI_RS04925	248.69079169648	-0.36	0.218970603932267	-1.64587849357649	0.0997887775703664	0.23494287535262
SACI_RS04930	482.140789655526	-0.16	0.190228160620873	-0.837961976798451	0.402052058780863	0.596468388792244
SACI_RS04935	2352.83386847826	0.56	0.218178582948588	2.56752225585314	0.0102428213974671	0.0429574737134158
SACI_RS04940	2277.15208337129	0.36	0.269245839971875	1.33626235800522	0.181463535368418	0.354131299074683
SACI_RS04945	2935.19121248819	0.39	0.258105338942555	1.51376031898355	0.130086640173289	0.280918169322737
SACI_RS04950	2281.19062764376	0.30	0.268574538154972	1.10037646408179	0.271168128815026	0.463118984484993
SACI_RS04955	3479.40653116611	0.08	0.280737122873485	0.288334371005125	0.773090799535271	0.870558787600604
SACI_RS04960	42188.0309649288	0.14	0.36042139270973	0.376673979707062	0.706415902147506	0.826045762252021
SACI_RS04965	281.689195970994	0.45	0.272993695447952	1.63154804600867	0.102774730551245	0.240358775560866
SACI_RS04970	181.09045313782	0.02	0.206863395058801	0.084531352268179	0.932633976534156	0.961293922241402
SACI_RS04975	1672.51182599534	-0.14	0.145716852258318	-0.992899236282655	0.320759062011379	0.517206694567947
SACI_RS04980	204.094932796505	-0.31	0.1803217191137	-1.74213057489297	0.0814855986306914	0.201367149779527
SACI_RS04985	788.241812609041	-0.31	0.160594584370741	-1.93586274804638	0.0528845132856414	0.145442053284475
SACI_RS04990	1357.06427895005	0.63	0.675856028520376	0.928809783182092	0.35298767349481	0.55183317893424
SACI_RS12045	81.7014091539735	-0.19	0.464639706115671	-0.404503228822103	0.685842704031732	0.812549206550494
SACI_RS04995	266.937521986962	-0.87	0.251413008642425	-3.46056174476926	0.000539049598465275	0.00405371494018283
SACI_RS05000	1548.91168122379	-0.74	0.320196602443205	-2.32368048942567	0.0201426249142938	0.0708511416676169
SACI_RS05005	23.3818832213001	0.53	0.345810721748503	1.53853917646767	0.123916837280081	0.273406078989936
SACI_RS05010	314.627752776507	-0.78	0.361119709881633	-2.15933295925506	0.0308243448825023	0.0982549458678543
SACI_RS05015	561.920030969256	-0.41	0.344275145340785	-1.20394808191124	0.228609645996564	0.41231663926465
SACI_RS05020	335.467020944535	-0.32	0.359814759329923	-0.900321456974673	0.367949205521431	0.564433218551926
SACI_RS05025	297.275565688713	-1.23	0.440306253712832	-2.7987035201395	0.00513082240068322	0.0249204371811401
SACI_RS05030	90.4168672917678	0.25	0.306104718295808	0.814109482049981	0.415582234331583	0.607585869969694
SACI_RS05035	1089.04525369877	-0.41	0.446158838846143	-0.921132162519381	0.35698143025539	0.556083573201402
SACI_RS05040	153.019947621931	-0.22	0.378069241842237	-0.578520703773617	0.56291262354939	0.724971621962969
SACI_RS11835	50.9114857952651	-2.40	0.319994384059171	-7.49841310717946	6.45950502127709e-14	1.05653279004263e-11
SACI_RS05045	913.678014665822	-0.01	0.24226308709803	-0.0379558355692965	0.969722894743713	0.976905947876992
SACI_RS05050	318.592816038221	0.10	0.397369690265205	0.249612385585218	0.802887119422465	0.88395270994051
SACI_RS05055	524.493279375265	-0.22	0.51017819306873	-0.431594232000064	0.666036351364363	0.797931835363993
SACI_RS05060	913.591939725452	-0.79	0.183051203860182	-4.30889641550715	1.6407118475917e-05	0.000230846392749865
SACI_RS05065	618.906265177741	-0.78	0.306975898029322	-2.53587640366014	0.011216631407869	0.0459372838722896
SACI_RS05070	295.143361717146	0.05	0.329343186108556	0.165421975470005	0.868611858024199	0.922725730423351
crn1	453.758306220776	0.73	0.268839107212054	2.7316901187273	0.00630103748943326	0.0295516399818044
SACI_RS05080	684.081482736356	-0.23	0.203560350954696	-1.13680125647854	0.255621377983287	0.446081785093904
SACI_RS05085	283.71296509322	-0.14	0.246589125396996	-0.582749466578894	0.560061967753472	0.723436411456483
SACI_RS05090	274.136537587996	-0.07	0.208992374707928	-0.34522568242866	0.729924712495604	0.841959702968007
SACI_RS05095	186.671523276631	-0.77	0.196286575318334	-3.92348016888746	8.72789527982565e-05	0.000936102538823923
SACI_RS05100	51.0749429415513	-0.56	0.331592233441972	-1.69011483589839	0.0910059871066168	0.217698965500929
SACI_RS05105	879.815747925898	0.09	0.178417604071848	0.478938496752609	0.631982383083322	0.775210003883554
SACI_RS05110	318.940172769702	0.57	0.248605662392215	2.28630986522676	0.0222361371525469	0.0763307117129425
SACI_RS05115	991.646042793568	-0.64	0.137413723738812	-4.67984383443548	2.87093510924564e-06	5.25401201461248e-05
SACI_RS05120	145.80023899993	-0.75	0.266540477819004	-2.8139173480734	0.00489418101547629	0.0239403209672924
SACI_RS05125	251.68309715646	-1.20	0.383078011421383	-3.12239591679858	0.00179385522305306	0.0107672456851602
SACI_RS05130	826.689789183875	-0.08	0.393002165462332	-0.193939447082176	0.846223295743575	0.912058325887363
SACI_RS05135	2586.04245179522	0.57	0.246442252518605	2.31645316113178	0.0205335390231307	0.071936106591075
SACI_RS05140	2236.44521564073	0.44	0.225454177844638	1.94665875083123	0.0515756600036598	0.143436240414004
SACI_RS05145	196.813573211077	-0.32	0.229871026944667	-1.39374436071772	0.163394815203752	0.32975316653231
SACI_RS05150	843.437674301678	0.51	0.319565598355254	1.60628132933735	0.108212110736416	0.249727595941093
SACI_RS12050	517.626727055853	-0.14	0.663685237965456	-0.206661757322035	0.83627402583629	0.907726721531966
SACI_RS05155	1795.55008977975	1.00	0.217565676523282	4.59816492458345	4.26228537053558e-06	7.33842158861291e-05
SACI_RS05160	136.477791784093	0.14	0.218807340661215	0.635030496225459	0.5254085255493	0.694851201738204
SACI_RS12215	22.1352523274326	-0.07	0.738904106508952	-0.100003624793957	0.920341447704073	0.952504091146458
SACI_RS12220	22.2355604411261	-0.31	0.740169505265817	-0.423288481703009	0.672084797023293	0.802027320478777
SACI_RS05170	618.121918303102	-0.71	0.443889463898724	-1.59545286742891	0.11061100181182	0.253697626416767
SACI_RS05175	115.258877725988	0.04	0.295211503020864	0.121225668632081	0.903512293417661	0.943506442984132
SACI_RS05180	463.685793016655	0.28	0.146123769417777	1.93908173696638	0.0524913861419932	0.145211371599996
SACI_RS05185	218.791016700374	-0.04	0.17376939136611	-0.210736071426713	0.83309322569456	0.905180718367354
SACI_RS05190	27.3172208347203	1.79	0.54589461970276	3.28556411598641	0.00101778375786449	0.00686479405755505
SACI_RS11920	16.9202070325027	-0.84	0.390437061241488	-2.15809722576595	0.030920273413552	0.0983212096272972
SACI_RS12135	2.7628788598806	-0.65	0.89772528156718	-0.720514700695228	0.471208151769237	NA
SACI_RS05195	815.195665596138	2.58	0.35722235307131	7.21709552371141	5.31096719057967e-13	6.61847673226048e-11
SACI_RS05200	46.0880344770517	-1.22	0.313671047550139	-3.90291661944024	9.50404505222882e-05	0.00100290668958398
SACI_RS05205	97.552783745639	1.03	0.274532113565615	3.74435975789368	0.000180854360477731	0.00170864931902607
SACI_RS05210	96.2440215296483	0.14	0.23371537012798	0.614527953925453	0.538866506678019	0.704402421566621
SACI_RS05215	121.268214591558	-0.22	0.202138808794555	-1.09777566578247	0.272302459808191	0.463640557786621
SACI_RS05220	209.929353498533	-0.33	0.224393819986429	-1.46191654037454	0.143764081808037	0.300024403581845
uvsE	44.5247950672145	-0.29	0.385568974176974	-0.752253820572181	0.451898433043526	0.640958994451769
SACI_RS05235	144.133656889159	-0.65	0.344030826895856	-1.90189346061472	0.0571850842888013	0.155242080481113
SACI_RS05240	2911.74165860891	0.19	0.185890854578673	1.00233165046607	0.316183441053085	0.511159657290719
folK	70.535712016988	0.24	0.459462503989026	0.522059843460209	0.601628664679043	0.754052785184414
SACI_RS05250	77.568775719677	0.52	0.510631825313749	1.02638743813608	0.304708996830335	0.499531396394118
SACI_RS05255	3470.64499114985	-0.44	0.211411315949781	-2.1046045677883	0.0353257436897302	0.108630903252139
SACI_RS05260	790.88751965567	-0.93	0.365897429231733	-2.54118746784512	0.0110476666166716	0.0455548673263141
SACI_RS05265	355.776244368038	-0.24	0.319908075295843	-0.734860435347584	0.462424496172417	0.647147008814553
SACI_RS05270	727.505498879204	-0.29	0.416426096494528	-0.686759835112886	0.492234084073156	0.668087941557635
SACI_RS05275	840.459344049964	-0.07	0.302582816683375	-0.220125950114122	0.82577306516709	0.900436713142614
SACI_RS05280	447.893569614889	0.15	0.429237312534037	0.355681115581281	0.72207938899622	0.837624894061661
SACI_RS05285	3493.99141508547	0.59	0.301283612454678	1.95988395545396	0.05000935534473	0.139917558715142
SACI_RS05290	881.791731609916	0.05	0.279120373216115	0.16727071640084	0.867157044420568	0.922499994003506
SACI_RS05295	1408.44946140627	0.64	0.524530923915664	1.2205144953162	0.222269897968537	0.404391958938625
SACI_RS05300	1249.38644390149	1.20	0.529830851232572	2.26774613090327	0.023344684423326	0.0789315751109097
SACI_RS05305	1796.99249400972	1.27	0.468596105777931	2.70071316682841	0.0069190981785284	0.0316560837993161
SACI_RS05310	3287.66252896229	1.32	0.38652344361725	3.41062563269247	0.000648140165909867	0.00472474321500313
SACI_RS05315	343.521502913073	0.03	0.450646455682121	0.0718694621940782	0.942705792822729	0.968234324888964
SACI_RS05320	1610.25878372845	0.36	0.356357866973061	1.01729847977737	0.309011459585876	0.50448096677245
glpK	4352.99394476141	-3.37	0.474452741821739	-7.10744811901993	1.18208148637263e-12	1.4061396590169e-10
SACI_RS05330	371.773219940993	0.73	0.366157817201815	1.98870173327098	0.0467341345744535	0.134419285067612
SACI_RS05335	102.647691836232	0.60	0.409717394105715	1.46725168440038	0.142307601794619	0.297843948397845
SACI_RS05340	335.60938436683	0.17	0.437274328330767	0.391103445103119	0.695720774232424	0.817261877607389
SACI_RS05345	768.528648958477	0.27	0.436458341544736	0.61785856820774	0.536668572192154	0.702582117772319
SACI_RS05350	1816.70842451919	0.01	0.407338499910356	0.0170629730170656	0.986386377861272	0.989031858568179
SACI_RS05355	1925.7764730426	0.63	0.246120821686936	2.55579221221985	0.0105946363392941	0.0440097830157662
SACI_RS05360	8.23784860249771	-0.40	0.683021015715555	-0.586109005737395	0.557802264770844	0.721229509340563
SACI_RS05365	7182.14843663351	0.54	0.360670914287341	1.50504080220802	0.132313586955622	0.283752505968166
SACI_RS05370	234.520853267766	-1.20	0.494009889402934	-2.43362163033176	0.014948612131336	0.0570269940928664
SACI_RS05375	12826.2317227709	-0.51	0.403434221033496	-1.26654908117195	0.205316569107521	0.383521385691921
SACI_RS05380	586.576971656413	-0.53	0.296133326229468	-1.79107103261343	0.0732818969351248	0.185293453409876
SACI_RS05385	248.822883082141	-0.39	0.321665360142598	-1.19921477232441	0.230444444664434	0.415053758903527
SACI_RS05390	1826.21343974573	-1.68	0.564772975415185	-2.97082764950599	0.00296998405563345	0.0159852097390538
SACI_RS05395	450.892474283688	-0.89	0.225547028953816	-3.9531939862145	7.71148685342003e-05	0.000837384277817437
SACI_RS05400	229.049351381712	-0.68	0.174430302135082	-3.87218735938748	0.000107862985677307	0.00110697032751966
SACI_RS05405	35.0792982606833	-0.59	0.378499920117157	-1.55430822996263	0.12011091134562	0.268888156536774
SACI_RS05410	2715.63911840359	-1.10	0.370057738914613	-2.9751596051195	0.00292836144333934	0.0158665049631864
SACI_RS05415	803.264243862779	-1.80	0.344821375953011	-5.20952864356433	1.89320979945205e-07	4.68127969647016e-06
SACI_RS05420	842.54311202213	-0.07	0.242713350533295	-0.292293041030253	0.770062579069115	0.869018443046086
SACI_RS05425	215.212851773311	-1.11	0.236794155295489	-4.67442439030604	2.94779208604253e-06	5.32025647529192e-05
SACI_RS05430	584.358735325114	0.13	0.209925519543301	0.603256550395844	0.54633803285763	0.709913918564259
SACI_RS11980	3808.03240275673	-1.22	0.311257543754116	-3.91254051907325	9.13302079380474e-05	0.000967656494631053
SACI_RS05440	145.582107659379	0.21	0.376169775511874	0.565486500668341	0.571742903642362	0.730234835935609
SACI_RS05445	654.831528016859	0.41	0.360656196134762	1.12371375885261	0.261134477582074	0.453476395376435
SACI_RS05450	1.07465829627628	0.36	2.30399317454334	0.158362782238299	0.874170939131397	NA
SACI_RS05455	0.376060585705632	-1.04	9.20286790601869	-0.112841006304641	0.910156607612235	NA
SACI_RS11845	0.195914539115566	0.24	9.21855313155855	0.0263119743977213	0.979008504030498	NA
SACI_RS05460	1.5158508991801	-0.97	1.93008845461601	-0.501143794878459	0.616269926846015	NA
SACI_RS05465	8157.37498121504	-1.44	0.527301884150123	-2.73405016643228	0.00625605120503121	0.0294385099628848
SACI_RS05470	4293.68014583748	-1.12	0.435896568805305	-2.57608908593505	0.00999248974003578	0.0420639742111226
SACI_RS05475	1886.59897498693	-1.76	0.270925055255982	-6.48790863397962	8.70360307882054e-11	5.29705331564497e-09
SACI_RS12225	127.82193438837	-1.59	0.366494176609667	-4.34134785118761	1.41611323800632e-05	0.000209376742591105
SACI_RS05480	61.3401849665478	-2.40	0.303853719066463	-7.89987103139908	2.79192155402657e-15	6.08871558907295e-13
SACI_RS05485	27.5947746147675	-1.51	0.393654888799084	-3.83337584342522	0.000126396609348676	0.0012529542676723
SACI_RS05490	120.429501760533	-0.83	0.243169179633401	-3.42855657813071	0.0006068000429148	0.00446422535369409
SACI_RS05495	98.1339546351385	0.68	0.22218141738236	3.06649906823757	0.00216581483354858	0.0125120031333259
SACI_RS05500	5894.83955215632	-1.87	0.487741026358049	-3.84270183375751	0.000121687269293721	0.00121085773285805
SACI_RS05505	3817.51320664037	-2.37	0.44564800354271	-5.32604534550952	1.00374083080269e-07	2.73623932730275e-06
SACI_RS05510	2939.99382927949	-2.39	0.446851424698237	-5.34230408223616	9.17725363717307e-08	2.61052964874803e-06
SACI_RS12055	1.69546582728097	0.37	1.53622440088245	0.239180485611677	0.81096563380183	NA
SACI_RS05515	218.602967554956	-1.40	0.370456988021626	-3.7781294103204	0.000158010768565095	0.00151320678113563
SACI_RS05520	122.348666714619	-1.32	0.266858461037372	-4.95290367991228	7.31141706364601e-07	1.55560800451721e-05
SACI_RS05525	1417.75019294586	-2.19	0.318774790905547	-6.85703458033923	7.03046176689827e-12	5.25677669827794e-10
SACI_RS05530	1308.13926854911	-1.64	0.260302312741338	-6.28339680957414	3.31254113644294e-10	1.73378403081424e-08
SACI_RS05535	5575.19523535112	-1.68	0.572943559043738	-2.93281735057375	0.00335901437861177	0.0176163138854248
SACI_RS05540	1333.92889061831	-0.89	0.487576749392066	-1.82109684018744	0.0685921375298967	0.176852831444079
SACI_RS05545	1488.65935190323	-0.51	0.456626608498163	-1.11678803652999	0.2640849652657	0.456461412065098
SACI_RS05550	10135.0523539045	0.18	0.441974289764777	0.411464518724675	0.680731953177274	0.809032380631713
SACI_RS05555	2107.70954968279	-2.00	0.322438359918474	-6.2156337567258	5.11179076039493e-10	2.4322829854461e-08
SACI_RS05560	193.642197517459	-1.10	0.57111964587955	-1.9238524107615	0.0543730857787567	0.148843478538709
SACI_RS05565	257.974478636384	-1.21	0.209576402198537	-5.76176273371898	8.32399604215385e-09	2.90451968564222e-07
SACI_RS05570	21.2500405097946	3.06	0.68650630604591	4.46274482174962	8.09163942160146e-06	0.000129913008382399
msrA	396.671226025256	-0.63	0.315684014388106	-2.00907781333697	0.0445288821710188	0.12991313783897
SACI_RS05580	328.849336580546	-1.21	0.457717070243827	-2.63722816148146	0.00835865896918086	0.0368880447257105
SACI_RS05585	301.381992734599	-3.69	0.864744790576535	-4.2714698920672	1.9418874806719e-05	0.000261427665973378
SACI_RS05590	671.080764404506	-3.98	0.885551592806852	-4.49279568008325	7.02942201124414e-06	0.000116430363312822
SACI_RS05595	455.268646702987	-4.58	0.902718019656513	-5.0781397172333	3.81148372548325e-07	8.5988387151635e-06
SACI_RS05600	373.192315233102	-4.41	0.932145291723737	-4.73238370674558	2.21898439172843e-06	4.11849798095978e-05
SACI_RS05605	653.637650217173	-5.14	0.951848472838136	-5.39592445075529	6.81716290552082e-08	2.00524585367444e-06
SACI_RS05610	1573.457562204	-5.90	0.991776569344346	-5.94771772500862	2.71906964990024e-09	1.0947392728906e-07
SACI_RS05615	24906.6607779149	-6.68	1.11805823993464	-5.97736831640355	2.26771101051177e-09	9.36743539339462e-08
SACI_RS05620	31.662868851163	-4.67	1.27930608915544	-3.65420987818566	0.000257975183763357	0.00227123484266035
SACI_RS05625	1369.62600542772	-3.33	0.556794819367179	-5.98216989296982	2.20184431622992e-09	9.29391383157047e-08
arnS	213.096527776043	-1.88	0.384835758333976	-4.88110350783936	1.05493849324762e-06	2.19109050541986e-05
SACI_RS05635	2420.54770023773	-0.74	0.43356277673612	-1.70690692124052	0.0878393541792337	0.213045032332766
SACI_RS05640	2613.53406701962	0.43	0.454236836645326	0.953734294659654	0.340218155983513	0.538953337898822
SACI_RS05650	331.638940517528	0.14	0.195115080494138	0.708445296573861	0.478668771669155	0.657227794049412
SACI_RS05655	137.780879500823	-0.19	0.237918093591136	-0.778438756895296	0.436310397964728	0.628066177928324
SACI_RS05660	338.107416788016	-0.29	0.161401639141614	-1.81485084644561	0.0695468340238709	0.178646976128287
SACI_RS05665	783.299216151295	-0.38	0.27021202068134	-1.41992514547509	0.155629474478897	0.317692928791945
SACI_RS05670	1952.37333438514	-0.88	0.362972206151596	-2.42036029993303	0.0155051356874816	0.0584682133921317
purE	302.2833712877	-0.06	0.224520023065716	-0.259842805418952	0.794985030745163	0.878076299197451
SACI_RS05680	781.8883676891	-0.16	0.213620168663931	-0.765914821791127	0.443726986115466	0.635051129054451
SACI_RS05685	343.510869409614	-0.35	0.187180325844222	-1.87466480842138	0.0608388511841556	0.161804139785503
SACI_RS05690	3856.37252770949	-0.79	0.447735977230607	-1.7715339115825	0.076471958629658	0.191001581040839
SACI_RS12060	1067.73032918369	-0.24	0.376290010074453	-0.63647759438033	0.524465180095914	0.694246523171982
SACI_RS05695	728.875790307719	-0.79	0.289636231758061	-2.74461242546802	0.00605823994111686	0.0286180756785249
SACI_RS05700	1013.13260277698	-1.04	0.288983789650443	-3.61145182322203	0.000304487653166534	0.00258715645563903
SACI_RS05705	905.3404817188	0.68	0.26799324465377	2.52744711587609	0.0114895126227912	0.0467621376887164
SACI_RS05710	1587.0262268722	0.22	0.149398640394108	1.45417676443464	0.145897305223035	0.30326707527298
SACI_RS05715	991.337271830647	-0.17	0.273990163450299	-0.634075428330813	0.526031597701065	0.694851201738204
SACI_RS05720	329.547093355899	-0.37	0.322406488371027	-1.13952340472127	0.254484912086227	0.44503649682784
SACI_RS05725	1215.99016235755	0.50	0.159356673437948	3.12725960783464	0.0017644404828817	0.010615036192417
SACI_RS05730	552.364699475936	-0.17	0.244685536789152	-0.683820604696646	0.494088453854079	0.668860951383638
SACI_RS05735	5854.18680850872	1.38	0.201763945724097	6.86234663778051	6.77384455884538e-12	5.22796310888687e-10
SACI_RS05740	213.880275454169	-0.97	0.208139220020266	-4.64527748615796	3.3961965375402e-06	5.96499754278034e-05
SACI_RS05745	354.519091937403	-0.39	0.334878022826276	-1.1606389688702	0.245788750949275	0.434614298131252
SACI_RS05750	365.22011470257	-0.76	0.259094623065045	-2.94845739432324	0.00319364157830543	0.0169480669076951
SACI_RS05755	814.608530988018	-0.11	0.223408893079398	-0.478723527276844	0.632135326055599	0.775210003883554
SACI_RS05760	5176.5253482091	-0.78	0.296784491801098	-2.64424836633816	0.00818725566168598	0.0364388572561772
SACI_RS05765	3490.12691348298	-0.65	0.203372942271979	-3.19253551311707	0.00141029601591742	0.00885070665145295
SACI_RS05770	7291.63930233664	-0.55	0.17470347483203	-3.16174639882304	0.00156826077452488	0.00970245495728516
SACI_RS05775	35.2913836637296	-0.65	0.332031857111255	-1.96085969639419	0.0498953919801632	0.139914893572932
SACI_RS05780	946.578575126692	0.04	0.111678428768622	0.356326946330638	0.721595731662058	0.837624894061661
acnA	12646.8868657019	0.37	0.137942074321413	2.71493851093712	0.00662880769163138	0.0305800994994142
SACI_RS05790	729.672092748231	0.83	0.197585543542826	4.20894394961189	2.56567018281735e-05	0.000324679885037183
SACI_RS05795	249.353119331602	-1.10	0.285561961442038	-3.84458519720642	0.000120756526704228	0.00120619941644885
SACI_RS05800	2214.53715098026	-1.36	0.253455701857177	-5.3729024005748	7.74792709797601e-08	2.25292502393369e-06
SACI_RS05805	201.851810604184	0.79	0.349399049879749	2.27216115989122	0.0230767782223774	0.0783293496860721
SACI_RS05810	648.606907183461	-0.60	0.267144624087329	-2.24156982013833	0.0249891883306615	0.0833079055558487
SACI_RS05815	1212.44753875798	-0.89	0.586501353109058	-1.51933034461793	0.128679365311392	0.279870185736925
SACI_RS05820	389.970446365048	-1.51	0.575495683338696	-2.6221464262402	0.00873778806898176	0.0378589261200749
SACI_RS05825	242.173719478922	-1.31	0.499840657674983	-2.62529264396151	0.00865745227605608	0.0378395484471836
SACI_RS05830	6638.93754652745	0.57	0.535181496632878	1.07361335350111	0.282996010129659	0.476395308125849
SACI_RS05835	379.786628863448	-0.38	0.400208534525073	-0.961087834452284	0.336508006054307	0.535669982873553
SACI_RS05840	155.020953797641	0.53	0.415133091223425	1.27389515417796	0.202700576001773	0.380263374477878
SACI_RS05845	637.876991442246	-0.31	0.238807696014244	-1.28214298715762	0.199792491648086	0.377438971622887
SACI_RS05850	275.904650654753	-0.62	0.270261523823687	-2.29514316748719	0.0217249209102399	0.0753034675789375
SACI_RS05855	1298.89717064536	-0.78	0.417637592857923	-1.86785264629547	0.0617826128989815	0.163318280764277
SACI_RS05860	173.552194333359	-1.16	0.419955834792765	-2.76282121298913	0.00573041458532623	0.0273658667332094
tenA	412.494073022638	-0.24	0.226950742288348	-1.04418941387986	0.296397763765738	0.490311597834979
SACI_RS05870	747.899326031265	-0.35	0.346260855242795	-1.0176651803727	0.308837100007569	0.50448096677245
SACI_RS05875	328.969557176926	0.25	0.219332132955983	1.1497506908999	0.250246569566281	0.440710143038329
SACI_RS05880	127.094489193936	-0.17	0.258190337778166	-0.639793145934157	0.522307089188847	0.691739702635229
SACI_RS05885	105.542556684008	0.52	0.196990082367917	2.64193876797852	0.00824329573857627	0.0365580810706525
SACI_RS05890	33.8138888822065	-0.31	0.314572926252627	-0.977654106387078	0.328245427308362	0.52705166429705
SACI_RS05895	226.286845140718	-0.71	0.221084435967163	-3.21522910273274	0.00130340451729121	0.00825910320036585
SACI_RS05900	1755.67136743354	-0.46	0.531556942274547	-0.866271263780483	0.386341421033961	0.583413444227281
SACI_RS05905	86.0102446272765	-0.93	0.282288670368934	-3.30813858143064	0.000939183224641632	0.00648507255643048
SACI_RS05910	391.511974397172	-0.64	0.175517159322236	-3.64908864505391	0.000263172287499164	0.00229573958795104
SACI_RS05915	2678.31572801938	0.53	0.314622710577725	1.69448883139974	0.0901724322141433	0.216695367405338
SACI_RS05920	809.884493496048	0.32	0.261196925720324	1.22027275697523	0.222361493661705	0.404391958938625
SACI_RS05925	1015.25066591154	-0.09	0.294970072471002	-0.304274459493085	0.760918801612662	0.864290149227576
SACI_RS05930	390.102743598955	0.27	0.164204609568305	1.64789202013649	0.0993748312174347	0.234507738808096
SACI_RS05935	186.09108671025	0.51	0.143745148704899	3.58225840448977	0.000340636596504386	0.00282998721603803
mvaD	259.728306176231	-0.19	0.187350509611198	-1.03546103294097	0.300453655409126	0.494831476529693
SACI_RS05945	784.244642283783	0.40	0.191313123261932	2.08434198728197	0.0371290706845125	0.112591863246082
SACI_RS05950	190.672230203073	1.45	0.344756223824317	4.21846792617749	2.4596795162293e-05	0.000317092674579906
SACI_RS05955	740.751952081419	0.26	0.416549136197093	0.612955821532273	0.53990555159362	0.704704652628681
SACI_RS05960	1391.99179719313	0.20	0.13168669462439	1.5135402734143	0.130142479293244	0.280918169322737
SACI_RS05965	1519.64316532431	0.22	0.134579983876132	1.60014547228891	0.109566315339245	0.25196401339438
SACI_RS05970	48.7485465247917	-0.26	0.308321385415495	-0.847888355166713	0.396500150314226	0.591665792460755
SACI_RS05975	105.06171653076	-1.03	0.219263826287987	-4.68678117509596	2.77535433587077e-06	5.11486077251677e-05
SACI_RS05980	609.580514656544	0.36	0.296686676443422	1.22674552597259	0.219918250803636	0.402042760794841
SACI_RS05985	175.61226445401	-0.01	0.241666957223267	-0.0568686331054807	0.954649841016454	0.97354958208513
SACI_RS05990	626.36796970991	0.72	0.482225908931328	1.4828999121332	0.138101004802563	0.292022795433029
SACI_RS05995	823.382167769928	0.27	0.19743007525143	1.38218502852937	0.166914895852257	0.333702278415094
SACI_RS06000	140.038849313225	0.27	0.199226253195199	1.3715002938626	0.170219051975306	0.338987179663934
SACI_RS06005	0.765044729508315	-1.30	3.28474350876748	-0.394980655060725	0.69285716470084	NA
SACI_RS06010	156.971574008467	1.52	0.455916778240918	3.34418366814361	0.000825250827817572	0.00580559520537254
SACI_RS06015	2845.27193896036	-0.78	0.29230237236333	-2.65829390222146	0.00785373701171025	0.0353756106017998
SACI_RS06020	153.505039800812	0.12	0.187126115385943	0.631663004535626	0.52760710725408	0.696292385115444
thrS	829.473944890861	0.25	0.200061928778903	1.2648503362787	0.205924983248299	0.384383510100427
SACI_RS06030	132.229570371969	-0.09	0.205353874020168	-0.45182142681127	0.651397632440539	0.788851274454831
SACI_RS06035	109.173864479541	0.02	0.181272188431191	0.128683003818847	0.897608484569339	0.940714805471108
SACI_RS06040	1018.29843523895	0.85	0.28685845930061	2.94729319977985	0.00320569091299544	0.0169480669076951
sucD	2123.09194902155	0.37	0.21436123773317	1.73232977117096	0.0832148641820362	0.205252874235993
SACI_RS06050	545.88826906173	0.19	0.258420684904013	0.718017484216167	0.472746506316298	0.653553939265585
SACI_RS06055	3.1429409221259	2.60	1.52749453608079	1.70267556355702	0.0886288003621387	0.214562044910006
SACI_RS06060	236.102707275663	0.71	0.343587077131282	2.06692185321749	0.0387415181823615	0.116268982893624
SACI_RS06065	16.3747220968946	1.42	0.613112895843983	2.31410880647149	0.0206617544759169	0.0722303299515527
SACI_RS06070	93846.8669866142	-1.20	0.526381569061561	-2.27830770556347	0.0227082508888813	0.0773795476252634
SACI_RS06075	115103.757493791	-1.45	0.508284317951337	-2.85227229195546	0.00434078998943802	0.0215966680653219
SACI_RS06080	14.2127905090975	-0.42	0.632478247513608	-0.669689563255737	0.503055706208352	0.675472951845693
SACI_RS06085	10769.4016365664	-0.09	0.243676416863719	-0.379356452393919	0.704423183916136	0.824083805234031
SACI_RS11640	168.884647788665	-0.25	0.179923195035276	-1.39363605767152	0.163427534196563	0.32975316653231
SACI_RS06090	669.523876263314	0.02	0.120284623167302	0.196677371996021	0.844080018751961	0.910159624669914
SACI_RS06095	643.06647853258	0.26	0.180387679228516	1.46699347867694	0.142377829364045	0.297843948397845
SACI_RS06100	412.43198268175	0.31	0.198486986476776	1.57467176650079	0.115332227997478	0.261773148889332
SACI_RS06105	205.501351934104	0.14	0.207085828142075	0.682780250381138	0.494745711113228	0.669121202058562
priS	413.488687700216	0.11	0.267661711578028	0.416553562533844	0.677004981703511	0.805343486196057
SACI_RS06115	637.827506513579	-0.37	0.225141395403417	-1.66184072070642	0.0965447150919708	0.228649338819627
SACI_RS06120	919.878382760184	-0.12	0.19413758448679	-0.621987726134355	0.53394993873098	0.701040814122045
SACI_RS06125	713.353343760848	0.03	0.154352682794776	0.203395048395701	0.838826269733629	0.908612726776866
SACI_RS06130	194.446127971686	-0.25	0.21091873305943	-1.18701611744708	0.235221263123606	0.420761480242294
rnz	166.337354036463	0.23	0.198138263855222	1.17366968957262	0.240527355444174	0.427622343204758
SACI_RS06140	106.443609404109	0.18	0.268726603310469	0.688349862135031	0.491232489034406	0.66744012239312
SACI_RS06145	8.65387867764343	-0.39	0.686026126124649	-0.570442664189821	0.568377499598169	0.72735643836108
thpR	170.948025625642	-0.05	0.137522396625782	-0.372086228603983	0.70982864939154	0.828279906476448
SACI_RS06155	394.167570556054	0.07	0.146399630917885	0.495948192860025	0.61993096314886	0.767435823349369
SACI_RS06160	117.826900887065	-0.13	0.193092975170943	-0.689414972021775	0.49056216422632	0.66744012239312
SACI_RS06165	755.983153648753	-0.88	0.383942799914948	-2.28966705748092	0.0220406244598795	0.0761959236611687
SACI_RS06170	2.58185773124532	0.20	1.22771425485351	0.159919595787502	0.872944411975355	NA
SACI_RS12235	4.78293005692833	-0.75	0.862422931407272	-0.867687536753691	0.385565410558251	0.582914315095865
SACI_RS06180	431.988201282433	-0.81	0.154242193917874	-5.24369474394001	1.5739251662677e-07	4.03672626157943e-06
SACI_RS06185	409.284869732348	-0.75	0.179979504576542	-4.16753428856285	3.07912207220259e-05	0.0003765449749044
SACI_RS06190	786.240579253672	-0.86	0.509118252665174	-1.68023482627102	0.0929116358739024	0.221045228256366
SACI_RS06195	358.3202080603	0.05	0.218799220698637	0.22689166731026	0.820507981623147	0.896869080215411
SACI_RS06200	216.147583809098	0.07	0.251892339997183	0.271218855781212	0.786222711495821	0.877384137874866
SACI_RS06205	171.045885982199	-0.98	0.317963461194731	-3.09262926680965	0.00198391808487395	0.0116672216362138
SACI_RS06210	11977104.5240529	-0.61	0.272084190127835	-2.23949097550609	0.0251239878580605	0.0834384216047516
SACI_RS06215	4269955.41910249	-0.94	0.287999100262052	-3.26468182940815	0.0010958709980439	0.00729744122615999
rpiA	535.555792161554	-1.19	0.396129192799562	-2.99333815161753	0.00275943823412602	0.0151496969899527
SACI_RS06225	1144.17061927461	0.96	0.409365290858982	2.33569065121754	0.0195073700911087	0.0689875507140965
SACI_RS06230	3.03994955348604	-1.46	1.27966938442905	-1.13887971582612	0.254753327030418	0.445053041948333
SACI_RS06240	315.247596941024	-0.15	0.225772328918559	-0.677365715541086	0.498173945368841	0.671820536280526
pyrH	588.245718818733	-0.16	0.199620847941523	-0.803026127182169	0.421959633429534	0.61246165318086
SACI_RS06250	1155.03511635393	0.09	0.369572556133122	0.24541657953748	0.806133892862618	0.886183548823803
SACI_RS06255	386.538419273396	-0.76	0.285364105132389	-2.65615361136601	0.00790376025533409	0.0355397604608408
SACI_RS06260	545.498001370943	0.36	0.263946343454252	1.36540471551365	0.172125882623072	0.341770436133976
SACI_RS06265	1518.96442605898	0.14	0.215556018772377	0.629905790364227	0.528756224217704	0.697105812986263
SACI_RS06270	876.587587367874	0.04	0.201468417261858	0.201942547525313	0.839961639123032	0.909089995692711
SACI_RS06275	1022.67698320361	-0.15	0.164990642866619	-0.89425203466364	0.371187057128093	0.568400543302645
SACI_RS06280	1305.9599563756	0.17	0.123405259697373	1.34173165837977	0.179683018232989	0.3514427942569
SACI_RS06285	646.274492249816	0.19	0.218708944244479	0.862633201930912	0.388339169456139	0.585122956348012
SACI_RS06290	850.161535226977	0.08	0.308456937602445	0.268370141775889	0.788414420187878	0.877924352070185
SACI_RS06295	35.1407221556089	-0.24	0.394699709936756	-0.618210640124943	0.536436497162479	0.702582117772319
SACI_RS06300	3992.56182986981	0.25	0.237296522320414	1.06725990812668	0.285854486790196	0.479180820124269
SACI_RS06305	219.843246373225	0.03	0.271555116836472	0.121760550570121	0.903088657503321	0.943506442984132
rgy	6285.8649099447	-0.69	0.441815229314679	-1.57008527818931	0.116395273056088	0.262818317159434
albA	552.537504211611	0.27	0.407490088683636	0.651621095236492	0.514645635659568	0.684916912778885
SACI_RS06320	1828.21853324286	-0.37	0.188743128892716	-1.95662768554701	0.0503912575579279	0.140740577405653
SACI_RS06325	49.0672032319697	-0.66	0.404365765945113	-1.63005330219552	0.103090232068562	0.240666491813939
SACI_RS06330	111.73806741193	-0.04	0.237413857274794	-0.168326179616466	0.866326679340852	0.92199142734242
SACI_RS06335	653.812913361602	-0.31	0.222805244081352	-1.3776035176057	0.168325734305545	0.336009494033265
SACI_RS06340	51.9838146630382	-0.74	0.359966443226543	-2.04231466140883	0.0411203286951966	0.121458126631297
SACI_RS06345	84.8941655330667	-0.07	0.229154371833377	-0.310200864309138	0.756408213304409	0.860286959677374
gatC	270.763786286283	0.01	0.128322309732718	0.0401271706308795	0.967991740211038	0.976905947876992
gatA	1474.26037001766	0.07	0.121385323270651	0.556792008800216	0.57766954436757	0.735292411288877
twy1	2124.70486261782	0.85	0.138471832109307	6.13491966134345	8.52022403804201e-10	3.84438384613033e-08
SACI_RS06365	1019.93721018868	0.68	0.12725592319684	5.33773821108471	9.41132117513807e-08	2.62015186333365e-06
SACI_RS06370	239.202797935021	-0.08	0.162557602396306	-0.502278702261441	0.615471488426548	0.764083911391023
dph5	287.320653190885	0.02	0.217500322094978	0.107518078577023	0.914377983826707	0.949573217110404
SACI_RS06380	556.570629710298	-0.07	0.187800218742829	-0.360714507434796	0.718312878508705	0.835849178771579
SACI_RS06385	1937.40100904322	0.80	0.154473942864751	5.20924324305976	1.89612398863522e-07	4.68127969647016e-06
SACI_RS06390	917.011742255889	0.40	0.203671037982383	1.98242052883021	0.0474321938442203	0.134854200966736
SACI_RS06395	1142.41527054202	0.03	0.142603607186987	0.245243527256107	0.806267875334151	0.886183548823803
SACI_RS06400	3623.39377644694	0.20	0.161279838182931	1.26765920511315	0.204919679105033	0.383053428727052
SACI_RS06405	185.888676273826	-0.87	0.379791808556081	-2.28679493480279	0.0222077952862419	0.0763307117129425
SACI_RS06410	1525.52249855781	-1.03	0.37333409767865	-2.76644354610676	0.00566713961818412	0.0272126685886016
SACI_RS06415	4496.94603830782	-0.37	0.23655260485025	-1.57550162464244	0.11514070375119	0.261623997501647
SACI_RS06420	269.301884798216	-0.49	0.209423712284821	-2.3241108039039	0.0201195561506528	0.0708511416676169
SACI_RS06425	1407.85804405357	0.05	0.135315599824783	0.396526515046641	0.691716651321242	0.815048391043534
SACI_RS06430	401.398103998402	-0.17	0.131890157512516	-1.3219816049406	0.186174276419996	0.359040590560891
SACI_RS06435	1997.04464090156	0.14	0.0926449261693989	1.50474782499035	0.132388922348923	0.283752505968166
SACI_RS06440	1924.65046451236	0.21	0.140622492225925	1.48273615559524	0.138144524549519	0.292022795433029
SACI_RS06445	327.474852625173	0.93	0.325167027268664	2.85290032660231	0.00433222074321181	0.0215950889237815
gatD	1037.08372356135	-0.32	0.148668569195034	-2.12660296064602	0.0334530863035189	0.104137925252052
gatE	1718.01455769415	-0.20	0.12752329644253	-1.53323976414898	0.125216790054174	0.275462866084413
SACI_RS06460	304.210420632469	-0.67	0.195003267103701	-3.41519528607992	0.000637362978257749	0.00467220984341885
SACI_RS06465	2007.81321314421	-0.15	0.207290285665446	-0.745709471746892	0.455842936237333	0.643656213084877
SACI_RS06470	17870.7172448203	-0.10	0.390174340020385	-0.265008030986507	0.791003275110996	0.877941159724646
SACI_RS06475	77.5846802643089	0.26	0.347611322221481	0.751630562025135	0.452273258904273	0.640958994451769
SACI_RS06480	2024.58502306338	-0.50	0.224084212630184	-2.22483268375234	0.0260924724067435	0.0862656397820702
SACI_RS06485	3880.10847574624	-0.54	0.149186628123782	-3.62105085323307	0.000293408829866954	0.00250931669203209
SACI_RS06490	1550.3522184868	-0.75	0.157367913515868	-4.76931413116299	1.84854212276521e-06	3.48031275919176e-05
SACI_RS06495	5236.33385096393	0.31	0.221838633521442	1.41929962258312	0.155811682121572	0.317816969689909
hmgA	2278.0664000299	-0.68	0.498605383161739	-1.35900523717596	0.174144929154548	0.34421244682587
SACI_RS06505	874.987167193903	-0.98	0.540570141354329	-1.82024160451942	0.0687222198621951	0.177013828129296
SACI_RS06510	3066.64934278449	-1.06	0.557042080248836	-1.89898965063788	0.0575658367480046	0.155790894280794
SACI_RS06515	2383.51386255522	-1.47	0.598956976538857	-2.44990963787834	0.0142892069582757	0.0551546528168252
speD	6263.89161107356	0.21	0.234694395427952	0.906399273694045	0.36472455709678	0.562303785254917
SACI_RS06525	654.630655115766	0.62	0.330281711244535	1.87283569418727	0.0610910773324229	0.16214538476567
SACI_RS06530	10.5830161172975	0.37	0.751460926883046	0.486013675884899	0.626957469670818	0.771911460012826
SACI_RS06535	360.275227402149	-0.28	0.240943002289855	-1.15650430347652	0.247474940328408	0.437005343346453
SACI_RS06540	274.986360365376	-0.39	0.332394126175234	-1.17211866288032	0.241149418014754	0.427879905978543
SACI_RS06545	577.159156887413	0.26	0.516899832988666	0.494312093632951	0.621085785498578	0.767775862375899
SACI_RS06550	771.692867778263	0.27	0.425968767690225	0.633741474019509	0.526249553628246	0.694851201738204
SACI_RS06555	163.909419688038	-0.10	0.298051723874472	-0.328295828961024	0.742687997584683	0.849853296755188
SACI_RS06560	784.281190307679	-0.11	0.236165319500788	-0.481822654424238	0.629931934641927	0.774322157331105
SACI_RS06565	7152.84361993943	-0.55	0.407424315633929	-1.34318010799445	0.179213661149663	0.350786949310895
SACI_RS06570	4280.64518823224	-0.57	0.384378422891118	-1.47280123091881	0.140804640347129	0.295734946860703
cdvA	2869.7074645854	-0.69	0.379191763282492	-1.80943883875048	0.0703828538936505	0.179874930312191
SACI_RS06580	1241.6087524809	-0.75	0.495300288595414	-1.51319013197711	0.130231370098986	0.280918169322737
eno	1632.73063013088	-0.00	0.218740894603778	-0.00809578137574901	0.993540571593026	0.995061490952525
SACI_RS06590	23.6632932922484	0.00	0.388543431726531	7.8025961947346e-05	0.999937744289684	0.999937744289684
SACI_RS06595	222.279317185479	0.30	0.231503725106652	1.29607427422735	0.194949897068608	0.370773169061445
SACI_RS06600	478.500801809202	-0.10	0.214292205725249	-0.481038953895926	0.630488813533414	0.774642828646453
gcvPB	957.805748322769	-0.16	0.193337255954725	-0.816883319071893	0.41399511137096	0.606158845278154
gcvPA	1138.11925737851	-0.40	0.227566988145865	-1.75525270997272	0.0792160914956723	0.196500958714857
gcvT	1177.42819467257	0.64	0.168695677282412	3.76812444523206	0.000164478705583823	0.00155956801635096
gcvH	610.599088324091	0.08	0.177994317857242	0.454242197165691	0.649654514621595	0.78795013329749
SACI_RS06625	986.097623172688	0.07	0.169447114343556	0.40089231610475	0.688499407389213	0.81455829527015
SACI_RS06630	330.603170752133	-0.18	0.214881146891653	-0.820489076214623	0.411937354075915	0.605518787734544
SACI_RS06635	1308.69227694658	0.57	0.314223952477991	1.81650692117283	0.0692926472150954	0.178307628084469
sufC	2829.41232896111	0.19	0.173655466361791	1.08264668311546	0.278965277881592	0.471914759027878
sufB	6836.248885587	2.20	0.301562531470181	7.29716002882173	2.93905157823647e-13	4.27305443346935e-11
SACI_RS06650	3380.19557337138	1.97	0.300330423962225	6.57424115216001	4.89019206443021e-11	3.28144426477279e-09
SACI_RS06655	67.7892867179661	0.59	0.373100179437706	1.58605771676287	0.112726217412602	0.257196609388647
SACI_RS06660	1.52582817575171	0.02	1.73924209551766	0.0133335933081705	0.989361646983072	NA
SACI_RS06665	883.513246215466	0.10	0.29231673407581	0.343174785780055	0.73146697219679	0.842869900533993
SACI_RS06670	2.50714757174458	0.33	1.12548168255982	0.29107854584327	0.770991247788027	NA
SACI_RS06675	1747.55345762348	0.05	0.159521700030878	0.321320770558865	0.747967317676952	0.853540798884056
SACI_RS06680	43.7600333899459	-0.67	0.466203376514237	-1.43893333550849	0.150169411540884	0.31017628255919
SACI_RS06685	2671.08175428068	-0.68	0.484412157022225	-1.4028358224524	0.160665802084437	0.326217293173899
SACI_RS06690	2351.82954338486	-0.25	0.161603238306186	-1.52895828092043	0.126274786595096	0.276536499179386
SACI_RS06695	900.953060777175	-0.54	0.242036938295414	-2.22097101098371	0.0263529249093988	0.086757654708851
SACI_RS06700	10324.9607399124	-0.19	0.360180885904802	-0.529505704379221	0.596454688344122	0.749255177091315
SACI_RS06705	210.680011618672	0.93	0.221030478809451	4.21100513893062	2.54236962277379e-05	0.000324679885037183
SACI_RS06710	1430.38144409399	-0.11	0.203159808893596	-0.562104160715323	0.574045053710503	0.731746666127806
SACI_RS06715	1214.3310206746	0.11	0.133206385765422	0.80410605155723	0.421335729938426	0.6122352055796
SACI_RS06720	192.951259113584	0.06	0.31072186824523	0.188002552973605	0.850874649883812	0.913128342583542
SACI_RS06725	298.22592679604	-0.61	0.161185313702791	-3.81294328478693	0.000137321632817725	0.00134595772690632
SACI_RS06730	313.815779185882	-0.03	0.165845663307738	-0.153230395462901	0.878216588595032	0.927478939609846
argF	251.872926317948	-0.77	0.199822032633877	-3.85536278218995	0.000115558134038472	0.00116313706453339
SACI_RS06740	930.481604814394	0.25	0.209025006014559	1.19778202850163	0.231001885358193	0.415687215985412
SACI_RS06745	523.992480934964	0.60	0.191686124873683	3.14470808762623	0.00166252629437243	0.0101417979309386
asd	3001.49671010791	0.49	0.151720260277278	3.22724001348106	0.00124990569115506	0.0080092448214102
SACI_RS06755	2592.43290076523	0.44	0.205078344643478	2.13378828971466	0.0328601149122285	0.102987929012338
thrC	2819.49490594296	0.58	0.197921370123273	2.93138277493609	0.00337456698551964	0.0176268228780679
SACI_RS06765	717.487409370741	-0.00	0.151565444843031	-0.0230576659551674	0.981604274373523	0.985747653889297
SACI_RS06770	505.243500638656	-0.35	0.275013641026226	-1.28658801011727	0.198237924960461	0.375389760941771
SACI_RS06775	3852.57040811495	-0.29	0.475171502553251	-0.607933371596856	0.543231665191981	0.707986687155087
ppsA	3500.841786088	-0.02	0.397852346405124	-0.0581009363734449	0.953668228536785	0.973338209202969
SACI_RS06785	114.692283595869	0.04	0.242074689414011	0.150387527603062	0.880458880894163	0.928824663569778
SACI_RS06790	1158.24532636599	0.75	0.127517804946114	5.89795458540612	3.68035231156144e-09	1.41639441167004e-07
SACI_RS06795	189.814715121948	0.04	0.231434854716196	0.189919789954419	0.8493719845589	0.912718582643784
SACI_RS06800	3958.01886804524	0.43	0.345213015900144	1.23555424469512	0.216624301340388	0.398175278126664
trpA	1243.8780432104	0.23	0.412992899734658	0.546458637730571	0.584750712405094	0.739986757429464
trpD	1511.08181029763	0.06	0.404801875618389	0.150264937965213	0.880555594312808	0.928824663569778
SACI_RS06815	487.247711324048	0.16	0.39350026935688	0.399077630044102	0.689836004649285	0.815048391043534
SACI_RS06820	804.411241250362	0.20	0.397434005229306	0.514994909097833	0.606556577484589	0.757327558815444
SACI_RS06825	231.51986036329	0.41	0.387034508169813	1.06580488088548	0.286511854069511	0.47971946391549
trpC	682.442225531668	-0.79	0.154357212384528	-5.12646005384586	2.95240662102191e-07	6.94932126539605e-06
SACI_RS06835	2395.24501934924	0.49	0.158650809882626	3.06363289609207	0.0021866705786462	0.012549379176134
SACI_RS06840	3526.40343409972	-0.46	0.12651451769582	-3.65256048767459	0.00025963841046358	0.0022724873584722
SACI_RS06845	341.209439504387	0.57	0.140793841133243	4.02703900644829	5.64836650421753e-05	0.000629011708150523
SACI_RS06850	74.8578241784945	0.89	0.238237901973601	3.73758249216552	0.000185798139644903	0.00174148474341407
SACI_RS06855	152.821736944132	0.46	0.296302121181227	1.54658867247244	0.121962462918632	0.271132418912147
SACI_RS11925	461.78459724619	0.16	0.305733671956067	0.510463680474164	0.609726653204359	0.759822765056604
SACI_RS06865	141.833252324078	-0.08	0.297598113697809	-0.263546067291678	0.792129721527774	0.877941159724646
SACI_RS12245	145.334550752533	-0.23	0.243263427861636	-0.925364717231018	0.354776225293536	0.553967411451781
SACI_RS12250	117.58131276592	-0.01	0.223692818384364	-0.0491710614724483	0.960782972960034	0.974561643502484
SACI_RS06870	1017.57713745516	-0.22	0.164441650845546	-1.32315049203167	0.185785336227656	0.359014762995675
glgX	1037.05822166693	-0.66	0.196372595698679	-3.37461910809124	0.00073917920812809	0.00525660866215003
treZ	1007.92213091819	-0.97	0.22235805845237	-4.34204749993026	1.41161003799661e-05	0.000209376742591105
SACI_RS06885	69.7466277632191	0.12	0.270975948554907	0.450551876013968	0.652312557638102	0.789228831871897
SACI_RS06890	2.87692174631612	-0.19	1.17117645677697	-0.160672614852762	0.872351259346456	0.924268520530233
SACI_RS06895	894.713864443013	-0.67	0.225004478354818	-2.98647070718673	0.00282217874383472	0.0153867536929489
SACI_RS06900	11.9790009650353	-3.40	1.03138696732866	-3.29349504480141	0.000989500857614898	0.00674355141765153
SACI_RS11930	1.47129848391555	-0.24	1.21576367688371	-0.193679800214627	0.846426609435274	NA
SACI_RS06905	16.9076021783784	-0.37	0.509463258929801	-0.729104648183915	0.465937651536465	0.649611774030634
SACI_RS12065	1.71862512275207	-0.66	1.14905563445879	-0.577352069574344	0.56370164568111	NA
SACI_RS06910	527.945028311713	0.59	0.145941940889601	4.03902448542933	5.36739625732866e-05	0.00060285304744331
SACI_RS06915	43.7143604244366	0.77	0.32727972473201	2.35101887639876	0.0187220840525701	0.0673017774252418
SACI_RS06920	2073.7247524017	-1.05	0.29579506079649	-3.5555956747698	0.000377123673726582	0.00309068499232241
SACI_RS11660	4.2201028740704	0.37	1.09501422128966	0.336333897245483	0.73661909096905	0.846982496074694
SACI_RS06925	52.0348764443259	0.05	0.361411545906288	0.127687315419877	0.898396428745843	0.940817708694627
SACI_RS06930	265.336398157289	-0.06	0.329023991432737	-0.187816803707881	0.851020262728796	0.913128342583542
SACI_RS06935	4.84133821834648	-0.43	0.801598536790086	-0.530772913269208	0.595576152426147	0.748618055186949
SACI_RS06940	74.7882390699132	-0.35	0.259578028764361	-1.34449537848453	0.178788249884094	0.350741266826593
alaS	1961.436627086	-0.19	0.125955199303401	-1.50109322456556	0.133331451020161	0.285471249246823
rpl12p	1314.22986051804	0.10	0.235398810424425	0.441818224928713	0.658620749331003	0.793642456753556
SACI_RS06955	4037.02295510728	0.09	0.198580633972948	0.466068344826522	0.641166580833832	0.781486763980069
SACI_RS06960	3166.89852887349	0.12	0.174201479724487	0.661285981441349	0.508428929891679	0.679682502951562
SACI_RS06965	2471.93685643355	0.04	0.162065153694065	0.265927232467472	0.79029525151518	0.877941159724646
SACI_RS06970	1457.49370802341	-0.36	0.137013104350952	-2.64697050508519	0.00812164363512699	0.0362084180462135
SACI_RS06975	128.082670426346	-0.19	0.196292629042086	-0.96372389291748	0.335184372167583	0.535190666237075
ftsY	1425.08960877844	0.04	0.199579488199443	0.181376465882603	0.856072090007934	0.915545835533618
pfdA	1110.07173401598	-0.04	0.151236900810435	-0.275339673109128	0.783055287180757	0.875906242507367
SACI_RS06990	330.354159734931	0.04	0.16359853362026	0.259562937522712	0.795200928199449	0.878076299197451
SACI_RS06995	722.743640846949	-0.23	0.151386795329295	-1.49262757643485	0.135534700707765	0.288202053432749
SACI_RS07000	420.150536815656	0.09	0.269093373225098	0.316855707680646	0.751353091709792	0.855281009571347
SACI_RS07005	69.5439629838822	-0.24	0.246304073491268	-0.967373119316124	0.333357542850543	0.533902502839578
SACI_RS07010	1170.02562293923	-0.03	0.171039390105392	-0.19273697442664	0.84716496491943	0.912058325887363
SACI_RS07015	1410.54951982726	0.05	0.23021184509902	0.225266926389404	0.821771627364475	0.897194972387497
SACI_RS07020	955.832183333962	0.23	0.143034601700449	1.61294011790127	0.106757518202038	0.247242854101535
SACI_RS07025	3052.89349310887	0.24	0.194371826368201	1.21544599918814	0.224196032912796	0.406357295694246
SACI_RS07030	761.065032894232	0.46	0.196415374987551	2.33935263441797	0.0193171907430653	0.0688969743600095
SACI_RS07035	121.628529092567	0.34	0.223598382275724	1.51157609988997	0.130641735576643	0.280928037801211
SACI_RS07040	43.9978908745512	0.68	0.366276159719082	1.86300737426561	0.0624612287298118	0.164613328888134
SACI_RS07045	475.637177694914	0.12	0.182513417234545	0.640237538103048	0.522018181777928	0.691707129981184
SACI_RS12070	9.33977280518126	-0.70	0.570065582826986	-1.23545582352142	0.216660907929832	0.398175278126664
SACI_RS07050	582.977001016946	-0.48	0.299499041583699	-1.59424563124942	0.110881029783862	0.253871964080811
SACI_RS12075	221.467990528449	0.32	0.265793338265224	1.21538694187094	0.224218546038399	0.406357295694246
moaA	1080.34358589371	0.30	0.240239312070871	1.24432985911911	0.213378185964042	0.393524110407258
SACI_RS07060	1774.23795706731	-0.66	0.258516515366391	-2.54099890478773	0.0110536265770766	0.0455548673263141
folE	2003.05473893832	1.36	0.225225066291374	6.01742614771128	1.77212118863900e-09	7.60269041093156e-08
SACI_RS07070	774.491759921464	0.10	0.221988344119956	0.43825921960869	0.66119838426062	0.794907317897979
glnA	4752.7772230341	2.82	0.560304700773577	5.03321704042267	4.82316529146513e-07	1.0647789392952e-05
SACI_RS07080	1045.64243992956	0.80	0.275947279068417	2.88422587140842	0.00392377208689053	0.0199995982433483
SACI_RS07085	634.789112271488	0.96	0.250485116921343	3.84458176975513	0.000120758214409476	0.00120619941644885
SACI_RS07090	138.723537116003	0.47	0.166276666811709	2.81035318421925	0.00494871612406751	0.0241619218221729
SACI_RS07095	170.173907494989	0.63	0.197166666670604	3.20332735543711	0.00135849465202772	0.00855772455211757
SACI_RS07100	672.013535628857	0.01	0.227208378154175	0.0540092642688619	0.956927783197391	0.97396168031251
SACI_RS07105	2418.82085890545	-0.06	0.209140137049338	-0.282481666157732	0.777574202683195	0.872739223997204
SACI_RS07110	466.336809811848	-1.12	0.461648456869866	-2.42278805858781	0.0154019094731682	0.0582468166058975
SACI_RS07115	184.750009290309	-0.60	0.207006810388772	-2.89990670171013	0.00373273747323167	0.0191165831065504
SACI_RS07120	204.009767158371	0.21	0.202696022824858	1.02571639255706	0.305025285226519	0.499531396394118
SACI_RS07125	1226.3189685757	0.85	0.374601087750005	2.2725473202704	0.0230534733011374	0.0783293496860721
SACI_RS07130	934.13302515733	1.18	0.413306767425395	2.85822120073906	0.00426023296701259	0.0213582943959233
SACI_RS07135	739.198592653783	1.11	0.389044397180862	2.85946607368292	0.00424354806248596	0.0213154803829669
SACI_RS07140	1874.07832091798	1.26	0.439089355347903	2.87001917336698	0.00410446910048668	0.0206963307051515
SACI_RS11670	454.082725041765	1.47	0.422783665659438	3.46719820250881	0.000525913944342735	0.00397779419752872
SACI_RS07145	200.830272569136	0.08	0.238865009356732	0.349342531411055	0.726832171871505	0.840901765600234
SACI_RS07150	164.492372158975	0.32	0.25979463830398	1.23104055022774	0.2183076984569	0.399797933423168
SACI_RS07155	1143.10527874326	-0.25	0.200138292924422	-1.27034019044985	0.20396347787502	0.381932071138485
SACI_RS07160	1751.89144443698	0.44	0.204105176280902	2.15040344178808	0.0315233163404035	0.0995132917525164
SACI_RS11675	227.75729709099	-0.18	0.21963842086108	-0.802291422841187	0.422384402749884	0.612738349221976
SACI_RS07165	649.241984444782	-0.06	0.185496138248588	-0.327270455363726	0.743463336329888	0.850368684954247
SACI_RS07170	456.169586290737	0.13	0.135369190727833	0.952004784753661	0.341094555286193	0.54001479200482
SACI_RS07175	2050.01753973277	-0.70	0.435504474368023	-1.61799273472273	0.105664163406166	0.245173733469832
SACI_RS07180	273.584027673022	0.12	0.432998418867074	0.275031881091796	0.783291744878543	0.875906242507367
SACI_RS07185	600.979791313909	-0.15	0.209325247104032	-0.718653757436761	0.472354282094621	0.653356847907835
SACI_RS07190	10432.1296338972	-0.08	0.278371408480779	-0.303332353307903	0.761636592548017	0.864730135660807
SACI_RS07195	378.717698105305	0.19	0.216244365225197	0.888652579311136	0.374189823854635	0.571660694120012
SACI_RS07200	556.058736690709	0.87	0.267733337711322	3.24798978231085	0.00116223444181268	0.00766137917940497
pheT	1511.88318413914	0.97	0.230774892885086	4.19080844159439	2.77962265014684e-05	0.000343195873363163
SACI_RS07210	2123.24512290558	0.50	0.19530835539677	2.57404254215411	0.0100517912841976	0.0422239771922073
SACI_RS07215	2094.05326821937	-0.02	0.171331865974528	-0.144246854489634	0.885305543262863	0.932331833689703
map	736.927782218198	-0.42	0.143727845044354	-2.95470358104133	0.00312969590120782	0.0166810879296555
SACI_RS07225	12943.8016536227	0.61	0.164316509962096	3.70167795857378	0.000214178356238573	0.00195980684712009
SACI_RS07230	1962.56360696135	0.58	0.198972069710238	2.90636934338043	0.00365649567651468	0.0188738642710827
rrf	31.182106753448	-0.26	0.384224246447151	-0.686417303692316	0.492449995897852	0.668087941557635
SACI_RS07240	928.405346031824	0.19	0.130515612135204	1.45078164810358	0.14684067144234	0.304743883556387
SACI_RS07245	432.84186779328	0.48	0.136582944647619	3.53247857450318	0.000411683584346844	0.00330483417250212
SACI_RS07250	1788.61334800889	0.30	0.151520887968089	1.99202487237825	0.0463683289539204	0.133935890587649
rpl7ae	1756.490538939	0.20	0.326929860420708	0.609764114173776	0.542018076504078	0.706757003593011
SACI_RS07260	1357.77845463982	-1.38	0.275388523863755	-5.00890818274418	5.47396781274998e-07	1.19378114716389e-05
SACI_RS07265	2.89646796387441	-0.23	1.06456884258118	-0.219133071358499	0.826546389552077	0.900529517676014
SACI_RS07270	141.973510013868	0.45	0.31260347208022	1.43571532087442	0.151083363830163	0.311572232579619
SACI_RS07275	43.5146052975516	0.34	0.432992378623364	0.783469794011651	0.433351284865594	0.624493564148271
SACI_RS07280	20.6407184894821	-0.20	0.474822483574714	-0.426512717710098	0.669734282952541	0.801048728741682
SACI_RS07285	18.3056719148664	2.08	0.500574710818646	4.16125384907201	3.16505026249855e-05	0.000385252862184125
SACI_RS11860	9.0036452073435	-0.35	0.584769782072417	-0.60521160174079	0.545038408075868	0.709065255019662
SACI_RS07290	1.67404750871516	1.12	2.19786917579236	0.508444755362374	0.611141472714702	NA
SACI_RS07295	24.1604562096902	-1.73	0.49968763817181	-3.47201553552116	0.000516566442314569	0.00392980924284078
SACI_RS07300	2.16732800216192	-2.85	1.55204090124161	-1.83448646952687	0.0665818144530564	NA
SACI_RS12255	353.247057443153	0.56	0.239392649373098	2.35217065397823	0.0186642098532795	0.0672785636171246
SACI_RS12260	241.98660108073	0.62	0.29755196108142	2.09127680535522	0.03650325778763	0.110951249280171
SACI_RS07310	1340.2050395838	0.46	0.429233869797737	1.07263642763717	0.283434273883052	0.476395308125849
SACI_RS07315	1188.28799871824	0.00	0.175135060612476	0.0273663624770514	0.978167527049485	0.983050851877305
SACI_RS07320	901.698475844471	-0.09	0.16593843189967	-0.529215980718949	0.596655632043676	0.749255177091315
SACI_RS07325	2835.10775752098	-0.32	0.260557860747973	-1.20927800774607	0.226556057004093	0.409176812408358
SACI_RS07330	1852.92709135528	0.18	0.133203798054398	1.3536968820521	0.175833103291457	0.346059529755424
SACI_RS07335	2035.89015449041	0.05	0.129164246950883	0.398164649878457	0.690508821643658	0.815048391043534
SACI_RS07340	278.243847811849	0.31	0.276208801778164	1.10558317328061	0.268906976230875	0.461764801047375
SACI_RS07345	106.006066120404	-0.25	0.32849786449632	-0.751635419236593	0.452270337112438	0.640958994451769
priL	545.307584539531	0.72	0.307074399094507	2.33626512088404	0.0194774281663944	0.0689875507140965
metG	2877.03268700733	-0.31	0.131865388847514	-2.35160349225371	0.018692688848258	0.0672885374358889
SACI_RS07360	12574.2636288049	-0.11	0.14713017388483	-0.763080546874631	0.445415360725086	0.636620425460159
SACI_RS07365	272.095731380944	-0.48	0.209413329788287	-2.27954305595541	0.0226348035702826	0.0772298317385
SACI_RS07370	1439.5886663888	-0.12	0.161843343173075	-0.710917460578399	0.47713538534466	0.655737773813948
SACI_RS07375	7536.882022712	0.05	0.166656686868444	0.27472251990705	0.783529428242166	0.875906242507367
SACI_RS07380	7113.66449790362	0.18	0.128147515315662	1.42841199938355	0.153173307394263	0.314149330290584
SACI_RS07385	3110.9646648763	0.15	0.116129252927549	1.32732181085185	0.184402251911809	0.357997546923741
SACI_RS07390	457.668313400228	0.14	0.169672306052167	0.804186250735854	0.421289418156207	0.6122352055796
SACI_RS07395	3898.80364368151	0.42	0.0976114968344692	4.32133711964893	1.55086513112354e-05	0.000221719099661248
proS	1023.20627787824	0.52	0.217176579105636	2.37927331816665	0.0173468085330956	0.064210180949238
SACI_RS07405	131.198673974289	0.65	0.257490731775899	2.50716007967533	0.0121705579137883	0.0489252689099601
pdxS	3769.11815993444	-0.10	0.15386136150023	-0.676120227756434	0.498964314913829	0.671870135363011
pdxT	2552.34018445709	-0.13	0.197042040143495	-0.641553509356921	0.521163127169201	0.69127415296594
SACI_RS07420	3516.76083942073	0.35	0.189265229432462	1.86560429189701	0.0620967487161626	0.163983038738847
SACI_RS07425	116.994707549973	0.01	0.308196014409818	0.0309509798150583	0.975308633363336	0.980931088974578
ilvC	2158.57897950886	0.21	0.347069151996919	0.601536485737066	0.547482718062265	0.710978080434681
SACI_RS07435	833.930770176427	-0.17	0.49345983950303	-0.34568478164296	0.729579622472056	0.841959702968007
SACI_RS07440	4995.63717004205	-0.13	0.46309394485372	-0.279540036979493	0.779830417018837	0.874011221129891
SACI_RS07445	221.925435241959	0.19	0.27866751391119	0.677076014831555	0.498357726022958	0.671820536280526
SACI_RS07450	192.972010245204	0.64	0.209528616223958	3.06380487526051	0.00218541399668175	0.012549379176134
SACI_RS07455	1066.18149554632	-0.03	0.197536283125597	-0.130557254101727	0.896125559486077	0.939944123917861
SACI_RS07460	297.413412413123	0.02	0.212696869391537	0.0752997893757128	0.939976189062206	0.966568835668288
SACI_RS07465	21.7780273449155	-0.19	0.323427707749927	-0.601036208447127	0.547815869958116	0.710978080434681
SACI_RS07470	453.013425207626	0.47	0.227774290620716	2.06024038247214	0.0393755661478791	0.117766693267428
SACI_RS07480	13.5948942893086	0.55	0.523349987753676	1.05168347040042	0.292944797232967	0.486444501496621
SACI_RS07485	243.727413808359	0.57	0.190071911074686	3.00930232818334	0.00261848409040063	0.0145181628486831
SACI_RS07490	1191.5784891493	-0.22	0.177784266812391	-1.22162636974735	0.221848951901428	0.404302720839859
SACI_RS07500	148.003673632579	0.10	0.214154345708371	0.443720476317952	0.657244689385508	0.792631037844181
hisC	1015.20301765448	0.06	0.222248352479001	0.288481687608342	0.772978046140702	0.870558787600604
hisG	512.652898312894	0.16	0.203532223878137	0.810184046224754	0.417834405306783	0.609856463294953
hisA	177.350344473419	0.37	0.200266477575349	1.82466396033577	0.0680517550039433	0.176102471270936
hisBd	168.418012925892	0.61	0.217159464057794	2.82788644841518	0.00468564234244878	0.0230928926745546
hisF	157.599229569122	0.89	0.290651379562946	3.06862464359795	0.00215046598952716	0.0124508174659128
hisD	349.718644226481	0.84	0.191554900159811	4.37806570345421	1.19737256944123e-05	0.000182181628734169
hisE	68.3956444407785	0.95	0.268979412979897	3.52142971461428	0.0004292264366136	0.00338339031511383
hisH	112.549403153975	0.89	0.234591245210486	3.79060649862005	0.000150279878860303	0.00144589133447578
hisI	84.7331900866958	0.95	0.289385361764863	3.2696113130428	0.00107695355127711	0.0071897638869699
SACI_RS07550	719.909016169642	0.58	0.254833902413043	2.2838158767305	0.0223823541925077	0.0764681735271445
serS	2169.77395867419	0.15	0.156598024692374	0.947631015119897	0.343317331144739	0.542792720994571
SACI_RS07560	9646.12794515911	0.39	0.16602833959979	2.33590989887328	0.0194959379460106	0.0689875507140965
SACI_RS07565	602.793568652178	-0.02	0.146760861199297	-0.120731754020384	0.903903506885467	0.943506442984132
SACI_RS07570	500.617429722337	0.68	0.166388436449395	4.06251625701416	4.85465655950567e-05	0.000559675604239045
SACI_RS07575	933.246700031114	-0.92	0.263576909963649	-3.48829683861749	0.000486108082301927	0.00374160250407101
SACI_RS07580	1224.17203224828	0.40	0.153989745912956	2.57789244222932	0.00994049338980622	0.0420639742111226
SACI_RS07585	178.331566577004	0.40	0.224836046355755	1.80034853597141	0.0718056215463007	0.182619350424363
SACI_RS07590	65.8482160502157	0.30	0.309042427034004	0.95896845379656	0.337574637516514	0.537041231842381
SACI_RS07595	142.902701025601	0.20	0.289526110410596	0.698708694616506	0.484734099173825	0.663467122143253
SACI_RS07600	416.857449100526	-0.16	0.24629110097676	-0.641063405506085	0.521481488717666	0.691346026329348
SACI_RS07605	287.131713371054	-0.20	0.281525630505444	-0.715406050736909	0.474358174733952	0.653710028056215
pyrI	263.575923251007	-0.28	0.288385071178332	-0.958487678018917	0.337816901966261	0.537100141218533
pyrB	671.433847442517	-0.24	0.255267033002145	-0.947328455467595	0.343471435218575	0.542792720994571
pyrE	377.227830922695	0.20	0.222831233503828	0.902890657879709	0.366583929293205	0.563496026547429
SACI_RS07625	369.998484535803	0.29	0.23369255565875	1.24527828114667	0.213029476302231	0.393158067336346
SACI_RS07630	433.877856692685	-0.08	0.262908567728216	-0.300990950919476	0.763421394876816	0.864880428741398
SACI_RS07635	2261.30353096897	0.05	0.177103990795847	0.264016927440439	0.791766875192645	0.877941159724646
SACI_RS07640	341.053891913891	0.04	0.193141073378837	0.213874164104546	0.830645188124114	0.90311527100989
SACI_RS07645	57.5664544493934	0.73	0.329015762436509	2.22093304079902	0.0263554969405948	0.086757654708851
SACI_RS07650	706.90400390434	0.54	0.232770416316758	2.33922488315237	0.0193237979290206	0.0688969743600095
SACI_RS07655	715.820614285021	0.56	0.23503333015501	2.3783605191847	0.0173898145281587	0.0642784528533775
SACI_RS07660	711.94745064313	0.92	0.171935251973706	5.3236877926985	1.01684372032779e-07	2.74338145989467e-06
SACI_RS07670	329.701145317393	1.45	0.511106219860797	2.83174866329379	0.00462942218287369	0.0229020753356908
purS	72.9160623784285	1.81	0.510902877251631	3.53958855407295	0.00040075129382782	0.00322697272599201
purQ	170.374046236271	1.84	0.499774068932747	3.68731213236638	0.000226635298516311	0.00203118005553831
purL	296.91058938944	1.81	0.490871355321025	3.67719095373905	0.000235816512512978	0.0020919722482931
purF	362.895798841789	1.76	0.419697643520731	4.19314092715291	2.75118407639757e-05	0.000343195873363163
SACI_RS07695	743.049498984393	1.29	0.39885273157462	3.24603379684829	0.0011702494580036	0.00769483123516438
purD	661.336068058946	1.45	0.355165780096189	4.07962369490713	4.51086622763323e-05	0.000527006112398042
purM	266.225922499311	1.61	0.379072100823399	4.25852733979864	2.05778055581909e-05	0.00027198038962518
SACI_RS07710	1418.5029448636	0.16	0.274066601071649	0.578032761141882	0.563242001043699	0.725039014624378
SACI_RS07715	353.323259951776	0.17	0.327840277347939	0.531514770160054	0.595062108821561	0.748618055186949
SACI_RS07720	2293.18861358668	0.93	0.804851901677836	1.15297571452706	0.248920352666787	0.438965338900931
argH	2339.35875035835	0.85	0.767160046092079	1.10150190741002	0.270678274799242	0.462983689640273
carA	2361.88166998095	0.56	0.532962286479657	1.04230898818872	0.297268446516004	0.490821151124531
carB	5054.66202877861	0.83	0.529045396507116	1.56251125761811	0.118167595912631	0.265215286177346
SACI_RS07745	246.806034709895	0.64	0.218403919311637	2.92944585597671	0.00339566965667695	0.0176669333827507
SACI_RS07750	130.811758961436	0.89	0.232941952194349	3.80105263187151	0.000144082690299183	0.00140172639595897
SACI_RS07755	539.797704849727	1.02	0.346538639853738	2.93543876290795	0.00333076347029936	0.0175032289192237
SACI_RS07760	112.074066765135	-0.75	0.289392107262449	-2.59985321498826	0.00932636436102366	0.0399461465348591
SACI_RS07765	243.869653965098	-0.73	0.235914952519744	-3.09313441552481	0.00198054407278154	0.0116672216362138
SACI_RS07770	467.287094785668	0.21	0.282095028316516	0.731889923148831	0.46423575718748	0.647949320831805
SACI_RS07775	887.401582364134	-0.35	0.162892157939845	-2.12645011559118	0.0334657986767197	0.104137925252052
SACI_RS11685	130.369027786765	-1.00	0.258485946063876	-3.88391034689877	0.000102789822514866	0.0010632449230095
SACI_RS07780	30.3426154181448	0.60	0.488509190000342	1.22050541705944	0.222273337270588	0.404391958938625
amrS	478.243628236192	-0.52	0.189411269305221	-2.72775265946653	0.00637674022679079	0.0297998735241277
SACI_RS07790	889.777529203421	0.49	0.136547431685998	3.59075674425932	0.000329719258617463	0.00275679009521374
SACI_RS07795	1097.85242202881	-0.65	0.214457385141451	-3.01109264447945	0.00260309416877083	0.0144811590774529
cyoE	1770.8464367592	0.85	0.224825596100344	3.79487648816146	0.000147716973670315	0.00143176044479709
SACI_RS07805	250.761038564009	0.06	0.236575681418499	0.26549272529648	0.790629913222324	0.877941159724646
SACI_RS07810	108.834944702343	0.22	0.285087978087134	0.770994894498551	0.44070995779675	0.632659330528851
SACI_RS07815	675.183828940966	0.13	0.195016473963351	0.672590389594863	0.501207917444117	0.674029352492937
SACI_RS07820	727.193635528865	0.29	0.18157622478261	1.58507008347431	0.112950411857219	0.257259554247469
SACI_RS07825	3573.1553604147	-1.14	0.315860715726666	-3.61777291451763	0.00029714893206025	0.00253302526124324
SACI_RS07830	240.980716660319	0.37	0.169575594012848	2.18540824243665	0.0288589270634302	0.0933545267305277
SACI_RS07835	625.465002239755	0.08	0.142206238031415	0.530906806334712	0.595483360964154	0.748618055186949
SACI_RS07840	1954.43470435214	0.25	0.146178673019419	1.70914391533518	0.0874242946499454	0.212235045546296
SACI_RS07845	2513.1789862007	0.52	0.149070732742393	3.46287284534737	0.000534440893462608	0.00403063924550906
SACI_RS07850	492.597332615632	0.36	0.311869445887879	1.14321220790739	0.252950494862745	0.443978165698057
SACI_RS07855	962.251150659721	0.64	0.24509797726364	2.61085900370431	0.00903151213847986	0.0389381668309749
pyk	1035.27568592426	1.25	0.185128823727543	6.77254626202328	1.2653532336623e-11	9.19841503470624e-10
SACI_RS07865	283.857839315269	1.19	0.171088868039076	6.97623934957077	3.03186034152616e-12	2.93865870880517e-10
SACI_RS07870	72.8555841580912	-0.00	0.338958832965427	-0.00733585288257006	0.994146888741998	0.995287837734433
SACI_RS07875	46.7970192612231	-0.60	0.284009372693167	-2.10690661641824	0.0351256749886494	0.108145754641524
SACI_RS07880	2.25124548686961	1.01	1.69505243608442	0.597833629290839	0.549950949141208	NA
SACI_RS07885	67.0941742247701	0.47	0.307090684865269	1.54303209973662	0.122822987738734	0.272165756911318
SACI_RS07890	279.549725602574	-0.09	0.21083128071713	-0.411457335985358	0.680737219010711	0.809032380631713
SACI_RS07895	1129.21420030219	-0.03	0.185081745635386	-0.140305974429021	0.888418244108097	0.934106285588948
SACI_RS07900	287.913339395545	-0.39	0.265623317472683	-1.44958431373199	0.147174472901327	0.304952965623732
SACI_RS07905	166.056634031252	0.54	0.288963962004809	1.88238605004071	0.059783618582992	0.159646663093561
SACI_RS07910	3764.12533439123	-0.54	0.232454749366505	-2.34047054608517	0.0192594574854342	0.0688551915838541
SACI_RS07915	792.575320643887	-0.44	0.198737722921969	-2.22486608303039	0.0260902295160039	0.0862656397820702
SACI_RS07920	813.842794673614	-0.31	0.202317382599843	-1.53815975294861	0.12400955894576	0.273406078989936
SACI_RS07925	806.299154844903	1.61	0.233346103510174	6.88749611376327	5.67829238625945e-12	4.64377849213781e-10
SACI_RS07930	1421.41720797558	0.36	0.28217595428254	1.27835343744754	0.201124833905614	0.379210151535296
SACI_RS07935	227.871163455935	-0.11	0.198100877873498	-0.5329360936223	0.594077819023365	0.747812242609017
SACI_RS07940	894.728792819172	0.22	0.235712328442293	0.912150470349654	0.3616895129832	0.559757313712588
SACI_RS07945	2673.87040617232	-0.20	0.228513896556988	-0.889271602031855	0.373857129630526	0.571660694120012
SACI_RS07950	461.182445743391	-0.17	0.248160298105478	-0.692447378274197	0.488656421243457	0.666743406879107
SACI_RS07955	707.301175958754	-0.08	0.232363935763953	-0.34279315623423	0.731754074899974	0.842869900533993
SACI_RS07960	5402.40397416063	-0.34	0.467053724276975	-0.732826486860593	0.463664264372158	0.647842701474606
SACI_RS07965	1524.09198058643	1.63	0.313245683465976	5.19582947905174	2.03809015444058e-07	4.93859438349167e-06
SACI_RS07970	478.739601396719	0.61	0.1693876520741	3.59282678667125	0.000327110039197262	0.00274374029672831
SACI_RS07975	672.471639639174	-0.65	0.359118480886476	-1.81423666311383	0.069641297912818	0.178677722193965
SACI_RS07980	363.35932266241	-0.92	0.402487345089026	-2.28599387081674	0.0222546171329672	0.0763307117129425
SACI_RS07985	563.611107793976	0.65	0.224406428488515	2.90148405228897	0.00371399683280422	0.0190953432444964
SACI_RS07990	311.949884873578	0.32	0.229850160380335	1.4092699976742	0.158755346763039	0.323317309322079
SACI_RS07995	431.07197040798	-0.18	0.240911166220962	-0.736789782146773	0.461250197869129	0.646632603397361
SACI_RS08000	348.005754224138	-0.80	0.30147734242131	-2.65533312252609	0.00792301240471187	0.0355652203484236
SACI_RS08005	77.8120445644568	-0.28	0.240503071003152	-1.14739787634306	0.251217218501054	0.441981710265095
SACI_RS08010	2122.59327341852	-0.76	0.156091631579978	-4.8559056115913	1.19837778648864e-06	2.37587474790968e-05
SACI_RS08015	1092.33553679313	1.02	0.234550976369399	4.33833466109991	1.4356642909142e-05	0.000211074912883285
SACI_RS08020	8673.14256996022	-1.26	0.433931381368937	-2.90318844999977	0.00369384291367783	0.0190291080808954
SACI_RS12080	28633.0403425494	-1.17	0.461967734020619	-2.52196171872371	0.0116702407721132	0.0473504187606514
SACI_RS08030	1647.51131054592	-0.32	0.150254812502097	-2.15227930865378	0.031375362478258	0.099285760103508
SACI_RS08035	2551.16566725827	-0.44	0.166200037843429	-2.64141911411741	0.00825595181992955	0.0365580810706525
SACI_RS08050	341.523517120479	0.69	0.194253802334048	3.55487385642994	0.000378160469822569	0.00309068499232241
SACI_RS08055	64.7013524345394	0.34	0.320244349549974	1.07708036529137	0.281444364042594	0.474269092530245
SACI_RS08060	661.965746000374	0.94	0.387714945028158	2.4287668104478	0.0151502731338469	0.0575940481891081
SACI_RS08065	456.149517478174	-0.07	0.271454598229261	-0.265304102438677	0.790775204428522	0.877941159724646
SACI_RS08070	618.443103997864	0.54	0.218618790005846	2.46709839031038	0.0136212923924818	0.053334449816084
SACI_RS08075	460.838328451376	0.86	0.133674672703057	6.40677495419312	1.48629951347962e-10	8.64365739283594e-09
SACI_RS08080	59.8359139543224	-0.89	0.612660130022563	-1.45722181840681	0.145055159749264	0.301756242499066
SACI_RS08085	302.944543934138	-0.51	0.210273925279068	-2.41168235736441	0.0158791088523798	0.0596206999521921
SACI_RS08090	2534.06734069082	-0.01	0.17721114984435	-0.0453443811447434	0.963832812759992	0.975764205413114
SACI_RS08095	26.9378746557809	-0.40	0.532793290609947	-0.745560260022622	0.455933096540828	0.643656213084877
SACI_RS08100	35.3495983453651	-0.07	0.376252228761048	-0.184957838884507	0.853262104643416	0.913452076472652
SACI_RS08105	613.16627529857	0.12	0.223196031913034	0.547951607304975	0.583725131694839	0.739453973937032
SACI_RS08110	297.738861671188	-0.06	0.167306635387852	-0.335685955701101	0.737107697624153	0.847028764119211
SACI_RS08115	342.845809286415	0.14	0.186134070057899	0.740723969488375	0.458860822849673	0.644921184704367
SACI_RS08120	99.2502235750608	0.25	0.430466460325959	0.582900516481023	0.559960272928019	0.723436411456483
SACI_RS08125	2904.93649607175	1.81	0.596346259755178	3.03279386845151	0.00242301048876186	0.0137549207138607
SACI_RS08130	278.367510759901	-0.22	0.219459374519655	-1.0155215686337	0.309857270480998	0.504602661386915
SACI_RS08135	770.23741055524	-0.44	0.192931245486722	-2.26975685483674	0.023222339685484	0.078619486360817
SACI_RS08140	613.324967360294	-0.07	0.16478532390989	-0.396828410233441	0.691493998871797	0.815048391043534
SACI_RS08145	481.99848996709	-0.03	0.181394750796262	-0.159467631511839	0.873300458266785	0.924385821007835
rfbC	266.8260196222	-0.20	0.197985027306406	-1.00002732894963	0.31729728243215	0.512572214891936
SACI_RS08155	419.815997897948	0.61	0.717451624924418	0.844477831946318	0.398402445809614	0.593071217681319
merA	124.620146088507	-0.22	0.287393762153651	-0.762141574273148	0.445975512132469	0.636725540234955
SACI_RS11700	1.42025186333833	0.29	1.71853580282417	0.171301931088692	0.863986362118845	NA
SACI_RS08165	777.889960176131	-0.30	0.209492655884022	-1.42849379661148	0.153149778877579	0.314149330290584
SACI_RS08170	606.356859909694	-0.02	0.188978392453694	-0.118230343753559	0.905885147727076	0.944502562391139
SACI_RS08175	239.745229024836	-0.17	0.243774186023843	-0.688117065188354	0.491379064819052	0.66744012239312
SACI_RS08180	353.378166992614	0.97	0.28641484415678	3.40098427050054	0.000671436912048007	0.0048237990616657
SACI_RS08185	2036.17848814477	-0.12	0.345641385288747	-0.340833574533592	0.733228873370193	0.843454928180129
ilvD	2475.55383859906	0.29	0.118420213370546	2.48916688040458	0.0128042848130824	0.0507709293270253
SACI_RS08195	6.08666394935729	1.23	0.806930637326541	1.52092826824099	0.128277839201343	0.279487700472854
SACI_RS08200	46.8888063771708	0.29	0.36200808369167	0.80649408084428	0.419958019628823	0.61125146683461
SACI_RS08205	163.033275978651	-0.90	0.59871306319819	-1.50827207656885	0.131484906797608	0.282509032093054
SACI_RS08210	3277.70180509272	0.96	0.257875829227621	3.72419023679656	0.000195943135060252	0.00182485119022306
SACI_RS08215	101.226627029487	-0.11	0.223020973140741	-0.478910042830365	0.632002626111257	0.775210003883554
SACI_RS08220	111.425310030887	-0.02	0.39777887983668	-0.0536498309607958	0.957214154284974	0.97396168031251
SACI_RS08225	225.11737852563	-0.57	0.317152105882315	-1.78623706799849	0.074060881610895	0.186721895159646
SACI_RS08230	856.124417460744	-0.77	0.525271754450982	-1.46092597111746	0.14403575842084	0.300351856404254
SACI_RS08235	473.328240499632	0.71	0.207191919872513	3.42973380690299	0.000604173655355788	0.00446422535369409
SACI_RS08240	1027.82380162379	0.62	0.287943405859178	2.15388481734414	0.0312492059051498	0.0990062613241854
SACI_RS08245	550.172298253893	-0.73	0.37781218250338	-1.94193227311623	0.0521452998150765	0.144643490412296
SACI_RS08250	186.017063218834	0.03	0.329125130660798	0.081061041767972	0.935393407854552	0.96337054244603
SACI_RS08255	1294.13112363071	-0.09	0.307677019099333	-0.299354769862974	0.764669369049906	0.865759678011078
SACI_RS08260	272.152951330691	-0.17	0.373464845576775	-0.460209981744595	0.645365506961893	0.784814838159513
SACI_RS08265	197.203885961579	-0.53	0.373773404962118	-1.42632715527014	0.153773929671068	0.314395604647801
SACI_RS08270	352.718354680077	1.76	0.560354775389285	3.14335679888897	0.0016702211604051	0.0101650436669306
SACI_RS08275	176.313254682417	-0.11	0.624168193733496	-0.182188785650276	0.855434573466241	0.91523805345918
SACI_RS08280	102.284256949504	-0.46	0.619376253339265	-0.740096266011187	0.459241584257803	0.645107475041691
SACI_RS08285	44.8243308339822	-0.32	0.387271195339237	-0.821942215924532	0.411109784766202	0.60544417936587
SACI_RS08290	36.9849211093349	-0.12	0.366641873304314	-0.333150356748514	0.739020789162836	0.847881370117993
SACI_RS08295	20.1967139720918	-0.04	0.384381117920914	-0.110501280062415	0.912011834744841	0.948245916379518
SACI_RS08300	3803.12738608945	-0.11	0.362694896968118	-0.29234714442011	0.770021216349948	0.869018443046086
SACI_RS08305	956.108478355122	-0.44	0.347167410405511	-1.28053448956364	0.200357222972592	0.37803522171541
SACI_RS08310	928.590359858287	0.18	0.256041497866483	0.71882817964458	0.472246792591374	0.653356847907835
SACI_RS08315	67.6738645650388	0.18	0.309332165563582	0.591043194477716	0.554491479702882	0.718012965058111
SACI_RS08320	170.275418546997	0.73	0.433968243394421	1.68232372104569	0.0925060837650058	0.220481257935355
SACI_RS08325	1849.76084618815	0.68	0.267879213987784	2.52104303938531	0.0117007539560047	0.0474007323573753
SACI_RS08330	1690.55597805318	-0.25	0.256440255608203	-0.962135095827606	0.335981746699694	0.535285257870375
SACI_RS08335	25.2999167498194	1.31	1.58577562720813	0.824845527365314	0.40945929551143	0.604615902325351
SACI_RS08340	1812.97981513398	-0.03	0.429518273692932	-0.0747468177900338	0.940416156625634	0.966641430435697
SACI_RS08345	58.8752961793576	-1.44	0.445606205853515	-3.23784050345373	0.00120438121444869	0.0078016476193372
SACI_RS08350	137.243103850596	-1.25	0.506301901324269	-2.46929070493917	0.013538118735289	0.0531970821775546
SACI_RS08355	2102.74716566488	-0.59	0.145666083858976	-4.07120138209064	4.6771292553424e-05	0.000541595011558897
SACI_RS08360	8483.74723629012	-0.41	0.150840821635405	-2.69121695552312	0.00711918804180389	0.0325146860478199
SACI_RS08365	831.009824296775	-0.36	0.184964445481069	-1.95415753649697	0.0506825894108673	0.141403343804094
SACI_RS08370	64.1447259021156	-0.48	0.275686201273703	-1.75787720405935	0.0787684053365106	0.195761554383332
SACI_RS08375	142.581569832491	-0.08	0.235574262413808	-0.349492313564269	0.726719740353716	0.840901765600234
SACI_RS08380	501.168497734138	0.36	0.617739206279991	0.590515123448148	0.554845349638748	0.718115865482
SACI_RS08385	1745.72321549817	-1.45	0.371569586929659	-3.90068779471333	9.5919785870674e-05	0.0010073163082696
SACI_RS08390	104.068571009603	-0.28	0.270369463808155	-1.05190824469087	0.292841648894675	0.486444501496621
SACI_RS08395	194.835692314502	-0.38	0.226686389562947	-1.69387239396246	0.09028953376797	0.216777715477777
SACI_RS08400	896.709066612764	1.15	0.36322150919559	3.15370711276396	0.00161210790308682	0.00992679148794875
SACI_RS08405	92.067986638896	-0.38	0.31986829790753	-1.17490183184655	0.240033992663464	0.427506811830838
SACI_RS08410	249.046757015963	-0.15	0.30132409385021	-0.50513275595249	0.613465596135429	0.762679080801148
SACI_RS08415	31203.9572936323	-0.04	0.401090421643374	-0.0880387089165886	0.929845910305553	0.959923766181315
SACI_RS08420	2477.68354730308	0.09	0.244425783466611	0.355946166786109	0.721880880876584	0.837624894061661
SACI_RS08425	9404.15565333235	-0.40	0.198977097933192	-1.98736897641643	0.0468815230038453	0.134419285067612
SACI_RS08430	6401.59995703983	-0.51	0.21801002034863	-2.32624765508056	0.0200053427227408	0.0705579270962436
SACI_RS08435	3998.4592985863	-0.13	0.235295956064759	-0.539334605955421	0.589655994537313	0.74403555337712
SACI_RS08440	2810.8753645962	-0.39	0.222536062920293	-1.77030683251225	0.0766760404888434	0.191288081944045
SACI_RS08445	544.668889506356	-0.32	0.288991489219478	-1.10060021412766	0.271070692311719	0.463118984484993
SACI_RS08450	2512.48188702341	0.22	0.157519186462119	1.42706049966561	0.153562456853692	0.314220888579581
SACI_RS08455	147.136955426559	-0.12	0.224570779165127	-0.544841022569475	0.585862861921561	0.740677830748176
SACI_RS08460	1922.41895009083	0.10	0.342611778910105	0.297416058196211	0.766148885394554	0.866387295839844
SACI_RS08465	238.840428273195	-0.15	0.760787822072465	-0.200902042305746	0.840775170743737	0.90959430419031
SACI_RS08470	363.633684341541	-0.16	0.72234737428199	-0.223222296141049	0.823362499891067	0.898182435270914
SACI_RS08475	466.869924901064	-0.90	0.452211173119857	-1.9966137312568	0.0458671600475882	0.132634649551976
SACI_RS08480	160.78565843191	-0.43	0.39139158324999	-1.08642576822855	0.277290666233383	0.469885334122249
SACI_RS08485	185.84312631672	-0.33	0.420045372668597	-0.788157591094786	0.430604531872054	0.621905110325147
SACI_RS08490	88.9767499257283	0.22	0.387802177170874	0.579800389841471	0.562049234672723	0.724216074415812
SACI_RS08495	80.6646508964179	0.66	0.307858631943615	2.13240930847418	0.0329732128285107	0.103218777478723
SACI_RS08500	782.381138173838	0.68	0.333208815717731	2.05169453357453	0.0401993583430325	0.119819727544096
SACI_RS08505	793.703319458277	0.75	0.439344639543555	1.71263314002012	0.0867800524868422	0.211445553169657
SACI_RS08510	620.618632740715	0.84	0.395754411324056	2.11013832428611	0.0348464430742287	0.107438711196538
SACI_RS08515	290.013988418871	-1.26	0.240382758754004	-5.25088588301639	1.51369440312812e-07	3.92211708216464e-06
SACI_RS08520	198.359246595216	0.38	0.350959713891481	1.07109958282337	0.284124655783358	0.477249181120056
SACI_RS08525	8337.10928874115	-2.60	0.833958091549345	-3.12164181744808	0.00179845603167396	0.0107701588899102
SACI_RS08530	4364.8800135047	-0.08	0.17370671265597	-0.466560103622802	0.640814636680949	0.781459414815491
SACI_RS08535	1267.73636367837	0.05	0.378309418185614	0.121001587203414	0.903689778026874	0.943506442984132
SACI_RS08540	115.140478770557	-0.51	0.369417937538859	-1.38529774833658	0.165961441966557	0.332049765769479
SACI_RS08545	66.8324777584108	-0.30	0.356490573600374	-0.850549044306995	0.395019905439994	0.59072405287798
SACI_RS08550	4697.26165799015	-0.50	0.354434047500367	-1.39736228095489	0.162304655754654	0.329009515189721
SACI_RS08555	1207.48624768412	0.15	0.211958806239884	0.710598618746311	0.477332999279928	0.655737773813948
SACI_RS08560	155.973113438524	-2.01	0.282584608699763	-7.09829612189069	1.26304335442961e-12	1.43712367762709e-10
SACI_RS08565	37.8381577292779	-0.93	0.46845239394896	-1.98724524371196	0.0468952263151431	0.134419285067612
SACI_RS08570	188.996223391955	0.07	0.42061964884064	0.164825351750185	0.86908144914034	0.922725730423351
SACI_RS08575	19.1864087779943	1.09	0.612222742288286	1.78729605259595	0.0738896516967872	0.186469834609925
SACI_RS08580	53.1784378414338	1.10	0.296147636129989	3.70638871392366	0.000210235550934017	0.0019372761858955
SACI_RS08585	21.676793120506	0.49	0.493030201327401	1.00322214817164	0.315753689001225	0.511159657290719
SACI_RS08590	15.0285276568353	-1.38	0.563135849325792	-2.45182650888096	0.0142133172023818	0.0551546528168252
SACI_RS08595	122.395113075191	-0.04	0.34755967163053	-0.106323930182697	0.91532534566348	0.949804294052866
SACI_RS08600	13.8483231652593	0.44	0.875968144627041	0.503281847405917	0.614766127163456	0.763570457895949
SACI_RS08605	21.7507137959857	0.75	0.660390207515091	1.13665365184634	0.255683101887985	0.446081785093904
SACI_RS08610	6150.69478641373	0.38	0.968711034390922	0.390800553031724	0.695944666156443	0.817261877607389
SACI_RS08615	516.243814157265	-0.58	0.280210505712013	-2.07715522590637	0.0377872348194566	0.114059046738775
SACI_RS08620	248.989038248696	-0.51	0.286188168049325	-1.77580640282386	0.0757648320191401	0.189738340090038
SACI_RS08625	5572.28267664048	0.87	0.366629641260751	2.3627871873348	0.0181380819021203	0.0656533338006209
SACI_RS08630	2599.9033553293	-0.11	0.245621662727302	-0.46122819994225	0.644634891639357	0.78429080028833
SACI_RS08635	3310.07205050861	-0.87	0.349220782300218	-2.50319132981372	0.0123078987760987	0.049349720207192
SACI_RS08640	49.0620351837892	0.27	0.584709467652073	0.470137694521298	0.638256644808318	0.779429603109365
SACI_RS08645	781.714129022972	-0.25	0.298723749540432	-0.820452065242793	0.411958444879011	0.605518787734544
SACI_RS08650	92.6030019000452	-0.59	0.293185151312292	-2.00026598992403	0.0454715494289713	0.132221160950687
SACI_RS08655	308.313844340541	0.13	0.181457773345369	0.713295993012604	0.47566261648188	0.654850780885451
SACI_RS08660	1240.95723364537	-0.44	0.168421241982254	-2.60311523031148	0.00923808983214134	0.0397140512375274
SACI_RS08665	1274.70491606804	-0.70	0.308004065327153	-2.28656586037454	0.0222211758341167	0.0763307117129425
SACI_RS08670	1631.83981482835	-0.26	0.410426300706177	-0.621680696805946	0.534151846908429	0.701040814122045
SACI_RS08675	2147.23132397625	0.07	0.433465124231501	0.160962869477823	0.872122645110021	0.924268520530233
SACI_RS08680	15.1172341645736	0.30	0.496995093887801	0.605054140798821	0.545143023729293	0.709065255019662
SACI_RS08685	87.8308550313007	-0.22	0.252370127840566	-0.876457157591858	0.380781557207546	0.577684252296897
SACI_RS08690	301.649467918369	0.35	0.235276216482651	1.48995151973949	0.136236983641319	0.289393008270561
SACI_RS08695	397.319242650133	0.24	0.194756380799294	1.24932487463658	0.211546273467552	0.390972173491937
SACI_RS08705	1079.35412637151	-0.30	0.173128989043042	-1.75980752710809	0.0784404464057142	0.195131794908511
SACI_RS08710	465.685493267567	-0.18	0.258334871546215	-0.679710611922277	0.496687715360721	0.670707817904544
SACI_RS08715	366.789061264391	0.26	0.190791737542514	1.3876711900948	0.165237192665572	0.331157794553774
SACI_RS08720	119.820013765439	-0.78	0.218480542971524	-3.550380948748	0.000384674074733759	0.00311669366432894
SACI_RS08725	553.397596484218	0.17	0.423772714452026	0.396938847630376	0.691412556216525	0.815048391043534
SACI_RS08730	56.6529003868142	2.76	0.489510256198567	5.64354500960643	1.66583950720788e-08	5.58910511585003e-07
SACI_RS08735	15.0572014703223	0.65	0.523081033190229	1.25132529360579	0.210815820930753	0.390173269714131
SACI_RS08745	463.104983313567	-0.33	0.221005387459118	-1.48610997014744	0.13725003555339	0.29097980473434
SACI_RS08750	1291.08418594984	-1.07	0.2721923221681	-3.91664360981282	8.97903364134389e-05	0.000955208578837275
SACI_RS08755	198.6339610306	0.46	0.294612899742363	1.56669739244562	0.117185440586305	0.264273597830436
SACI_RS08760	705.559326574912	0.46	0.256289664670131	1.80584970094466	0.0709418196700825	0.181019854826171
SACI_RS08765	585.436097789597	0.61	0.232722770228136	2.62447441919223	0.00867828112746208	0.0378395484471836
SACI_RS08770	45.4457840800123	-0.08	0.307174426281143	-0.249864724197604	0.802691964082339	0.88395270994051
SACI_RS08775	245.000001564041	0.47	0.211100170440466	2.24794846489094	0.0245794762694955	0.082151327455006
SACI_RS08780	142.687558724502	1.04	0.287407528295727	3.63312154688687	0.000280013031910327	0.00241846239111989
SACI_RS08785	965.456112517281	-0.63	0.427098994288753	-1.47673568040721	0.139746503810162	0.294220917515038
SACI_RS08790	491.617106654811	-0.03	0.249241059782555	-0.109024190125408	0.913183303750807	0.949086856995974
SACI_RS08795	853.140365085189	0.13	0.201194568243491	0.669716112481436	0.503038778390673	0.675472951845693
SACI_RS08800	2145.74339973521	0.68	0.489907095899925	1.39142577339523	0.164096353605048	0.329969752820328
SACI_RS08805	1496.01129698159	0.94	0.509188029055101	1.84894307141689	0.0644660334425175	0.169385150119546
SACI_RS08810	401.217065321204	0.88	0.251953484922504	3.50669945689767	0.000453701267885096	0.00355489885645298
SACI_RS08815	597.53682803429	0.52	0.24922029591079	2.09621317095556	0.0360632850890835	0.109869969412581
SACI_RS08820	729.082878928458	-0.37	0.290310111787864	-1.27717930939055	0.201538949978209	0.379351994288178
SACI_RS08825	281.660710450808	-0.16	0.186518662085188	-0.848286039562147	0.396278690441237	0.591665792460755
SACI_RS08830	334.155714745527	-0.47	0.253017033781781	-1.84455106138473	0.0651028715586619	0.170544759628647
SACI_RS08835	686.612652489761	-0.25	0.224715685434908	-1.09794226704654	0.27222969992053	0.463640557786621
SACI_RS08850	8.28584711513049	-1.16	0.697535699376328	-1.66805407955267	0.0953049918013842	0.226327734613632
SACI_RS08855	327.997304584887	-0.65	0.281751015924726	-2.30293741110056	0.0212823648654744	0.0741623819613136
SACI_RS08860	557.485159921461	-0.46	0.204053303979713	-2.26226847587265	0.0236808208613243	0.0799647847665622
SACI_RS08865	907.238179935315	1.11	0.335129316169935	3.32135908508219	0.000895802045906897	0.00625150387770226
SACI_RS08870	250.396668798545	-0.85	0.261404306117953	-3.24937626723979	0.00115658381934699	0.00764338347280572
SACI_RS08875	1095.19511185941	-0.41	0.220922791885104	-1.84772964528678	0.0646414631259988	0.169675736209367
SACI_RS08880	366.603371107288	-0.28	0.252495191955211	-1.1115663666862	0.26632464022411	0.458835802150426
SACI_RS08890	89.9476040063917	0.67	0.316913006534751	2.10010478501786	0.0357196244959592	0.109459317688437
SACI_RS08900	486.568184348784	0.36	0.503765989681706	0.705508812062942	0.480493649989943	0.658696638042787
SACI_RS08905	107.802466055083	-0.06	0.439646055651459	-0.129437118828004	0.89701177813197	0.940496724107117
SACI_RS08910	3889.45561554454	-1.48	0.604943430490466	-2.45164820200316	0.0142203614174507	0.0551546528168252
SACI_RS08915	1762.91728081474	-0.93	0.503595701365368	-1.83786420754109	0.0660824174505186	0.172488019012843
SACI_RS08920	1244.37642928687	0.98	0.445091682159609	2.20184162500263	0.0276764976422612	0.0905367429122468
cbsA	7519.3018923346	-5.01	0.569365278535967	-8.80121101522992	1.35347582026683e-18	7.0840924432766e-16
cbsB	2612.44693476806	-4.91	0.560249492378858	-8.76177551705616	1.92198733313747e-18	8.38306808470125e-16
soxL2	3857.7251860654	-5.40	0.604497033195589	-8.93326821720265	4.13605324880539e-19	3.60801711737456e-16
SACI_RS08940	6850.96546611713	-4.95	0.54290348563462	-9.11166472706728	8.11274201450351e-20	1.06155229259778e-16
SACI_RS08945	1132.99712690738	-4.75	0.556618708514594	-8.53801428438477	1.36548044705169e-17	4.46682791241784e-15
SACI_RS08950	479.056019892942	-2.17	0.362300719033803	-5.97571359791314	2.29085160556842e-09	9.36743539339462e-08
cas6	909.653766055853	0.09	0.19632977353196	0.445843639067399	0.655710196747874	0.792240805581342
SACI_RS08960	261.925624493592	-0.08	0.185682684442285	-0.420692986399112	0.673979283273663	0.803555254818759
SACI_RS08965	38.0861986999511	0.04	0.32418423809994	0.138339524943624	0.889972089412172	0.934988742670274
SACI_RS08970	1335.54486719145	-1.69	0.376005195483053	-4.484779148486	7.29894942724331e-06	0.000119383441569348
SACI_RS08975	198.897452676997	0.64	0.332063027693038	1.91298863442328	0.0557495074785025	0.151817337222935
SACI_RS08985	6.90962646043777	-1.61	0.790380762624031	-2.04310619430817	0.0410419268683731	0.121363528378003
SACI_RS12265	168.785241605976	0.41	0.322755662069839	1.27310273562456	0.202981588349659	0.380517777013652
SACI_RS12270	0.701050860052284	0.00	9.21855313156848	0	1	NA
SACI_RS08995	44.2415965593091	-0.58	0.355048692754115	-1.63081019276767	0.102930376048785	0.240507851892564
SACI_RS09000	846.536318399115	0.22	0.222903336533807	1.00291728551317	0.315900771786594	0.511159657290719
SACI_RS09010	2883.23324515762	1.02	0.344055852832923	2.97643725995918	0.00291618744314462	0.0158333247691068
SACI_RS09015	1111.46919891744	0.97	0.295451066717428	3.29129020707764	0.000997289723235262	0.00677897975508229
cas7d	1727.77535365156	0.84	0.314886621764977	2.67502037825647	0.00747247079364767	0.0338916049687625
SACI_RS09025	5448.26435697531	0.34	0.242773528658386	1.39119827326485	0.164165310726812	0.329969752820328
csa3	217.13882566275	0.18	0.24491098105613	0.735869970299269	0.461809834065597	0.646632603397361
cas2	120.755515964192	0.16	0.301363715457696	0.536926668743049	0.591318268690826	0.745773450199466
SACI_RS09045	128.138674083742	0.65	0.346095823261603	1.88975961121762	0.0587901175051849	0.157798705139558
cas1	707.177798198037	-0.69	0.271568523577221	-2.54023828857694	0.011077696577283	0.0455822829288517
SACI_RS09055	29.0971355419738	-0.78	0.425691866117855	-1.82344163649198	0.0682365290308763	0.17610946397811
SACI_RS09060	81.619880015906	-0.21	0.314078735450248	-0.668177454372473	0.504020325147843	0.675895567809475
SACI_RS09065	340.780999929805	0.83	0.351043237547478	2.36922548409076	0.0178253823276428	0.0653347696798897
SACI_RS09070	344.859136424461	0.43	0.354799612393753	1.21728268127434	0.223496681313189	0.405892307423051
SACI_RS09075	1.5054180309077	-0.19	1.37313094313644	-0.136086913677063	0.891752572655245	NA
SACI_RS11985	30.3683888672296	-0.59	0.449726258940304	-1.32218455339012	0.186106703398163	0.359040590560891
SACI_RS09085	716.620578336562	0.35	0.223893801678982	1.54624317477509	0.122045850010894	0.271132418912147
SACI_RS09090	243.501666391212	0.13	0.205799283606305	0.627716213696324	0.530189861990725	0.697590180407102
SACI_RS12275	2.50970583760518	0.76	1.47019490553803	0.515828382547374	0.605974277419118	NA
SACI_RS12280	0.481423591338246	2.21	6.88491702169487	0.321115852556219	0.74812259736905	NA
SACI_RS09105	3.85276029964391	-0.13	0.7855662111408	-0.170948729333192	0.864264080099854	0.92054501327689
SACI_RS09110	131.512377784241	0.22	0.361242323229862	0.609861668847084	0.541953446049132	0.706757003593011
SACI_RS09115	625.325511094987	-0.02	0.354539809669846	-0.0461837972615241	0.96316375660641	0.975764205413114
SACI_RS09120	84.5787150189594	-0.26	0.440442558447764	-0.58143553736523	0.560946952213959	0.723508217813667
SACI_RS09125	187.045663346051	-0.20	0.3620776524748	-0.549574112170769	0.582611519010276	0.739215010537782
SACI_RS09130	258.711994738189	-0.08	0.217454575081414	-0.349687956695147	0.726572892909497	0.840901765600234
SACI_RS09135	409.023995646226	-0.39	0.231803758468795	-1.69917883326151	0.0892854933099156	0.215374508207681
SACI_RS09140	2530.4206330607	-0.89	0.257043971974788	-3.44931074421933	0.000562019539385373	0.00420230038449006
SACI_RS09145	195.285283148948	-0.46	0.244929622259868	-1.8605701019622	0.0628049102412323	0.165352565494271
SACI_RS09155	552.095863427511	-0.81	0.243881866190043	-3.30294468594562	0.000956752582058619	0.00657170999277535
tsaA	62.2856157875525	-1.45	0.319832002852718	-4.5231271994319	6.09325960670948e-06	0.000101567263635406
SACI_RS09165	278.432562138423	0.60	0.436067854281721	1.37627618185993	0.168736144055879	0.336572019050484
SACI_RS09170	1887.50482259275	-0.43	0.241912942355401	-1.76001186776839	0.0784057943835385	0.195131794908511
SACI_RS12090	770.420048506685	-0.09	0.274590678947848	-0.3451272769592	0.729998687823618	0.841959702968007
SACI_RS09180	360.709969574149	-0.21	0.269796442531131	-0.793976543213981	0.427209087086699	0.618698607764589
SACI_RS12095	0.717840871499321	-0.00	2.54743197185921	-0.00194925502872546	0.998444720492418	NA
SACI_RS09185	338.488992799916	-0.05	0.24986808721907	-0.193174396756726	0.846822389495201	0.912058325887363
SACI_RS09190	571.29579445953	0.01	0.214163699894213	0.0397347712187267	0.96830458013333	0.976905947876992
SACI_RS09195	874.540912182853	-0.88	0.239096952492326	-3.69850282148363	0.000216874939787219	0.00197756695966255
SACI_RS09200	1040.40417903745	0.14	0.147982485603221	0.977595464829365	0.32827444127023	0.52705166429705
SACI_RS09205	165.987279014719	-1.01	0.207087324342576	-4.87044925775331	1.11344793432373e-06	2.27647909697281e-05
SACI_RS09210	693.140606496378	-0.13	0.168101958530683	-0.764389710443757	0.444635038721471	0.635852402368356
SACI_RS09215	4.13979001256116	1.57	1.28308925214691	1.22319182389854	0.221257252965613	0.403846743135519
SACI_RS09220	220.698005095518	-0.51	0.166857859037742	-3.0281455390661	0.0024605955199509	0.0138779708528265
SACI_RS09225	351.45055060219	-0.54	0.235122471243028	-2.29752407409619	0.0215888913482144	0.0749604555799771
SACI_RS09230	793.133764782458	-0.29	0.165298443710114	-1.75199544252841	0.0797745915858332	0.197698964185725
SACI_RS09235	244.159768965235	0.30	0.307492220898072	0.962438415961834	0.335829424266803	0.535285257870375
SACI_RS09240	70.8783771158044	-0.53	0.399317637793561	-1.31712398626272	0.187797068090876	0.360575882020412
SACI_RS09245	977.873093999219	-0.29	0.243865817676773	-1.18398914564281	0.236417359545612	0.422035627510824
SACI_RS09250	1501.27125017627	-0.12	0.241968231105656	-0.507888974786929	0.611531207092418	0.760997227275729
SACI_RS12100	1.02082712342415	-0.74	2.34004537184986	-0.315366163381866	0.752483654706469	NA
SACI_RS09255	1157.61525342081	-0.08	0.22769654508256	-0.349570203493351	0.726661275881265	0.840901765600234
SACI_RS09260	807.191524944412	-0.44	0.209516078045522	-2.09621021187112	0.0360635474686309	0.109869969412581
SACI_RS09265	346.739221902086	-0.17	0.179706879300655	-0.961975760415858	0.336061780160881	0.535285257870375
SACI_RS12105	4.25622316511691	-0.65	0.809319677398431	-0.809094095848237	0.418461024097023	0.6100905292824
SACI_RS09270	13.945522679731	0.26	0.460149988471943	0.555505330902045	0.578549064831086	0.735527036631404
SACI_RS09275	1.31857394527008	-1.10	2.15816520501259	-0.508619646007167	0.611018855547655	NA
SACI_RS09280	0.839926846238163	0.24	2.38544964723017	0.101693694225549	0.918999807477156	NA
SACI_RS11720	2.57916488655201	-2.70	1.18289878161976	-2.28637069954188	0.0222325809732839	NA
SACI_RS09285	30.871788395348	-0.81	0.416228268834525	-1.94078440353377	0.0522844335603556	0.144791918124286
SACI_RS09290	27.1418006811074	0.14	0.449397997409333	0.301447431926128	0.763073329881136	0.8648605042438
SACI_RS09295	166.760719402718	0.13	0.285579558475039	0.444397881440848	0.656754944870212	0.792405574331648
SACI_RS09300	70.7158387393512	-0.23	0.300265185829612	-0.758043986067447	0.448424650786181	0.638480582757038
SACI_RS09305	77.3656700904595	-0.15	0.218518508229952	-0.675924063676223	0.499088858672408	0.671870135363011
SACI_RS09310	99.5301229985278	0.15	0.33323129358416	0.454581900299392	0.649410058559276	0.78795013329749
SACI_RS09315	61.0573384430595	0.75	0.291714219387072	2.58044222911226	0.009867386459718	0.0418524317100195
SACI_RS09320	7.04754099561405	0.25	0.722193330447462	0.35135066078307	0.725325292668295	0.840644947259933
SACI_RS09325	40.6413579994405	-0.37	0.422932375594327	-0.866308481012166	0.386321016615939	0.583413444227281
SACI_RS12110	14.8519875282082	-0.14	0.507473825771437	-0.282324082539346	0.777695021154559	0.872739223997204
SACI_RS09330	66.6946799242251	2.39	0.486880971214419	4.91815213937516	8.73650017664466e-07	1.8365591259276e-05
SACI_RS09335	429.323962215876	0.36	0.386001175316846	0.940321063318828	0.34705289847887	0.54581576641779
SACI_RS09340	21.7715703140175	2.67	0.692937018762317	3.85762726034623	0.00011449307066432	0.00115686998379782
SACI_RS09345	163.341324816763	2.27	0.407356607432767	5.56436493060043	2.63108827044453e-08	8.60694750469168e-07
SACI_RS09350	186.851869480324	-0.49	0.311917108960629	-1.57278930537963	0.11576761281247	0.262306357342195
SACI_RS09355	62.6613307440617	0.35	0.416365176854511	0.832483478700447	0.405136099812795	0.598668081993271
SACI_RS09365	346.741846965988	0.69	0.234238458650358	2.96235109784801	0.00305299435982336	0.0163723078681511
SACI_RS11500	953.198378270858	-0.39	0.191289539872557	-2.03027481396354	0.0423286128404918	0.124325454324991
SACI_RS09380	2750.16307711005	0.46	0.439428982204317	1.03640576397486	0.300012882448743	0.494418339586604
SACI_RS09385	5243.45376704307	-1.22	0.563090841686355	-2.17225137780859	0.029836707292792	0.0958069484481431
SACI_RS09390	57.18621017374	-0.12	0.322131898918937	-0.371489583786395	0.710272912734731	0.828335210618
SACI_RS09395	15.0571335665588	-0.56	0.42208166448282	-1.32619024997832	0.184776688014612	0.358458556363409
SACI_RS09400	1.43351441324996	0.64	1.93536614670874	0.330334757896964	0.741147032574357	NA
SACI_RS09405	6.57324128976625	0.30	0.855673812601118	0.347595853736153	0.728143720579329	0.841959702968007
SACI_RS09410	1641.05739022598	-0.32	0.240247876946938	-1.34549943019225	0.178464005185558	0.350367818132488
SACI_RS09415	322.238673910367	0.14	0.174575499004626	0.815889254610564	0.4145634784091	0.606435228058477
SACI_RS09420	488.258171280759	-0.59	0.173217722290869	-3.40302148303981	0.000666450401185816	0.0048237990616657
SACI_RS09430	8.74556394967075	0.49	0.555539474758604	0.886323639386421	0.375443154123101	0.572239216272659
SACI_RS09435	56.6806315433981	-0.02	0.243543654059436	-0.0701353222917427	0.944085952788658	0.968706720924357
SACI_RS09440	302.498658975077	-1.28	0.288430746538089	-4.45444419663718	8.41108014632998e-06	0.000134218272822839
SACI_RS09445	63.564708961779	-1.13	0.440553457935504	-2.55419971615848	0.0106432189157352	0.044141527579206
SACI_RS09450	338.338443422166	0.02	0.227752154608325	0.0840913169489313	0.932983828263221	0.961293922241402
SACI_RS09455	1911.46730522721	0.10	0.262293486205378	0.385359038131219	0.699971426356268	0.821036583260132
SACI_RS09460	667.191867935357	-1.95	0.305396020115128	-6.38695634008198	1.69219925238216e-10	9.30545716042021e-09
SACI_RS09465	443.634041561864	-1.89	0.296598436478891	-6.36290160714448	1.97977523932912e-10	1.057361592107e-08
SACI_RS11995	272.563589315207	-1.45	0.275313118558101	-5.25543378504492	1.47675979018043e-07	3.86468037090219e-06
SACI_RS09475	309.710133330907	-0.85	0.244185423990407	-3.49756702061846	0.000469522723409796	0.00364611562956509
SACI_RS09480	106.936833789864	-0.74	0.26866772506777	-2.74559305358287	0.0060401635327343	0.0285842820346576
SACI_RS09485	618.561346845661	0.59	0.278674001207857	2.12927974158248	0.0332311228571712	0.103777862192383
SACI_RS09490	39.8840392336074	-0.74	0.382291876934854	-1.94168235978484	0.0521755655136445	0.144643490412296
SACI_RS09495	889.243235296075	-0.07	0.275225283508803	-0.251287929829089	0.801591506436772	0.883641521628067
SACI_RS09500	1465.72438134557	0.07	0.22912426172633	0.319491483328036	0.749353848586134	0.853747941554163
SACI_RS09505	454.62498200009	0.08	0.307733538229315	0.253643276516023	0.799771159840786	0.882006373916282
SACI_RS09510	490.738564805955	0.75	0.293107637460603	2.56336686349889	0.0103662449431342	0.0432670861502107
SACI_RS09515	106.551901519097	0.39	0.378268473484591	1.02896043478874	0.30349826737291	0.498606426510228
SACI_RS09520	86.3028900744105	-0.09	0.259877846544973	-0.352857322345676	0.724195407200585	0.839707302013261
SACI_RS12000	49.3181606221888	-0.19	0.361074731145747	-0.536318173704943	0.591738672450891	0.745944174279375
SACI_RS09525	1680.70134167752	0.46	0.230882730045107	1.98380299352176	0.0472778063025392	0.134854200966736
SACI_RS09530	78.7457117833467	0.57	0.376017268210278	1.51900762490147	0.128760576712619	0.279870185736925
SACI_RS09535	1416.92046166419	-1.68	0.345219622443377	-4.8645772840741	1.14701682933742e-06	2.31135259264709e-05
SACI_RS09540	0.175426581098877	0.00	9.21855313156847	0	1	NA
SACI_RS09545	386.037294284678	0.13	0.262168254584951	0.506288743121593	0.612653964265994	0.762032045857465
SACI_RS09550	296.903007585682	-0.17	0.265386096846763	-0.623005726752802	0.533280758559617	0.700952157283032
SACI_RS09555	44.8651010537906	-0.83	0.404431191136496	-2.0493584568942	0.0404270763589231	0.120361386611265
SACI_RS09560	24.3401495980598	0.40	0.436464689983075	0.924724801836501	0.355109074885737	0.554156499091218
SACI_RS09565	35.9237840926489	0.18	0.376275130032973	0.468668219932849	0.639306806267667	0.779984108159666
SACI_RS09570	102.655128808528	0.42	0.37964486268789	1.10827559927369	0.267742810143762	0.460672540530063
SACI_RS09575	35.7350028112823	-0.96	0.379259723575834	-2.53724996712178	0.0111727146319445	0.0458291445012521
SACI_RS09580	145.167919053906	-0.84	0.263701662489871	-3.17453226454893	0.00150078204768071	0.00930698250895835
SACI_RS09585	229.806206294696	-1.19	0.307645344537188	-3.85762647709526	0.000114493437448848	0.00115686998379782
SACI_RS09590	69.4912221781209	-2.62	0.400154794421926	-6.55578102936411	5.53514021565889e-11	3.62136548609483e-09
SACI_RS09595	44.462925931224	-1.10	0.405180786379713	-2.71740000814195	0.00657970334299432	0.0304224092731734
SACI_RS09600	377.736577515541	-1.36	0.253818566062789	-5.34025049486428	9.28182407529819e-08	2.61188533387692e-06
SACI_RS09605	96.7284004447418	-0.54	0.315108495378709	-1.72037741233849	0.0853638601119212	0.209308822509195
SACI_RS09610	19.9699833626767	-1.94	0.653766273281537	-2.97242102572655	0.00295461210706535	0.0159427214107011
SACI_RS12115	1.11368320914292	0.24	2.65710175906271	0.0912969170857523	0.927256667569269	NA
SACI_RS09615	722.573981926907	0.14	0.268965202252088	0.516255483176506	0.605675983694419	0.756589045025439
SACI_RS09620	668.202501713168	0.65	0.218937021318274	2.9905829306088	0.00278445509824139	0.0152446004018781
SACI_RS12120	12.0677755247765	0.92	0.615252020715831	1.4994970863994	0.133744724002125	0.285955835550295
SACI_RS09625	6.41198358580684	0.14	0.66330669062094	0.204830012245464	0.837704937738869	0.908149884864383
SACI_RS09630	36.1553626119868	0.15	0.470763417828117	0.320581111355347	0.748527853648461	0.853540798884056
SACI_RS09635	1.39138067978317	-0.86	2.29926428022325	-0.373568273249489	0.708725541953707	NA
SACI_RS09640	207.606738838323	-0.38	0.36085277780103	-1.06212432632593	0.288179247887423	0.48189462729801
SACI_RS09645	1.80405155739407	-1.55	1.43807503796903	-1.0809717074612	0.279709699085664	NA
SACI_RS12285	2.4108272377866	-0.78	1.03437355239424	-0.750881035710627	0.452724254433231	NA
SACI_RS12290	2.49644969434473	0.35	1.00295624879495	0.34990145379608	0.726412655947582	NA
SACI_RS12295	4.20487052770579	0.79	0.91417051245838	0.862237571025356	0.388556798715018	0.585122956348012
SACI_RS09655	1491.04514814946	-1.00	0.501449622725568	-1.99926252674007	0.045579956433968	0.132234070781765
SACI_RS09660	872.725406119992	-1.19	0.463074396155637	-2.57735196402192	0.00995605170013201	0.0420639742111226
SACI_RS09665	645.668167006202	-0.88	0.453929256376835	-1.93765643345739	0.0526651524926083	0.145384708937928
SACI_RS09670	290.69112930387	-1.03	0.411451666543586	-2.50082639444453	0.0123903899803543	0.0495805054718459
SACI_RS09675	44.8891487654813	-0.42	0.379369965482312	-1.11640509608808	0.264248773129012	0.456461412065098
SACI_RS09680	19.8038944314994	-0.00	0.428038600148522	-0.000599245384917905	0.999521871387857	0.999903951613923
SACI_RS09685	26.4363988599921	-1.11	0.355261070101701	-3.13495689068798	0.00171879367785738	0.0104122292938721
SACI_RS09695	134.748376952627	-0.72	0.256773203159115	-2.79477241984084	0.00519362622970823	0.0251698515613823
SACI_RS09700	207.842356147302	-0.81	0.219289821618665	-3.69605139178776	0.000218978664614655	0.00198293136780814
SACI_RS12005	31.9111855101721	-1.67	0.430014456757533	-3.88603126027156	0.000101896391068787	0.00105818593423419
SACI_RS09715	3116.44853490521	-3.10	0.442099597535223	-7.00306639331002	2.50420084580897e-12	2.62139744539283e-10
SACI_RS11955	1.54709498009895	-1.83	1.53063159724158	-1.19265424844115	0.233004810627041	NA
SACI_RS09740	464.592000819738	-0.74	0.228309562342813	-3.22879008287942	0.00124315108951655	0.0080092448214102
sixA	643.645373496333	-0.74	0.23851093732072	-3.11789891180912	0.00182145266156119	0.0108581813560493
SACI_RS09750	700.326751600708	-0.41	0.276674508147598	-1.46582395440955	0.142696253350976	0.29827164138938
SACI_RS09760	176.218668944046	0.80	0.327165823229075	2.45068301579397	0.0142585456804072	0.0551546528168252
SACI_RS09765	60.6155199819636	0.24	0.351978281826096	0.681705680554842	0.495425074788608	0.66969391566208
SACI_RS09770	131.609489831202	-1.29	0.293334943299658	-4.38125065251736	1.18000030016617e-05	0.000180588350031279
SACI_RS09775	823.43623415228	-0.17	0.171840332545098	-1.0145008928568	0.310343803593826	0.504772955174503
SACI_RS09780	896.889713527204	0.10	0.169786801143017	0.56634448851802	0.571159623032442	0.72984606126753
SACI_RS09785	116.302634831861	-3.00	0.412401299838551	-7.26684700333574	3.67975168744563e-13	5.06837377160275e-11
SACI_RS09790	35.7979459573152	0.19	0.451386510024432	0.424559151533401	0.67115807620164	0.801652526435278
SACI_RS09795	2829.13195407259	0.43	0.286310069830866	1.51813444027973	0.1289805105389	0.279885568889139
SACI_RS09800	730.812703757669	2.42	0.277969607218598	8.71448966055701	2.92071365399833e-18	1.09192966178766e-15
SACI_RS09805	483.520011729072	-0.75	0.793910270008997	-0.943413834275259	0.345469269721562	0.543978988484553
SACI_RS09810	6.67744932365649	0.16	0.768225428284599	0.204188957332138	0.838205840347247	0.908316639415629
SACI_RS09815	31.1642757572708	-0.03	0.423752444457499	-0.0620025189919799	0.950560825997574	0.972105385555159
SACI_RS09820	243.717311219926	-0.77	0.358724094948183	-2.15940080831185	0.0308190852483921	0.0982549458678543
SACI_RS09825	500.187607172723	-1.37	0.399581188309088	-3.437279977951	0.000587587886603971	0.00435614022448327
SACI_RS09835	283.683212470764	-8.98	0.808720382707949	-11.1011096725633	1.23895957830747e-28	3.24235721643064e-25
SACI_RS09840	371.81711159621	-4.33	0.517171830438823	-8.36460215257895	6.03181086651698e-17	1.43502263978863e-14
SACI_RS09845	966.745201994083	-2.87	0.790320880414254	-3.62718025494866	0.000286533268509739	0.00245973382708593
SACI_RS09850	523.353570172615	-2.61	0.911051416293124	-2.86703964525	0.00414331105840813	0.0208520096920271
SACI_RS09855	199.742807476884	-3.78	0.877836173906266	-4.3054136156857	1.66674022380248e-05	0.0002320137854091
SACI_RS09860	2578.83546790327	-4.63	0.884089638690412	-5.24196251881781	1.58877648048407e-07	4.03672626157943e-06
SACI_RS09865	151.884293179019	-3.52	0.457081656213441	-7.69586505306359	1.40540076019917e-14	2.69168057534565e-12
SACI_RS09870	3273.02992378754	-4.72	0.911150453695015	-5.18456276409278	2.16522221504595e-07	5.19851975850939e-06
SACI_RS09875	1737.67970580546	-4.42	0.906583926948351	-4.87656978718039	1.079465091168e-06	2.22437806581626e-05
SACI_RS09880	4.38746874546496	-3.33	1.3605922004512	-2.44407756738692	0.0145223038545652	0.0558074437406711
SACI_RS09885	7.52438524519155	-3.85	0.959993174150833	-4.00970519139021	6.07946034451766e-05	0.000674150327186556
SACI_RS09890	3.48995324807328	-2.98	1.24082146483503	-2.40522588239003	0.0161624722431141	0.0604689379565116
SACI_RS09895	31.8209470841027	-3.91	0.743040373210019	-5.26082031885164	1.43414128442768e-07	3.79105832459318e-06
SACI_RS09900	1.52896058947897	-4.45	1.81988794544348	-2.44283976416567	0.014572205667362	NA
SACI_RS09905	4.56146594031363	-2.40	1.06237736834658	-2.26165147419872	0.0237189450511887	0.0799903082460836
csx7	8.23986596871808	-5.17	1.03622768698739	-4.98584782852923	6.16906858860831e-07	1.33425227242876e-05
SACI_RS09920	90.1155586112606	-3.58	0.518697228321095	-6.90928252786099	4.87110979996064e-12	4.11215946661193e-10
SACI_RS09925	0.118348363921261	0.00	9.21855313156848	0	1	NA
SACI_RS09930	5.85634080631893	-3.73	1.23656275222873	-3.0148192092694	0.00257132476333955	0.0143668815201458
SACI_RS09935	143.806073812427	-3.87	0.704362343277048	-5.49689415068453	3.86538554124167e-08	1.23362365383286e-06
SACI_RS09940	28.0861338472838	-3.66	0.907552750432053	-4.03311811931408	5.50415950744966e-05	0.00061557202696563
SACI_RS09945	54.3099595656964	-3.74	0.876166874044297	-4.27077246129404	1.94797076288914e-05	0.000261427665973378
SACI_RS09950	153.918237137619	-4.34	1.09584945024005	-3.95778012221435	7.56495455535739e-05	0.000824895252973762
SACI_RS09955	74.3942301598595	-3.80	0.981946346167123	-3.86490832099315	0.000111130933878931	0.00113163289479052
SACI_RS09960	15.5258081619659	-4.45	1.16630546673574	-3.81569384971627	0.000135800794890871	0.00133605518883236
SACI_RS09965	122.647873690126	-3.43	0.583999613533494	-5.87486176854056	4.23196328874635e-09	1.60507940965931e-07
SACI_RS09970	111.768988139154	-2.94	0.644698446832024	-4.55301514485221	5.28824645132284e-06	8.98658504098174e-05
SACI_RS09975	144.464932712475	-2.99	0.549614899021961	-5.44743820070704	5.11004611390869e-08	1.55499891629059e-06
SACI_RS09980	448.63598484694	-2.93	0.595512678920947	-4.91735242460042	8.77225413606991e-07	1.8365591259276e-05
SACI_RS09985	0.904999751829165	-2.24	2.4103391960834	-0.931220439145766	0.35173954720858	NA
SACI_RS09990	11.681736085897	-2.82	0.799711042321419	-3.5243495027731	0.000424523893514098	0.00335643211276857
SACI_RS09995	10.7913622373472	-2.89	0.854806200015346	-3.38031888218834	0.000724017756197148	0.00516281871380909
SACI_RS10000	9.22073236312155	-4.48	1.03042670772854	-4.3523629480096	1.34678062393211e-05	0.0002025589018868
SACI_RS10005	4.19278627499509	-3.08	1.13476273677513	-2.71843104827658	0.00655923253374859	0.0303814363554337
SACI_RS10010	10.5101147586377	-2.88	1.28202038036193	-2.24884054585043	0.0245226427237128	0.0821001144580829
SACI_RS11900	1.15443128331894	-3.17	2.09336454391108	-1.51438307175827	0.129928710199865	NA
SACI_RS10015	22.4499773289271	-4.47	0.996803674147373	-4.48797155276949	7.19045272687833e-06	0.00011834852066818
SACI_RS10020	69.6029176883917	-2.23	0.56570439417104	-3.94509673347841	7.97677704385839e-05	0.000862612624949479
SACI_RS10025	309.7015534646	-3.11	0.44746477392168	-6.9533490217267	3.56714686086518e-12	3.11174111162806e-10
SACI_RS10030	99.1071879946219	-3.52	0.521826466787561	-6.74251395616689	1.55669284163007e-11	1.101044639607e-09
SACI_RS10035	94.6166593065785	-2.16	0.498697368069939	-4.33108894574222	1.48373726389471e-05	0.000215204036025574
SACI_RS11960	0.229751811096719	0.00	9.21855313156847	0	1	NA
SACI_RS10040	259.665715950904	-2.87	0.503455536781378	-5.70014352678117	1.19706599938317e-08	4.12200226366546e-07
SACI_RS10045	10.4844460869227	-2.35	0.897192112971516	-2.61534348147692	0.00891377649424445	0.0384939819891712
SACI_RS10050	1.70193838773604	-4.26	1.64200523608704	-2.59268241793779	0.00952306633312393	NA
SACI_RS10055	7.63710330551051	-3.04	0.934578882379313	-3.25692253243492	0.00112627166031734	0.00748084501281849
SACI_RS10060	173.839461729279	-2.71	0.828394829384999	-3.27257067946823	0.00106574222532514	0.00715140359916893
SACI_RS10065	521.873064161082	-2.98	0.456390649621378	-6.52992945483511	6.58006765061823e-11	4.20000903455314e-09
SACI_RS10070	305.12981027744	-3.08	0.497405752993469	-6.18833935843713	6.08013250137971e-10	2.79152750107205e-08
SACI_RS10075	537.013980679038	-3.01	0.454670643375657	-6.6262244210336	3.44381478384751e-11	2.37170086561288e-09
SACI_RS11755	746.524182784752	-0.65	0.398721760980919	-1.62751866448631	0.103626987840594	0.241570286427514
SACI_RS10080	7669.70919150577	0.83	0.300938684421823	2.75297348116791	0.00590566797845785	0.0281002419993167
SACI_RS10085	8419.50485421218	0.62	0.284729640185116	2.1623006207959	0.0305950119146888	0.0980014029140031
SACI_RS10090	3673.35918893924	0.62	0.302162704453885	2.05484414249965	0.0398940610409692	0.119181230301617
SACI_RS10095	3932.46733861598	-0.04	0.322381196577345	-0.123944715885522	0.90135904773483	0.943506442984132
SACI_RS10100	1444.64169188106	-0.20	0.316451826502988	-0.634642030865015	0.52566190903791	0.694851201738204
SACI_RS10105	1491.37010379752	-0.04	0.299371990695087	-0.131165345282733	0.895644509526	0.939816231527483
SACI_RS10110	257.827860141819	1.21	0.28979170765282	4.17338983213485	3.00100805918316e-05	0.000368715403327809
SACI_RS10115	294.087105210121	0.79	0.396460943663838	1.99818539723137	0.0456965640947843	0.132287509110675
SACI_RS10120	905.081788264344	0.60	0.562810674110767	1.05828446595389	0.28992577279616	0.48331060701711
SACI_RS11760	951.849070160773	0.17	0.446232846697598	0.375276907210588	0.7074545386356	0.826890811795161
SACI_RS10135	283.823505668385	0.01	0.269189611646904	0.0507463256633732	0.959527661638022	0.974421377767445
SACI_RS10140	374.191358689688	0.03	0.297967771537027	0.112699038552039	0.91026916351875	0.947140078542765
SACI_RS10145	2265.80420288664	0.58	0.435883488665142	1.33383165705642	0.18225903352847	0.354889799660719
SACI_RS10150	42.5105912883868	-0.42	0.312047368346453	-1.3375274635646	0.18105052382512	0.353588970783836
SACI_RS10155	115.753970948727	-0.58	0.228149833928534	-2.531588926299	0.0113547021255737	0.0463576528278101
SACI_RS10160	418.203784361533	-0.95	0.301968444243275	-3.14918873153579	0.0016372442105995	0.0100343515202316
SACI_RS10165	92.0405124609912	0.65	0.51312632703288	1.27411522928222	0.202622581923404	0.380263374477878
SACI_RS10170	49.6955627535612	0.24	0.433117030609612	0.542668681553212	0.587357941200291	0.741851222066198
SACI_RS10175	181.646347370341	-0.46	0.306880406897333	-1.48291064965384	0.138098151580738	0.292022795433029
SACI_RS10180	78.9936324924508	0.34	0.259190759686198	1.30239134047743	0.192782641294733	0.367988455337941
SACI_RS10185	22.9032113696079	0.85	0.396200846683862	2.13585003872401	0.0326916390007976	0.102582756912575
SACI_RS10190	25.3722174639409	0.35	0.372961482798651	0.933957301335349	0.350325918876765	0.548983790239816
nrfD	915.883012892956	-0.92	0.308337733196413	-2.98427959824207	0.00284246900227367	0.0154651587919962
SACI_RS10200	1870.36522209239	1.16	0.551929458684308	2.09660626587226	0.0360284441565955	0.109869969412581
SACI_RS10205	1848.85397548625	0.88	0.299799095294351	2.92341503298965	0.00346214700743086	0.0179414628088051
SACI_RS10210	336.558103390448	0.70	0.290235252797859	2.42845568036371	0.0151632782584239	0.0575940481891081
SACI_RS10215	31.1128913566596	0.53	0.420270543749066	1.26919977345895	0.204369821851249	0.38229865888829
SACI_RS10220	334.36898544913	0.08	0.254294171366614	0.320593936928122	0.74851813291069	0.853540798884056
SACI_RS10225	86.4005753957674	-0.86	0.390887326855059	-2.19980630274795	0.0278206406177389	0.0908946523053965
SACI_RS10230	1926.31291638758	-1.09	0.22701977136089	-4.79026017019705	1.66565201122509e-06	3.18176008275625e-05
SACI_RS10235	3674.92102582086	0.01	0.188883347098807	0.0690989053562408	0.944910892346807	0.968977980122098
SACI_RS10240	1502.62360656008	-0.23	0.209402994135579	-1.10461775670431	0.269325253623252	0.462179795889869
SACI_RS10245	52.3155422376728	0.15	0.323032715152187	0.452323801355807	0.651035731778129	0.788778013918224
SACI_RS10250	953.804861851843	-1.13	0.322460052597362	-3.50500914044775	0.000456591607036405	0.00356686637496798
SACI_RS10255	609.324649275054	-1.08	0.4126358718396	-2.62501881426778	0.00866441794552849	0.0378395484471836
SACI_RS10260	2025.70825402998	-1.37	0.376784159282546	-3.64292468991511	0.00026955772315082	0.00234362977237772
SACI_RS10265	863.635752557505	0.14	0.353284748860405	0.405045375941124	0.685444157235974	0.812549206550494
SACI_RS10270	85.024905350131	-0.12	0.569484270402543	-0.219316091772275	0.826403827603121	0.900529517676014
SACI_RS10275	39.0221755301904	0.55	0.616143453620984	0.884925895155172	0.376196600589024	0.573053843854176
SACI_RS10280	360.198986861576	0.63	0.258202664772225	2.43635324340452	0.0148361883094123	0.0567432696881947
SACI_RS10285	499.732343006192	0.55	0.18563116636712	2.98932753265991	0.00279592241441558	0.0152754258006797
SACI_RS10290	290.180887848323	0.23	0.194561756495326	1.186459269422	0.235440977372486	0.420866829087292
SACI_RS10295	471.468740703739	-0.22	0.192610804297813	-1.14060546072427	0.254034143802823	0.444687193533102
SACI_RS10300	535.859971083987	0.37	0.216006831980805	1.71030778754581	0.0872089724846231	0.21190889600024
SACI_RS10305	746.764936359136	0.25	0.22777585412951	1.10290016623853	0.270070522042159	0.462851706734991
SACI_RS10310	653.28865663949	-0.27	0.29242810959464	-0.912685652447742	0.361407891941001	0.559757313712588
SACI_RS10315	366.340063748078	0.04	0.197390832240958	0.188078011955616	0.850815497416804	0.913128342583542
SACI_RS10325	180.044434505817	-0.39	0.299260541028132	-1.30982830372799	0.190253925859378	0.364208556803397
SACI_RS10330	241.441616358745	1.86	0.382578228270299	4.8606470098268	1.1700271891429e-06	2.3373749267076e-05
SACI_RS10335	1327.36843808735	-1.85	0.930388318344358	-1.98508717538421	0.0471347733824355	0.134854200966736
SACI_RS10340	381.681337395992	0.66	0.334410866251984	1.98217911585937	0.0474591972068642	0.134854200966736
SACI_RS10345	387.755839661497	2.00	0.924804382752059	2.15847755854537	0.0308907213657608	0.0983212096272972
SACI_RS10350	208.707437358452	-0.19	0.392632820962974	-0.491016228845582	0.623414969295996	0.769564610682841
SACI_RS10355	551.736707706295	-0.97	0.261031986034657	-3.70235982256791	0.000213603383599611	0.00195980684712009
SACI_RS10360	177.96685589694	-0.81	0.309142676881202	-2.63177388313709	0.00849403736502387	0.0374223834751978
SACI_RS10365	332.032352606651	1.51	0.17853605110594	8.4380035355221	3.22803867134652e-17	8.44777720291384e-15
SACI_RS10370	11.0649682331472	-0.58	0.669018145034873	-0.872348127376719	0.383018489767296	0.580404972623632
SACI_RS10375	8.4462960419764	0.79	0.835227078223756	0.94408861025226	0.345124369138529	0.543978988484553
SACI_RS10380	16.4102747121414	0.10	0.542306792513516	0.192119385256584	0.847648690514149	0.912097140916255
SACI_RS10390	1545.6624242858	-1.23	0.470405015108346	-2.6208552962239	0.00877094821613905	0.0379397875729519
SACI_RS10395	33.4068209965167	-0.61	0.521298812807394	-1.16188120907183	0.245283720958342	0.434014535326559
SACI_RS10400	420.269430737493	-1.03	0.310011185684429	-3.32184387393233	0.000894247157176785	0.00625150387770226
SACI_RS10405	92.8955550271663	-1.65	0.697219858230107	-2.36714274589983	0.0179260173391376	0.0653376015083387
SACI_RS10410	3468.53301299789	-1.05	0.226589769770465	-4.63977715394906	3.48785081519479e-06	6.08513705557651e-05
SACI_RS10415	381.402828815373	1.07	0.196873327225739	5.44804291834401	5.09270712637346e-08	1.55499891629059e-06
SACI_RS10420	957.418102480099	0.53	0.165918435169581	3.22356594919377	0.00126605141930247	0.00806145149468262
SACI_RS10425	567.9609327707	-0.06	0.294107462438502	-0.20248893780611	0.839534505647896	0.909003641406928
SACI_RS10430	7.7789286349417	2.40	0.851281823159325	2.82289735705762	0.00475918056214167	0.0233898860417706
SACI_RS10435	192.322945572634	1.92	0.509217662560401	3.77746492694914	0.000158432807807093	0.00151320678113563
SACI_RS10440	69.1091381923284	0.27	0.320477610788649	0.849591331503643	0.395552333036782	0.591182441780274
SACI_RS10445	73.9631178743428	-0.11	0.337299391902846	-0.340884256516092	0.733190717228995	0.843454928180129
SACI_RS10450	152.074282553676	-0.53	0.239548858455234	-2.20533106862872	0.0274308712151688	0.0899581327946075
SACI_RS10455	795.473714630129	-0.24	0.138742568186371	-1.69672725995917	0.0897482364403853	0.216271763134888
SACI_RS10460	817.993085019968	0.81	0.227138485813501	3.58654154096188	0.000335092703500511	0.00279279492057592
SACI_RS10465	260.003121165378	-0.28	0.152489239270414	-1.82391479103188	0.0681649551930775	0.176102471270936
SACI_RS10470	419.322091048639	-0.34	0.193334114390047	-1.74490131463693	0.0810020484991785	0.200361399737571
SACI_RS10475	4.44277826685163	-0.05	1.10274651688167	-0.0437503243836104	0.965103424535328	0.976295192117879
SACI_RS10480	782.509535336489	0.02	0.401216964659975	0.0512885840139664	0.959095564770161	0.974421377767445
SACI_RS10485	1154.97918432883	0.14	0.267364373385304	0.509649443940495	0.610297077626665	0.759822765056604
SACI_RS10490	792.35610904119	-0.81	0.181439652528035	-4.4464851439375	8.7286700495756e-06	0.000138441997089329
SACI_RS10495	595.09658711423	0.47	0.316880471555666	1.48935031620267	0.136395144447769	0.289493992716798
SACI_RS10500	2053.02121190936	-0.52	0.256015823814446	-2.04498291490332	0.0408565425231881	0.121088982766912
SACI_RS10505	190.149168685763	-0.82	0.272019758657333	-3.01441780925503	0.00257472962665204	0.0143668815201458
SACI_RS12300	69.5008410481244	-0.50	0.258224521991156	-1.93566920207501	0.052908228783653	0.145442053284475
SACI_RS12305	176.821129800585	-0.10	0.180970004674706	-0.575745991794843	0.56478688358383	0.725854009922902
SACI_RS10515	191.312878468696	-0.50	0.563317385830497	-0.888739629357184	0.374143027680068	0.571660694120012
SACI_RS10520	655.162815639812	0.41	0.266202878389728	1.53179100784713	0.125574015758007	0.275462866084413
SACI_RS10525	1079.15469270666	0.36	0.226951658140908	1.60160763929462	0.109242400455138	0.251440072111782
SACI_RS10535	162.919937431904	0.90	0.274276726183312	3.27830211256923	0.00104433558747109	0.00702577437638005
SACI_RS10540	726.984526512866	1.60	0.601094891890962	2.66345393376413	0.00773430009235456	0.0349579677749428
SACI_RS10545	256.521823877126	0.20	0.498844978028997	0.401200259938222	0.688272689381389	0.81455829527015
SACI_RS10550	321.540924716653	-0.40	0.264105258534806	-1.51738609949656	0.129169231405306	0.28006286544133
SACI_RS10555	288.157944936024	-0.65	0.21558977033444	-3.03670700691707	0.00239177815853664	0.0136367830956218
SACI_RS10560	161.614807002251	0.69	0.257992886747531	2.66230493331162	0.00776075371776075	0.0350170559989308
SACI_RS10565	734.089636428609	0.46	0.195133928403398	2.36050883893998	0.0182498834090708	0.0659667746982574
SACI_RS10570	166.171766897972	0.44	0.236816096365065	1.85554923939673	0.0635178346363536	0.16706148064657
SACI_RS10575	3132.41648363837	-1.01	0.445356460086031	-2.26093571143451	0.0237632383393083	0.0800365440591631
SACI_RS10580	2757.74388431296	2.83	0.663082346266749	4.27139552049845	1.9425353176985e-05	0.000261427665973378
SACI_RS10585	2324.983374103	-0.73	0.28529027258973	-2.55240502141748	0.0106982073633932	0.0442993808069622
aceA	1941.30245290798	0.05	0.589906676353721	0.0868314250075112	0.930805508408313	0.960535495072774
SACI_RS10595	43.088166486531	-0.19	0.396652436380542	-0.487133268245579	0.626163891800822	0.771502309247999
SACI_RS10600	4.02653810675577	-0.23	0.777601862261826	-0.297078212476851	0.76640679781018	0.866387295839844
SACI_RS10605	1288.8307473566	1.40	0.410641213764172	3.4134035507415	0.000641568631816994	0.00468990254040523
SACI_RS10610	152.911711301229	0.92	0.286199329428773	3.20293614805418	0.00136034138849099	0.00855772455211757
SACI_RS10615	468.750131036429	0.13	0.192279700080928	0.656597564240107	0.511439715490243	0.681138796660543
SACI_RS10620	3008.73819360298	-0.98	0.600006011163567	-1.63382153502893	0.102296329147302	0.239453929676645
SACI_RS10625	9336.44652505172	-0.87	0.587862704662048	-1.47465343746279	0.140305740374047	0.295160870224181
SACI_RS10630	108.136267524967	0.16	0.367937588998183	0.425180592513064	0.670705030787604	0.801477198890941
SACI_RS10635	159.632711036561	-1.75	0.836608204158594	-2.09287486118813	0.0363603268692121	0.110645320252009
SACI_RS10640	361.597930441135	-2.26	0.952579042955197	-2.37432463994618	0.0175810851385012	0.0648937938045945
SACI_RS10645	99.1958741327737	-2.91	1.15063048305044	-2.53013763282525	0.0114017791529444	0.0464773458617686
sat	283.014514818858	-2.79	1.01559776815048	-2.74599589871515	0.0060327517778343	0.0285842820346576
SACI_RS10655	103.431316121366	-2.12	0.89292836104293	-2.37072157465798	0.0177533991455819	0.0652537156797582
SACI_RS10660	1180.08859379888	1.64	0.289712159000914	5.6663870769029	1.458398670215e-08	4.95666145448396e-07
SACI_RS10665	593.652371041725	0.51	0.511571541650182	0.989563628248494	0.322387455183995	0.518554376285504
SACI_RS10670	652.305762143842	-1.16	0.587136291116049	-1.97405926879938	0.0483750040551715	0.136726212725901
SACI_RS10675	1022.79278173387	-1.41	0.829391004288675	-1.70121042922462	0.0889034801598304	0.214829554550578
SACI_RS10680	787.699556884719	-0.74	0.642618817059204	-1.14718208149754	0.251306375572969	0.441981710265095
SACI_RS10685	256.401839111302	-0.41	0.681643594046459	-0.598565256722332	0.549462830371277	0.711853577763185
SACI_RS10690	1295.20380994986	-0.26	0.683196118888898	-0.384983321903657	0.700249772195879	0.821036583260132
SACI_RS10695	1174.48150223272	-0.44	0.598823111765706	-0.738544760912575	0.460183477522646	0.646083777187106
SACI_RS10700	487.804543554448	-0.52	0.900244093578154	-0.573228090925387	0.566490266724328	0.726718150989004
SACI_RS10705	479.923827563154	0.37	0.672522422424676	0.545197491059831	0.585617696910509	0.740677830748176
SACI_RS10710	1177.85071585883	-0.38	0.968773295684257	-0.394410983986875	0.693277635642097	0.815465878721547
SACI_RS10715	19.222366565632	0.04	0.788328592961201	0.045745482773523	0.963513111721689	0.975764205413114
SACI_RS10720	762.612096721463	1.63	0.860959770273485	1.89069420790899	0.0586651760903286	0.157625016250914
SACI_RS10725	1643.22895527418	0.81	0.627991069885395	1.29611236508981	0.194936775542134	0.370773169061445
SACI_RS10730	2467.16115036728	0.05	0.869079385266545	0.0608228657885432	0.95150027976612	0.972472000837505
SACI_RS10735	548.47180008931	-0.11	0.959964369910935	-0.113236497398865	0.909843061000623	0.947119845122764
SACI_RS10740	268.210842536117	0.27	1.04301018068634	0.260892136746153	0.794175688881308	0.877941159724646
SACI_RS10745	173.530527636288	0.73	1.01478938808631	0.718949170573321	0.472172238586742	0.653356847907835
SACI_RS10750	2335.69989206285	0.31	0.745033474535731	0.416535995733781	0.677017833256143	0.805343486196057
SACI_RS10755	1653.38684167091	1.42	0.933442241004752	1.51664131000017	0.129357269582146	0.280238389483838
SACI_RS10760	1905.43410586069	1.83	0.51869121592735	3.52706410712974	0.000420195011053013	0.00333227376947193
SACI_RS10765	544.001164064626	0.29	0.270759645150763	1.05339499813457	0.292159995667403	0.486375768868698
SACI_RS10770	1362.86296852812	-0.28	0.401267003252089	-0.687984716743134	0.491462405751449	0.66744012239312
SACI_RS10775	4450.65488926125	-0.11	0.391846813103955	-0.28605975840538	0.774832352327595	0.871395043421279
SACI_RS10780	1402.42800762582	-1.37	0.423559898824356	-3.22798406212775	0.00124665919746508	0.0080092448214102
SACI_RS10785	1043.58469608874	-1.33	0.452263066212549	-2.93170427104899	0.00337107587313762	0.0176268228780679
SACI_RS10790	3008.02722583844	-1.39	0.452465878414157	-3.08098418572494	0.00206317606453034	0.0119719107779953
SACI_RS10795	3461.03300474976	-1.67	0.45356643972344	-3.68608997770955	0.00022772586556437	0.00203337459210841
SACI_RS10800	108.909887487131	-0.40	0.529949610601422	-0.762573675774628	0.445717688801247	0.636704798904402
SACI_RS10805	4597.85805522327	-1.49	0.547562882377045	-2.72187489568091	0.00649127110832315	0.0302271467802165
SACI_RS10810	298.825253730811	0.39	0.195075992986796	2.01081029993744	0.0443454977760226	0.129522508571262
SACI_RS10815	2291.38181954552	0.18	0.198085157636018	0.916963827061133	0.359161595582306	0.558150769381766
SACI_RS10820	339.918718842501	-0.24	0.169738141045504	-1.40484222533644	0.160068199716907	0.325484443402599
SACI_RS10825	233.737333175428	0.48	0.317321649674205	1.49777499952533	0.134191718345507	0.286443496664105
SACI_RS10830	425.987917695503	-1.06	0.521056952359429	-2.0342832515514	0.0419230448521901	0.123411258018202
SACI_RS10835	1218.22795114185	-0.33	0.239655693499473	-1.39631072576426	0.162620945295922	0.329338674101436
SACI_RS10840	562.014871139951	-0.25	0.337234501778097	-0.751738875494956	0.45220810689067	0.640958994451769
SACI_RS10845	470.253232692978	0.72	0.50248962745031	1.43135586272934	0.152328251259097	0.31346153596717
SACI_RS10850	1825.22675731795	-1.08	0.210119470748784	-5.12689909290809	2.9455328292386e-07	6.94932126539605e-06
SACI_RS10855	332.934131739013	-1.60	0.216340129487344	-7.398360200923	1.37876438872158e-13	2.12248612075552e-11
SACI_RS10860	565.720194563882	0.61	0.230468697424742	2.62570999966818	0.008646845225079	0.0378395484471836
SACI_RS10865	1005.73726874996	0.30	0.199900865002196	1.52252351599769	0.127877957691436	0.278880512732072
SACI_RS10870	23.0766463601004	0.28	0.574739175813215	0.495322476024854	0.620372507897776	0.767503255578217
SACI_RS10875	2221.67591416949	0.99	0.31265558602252	3.15213364091334	0.00162082072692723	0.00995701371448019
SACI_RS10880	1969.95269930284	0.30	0.333079602467351	0.90228100126462	0.366907615298746	0.563496026547429
SACI_RS10885	722.511824054024	0.25	0.35426284596912	0.696570610382392	0.486071553723418	0.664837381624724
SACI_RS10890	3365.54771817138	0.45	0.382505702601784	1.18917074514339	0.234372484034552	0.420007334581826
SACI_RS10895	1486.00260307763	0.55	0.40959883731932	1.33390582529185	0.182234722217775	0.354889799660719
SACI_RS10900	460.232606834299	0.99	0.28014720434628	3.51760075407276	0.000435467000265968	0.00342227369278089
SACI_RS10905	1739.35306276045	0.61	0.174828036475131	3.47632434953498	0.000508337094304846	0.00388981922747304
SACI_RS10910	200.557571067496	0.29	0.227112587619902	1.2761430595753	0.201904952533012	0.379587112628515
SACI_RS10915	285.504473428038	-1.28	0.274531789611298	-4.65774659228906	3.19689382447849e-06	5.65288590450014e-05
SACI_RS10920	3972.1390832516	-0.54	0.303234983375455	-1.79453255516048	0.0727282072301797	0.184249485306273
SACI_RS10925	3251.72718270138	-0.56	0.306758722556876	-1.82643158207752	0.0677852782821599	0.17598618379406
SACI_RS10930	13565.1693068909	-0.70	0.405244278527104	-1.72007332184531	0.085419114421024	0.209308822509195
SACI_RS10935	8501.59310795544	-0.83	0.419424089943867	-1.9831170249572	0.0473543593325293	0.134854200966736
SACI_RS10940	1870.8547878855	-0.75	0.370077710087261	-2.01953229580852	0.0434319240820672	0.127137970159698
SACI_RS10945	59189.8836142488	-0.51	0.313545890425508	-1.61164634512548	0.107038919536826	0.247675377920312
SACI_RS10950	301.142872685514	-0.44	0.335464924023189	-1.32466211138048	0.185283245145001	0.358909143260153
SACI_RS10955	392.215414500872	0.53	0.215790246671966	2.46675877165688	0.0136342173966222	0.053334449816084
SACI_RS10960	1090.64145670696	-0.92	0.477390098516289	-1.93684266584653	0.0527645786915132	0.145442053284475
SACI_RS10965	826.161653989972	-0.11	0.300162440581885	-0.379493805433521	0.704321203430764	0.824083805234031
SACI_RS10970	3073.2257938368	-0.08	0.182476736667945	-0.429175037664739	0.667795847615563	0.799095442711444
SACI_RS10975	5241.88038902126	0.27	0.334153655032915	0.819934291305273	0.412253566914909	0.605518787734544
SACI_RS10980	2255.55886045409	0.21	0.380883615479138	0.555698794756855	0.578416780646973	0.735527036631404
SACI_RS10985	19344.8269815092	0.24	0.334865667722361	0.725110069599294	0.468384507367904	0.651128242904341
SACI_RS10990	6252.26548052656	3.17	0.549858645412745	5.76312279221879	8.25716742551207e-09	2.90451968564222e-07
SACI_RS10995	2073.10752722485	2.64	0.551433899531875	4.7926343530877	1.64605466296658e-06	3.16744489189967e-05
SACI_RS11005	23.1812448151688	-0.86	0.431625829812007	-1.98326048752961	0.0473383405168676	0.134854200966736
SACI_RS11010	471.241728458186	0.49	0.197812428096938	2.45357713579835	0.0141443200375427	0.0550828653842996
SACI_RS11015	26158.254851691	2.25	0.254331187772785	8.85647787620798	8.25822687168222e-19	5.40294493079809e-16
SACI_RS11020	3333.16440442924	0.74	0.300409823952629	2.47556702784252	0.0133024789388702	0.0524285954563603
SACI_RS11025	88.8759275597829	0.34	0.254796942348495	1.34360417671796	0.17907641816642	0.350780678399342
SACI_RS11030	155.880321814539	-0.30	0.308950592589286	-0.968593437334062	0.332748079020147	0.533252739005342
SACI_RS11035	912.518934521426	0.88	0.172778478463874	5.08805197562043	3.61760235128656e-07	8.30461873097975e-06
SACI_RS11040	17654.516152025	1.28	0.329022822792524	3.89991075240092	9.62281532546429e-05	0.0010073163082696
SACI_RS11045	361.222999628315	-0.72	0.23097764096732	-3.1150490431969	0.00183914328483532	0.0109387226736683
SACI_RS11050	232.686128468109	-0.97	0.586923034149107	-1.66056696851567	0.0968004475888502	0.229047713688988
SACI_RS11055	3188.60628280214	0.24	0.210965429935076	1.12283982877386	0.261505526403819	0.453654112782819
SACI_RS11060	2464.60663634057	0.23	0.208897644749429	1.08852311376085	0.276364238407607	0.468726644143038
SACI_RS11065	1072.76261094294	0.79	0.318438702169184	2.49079068586638	0.0127459184486488	0.0506161890441791
SACI_RS11070	458.738055129003	0.50	0.327305040739081	1.54054722839487	0.123427019922436	0.272814635226785
SACI_RS11075	380.668182851139	-0.47	0.492078145549378	-0.957128162289803	0.338502570599312	0.537537152462621
SACI_RS11080	1700.56983133461	-0.50	0.481938078457335	-1.04495043176478	0.296045879494316	0.490039257834677
SACI_RS11085	841.1013329936	-0.56	0.499950995846935	-1.11952058573503	0.262918113712191	0.454763188093063
SACI_RS11090	3744.29472073665	-0.84	0.488624834500354	-1.71515699973152	0.0863164462119292	0.210915163152772
SACI_RS11095	5774.68026406622	-1.08	0.544255553181541	-1.9828873224378	0.0473800170633118	0.134854200966736
SACI_RS11100	13814.0532960071	-1.26	0.538182286984568	-2.34126923685886	0.0192183024331759	0.0688547768087584
hpaD	6110.05937621037	-1.50	0.578424174364795	-2.59739650187563	0.00939334235511606	0.0401017568406831
SACI_RS11110	1065.92182777913	-0.66	0.259792373584984	-2.54863205472656	0.010814633423903	0.0447107356561677
SACI_RS11115	1269.55701747282	0.32	0.296836748718392	1.08980485404206	0.275799115300335	0.468071520584291
SACI_RS11120	608.40942387064	-0.32	0.372415947891341	-0.856272040380936	0.391847322838141	0.588670748488757
SACI_RS11125	201.578388006592	0.51	0.314726259582261	1.60759423661091	0.107924075306871	0.249502919680284
SACI_RS11130	2079.83840779888	0.65	0.214949280407773	3.00229473425038	0.00267952610370251	0.0147939236569398
SACI_RS11135	2677.64622305907	0.09	0.417882678405717	0.208410851598799	0.834908184005544	0.906620214747929
SACI_RS11140	883.728468586173	0.37	0.232452914778724	1.59578569021737	0.110536649230221	0.253697626416767
SACI_RS12125	865.977574904377	0.36	0.203154336578195	1.77854771962297	0.0753139418252821	0.188789833100348
SACI_RS11150	608.623871009604	-0.83	0.189389427171524	-4.3862450713852	1.15324181969225e-05	0.000177531402478507
SACI_RS11155	487.664214657533	-1.32	0.259438303187513	-5.08438983799726	3.68809748386652e-07	8.39282705676407e-06
SACI_RS11160	4952.24238159523	0.03	0.308133945650576	0.107793644247444	0.914159384669505	0.949573217110404
SACI_RS11165	4237.70156271079	0.30	0.186418305564455	1.59934826742092	0.109743240241151	0.25214930615548
SACI_RS11170	304.281337459847	0.28	0.338984317607371	0.833560044634912	0.40452894878597	0.598108620888634
SACI_RS11175	24.6962066214239	-0.29	0.387944883162509	-0.741668903043703	0.45828796525198	0.644921184704367
SACI_RS11180	376.949371303571	0.62	0.145224971486389	4.2857424300864	1.82129910033719e-05	0.000250859986609601
SACI_RS11185	909.330692623836	-0.12	0.27281350174822	-0.440884785865266	0.659296408476206	0.793642456753556
SACI_RS11190	130.61182274967	0.35	0.251216179076049	1.4027952288663	0.160677910164752	0.326217293173899
SACI_RS11195	112.488852595005	-0.19	0.229456830422206	-0.846461736649177	0.397295210720228	0.592103108366283
SACI_RS11200	3756.58202586227	-1.35	0.553080379639287	-2.44529520300617	0.0144733621721687	0.055701160006714
SACI_RS11205	77.3441597289535	-0.47	0.325397912846079	-1.44115724301927	0.149540264676155	0.309120752494075
SACI_RS11210	9126.68362977733	-0.16	0.132269901667166	-1.18814246877374	0.234777285060679	0.420254551986181
SACI_RS11215	16245.4273987445	-0.84	0.230986927724521	-3.65666574420539	0.000255517218955109	0.00225908297974838
SACI_RS11220	15906.085399733	-0.07	0.167393909500204	-0.405489569935446	0.685117683609378	0.812549206550494
SACI_RS12130	54831.9148156722	0.47	0.223598656626891	2.09719310752538	0.0359764843964672	0.109869969412581
SACI_RS11230	4667.60686639551	-0.45	0.498987964621053	-0.907125322889961	0.364340528321215	0.562303785254917
SACI_RS11235	1698.07713015343	-0.06	0.489192325722242	-0.122584261400535	0.902436318020581	0.943506442984132
SACI_RS11240	509.338534159901	0.28	0.241325743414033	1.1407636317021	0.253968298728968	0.444687193533102
SACI_RS11245	231.15101145971	0.33	0.253376461171382	1.29903530294117	0.193931814087332	0.369373768170705
SACI_RS11250	66.9341437630601	-0.33	0.298568141931191	-1.1153419251301	0.264703925846024	0.456946025025755
cimA	1872.43570746028	-0.03	0.609026168149032	-0.0560952178048773	0.955265953580755	0.97354958208513
ubiA	1909.91687194587	-0.08	0.198714066617498	-0.417458705988106	0.676342922485395	0.805343486196057
SACI_RS11265	97.9909450036874	-0.11	0.209594477504104	-0.516795477892744	0.605298937124599	0.756503960177499
SACI_RS11270	13.0560311465786	-0.70	0.560083788464278	-1.25145646954739	0.210767985884012	0.390173269714131
SACI_RS11275	106.73777137659	0.36	0.248746069343277	1.42974517633344	0.152790169111209	0.313855472970199
SACI_RS11280	797.074369514413	-0.13	0.285252780884041	-0.452984018250052	0.650560249666779	0.788567009438611
SACI_RS11285	1106.97354532254	0.24	0.26506233990186	0.886972997096389	0.375093438695656	0.572039352602873
SACI_RS11290	28.0388203979925	-0.22	0.424049348245908	-0.511849027942766	0.608756674180795	0.759349960119704
SACI_RS11295	0.821177523354881	-0.50	2.40115792294934	-0.209601894210942	0.833978401116692	NA
SACI_RS11300	144.077861461341	-0.72	0.213278512047626	-3.38448502583325	0.000713119085686868	0.00509899630394135
SACI_RS11305	1364.93762870758	0.83	0.267323191363533	3.10189982436302	0.00192283014956698	0.0113847205914407
nuoN	2471.26905878798	0.96	0.331336162120522	2.89598340933915	0.00377972382118622	0.0193194086719616
SACI_RS11315	9339.1568011604	0.47	0.221068735203396	2.14821675112461	0.0316965405891228	0.0996993350020845
SACI_RS11320	556.994774836786	0.21	0.166060738144723	1.25230371207577	0.210459216775726	0.390064993131782
SACI_RS11325	1390.34886472453	0.11	0.164948864935995	0.688038242653333	0.491428699120278	0.66744012239312
nuoI	1353.34957071877	0.18	0.145303903465873	1.24155105222332	0.214402250958655	0.394856221505138
nuoH	2887.17996314988	0.12	0.144351617199172	0.83439852480731	0.404056448265133	0.598108620888634
SACI_RS11340	2141.74412805213	0.53	0.160208379912563	3.28986649962972	0.00100234926619264	0.00679572028400551
SACI_RS11345	1018.73671921235	0.43	0.197119482316917	2.16073980914951	0.0307154439355277	0.0982206709231844
ndhC	501.731375857434	0.43	0.217465058476745	1.95959525737104	0.0500431161472574	0.139917558715142
thyX	2148.86389215752	-0.25	0.355398079097346	-0.69552808128948	0.486724419225127	0.665147678909742
SACI_RS11360	1384.64181939464	-0.53	0.285651943236815	-1.84521745194591	0.0650059128059358	0.170461396606347
SACI_RS11365	1010.84304035565	0.51	0.166405368986397	3.03603043760586	0.00239715164095464	0.0136377083573441
SACI_RS11370	504.373807374706	-0.43	0.161236909576245	-2.63936161975262	0.00830623261766522	0.0367185992574829
SACI_RS11375	998.191417557942	0.79	0.186434930685481	4.2542011670525	2.09796630320504e-05	0.000275898382687818
SACI_RS11380	312.78852980638	-0.45	0.244324479994817	-1.83020401490876	0.0672194376691835	0.174864083876991
SACI_RS11385	49121.8031589535	0.61	0.273607474923414	2.24439387542921	0.0248070702303458	0.0828062535622641
SACI_RS11390	233044.105859051	0.18	0.331587078171338	0.54044322210899	0.588891407093406	0.743429238959693
SACI_RS11910	4108.68920799525	0.30	0.355644196289118	0.847791687752555	0.396553993112787	0.591665792460755
SACI_RS11400	4.44907786359412	0.98	1.03711342435765	0.947836084134401	0.343212907536208	0.542792720994571
SACI_RS11405	0.313477365362682	0.24	9.21855313156847	0.0263149616514332	0.979006121371899	NA
SACI_RS11410	311.71881766402	-0.61	0.170902009113554	-3.56340013455037	0.000366082004650811	0.00302219749580812
SACI_RS11415	0.362567926210278	0.24	9.21855313156848	0.0263149615799738	0.979006121428896	NA
SACI_RS11420	122.99504275453	0.49	0.371860868215944	1.30861956821621	0.190663249071706	0.364208556803397
SACI_RS11425	721.397143459752	0.66	0.157754335081863	4.21070387867779	2.54576259251578e-05	0.000324679885037183
SACI_RS11430	561.526952639362	0.94	0.121960057833968	7.6927594032631	1.43995139682228e-14	2.69168057534565e-12
glmS	2333.63900910491	0.08	0.16954346998791	0.487333019742516	0.626022351476156	0.771502309247999
mvk	226.048932149721	0.30	0.212420654319726	1.43392110791986	0.151594777541833	0.31238073450943
SACI_RS11445	421.733751073949	-0.11	0.268756420450354	-0.416728541707728	0.676876975244507	0.805343486196057
SACI_RS11450	191.085883242816	-0.17	0.273051128376229	-0.627805474055	0.530131379682434	0.697590180407102
SACI_RS11455	538.91777272818	0.41	0.204967715765326	1.98840037740641	0.0467674270978592	0.134419285067612
SACI_RS11465	384.560213448768	-0.31	0.181144568554198	-1.71409847829807	0.0865106412365169	0.211192488914146
SACI_RS11470	406.528258723584	-0.44	0.13661553903819	-3.24061311456391	0.001192729406904	0.0077839722141341
SACI_RS11475	257.471591059205	0.12	0.178768121337783	0.675055169994495	0.499640714202552	0.672267223171249
SACI_RS11480	2382.99040567296	0.12	0.237030380909261	0.485832561187546	0.62708588612429	0.771911460012826
SACI_RS11485	7927.25775442125	0.83	0.304145159326871	2.71941532971977	0.00653974355473074	0.0303814363554337
Sac_sR101-sno	1592.57387978403	-0.13	0.279815086225084	-0.477784889143166	0.632803317326538	0.775302566218891
Sac_sR9-sno	0.0606348812223019	-2.00	9.20286905390313	-0.21734717008323	0.827937799173724	NA
Sac_sR102-sno	3.94377501084555	-0.08	0.86259055547642	-0.09445689982265	0.924746218273565	0.956166236514126
Sac_sR12-sno	0.815411246254378	0.00	2.91887374693521	0	1	NA
Sac_sR24-sno	0.432878397649529	-3.66	4.2463035552752	-0.862737024049625	0.388282071125363	NA
Sac_sR103-sno	5.85597540566564	-0.96	0.960018464937853	-1.00480429545694	0.314991095124368	0.5110549881838
Sac_sR11-sno	0	NA	NA	NA	NA	NA
Sac_sR104-sno	0.474891317290322	-0.47	2.80844791964045	-0.16760895366304	0.866890926851012	NA
Sac_sR10-sno	6.74964707146397	-0.70	0.798307167434883	-0.878645723181085	0.379593396267296	0.576215729716656
Sac_sR105-sno	0.27218056082635	-3.29	7.46797315642024	-0.440096739177181	0.659867043551342	NA
Sac_sR106-sno	81.9930281570825	-0.05	0.300430655898107	-0.165117871925031	0.86885120632621	0.922725730423351
Sac_sR107-sno	0.18823719314173	0.00	9.21855313156847	0	1	NA
Sac_sR36-sno	0.841131846561712	-1.08	2.43428439883065	-0.444876456610683	0.656409037567835	NA
Sac_sR13-sno	0.27749604856325	-1.86	5.57922255487012	-0.333878952070768	0.738470903110213	NA
Sac_sR6-sno	13.5801615428206	0.34	0.481727011077586	0.712150870046452	0.476371356364367	0.655448916722159
Sac_sR108-sno	4.48087241186597	-0.79	1.0488049459017	-0.748535022626515	0.454137508380824	0.642767906669884
Sac_sR7-sno	0.669388082134781	1.72	2.32482537107365	0.741726183453702	0.458253252409982	NA
Sac_sR5-sno	41.2759378613311	-1.81	0.468063250401185	-3.86956285517581	0.00010903067037579	0.00111458306395876
Sac_sR109-sno	0.0610235911676481	0.00	9.21855313156847	0	1	NA
Sac_sR20-sno	1.51316434892865	-0.95	1.34679939351824	-0.709042697535352	0.478297980829722	NA
Sac_sR110-sno	0.524426902648085	0.24	2.93130963862315	0.0827555733573865	0.934045895223697	NA
Sac_sR111-sno	1.7089346620751	0.53	1.08684509831938	0.483787925636638	0.628536385054355	NA
Sac_sR112-sno	0	NA	NA	NA	NA	NA
Sac_sR113-sno	0.459590902250666	0.24	3.85990072936202	0.0628467981008444	0.949888500001293	NA
Sac_sR114-sno	9.07120675985182	0.26	0.707821301562976	0.373803705805623	0.708550362215454	0.827801918713322
Sac_sR115-sno	25.0436624901678	-0.13	0.793765544162591	-0.16542927099935	0.868606116139099	0.922725730423351
Sac_sR22-sno	0	NA	NA	NA	NA	NA
Sac_sR116-sno	0	NA	NA	NA	NA	NA
Sac_sR117-sno	0	NA	NA	NA	NA	NA
Sac_sR118-sno	13.8095430197876	-1.68	0.609509844772012	-2.76321994307988	0.00572341849087594	0.0273658667332094
Sac_sR27-sno	58.4782823384017	0.52	0.405659939349439	1.29066753648551	0.196818986212211	0.37378467845962
Sac_sR17-sno	81.9154210539487	0.20	0.284612124073895	0.696296264048746	0.486243312353734	0.664837381624724
Sac_sR28-sno	0.34086748166281	0.24	5.55235228664236	0.0436905644883402	0.965151060483833	NA
Sac_sR119-sno	88.7845237181227	-0.42	0.307362352337505	-1.35638448408739	0.174976867401162	0.345074952516081
Sac_sR23-sno	0.221722451070794	0.00	9.21855313156847	0	1	NA
Sac_sR120-sno	0.412441309793087	1.01	4.87812681312641	0.206868340053537	0.836112682644558	NA
Sac_sR121-sno	0.124799232135441	0.24	9.21855313156847	0.0263131895100897	0.979007534846666	NA
Sac_sR2-sno	0	NA	NA	NA	NA	NA
Sac_sR122-sno	37.9631694929028	0.27	0.390130549237008	0.702560773383329	0.482329515549566	0.660521372157622
Sac_sR14-sno	2.84967301680392	-0.26	0.829132123581144	-0.318202589099898	0.750331268942027	0.854489526031891
Sac_sR3-sno	0	NA	NA	NA	NA	NA
Sac_sR25-sno	1.57677756333554	-2.35	1.57580296452904	-1.49000578825624	0.136222713994096	NA
Sac_sR123-sno	15.9519436715462	0.68	0.461402888953048	1.47231194538566	0.140936659028458	0.295774848979531
Sac_sR124-sno	0.0358428607440542	0.00	9.21855313156848	0	1	NA
Sac_sR125-sno	0	NA	NA	NA	NA	NA
Sac_sR126-sno	0	NA	NA	NA	NA	NA
Sac_sR127-sno	0.10936567691656	1.26	9.19529332543399	0.137051660850876	0.890989960874718	NA
Sac_sR128-sno	16.7268521695757	0.15	0.533859171808541	0.287447964348958	0.773769339772207	0.870948112767254
Sac_sR26-sno	19.3511112602118	-0.55	0.459831458745105	-1.20469450104687	0.228321259651322	0.412080507936214
Sac_sR129-sno	0.0482587292299192	0.00	9.21855313156847	0	1	NA
Sac_sR1-sno	8.75752383977267	-0.45	0.787409422354195	-0.57534292577823	0.565059395758903	0.725854009922902
Sac_sR19-sno	24.4971251644638	-0.27	0.484493845336194	-0.55836554604172	0.576594794842034	0.734281546521461
Sac_sR15-sno	2.90093761094134	-0.44	1.11715483651637	-0.390599204637941	0.696093513636557	0.817261877607389
Sac_sR29-sno	0.130200975274862	0.00	9.21855313156848	0	1	NA
Sac_sR130-sno	8.18845663571666	1.17	0.784920859238491	1.49512407088378	0.134882064878267	0.287214291119956
Sac_sR21-sno	6.37143244448216	-0.28	0.703798004638527	-0.404466410261294	0.685869773507849	0.812549206550494
Sac_sR8-sno	16.3158638744026	-0.74	0.486950485567235	-1.51430477861928	0.129948557140286	0.280918169322737
Sac_sR131-sno	0.529457014273897	0.86	2.80187524649908	0.306015130829185	0.759593125339572	NA
Sac_sR18-sno	54.8751520753554	-0.26	0.332531415441363	-0.776217951238807	0.437620308602422	0.629102998487831
Sac_sR16-sno	2.55647032273287	0.31	0.940893472457065	0.330489681284241	0.741029988186279	NA
Sac_sR132-sno	81.455463294149	-0.39	0.299225084406353	-1.31893086640688	0.187192225914132	0.360207393542119
Sac_sR4-sno	0.50220233503816	0.24	4.4115531006471	0.0549886403754164	0.956147513767814	NA
asRNA_1	20.0535659795616	0.09	0.40860048922655	0.22331489909608	0.823290432240679	0.898182435270914
asRNA_2	2.86896956374734	1.19	1.08792621125003	1.09060234446552	0.275447897503503	0.468071520584291
asRNA_3	4.57304773756859	0.81	1.00214159129789	0.807871142063757	0.41916476545507	0.610776275721558
asRNA_4	5.26861225850448	-0.21	0.768673566924959	-0.268012889869056	0.788689396911351	0.877924352070185
asRNA_5	0.306815126065327	0.00	7.34140095346268	0	1	NA
asRNA_6	1.46289795010118	-1.85	1.53942316117776	-1.20499364482739	0.22820575528209	NA
asRNA_7	17.6527714086204	-0.32	0.441952613513099	-0.716147994057508	0.473899971367924	0.653710028056215
asRNA_8	1.15758756889202	2.49	2.0431803944551	1.21990792795481	0.222499780108434	NA
asRNA_9	1.7915193262927	0.96	1.36992951853379	0.704365425509822	0.481205231696198	NA
asRNA_10	0.252961996254469	0.24	9.00152548201708	0.0269476835186247	0.978501461362273	NA
asRNA_11	6.87930121843168	3.25	0.98239122904718	3.30434652659914	0.000951980829177096	0.00655614165778016
asRNA_12	0.177112895549361	-1.04	9.20286790621472	-0.11284100616623	0.91015660772197	NA
asRNA_13	0.800090113405644	-2.66	2.3814207645065	-1.11901179505468	0.263135107113101	NA
asRNA_14	12.6249891268499	-0.74	0.561656259768866	-1.30902970595721	0.190524288429423	0.364208556803397
asRNA_15	0.108458571897583	-2.76	9.18589057192717	-0.299922771116961	0.764236064614441	NA
asRNA_16	1.06891647883787	-1.13	1.40822838247021	-0.800772720348132	0.423263234446919	NA
asRNA_17	0.303952207517427	0.47	5.00798286997329	0.0943031252912815	0.924868367357794	NA
asRNA_18	2.52922223530101	0.04	1.06274660664359	0.0371810580465779	0.9703406416575	NA
asRNA_19	1.47794277092043	-0.17	1.12275701003992	-0.149963161878338	0.880793679094978	NA
asRNA_20	15.9695389356822	-0.67	0.759977946143061	-0.884458333258912	0.376448845457315	0.573056702485661
asRNA_21	2.67421566324958	0.98	1.18263929609952	0.827995771432946	0.407672894651337	NA
asRNA_22	0.640047497589791	2.14	2.39791312527339	0.894037436125544	0.371301861579792	NA
asRNA_23	0.37253084468719	-0.20	4.42204569458836	-0.0463182030171279	0.96305663096968	NA
asRNA_24	3.33038077651559	-0.03	0.759624068238912	-0.03876298515861	0.969079356205387	0.976905947876992
asRNA_25	7.00984293999911	0.52	0.718837664371705	0.728316103277727	0.466420106986773	0.649611774030634
asRNA_26	1.67145676809342	-2.14	1.69693814385199	-1.26223826986385	0.206863061745222	NA
asRNA_27	11.7375794548578	0.63	0.673168512768333	0.934450255269099	0.350071684642205	0.54891407951387
asRNA_28	1.66444267163792	1.52	1.52491512442722	0.999667500168956	0.317471445064303	NA
asRNA_29	0.236451111091274	1.78	9.17952338386244	0.193830484140728	0.846308616758978	NA
asRNA_30	1.5732815008549	0.04	1.3949065043568	0.0319194291120476	0.974536304342789	NA
asRNA_31	0.473675810043737	1.24	3.39140028831272	0.364276983760665	0.715651185192087	NA
asRNA_32	1.37616923056227	1.13	1.97362412336843	0.574290847790657	0.565771001421298	NA
asRNA_33	0.260114734268528	1.26	6.56665015793135	0.191372086863392	0.84823408735172	NA
asRNA_34	0.214960022173014	-2.82	9.14558120232294	-0.308230569475325	0.757906892995661	NA
asRNA_35	3.7456350569821	-1.08	0.962063442379897	-1.12534880007062	0.260441258094185	0.452572890061409
asRNA_36	1.75979083719833	0.95	1.59228143221949	0.598722758255207	0.549357778261189	NA
asRNA_37	0.827716622931539	0.55	1.77320987274881	0.311562308337581	0.755373182882635	NA
asRNA_38	0.278527817817043	-0.09	4.50089161070589	-0.0193515620111037	0.984560651078762	NA
asRNA_39	1.33990242446952	-2.05	2.39727425245098	-0.853632732120653	0.39330851644124	NA
asRNA_40	5.4649503947618	-0.80	0.774716071754416	-1.02706027407895	0.304392083211779	0.499531396394118
asRNA_41	1.22866483250161	-2.33	1.64647963429676	-1.4143333674354	0.15726404420926	NA
asRNA_42	18.3189394772753	-0.29	0.598418033783909	-0.482946292750396	0.629133870939709	0.773704577184783
asRNA_43	0.506837025478377	-2.59	3.7814232951218	-0.685168353180196	0.493237691401508	NA
asRNA_44	0.276796728332534	0.00	8.72695253940864	0	1	NA
asRNA_45	3.14542695876585	-1.45	0.844760706350422	-1.71177852273029	0.0869374914828242	0.211445553169657
asRNA_46	0.261438505722744	-1.04	8.86843717795607	-0.117122095905694	0.906763300238909	NA
asRNA_47	21.3170924102781	-0.01	0.3946851940249	-0.037870628141691	0.969790831590436	0.976905947876992
asRNA_48	2.56906844459124	0.56	1.09272827647797	0.508135836041999	0.611358085048513	NA
asRNA_49	1.31570369294602	3.34	2.17241410849237	1.53527742897034	0.124715695959687	NA
asRNA_50	1.81837740017058	0.06	1.23834449780252	0.0497819003246437	0.960296190246153	NA
asRNA_51	0.986364069407953	-0.73	1.64057973193992	-0.446054299127122	0.655558023578089	NA
asRNA_52	0.785192023828	0.24	2.61390473548517	0.0928043680860795	0.92605898075915	NA
asRNA_53	3.22770270141495	0.71	1.13827788517479	0.621776894849188	0.534088581145281	0.701040814122045
asRNA_54	10.8700969375538	1.36	0.688746639582871	1.9782276384249	0.0479030321139696	0.135967716965573
asRNA_55	0.926648841161567	0.73	2.3119837154858	0.316806435885744	0.751390480446034	NA
asRNA_56	3.43102276779025	-1.19	0.7660615134047	-1.55014759229883	0.121106095247384	0.269852878818824
asRNA_57	0.970776335169549	-3.64	1.98458520642406	-1.83657953402865	0.0662719909100374	NA
asRNA_58	1.38652154819923	1.86	1.83136567316903	1.01306551146309	0.311028870380099	NA
asRNA_59	1.5577787362955	0.51	1.62934094979803	0.313122323214329	0.754187729796917	NA
asRNA_60	0.0503313652956027	0.00	9.21855313156848	0	1	NA
asRNA_61	1.05600328163625	-1.08	2.08222993371108	-0.518636256288162	0.604014420849782	NA
asRNA_62	0	NA	NA	NA	NA	NA
asRNA_63	1.16373554403299	1.46	1.42060291131098	1.02551988725922	0.305117946604841	NA
asRNA_64	3.68988837681909	1.31	1.02787180569265	1.27015925485971	0.204027908082385	0.381932071138485
asRNA_65	1.07419141705015	-0.71	2.33512293769963	-0.302703427859776	0.762115885229378	NA
asRNA_66	0.678094055105128	-2.73	2.83139610314056	-0.964906688599849	0.334591550994218	NA
asRNA_67	0.833990187037557	-0.15	2.13833168699877	-0.0683970164843	0.945469596771065	NA
asRNA_68	2.05783776163242	-0.43	1.66561682358676	-0.260039789550252	0.794833081419648	NA
asRNA_69	1.16506385356668	-0.93	2.11848518862576	-0.437236987786331	0.661939487906211	NA
asRNA_70	716.334269389138	0.47	0.400925371658182	1.16369751561664	0.244546616591684	0.43300304169177
asRNA_71	0.53486426623354	-1.60	3.55577844855055	-0.451211492227787	0.651837127637931	NA
asRNA_72	19.0358584775236	-0.31	0.461355126016049	-0.664385596420496	0.506443549190263	0.67760273305385
asRNA_73	0.222260620530435	0.00	9.19826374858222	0	1	NA
asRNA_74	2.42329135680153	0.03	1.23639598893753	0.0223226449171334	0.982190585349917	NA
asRNA_75	0.412786882321395	0.00	4.82532390457005	0	1	NA
asRNA_76	0.976872741686422	1.13	2.19869101128791	0.514399459966604	0.60697273673638	NA
asRNA_77	0.415458528471356	-1.71	4.22961275779183	-0.403461496848261	0.686608754230477	NA
asRNA_78	11.3905423713517	0.07	0.669514195630835	0.104962590534958	0.916405493126653	0.950171622627753
asRNA_79	49.4508699448495	-0.18	0.372232223832007	-0.47829842552139	0.632437816845122	0.775217689313201
asRNA_80	0.792239735353293	0.83	2.06869986941501	0.403420851104068	0.686638650101963	NA
asRNA_81	0.466946951285287	0.24	3.79963909665994	0.0638421667780772	0.949095902488336	NA
asRNA_82	0.117899549093008	0.24	9.21855313156848	0.0263131896028395	0.979007534772688	NA
asRNA_83	0.677765703177902	1.64	2.15725263527986	0.757952362571807	0.448479501531365	NA
asRNA_84	0.204904830738363	0.24	9.21855313156848	0.0263149615720096	0.979006121435248	NA
asRNA_85	6.19506871672559	0.60	0.90280193176871	0.660321318601737	0.509047652191464	0.679682502951562
asRNA_86	8.6326430993471	1.19	0.630304887779272	1.89276076755613	0.058389691096109	0.157542948526401
asRNA_87	0.385618188832516	-3.08	4.15985658651207	-0.739818431519746	0.459410173593044	NA
asRNA_88	4.13947305818926	-0.76	0.705877508937407	-1.07305275771191	0.283247445719488	0.476395308125849
asRNA_89	0.665299520472502	-1.52	2.04757435024896	-0.740469855960588	0.459014945371061	NA
asRNA_90	0.963490898049677	0.47	2.13225826527875	0.219964694671332	0.825898650865729	NA
asRNA_91	0.449980209127628	0.71	2.74297933378308	0.257326002721715	0.796927120873931	NA
asRNA_92	0.132568255224431	-2.00	9.20286896533095	-0.217347507283443	0.827937536407285	NA
asRNA_93	20.8727684144954	0.03	0.447264852754371	0.075638397251735	0.939706787360513	0.966568835668288
asRNA_94	0.521754441302206	2.11	3.30610090202714	0.638270063261819	0.523297895956726	NA
asRNA_95	7.79202303329551	0.55	0.809674372578398	0.68348931506582	0.494297699646907	0.668860951383638
asRNA_96	0.129460527367457	-2.63	9.18812922065222	-0.286305055625739	0.774644486301881	NA
asRNA_97	96.5819339379024	-0.05	0.431101915864847	-0.120346466524605	0.904208696600765	0.943506442984132
asRNA_98	1.6303501856151	-1.24	1.65463301394808	-0.747447443284213	0.4547935163271	NA
asRNA_99	1.70106760901367	0.86	1.21961424551169	0.70901424597451	0.478315636393857	NA
asRNA_100	3.00962526244828	-0.17	0.869923963290042	-0.199606392946276	0.841788427556051	0.909820540307223
asRNA_101	15.7328173850161	-0.33	0.452322488229241	-0.731910207234751	0.464223375650269	0.647949320831805
asRNA_102	2.0215001608451	-0.10	0.998351477529398	-0.102021869250462	0.918739316501638	NA
asRNA_103	0.045200246636193	0.00	9.21855313156848	0	1	NA
asRNA_104	1.82629880276008	-1.09	1.3332437431881	-0.818464836142225	0.413091812927783	NA
asRNA_105	44.6577421802207	-0.28	0.375567005173988	-0.744434973246824	0.456613367435568	0.643942745756005
asRNA_106	13.9865501080673	-0.22	0.548465610585275	-0.401762232639794	0.68785901948016	0.814537128497547
asRNA_107	54.8173834813731	1.51	0.348666481461681	4.33039527555748	1.48841920216388e-05	0.000215204036025574
asRNA_108	0.157641698411842	0.00	9.21855313154144	0	1	NA
asRNA_109	1.2139404917753	-0.39	1.93453193329192	-0.199132901686662	0.842158784762814	NA
asRNA_110	0.187148667792198	0.24	9.21855313152617	0.0263094559248011	0.979010512785753	NA
asRNA_111	0.134638615714962	0.24	9.21855313156848	0.0263131896409652	0.979007534742278	NA
asRNA_112	0.424774608868708	0.42	3.20222377575408	0.132319549809083	0.894731544822011	NA
asRNA_113	1.58597163553093	-0.08	1.35275562159931	-0.0584003619371893	0.953429726481901	NA
asRNA_114	0.657108095323715	-2.76	2.54422850780806	-1.08534704161612	0.277767978333922	NA
asRNA_115	0.339591854893375	-2.00	7.1603855881599	-0.279626535829953	0.779764046274343	NA
asRNA_116	0.428246524139652	-1.25	2.99520136365753	-0.418595928321711	0.675511465802081	NA
asRNA_117	0.277684083582352	0.24	6.47886635490536	0.0374413388464629	0.970133112130246	NA
asRNA_118	1.81599824308645	-0.89	1.16189863280484	-0.762278304301316	0.445893919820979	NA
asRNA_119	11.8413277144355	0.63	0.573743964625208	1.10606490990981	0.26869842540175	0.461709638395522
asRNA_120	20.4753893506759	-0.24	0.422747820596588	-0.564116643179507	0.572674752076316	0.730711763131994
asRNA_121	25.0739318314391	-0.42	0.60262147770314	-0.692633024343425	0.488539880063245	0.666743406879107
asRNA_122	0.27846178983832	1.26	7.54016304905651	0.166898212485385	0.867450139653024	NA
asRNA_123	4.07183309433033	-0.92	0.860453587119639	-1.06692202845234	0.286007046631299	0.479180820124269
asRNA_124	0.6681140582418	3.75	2.86865086420972	1.3080301554235	0.190863081360818	NA
asRNA_125	0.193731498928233	0.00	9.21855313155468	0	1	NA
asRNA_126	0.18718755856258	-2.76	9.18589057180555	-0.299922771628192	0.764236064224477	NA
asRNA_127	0.448923562661112	-0.81	4.79277715633365	-0.169654149194241	0.86528213486654	NA
asRNA_128	1.01651608025458	0.07	1.57783148040921	0.0426283140409309	0.965997824658814	NA
asRNA_129	0.149410593690169	-2.63	9.18812858544116	-0.286305204639887	0.774644372180276	NA
asRNA_130	0.215485743651387	0.00	9.21855313156848	0	1	NA
asRNA_131	0.407209608871807	-2.01	4.89298045410694	-0.410406068582192	0.681508095328667	NA
asRNA_132	1.79614885859261	-0.96	1.28930175048516	-0.747851421796392	0.454549781588696	NA
asRNA_133	0.651183014722437	-1.09	1.9934068898339	-0.547162128507222	0.584267351978033	NA
asRNA_134	3.71178073636886	0.34	1.0578817726177	0.321981990929233	0.747466337767539	0.853540798884056
asRNA_135	6.85567877395778	-0.57	0.912831414981119	-0.620544729400408	0.534899215146585	0.701669797513089
asRNA_136	10.340148764628	-0.37	0.517158321225349	-0.707014391672655	0.479557534270558	0.65810281446568
asRNA_137	2.85535730964443	-0.74	1.06420484301025	-0.694202151068347	0.487555443819397	0.66593559314998
asRNA_138	0.764115968201693	0.24	3.05067567820243	0.0795179344125921	0.936620667182403	NA
asRNA_139	0.0761659682580962	0.24	9.21855313156847	0.0263131897064373	0.979007534690057	NA
asRNA_140	14.8824478875194	0.16	0.498483378285914	0.329236830906845	0.741976686281847	0.849782489277722
asRNA_141	0.586398583372834	2.53	3.17845150018929	0.794746734331149	0.426760841117642	NA
asRNA_142	0.310006568378332	1.12	5.53906139875655	0.202512817702858	0.83951583892696	NA
asRNA_143	0.172588715448127	2.20	9.17030902684126	0.239838611369731	0.810455372856099	NA
asRNA_144	3.90541672491111	-0.29	1.11794421012505	-0.257019537236327	0.797163691044227	0.879501424731341
asRNA_145	0.0277010776753052	0.00	9.21855313156847	0	1	NA
asRNA_146	5.38952486598773	-0.74	0.785050917935495	-0.945834258978059	0.344233128823008	0.543358885710844
asRNA_147	3.58177879124552	-0.70	0.942553677945583	-0.743201900345418	0.457359453015654	0.644460674200841
asRNA_148	2.80850334841059	-1.47	1.09797782940064	-1.33740865752433	0.181089280015352	NA
asRNA_149	2.84319011468236	1.08	1.17139107524046	0.92212179165676	0.356465051373639	0.555609910330442
asRNA_150	4.20524179913517	0.84	1.02599914371857	0.816624730811099	0.414142917599289	0.606158845278154
asRNA_151	2.88806562889922	0.05	0.907260349749701	0.0576870603444048	0.953997900881014	0.973338209202969
asRNA_152	31.0190403544724	-0.51	0.428673438657164	-1.17826316951697	0.238691705967909	0.425515118881484
asRNA_153	119.481373311745	-0.28	0.265942669752195	-1.04682575728855	0.295179948481089	0.488915142515828
asRNA_154	0.517434429773519	-1.77	2.81844646587937	-0.628485624611093	0.529685860902928	NA
asRNA_155	0.0919119078139056	0.00	9.21855313156847	0	1	NA
asRNA_156	3.09324538576236	3.33	1.11260685767413	2.993128802056	0.00276133185487484	0.0151496969899527
asRNA_157	9.67897862266887	0.94	0.689323936292289	1.35650632723456	0.174938123586665	0.345074952516081
asRNA_158	0.745571323389595	2.18	2.15961577603875	1.01143611024981	0.311807745457732	NA
asRNA_159	0.105164079155813	0.24	9.21855313156847	0.0263131897084451	0.979007534688456	NA
asRNA_160	1.37071596949466	-1.05	1.29501414608352	-0.808072378945076	0.419048917083772	NA
asRNA_161	6.18867721416417	-2.66	0.863265894257928	-3.08624604877719	0.00202701012412999	0.0118408158367147
asRNA_162	9.11954460370778	-0.45	0.54448868763367	-0.817703427059842	0.413526553117913	0.606158845278154
asRNA_163	1.74937851494595	-1.59	1.34089739223992	-1.18821661775249	0.234748078317024	NA
asRNA_164	1.59957026361703	-0.06	1.59679344688366	-0.035668687216604	0.971546538637911	NA
asRNA_165	0.235562150578898	0.00	9.21855313156847	0	1	NA
asRNA_166	1.9349736871284	-0.07	1.42484140382155	-0.0522939165629087	0.958294500566065	NA
asRNA_167	4.53824070625308	-1.29	0.852299534885179	-1.51199045184781	0.130536291569682	0.280928037801211
asRNA_168	1.08564996498865	-0.70	1.90702817091852	-0.36892641695306	0.712182572260894	NA
asRNA_169	0.227037146101261	-2.74	7.82486425278635	-0.350452347457226	0.725999246498721	NA
asRNA_170	2.3934322305172	-0.09	1.06048744032507	-0.0859516072009681	0.931504886651509	NA
asRNA_171	0.75909997588567	1.19	2.93143937858977	0.40569537836102	0.684966438497005	NA
asRNA_172	0.160774318438442	1.26	9.19529225031359	0.137049581286019	0.890991604617589	NA
asRNA_173	0.535237257302219	1.20	3.5319606024329	0.33894615071041	0.734650296820716	NA
asRNA_174	0.999025011056105	-3.25	1.9274975402241	-1.68539435872639	0.0919125113216194	NA
asRNA_175	13.5187744291712	-0.79	0.463174599501959	-1.71229651519033	0.0868420385646953	0.211445553169657
asRNA_176	1.71905123594354	0.42	1.25035426236202	0.337623111666667	0.735647223286858	NA
asRNA_177	0.746482514358868	-2.02	1.89211240390387	-1.06586625953755	0.286484103176935	NA
asRNA_178	7.51385809139605	1.53	0.494318278805592	3.09184011889827	0.00198919955737624	0.011672052111331
asRNA_179	0.627534286469652	-2.72	2.98809920472309	-0.910207722428144	0.362712972296741	NA
asRNA_180	0.238028462596112	0.00	9.02727564367375	0	1	NA
asRNA_181	0.124251237752371	0.00	9.21855313156848	0	1	NA
asRNA_182	22.9794274062295	-1.61	0.429901771792734	-3.73686860908001	0.000186326223980107	0.00174148474341407
asRNA_183	0.576116199511129	-2.24	2.33479912972061	-0.958352145065413	0.337885217631115	NA
asRNA_184	2.93607732204498	0.54	1.10209778942749	0.491672779962789	0.622950683883313	0.769354384012567
asRNA_185	0.550608928589053	-1.21	2.60157549613543	-0.465872251761957	0.641306944104495	NA
asRNA_186	8.97077616525953	-1.57	0.636674886539412	-2.45963742358651	0.0139077440973305	0.0542422746687241
asRNA_187	6.76730454373892	-0.10	0.762122019318847	-0.137664284746047	0.890505747229307	0.93517397291296
asRNA_188	1.01018780583796	-0.90	2.12691712057456	-0.42292788728817	0.672347875452369	NA
asRNA_189	3.51180554140701	-0.07	1.05448785456524	-0.0637894506486591	0.949137878314636	0.971409396773329
asRNA_190	8.868228564165	-0.27	0.495340427442376	-0.535793376009992	0.592101360678343	0.746042012949073
asRNA_191	25.5048943492994	1.37	0.502216297990899	2.71858763111853	0.00655612867110373	0.0303814363554337
asRNA_192	6.64940546593861	-0.86	0.792489975776818	-1.08097290434001	0.279709166666789	0.472867499461878
asRNA_193	3310.84673742286	-1.56	0.287046593447299	-5.42620448484059	5.75650071431528e-08	1.73158188153599e-06
asRNA_194	5.48299149906194	-1.30	0.731398738148849	-1.78297115483813	0.0745909989546123	0.187696773330981
asRNA_195	0.298414219733123	-0.03	6.47232175577049	-0.00426279719665178	0.996598790231774	NA
asRNA_196	0.643850419135994	-0.13	2.26246314107743	-0.0580071411050143	0.95374294032767	NA
asRNA_197	5.89016793218176	0.92	0.866950019102539	1.06486695194491	0.286936142096998	0.480122687895041
asRNA_198	0.903910659950663	0.41	2.08640061608475	0.195216079407982	0.8452237916762	NA
asRNA_199	0.0966278090387096	0.00	9.21855313156847	0	1	NA
asRNA_200	0.974578194862794	-0.20	1.75694023944135	-0.113931051944112	0.909292449935734	NA
asRNA_201	13.5474371044021	0.79	0.61087141708068	1.29315031952505	0.195959074362726	0.372421857376364
asRNA_202	0.159707468687995	0.00	9.21855313156847	0	1	NA
asRNA_203	1.61275049066996	1.25	1.51209578434866	0.82522113152815	0.409246058456977	NA
asRNA_204	1.42132010237148	-1.99	1.24594531608211	-1.60102572656177	0.109371221166449	NA
asRNA_205	0.0462028432624292	0.00	9.21855313156847	0	1	NA
asRNA_206	0.960932184069787	0.89	2.11755160169535	0.419288189557851	0.675005526958362	NA
asRNA_207	0.857023452777821	1.75	2.89183887646629	0.606115512506242	0.544438050703618	NA
asRNA_208	3.18239244042755	-0.57	1.24986212782894	-0.454109183641697	0.649750243659146	0.78795013329749
asRNA_209	16.5489036761277	-0.78	0.388205652550336	-1.99882237629122	0.0456275758180872	0.132234070781765
asRNA_210	9.50676911885472	-0.02	0.577858656415552	-0.0390916205849842	0.96881734166884	0.976905947876992
asRNA_211	42.9280420301257	-2.32	1.23772931866466	-1.87208581982738	0.0611947314677536	0.162255939464145
asRNA_212	0.444966929826023	-2.00	6.75513652446589	-0.296495628128022	0.766851605208735	NA
asRNA_213	0.637288366768057	-1.75	2.35789055239515	-0.742072036776113	0.458043691117561	NA
asRNA_214	1.20893984884536	-1.00	1.85701193710453	-0.537519125194924	0.590909077793902	NA
asRNA_215	0.231094704615847	0.24	9.07737371102771	0.0267224877112509	0.978681076935564	NA
asRNA_216	0.172755453478523	-2.82	9.14558118442134	-0.308230640221019	0.757906839167473	NA
asRNA_217	0.59694792083536	-0.71	2.4033266738749	-0.295417559047227	0.767674921368633	NA
asRNA_218	0.0763940706874262	1.26	9.19529332547547	0.13705166091451	0.890989960824421	NA
asRNA_219	0	NA	NA	NA	NA	NA
asRNA_220	0.177179721590627	0.24	9.21855313156848	0.0263149616162762	0.979006121399941	NA
asRNA_221	1.09054909043135	2.42	2.18546403122823	1.10818424524545	0.267782253445662	NA
asRNA_222	0.911941736865756	0.37	1.78011397065727	0.205753403957755	0.836983540597793	NA
asRNA_223	0.437384568868145	0.69	3.44222757470274	0.200703313949138	0.840930568288454	NA
asRNA_224	0.882316646941859	1.26	1.79015903084743	0.703477683374175	0.481758109587871	NA
asRNA_225	0.891203818618459	2.05	1.773531410938	1.15392585562653	0.248530567862749	NA
asRNA_226	0.363353756897216	0.49	4.77378970503717	0.102026438814504	0.918735689443142	NA
asRNA_227	0.0941130411070351	0.00	9.21855313156847	0	1	NA
asRNA_228	1.00447109808634	-1.10	2.12416782472935	-0.517839103386106	0.604570533003358	NA
asRNA_229	0.129779062011631	0.00	9.21855313153449	0	1	NA
asRNA_230	1.26534408301508	0.80	1.89379444379463	0.421278953268845	0.673551397064465	NA
asRNA_231	0.69606733215536	-0.54	1.65206510671599	-0.325542537493093	0.74477049401822	NA
asRNA_232	0.545191387586686	-0.53	3.65249074556163	-0.14545464587452	0.884351922197059	NA
asRNA_233	0.917946474422217	-0.17	2.31027372622037	-0.0731337931433445	0.941699650609729	NA
asRNA_234	1.93949224081666	0.02	1.14310850383377	0.0164226744397219	0.986897190600634	NA
asRNA_235	0.294065698287346	0.00	7.48669105184726	0	1	NA
asRNA_236	2.15080048156005	-0.60	1.13474594527952	-0.532837099031082	0.594146350270189	NA
asRNA_237	10.6820726532061	-0.38	0.49319626419216	-0.769991168806993	0.441305131274163	0.633166408193248
asRNA_238	0.69602491282468	-0.07	2.04909813120359	-0.0336919278836497	0.973122815935476	NA
asRNA_239	1.04993582005602	-1.99	1.45742131091468	-1.3657529921329	0.172016505375288	NA
asRNA_240	0.0926765748763915	-3.78	9.14558120255948	-0.413392174193008	0.679319307335383	NA
asRNA_241	0.0909180811283714	0.00	9.21855313156847	0	1	NA
asRNA_242	1.25007552996472	1.31	1.66388850948717	0.786732569976736	0.431438433672416	NA
asRNA_243	0.105310704491694	0.24	9.21855313156848	0.0263149618774878	0.979006121191596	NA
asRNA_244	0.605484559822985	0.51	2.78682559119254	0.182696162985241	0.855036426584833	NA
asRNA_245	0.169475264657961	0.00	9.21855313156847	0	1	NA
asRNA_246	1.89887594670524	-0.23	1.0957442186971	-0.209578335753482	0.833996789691235	NA
asRNA_247	1.05612562971855	-0.67	1.41683725400543	-0.471734398880076	0.637116380695058	NA
asRNA_248	1.13718653188876	-2.60	2.38584319726645	-1.08938564612577	0.275983858501939	NA
asRNA_249	0.884968633845243	-3.16	2.04401682512081	-1.54720280519131	0.121814349767677	NA
asRNA_250	2.90977646883924	-2.15	1.14204349547658	-1.87965664353728	0.0601548880957031	0.160310939049343
asRNA_251	0.187891165757722	0.00	9.21855313156848	0	1	NA
asRNA_252	1.30419092855861	-0.65	1.17039517808787	-0.554239015146969	0.579415280588561	NA
asRNA_253	0.0818828456080036	0.00	9.21855313156848	0	1	NA
asRNA_254	0.507358456566634	-1.74	3.34247360607403	-0.519639000171707	0.603315210180721	NA
asRNA_255	4.00847688693825	-0.11	1.0261527011004	-0.107061980313063	0.91473980906967	0.949573217110404
asRNA_256	0.431526570204148	-0.91	2.88375610833196	-0.314793437491103	0.752918494738653	NA
asRNA_257	0.626707600812839	0.00	2.44623141224004	0	1	NA
asRNA_258	0.974749529604106	-0.22	2.20699146062982	-0.100927249684396	0.919608211431294	NA
asRNA_259	39.8744796620256	0.00	0.418956120291988	0.00844190048045133	0.993264417945552	0.995061490952525
asRNA_260	0.606481106892995	0.00	3.36302184738761	0	1	NA
asRNA_261	0.429856847518158	0.00	4.3650492520943	0	1	NA
asRNA_262	13.2278596115056	0.49	0.586789691047138	0.841960054423468	0.39981031317836	0.594490675902141
asRNA_263	0.114018802466137	0.24	9.21855313156848	0.0263131896038324	0.979007534771896	NA
asRNA_264	1.31550971510585	-1.62	1.6378682849201	-0.990298671889314	0.322028155548842	NA
asRNA_265	0.239591098960848	0.00	9.02662058638237	0	1	NA
asRNA_266	0.109049442573959	0.00	9.21855313156848	0	1	NA
asRNA_267	1.61488677124228	0.54	1.68465923851884	0.321885793548901	0.747539216004185	NA
asRNA_268	14.8619476639572	0.05	0.512480405386056	0.0939989187955004	0.925110015610916	0.956166236514126
asRNA_269	0.639353738677287	0.00	3.52566504491438	0	1	NA
asRNA_270	2.20093230293976	0.40	1.1106522895376	0.363114041537163	0.716519695850605	NA
asRNA_271	0.188552889912152	1.73	9.18085215483881	0.188170535992523	0.850742968760365	NA
asRNA_272	1.43625049012609	1.61	1.65139640486368	0.972010539686878	0.331045305215573	NA
asRNA_273	0.4301871293033	-0.14	4.80751798583428	-0.0293778799087961	0.976563214464815	NA
asRNA_274	0.536515912088187	1.74	2.91443359775029	0.597212808926516	0.550365308415597	NA
asRNA_275	0.543230913018431	-1.37	3.15932747259544	-0.435079036890159	0.663505059036073	NA
asRNA_276	0.431029828975806	0.87	5.2257811952122	0.166844016584298	0.867492783838893	NA
asRNA_277	11.3381651715787	1.20	0.621912268126572	1.92607704649068	0.054094754218453	0.148392003972423
asRNA_278	0.861083973236651	-1.02	2.19243966934172	-0.464477358011888	0.642305777816961	NA
asRNA_279	0.944261343960286	-0.29	1.69068390733164	-0.171202584151875	0.864064475635886	NA
asRNA_280	1.24568353268068	-0.99	1.94923135028014	-0.508537040732883	0.611076769377488	NA
asRNA_281	1.15333209839306	0.24	3.32142435501168	0.0730365071547106	0.941777066565363	NA
asRNA_282	4.39069879167785	0.85	1.31855569675495	0.642530215135985	0.520528977367434	0.691079648474904
asRNA_283	2.28496210029068	2.13	1.62624300223463	1.31100135206049	0.189857306816652	NA
asRNA_284	0.165417603283516	0.00	9.21855313156847	0	1	NA
asRNA_285	0.345803477587689	0.00	9.21855313156847	0	1	NA
asRNA_286	0.451015311953409	0.24	3.85981761366162	0.0628488938322428	0.949886831148683	NA
asRNA_287	1.44221421694696	-0.36	1.37031390329239	-0.262361091790077	0.793043066523795	NA
asRNA_288	0.149519284139266	0.24	9.21855313156847	0.0263131894703465	0.979007534878365	NA
asRNA_289	0.932667702846705	-1.51	1.58028396598908	-0.95858250327534	0.33776911037643	NA
asRNA_290	9.64262193680618	0.83	0.725768691508174	1.14066350118744	0.254009980730129	0.444687193533102
asRNA_291	0.560159486053006	1.75	3.01478869253054	0.58172172869174	0.560754133131465	NA
asRNA_292	0.0291983191680272	0.00	9.21855313156848	0	1	NA
asRNA_293	0.111714526507466	1.16	9.19906500662612	0.126040507546539	0.899699859854638	NA
asRNA_294	0.593487036380563	-2.02	3.29685915286329	-0.613287016816286	0.539686576523012	NA
asRNA_295	0.241436656819416	-1.48	6.56486966185781	-0.225946179263077	0.821243280530953	NA
asRNA_296	0.641105350043202	-0.97	2.07572642057313	-0.469703572349303	0.638566815243451	NA
asRNA_297	0.236231961890958	1.21	9.19711562010337	0.131635446349406	0.895272647341686	NA
asRNA_298	0.352395644776848	-0.06	4.70204392220169	-0.0131241584061121	0.989528737236312	NA
asRNA_299	1.19101737633128	1.15	1.86554809869602	0.61425286871567	0.539048242073838	NA
asRNA_300	0.137938642364955	-3.29	9.16195170547996	-0.359005353963359	0.719591084030926	NA
asRNA_301	2.45372521285501	0.97	1.20882905969012	0.805061261523672	0.420784328900891	NA
asRNA_302	0.219236559786753	-2.00	9.20286894041094	-0.2173476016326	0.82793746288482	NA
asRNA_303	1.8697229287244	1.84	1.40050205325245	1.31424578877653	0.188763504056328	NA
asRNA_304	9.68133881931235	-0.20	0.491315824559075	-0.397788089961178	0.690786397214728	0.815048391043534
asRNA_305	1.51574902575492	1.39	1.41948429150413	0.979992679291693	0.327089732308923	NA
asRNA_306	0.332667819574464	-0.72	4.3397561649104	-0.165493669896835	0.868555431828289	NA
asRNA_307	0.350888746495728	-0.28	5.52115817107148	-0.0509503778259162	0.959365061909406	NA
asRNA_308	0.113144058583657	0.00	9.21855313156848	0	1	NA
asRNA_309	2.34578011669653	-0.78	1.1483209145936	-0.682869058088779	0.494689587460723	NA
asRNA_310	1.76072236750594	0.72	1.40622955596262	0.511384187300079	0.609082065171335	NA
asRNA_311	0.307593110932735	-1.04	6.37736667115108	-0.163358244175682	0.870236377513033	NA
asRNA_312	0.391135464814711	0.24	3.88644357957347	0.0624170352594924	0.950230729234818	NA
asRNA_313	0.916060017580372	0.36	2.24452878306853	0.161927707775088	0.871362783109398	NA
asRNA_314	0.493715290490641	1.13	3.68583707294826	0.307533777856474	0.758437116863771	NA
asRNA_315	0.330794783770393	1.20	4.00304496486773	0.299975039544873	0.764196194920285	NA
asRNA_316	0.262253579783985	-1.04	9.20286682202478	-0.112842044966679	0.910155784139283	NA
asRNA_317	1.64748607283725	-2.25	1.25920146648345	-1.79022840312811	0.0734172007660068	NA
asRNA_318	2.29731944555633	0.21	1.05213270256408	0.19806508457185	0.842994142103086	NA
asRNA_319	1.57324306127106	1.66	2.06835039709192	0.800505103732521	0.423418207729265	NA
asRNA_320	0.52821102277583	0.76	3.15566160970596	0.240004173732932	0.810327020989565	NA
asRNA_321	34.1008790397006	-0.38	0.379677466929754	-1.00224030686268	0.316227544957461	0.511159657290719
asRNA_322	0.4111775432808	-0.78	4.76344133924493	-0.163756754168948	0.869922637177068	NA
asRNA_323	0.146567192229249	1.13	9.20005737384126	0.123261561498885	0.901899978143643	NA
asRNA_324	0.129415151425452	0.00	9.21855313156847	0	1	NA
asRNA_325	0.161765894045746	0.00	9.21855313156847	0	1	NA
asRNA_326	0.0699396167227815	0.00	9.21855313156848	0	1	NA
asRNA_327	0.17878875735863	0.00	9.21855313156847	0	1	NA
asRNA_328	0.40904242410534	0.53	3.85473396515858	0.1375091983432	0.890628322585075	NA
asRNA_329	0.0585210798692806	0.00	9.21855313156847	0	1	NA
asRNA_330	0.0447155784008401	0.00	9.21855313156847	0	1	NA
asRNA_331	0.656020717944981	-0.24	3.62968237353131	-0.0652740833468339	0.947955776820445	NA
asRNA_332	0.809877868828902	-1.84	2.29029350159406	-0.802380903796104	0.422332655939447	NA
asRNA_333	5.60148077935251	-0.04	0.817461722587875	-0.0509188458180496	0.959390188197504	0.974421377767445
asRNA_334	1.23031579012849	-1.97	1.61445802269119	-1.22179073405427	0.22178677347467	NA
asRNA_335	1.98211259784035	0.22	1.80509188729222	0.124298390712423	0.901079021446644	NA
asRNA_336	0.849617999571422	2.16	1.92178699931376	1.12625237877913	0.260058708465045	NA
asRNA_337	0.287215980250873	0.24	6.4827180905883	0.0374203380873113	0.970149856577576	NA
asRNA_338	0.142621202076616	0.00	9.21855313156848	0	1	NA
asRNA_339	0.112233699191435	0.00	9.21855313156848	0	1	NA
asRNA_340	0.795210418259229	-2.38	2.54975931855383	-0.934710103652036	0.349937718525247	NA
asRNA_341	0.134023931858407	-2.76	9.18589057182683	-0.29992277153876	0.764236064292695	NA
asRNA_342	1.01508195248636	0.45	2.05150887684268	0.220005278523045	0.825867043752528	NA
asRNA_343	1.38351514758581	-0.17	1.47535629497653	-0.114879629847196	0.90854053121177	NA
asRNA_344	1.13822797367769	-0.95	1.78810317734204	-0.528698601878917	0.597014547227385	NA
asRNA_345	0.659104199658466	2.48	2.8768349179697	0.861529667823378	0.38894638848717	NA
asRNA_346	0.141840176999556	-0.02	9.17956951151484	-0.00226752254208861	0.998190780322793	NA
asRNA_347	0.285321812095703	-1.04	5.69619781594292	-0.183179452706996	0.854657215944855	NA
asRNA_348	0.602288249203244	-2.26	2.6018287583888	-0.868280396000988	0.385240851481388	NA
asRNA_349	0.477880796183333	2.18	3.636724906395	0.59991117884241	0.548565431867355	NA
asRNA_350	0.226498961925371	0.00	6.75057065864782	0	1	NA
asRNA_351	0.405332887617198	-1.05	3.96160496981636	-0.265612818850653	0.790537412119528	NA
asRNA_352	0.495792241391788	1.65	3.16340796208754	0.522294409380018	0.601465361114762	NA
asRNA_353	0.26403579173862	0.24	9.21855313156848	0.026314961642095	0.979006121379348	NA
asRNA_354	1.4190717001683	1.62	1.79830247615335	0.901797345918751	0.367164529933169	NA
asRNA_355	0.07672300597529	0.00	9.21855313156847	0	1	NA
asRNA_356	0.283972822492558	1.16	7.483595641646	0.154896400780025	0.876902991163504	NA
asRNA_357	0.233451233639801	-2.00	7.77700989212513	-0.257355596871422	0.796904277223449	NA
asRNA_358	2.56274099502331	-1.41	1.05998371587363	-1.33087550291462	0.183229979014539	NA
asRNA_359	0.375435246432816	0.24	4.44013028583718	0.0546338737704435	0.95643015168324	NA
asRNA_360	0.557764275386025	-1.37	3.13255974807509	-0.438899643625678	0.660734254969457	NA
asRNA_361	0.605134649812724	-0.39	2.12110784279173	-0.183345659772155	0.854526810232428	NA
asRNA_362	0.518023940655402	1.09	3.56953964312801	0.30563947848548	0.759879158448542	NA
asRNA_363	1.14995935223436	-0.82	1.88523673080533	-0.436693307312737	0.662333783583127	NA
asRNA_364	0.917809772305616	-0.87	2.26277128326049	-0.38285934501893	0.701824056741576	NA
asRNA_365	0.816357190948027	-0.46	1.84292535491404	-0.249627306222428	0.802875579657246	NA
asRNA_366	1.32287495980804	0.38	1.80520013680373	0.210637380255943	0.833170241424503	NA
asRNA_367	4.75560885667463	-0.93	0.823416596431437	-1.13329458012019	0.257090567043855	0.448238516957874
asRNA_368	57.8583711890356	-0.99	0.377759883547569	-2.62326880069808	0.00870905314878146	0.0378395484471836
asRNA_369	0.27537666039123	-1.76	6.43533278893169	-0.27316143631818	0.784729122378757	NA
asRNA_370	0.373743436062572	-1.05	4.81208607813589	-0.21751474305269	0.82780721873432	NA
asRNA_371	124.59713702473	-1.13	0.328106475156913	-3.44732453908151	0.000566168028876383	0.00422125849449998
asRNA_372	10.3721398099271	0.36	0.644608705517487	0.564310845708763	0.572542601546358	0.730711763131994
asRNA_373	10.6370359141642	-1.16	0.590828523669902	-1.96381903600649	0.0495510817055227	0.139136460110894
asRNA_374	0.213436046028209	1.00	9.20574257007693	0.108250301000511	0.913797144919011	NA
asRNA_375	0.137668784960556	0.24	9.21855313156848	0.026314961441475	0.979006121539364	NA
asRNA_376	0.258899352791756	0.24	5.76560854662257	0.0420734484204063	0.966440146513553	NA
asRNA_377	0.589363032344808	-0.72	3.26391415223586	-0.221278246662064	0.824875786827181	NA
asRNA_378	0.25368852092838	-2.63	9.18812858540903	-0.286305204647431	0.774644372174498	NA
asRNA_379	0.0415890713729175	0.00	9.21855313156848	0	1	NA
asRNA_380	0.335253420631326	0.24	7.30245508681299	0.0332197317696894	0.973499363128767	NA
asRNA_381	1.9973428126903	0.41	1.1832033560661	0.34637967228246	0.729057399859118	NA
asRNA_382	0.0751271719283848	0.00	9.21855313156847	0	1	NA
asRNA_383	2.23749057137418	1.33	1.0091604745945	1.32017727815662	0.186775836329928	NA
asRNA_384	1.87428277456989	2.91	1.73459819805118	1.67600999118358	0.0937362356058069	NA
asRNA_385	4.22862458262208	1.30	1.0218092666946	1.27446702126431	0.202497953118887	0.380263374477878
asRNA_386	3.18648959079813	-0.04	0.97994869829101	-0.0378423298517963	0.969813394185871	0.976905947876992
asRNA_387	4.9324706369996	-0.78	0.95679222450737	-0.816852257007781	0.414012864458148	0.606158845278154
asRNA_388	0.448302323786106	0.42	3.18332327287445	0.133008803632273	0.894186418073995	NA
asRNA_389	0.684134225357107	0.24	2.93328935678545	0.0827001798996324	0.93408994182492	NA
asRNA_390	2.35548591285081	-0.66	1.5389071728565	-0.428722793951571	0.668124970528702	NA
asRNA_391	0.49323705885869	0.24	3.93230707967752	0.0616886117929326	0.950810809169694	NA
asRNA_392	5.84644370577332	-0.76	0.637729171183985	-1.19947505840568	0.230343277334876	0.415053758903527
asRNA_393	12.9571452770713	-1.13	0.562712435769074	-2.01509332445047	0.0438948715710945	0.128349585364865
asRNA_394	8.5214193526469	-1.00	0.68016902457016	-1.47702529362778	0.139668857271254	0.294220917515038
asRNA_395	1.07944066878543	0.77	1.71451219793433	0.447691535985343	0.654375830996745	NA
asRNA_396	0.627674919208836	0.00	3.27343937373436	0	1	NA
asRNA_397	0.240767759663739	0.24	5.80585387458649	0.0417817867540349	0.96667265439774	NA
asRNA_398	41.1836347501228	-0.71	0.373062283340971	-1.89175908930528	0.05852308641739	0.157625016250914
asRNA_399	0.249372766989959	-0.85	6.61358619854174	-0.127874517623663	0.898248277452945	NA
asRNA_400	0.241513742076405	0.00	7.68332009186296	0	1	NA
asRNA_401	0.781270788970929	0.01	1.73024122653725	0.00611746814737647	0.995118997057992	NA
asRNA_402	0.342952786303685	1.13	3.98249979876931	0.284645793726859	0.775915523549073	NA
asRNA_403	0.518328594673501	1.03	3.78206243806384	0.272511122873997	0.785229039977232	NA
asRNA_404	1.0173580250268	-0.09	1.84014162824308	-0.0476641563416591	0.961983900713335	NA
asRNA_405	0.156192080038431	0.00	9.21855313156848	0	1	NA
asRNA_406	1.71034120214914	-0.98	1.50573230997353	-0.649154243387491	0.516238683757063	NA
asRNA_407	0.715769110555869	0.06	2.04564868919875	0.0309848822219036	0.975281596123979	NA
asRNA_408	11.7435689981194	-0.42	0.489189262776574	-0.855268806318407	0.392402352329862	0.588828529843605
asRNA_409	0.870818138494263	-0.76	1.93702130663686	-0.390314152449481	0.696304259446805	NA
asRNA_410	1.01992452905117	-1.01	1.67976831983277	-0.598638038664062	0.549414284237769	NA
asRNA_411	0.3807031090004	-2.30	3.749448972072	-0.613478199307521	0.539560193399302	NA
asRNA_412	2.38637393830527	0.06	1.03098134570655	0.0554298362889429	0.955796026448589	NA
asRNA_413	0.894995437710848	1.08	2.3248267588375	0.464555560758208	0.642249762473547	NA
asRNA_414	0.816225783040725	-0.10	2.30080078181762	-0.045146040547677	0.963990903760725	NA
asRNA_415	0.6415415819224	-2.12	2.54711398439847	-0.833710742010655	0.404444003415097	NA
asRNA_416	0.068772055949112	-2.00	9.20286905390313	-0.21734717008323	0.827937799173724	NA
asRNA_417	4.57529441684032	-0.37	0.7983624013551	-0.469302496261975	0.638853431216227	0.779794510024658
asRNA_418	0.78697149754131	0.61	2.06539961787732	0.297105113341022	0.76638626066245	NA
asRNA_419	0.963975334618886	2.08	2.16195361180245	0.95989451479775	0.337108307130175	NA
asRNA_420	0.651047568157716	2.56	3.45154317991981	0.740439736762485	0.459033214903417	NA
asRNA_421	2.71157266831122	-4.65	1.43767667556886	-3.23670087005316	0.00120920090787688	NA
asRNA_422	144.285050976035	-0.46	0.46373163221132	-0.997576843581609	0.31848459446625	0.514172846217259
asRNA_423	6.44627139019882	1.55	0.843892693203694	1.84149460163412	0.0655491109600724	0.17154202338251
asRNA_424	0.698649103854604	-2.57	3.57457282048206	-0.718525410407495	0.472433385894571	NA
asRNA_425	0.624557264416928	-2.01	4.49675838698546	-0.447025735291846	0.654856478483129	NA
asRNA_426	0.226517966955387	0.00	9.14985912137631	0	1	NA
asRNA_427	0.137106813288253	-2.00	9.20286894062413	-0.217347601479731	0.827937463003945	NA
asRNA_428	0.176620802835597	1.69	9.18180453988674	0.184238583939431	0.85382629192416	NA
asRNA_429	0.152416847069511	-2.00	9.20286905381075	-0.2173471701495	0.827937799122082	NA
asRNA_430	1.73142357853214	-0.70	1.35249860415601	-0.519508777866547	0.603405993282402	NA
asRNA_431	0.0788751834719068	0.00	9.21855313156848	0	1	NA
asRNA_432	0.273231312950956	0.00	8.8155706097555	0	1	NA
asRNA_433	4.22069996318902	-0.73	0.995417651588213	-0.72858140183584	0.466257758418519	0.649611774030634
asRNA_434	1.11976630990389	0.10	1.58727108294145	0.0605192339405284	0.951742097456481	NA
asRNA_435	0.263757050332487	-3.29	7.51095574735156	-0.437589963777711	0.661683547811953	NA
asRNA_436	0.394685342547364	1.25	4.39936593765748	0.283562769133238	0.776745472286376	NA
asRNA_437	26.5996907739755	-0.80	0.388656230362206	-2.0531824052953	0.0400548901868561	0.119525253841508
asRNA_438	33.5871124945337	-0.21	0.361310442906095	-0.575043422135989	0.565261930539883	0.725854009922902
asRNA_439	0.937044516643641	2.18	2.07507479996672	1.05091995183482	0.293295356030885	NA
asRNA_440	0.53467297860588	1.16	3.60085215485554	0.323166226557875	0.746569357042563	NA
asRNA_441	0	NA	NA	NA	NA	NA
asRNA_442	4.78089323715887	-0.39	0.672039944496583	-0.581539255935066	0.560877068961847	0.723508217813667
asRNA_443	8.2312843569601	1.43	0.797059788931199	1.79847011406615	0.0721025405266364	0.183196454910881
asRNA_444	1.34111545148897	-0.76	1.56653176341426	-0.484555262478195	0.627991854837836	NA
asRNA_445	1.76042346991425	-0.25	1.15265039859075	-0.219872781392749	0.825970234897544	NA
asRNA_446	1.06141942939509	-1.56	1.51920310306164	-1.02416410039517	0.305757772033419	NA
asRNA_447	90.6713827407586	-0.42	0.647220574341423	-0.642186012660569	0.520752413753348	0.691079648474904
asRNA_448	80.2294340041793	-0.12	0.694428029741898	-0.173686308671636	0.862111998074405	0.919000854973815
asRNA_449	0.358424949331925	0.24	3.97349376302612	0.0610508760510263	0.951318691357869	NA
asRNA_450	0.75009528229501	-0.83	2.41147239743464	-0.342649016829955	0.731862521804234	NA
asRNA_451	0.383656694305388	-1.35	5.4049287717615	-0.250632239380166	0.802098453684078	NA
asRNA_452	5.56268295020294	-0.16	0.678438281315776	-0.229546528591942	0.818444161289843	0.895429920608494
asRNA_453	1.33125471062403	-0.53	2.91061960188034	-0.183498212920469	0.854407120851819	NA
asRNA_454	1.73463708841876	0.96	1.52273361095851	0.633318239524747	0.526525844719878	NA
asRNA_455	1.97540812706934	0.24	2.23129134286533	0.108717876539125	0.913426262473033	NA
asRNA_456	20.3292536608069	-0.32	0.460765734203452	-0.703117532570342	0.481982506794458	0.660391738367067
asRNA_457	0.940560236374338	0.67	1.66286957986107	0.40282430070657	0.687077482893652	NA
asRNA_458	0	NA	NA	NA	NA	NA
asRNA_459	0.291511741795847	0.24	6.48681128316643	0.0373954784103616	0.970169677856678	NA
asRNA_460	0.154936624223928	-2.76	9.18588722912143	-0.299936823965564	0.764225345218251	NA
asRNA_461	0.310535786740278	-0.72	5.4875100676397	-0.131625424982487	0.895280574264105	NA
asRNA_462	0.581736780884008	0.24	2.90644342855305	0.0834634794632448	0.933483015204315	NA
asRNA_463	1.58099187956267	-0.25	1.18709489743213	-0.211162884043956	0.8327601719472	NA
asRNA_464	3.31527086292224	0.36	0.890311993354664	0.400253646351436	0.688969705503453	0.814746371126316
asRNA_465	1.61235975588915	-0.36	1.39190240920803	-0.256927231320116	0.79723494848346	NA
asRNA_466	1.78435168350544	-0.18	1.14837408887638	-0.155649775155506	0.876309088142818	NA
asRNA_467	1.81514079192999	-0.06	0.979859212948675	-0.0643836088422872	0.948664781195065	NA
asRNA_468	0.656045776664202	-0.77	1.73910461170586	-0.441693819749778	0.658710782510723	NA
asRNA_469	2.61796185261778	-1.18	0.904590200413045	-1.30026214131481	0.193511138903391	NA
asRNA_470	0.611866986294351	0.11	2.2611534576593	0.0477252147496837	0.961935238531713	NA
asRNA_471	0.589220863059439	1.43	2.57530899575679	0.554334819645329	0.579349724814459	NA
asRNA_472	0.725707971728579	3.29	2.52843661550416	1.29929752690636	0.193841842769384	NA
asRNA_473	0.529680616301559	1.42	3.19654376139823	0.444408357489003	0.656747372144242	NA
asRNA_474	0.0257988102431333	0.00	9.21855313156847	0	1	NA
asRNA_475	0.0925090065433616	-2.00	9.20286790637322	-0.21734799321059	0.827937157744017	NA
asRNA_476	2.21567280985537	-0.81	1.12927575449533	-0.717381234682628	0.473138895156966	NA
asRNA_477	0.431552983443215	1.24	4.32751467948113	0.286414527778018	0.774560649013138	NA
asRNA_478	0.367107264017741	-0.09	4.26973894239208	-0.0209802395692579	0.983261418746232	NA
asRNA_479	0.294473163069847	0.00	7.48491434350903	0	1	NA
asRNA_480	52.4616358460693	0.20	0.443025176897683	0.455477139771529	0.64876601012103	0.78795013329749
asRNA_481	0.22630048225896	-2.00	9.20286779303675	-0.217348424439249	0.827936821705091	NA
asRNA_482	112.267749461517	0.59	0.343653577047912	1.72107845079955	0.0852365890533127	0.209253427347579
asRNA_483	0.457714065727044	-2.01	4.67856898977147	-0.429438115589787	0.667604420553735	NA
asRNA_484	26.6664141948305	-0.23	0.349522838430037	-0.667981720108307	0.504145261124989	0.675895567809475
asRNA_485	2.2201765840867	1.80	1.97382160014455	0.911518692143311	0.362022141361589	NA
asRNA_486	0.125229095692861	0.00	9.21855313156848	0	1	NA
asRNA_487	0.104795913978697	1.21	9.19711562025659	0.131635446576813	0.895272647161807	NA
asRNA_488	0.217980365192946	0.24	9.21855313155649	0.0263118072270798	0.979008637367208	NA
asRNA_489	0.92120923296225	-0.73	1.55308563759909	-0.468816480346683	0.639200818972318	NA
asRNA_490	0.187053549650816	0.24	9.21855313156848	0.0263149616186845	0.97900612139802	NA
asRNA_491	0.135164714686228	0.00	9.21855313156848	0	1	NA
asRNA_492	0.0913931619658897	0.24	9.21855313156847	0.0263149619057826	0.979006121169028	NA
asRNA_493	0.128066200385184	0.24	9.21855313156848	0.0263131895879559	0.979007534784559	NA
asRNA_494	1.28719832329846	-1.74	1.72344551092477	-1.01165988483981	0.311700702179481	NA
asRNA_495	1.28189409892113	0.35	1.2760351423507	0.277033777427836	0.781754170138336	NA
asRNA_496	0.59417006360791	-2.07	2.61887000647878	-0.789516915144315	0.429809947365248	NA
asRNA_497	5.33177311989962	0.14	0.67384919135965	0.205575144568007	0.8371227945812	0.908149884864383
asRNA_498	3.99218170577891	-0.04	0.848975360061576	-0.047263472927969	0.96230323991223	0.975347629299111
asRNA_499	0.369457537918751	-0.16	6.21021886792407	-0.0259672456297745	0.979283463837538	NA
asRNA_500	1.06395107405391	3.13	1.96828598769255	1.5898235776667	0.111874577695009	NA
asRNA_501	0.226270592093789	-2.00	9.2028689651634	-0.217347507403601	0.827937536313651	NA
asRNA_502	3.26292527604332	-0.29	0.912083714079309	-0.320161532266285	0.748845882398851	0.853540798884056
asRNA_503	0.889554640124059	1.23	1.82554045221083	0.674091314282327	0.500253261220819	NA
asRNA_504	0.737642940070183	0.87	2.33462269626229	0.372459403625501	0.709550832383155	NA
asRNA_505	1.65008812616123	-0.83	1.28460187161331	-0.648454934305727	0.516690749564027	NA
asRNA_506	1.77039394676861	-1.24	1.477751998804	-0.836452956426297	0.402900131517977	NA
asRNA_507	0.17380232048462	-1.04	9.20286905371412	-0.112840196091647	0.910157249966082	NA
asRNA_508	3.63282652105958	-0.37	1.03752239176485	-0.357485329687208	0.72072850683712	0.837440302570449
asRNA_509	0.541056936641918	-1.79	3.07515306511598	-0.58126853477708	0.561059483677883	NA
asRNA_510	1.68739412354427	-0.62	1.52861968694565	-0.405628272024461	0.685015752415473	NA
asRNA_511	1.46323170845222	-3.53	1.82041180441463	-1.9369316927396	0.0527536937407752	NA
asRNA_512	0.463277394497827	-1.68	4.33519960341496	-0.386439897176233	0.699170906911952	NA
asRNA_513	0.41855782963217	-0.12	3.89550480276619	-0.0300084388942965	0.976060322938444	NA
asRNA_514	2.06454863724897	0.15	1.10637329017724	0.132687569989908	0.894440473648149	NA
asRNA_515	3.91256741428916	-0.50	1.09182500487826	-0.461512621035762	0.64443086854797	0.78429080028833
asRNA_516	0.325865724820609	-1.73	5.5532067236152	-0.312269160455796	0.754835975400871	NA
asRNA_517	0.378791427121604	-2.71	6.11673208607888	-0.443409422317677	0.657469621859915	NA
asRNA_518	123.374481679419	-0.50	0.444358786060918	-1.11410045756609	0.265236092379855	0.457562856795043
asRNA_519	85.9320253530564	-0.52	0.551942799861582	-0.943414954968851	0.345468696715475	0.543978988484553
asRNA_520	0.384765287638718	1.25	4.34356901159556	0.287104180446015	0.774032551338354	NA
asRNA_521	0.622541839288635	1.06	2.08882388530317	0.50775875384621	0.611622538858703	NA
asRNA_522	0.947450307299213	0.00	2.4267568037438	0	1	NA
asRNA_523	0.365083853945154	-0.72	3.58547911890562	-0.201476020533755	0.840326377820317	NA
asRNA_524	0.309592173532002	0.00	6.35550448075421	0	1	NA
asRNA_525	0.864921006424803	-0.24	2.3585440171762	-0.101680388721461	0.919010368987689	NA
asRNA_526	39.8782103483328	1.48	0.395735953775394	3.74253368479721	0.000182174103277469	0.00171492672042136
asRNA_527	6.22835215053732	-0.79	0.595894631941487	-1.33022787645704	0.183443202072267	0.356705169643224
asRNA_528	0.62770917015546	1.02	3.95311943534172	0.257598049331234	0.796717135326373	NA
asRNA_529	3.64382774124958	0.70	0.864436469449868	0.813600878610941	0.415873634400768	0.60767241832876
asRNA_530	197.304981663309	-0.92	0.293949492675577	-3.13123525574706	0.00174072655135405	0.0105207422283916
asRNA_531	0.661800876195891	0.87	2.38994704813375	0.365139810538174	0.715007044954509	NA
asRNA_532	0.169377503321136	0.00	9.21855313156847	0	1	NA
asRNA_533	0.438872422658278	1.59	4.29240490887214	0.370944028797867	0.710679220649177	NA
asRNA_534	5.04112658095415	0.61	0.882091400749743	0.68890733079024	0.490881585888946	0.66744012239312
asRNA_535	1.14093246903399	-0.60	1.43538532251127	-0.418830286897179	0.675340168504633	NA
asRNA_536	255.242797070196	0.33	0.547784526290067	0.606164497247064	0.544405525521219	0.708889654533162
asRNA_537	0.785947343717	-1.76	1.861440549859	-0.944499646345645	0.344914382484739	NA
asRNA_538	13.6543000184859	-1.74	0.564645292695444	-3.08338596180152	0.00204659532005957	0.0119285967763829
asRNA_539	2.50654832082126	1.32	1.55556021071714	0.850253020239215	0.395184429767951	NA
asRNA_540	0.36405178067763	-2.68	3.93934910188845	-0.679270294064664	0.496966614964764	NA
asRNA_541	0.133007811286058	1.26	9.19529225033154	0.137049581316119	0.890991604593797	NA
asRNA_542	0.393804521667252	-0.27	6.15625868176551	-0.043528593119979	0.965280172107466	NA
asRNA_543	0.231653477868848	-1.04	6.77941775585603	-0.153560823269468	0.877956028966623	NA
asRNA_544	1.0302349137898	-2.41	2.0533991295936	-1.1723538545982	0.241055018047394	NA
asRNA_545	0.544231389302646	1.13	3.59436631013797	0.315354834378475	0.752492255449809	NA
asRNA_546	0.128288804677594	-1.04	9.20286779325766	-0.112841435840039	0.910156267067591	NA
asRNA_547	12.0584268817656	-0.37	0.506521599891522	-0.733711895455496	0.463124347057667	0.647673760061827
asRNA_548	0.40860762742971	1.13	4.91461727676924	0.230694248293808	0.817552342212678	NA
asRNA_549	0.318789680875008	-0.13	4.94942186862357	-0.0263489278369912	0.978979029670787	NA
asRNA_550	0.706382305690894	0.37	2.55415771250655	0.144847178676416	0.884831531786445	NA
asRNA_551	4.02073693195069	-0.48	0.868435541792338	-0.547893305114197	0.583765166083791	0.739453973937032
asRNA_552	0.0808101063193093	0.00	9.21855313156847	0	1	NA
asRNA_553	1.17154639482547	1.36	1.94802256765512	0.698741934632487	0.484713322008443	NA
asRNA_554	0.110341289083482	0.00	9.21855313156847	0	1	NA
asRNA_555	10.9035840582515	0.47	0.612696401671034	0.760654074051545	0.446863712690994	0.637298275810535
asRNA_556	0.433863688051223	-2.01	4.35807391900948	-0.461449801622355	0.644475928341343	NA
asRNA_557	18.1962592105134	-1.70	0.669216294785211	-2.53815981587767	0.011143708299677	0.0457819224807765
asRNA_558	10.7701390273148	-1.22	0.966505668655394	-1.25723539091314	0.208668411522442	0.3872944914569
asRNA_559	37.968445599179	-2.75	0.798947253263027	-3.43768271530275	0.000586714734639643	0.00435614022448327
asRNA_560	29.2795723341475	0.07	0.403561987694158	0.177190114204667	0.859359060524496	0.916813151811091
asRNA_561	2.15502798995484	-1.46	1.13319539342481	-1.28689881629819	0.198129557934986	NA
asRNA_562	8.99256911104226	-0.04	0.809450340814036	-0.0547164907060576	0.956364331360265	0.973854262711989
asRNA_563	9.20730312251507	-0.43	0.562772495200419	-0.756330988279107	0.449450773227413	0.639593623456302
asRNA_564	0.483986244876964	2.46	2.59278135921553	0.948798868893165	0.342722917282261	NA
asRNA_565	0.278313046123265	0.00	7.53999960229017	0	1	NA
asRNA_566	1.4463602233197	2.12	1.8309788299003	1.15998086769129	0.246056595770415	NA
asRNA_567	0.828320970903241	-2.03	3.03376159384496	-0.668045483422583	0.504104559599428	NA
asRNA_568	0.660084923803207	-0.91	2.90443224154553	-0.314137586139863	0.75341654376402	NA
asRNA_569	10.0461112184476	-0.43	0.502870833831882	-0.850945066904633	0.394799868675527	0.59072405287798
asRNA_570	8.91032394083998	-0.47	0.605215731011183	-0.783950426471334	0.433069199219007	0.624430905981344
asRNA_571	20.2693954822552	-0.09	0.420743600952898	-0.218209846919411	0.827265613210128	0.900938039854726
asRNA_572	1.72767289108012	-1.69	1.22559669284432	-1.37510245496992	0.169099683385986	NA
asRNA_573	2.30668632457547	0.36	1.28574562497366	0.282250058572185	0.777751776768376	NA
asRNA_574	4.78856978729155	-0.96	0.780138836156766	-1.23384087602312	0.217262204429571	0.398478852842585
asRNA_575	0.365904193672117	0.55	4.94827100254169	0.111535283255416	0.911191888144176	NA
asRNA_576	7.19849113768779	0.46	0.932426145880626	0.496966292881837	0.619212821262135	0.766909585065313
asRNA_577	6.53119607371648	-0.16	0.839985738748131	-0.185890491425126	0.852530638985101	0.913452076472652
asRNA_578	0.593043706109223	-1.07	2.67332481366506	-0.401794123259584	0.687835547492134	NA
asRNA_579	0.408104715848769	0.00	4.93420501526225	0	1	NA
asRNA_580	0.443302022844974	-2.27	3.18920608417389	-0.710375750052407	0.477471156927685	NA
asRNA_581	0.284859983600587	0.00	7.52319009496924	0	1	NA
asRNA_582	0.540002071651365	0.10	2.33680124748357	0.0421211667697997	0.966402106501185	NA
asRNA_583	84.6747645222784	0.25	0.385439206858294	0.66110112735514	0.508547462367317	0.679682502951562
asRNA_584	0.987415572641026	-3.02	2.14586347523707	-1.40803978181413	0.159119290519029	NA
asRNA_585	0.1374936563986	0.24	9.21855313156847	0.0263149617852925	0.979006121265132	NA
asRNA_586	0.475965279797234	-0.88	3.47646922138814	-0.253219548593647	0.800098561082201	NA
asRNA_587	0.358584239692825	-0.69	5.43491925641996	-0.1264498434889	0.899375849358039	NA
asRNA_588	7.15791882658325	-1.33	0.868222535930665	-1.53537053747841	0.124692836515426	0.274681105354268
asRNA_589	3.13729371553544	-1.34	0.889602802750345	-1.50079344669362	0.133408994202852	0.285471249246823
asRNA_590	0.951626367478607	1.76	2.2384747505204	0.784255389686472	0.43289026985314	NA
asRNA_591	0.349044306982346	1.20	4.40346823965992	0.273195187484738	0.784703179155388	NA
asRNA_592	33.8265311009691	-0.61	0.438554642503086	-1.38793043621251	0.165158228750776	0.331157794553774
asRNA_593	2.09585044317134	0.85	1.37980506373431	0.617614589397056	0.536829425173022	NA
asRNA_594	0.0424818285645719	0.00	9.21855313156847	0	1	NA
asRNA_595	13.8826206724915	-0.91	0.653784478767718	-1.39598595083651	0.162718725874343	0.329338674101436
asRNA_596	10.1912042810526	0.59	0.544042755992793	1.07729969877264	0.281346396837353	0.474269092530245
asRNA_597	0.617707400399579	-0.13	2.65908718988363	-0.048901111006532	0.960998103468061	NA
asRNA_598	0.312443049578974	-3.28	6.34182789923025	-0.51776946938967	0.604619122185203	NA
asRNA_599	1.09788592722251	-2.12	1.66746530089348	-1.2692240677767	0.204361159365815	NA
asRNA_600	1.73348098820372	-2.56	1.49192874639656	-1.71682929518411	0.0860103666369729	NA
asRNA_601	1.06234141806971	-1.76	1.84364414659178	-0.953745344715101	0.340212561202108	NA
asRNA_602	2.665840652684	-0.97	1.07769372312095	-0.904447138253171	0.365758352512178	NA
asRNA_603	0.875383773067031	-1.56	1.83559545774482	-0.851162270055667	0.394679218461143	NA
asRNA_604	0.20284410786897	0.00	9.21855313156848	0	1	NA
asRNA_605	0.200850847014848	0.24	9.21855313156848	0.0263131893891845	0.979007534943101	NA
asRNA_606	0.908004317576009	-1.60	1.90962891795774	-0.839161418769781	0.401378734220286	NA
asRNA_607	0.43656339438144	-2.60	3.86326157327007	-0.672732750773985	0.501117327864046	NA
asRNA_608	6.60498535112815	1.45	0.863772714978034	1.68036626969194	0.0928860745561672	0.221045228256366
asRNA_609	251.733688298442	-0.65	0.247608622522381	-2.62306786612303	0.00871419124159319	0.0378395484471836
asRNA_610	1.42585853390184	-1.89	1.41983214684803	-1.3323162784884	0.182756280181398	NA
asRNA_611	0.265073830042032	1.16	7.5833923607116	0.152860822669877	0.878508031723651	NA
asRNA_612	0.166750295972334	0.00	9.21855313156848	0	1	NA
asRNA_613	5.22297814385694	-0.17	0.905673294052178	-0.19171170911892	0.847968033568685	0.912097140916255
asRNA_614	0.975097556174819	-1.32	2.22173471378752	-0.595239861652674	0.551683148536249	NA
asRNA_615	0.0443577511521658	0.00	9.21855313156848	0	1	NA
asRNA_616	0.231505092464534	-2.75	9.13375452920549	-0.301597477837329	0.762958930911407	NA
asRNA_617	0.264564864377919	-2.00	9.20286625942567	-0.217349524316737	0.827935964615514	NA
asRNA_618	530.746637032924	-0.96	0.487663908086454	-1.97760446533428	0.0479733451386578	0.136019766227375
asRNA_619	2.13219941319861	0.89	1.42952974668317	0.623816469563857	0.532748122268776	NA
asRNA_620	0.544604304853349	-1.07	2.99668143727954	-0.355620961071197	0.722124443873275	NA
asRNA_621	0.18093513504076	-3.29	9.16194981545342	-0.359007119941833	0.719589762922869	NA
asRNA_622	5.27587854497375	-1.88	0.9202855770123	-2.04183835104845	0.0411675686534702	0.121460571776924
asRNA_623	105.783832751556	-0.16	0.284224750376794	-0.573736153093939	0.566146359615946	0.726633164843027
asRNA_624	103.690069189042	-1.11	0.588945283927246	-1.88474394702022	0.0594644159621856	0.158956462280939
asRNA_625	1.37924743009204	-2.31	1.34780072698054	-1.71242849612142	0.0868177313447308	NA
asRNA_626	2.80455218914797	-0.96	0.885543585824236	-1.07990529918131	0.280184353271338	NA
asRNA_627	12.2201109634856	-0.96	0.468275880195195	-2.04578396071338	0.0407776307711586	0.121018016593797
asRNA_628	0.260872021590952	0.00	8.89323659116973	0	1	NA
asRNA_629	0.221730425800912	-2.00	9.20286781330175	-0.217348347322306	0.82793688179918	NA
asRNA_630	0.161578718355437	0.24	9.21855313156848	0.0263149617151963	0.979006121321041	NA
asRNA_631	0.529328786203951	-1.51	2.93324544558172	-0.514444985521133	0.606940914435104	NA
asRNA_632	1.28977588618241	0.05	1.3204198144521	0.0399919916302252	0.968099510940202	NA
asRNA_633	1.24784166104265	0.92	1.6359304332341	0.562241778558701	0.57395130011504	NA
asRNA_634	105.724411761165	-0.97	0.269089895364269	-3.60222386567979	0.000315506472479028	0.00266348528541167
asRNA_635	0.45957034893528	1.19	3.03701873302344	0.392175440622536	0.694928589159708	NA
asRNA_636	0.156354894466553	0.24	9.21855313156848	0.0263149616108552	0.979006121404265	NA
asRNA_637	0.341873642714091	0.24	9.21855313154464	0.0263110355374193	0.979009252873382	NA
asRNA_638	0.688514383024975	1.09	2.25021906949871	0.48649699424533	0.626614835924275	NA
asRNA_639	1.91320498334782	-0.96	1.18907276031528	-0.808629987401573	0.418728010568699	NA
asRNA_640	23.6714087465021	-1.44	0.404783840145589	-3.55421997680762	0.000379101980334541	0.00309068499232241
asRNA_641	0.129432784776921	0.24	9.21855313156847	0.0263149617984622	0.979006121254628	NA
asRNA_642	0.15266696978754	-1.44	9.14334273422512	-0.157052134333889	0.875203760607949	NA
asRNA_643	0.328324024327319	0.24	5.64636342013644	0.0429611849471723	0.965732475193745	NA
asRNA_644	0.60248897651619	0.24	2.83876795843705	0.0854530739849992	0.931901200486704	NA
asRNA_645	0.401714563533365	-0.65	3.54543994951776	-0.184499085410769	0.853621944578584	NA
asRNA_646	0.164006406703613	0.00	9.21855313156848	0	1	NA
asRNA_647	0.985259059328294	-2.78	1.53606186368152	-1.81214627310008	0.0699635980939652	NA
asRNA_648	3.80663752848217	-0.34	0.928187593197128	-0.361878133960569	0.717443100683866	0.835208449506085
asRNA_649	0.610217826426911	-0.49	2.51086927316519	-0.195528986745918	0.844978847451126	NA
asRNA_650	0.115468297346777	-0.15	9.1843404725742	-0.0160076876247007	0.987228258643832	NA
asRNA_651	2.2619099670343	0.17	1.12055843116461	0.155906266074315	0.876106906096983	NA
asRNA_652	0.0897953212418476	0.24	9.21855313156848	0.0263149617518638	0.979006121291795	NA
asRNA_653	0.0526504048436609	0.00	9.21855313156848	0	1	NA
asRNA_654	0.63461816444948	0.35	3.01389940807489	0.115369881471308	0.908151950632058	NA
asRNA_655	1.15340320451523	-0.23	1.66031063515596	-0.141309236528399	0.887625653140621	NA
asRNA_656	0.737947005532963	-1.36	1.9442809474623	-0.699621189381112	0.484163906020115	NA
asRNA_657	0.523902111371594	-1.79	4.10235508929749	-0.435887930187768	0.662918042665942	NA
asRNA_658	0.623883664602715	-2.70	3.41656923001974	-0.788840672094617	0.430205134577787	NA
asRNA_659	0.955982995706297	2.20	2.66822541343147	0.82328084177282	0.410348305731832	NA
asRNA_660	0.365838887965192	1.21	5.00524262274291	0.240810822304733	0.8097017414345	NA
asRNA_661	0.288157253694227	1.08	5.6756018810752	0.190861102562311	0.848634415558759	NA
asRNA_662	4.48923415138941	-1.13	0.82819676800617	-1.35978916116209	0.173896653322105	0.343981513033974
asRNA_663	12.3292191857509	0.02	0.525026494779124	0.030083567580731	0.976000405970974	0.981249735853261
asRNA_664	1.15387680978896	-2.27	2.19174247616575	-1.03750628233284	0.299499969399323	NA
asRNA_665	7.07981279651622	1.49	1.4305255571531	1.04286764454314	0.297009596712741	0.490703355175027
asRNA_666	4.4103296786582	-0.55	1.41984830036826	-0.386519035821955	0.699112307375775	0.820438075516773
asRNA_667	0.733686477409752	2.43	2.37522774621681	1.02509744160906	0.305317212585581	NA
asRNA_668	0.226061157322461	0.24	7.79020053304192	0.0311361049531367	0.975160996030361	NA
asRNA_669	1.22840574993461	-0.23	1.62163492269868	-0.142847536960922	0.886410592958098	NA
asRNA_670	8.2435704946731	-0.90	0.73586763087459	-1.22910453713206	0.21903261426999	0.400845001080114
asRNA_671	0.648083069819234	1.13	2.73742024613083	0.41397301158364	0.678893872056198	NA
asRNA_672	0.0906334449680657	0.24	9.21855313156847	0.0263131897403333	0.979007534663021	NA
asRNA_673	1.07950534944828	-2.79	1.85833438450233	-1.50188696896747	0.133126302558057	NA
asRNA_674	1.45033314085221	-1.80	1.30242167987132	-1.38244680119889	0.166834554339418	NA
asRNA_675	0.373095304060871	0.24	4.29471205479025	0.0564838219172678	0.954956383188303	NA
asRNA_676	3.40212265015489	1.32	0.985065303345004	1.34385408881929	0.178995574768872	0.350780678399342
asRNA_677	1.68413369398625	0.67	1.26095535446431	0.528970586684937	0.596825854136845	NA
asRNA_678	3.56122103411202	0.27	0.865055393429466	0.308771770148508	0.757495144674966	0.861148911213895
asRNA_679	0.49816473353303	-2.58	3.70013192775426	-0.697947678150272	0.485209915781641	NA
asRNA_680	0.263392429740529	-1.67	9.18812922052039	-0.181630428753938	0.855872767336801	NA
asRNA_681	0.303513089050596	-2.63	9.18812922056947	-0.286305055645146	0.774644486287018	NA
asRNA_682	0.753909841955339	-1.40	2.36541211708862	-0.591049094215748	0.554487526805503	NA
asRNA_683	11.5499391519748	0.95	0.729361509393473	1.30877823046507	0.190609483143306	0.364208556803397
asRNA_684	0.471209049124559	0.24	3.94599034941855	0.0614756390484095	0.950980414926112	NA
asRNA_685	1.80463722236598	-2.25	1.22946150091386	-1.83090922477008	0.0671140932293309	NA
asRNA_686	1.43489228499661	0.80	1.91787116835549	0.416885125721556	0.676762433724925	NA
asRNA_687	0.50798830097697	-3.74	4.21827335388503	-0.887733859592434	0.374683927909872	NA
asRNA_688	0.117291189109896	0.00	9.21855313156848	0	1	NA
asRNA_689	0.139904314340894	0.24	9.21855313156848	0.026314961757733	0.979006121287114	NA
asRNA_690	2.31810859086563	0.49	1.05307035306102	0.464494714924961	0.642293345169365	NA
asRNA_691	4.54891840049291	0.34	0.860179604319063	0.394569377197171	0.693160717037048	0.815465878721547
asRNA_692	1.38480963344352	-1.77	1.62085606579616	-1.09426272179413	0.2738397698197	NA
asRNA_693	10.9629859317534	0.08	0.48041235254765	0.1714326610949	0.863883575061206	0.920514379452433
asRNA_694	0.689890489886958	-2.23	2.28309021571855	-0.977737494844788	0.328204172238495	NA
asRNA_695	0.696465987246254	-0.51	1.9610966841167	-0.259633594629282	0.795146419968887	NA
asRNA_696	4.60695791974458	0.37	0.839720369209209	0.440384037314083	0.659658984211654	0.793713821462942
asRNA_697	1.69792867014852	2.10	1.57058700690487	1.33910554477445	0.180536315666856	NA
asRNA_698	0.414120287691713	-2.67	4.88992377734295	-0.545842664784555	0.58517409295217	NA
asRNA_699	0.67673127762257	0.00	2.40511911806652	0	1	NA
asRNA_700	1.53555674852191	3.36	1.96642972910069	1.70807798030829	0.0876218740847848	NA
asRNA_701	0.917790971534967	2.46	2.23692992795028	1.09947998719482	0.271558758539435	NA
asRNA_702	0.104731424194618	0.24	9.21855313156847	0.0263149618865996	0.979006121184329	NA
asRNA_703	0.123263987698519	0.00	9.21855313156848	0	1	NA
asRNA_704	0.634093984936971	0.49	2.60231155661223	0.18738736483311	0.851356928540963	NA
asRNA_705	5.8715761592939	2.07	0.836636856847859	2.47878250994318	0.0131831664484377	0.052036721863592
asRNA_706	3.46318517739101	-0.94	0.729241263625615	-1.28411643219759	0.199101219307087	0.376751909563735
asRNA_707	0.114002483206547	-2.00	9.20286896538916	-0.217347507241694	0.827937536439818	NA
asRNA_708	0.11903273283447	0.00	9.21855313156848	0	1	NA
asRNA_709	2.66634542981463	1.45	1.07171157746544	1.35568984464202	0.175197871930482	NA
asRNA_710	0.494398317328547	-1.38	3.37087940918958	-0.409336826067031	0.682292493727498	NA
asRNA_711	0.104343136668244	0.00	9.21855313156848	0	1	NA
asRNA_712	0.112014395399206	0.00	9.21855313156847	0	1	NA
asRNA_713	0.230638355535416	0.24	9.21855313156848	0.0263131894491366	0.979007534895282	NA
asRNA_714	22.4005329956611	-0.83	0.451785093292518	-1.84058331078018	0.0656826452937753	0.171719762970839
asRNA_715	3.25252342876992	0.23	1.42935364538437	0.162871262205714	0.870619798100446	0.923930256134982
asRNA_716	3.68911520562598	-1.23	1.07020743046282	-1.15164536898575	0.249466830022787	0.439632790686621
asRNA_717	2.1207906976177	1.57	1.44426311184756	1.08866494280242	0.276301666740847	NA
asRNA_718	0.0154934698432658	0.00	9.21855313156847	0	1	NA
asRNA_719	0.181137845508548	0.24	9.21855313156847	0.0263149614755747	0.979006121512166	NA
asRNA_720	0.171959142341265	0.00	9.21855313156848	0	1	NA
asRNA_721	0.207202960877247	1.85	9.17786625811916	0.20117280211231	0.840563457501713	NA
asRNA_722	0.732625928094965	0.18	2.28360301324336	0.077310180936176	0.938376791933228	NA
asRNA_723	2.34933708124618	-1.77	1.47162036292761	-1.20527916627418	0.228095549549273	NA
asRNA_724	0.669842547740014	-0.48	2.15244321571819	-0.224896541482219	0.822059759881553	NA
asRNA_725	0.948415761635909	0.42	2.09740094340401	0.200023775801984	0.841461986458688	NA
asRNA_726	0.258001938261579	1.13	6.5410951280016	0.173354976390436	0.862372412857322	NA
asRNA_727	0.186259239879328	0.00	9.21855313155054	0	1	NA
asRNA_728	0.463985725196391	-2.01	5.43373544117954	-0.369177104140668	0.711995720619303	NA
asRNA_729	0.402682139254015	-0.28	3.92744782492545	-0.0704550332158577	0.943831489859865	NA
asRNA_730	0.366914604389865	1.64	4.91326615964743	0.334142975041934	0.738271672481039	NA
asRNA_731	121.850323996585	0.33	0.275871750829429	1.19346219325653	0.232688410240336	0.417658141014376
asRNA_732	3.00777056371704	-1.22	1.00152584899467	-1.21842485362222	0.22306256518682	0.405385231315215
asRNA_733	0.219352593421214	0.24	9.21225836314499	0.0263329423964044	0.978991779782961	NA
asRNA_734	0.344341444491016	0.24	5.61209692176138	0.0432223562145183	0.965524284057288	NA
asRNA_735	241.499393356831	-0.37	0.241419918156946	-1.51262733389439	0.130374347011436	0.280918169322737
asRNA_736	0.0291983191680272	0.00	9.21855313156848	0	1	NA
asRNA_737	0.680925078589434	1.15	2.82192237275523	0.408583178387099	0.682845577499642	NA
asRNA_738	0.537647306573398	0.00	3.39891703233592	0	1	NA
asRNA_739	1.84977030718106	-0.65	1.36869163043075	-0.476298270908196	0.633861897065876	NA
asRNA_740	1.44990278059464	2.36	1.82598023923955	1.29013645244183	0.1970032853681	NA
asRNA_741	9.65098336141187	-0.35	0.608108263715863	-0.570812496929652	0.56812675081487	0.72735643836108
asRNA_742	0.775560183934351	0.37	2.11166383294543	0.175833891306753	0.860424443019102	NA
asRNA_743	0.5264167486337	-0.07	3.73320451497423	-0.0194908947227472	0.984449500623487	NA
asRNA_744	0.220552773362888	0.00	9.19352117885906	0	1	NA
asRNA_745	0.040052030948631	0.00	9.21855313156847	0	1	NA
asRNA_746	8.26397640797265	1.02	0.671142182855823	1.51858702811954	0.128866478338936	0.279870185736925
asRNA_747	1.62921023815766	0.63	1.13396866099264	0.558529184224137	0.576483081661048	NA
asRNA_748	5.25174523521989	-2.28	1.12306113320677	-2.03232766874265	0.0421204951980865	0.123853186442014
asRNA_749	1.70622938907822	-0.43	1.4054788822682	-0.304061965616206	0.761080682802183	NA
asRNA_750	2.23302851318279	-0.61	1.08865751325891	-0.56366581035246	0.572981589665707	NA
asRNA_751	2.03916319077741	-0.10	1.42867104295702	-0.0684342094338631	0.945439990461053	NA
asRNA_752	3.04707542443471	0.02	1.02942139069925	0.0183172456763456	0.985385769714365	0.988407266900151
asRNA_753	0.272308447913356	-1.04	6.53626930839582	-0.159338425355266	0.873402248405034	NA
asRNA_754	0.213929570580878	0.00	9.21855313156848	0	1	NA
asRNA_755	2.57958799043086	0.44	0.934500593546812	0.473200324318923	0.636070266413131	NA
asRNA_756	6.52733975264735	0.87	0.617787919981142	1.40694860323223	0.159442629873231	0.3244645119582
asRNA_757	1.28999701413581	-0.28	1.66739700421128	-0.166459578044661	0.867795291366516	NA
asRNA_758	0.635310063738861	0.13	2.83527040283527	0.0468012789103986	0.962671609729083	NA
asRNA_759	0.536606300878248	-2.68	2.88451366784455	-0.927736092474326	0.353544481546273	NA
asRNA_760	2.72570259898699	-1.16	1.19286468222368	-0.969765164070433	0.332163560673938	NA
asRNA_761	3.48475327087923	-0.14	0.747521928366513	-0.184761316622822	0.853416250277277	0.913452076472652
asRNA_762	0.448856011256512	-1.74	3.36475978321868	-0.515872605929486	0.60594338806995	NA
asRNA_763	0.143682388525698	0.00	9.21855313156847	0	1	NA
asRNA_764	0.608364587639828	0.39	2.66969297811163	0.144731067483867	0.88492320910367	NA
asRNA_765	51.1808135609214	-0.85	0.433965748046777	-1.96442403600141	0.0494809376939778	0.139088736783179
asRNA_766	2.01204452655861	-3.05	1.17934098651493	-2.58650982969959	0.00969534049635337	NA
asRNA_767	1.30011800194972	-1.66	1.68218542959245	-0.989488451414001	0.322424217411338	NA
asRNA_768	1.18572665010596	-1.72	1.52015834523656	-1.12881144526008	0.258977383454046	NA
asRNA_769	0.503598021031646	-0.27	3.01146980093533	-0.0881396476618955	0.929765684707151	NA
asRNA_770	2.9770166309072	1.14	1.02557862970143	1.11185808281152	0.266199173852337	0.458835802150426
asRNA_771	0.385085788807409	-0.21	3.8840251087727	-0.0531410465604298	0.957619527212471	NA
asRNA_772	0.0610529126700729	0.00	9.21855313156847	0	1	NA
asRNA_773	4.89040283130401	-0.97	0.796031337582285	-1.21257643156414	0.225291804278859	0.407455875464945
asRNA_774	3.0623549658607	-1.09	1.11975885763444	-0.974317519326366	0.329898908565883	0.529010688552031
asRNA_775	15.08709311648	-0.62	0.546728207721059	-1.12695378277258	0.259762022140817	0.45199282708944
asRNA_776	2.68972013549339	-0.57	1.29044242217622	-0.438138735276954	0.66128571645664	NA
asRNA_777	0	NA	NA	NA	NA	NA
asRNA_778	5.48391406442157	-0.28	0.709128573878513	-0.395045080394022	0.69280961868511	0.815465878721547
asRNA_779	1.22811984898715	-0.28	1.40225896083821	-0.201670224346814	0.840174541822842	NA
asRNA_780	8.28057058250869	-0.11	0.820443819593082	-0.128265707491098	0.897938702356449	0.940714805471108
asRNA_781	9.07257728594404	0.14	0.580947145353747	0.247260482136233	0.804706640057151	0.885468455640534
asRNA_782	7.27917906219659	1.15	0.950381211155933	1.21359690127214	0.224901690929604	0.407313304610916
asRNA_783	0.848498539044032	-2.76	2.58568027188649	-1.06604569493801	0.286402986154624	NA
asRNA_784	0.690792938107009	-0.25	2.94109423677702	-0.086624122002223	0.930970291383932	NA
asRNA_785	1.26717390965973	2.48	2.05105160309791	1.20898139044712	0.226669994963736	NA
asRNA_786	23.6357596728891	-0.19	0.443417803567835	-0.433907637530028	0.664355513370987	0.796713794601575
asRNA_787	0.453248814973137	-1.05	3.70535556484891	-0.284657930370156	0.775906224384604	NA
asRNA_788	0.646035979706457	-0.56	2.6167631750299	-0.21324117532483	0.83113885348903	NA
asRNA_789	0.0508274625639511	-2.76	9.18589046237431	-0.29992346691918	0.764235533861224	NA
asRNA_790	0.746676256259463	-3.65	2.28433514365507	-1.59846876560773	0.109938691317884	NA
asRNA_791	0.404038114437075	1.09	4.38411909809953	0.247861885504762	0.80424127077991	NA
asRNA_792	1.39615780319249	3.31	1.7853472096421	1.85593512728066	0.0634628053232851	NA
asRNA_793	2.53922120597004	-1.30	0.905486650847221	-1.43701391181198	0.150714040635149	NA
asRNA_794	0.10004394800098	1.26	9.1952922503894	0.13704958140248	0.890991604525535	NA
asRNA_795	1.53895195166969	0.01	1.36911041115966	0.00672959076938079	0.994630603952277	NA
asRNA_796	6.6728534893271	-0.04	0.64309306245096	-0.0606039638649038	0.951674616621518	0.972472000837505
asRNA_797	0.154363926061591	0.24	9.21855313156848	0.0263149616116266	0.97900612140365	NA
asRNA_798	0.270286699231529	1.21	5.73603980452051	0.210452619897894	0.833314427357916	NA
asRNA_799	0.709071243781766	0.37	2.53420826137031	0.14715837608902	0.883007013910268	NA
asRNA_800	3.42464972336872	-0.40	0.831195450622908	-0.475973687782089	0.634093123526341	0.776156082445479
asRNA_801	22.3925835932628	2.03	0.509362014758426	3.98452166487057	6.76161884199078e-05	0.000740383117551878
asRNA_802	0.0908981354596532	0.00	9.21855313156848	0	1	NA
asRNA_803	1.29856421178861	-0.08	1.20766477805047	-0.0663331556002307	0.947112586992673	NA
asRNA_804	2.51415408071915	-1.44	0.920666260099877	-1.56857595463774	0.116746778902809	NA
asRNA_805	0.144792007243816	0.24	9.21855313156848	0.0263149616676895	0.979006121358933	NA
asRNA_806	0.797775708631617	0.00	2.26906588354844	0	1	NA
asRNA_807	0.719958004403827	-3.21	2.42630604346104	-1.3220626563573	0.18614728764286	NA
asRNA_808	0.951159684310357	1.86	2.32287243285863	0.799658018917222	0.42390896233096	NA
asRNA_809	1.13536189884092	-0.67	1.37153497478602	-0.491850386086938	0.622825114026478	NA
asRNA_810	0.245103820396817	-1.04	9.20286905362207	-0.112840196156635	0.910157249914558	NA
asRNA_811	0.0533361014036764	0.00	9.21855313156848	0	1	NA
asRNA_812	0.171827857045336	1.21	9.19711562016431	0.131635446439856	0.895272647270139	NA
asRNA_813	0.163807946546477	1.00	9.20574397188332	0.10825209561397	0.913795721389808	NA
asRNA_814	29.2739909235681	0.50	0.551758282962067	0.902312596560324	0.366890835979513	0.563496026547429
asRNA_815	0.195878480747564	0.24	9.21855313156848	0.0263149616119148	0.97900612140342	NA
asRNA_816	0.314866335788233	0.56	7.20848750394583	0.0779557925502301	0.93786321836048	NA
asRNA_817	22.3399002631715	0.67	0.464846290750033	1.4438104332074	0.148792306402706	0.307817759569867
asRNA_818	0.406474772686393	0.00	4.39367659585937	0	1	NA
asRNA_819	1.45862473207811	0.00	1.38582253545262	0.00220416848334694	0.998241329421771	NA
asRNA_820	10.0910075097665	-0.41	0.596959011244082	-0.680881749844452	0.495946316830714	0.670052406373763
asRNA_821	2.13972920905687	-1.66	1.24893957480726	-1.32683194921104	0.184564279256883	NA
asRNA_822	0.774214007598284	-1.45	2.23598518810676	-0.648092379588664	0.516925202456695	NA
asRNA_823	0.613603228576399	-4.23	2.70261277411666	-1.56540805579815	0.117487260738947	NA
asRNA_824	3.24986810758605	1.34	0.835403852038406	1.60226645713399	0.109096699743278	0.251325759883943
asRNA_825	0.371174000518771	0.24	4.82989993246323	0.0502241677041625	0.959943752810941	NA
asRNA_826	8.76862046149521	-1.01	0.725190091884118	-1.39384717860633	0.163363757879211	0.32975316653231
asRNA_827	3.16443016822319	-0.29	1.06126161929205	-0.270495696233658	0.786778927473198	0.877384137874866
asRNA_828	2.35773682772234	-1.05	1.16533737827958	-0.896773894714511	0.369839580600284	NA
asRNA_829	1.70407603842768	-0.90	1.1076795000962	-0.809117131300235	0.418447775162699	NA
asRNA_830	0.658835433790747	-3.29	2.47364410007256	-1.32986040270171	0.183564270008817	NA
asRNA_831	0.403896218933182	1.52	5.23063670460987	0.291545488237464	0.770634159452164	NA
asRNA_832	2.84582656799949	-2.06	1.04508524068398	-1.96886416804872	0.0489686912288759	0.137884107132115
asRNA_833	1.79044073989418	-1.38	1.23828069663288	-1.11108668291595	0.26653103947456	NA
asRNA_834	3.24291875838841	0.17	0.972003972167037	0.178139340197804	0.858613547099715	0.916471493444157
asRNA_835	5.30006605025945	-2.57	0.770439010626471	-3.33114635113181	0.000864891182783258	0.00606815073818709
asRNA_836	1.40049394637657	-1.10	1.62661977771596	-0.677358324072593	0.498178633928484	NA
asRNA_837	1.5647563688123	-0.05	1.3400640758266	-0.0367820637898874	0.970658775392705	NA
asRNA_838	5.56959498596034	-1.24	0.776334402522818	-1.59337898179364	0.111075197914748	0.254094224600432
asRNA_839	0.864211521177387	-0.17	2.13399282850331	-0.0789575241419214	0.937066408361287	NA
asRNA_840	2.10285052051797	-2.41	1.2524055899199	-1.92544172930494	0.0541741192975908	NA
asRNA_841	1.03270493861085	-1.52	1.793909325346	-0.84456751650781	0.39835235197118	NA
asRNA_842	1.09864590028664	-0.00	1.73528873830138	-0.000614812885220486	0.999509450322004	NA
asRNA_843	0.503739748064637	-2.71	3.1769807899514	-0.852249343198713	0.39407571521639	NA
asRNA_844	0.471375486889057	1.16	3.62185399928745	0.319206803395778	0.749569698260009	NA
asRNA_845	0.396739691826842	1.68	4.79593376257582	0.349591775648316	0.726645084022439	NA
asRNA_846	0.125746719122796	0.00	9.21855313156847	0	1	NA
asRNA_847	0.649208076968432	-2.27	2.84636949471102	-0.798523756336742	0.424566612751629	NA
asRNA_848	2.07970981062236	0.70	1.27859563191263	0.546811016592565	0.584508573697008	NA
asRNA_849	4.45262768190548	0.76	0.838555611812392	0.90860212468093	0.363560184641717	0.561904338996817
asRNA_850	0.103744665241222	-2.00	9.20286790640303	-0.217347993189206	0.827937157760681	NA
asRNA_851	0.031436679780699	0.00	9.21855313156848	0	1	NA
asRNA_852	1.31652670993087	1.97	1.65148166480867	1.19236824035572	0.23311688774594	NA
asRNA_853	0.504840761810079	-2.02	3.49129920896074	-0.578327798043049	0.563042830220547	NA
asRNA_854	0.450100553809575	-2.21	4.82656798275846	-0.456992364016792	0.647676534017351	NA
asRNA_855	51.9212269234909	-1.09	0.464805636014244	-2.33686394269096	0.0194462597315817	0.0689875507140965
asRNA_856	3.69662120438181	-0.27	1.13507871340826	-0.23658124170904	0.812981674071795	0.890943484525079
asRNA_857	1.84817225448464	0.74	1.72239146385232	0.431695813482852	0.665962510581175	NA
asRNA_858	0.743753481167928	-1.33	2.23601651569336	-0.5935970931461	0.552781625721738	NA
asRNA_859	0.971806387599424	-1.41	2.16412096898345	-0.650025748181125	0.515675589849279	NA
asRNA_860	0.485834173916513	-3.18	4.16329944134703	-0.764710442176255	0.444443986789659	NA
asRNA_861	4.42606653296089	-0.16	0.675196642966321	-0.237631731096669	0.812166737504202	0.89042327274759
asRNA_862	0.935815969299807	0.14	2.15819908714958	0.0643993789464738	0.948652224531039	NA
asRNA_863	1.52937819033785	-1.16	1.34671288489662	-0.864976470620924	0.38705170335704	NA
asRNA_864	0.21491173714215	0.00	9.21855313156848	0	1	NA
asRNA_865	2.07963006035197	0.92	1.35652203141128	0.680034132967371	0.496482848647183	NA
asRNA_866	0.523139084536353	-3.20	3.81122238767267	-0.838538644176631	0.401728253456532	NA
asRNA_867	0.0926905792731725	0.00	9.21855313156847	0	1	NA
asRNA_868	0.292178536157076	0.24	6.52601443356974	0.0371694326078035	0.970349911008281	NA
asRNA_869	0.164872855828418	-3.29	9.16195170546118	-0.359005353980916	0.719591084017792	NA
asRNA_870	10.9976557242644	-1.21	0.495471341630514	-2.45003378248307	0.0142842812158305	0.0551546528168252
asRNA_871	1.97860050940343	-0.45	1.13339329746631	-0.396413618206337	0.691799921365698	NA
asRNA_872	58.2516962395755	-0.19	0.707450656372807	-0.264063782155225	0.791730771265948	0.877941159724646
asRNA_873	1.90851651219089	-0.91	1.53139279914133	-0.592469367990933	0.553536327105129	NA
asRNA_874	0.255785443566483	-3.29	9.16195170518219	-0.359005354241582	0.71959108382279	NA
asRNA_875	0.155080249827984	-1.04	9.20286975954197	-0.112833963489526	0.910162191305668	NA
asRNA_876	0.0469054128857191	0.00	9.21855313156847	0	1	NA
asRNA_877	0.464984628004853	-4.28	4.1310157684357	-1.03633260018325	0.300047002279248	NA
asRNA_878	0.114180057841641	-3.13	9.16843818388445	-0.341664732468989	0.73260321595516	NA
asRNA_879	0.325222689822518	-2.00	6.34773663198026	-0.315644421611071	0.752272416504876	NA
asRNA_880	64.6279882487409	-4.39	0.630372508215565	-6.96546693018336	3.27316305815814e-12	3.05923847257137e-10
asRNA_881	29.5495535547076	-5.27	0.871072425529372	-6.05574976118616	1.39765131082655e-09	6.09608913405514e-08
asRNA_882	6.73649360542419	-3.41	0.936964543029562	-3.64076293719812	0.000271831341317671	0.00235557159016008
asRNA_883	0.35867997857869	-1.84	5.52479970123407	-0.332808016901243	0.739279206282613	NA
asRNA_884	16.9495484260721	0.09	0.570488762965427	0.152626950344787	0.878692470697714	0.927607178626832
asRNA_885	0.970770115720139	-0.23	1.79708446918043	-0.130589349100137	0.896100168755766	NA
asRNA_886	3.19040819926667	1.55	0.764814008589037	2.02745727041685	0.0426156700898987	0.125028260790656
asRNA_887	10.0308955220811	2.57	1.02491261952971	2.50302000540322	0.0123138583474575	0.049349720207192
asRNA_888	0.954182390333882	0.77	1.98452608123164	0.385681972525391	0.699732215644619	NA
asRNA_889	0.577789129443553	-0.20	2.67420257374585	-0.0735911909764971	0.941335680715764	NA
asRNA_890	1.44770016838654	0.97	1.83461793140532	0.529312800636349	0.596588477204816	NA
asRNA_891	0.339158982193814	2.26	4.98193738898986	0.453110429974262	0.650469225322942	NA
asRNA_892	0.0814389202014454	0.00	9.21855313156848	0	1	NA
asRNA_893	3.53270971129418	-0.26	1.00304530070803	-0.263292715808394	0.792324973627662	0.877941159724646
asRNA_894	39.240464263905	-1.21	0.714267975514604	-1.68745072924178	0.0915167163629841	0.218322011597019
asRNA_895	0.415456469604495	2.12	4.29882869580999	0.493434434329107	0.621705656692276	NA
asRNA_896	0.0392894624836709	0.00	9.21855313156847	0	1	NA
asRNA_897	0.835065625808124	-1.46	2.50008506862865	-0.58537800421911	0.558293575335621	NA
asRNA_898	30.0313532485008	-0.60	0.290608931218044	-2.06857273958375	0.038586198230835	0.116069058356431
asRNA_899	13.9570434409192	0.55	0.445559029772504	1.2265431241063	0.219994357454418	0.402042760794841
asRNA_900	3.17675509987842	-0.83	0.87631052373124	-0.945811087522887	0.344244949372785	0.543358885710844
asRNA_901	1.50507145463268	-2.07	1.19473732309932	-1.73249576605517	0.0831853302860841	NA
asRNA_902	0.314302808097434	-1.69	4.86982701984966	-0.347962018998627	0.727868707593855	NA
asRNA_903	0.267453456443587	-3.29	7.4805413463963	-0.439360795177683	0.660400129125412	NA
asRNA_904	0.485788641770686	-2.54	3.33143633932059	-0.761553918652504	0.446326286694627	NA
asRNA_905	1.71717579292908	0.65	1.40543659664706	0.459567829722565	0.645826454760332	NA
asRNA_906	0.214759338246933	0.24	9.21855313156847	0.0263131894819532	0.979007534869108	NA
asRNA_907	2.01161863574809	-0.61	1.33539883663476	-0.453156479876589	0.650436067810024	NA
asRNA_908	5.36168864232957	1.22	0.850512722995994	1.43794110307563	0.150450765990631	0.310512345897068
asRNA_909	0.88062944736613	-0.78	2.38496827736201	-0.327193241983473	0.743521731960403	NA
asRNA_910	0.255041238704618	-0.28	9.19003536679828	-0.0309585257031326	0.975302615499584	NA
asRNA_911	0.196192200961833	0.00	9.21855313156848	0	1	NA
asRNA_912	1.17672731277043	0.01	1.71715329803418	0.00415538302674843	0.996684493580328	NA
asRNA_913	0.283756426291317	0.53	4.88143571702619	0.107649071236135	0.914274069911481	NA
asRNA_914	0.151967149953076	0.24	9.21855313156848	0.0263149617541654	0.979006121289959	NA
asRNA_915	4.26116301127789	-0.12	0.864722295934462	-0.141489599303826	0.887483175940176	0.933498179837395
asRNA_916	4.87138691640687	-0.37	0.745727510020309	-0.495039856720633	0.620571986550825	0.767503255578217
asRNA_917	193.124150615161	0.00	0.261831213401528	0.0013763748406662	0.998901812111491	0.999665790552876
asRNA_918	0.190322652703766	-1.04	9.20286625952014	-0.1128425183912	0.910155408798469	NA
asRNA_919	1.92847750780311	-1.30	1.18582410760832	-1.09664873149631	0.27279497610864	NA
asRNA_920	13.9974204305743	0.69	0.559752533925376	1.2338655252297	0.217253017732203	0.398478852842585
asRNA_921	0.613923727687568	-1.31	2.30644437201905	-0.565923917945038	0.57144550155399	NA
asRNA_922	0.289289615231363	0.00	6.47240127193854	0	1	NA
asRNA_923	0.274137263413731	0.56	5.71524858169409	0.0974019698087631	0.922407180487511	NA
asRNA_924	160.845033407838	0.02	0.399791264603661	0.0379264698290288	0.969746308356111	0.976905947876992
asRNA_925	2.38757421650837	-0.81	1.00551599382148	-0.804394881165424	0.421168956512037	NA
asRNA_926	1.8670687606915	1.54	1.56898804557532	0.981618179275054	0.326287988010109	NA
asRNA_927	5.57332116475496	-0.44	0.668459081580082	-0.664368769342385	0.506454316336772	0.67760273305385
asRNA_928	5.60034333391531	0.90	0.718665075848151	1.25866944570525	0.20814975192643	0.386943392660888
asRNA_929	11.6453068478797	0.88	0.542479041371657	1.6229061270406	0.104609473594011	0.243128767669206
asRNA_930	0.231130142417533	-2.00	7.76974673452261	-0.25759757371059	0.796717502432471	NA
asRNA_931	4.29236097836708	0.77	0.782837017236049	0.986985225799696	0.32364988144154	0.520265196395892
asRNA_932	31.084186011067	-0.66	0.787132420768384	-0.833936868623379	0.404316559975745	0.598108620888634
asRNA_933	3.36384930048746	0.93	0.896965709069596	1.04166514059411	0.297566956139375	0.49100423973313
asRNA_934	0.674496811725774	-4.70	2.73804307960132	-1.71481357034617	0.0863794127163736	NA
asRNA_935	0.762236076796159	1.06	2.51992183180213	0.419937224421622	0.674531313452097	NA
asRNA_936	1.68185548686718	-0.99	1.50578793675941	-0.656729824935276	0.511354653526055	NA
asRNA_937	1.13168433750016	-0.87	2.25802080361704	-0.38410249278247	0.70090248396902	NA
asRNA_938	63.1468349823888	2.03	0.626399307105507	3.23851575820585	0.00120153383222467	0.0078016476193372
asRNA_939	21.1075587327414	-0.44	0.398812830705627	-1.09984707588322	0.271398757200451	0.463118984484993
asRNA_940	1.12382352121578	-0.43	1.56639506581345	-0.276136658625856	0.782443105341571	NA
asRNA_941	14.7601096375699	0.77	0.699183255671758	1.1031434636416	0.269964868564354	0.462851706734991
asRNA_942	1.45440265710536	0.93	1.62154704807066	0.573421828673895	0.566359113889103	NA
asRNA_943	1.33202105836737	0.77	1.67861871909731	0.461563363798807	0.644394472179742	NA
asRNA_944	3.57052783929637	0.78	0.873344608083568	0.888233559376979	0.374415130331875	0.571671176241841
asRNA_945	1.77812525536683	-0.45	1.09972811225183	-0.410424099755706	0.681494870573052	NA
asRNA_946	0.106433294353152	0.00	9.21855313156847	0	1	NA
asRNA_947	1.77463623732632	0.69	1.70067067591416	0.403277469316675	0.686744114589855	NA
asRNA_948	0.400791428720499	0.24	4.85342938229094	0.0499795273922978	0.960138702703493	NA
asRNA_949	1.04109991165403	-0.05	1.78901856262293	-0.0268433790096547	0.978584654224529	NA
asRNA_950	0.0767606657031474	0.24	9.21855313156847	0.0263149619317889	0.979006121148285	NA
asRNA_951	89.1713410684705	-0.33	0.550621745815567	-0.604002934520552	0.545841691168081	0.709621314350158
asRNA_952	28.0822286008741	-0.11	0.429452834633174	-0.257055936977497	0.797135591984558	0.879501424731341
asRNA_953	1.26276546583345	0.63	1.80672300205118	0.346138999802606	0.729238255271566	NA
asRNA_954	7.86871083593518	-0.10	0.688289355446519	-0.141761098929215	0.887268712231403	0.933498179837395
asRNA_955	2.25765951197785	-0.60	1.42652183365299	-0.418453863986168	0.675615311603947	NA
asRNA_956	21.156725724184	0.43	0.477166682989499	0.908291764298093	0.363724092571879	0.561904338996817
asRNA_957	2.23789115253526	0.30	1.0234789989507	0.293053604980226	0.76948117848903	NA
asRNA_958	2.52602532557559	0.09	1.05939610944643	0.0836267447569848	0.933353202172284	NA
asRNA_959	20.7983190318649	-0.31	0.456979158224341	-0.67679097242632	0.498538586724028	0.671820536280526
asRNA_960	1.58469357954902	0.00	2.77730820819861	0	1	NA
asRNA_961	1.70781550483526	1.20	1.27123710001799	0.944870471861101	0.344725008207532	NA
asRNA_962	3.11316190671099	1.58	1.01005343973476	1.56447259510551	0.117706623919824	0.265093145265214
asRNA_963	30.9555535272711	0.05	0.393676141259164	0.115421543994568	0.908111003441879	0.946069464971097
asRNA_964	18.8684126378747	-0.48	0.395689034760469	-1.22310480370757	0.221290114503758	0.403846743135519
asRNA_965	11.4856578463679	-1.12	0.527285060489068	-2.12250074483733	0.0337957102128823	0.104915033958616
asRNA_966	2.62293112732828	-0.52	1.01652878645183	-0.51219034478432	0.60851779981104	NA
asRNA_967	0.473684224373296	0.00	4.76408376801032	0	1	NA
asRNA_968	0.143892728998677	0.00	9.21855313156848	0	1	NA
asRNA_969	5.33463013340502	1.06	1.04537797830878	1.01598606630186	0.309636021810037	0.504556331928311
asRNA_970	0.193680130502059	0.00	9.21855313156847	0	1	NA
asRNA_971	0.229667890586421	0.24	9.21855313156847	0.0263149615674809	0.97900612143886	NA
asRNA_972	36.8149786095168	-0.09	0.314914952949262	-0.282595292010877	0.777487089719327	0.872739223997204
asRNA_973	10.2901061344529	-0.96	0.6030715468451	-1.59489213150742	0.110736359490742	0.253762743246298
asRNA_974	0.389828567436116	0.24	5.4802614814628	0.0442652964156327	0.964692933994706	NA
asRNA_975	2.0169529622847	-0.51	1.31513479794902	-0.390300800744057	0.696314131252732	NA
asRNA_976	10.5327783071875	-0.37	0.564661054954424	-0.659810801195864	0.509375251018754	0.679773091237164
asRNA_977	0.410145977615696	-1.61	3.6309147796248	-0.444271895147956	0.656846018200997	NA
asRNA_978	0.667098942251781	-0.10	1.82786856883248	-0.0540961322874507	0.956858573724895	NA
asRNA_979	0.612444052048233	-2.08	2.71699836219114	-0.764153206850848	0.444775948048804	NA
asRNA_980	2.34186142788998	0.74	1.20290238288372	0.619013804794248	0.535907264658977	NA
asRNA_981	41.4716736655316	1.04	0.366680615563588	2.84957130184827	0.00437781919567828	0.02173956894704
asRNA_982	3.01651766406882	0.14	0.943158140535755	0.1475294611356	0.882714127516582	0.929977001493919
asRNA_983	4.83909542555405	-0.58	0.665892547005224	-0.871876468150866	0.383275772462292	0.580458736420033
asRNA_984	1.26516518526805	-0.64	1.26215887021735	-0.503970056159957	0.614282419222671	NA
asRNA_985	5.58317587460958	0.21	0.739233326647469	0.285060546126486	0.775597756141849	0.871881154563238
asRNA_986	8.1595229266021	-0.61	0.834992634428413	-0.736020454583675	0.461718249787061	0.646632603397361
asRNA_987	0.0548602189840092	0.24	9.21855313156848	0.0263149619384678	0.979006121142958	NA
asRNA_988	7.40659998713513	0.16	0.594329496669808	0.268114647731551	0.788611071221143	0.877924352070185
asRNA_989	0.577192160264044	-0.08	2.94568922301901	-0.027580191019292	0.977996980931923	NA
asRNA_990	0.408294832065742	0.53	3.5863334167715	0.14899281395366	0.881559303308873	NA
CDS_1	0.766973053980592	-1.07	2.69158111692309	-0.3988576430692	0.689998100753909	NA
CDS_2	4.06461094590296	-0.24	0.8009225470212	-0.302067503935615	0.762600604106042	0.8648605042438
CDS_3	36.4837381408773	-3.03	0.625142075256333	-4.84679325057228	1.25473066752137e-06	2.4688948548146e-05
CDS_4	156.001592325497	-2.27	0.475585655304947	-4.77855920612487	1.76555776565869e-06	3.3481628063252e-05
CDS_5	23.4606089710267	-0.73	0.479865742450856	-1.52056127202432	0.128369971711261	0.279487700472854
CDS_6	2.36723378100463	0.30	1.07272324937227	0.279744184263703	0.77967377696766	NA
CDS_7	0.15911404894955	0.00	9.21855313154466	0	1	NA
CDS_8	0	NA	NA	NA	NA	NA
CDS_9	0.881505904908236	-2.03	2.87455686968615	-0.706300579170736	0.480001233340116	NA
CDS_10	0.927940654789576	-1.53	3.05777319020148	-0.501013514150909	0.616361611984801	NA
CDS_11	6.14393421635075	-0.77	0.733561583296141	-1.0506037581	0.293440614328487	0.486650245689259
CDS_12	7.11802366311848	0.59	0.684263360856524	0.868073937459354	0.385353857657813	0.582914315095865
CDS_13	0.209196243208025	0.24	9.21855313156847	0.0263131894128066	0.97900753492426	NA
CDS_14	16.5771842853247	-0.07	0.486451077002728	-0.142199819966221	0.886922173991108	0.933498179837395
CDS_15	1.04887745296844	0.82	2.30825763951782	0.355466310752033	0.722240279198327	NA
CDS_16	43.2434808308463	-0.07	0.558303392063458	-0.118844073276726	0.905398890668073	0.944371820198624
CDS_17	0.359962659003165	-2.81	6.26795727210454	-0.448087718349476	0.654089891366979	NA
CDS_18	2.99664185078404	-0.18	1.13310712162437	-0.160901882361204	0.872170679714187	0.924268520530233
CDS_19	0	NA	NA	NA	NA	NA
CDS_20	0	NA	NA	NA	NA	NA
CDS_21	0.287127598638797	0.52	5.6098531977089	0.0934149192162602	0.925573938523747	NA
CDS_22	1.99544535068649	-0.41	1.24101817666674	-0.32697548696499	0.743686425632771	NA
CDS_23	0.327111242742475	0.89	5.58891803783622	0.158576969501169	0.874002174844842	NA
CDS_24	0.0422891309171183	0.24	9.21855313156847	0.026314962044898	0.979006121058069	NA
CDS_25	0.0368318604060965	0.00	9.21855313156847	0	1	NA
CDS_26	0.714926429354416	0.21	2.22547904911673	0.0960683384063948	0.923466297260926	NA
CDS_27	0.84023657712311	-1.42	1.58850802997658	-0.893818697066085	0.371418903769187	NA
CDS_28	0.609583261237719	0.40	2.38201255842308	0.169138738048048	0.865687515306183	NA
CDS_29	15.9551345531886	-0.04	0.462604402681878	-0.0840586913787467	0.933009767861353	0.961293922241402
CDS_30	13.1000022066266	-0.29	0.557579636507799	-0.525404993044378	0.599301683264658	0.751856426224165
CDS_31	0.30453826941044	0.24	7.38826041395764	0.0328339279940005	0.973807022164365	NA
CDS_32	21.9244677753645	-0.72	0.421822313874016	-1.71206461603691	0.0868847612521248	0.211445553169657
CDS_33	0.365943747625888	0.00	5.57898578529945	0	1	NA
CDS_34	1.44735064425027	-1.04	1.40124739396417	-0.743682824583913	0.457068382628184	NA
CDS_35	14.1475280129632	-0.11	0.441809418694718	-0.240312994803416	0.810087621749195	0.88888859795289
CDS_36	0.665337463089759	1.66	2.08022623981285	0.798098946444171	0.424813072797592	NA
CDS_37	0.136765398002279	-1.04	9.2028679062859	-0.112841006115983	0.910156607761807	NA
CDS_38	0	NA	NA	NA	NA	NA
CDS_39	0.135018588645087	0.00	9.21855313156848	0	1	NA
CDS_40	0.153621280448303	0.00	9.21855313156848	0	1	NA
CDS_41	5.61774896005906	1.18	0.987674020969982	1.19529921805511	0.231970145186321	0.416654680818532
CDS_42	0.91498173602281	-2.01	2.11473534508925	-0.950559480480246	0.34182804600146	NA
CDS_43	0	NA	NA	NA	NA	NA
CDS_44	1.86961391780966	2.10	1.71890117705115	1.22097600322076	0.222095105679069	NA
CDS_45	1.56040435876768	-0.95	1.05129702650343	-0.905862394075609	0.365008691107697	NA
CDS_46	9.06801078718628	-0.26	0.567505296035985	-0.454187795743069	0.649693666301087	0.78795013329749
CDS_47	1.64403026054625	0.54	1.71748826829358	0.315619724663332	0.752291164306657	NA
CDS_48	0	NA	NA	NA	NA	NA
CDS_49	3.21925071463857	0.70	0.845508082104675	0.82264670267758	0.410708932045586	0.605194411691047
CDS_50	0.391705245952141	-1.25	5.34079780034492	-0.234581617189859	0.814533478820457	NA
CDS_51	0.463189627785411	0.24	3.56930235864067	0.0679643314702026	0.945814027967557	NA
CDS_52	11.6098537836325	-0.57	0.563623826520215	-1.0125717641561	0.311264752387905	0.505950221738602
CDS_53	32.7676856509755	0.25	0.539156656473991	0.471653482352842	0.637174145469759	0.778470933097274
CDS_54	0.0234733793125628	0.00	9.21855313156847	0	1	NA
CDS_55	0.340560743300013	1.00	6.34535366752011	0.157904701844206	0.874531893013696	NA
CDS_56	0.129553488159229	-2.76	9.18589057194017	-0.299922771062334	0.764236064656109	NA
CDS_57	22.5490871536912	-0.77	0.553014169698251	-1.38605167938163	0.165731123641399	0.331842655370727
CDS_58	5.75334432679321	-0.97	0.808033956546781	-1.19708693063186	0.23127267347144	0.415687215985412
CDS_59	0.367818446467693	-2.66	4.87244677487261	-0.545160071021631	0.585643430703675	NA
CDS_60	0.320065694127607	0.24	6.40626941604298	0.0378640253969588	0.969796096042723	NA
CDS_61	0.193562764195169	0.00	9.21855313156847	0	1	NA
CDS_62	11.8988234111606	-0.96	0.528475648902189	-1.82518474060618	0.0679731557318755	0.176102471270936
CDS_63	8.09589982974393	-0.52	0.79058056222821	-0.657446017154417	0.510894170976398	0.680758678943601
CDS_64	0.174673975475445	0.00	9.21855313156848	0	1	NA
CDS_65	0.0651601939662389	0.00	9.21855313156848	0	1	NA
CDS_66	0.0970784584251337	0.24	9.21855313156847	0.0263149618528953	0.979006121211212	NA
CDS_67	18.8279771848909	-1.08	0.500626406153068	-2.15144643787727	0.0314409791850026	0.0993732397670915
CDS_68	5.28836541542203	0.34	0.891211317284497	0.381741929117779	0.70265279616704	0.823116547703287
CDS_69	0	NA	NA	NA	NA	NA
CDS_70	8.20801547198227	-0.57	0.718192975634909	-0.789143930023862	0.430027888698808	0.621415231764097
CDS_71	0.59428142826856	-1.07	2.99161161409893	-0.35626061847315	0.721645398923856	NA
CDS_72	0.420793218224934	0.00	4.13831720172745	0	1	NA
CDS_73	43.7356167728162	-0.76	0.491885968335418	-1.54085524925716	0.123352019329859	0.272814635226785
CDS_74	0.0879266302106059	0.00	9.21855313156847	0	1	NA
CDS_75	1.33415065583324	0.40	1.45879073844506	0.272304523461408	0.785387878379602	NA
CDS_76	0.571807712534296	2.66	2.63459488439484	1.0114948012223	0.311779668102504	NA
CDS_77	0.471443451077412	0.00	3.65095908309611	0	1	NA
CDS_78	0.951922619487755	1.78	2.08583397282656	0.854568657658073	0.392789985055183	NA
CDS_79	0.031436679780699	0.00	9.21855313156848	0	1	NA
CDS_80	0.308819493936781	0.00	7.41330065221957	0	1	NA
CDS_81	8.39354354119111	0.13	0.713650687531107	0.178043754354622	0.858688613651155	0.916471493444157
CDS_82	0.159930873153765	0.00	9.21855313156847	0	1	NA
CDS_83	2.06691053257741	-0.93	1.06594650326063	-0.873230858810173	0.382537258051389	NA
CDS_84	1.20530067853072	-2.36	2.4532236908117	-0.960641789461954	0.336732309067546	NA
CDS_85	1.95029257681857	-3.22	1.77045103380649	-1.82094341945893	0.0686154580928137	NA
CDS_86	0.348355838601822	-1.05	4.8791832587578	-0.214458615047217	0.830189436553607	NA
CDS_87	0.395462485657503	-1.06	3.57496104769227	-0.295461232588683	0.76764156299284	NA
CDS_88	0.0392894624836709	0.00	9.21855313156847	0	1	NA
CDS_89	0.504739042422084	-1.73	3.60639994093561	-0.478401754925706	0.632364284805244	NA
CDS_90	28.2284568887733	-0.12	0.491622693042206	-0.241011284513704	0.809546370509441	0.888667303533225
CDS_91	0	NA	NA	NA	NA	NA
CDS_92	1.48928768772158	1.78	1.72014981187676	1.03727300923224	0.299608640933171	NA
CDS_93	0.123961045691855	0.00	9.21855313156847	0	1	NA
CDS_94	0.208009617447787	0.00	9.21855313156847	0	1	NA
CDS_95	1.48072847823428	-1.42	1.4861055142454	-0.954742455565093	0.33970795421623	NA
asRNA_991	3.41098020631508	3.14	1.63565415056476	1.91914796618933	0.0549656105246154	0.149838544523874
asRNA_992	2.49004549539411	-0.25	1.03634478862453	-0.241571648984024	0.809112092344883	NA
ncRNA_1	2.0006468781254	-3.56	1.28442956285575	-2.77272434255354	0.00555891876527159	NA
ncRNA_2	0.862444702757505	-2.79	2.32763571980912	-1.19966541991328	0.230269308104235	NA
ncRNA_3	8.67883859360432	-0.43	0.608639234735091	-0.71325753456864	0.475686409806359	0.654850780885451
asRNA_993	0.0945393317769513	0.00	9.21855313156847	0	1	NA
asRNA_994	0.567377172433708	2.43	3.00196673933065	0.810150551811503	0.417853653203194	NA
ncRNA_4	1.96314992370902	1.78	1.76904270629328	1.00491522567074	0.31493767228397	NA
ncRNA_5	0.634307226998587	0.00	3.0297752418168	0	1	NA
ncRNA_6	1.57508181520278	-0.82	1.60286955415456	-0.510520839903992	0.609686618293242	NA
asRNA_995	201.632925757864	-0.32	0.370704557214273	-0.851602744483587	0.394434615837468	0.59072405287798
asRNA_996	0.493427330328298	-2.59	3.81608259715064	-0.679854135054525	0.496596825101897	NA
asRNA_997	3.98810094904776	-0.65	0.869463568479778	-0.745458008989413	0.455994886916073	0.643656213084877
ncRNA_7	0	NA	NA	NA	NA	NA
ncRNA_8	0.84756371692514	0.24	3.06765067679017	0.0790779117235066	0.9369706523764	NA
asRNA_998	0.106491517637252	0.24	9.21855313156847	0.0263131896635611	0.979007534724256	NA
asRNA_999	0.205258702163052	0.00	9.21855313156848	0	1	NA
ncRNA_9	0.973187419336494	2.14	2.10587782203957	1.01730018365423	0.309010649272449	NA
asRNA_1000	2.99165167546408	0.41	0.860126593413175	0.475401872655973	0.634500559963359	0.776291708940678
ncRNA_10	0.0415890713729175	0.00	9.21855313156848	0	1	NA
asRNA_1001	8.71831652705917	0.28	0.5893327271733	0.473650632389969	0.635749062954494	0.777092619220883
asRNA_1002	0	NA	NA	NA	NA	NA
ncRNA_11	1.36558283288086	2.11	1.74747635405745	1.20906735667072	0.226636969029134	NA
ncRNA_12	0.113061566870685	0.00	9.21855313156847	0	1	NA
ncRNA_13	8.62089767387597	-1.01	0.737666565557052	-1.37112641252059	0.170335552639692	0.338987179663934
ncRNA_14	13.3280933294624	0.32	0.480048952628378	0.668978094458996	0.503509451636333	0.675735505093479
ncRNA_15	1.29145999756686	-1.40	1.53697680428911	-0.909511466876204	0.363080207736707	NA
ncRNA_16	5.79292352231107	-0.55	0.718072560373669	-0.768374624927918	0.442264651293686	0.633848079099439
asRNA_1003	0.303361997269898	-2.75	8.56344161393387	-0.321129184556451	0.748112494534942	NA
ncRNA_17	3.97820773851329	-0.47	1.06668350554456	-0.438176421552998	0.661258399336607	0.794907317897979
ncRNA_18	0.633710927969054	1.68	2.78757480729863	0.604305775332335	0.545640367340039	NA
asRNA_1004	0.757825549258791	-1.67	8.10813785241063	-0.206168690218252	0.836659144033644	NA
asRNA_1005	1.47327574000322	2.50	1.43462873607718	1.73951467942952	0.0819442724242514	NA
ncRNA_19	11.1148173119627	1.13	0.585258193058001	1.92615118047761	0.0540854995793633	0.148392003972423
asRNA_1006	6.02292464645097	-1.52	0.808418049444171	-1.88480130509211	0.0594566687093845	0.158956462280939
asRNA_1007	0.599928472712035	-1.80	2.57321553135363	-0.698002253380725	0.485175784843631	NA
asRNA_1008	2.19163616825129	-0.53	1.0453287464713	-0.502588671515876	0.615253495644401	NA
asRNA_1009	9.91758019820736	-0.85	0.639304081577675	-1.33390437824932	0.182235196515084	0.354889799660719
ncRNA_20	0.0515738178792447	0.00	9.21855313156847	0	1	NA
asRNA_1010	0.486578189742857	0.00	7.94811794151436	0	1	NA
asRNA_1011	0.133220869777437	1.08	9.20222020692587	0.117376586552572	0.906561637029654	NA
ncRNA_21	0.115532684646808	0.00	9.21855313156847	0	1	NA
asRNA_1012	8.71727313584481	-1.07	0.682764992189057	-1.57294855159267	0.115730731616383	0.262306357342195
asRNA_1013	60.3379362244026	-1.64	0.382122047250489	-4.28152459181372	1.85617205824448e-05	0.00025432472651444
ncRNA_22	3.80978268490313	-1.31	0.94980046642261	-1.38033931982268	0.167482193878381	0.33458084074788
ncRNA_23	71.1089590743298	-0.47	0.264806936196985	-1.77393845584866	0.0760733308711897	0.190328782877537
asRNA_1014	31.4643832526022	-0.84	0.45888661567507	-1.82521517726049	0.0679685643602045	0.176102471270936
asRNA_1015	10.0707206630541	0.66	0.65673669380741	1.00268199898482	0.316014317909905	0.511159657290719
asRNA_1016	0.512140569796767	-1.87	2.87333751512166	-0.650949913219331	0.515078819666176	NA
asRNA_1017	0.490255044734698	-0.08	3.45084884040195	-0.0221788714272912	0.982305271603735	NA
asRNA_1018	0.367495927701496	-1.73	5.52850299899903	-0.313523512099087	0.75388296041472	NA
ncRNA_24	0.0768468537618927	0.24	9.21855313156848	0.0263149618599744	0.979006121205565	NA
ncRNA_25	1.24260327461668	1.13	2.40574765876326	0.471018201154145	0.637627737249452	NA
ncRNA_26	0.031436679780699	0.00	9.21855313156848	0	1	NA
asRNA_1019	0.0282808965625698	0.00	9.21855313156847	0	1	NA
asRNA_1020	2.63048155836234	-0.76	1.37110387480146	-0.55372981415119	0.579763767996119	NA
asRNA_1021	80.0336009312533	2.57	0.365344954652693	7.03830228780009	1.94596167775768e-12	2.12190904612161e-10
ncRNA_27	0.258657474732344	1.16	9.19906500644833	0.126040507291821	0.899699860056266	NA
ncRNA_28	0	NA	NA	NA	NA	NA
ncRNA_29	3.1749715742117	0.20	0.899795674416504	0.226531948281077	0.820787713838712	0.896869080215411
ncRNA_30	6.42909399673654	0.12	0.763638327965263	0.158517883204216	0.8740487300604	0.924419559650748
ncRNA_31	3.07101752883667	-0.75	0.780277072475078	-0.956085768997022	0.339028903967359	0.53804647767288
ncRNA_32	0.683392798689999	0.76	2.50443754771053	0.305390331217834	0.76006888486563	NA
ncRNA_33	65.4118146352709	-0.31	0.388937689644413	-0.785451035133929	0.43218916827307	0.623849450287161
ncRNA_34	0.227062461822817	-0.12	9.18334764514488	-0.0132396816398888	0.989436571039605	NA
asRNA_1022	0.0578132305964026	0.00	9.21855313156847	0	1	NA
ncRNA_35	0.644490582379451	-1.04	3.29171316549392	-0.314959147282952	0.752792672120443	NA
ncRNA_36	0.765901912838835	2.53	2.4271416913159	1.04064826555595	0.298038821893685	NA
ncRNA_37	0.828454093421176	-0.85	2.82141003744778	-0.302982816855165	0.761902956666163	NA
ncRNA_38	33.5117014092847	-0.29	0.355774031167243	-0.817698054135706	0.413529621847586	0.606158845278154
ncRNA_39	0.484918454304239	-2.02	3.69590230982521	-0.545646018093316	0.585309285342329	NA
ncRNA_40	31.6066511241184	0.02	0.334957311279061	0.0641643687788342	0.948839348502309	0.971409396773329
ncRNA_41	1.0179248963389	1.17	2.34789534531451	0.499929523371419	0.617124703080831	NA
asRNA_1023	16.418056897102	-0.46	0.547944836703805	-0.834329782212585	0.40409517367207	0.598108620888634
ncRNA_42	0	NA	NA	NA	NA	NA
ncRNA_43	99.2698473087675	-0.04	0.412276148639261	-0.105221350459784	0.91620016954452	0.950171622627753
asRNA_1024	1.5665832529135	-0.63	1.41136787612988	-0.447725849186766	0.654351063869196	NA
asRNA_1025	0.0891048143576629	0.24	9.21855313156847	0.026314961924408	0.979006121154173	NA
ncRNA_44	0.368755928725133	-2.63	9.18812922055247	-0.286305055649154	0.774644486283948	NA
asRNA_1026	0.0688873393057769	0.00	9.21855313156847	0	1	NA
asRNA_1027	7.64380005474225	0.02	0.555159428027769	0.038917048369787	0.968956524231769	0.976905947876992
asRNA_1028	0.153464802254727	1.21	9.19711562022419	0.131635446528776	0.895272647199804	NA
asRNA_1029	0.0278434996684944	0.00	9.21855313156847	0	1	NA
ncRNA_45	0	NA	NA	NA	NA	NA
asRNA_1030	0.483137991405353	-1.71	4.88207470075512	-0.349645538194919	0.726604730886524	NA
ncRNA_46	36.154277802597	0.45	0.401512890815941	1.11983821151885	0.26278271259927	0.454763188093063
asRNA_1031	2.74397421826482	-0.12	0.910259837623241	-0.128492694622217	0.897759079149819	NA
asRNA_1032	7.23911539022339	0.56	0.623948436309578	0.895377480682101	0.370585334487948	0.56781137023124
ncRNA_47	0.147273233247509	0.00	9.21855313156848	0	1	NA
ncRNA_48	0.144071926748733	0.24	9.21855313156848	0.0263149617037068	0.979006121330206	NA
asRNA_1033	0.19013058819047	1.00	9.2057439718265	0.108252095541221	0.913795721447515	NA
ncRNA_49	0.357982014197382	-2.29	6.03836891660379	-0.378574815204431	0.705003627047012	NA
asRNA_1034	5.66216228512636	0.49	1.00324589546925	0.487664428959722	0.625787551248322	0.771502309247999
ncRNA_50	3.99952384612378	0.68	0.93975544129181	0.723839392070579	0.469164342339138	0.651354421167917
ncRNA_51	15.7048657088044	-0.63	0.563105510215274	-1.1273285516481	0.259603595041304	0.45199282708944
ncRNA_52	9.57856816999833	-0.28	0.695397685586664	-0.405535663281854	0.68508380929578	0.812549206550494
ncRNA_53	37.8326922581468	0.77	0.334892823379996	2.30532689176286	0.0211482725462659	0.0737933723381038
asRNA_1035	51.6117299200457	-0.40	0.381562059336126	-1.04334163806891	0.29679009310584	0.490650457143389
ncRNA_54	0.0346871498879542	0.24	9.21855313156847	0.026314962044898	0.979006121058069	NA
ncRNA_55	0.303178934610486	0.00	8.65696612473419	0	1	NA
asRNA_1036	0.228381059642162	0.00	9.21855313156848	0	1	NA
ncRNA_56	0.0391503734635058	0.00	9.21855313156847	0	1	NA
ncRNA_57	0.643879891936812	0.00	2.71326134237339	0	1	NA
ncRNA_58	0	NA	NA	NA	NA	NA
asRNA_1037	2.51398020185322	0.37	1.24882410743011	0.292860142729084	0.769629055243956	NA
ncRNA_59	0.370648651879871	-1.70	4.7736065493502	-0.355287299360583	0.722374369270241	NA
ncRNA_60	38.6282492419694	0.26	0.412638314880396	0.624387783996433	0.532372945748922	0.700110552273833
ncRNA_61	1.48084679539771	-1.86	2.17761646942867	-0.854568275799022	0.392790196532254	NA
ncRNA_62	19.970986890321	-2.18	0.611322786970399	-3.56393681199682	0.000365333935943309	0.00302219749580812
ncRNA_63	0.404807133639701	0.00	6.17581863258586	0	1	NA
ncRNA_64	0.156280347384106	0.24	9.21855313156848	0.0263149616745505	0.979006121353461	NA
ncRNA_65	1.52767915628516	-2.02	1.63614921332777	-1.23608059521321	0.216428607053509	NA
ncRNA_66	2.6162708482933	0.46	1.14691180457391	0.39994449527288	0.689197398700445	NA
ncRNA_67	0.11230664477195	-1.04	9.20286905385106	-0.112840195994989	0.910157250042715	NA
asRNA_1038	0.76943529021282	-2.22	1.86248950271288	-1.19334955496892	0.232732502380866	NA
ncRNA_68	1.4318517410384	-0.29	1.44355027021914	-0.201640148146465	0.840198056162027	NA
ncRNA_69	0.532111228061881	-1.35	3.1752862197785	-0.425203874996542	0.67068805962264	NA
ncRNA_70	0.214058700857901	0.00	9.21855313156848	0	1	NA
ncRNA_71	0.594641456141308	-4.27	3.45640927942677	-1.23676603087627	0.216173956559382	NA
asRNA_1039	0.821865799758418	2.22	2.70266799719828	0.820535337253709	0.411910992997363	NA
asRNA_1040	0.0339835357720105	0.00	9.21855313156848	0	1	NA
asRNA_1041	3.17580559490426	-1.67	1.02993578600612	-1.61793448194932	0.105676718132966	0.245173733469832
ncRNA_72	1.28359465344026	0.01	1.52562283207778	0.00468663148520695	0.99626062278472	NA
ncRNA_73	0.0632958640472856	0.24	9.21855313156847	0.0263149619651047	0.979006121121712	NA
ncRNA_74	2.13086475627523	0.72	0.953466736769951	0.750678027686961	0.452846449563777	NA
ncRNA_75	2.75235236925662	1.45	0.961265436123229	1.51123713348655	0.130728044644872	NA
asRNA_1042	6.77817558786238	-0.80	0.660333791506117	-1.21648056379557	0.223801910613368	0.406164771203317
asRNA_1043	20.4253088906155	0.14	0.45938133720215	0.314913350285011	0.752827444895989	0.856586705779479
asRNA_1044	1.23813436616033	-0.12	1.66484371801014	-0.0715970579908544	0.94292258145163	NA
ncRNA_76	0.0939850383785882	0.00	9.21855313156847	0	1	NA
ncRNA_77	0.480609230059216	1.64	4.50981446968473	0.364332752174621	0.715609545357144	NA
ncRNA_78	44.7642223087148	2.79	0.533842501043266	5.22266461397169	1.76366652442661e-07	4.43799547540812e-06
asRNA_1045	12.3863764334923	-0.81	0.628573563171916	-1.28263343961756	0.199620529008489	0.377438971622887
ncRNA_79	19.1535945316193	0.03	0.517311261696195	0.0670975703455451	0.946504028121654	0.969472031935174
ncRNA_80	15.7922132120183	-0.20	0.395284786362129	-0.498902797025811	0.617847863500616	0.766307042076357
ncRNA_81	0.250897573351737	-2.00	6.60532422653212	-0.303260528964621	0.761691323956671	NA
ncRNA_82	0.0811001248536095	-1.67	9.18812922068665	-0.181630428716832	0.855872767365924	NA
ncRNA_83	4.11905445169929	0.69	1.04832325939676	0.660522661467245	0.50891848090866	0.679682502951562
ncRNA_84	19.9976372963254	0.16	0.428540633655481	0.36960593561143	0.711676127848872	0.829601971750779
ncRNA_85	0.332343866116433	0.24	7.38349219023337	0.0328527341168141	0.973792025140033	NA
ncRNA_86	0.631638165877686	-0.27	2.76995234833981	-0.096866654757014	0.922832289890061	NA
ncRNA_87	0.308411769066895	2.08	7.295427757323	0.28508121450114	0.775581921806882	NA
ncRNA_88	78.2563387592706	0.70	0.469019741042884	1.48585468598716	0.137317561653386	0.29097980473434
ncRNA_89	0.359022864099242	-1.05	4.91242558480954	-0.212977488738292	0.831344521254237	NA
ncRNA_90	49.4526771473122	-1.02	0.338378954234563	-3.02358841436849	0.00249796025622062	0.0140584128828589
ncRNA_91	0.142118524332531	-2.00	9.20286905382152	-0.217347170141766	0.827937799128109	NA
ncRNA_92	0.0634138216583723	0.00	9.21855313156847	0	1	NA
asRNA_1046	52.5655377737695	-1.18	0.388905275874172	-3.03184361579744	0.00243065095310821	0.0137684275850307
ncRNA_93	53.1483822628677	-1.30	0.375561123303618	-3.45636764288294	0.000547508016531636	0.00410552572854811
ncRNA_94	246.821554742753	-1.19	0.260960231413009	-4.55096734518155	5.33998361668421e-06	9.01595943539521e-05
ncRNA_95	2.15512648339356	-1.22	1.44218548613767	-0.843843447443957	0.39875689332799	NA
ncRNA_96	0.194743685831927	0.00	9.21855313156847	0	1	NA
ncRNA_97	1.27561503895014	-0.48	1.69389376617717	-0.282392229603598	0.777642772524972	NA
ncRNA_98	0.131869460930604	-0.28	9.19003803316239	-0.0309572543443859	0.975303629411121	NA
ncRNA_99	1.64189392364561	-1.51	1.47329270256732	-1.02348616669619	0.306078037165428	NA
ncRNA_100	0.294488150842244	-2.31	4.38401505247232	-0.526781322275877	0.598345454821336	NA
ncRNA_101	0.0509880598664125	0.00	9.21855313156848	0	1	NA
ncRNA_102	0.21798951638623	-1.04	9.20286896516773	-0.112840532267822	0.910156983438556	NA
asRNA_1047	0.202319470930047	-0.02	9.17956951115109	-0.00226752267290442	0.998190780218418	NA
asRNA_1048	3.33411545520659	-0.29	1.10608344060372	-0.266500526485356	0.78985375398532	0.877941159724646
