Gene	baseMean	log2FoldChange	lfcSE	stat	pvalue	padj
SACI_RS00005	61.8836299419638	-0.01	0.518511286939374	-0.0167351422418158	0.986647911627398	0.991402841321988
SACI_RS00010	22.172197890222	-0.95	0.676279102426184	-1.40530169484566	0.159931584596442	0.253755739892917
SACI_RS00015	232.243122335528	2.25	0.395265295994556	5.70100117924149	1.19105812226495e-08	8.66287041252007e-08
SACI_RS00020	7.33892638991703	1.17	1.43591264171862	0.813591283574106	0.415879132955733	0.535992590101725
SACI_RS00025	38.2430757088447	2.23	0.666878746569969	3.34931722584696	0.000810109850797171	0.00268462893601924
SACI_RS00030	19.2726594914367	2.97	0.989356760199654	2.99878969368928	0.002710543348294	0.00784020746523883
SACI_RS11965	22.3335194883173	5.26	1.46650688434049	3.58684930792882	0.000334697613007435	0.001196304896778
SACI_RS00035	66.4933937799253	3.20	0.609223682634669	5.24608251138742	1.55367341961269e-07	9.91655840783405e-07
SACI_RS00040	23.0324012451694	0.28	0.68993365715396	0.409951369536544	0.681841621424735	0.766038498789711
SACI_RS00045	137.453620872941	2.08	0.416429681513344	5.00129793379036	5.69456313678198e-07	3.37625520574135e-06
SACI_RS00050	1.03363040452096	0.16	2.77623178263873	0.0590415933500417	0.952918979173426	NA
SACI_RS00055	219.729416587552	5.18	0.604096729792035	8.5699406751757	1.03538365415652e-17	1.97750374251879e-16
SACI_RS00060	13.7299499814788	0.20	0.85637142502275	0.234736670554479	0.814413123841376	0.870051936742581
SACI_RS00065	30.4483386596947	3.36	0.886188194887768	3.79275028098839	0.000148987963732321	0.000574372704558193
SACI_RS00070	86.6131256310256	3.07	0.533356961320099	5.7597471355641	8.42400374651015e-09	6.29159921605026e-08
SACI_RS00075	143.456345236924	3.59	0.514209605334247	6.98465531065596	2.85556191282434e-12	3.23285787596674e-11
SACI_RS00080	11.8305312251804	0.15	0.929077824299576	0.164608016616856	0.869252520949991	0.913158612488542
SACI_RS00085	10.6433861255367	-0.84	0.973732456177111	-0.864027443295819	0.387572815056357	0.507966046763229
SACI_RS00090	3.89594162020325	-1.60	1.49021896464195	-1.07408693978315	0.282783717490137	0.399979878237301
SACI_RS00095	7.63959901958031	-2.89	1.17814096335262	-2.45590962541533	0.0140528493345101	0.0333588510767973
SACI_RS00100	2.6226760542435	-4.56	2.28179712050419	-1.99797635668489	0.0457192234611562	0.0934554714867751
nadA	3.36174746705107	1.34	1.82033731468143	0.738069878431108	0.460471986776137	0.57662771234361
SACI_RS00110	16.1328505386529	-0.40	0.771538108474773	-0.52285160226148	0.601077526564816	0.701771335261395
SACI_RS00115	95.1865778673244	1.75	0.439026596043285	3.98699116176433	6.69165173405889e-05	0.00027719391785787
SACI_RS00120	3.95407258960283	-1.62	1.67103425188658	-0.971417909466878	0.331340213677275	0.4517783185943
SACI_RS00125	28.4844063941811	-2.57	0.62658790644747	-4.09538480470191	4.21467754513773e-05	0.00018403356401282
SACI_RS00130	2.61230765010125	-4.65	2.28225652277285	-2.0353259310519	0.0418180886596905	0.0866850520518191
SACI_RS00135	117.830332940942	-1.36	0.365713532966786	-3.72043437066458	0.0001988804208637	0.000744908402696073
SACI_RS00140	31.8928341460706	1.91	0.700641187104551	2.72285544798549	0.00647203692978228	0.0168112299025262
SACI_RS11510	6.16188778764866	-0.68	1.18011557924874	-0.577149507951363	0.563838462584578	0.668101911150263
SACI_RS00145	4.82961410837417	-1.80	1.34849995073736	-1.3322533895519	0.182776937867653	0.282637761770623
SACI_RS11515	3.44949126781394	0.08	1.5751852676285	0.0498467944795293	0.960244476404866	0.973078849722549
SACI_RS00150	3.83811691492553	2.26	1.92039880848031	1.17438785828506	0.240239706327789	0.351920225545743
SACI_RS00155	53.3109314326875	0.79	0.503022384245889	1.57697533205017	0.114801201199765	0.196600003697339
SACI_RS00160	21.3610104391446	2.63	0.947321263410445	2.77749529848991	0.00547796325768684	0.014580706458226
SACI_RS00165	42.2086971957096	2.56	0.694627478806569	3.68094135638326	0.000232374450919572	0.000856260495141045
SACI_RS00170	10.3111239996817	1.37	1.05209957553191	1.30175943378681	0.192998635211433	0.295702746661975
SACI_RS00175	17.3776866812863	0.69	0.894141055345144	0.775605470487295	0.437981969369674	0.557958700286622
trxA	39.4911187845905	2.78	0.696785869798069	3.98398823409447	6.7768229334492e-05	0.000279795560717655
SACI_RS00185	4.15363509192147	-0.67	1.4537704937482	-0.463786151453857	0.642800966166442	0.735721874358847
SACI_RS00190	2.32539420717002	-3.21	2.26006777441606	-1.41893248054107	0.155918701751819	0.249270665676071
SACI_RS00195	80.7644841330536	1.51	0.553356115994709	2.72571541411659	0.00641622931406361	0.0167531330801764
SACI_RS00200	44.770610848808	1.74	0.577131933991918	3.01684249267259	0.00255422492370739	0.00744833421808378
SACI_RS00205	341.860527716405	-3.37	0.344729391508582	-9.76910879337434	1.5279013505813e-22	4.15522736864609e-21
SACI_RS00210	70.6077382218743	5.94	1.10318257275103	5.38757225763314	7.14157674328652e-08	4.72704365388965e-07
SACI_RS00215	41.4943457466086	-0.94	0.517919660743411	-1.81900147140192	0.0689112055961332	0.130915593319305
SACI_RS00220	20.7619252444522	1.29	0.782693099553483	1.64470874881414	0.10002988775987	0.176070348504544
SACI_RS00225	83.7305371138387	1.28	0.443755877932003	2.88778618847756	0.00387963492944854	0.0107973821951949
SACI_RS00230	174.788881382879	-3.26	0.360595530459393	-9.03632738984597	1.62023905568838e-19	3.49468803218305e-18
SACI_RS00235	43.6673726420641	-2.92	0.556893485885227	-5.25199239814859	1.50462673905438e-07	9.62807186985696e-07
SACI_RS00240	87.3392105894521	-0.86	0.402275491373459	-2.14102060893592	0.0322723761449537	0.0693094292829821
SACI_RS00245	443.060426746006	1.13	0.295928952594371	3.80732880984406	0.000140475916425804	0.000545762023132551
SACI_RS00250	23.9196801322539	-0.01	0.729677940166171	-0.016774922314385	0.986616176176546	0.991402841321988
SACI_RS00255	20.7298202674533	-1.31	0.695661144039829	-1.87874058196832	0.0602799237086389	0.117461346665899
SACI_RS00260	154.448665962959	4.44	0.543790185693556	8.15794120948226	3.4078330845726e-16	5.57280939712461e-15
SACI_RS00265	345.418120305228	3.29	0.377861339968254	8.71063170813101	3.02185980595946e-18	6.09733325363756e-17
SACI_RS00270	45.2270652333271	6.29	1.41370765469252	4.44811481549516	8.66272240094608e-06	4.24151300335951e-05
meaB	6.58637085745685	-3.05	1.24115044088454	-2.45381495230959	0.0141349698543488	0.0334082626178989
SACI_RS00280	2.31713342123954	0.61	2.05971901090618	0.294510677982502	0.768367705194941	0.836234612180757
SACI_RS00285	31.439742262016	-3.07	0.790923013363551	-3.88660427097638	0.000101656271829533	0.000408557769816906
SACI_RS00290	483.816404342439	0.36	0.306466097144654	1.17510528831877	0.239952595204882	0.351705561337208
SACI_RS00295	4.83972060574957	-1.85	1.36930155367767	-1.35103631472199	0.176683800147839	0.275428578174389
SACI_RS00300	173.845051005169	4.81	0.567412458570786	8.48215065230151	2.21069066255234e-17	4.03733433409194e-16
lysS	73.4064597694873	-2.17	0.432776675548558	-5.01310563307161	5.35584744641898e-07	3.18297632088843e-06
SACI_RS00310	20.6794574674929	0.59	0.73141659822088	0.813334637657446	0.41602622301261	0.535992590101725
SACI_RS00315	1.6801275429938	-0.18	2.29387170993087	-0.0772328582701443	0.938438302583654	0.960316005343273
SACI_RS00320	14.7728936265838	0.69	0.868725415805182	0.798537532761118	0.424558621544688	0.545020867678199
SACI_RS00325	42.8205813423306	0.87	0.584978399609459	1.49130259161237	0.135882068839055	0.223521983060694
SACI_RS00330	9.03118978519599	-2.94	1.31416201536346	-2.23491982950248	0.0254226124821826	0.0565398901603742
rimI	12.2732035586515	-0.52	0.906822232158234	-0.569371276336466	0.56910420544542	0.67196730628808
SACI_RS00340	85.571827609642	1.01	0.467932897616643	2.16502156290828	0.0303860339975057	0.0657094702348827
dnaG	187.406707784379	-1.36	0.351960769393558	-3.86206596375091	0.000112432197602684	0.0004465164419078
SACI_RS00350	190.512079458728	1.93	0.362769782247586	5.31682558665088	1.05593194341168e-07	6.86218629198968e-07
SACI_RS00355	160.097009809712	4.29	0.566446587599176	7.58087529051873	3.43231402237042e-14	4.69270474533923e-13
SACI_RS00360	177.56695033865	5.29	0.620251983946218	8.53329757141528	1.42234219970438e-17	2.65574640571668e-16
SACI_RS00365	26.9621924261985	-3.83	0.721111007566268	-5.30844517277911	1.10564332562197e-07	7.16663108991235e-07
SACI_RS00370	408.063490938999	-1.75	0.319940212271224	-5.48355232484809	4.16868900231125e-08	2.84197816996805e-07
SACI_RS00375	88.6834504340952	-1.65	0.415314866617172	-3.96771468887179	7.25651332207506e-05	0.000298124734512837
SACI_RS00380	66.3361107362381	-1.52	0.465188534861181	-3.26156868101414	0.00110797588396514	0.00355404572010357
SACI_RS00385	187.790197490032	-1.79	0.333470704401583	-5.35891276178242	8.37242683177025e-08	5.49811336826487e-07
SACI_RS00390	83.0377068220456	-3.01	0.421542573618122	-7.14022694032757	9.31769547046813e-13	1.11544851995748e-11
SACI_RS00395	55.7558592457297	-1.83	0.491986187230524	-3.72753412005554	0.000193362389779425	0.000725326385649358
SACI_RS00400	156.983534672272	-0.63	0.34277344348207	-1.82942283654054	0.0673362891377367	0.128664810698229
SACI_RS00405	66.7254769500596	-0.93	0.438312267672798	-2.11457694602334	0.0344660202659247	0.0735784835369827
rpsB	630.174911637028	1.75	0.290774735760026	6.00580900524704	1.90380200500867e-09	1.5617418414858e-08
amrB	69.276861419867	0.71	0.461892338250775	1.53076097065881	0.12582847885282	0.210021917338062
SACI_RS00420	48.7046825752627	2.43	0.63700086504788	3.81563234711073	0.000135834626685459	0.000529374199325575
fni	253.067532644707	4.18	0.444873041571056	9.39577156606589	5.67999772150962e-21	1.36647637492472e-19
SACI_RS00430	47.8311674964839	1.66	0.557410797647448	2.98124894997523	0.00287075316811395	0.00822751938902762
SACI_RS00435	142.39509091576	2.60	0.496381032831639	5.23948524715967	1.61025117995492e-07	1.01996163348031e-06
SACI_RS00440	47.7531354202772	1.38	0.569298086213417	2.42991969294692	0.0151021686588639	0.0354794610182888
ffs	2348.45064999648	-2.69	0.310309413238448	-8.66490961169018	4.51871363443899e-18	8.90222166406799e-17
SACI_RS00450	7.44029842402852	-4.54	1.35865780090571	-3.33839593134924	0.000842635878545353	0.00276676505002687
SACI_RS00455	607.010806227629	4.92	0.406587467418767	12.0960383896452	1.10831935722864e-33	5.7771146495543e-32
SACI_RS00460	126.789349615875	4.13	0.594958445113562	6.94013610562125	3.9172235411131e-12	4.37539879458258e-11
SACI_RS00465	139.836493862131	9.32	1.49749075295557	6.22583057534673	4.79011492411699e-10	4.22002378173968e-09
SACI_RS00470	10.8441347447969	-1.15	0.968588667199575	-1.19212133403377	0.233213672921107	0.343235652734477
SACI_RS00475	15.8990671083971	-1.36	1.03175381737733	-1.32270767126024	0.185932611448209	0.286485013373066
SACI_RS00480	34.4660016799528	-0.04	0.575194330703701	-0.0710676021172133	0.943343952717081	0.963365946815566
SACI_RS00485	4.36466551929555	1.08	1.5937516176041	0.67799050366456	0.497777714351506	0.607316185386788
SACI_RS00490	4.58246435153664	0.20	1.39669910073419	0.144880934781149	0.884804879441643	0.919835357752962
SACI_RS00495	6.18900014064989	-4.24	1.41342932740391	-2.99843132445842	0.0027137330902551	0.00784036973651069
SACI_RS00500	13.1520049066292	-3.07	0.97489098595019	-3.15244173418668	0.00161911130984844	0.00501363427876337
mobB	7.99460581559051	1.91	1.25879443555408	1.52071744016475	0.128330760219025	0.213011871785888
SACI_RS00510	3.85486086378452	-1.73	1.50539343817725	-1.14843658763728	0.25078837684123	0.362073005687684
SACI_RS00515	30.7873192092398	2.13	0.780213967461368	2.72545130564297	0.00642136475774948	0.0167531330801764
SACI_RS00520	34.3684105796768	0.75	0.606383007620801	1.23707445668364	0.216059441753412	0.323191839733674
SACI_RS00525	2.97202229902627	-2.45	2.42460493087786	-1.01021482521817	0.312392377974635	0.43274498190429
SACI_RS00530	18.989938420613	-1.78	0.727121419905979	-2.45246991222726	0.0141879244161687	0.0334888555559002
SACI_RS00535	10.0972397635642	-0.45	0.981065883219373	-0.457041015210385	0.647641565335293	0.739140157857256
SACI_RS00545	36.5782355522624	3.71	0.870829450755248	4.26365931928008	2.01105990787851e-05	9.33519831078301e-05
SACI_RS00550	20.8727358487094	1.48	0.769218242969331	1.92389004024859	0.0543683679137165	0.108131682448425
tpiA	8.71505637105174	-1.78	1.0496276372633	-1.6959039387304	0.0899040736342229	0.163236569109453
SACI_RS00560	0.626022236955182	-1.39	3.37722326274498	-0.411989829347975	0.680346877932585	NA
SACI_RS00565	11.8047332335997	3.38	1.34670784993387	2.50676535278575	0.012184156580586	0.0294538741687209
SACI_RS00570	6.28095917783632	-1.04	1.1680252776345	-0.89160994395647	0.372602038336668	0.49430026506805
SACI_RS00575	44.5743947717241	0.73	0.530952031881749	1.37125586428658	0.170295208972829	0.267469311268059
SACI_RS00580	51.7778080065347	-1.76	0.535837831693987	-3.29212618869998	0.000994329856830689	0.00321838719507165
SACI_RS00585	14.7944236916597	0.27	0.82778793509765	0.322789961186582	0.746854316206815	0.819215036891473
SACI_RS00590	191.48721281518	2.53	0.404130683061852	6.25309236648993	4.02403977947625e-10	3.58297065062262e-09
SACI_RS00595	54.3550001719264	3.00	0.627399781017566	4.78212253992023	1.73453882828714e-06	9.64403588527651e-06
SACI_RS00600	23.1825466507414	-1.97	0.662774652764742	-2.97252819121759	0.00295358084816733	0.00840712091253091
SACI_RS00605	161.912600363619	3.45	0.461271809901497	7.47280326084599	7.85041763237661e-14	1.01246107815496e-12
SACI_RS00610	18.8242795404787	1.96	0.854138035048357	2.29908397926493	0.0215001710511725	0.0487259311322768
SACI_RS00615	34.1851021186305	0.97	0.603785011573241	1.60035240866883	0.109520426509947	0.189240405475061
SACI_RS00620	31.3434050905756	-0.23	0.641657034686022	-0.357860391994295	0.720447792974244	0.799361586705791
SACI_RS00625	3.87472052815386	-2.69	1.51716638236457	-1.77551324009955	0.075813181359666	0.142085827536992
SACI_RS00630	46.3875677321449	0.38	0.511451598788802	0.748400556340948	0.454218587068326	0.572521362642293
SACI_RS00635	29.2734574508022	1.38	0.664250170041377	2.07831814498044	0.0376800663010882	0.0794903253670511
SACI_RS00640	7.11353469897518	-2.30	1.25198229383019	-1.83893872226333	0.0659241995490344	0.126781204666936
SACI_RS00645	17.7175499985684	-1.83	0.738151616921404	-2.47757862237749	0.0132277261873392	0.0317009300006922
thiC	21.2506085642549	-0.57	0.69206695015635	-0.823963729300044	0.409960167331517	0.530088030317031
SACI_RS00655	26.6964003189757	-0.73	0.632734301803742	-1.1535161591715	0.248698588884344	0.359917566692133
SACI_RS00660	21.9414304191356	0.91	0.7285316193809	1.24445331682271	0.213332770527825	0.32024377499849
SACI_RS00665	1024.70812876982	6.50	0.432171056962456	15.0361446019296	4.25627333957967e-51	6.19870525174214e-49
SACI_RS00670	10.8728677233405	0.22	0.994087818296233	0.217777759260701	0.827602274204355	0.880008878053249
SACI_RS00685	106.945367336264	7.53	1.37778537551719	5.46865915997031	4.53452772951375e-08	3.0663211835793e-07
SACI_RS00690	66.1114935179531	-1.00	0.437946723922216	-2.28332998405031	0.0224109380976307	0.0507440426427801
SACI_RS00695	7.35628557592432	-0.45	1.11808744347382	-0.398841334714425	0.690010118035295	0.773479083926662
SACI_RS00700	3076.47790388185	6.32	0.320341197141197	19.7224567689612	1.38342689635072e-86	1.1537780315565e-83
SACI_RS00705	151.952784741959	1.85	0.393847155647132	4.70900013069412	2.48934911680689e-06	1.34699965486838e-05
SACI_RS00710	82.8419839364945	-0.77	0.420574212040779	-1.82922126779615	0.0673664676317663	0.128664810698229
SACI_RS11970	19.1125100537349	1.46	0.860118308620338	1.70272339001289	0.0886198455160335	0.161490789134098
SACI_RS00720	16.525513402545	1.61	0.881279322598149	1.83073210501611	0.0671405386384995	0.128429378955295
cysS	66.7681568389817	0.72	0.485360065875001	1.47733371938678	0.139586203523536	0.227966502099143
SACI_RS00730	25.480636528719	2.10	0.763000605257243	2.75154423495395	0.00593150083670927	0.0156381613208078
SACI_RS00735	70.2095709643299	0.27	0.459286676716366	0.59617044581514	0.551061366983538	0.658117202955997
SACI_RS00740	219.255409239064	-0.94	0.364567868710891	-2.57648251278613	0.00998112540914272	0.024676655902841
SACI_RS00745	33.7838168057	1.71	0.643588347062859	2.6572316453874	0.00787852870041396	0.020032600415077
SACI_RS00750	84.5489619257227	-0.91	0.440992051391322	-2.06758365206169	0.0386791906422495	0.0811193084550782
SACI_RS00755	126.860255464627	1.41	0.413034816065862	3.41637452128314	0.000634609025115269	0.00215732578918261
SACI_RS00760	2.08773571055958	0.37	2.10557316153579	0.176350000861132	0.860018982499117	0.907918773929448
SACI_RS00765	2.64662000165298	2.00	2.10609999512797	0.947545956680979	0.343360649879502	0.463870597191422
SACI_RS00770	8.03630180915756	2.55	1.38294169849448	1.84467329129242	0.0650850783763293	0.125360174055101
SACI_RS00775	22.4190857402927	-1.43	0.660450040907424	-2.16738731440558	0.030205333729329	0.0654318138448323
SACI_RS00780	50.5696099581181	2.80	0.643422759237907	4.35570293866539	1.32640561631979e-05	6.32127019434688e-05
SACI_RS00785	38.1662399949749	0.61	0.561842683836645	1.08843110121172	0.276404837366042	0.392488594262109
SACI_RS00790	106.529190968562	-1.09	0.39169398937597	-2.77386496044411	0.0055394667086791	0.0147131058440712
SACI_RS00795	3.54734156595221	-1.34	1.52792526780814	-0.875619188162889	0.381237090506977	0.501764966043375
SACI_RS00800	30.2570555214282	-0.43	0.60796873127187	-0.708479738233029	0.478647390385751	0.592239508983052
SACI_RS00805	116.957361068522	7.66	1.37702865716748	5.56577112378863	2.60995630226384e-08	1.8189723309928e-07
SACI_RS00810	48.3892687761813	1.12	0.591523462986104	1.90023664439261	0.0574020713835749	0.113354366694321
SACI_RS00815	34.2009301900411	-0.57	0.569483109691602	-1.00121747959592	0.316721677685694	0.437810849485971
SACI_RS00820	10.9879018967476	-2.84	0.97614607075261	-2.91167432276932	0.00359497246349705	0.010083655945818
SACI_RS00825	11.1870715389159	-2.26	0.933579939252805	-2.42513405762799	0.0153027347891888	0.0359169253682462
SACI_RS00830	26.9531327596549	-1.14	0.637998849349041	-1.79357538985806	0.07288096752774	0.137103895304064
dph2	61.4033730148267	-1.50	0.449269059503516	-3.3356882972213	0.000850885086781347	0.00279018936713883
SACI_RS00840	71.7486528394561	-2.08	0.445921179576739	-4.65422056516527	3.2520853904426e-06	1.72023628898253e-05
SACI_RS00845	1.65016138124905	1.15	2.38694110955136	0.483494186839224	0.628744886346222	NA
SACI_RS00850	62.0438880437745	2.85	0.590915734591502	4.81904499781236	1.44247020753178e-06	8.0920638099653e-06
SACI_RS00855	288.581500994569	5.65	0.557889386382543	10.1245645356265	4.29887995848393e-24	1.34447470701585e-22
SACI_RS00860	30.2334961014427	0.72	0.622409580097087	1.15144724966345	0.249548284856876	0.360698907401447
SACI_RS00865	232.193864613004	-1.20	0.335851652451608	-3.57124255035684	0.000355291677265123	0.0012626985461894
SACI_RS00870	301.028262168681	-0.13	0.304965623790414	-0.418874218517488	0.675308059889328	0.760082186589885
SACI_RS00875	1206.56642508968	3.49	0.299165566641397	11.6494571162143	2.30925229384129e-31	1.06995356281313e-29
aroF	215.262820662976	0.87	0.335336378001938	2.60160019442301	0.00927899558763536	0.0231005442390683
aroB	55.8168329822418	-0.25	0.500947487452598	-0.501995871893166	0.615670424797545	0.714143441281158
SACI_RS00890	55.5459283392688	-1.93	0.473933171287849	-4.07481725208297	4.6050495413865e-05	0.00019899540505266
aroC	100.861895749567	-2.00	0.457611427868435	-4.36821444806466	1.25266462491149e-05	6.03885720911088e-05
SACI_RS00900	11.9498645221349	0.08	0.900627807207728	0.0864781441653069	0.931086329405019	0.954745080398097
aroA	37.6768263538577	0.03	0.560224915283922	0.0503865279097012	0.959814371920861	0.973037098276335
SACI_RS00910	24.9888985162138	-0.30	0.642084618457446	-0.462841769572208	0.643477788851036	0.736159774899539
SACI_RS00915	1.99726905443663	-2.41	2.04224346827525	-1.17803269531138	0.238783571998152	0.350197243340783
SACI_RS00920	23.5347383715413	0.69	0.698104967832978	0.99087625351798	0.32174600898462	0.441826846585905
SACI_RS00925	24.2258775321749	-0.26	0.703095850566638	-0.36401457808443	0.715847123383353	0.79613309933523
SACI_RS00930	52.5055424476703	-1.55	0.513056741278618	-3.03062478418631	0.00244048319278954	0.00715836922433696
SACI_RS00935	23.471214381503	-1.72	0.656500778054075	-2.61885846512583	0.00882245437221258	0.0221180168730219
SACI_RS00940	275.314910696593	0.11	0.335122627650405	0.322864917099108	0.746797546663248	0.819215036891473
SACI_RS00945	90.1891498253157	0.38	0.438812729588882	0.864206733469326	0.387474333917107	0.507966046763229
SACI_RS00950	17.1190689993934	0.97	0.897996784742642	1.07723379042103	0.281375832942672	0.398787399271958
SACI_RS00955	58.1379224420426	-0.34	0.465800930884244	-0.726965565193075	0.467247050502941	0.5821972710948
SACI_RS00960	78.9334063110241	0.31	0.473152940162603	0.663945476080317	0.506725208692634	0.615449743761636
nucS	7.13861769706666	0.17	1.14131137037615	0.150281455470016	0.880542563218827	0.918982014657799
SACI_RS00970	6.81651475866854	-2.01	1.13719760878839	-1.7714305536085	0.0764891315275392	0.143138225192149
SACI_RS00975	13.8539357323622	2.42	1.04245220601383	2.32471323175084	0.0200872992820111	0.0459400574073051
SACI_RS00980	7.5218890570727	-1.48	1.17934831528077	-1.25158794465455	0.210720049621469	0.317030405383593
SACI_RS00985	14.9226857017744	-3.70	0.922103538939376	-4.01554047519949	5.93097185555775e-05	0.000250241004765691
SACI_RS00990	12.1750469963914	-1.12	0.87838523662677	-1.27548921663342	0.202136138496178	0.306511890010568
SACI_RS00995	54.1015186526857	-0.95	0.481884453952984	-1.97640574521991	0.0481088413830908	0.0976223204707975
SACI_RS01000	87.0330771609056	3.40	0.593058795376299	5.73280489221979	9.87832434513758e-09	7.26928456221595e-08
SACI_RS01005	113.237531382305	-0.98	0.370411868606793	-2.63409346482117	0.00843622618104916	0.0212348469869064
SACI_RS01010	182.724622402615	-2.75	0.353817529033332	-7.77164139237808	7.74755313196886e-15	1.12699871722012e-13
SACI_RS01015	16.3446798466401	-2.22	0.773655422150979	-2.86517805527389	0.00416774824336227	0.0114969196305319
SACI_RS01020	27.5750623808436	0.02	0.662295206575894	0.0266858081121621	0.97871033258824	0.98659679779846
SACI_RS01025	33.6056286380887	-2.34	0.608608412496651	-3.84594573827319	0.000120088338769248	0.000472422993082797
SACI_RS01030	5.6345929927469	-0.96	1.27372706396029	-0.757137051011125	0.448967758561062	0.569344821043982
purT	88.5847361523543	-2.15	0.468246033673095	-4.58377673102181	4.56651834960809e-06	2.36551323203301e-05
SACI_RS01040	2.29591232919016	-0.44	1.99650787813403	-0.220452663894866	0.825518634224665	0.878913882055367
SACI_RS01045	47.2795670910648	2.96	0.690592640023067	4.28958183284153	1.79009846883952e-05	8.34045878777742e-05
SACI_RS01050	12.8941277914462	-0.01	0.91441662810248	-0.0116447254121072	0.990709063353961	0.99302377073398
SACI_RS01055	1.96717193930846	-0.96	2.16329175286005	-0.445356231503644	0.656062337038076	0.744094401780263
SACI_RS01060	5.75327152278429	-1.52	1.49030798156338	-1.01678577817323	0.309255349099389	0.428911797919441
SACI_RS01065	4.58910180302022	-3.40	1.67600936372532	-2.02663714801175	0.042699534568325	0.088358943556266
SACI_RS01070	7.01928440011215	0.32	1.32891055272608	0.237978389181982	0.811897855679804	0.868106168765329
SACI_RS01075	9.23685276515192	0.39	1.10472650841593	0.354655400120466	0.722847767167123	0.801313741006708
SACI_RS01080	1.84959293018427	3.08	2.5456524142592	1.21130694637759	0.225777787492007	0.333665696577083
SACI_RS01085	45.8827944341648	3.02	0.673357638182542	4.48787175835767	7.19382085025937e-06	3.59260274797384e-05
SACI_RS01090	32.6280132520292	-0.84	0.569328687517457	-1.47996980657712	0.138881304583818	0.227111780437067
SACI_RS01095	70.7650859658725	-0.47	0.441097216924934	-1.07405167399817	0.282799522222936	0.399979878237301
SACI_RS01100	339.932423296606	2.34	0.349825478892489	6.67601139915816	2.45532879627726e-11	2.55968027011904e-10
SACI_RS01105	0.516442106994615	-2.40	4.259286766374	-0.564291631304484	0.572555675878427	NA
SACI_RS01110	16.0716794081404	3.70	1.2445545002811	2.97044658717259	0.00297367111498535	0.00843551602006047
SACI_RS01115	0.526679557753442	-2.34	4.23641129100539	-0.552168437903353	0.580832956391148	NA
SACI_RS01120	4.20271472750383	-3.17	1.5498896475458	-2.04603956294356	0.0407524783632173	0.084686628625224
SACI_RS01125	33.625917187237	-0.25	0.588156233673443	-0.432582050897041	0.665318431529943	0.751863918558228
SACI_RS01130	6.25147729985646	-0.34	1.38612247857517	-0.247960194987319	0.804165204946606	0.861679375921374
SACI_RS01135	57.6062432988422	3.14	0.638350838347987	4.91605782627422	8.83043239607847e-07	5.12615820301353e-06
SACI_RS01140	122.21849418216	3.22	0.511943020897581	6.28970761672343	3.1806446107769e-10	2.89380829678684e-09
SACI_RS01145	38.486958641377	-1.69	0.539095240101692	-3.14012444812465	0.00168876078624397	0.00516575401733011
SACI_RS01150	36.1541468862446	-2.14	0.639862395953481	-3.34017813057354	0.000837246692006447	0.00275630424131596
SACI_RS01155	18.8127277282994	0.95	0.774193812628167	1.22278905732565	0.221409379557003	0.328763363591467
SACI_RS01160	28.0744827629952	3.47	0.927899529330597	3.74488051665629	0.000180479647254955	0.00068211492059199
SACI_RS01165	21.5526738186406	0.57	0.745077694909569	0.771388382528596	0.440476759063769	0.559711960984027
SACI_RS01170	385.796950237455	6.39	0.601299856024486	10.6199140722943	2.40782661475074e-26	8.3671974862588e-25
SACI_RS01175	6.627582567259	-2.94	1.25839631631395	-2.33531448552216	0.0195269979960602	0.0448225220056354
SACI_RS01180	1461.45271301639	4.71	0.351572197815981	13.4026554452637	5.83378828555205e-41	4.56129321576601e-39
prpB	53.3110096959896	1.60	0.533616596478574	3.00303623747128	0.00267300601274529	0.00775853949407044
SACI_RS01195	30.8245990824242	-1.36	0.613537565529731	-2.21106470084995	0.0270313569340424	0.0594904713052427
SACI_RS01200	674.663402916806	1.28	0.282608829729428	4.52243322727485	6.11327748377871e-06	3.08998389180088e-05
SACI_RS01205	1799.06795576186	5.73	0.339742810119616	16.8726561995301	7.1507292139789e-64	2.2363905616719e-61
SACI_RS01210	14.8625226685604	0.94	1.08077645577715	0.86974397851168	0.384440332680762	0.504653574169605
SACI_RS01215	75.757728097677	1.27	0.563196981050893	2.2606102979166	0.0237833995019556	0.0534165759011607
bluB	56.4897917869804	2.80	0.619634634933262	4.52405350647646	6.06663767057118e-06	3.07261689307066e-05
SACI_RS01225	2.4362048114272	-0.25	2.07860680526297	-0.121164543944679	0.903560706997716	0.934563410048899
SACI_RS01230	39.7043234768059	-0.11	0.536909045048002	-0.19807890509479	0.842983329125439	0.893326679149449
SACI_RS01235	54.7229798593266	-1.50	0.480934934076908	-3.109443541194	0.00187440103693119	0.00562995365474409
tatC	30.7332413258379	0.75	0.617482358631597	1.2203426497229	0.222335008223161	0.329712606744295
SACI_RS01245	33.2794247511977	-0.01	0.585795027230859	-0.0113872451153802	0.990914489284831	0.99302377073398
SACI_RS01250	48.5345678389643	1.00	0.528849116124256	1.89664556984574	0.0578747319353642	0.114152820032482
SACI_RS01255	60.7434202448391	-0.48	0.489161286782231	-0.98550403355194	0.324376551129858	0.444463379478043
SACI_RS01260	113.114001666711	1.83	0.44910613165177	4.07821643120011	4.53825102853552e-05	0.00019644816735979
SACI_RS01265	51.7229632357977	-1.54	0.491084183860773	-3.14451707818504	0.00166361200786714	0.00512605571882213
SACI_RS01270	21.1914307640235	-3.35	0.739582586606478	-4.52809285136529	5.9518429190453e-06	3.02672987468523e-05
SACI_RS01275	67.5180408348861	-2.74	0.468695957880984	-5.85444154459834	4.78615510237169e-09	3.76571071262074e-08
SACI_RS01280	70.5640864814764	-1.49	0.426838060305683	-3.49639095344569	0.000471597201342102	0.00164795558346081
SACI_RS01285	10.3515895189522	1.27	1.30017458050315	0.976860219858292	0.328638358065133	0.448965434710126
SACI_RS01290	40.6827024999041	3.06	0.733213192504857	4.16998988050161	3.04613164559947e-05	0.000136584612496234
SACI_RS01295	14.8837125635674	-2.46	0.810397767235237	-3.03969227539955	0.00236819982689473	0.00697907652166149
SACI_RS01300	16.9634493949634	-1.35	0.743549134098389	-1.81348536303894	0.0697569941316519	0.1323214551307
SACI_RS01305	7.23646799520493	-0.50	1.1110282769147	-0.451160445119024	0.651873915691666	0.742033001392425
SACI_RS01310	16.4176563633723	-1.00	0.756430295541484	-1.31787140413285	0.187546699798693	0.288586619247435
SACI_RS01315	13.2159300895442	-1.95	0.84375051118304	-2.31289323410912	0.0207285099134319	0.0471479380030969
SACI_RS01320	21.9895968861742	-2.83	0.783504700974446	-3.61751578145026	0.000297444199750111	0.00107544131181326
SACI_RS01325	33.7940370159646	-2.19	0.595756897683289	-3.68205205381028	0.00023136415456575	0.00085379515445945
thiD	48.0767237446399	-1.48	0.510546225122773	-2.89255327708337	0.00382124367593292	0.0106467167897374
cas4	15.4501031173332	0.62	0.850428929322995	0.727963055173037	0.466636202249814	0.581725848544612
SACI_RS01340	23.6810143345804	-1.51	0.672496978681632	-2.2487059516331	0.0245312102799837	0.0548499447010896
SACI_RS01345	287.522489445427	-1.60	0.31006178915514	-5.15979415849089	2.47221503975686e-07	1.51604951702737e-06
SACI_RS01350	490.314963568771	-1.07	0.28695974323254	-3.73795133578587	0.000185525844652532	0.000700129205611817
SACI_RS01355	25.5283547366213	1.49	0.70748042435069	2.10278177299304	0.0354848500399675	0.0754003270256172
SACI_RS01360	8.38570074402173	-2.52	1.05138639904481	-2.39473991428372	0.016632158423329	0.0388549583334912
queC	18.3639161836578	-1.81	0.737380598498095	-2.45394202707128	0.0141299759181427	0.0334082626178989
SACI_RS01370	75.8658949061117	1.25	0.501768828763188	2.49035075058889	0.0127617082627902	0.0307608806103094
SACI_RS01375	28.4826916361196	-3.14	0.671976071619334	-4.67599590024407	2.92530450278837e-06	1.56057822302271e-05
SACI_RS01380	3.75626437511451	-1.08	1.48650681183818	-0.723226427340396	0.469540785136122	0.583892169190148
SACI_RS01385	10.9996317285699	-1.99	0.921313513686345	-2.16167767846707	0.0306430293465908	0.0661544667808904
SACI_RS01390	197.674020817275	6.49	0.810249342938776	8.00749343775848	1.17069990018265e-15	1.81931127345154e-14
SACI_RS01395	24.2403218866309	2.91	0.876791289056985	3.32019341857178	0.000899551011919791	0.00293822014598344
SACI_RS01400	2.10684918439719	-1.98	1.99210652990735	-0.994298161413599	0.320077730549262	0.440745449551047
SACI_RS01405	29.0044796974934	-0.10	0.617872834211916	-0.161510764981093	0.871691133437644	0.914070082087588
SACI_RS01410	1.37199300801318	-0.37	2.6085930026354	-0.140114931711657	0.888569183173418	NA
SACI_RS01415	25.3455501397099	-2.44	0.644315367743049	-3.79337487580415	0.000148613533523673	0.000573813365549737
SACI_RS01420	46.162185170165	-2.25	0.623893987549846	-3.599194143488	0.000319204822441842	0.00114913736079063
SACI_RS01425	238.714987454685	2.21	0.380676890068312	5.80958772272677	6.26268726175566e-09	4.79181759293965e-08
SACI_RS01430	147.269635230691	3.56	0.523019425225945	6.7974056689898	1.06519848199089e-11	1.14383115963142e-10
SACI_RS01435	5.3590165214877	0.11	1.31581780874631	0.0808010757614301	0.935600152535132	0.958587871270639
SACI_RS01440	540.965969914452	5.72	0.456549246825703	12.5336036960985	4.88896385469132e-36	2.9124256105804e-34
SACI_RS01445	6.45327837377029	1.51	1.32085023014154	1.14343956749351	0.252856132296617	0.363798759635501
SACI_RS01450	11.1364468321887	1.37	1.0269132091479	1.33784770909344	0.180946085929899	0.280359941755224
SACI_RS01455	97.9343703904069	2.96	0.514037573741443	5.76095068774346	8.36414760939824e-09	6.26559799961509e-08
SACI_RS01460	43.9739669334861	-1.29	0.535859083213809	-2.40604992285163	0.0161260608560876	0.0377431284021808
SACI_RS01465	14.4761043960016	-2.75	0.838672060508033	-3.27577916840505	0.00105370917004479	0.00338866368052963
SACI_RS01470	18.4487451528694	2.27	0.904553813731721	2.51493392078082	0.0119054695656561	0.0288918378790218
SACI_RS01475	1.16307019885087	-1.12	2.81662197155937	-0.397703930054761	0.690848440130775	NA
SACI_RS01480	1.23306195345618	2.50	2.9211133639021	0.855367373124806	0.392347800094711	NA
SACI_RS01485	16.6616038086711	-1.48	1.02823425294339	-1.44408807798272	0.148714201218439	0.240208477371551
SACI_RS01490	32.9506233385083	3.41	0.838838941898268	4.06394245007329	4.82507273522468e-05	0.000207785404191603
acs	481.604655509291	0.28	0.283484366539687	0.992938031406609	0.320740154495509	0.44117199920163
SACI_RS01500	1.42150986110083	2.70	2.83098418580578	0.955365207567165	0.339393042257279	NA
SACI_RS01505	51.244839500093	-1.74	0.478775879655832	-3.64197809915092	0.000270551095099087	0.000983893662700457
lipA	77.1275193549592	1.44	0.505257682168711	2.85488598847613	0.00430522810097722	0.0118370117677418
SACI_RS01515	94.4044277462434	3.46	0.550545710982196	6.28090378949191	3.3661041189943e-10	3.02949370709487e-09
SACI_RS01520	11.8631261097661	3.39	1.35827947245933	2.49318292847898	0.0126603602095834	0.0305755031316387
SACI_RS01525	10.8838984308906	-0.49	0.920368325237198	-0.532529981666497	0.594358982220236	0.695550127930323
SACI_RS01530	5.96421052654376	-0.22	1.55764753759261	-0.14380072889707	0.885657827282072	0.919845790650491
SACI_RS01535	34.313992526206	-1.24	0.641500538104532	-1.93349237374981	0.0531755716494272	0.106266198296219
SACI_RS01540	335.179296568383	-1.61	0.311969974585756	-5.17587526903076	2.26844975231262e-07	1.39794612814931e-06
SACI_RS01545	241.92530999564	-1.01	0.31258941562412	-3.2316737029194	0.00123067499197222	0.00392248258587833
SACI_RS01550	182.076234801785	1.00	0.371809230632404	2.6940924675149	0.00705805807967632	0.0181120628875386
fdhD	15.3332786314671	-1.92	0.811363766464327	-2.36418131113335	0.0180699666253782	0.041978696840015
SACI_RS01560	2.69192161831707	-1.83	2.08326738456467	-0.876849071103163	0.380568621668686	0.501764966043375
fdhF	90.2149747277446	-1.34	0.400580523026132	-3.350809318697	0.000805757645670542	0.00267374751918793
SACI_RS01570	11.4579872235199	-0.76	0.920987831754617	-0.82967460934509	0.406722780783525	0.526718632256925
SACI_RS01575	8.45406916418014	-2.47	1.11815536256938	-2.20995007392993	0.0271086274470209	0.0596008663202515
SACI_RS01580	4.80000127701088	-0.78	1.52529741001355	-0.510726105374961	0.609542858385264	0.708349387682272
SACI_RS01585	19.6169547983186	2.66	0.935581226127881	2.84139413743109	0.00449167618562824	0.0122505874030315
SACI_RS01590	734.953004953751	4.37	0.339158613939981	12.8732350171708	6.36781304878725e-38	4.30601844542317e-36
SACI_RS01595	293.595804907419	2.07	0.339689337683272	6.10078022605582	1.05551955471929e-09	8.89195261248369e-09
SACI_RS01600	602.925778722226	3.12	0.313611159936548	9.93453871020709	2.94536016782655e-23	8.66975428223769e-22
SACI_RS01605	281.464240564079	0.84	0.350797863210912	2.38850624920079	0.0169170206195626	0.0394467712862494
SACI_RS01610	1363.18123137567	3.01	0.280710806612525	10.7133381486643	8.81256841096139e-27	3.19551393684426e-25
SACI_RS01615	222.708720125415	-1.22	0.357390778983656	-3.41978517071614	0.000626706068770738	0.00213626510090516
SACI_RS01620	664.345705557261	-0.35	0.271302345545786	-1.29126097101392	0.1966131993058	0.29985465226072
SACI_RS01625	542.863131373198	2.69	0.364680933327019	7.38143149131002	1.56596589092576e-13	1.96886766788756e-12
SACI_RS01630	11857.968189407	5.28	0.2825403784568	18.6955763283865	5.37861545787683e-78	3.36432396890196e-75
SACI_RS01635	236.422856969752	2.45	0.399372404107202	6.1222712446399	9.22508051285863e-10	7.85073178339193e-09
SACI_RS01640	101.238878194534	1.95	0.447122077110246	4.35206867244157	1.3485900402252e-05	6.41477619894191e-05
SACI_RS01645	112.971160637604	2.05	0.441543227612532	4.64826417858653	3.34740026933387e-06	1.75949484745239e-05
SACI_RS01650	119.776817084544	2.04	0.421106177836518	4.84450267430895	1.26929208600219e-06	7.18499728320698e-06
SACI_RS01655	151.368588449706	2.08	0.388430392389712	5.34951428582288	8.8190599681131e-08	5.77625341366989e-07
SACI_RS01660	7.72232870330649	-0.55	1.0755562718329	-0.513699837971596	0.607461865264486	0.706916086926393
SACI_RS01665	10.1105090427095	-0.45	0.986079195340381	-0.455604071210789	0.648674715020975	0.739140157857256
SACI_RS01670	4.26681522115728	2.77	1.84695185794599	1.50212333210738	0.133065260184897	0.219900449790364
SACI_RS01675	10.7983461354633	1.82	1.10170330072816	1.65378238846674	0.0981717355780859	0.174079151251857
SACI_RS01680	92.4649107576043	1.95	0.488346760919306	3.99094530133362	6.58104587386966e-05	0.000273517886651527
SACI_RS01685	97.5379324225137	2.15	0.457253682029699	4.6983738443042	2.62241092371144e-06	1.41102626475828e-05
SACI_RS01690	22.9714240035171	-0.55	0.762829607090958	-0.722724587202674	0.469849106759075	0.583985327924097
SACI_RS01695	3.22145498481402	1.26	1.83263469029699	0.690042753406727	0.490167301696149	0.602609502689647
SACI_RS01700	3.27035660075336	2.35	2.02073415556473	1.16401253705443	0.2444189311081	0.35595818721331
SACI_RS01705	94.4741676334646	2.34	0.473083744310999	4.94721205178547	7.52839505581322e-07	4.40094496019735e-06
SACI_RS01710	28.5695056028859	-1.45	0.610354032948986	-2.37850332593881	0.0173830801074595	0.0404957787978245
SACI_RS01715	42.1435270069083	-1.71	0.519134887879522	-3.28957005894606	0.0010034057356497	0.00324356737803042
SACI_RS01720	5.36604683312155	-2.56	1.49996239292793	-1.70774388235667	0.0876838758589297	0.160135078393461
SACI_RS01725	5.89272639087499	-2.50	1.36220120604759	-1.83380121815843	0.0666835068566313	0.127801324207228
SACI_RS01730	7.02420709353423	-3.08	1.23917558233428	-2.48514635360177	0.012949818318804	0.0310944773835389
SACI_RS01735	85.1897700584798	2.95	0.526145633076017	5.61171741224051	2.00328390721377e-08	1.40792593703619e-07
SACI_RS01740	37.3368189228796	2.62	0.697901573697792	3.76059928327365	0.000169506780609992	0.000643559886322003
SACI_RS01745	155.308646365867	1.62	0.426410479536171	3.79618408464793	0.000146940404442912	0.000569043937706168
SACI_RS01750	1.1424643439498	-1.59	2.70238545850174	-0.589536856569843	0.55550119550505	NA
SACI_RS01755	9.1274479459298	1.52	1.21746305386006	1.24702431346236	0.212388582713872	0.319156897267332
SACI_RS01760	145.434672638303	1.20	0.368166503425759	3.26304261393739	0.00110222944693092	0.00354015157409649
SACI_RS01765	108.779601947212	2.63	0.465336776768745	5.64931181518036	1.61091423492205e-08	1.15819178614223e-07
SACI_RS01770	866.853944000681	2.69	0.421774864941331	6.36745057823086	1.92195948094713e-10	1.80779797794351e-09
SACI_RS01775	124.804048433464	2.66	0.457695978947807	5.81792232049644	5.95835777605066e-09	4.58701881713192e-08
SACI_RS01780	199.952973652691	5.13	0.582487725248287	8.80611051091693	1.29563309444281e-18	2.63550731893977e-17
SACI_RS01785	34.6581106096805	-2.47	0.591599884113363	-4.17304432122672	3.00556445875994e-05	0.000135250400644197
SACI_RS01790	11.872979033101	-1.55	0.935640125729733	-1.65448056908743	0.0980299081467522	0.173950943392322
SACI_RS01795	42.0064860211512	-1.05	0.551699745741974	-1.89647204347877	0.0578976533258271	0.114152820032482
SACI_RS01800	71.6256980501874	-0.87	0.430349816491903	-2.01557066595432	0.043844889751725	0.0903623675113805
SACI_RS01805	107.151099844117	-1.35	0.407773227774482	-3.31171894144668	0.000927246516147347	0.00302473374628509
SACI_RS01810	58.1628363282589	6.65	1.39805967076065	4.7586082319375	1.94932360813003e-06	1.06722268436353e-05
SACI_RS01815	191.051102953837	5.65	0.678505864828133	8.32959572561913	8.11188831086775e-17	1.39013318861583e-15
SACI_RS01820	163.726786230456	-1.53	0.33659171663646	-4.55383226639904	5.26773632748927e-06	2.70079432200372e-05
leuS	201.989386055175	-1.03	0.331515824533151	-3.11499869800328	0.00183945721803563	0.00556481219815087
SACI_RS01830	38.8426777219719	-1.34	0.572229946306902	-2.33790573463111	0.0193921387231702	0.0445562251943353
SACI_RS01835	21.395645720271	-0.97	0.714349981443463	-1.36485335712166	0.172299144649502	0.269601288250816
SACI_RS01840	34.7864202610962	3.56	0.84175314998364	4.23191667717359	2.31708253249274e-05	0.000106568759123103
priX	37.4962305027761	1.40	0.603852877115911	2.31030760534394	0.0208711301772587	0.0474292168060866
SACI_RS01850	49.4923735418313	-0.05	0.494044748547394	-0.0997543135266234	0.920539379583053	0.945285534329541
SACI_RS01855	26.7062449095842	-0.77	0.619715386988475	-1.24784726752748	0.212086994962691	0.318895229204719
sfsA	6.91748077231717	-0.93	1.16627178773631	-0.795686906372764	0.42621403919575	0.546865397983471
SACI_RS01865	7.76090898136317	-1.69	1.11920944985654	-1.5117000780391	0.13061017877573	0.21612874821222
SACI_RS01870	0.965746268127441	2.14	3.252526349921	0.658827887829558	0.510006296924008	NA
SACI_RS01875	71.6439715700029	2.46	0.570856247005099	4.31525887168828	1.59415977714984e-05	7.48327910399419e-05
SACI_RS01880	42.9358593857747	-1.78	0.559092915839405	-3.18966467113605	0.00142437963761944	0.00446591209689703
SACI_RS01885	39.177034305726	-0.78	0.535530431545612	-1.44973345294431	0.147132863198132	0.238423849560703
SACI_RS01890	123.067969570071	-2.28	0.369845029623382	-6.15394897875454	7.55770070265234e-10	6.52047143380557e-09
SACI_RS01895	274.439143698362	3.22	0.427754444964916	7.53651986137945	4.82679483516191e-14	6.42374504126335e-13
SACI_RS01900	9.97052282459433	0.60	1.04908600643536	0.575643168339969	0.564856396321357	0.668845576713694
SACI_RS01905	7.27263168202339	-1.25	1.38460908462576	-0.903509308413038	0.366255650217764	0.488663966141078
SACI_RS01910	6.91647267501859	-1.47	1.14053753143889	-1.286631928028	0.198222609722661	0.301674555672809
SACI_RS01915	9.8628750021071	0.28	1.03358756157404	0.272504663600275	0.785234005880739	0.850132186375426
SACI_RS01920	32.6833076531795	3.40	0.837693330153178	4.054078524459	5.03323086010748e-05	0.000214900061638036
SACI_RS01925	30.5148043921324	-2.71	0.808543373579449	-3.34689783849004	0.000817213216701781	0.00270458659813208
cobM	35.9103303943293	-1.85	0.549308811683734	-3.37637219001232	0.000734484879262938	0.00246337958165666
SACI_RS01935	85.8027649736577	1.15	0.448978732713519	2.55812495589282	0.01052382694366	0.0259159596585013
cbiT	32.5491981644265	-2.24	0.58358477726058	-3.84135623797089	0.000122356389394127	0.000479836498846559
cbiD	28.3635280260817	-1.03	0.63228821376657	-1.62731955409802	0.103669247018443	0.180878979107492
SACI_RS01950	16.7346225640767	-2.24	0.839336632719796	-2.66919646518689	0.00760329615046681	0.0193918929342181
SACI_RS01955	44.7072565456863	1.25	0.553479214374271	2.2584252832324	0.0239191579201049	0.0536733032431412
SACI_RS01960	6.38043281042148	-0.91	1.16852848857295	-0.7751299940091	0.438262849640689	0.558032391756236
cbiG	19.1812401370012	-1.09	0.712293329132838	-1.53006820195046	0.125999848081456	0.210167746599869
SACI_RS01970	46.3473364277391	-2.12	0.593043268731689	-3.57695737854273	0.00034761682607979	0.00123894202115617
SACI_RS01975	175.834521489359	2.46	0.411748825516278	5.98655338138713	2.14334265778395e-09	1.74678935823304e-08
SACI_RS01980	107.930332458391	2.78	0.49437468165295	5.62160101733514	1.8919581462938e-08	1.34098563230229e-07
SACI_RS01985	116.105147478958	1.14	0.438466949196938	2.6021109845201	0.00926518630262483	0.0231005442390683
SACI_RS01990	1.46035204592436	-2.59	2.60605287744975	-0.994338869168178	0.320057918454516	NA
SACI_RS01995	6.47449946581968	2.17	1.44446497126387	1.4996417286222	0.133707232372097	0.220677753757264
SACI_RS02000	80.4681267021675	1.68	0.460196910320047	3.64003896806285	0.000272596783288466	0.000989894269648391
SACI_RS02005	26.9232975512936	-1.03	0.614642951758163	-1.68042810785009	0.0928740510700745	0.167173291926134
SACI_RS11520	95.8155182197769	5.36	0.822492769819795	6.51961856979634	7.04864022651733e-11	6.86213923997912e-10
cobS	30.2555389384212	4.76	1.18891901449814	4.00594453101479	6.17701448423421e-05	0.000258875883409615
SACI_RS02015	283.556591605973	4.95	0.498420302849062	9.92773374138063	3.15340921107091e-23	9.17422075127839e-22
SACI_RS02020	22.018546617894	-0.31	0.68022362877087	-0.457538322410548	0.647284163884243	0.739140157857256
htpX	1234.23950598313	4.93	0.328354851788635	15.0293595277435	4.71542833104685e-51	6.20947457067328e-49
SACI_RS02030	7.67628089611066	0.36	1.12419720496205	0.322917076860023	0.746758043107641	0.819215036891473
SACI_RS02035	3.87397433762213	-5.20	2.04913391191342	-2.53796760061846	0.0111498306180746	0.0272962505128252
SACI_RS02040	40.0180658729326	1.71	0.609996625764288	2.80663406175611	0.00500620764208248	0.0134683134628929
SACI_RS02050	60.8705860179866	2.14	0.536207919200079	3.99134663774355	6.5699168566466e-05	0.000273509683449747
SACI_RS02055	37.4998305020513	1.85	0.634745349230634	2.9155439036555	0.00355069146002558	0.00997062854431426
SACI_RS02060	64.3620477714056	-2.34	0.462608843466518	-5.05103734462701	4.3941714285985e-07	2.64284060441189e-06
SACI_RS02065	33.4061492266583	-0.64	0.613754882809665	-1.04818156243113	0.294554963603171	0.41240991546454
SACI_RS02070	330.862898474667	3.27	0.379975617898678	8.6062932686855	7.54610547797037e-18	1.45233506968322e-16
SACI_RS02075	1.66914390170324	-1.73	2.30782744142893	-0.751567872470636	0.452310969940678	0.571268070061371
SACI_RS02080	6.90759665193981	-0.72	1.18673978893442	-0.605926000800249	0.544563892918997	0.651601559102502
SACI_RS02085	24.7990109175871	-2.29	0.654568652428793	-3.4923009017327	0.000478878451869199	0.00166873800358877
SACI_RS02090	53.3736989867988	3.11	0.656913792930605	4.73732751560229	2.16555033835977e-06	1.17787107534264e-05
SACI_RS02095	5.95731116829333	2.01	1.47074904254453	1.36839989498312	0.171186937113076	0.268364484120875
SACI_RS02100	691.428968299332	1.32	0.352285752876457	3.73540755833903	0.000187411416111724	0.000706179763722188
SACI_RS02105	96.409439190886	2.14	0.477573314001115	4.48681688921653	7.22951573074914e-06	3.6032367247678e-05
SACI_RS02110	29.8395417404461	2.98	0.805661325866028	3.70096235249905	0.000214783344219155	0.000799869219587906
SACI_RS02115	16.560140350945	0.16	0.81150248315369	0.196904394534635	0.843902354664014	0.893921969250366
SACI_RS02120	10.4147346053884	-0.68	0.982959414831984	-0.689507696625381	0.490503831456218	0.602609502689647
SACI_RS02125	9.1790751261338	0.59	1.09274015358577	0.540181670238176	0.589071752240402	0.690654884772955
SACI_RS12010	6.49075913091378	-0.41	1.18265145628798	-0.347637342535067	0.728112558140597	0.805009995787793
SACI_RS02130	18.4171639894041	-0.67	0.72089270006998	-0.929540718524572	0.352608933353867	0.47406101625544
SACI_RS02135	583.606213601315	5.88	0.467926625875187	12.5572172619446	3.62871814781769e-36	2.21440312337558e-34
SACI_RS02140	64.0190044655089	4.06	0.782761087981505	5.1877969438558	2.12796445707519e-07	1.32113326838762e-06
SACI_RS12015	12.4739494690072	0.94	0.997203136589332	0.943031247930289	0.345664919972636	0.466228371844493
SACI_RS02145	35.3285489866582	-1.08	0.554873489752259	-1.94257051589264	0.0520680721929245	0.104219453301358
SACI_RS02150	272.316914409308	3.44	0.396447946225229	8.67409776393947	4.16842099052086e-18	8.34351145462655e-17
SACI_RS02155	7.70817665642417	2.72	1.45633364068435	1.8703616614601	0.0614336121335151	0.119337653383583
abfR1	19.6364750888546	-1.87	0.815051989254788	-2.30044810578755	0.0214228461030757	0.0485947062102405
SACI_RS02165	101.993745144083	5.14	0.763866579362383	6.72611080822149	1.74257881980831e-11	1.83963384268371e-10
SACI_RS02170	60.927384047844	5.78	1.13697740734911	5.08398897501812	3.69589400710826e-07	2.24278355651691e-06
cbp1	35.3311277283223	0.21	0.633607925058913	0.326648886247621	0.743933464064295	0.817444675928356
SACI_RS02180	93.6669172737979	1.49	0.468749750717696	3.18467951837946	0.00144914397166628	0.00453787010902256
SACI_RS02185	756.609283351824	-0.31	0.336122682752091	-0.908370783951583	0.36368235622423	0.486595323675413
SACI_RS02190	19.9913952888364	0.55	0.789574235198292	0.694149570366572	0.487588414468696	0.60036723080742
SACI_RS02195	59.6443312029307	2.74	0.614164760453899	4.45764108217856	8.28664977407652e-06	4.09226797486041e-05
SACI_RS02200	11.3330245723804	0.72	0.9608298787937	0.752363989978471	0.451832195757265	0.571268070061371
SACI_RS02205	2.90084442747937	-1.40	1.79575712092898	-0.781304981064907	0.434623141205885	0.554244189244202
SACI_RS02210	269.322946450106	1.56	0.349131941501693	4.46035852871044	8.18226560287089e-06	4.06191042428234e-05
SACI_RS02215	18.9522740200047	0.81	0.773063297911449	1.05051991568424	0.293479139336723	0.411621352744531
coaBC	27.3079615360221	0.41	0.638872078787019	0.63648870332279	0.524457941670786	0.631165834564843
SACI_RS02230	28.5178117760523	4.09	1.03610742359815	3.94427616894434	8.00413742989596e-05	0.000326694157415982
SACI_RS02235	20.2617344698253	5.12	1.47849224329448	3.46168697817183	0.000536801096804432	0.00184488508819325
SACI_RS02240	35.8410993618454	2.52	0.705888195851758	3.5647660469053	0.000364180884444839	0.00129245471330637
SACI_RS02245	22.9926762926089	1.66	0.752501286345618	2.21258601307208	0.0269262002083142	0.0594086004596139
SACI_RS02250	10.5580118497524	0.31	0.964369336430374	0.320290406209752	0.748748195148242	0.819854697707178
SACI_RS02255	7.52452048881817	-0.22	1.1824989543883	-0.187591219477883	0.851197109889733	0.898984875029173
SACI_RS02260	2.30628073333241	-0.19	1.89546883091647	-0.100401323259066	0.920025719267645	0.945285534329541
SACI_RS02265	1.41052621981027	0.86	3.10364642761642	0.277189329537994	0.781634732541959	NA
SACI_RS02270	9.29194628234317	5.41	1.7236943208978	3.13927247042185	0.00169367885568632	0.00517409584484394
SACI_RS02275	311.302595310812	2.52	0.38525591431691	6.53805800281249	6.23227560418644e-11	6.11496218104881e-10
SACI_RS02280	259.988406908518	3.21	0.38728704774335	8.28641748547975	1.16710598693962e-16	1.973039986029e-15
SACI_RS02285	717.895223414837	3.68	0.347543770626288	10.6002330081133	2.97238725914035e-26	9.91588389649219e-25
SACI_RS02290	6.69067496361388	0.27	1.19458122123059	0.22326869098157	0.823326393220467	0.877326505893359
SACI_RS02295	2.65549602473176	0.22	1.89269551909749	0.11666450509828	0.907125918974845	0.937088789956673
SACI_RS02300	0	NA	NA	NA	NA	NA
SACI_RS02305	2.50334275728899	-2.45	2.02781256075901	-1.2076260636054	0.227191129194931	0.335358233183314
SACI_RS02310	0.318502939122871	0.54	4.85561043946176	0.111836078731415	0.910953380264078	NA
SACI_RS02315	50.8445268348739	2.25	0.745295687983172	3.01790739636265	0.00254526669163122	0.00743087195153011
SACI_RS02320	0.308265488364044	0.50	4.85779841859298	0.102687507632627	0.9182109886927	NA
SACI_RS02325	0.715127465398094	-0.87	3.75973729753589	-0.230101145069569	0.81801317512873	NA
SACI_RS02330	0.219160259921132	-0.00	4.88771254157446	-0.00016888094915994	0.999865252498692	NA
SACI_RS02335	2.17622570185419	-0.38	1.99331616278915	-0.191837581215592	0.847869432098207	0.897364348185158
SACI_RS02340	15.1225488443931	0.20	0.828228201934858	0.239926596464635	0.810387161965435	0.866861342128054
SACI_RS11795	0	NA	NA	NA	NA	NA
SACI_RS02345	1.24255321368327	0.58	2.60011606892957	0.223172367269947	0.823401357330025	NA
SACI_RS02350	5.47958029273882	0.64	1.34588521753858	0.476740267626024	0.633547085017037	0.727793758821225
SACI_RS02355	5.96008671373482	-3.45	1.41681145382573	-2.43713433311565	0.0148041786204092	0.0348776411565572
SACI_RS02360	2.41511467276124	-1.19	1.80672063363465	-0.658939472397992	0.509934637293204	0.617848165863243
SACI_RS02370	38.2305128844496	1.68	0.615101133206222	2.72471697302807	0.00643566289245083	0.01677294641345
SACI_RS02375	3.55832520724277	-0.56	1.5209351146514	-0.368407654479657	0.712569290770273	0.793434964622707
SACI_RS02380	1.03363040452096	0.16	2.77623178263873	0.0590415933500417	0.952918979173426	NA
SACI_RS02385	36.1826462401465	-0.18	0.60701852783274	-0.290492675761131	0.771439353227504	0.838215741320833
SACI_RS02390	58.7805673784768	1.80	0.59129432802681	3.03993912651864	0.00236625969818025	0.00697907652166149
SACI_RS02395	6.12695457512682	1.10	1.38507591937896	0.793437943421736	0.427522711408892	0.548263364400332
SACI_RS02400	28.8204250459153	0.04	0.614617115216107	0.0641396867268787	0.948859001448177	0.966630790563249
SACI_RS02405	36.5600790292821	-1.04	0.660050072998956	-1.56811449100381	0.116854415266423	0.198755776340306
SACI_RS12020	2.17697189238592	1.03	2.25223623680492	0.456707858930753	0.647881041336036	0.739140157857256
SACI_RS02410	6.29268900965861	-0.19	1.1858707247072	-0.163373330763057	0.87022449971967	0.913158612488542
SACI_RS02415	18.0248829440313	1.40	0.887320019479683	1.57915894133351	0.114299604996133	0.196143766598303
SACI_RS12025	8.47326090131978	1.79	1.24857771075996	1.43591728477167	0.151025879443399	0.243627820997669
SACI_RS02420	45.9398202588294	5.23	1.12363302129588	4.65816496704037	3.19040510230498e-06	1.69118507753539e-05
SACI_RS02425	5.02790660662737	-1.68	1.58148639368166	-1.06034140972006	0.288989306745204	0.406894341855094
SACI_RS02435	0.328740389881698	0.59	4.85354232142934	0.120751328958657	0.90388800177812	NA
SACI_RS02440	1.98913922188958	1.50	2.24354810161081	0.667500990683417	0.504452177086399	0.61415751692088
SACI_RS11495	0.219160259921132	-0.00	4.88771254157446	-0.00016888094915994	0.999865252498692	NA
SACI_RS12030	11.2624175806268	0.14	0.939651125401462	0.148841268241595	0.881678885964732	0.918982014657799
SACI_RS02455	49.4059328548453	1.45	0.545474953644577	2.66255296901904	0.00775503629910076	0.0197386580064599
SACI_RS12035	0.616530976728088	1.50	3.78483744836143	0.395969010333596	0.692127889866786	NA
SACI_RS02465	15.8398809754393	-0.87	0.994500518821829	-0.878559353712798	0.379640242550616	0.501245322882132
SACI_RS02470	1.25204447391036	-1.17	2.56530386965001	-0.455783599019553	0.648545599136545	NA
SACI_RS12165	0	NA	NA	NA	NA	NA
SACI_RS02475	0.606293525969261	1.48	3.88802477251072	0.379572753302819	0.704262589426749	NA
SACI_RS11530	0.954147389688569	-2.76	3.54576187965529	-0.777292506936599	0.436986214838539	NA
SACI_RS02480	0.417099427792876	-3.82	4.97282890929389	-0.768590127045809	0.442136668375574	NA
SACI_RS11535	3.0292761245107	-4.87	2.46160919282748	-1.98022259564379	0.0476785219490702	0.0969063053749584
SACI_RS02495	20.6781043725392	-2.28	0.754432936614546	-3.02080212983554	0.00252106050589098	0.00737741916460728
SACI_RS02500	3.5809077269722	1.46	1.79625588255255	0.812570203270348	0.416464521000729	0.536179984304784
SACI_RS02505	9.83475455180728	1.13	1.06380764072651	1.06092263757389	0.288725060514754	0.406894341855094
SACI_RS02510	5.57558487943216	-1.52	1.32789077471932	-1.1479803570981	0.250976672908922	0.362123620791418
SACI_RS02515	1.4617134736044	0.91	2.45977557235387	0.371856282311235	0.709999856350305	NA
SACI_RS02520	4.85131948418844	-0.69	1.40957098595515	-0.487801544942003	0.625690416995903	0.722083682344903
SACI_RS02525	12.6013287113849	-0.60	0.876271246096697	-0.681021873583382	0.495857649913688	0.605779218791038
SACI_RS02530	131.893260985835	1.48	0.462666123250097	3.19782615606063	0.00138467727471412	0.00435781451740218
SACI_RS02535	7.2620352770613	2.37	1.42437195533076	1.6640764068141	0.0960971612418784	0.171250069392578
SACI_RS02540	2.4938514970619	-1.17	1.95500827039397	-0.596288658148246	0.55098240660034	0.658117202955997
SACI_RS02545	2.42473688637175	-2.63	1.97615753226085	-1.33074392431219	0.183273284781451	0.283230239977263
SACI_RS02550	3.22145498481402	1.26	1.83263469029699	0.690042753406727	0.490167301696149	0.602609502689647
SACI_RS02555	0	NA	NA	NA	NA	NA
SACI_RS02560	5.56639988332694	1.22	1.41670400894104	0.857936657711934	0.390927440996399	0.510757418993728
SACI_RS02565	15.5202785154033	-1.28	0.841951106445569	-1.52460273353942	0.127358215185604	0.211868520209031
SACI_RS02570	31.1166804600916	1.10	0.66786425267742	1.64924635487975	0.0990971748546455	0.175223414477967
SACI_RS02575	49.4251261356251	-1.72	0.51969009332618	-3.30127373343541	0.000962469308215812	0.00312740027163112
SACI_RS02580	46.9510033495491	-1.82	0.53059870355524	-3.43725056982579	0.000587651692056462	0.00200861275071758
SACI_RS02585	23.5583034153487	-2.04	0.686838550946969	-2.9711041505634	0.00296731131572831	0.00842702941197756
SACI_RS02590	4.30328788100219	-1.21	1.65001996171202	-0.733228858323872	0.463418857003291	0.579447266477878
SACI_RS02595	4.9082199792914	-1.80	1.36290475100805	-1.32311199866092	0.185798135093223	0.286485013373066
SACI_RS02600	33.459271702843	-0.87	0.631926680895123	-1.36957056597742	0.170820992943565	0.268126803227603
SACI_RS02605	45.2372741959481	1.48	0.561191697943052	2.63420907805843	0.00843335396851929	0.0212348469869064
nadC	9.16045155988288	-1.51	1.06585061015685	-1.41512414072977	0.157032101297832	0.250196854262387
SACI_RS02615	4.29331233701021	-1.09	1.38958921778364	-0.784241765602397	0.432898262522935	0.55288997081796
SACI_RS02620	5.25558955924582	-4.55	1.61149793542421	-2.82157516964786	0.00477884364997824	0.0129401155976684
SACI_RS02625	10.3818702775452	-3.71	1.17198556692311	-3.16804506408629	0.00153467730110126	0.00478535495620811
SACI_RS12170	24.1975873949585	-1.52	0.686308551914556	-2.21131773196925	0.0270138422810868	0.0594904713052427
SACI_RS02635	24.7805078533115	-2.87	0.815642502893044	-3.51805491463272	0.000434722391838225	0.00152763402300455
SACI_RS02640	10.4808200965966	-3.55	1.02053967925259	-3.47654162425917	0.000507925378484536	0.00175286799581836
SACI_RS02645	8.42348214146528	0.81	1.14131374831184	0.707004655348202	0.479563584771654	0.592527451406755
SACI_RS02650	6.3693182157475	-1.43	1.17227283323174	-1.22214219619332	0.221653858501822	0.328931170801636
SACI_RS02655	15.1715031504138	-2.29	0.805737832993923	-2.84117103741476	0.00449481983852234	0.0122505874030315
SACI_RS02660	42.0425894813975	-0.10	0.561526546747485	-0.172629744746518	0.862942469973918	0.910227902511076
SACI_RS02665	7.81218012228113	-0.17	1.09690539735519	-0.157476925536981	0.874868991744046	0.916250404915698
SACI_RS02670	17.2184670775811	-2.85	0.814983265961753	-3.50093177124373	0.000463634525958896	0.00162239662090791
SACI_RS02675	53.5514479905862	-5.07	0.631917652752502	-8.01622181194268	1.09047504038594e-15	1.70523034440351e-14
SACI_RS02680	58.0949440315021	-2.70	0.670764663481835	-4.02006857401302	5.81812037605791e-05	0.000246310273788442
SACI_RS02685	8.35902560852579	0.80	1.16371863107835	0.684137556955789	0.493888308051451	0.604554083534604
SACI_RS02690	22.595127556159	2.28	0.818849058432918	2.78982691807368	0.00527362254396778	0.0141109325181587
cedA2	61.2070945773075	3.61	0.677715339032863	5.31971245586404	1.03931382319898e-07	6.77177912928088e-07
cedA	943.252541515943	5.53	0.377952654803949	14.6366842376789	1.63866979143667e-48	1.70831325757273e-46
cedA1	133.585963972145	3.26	0.498365494336326	6.54747273818926	5.85188988875156e-11	5.83203633843016e-10
SACI_RS02705	26.5767524251729	0.61	0.648465177526124	0.939139910609136	0.347658915491756	0.46841281990327
SACI_RS02710	29.7544349952505	2.38	0.897539750129263	2.6474090103122	0.00811111842208587	0.0205560625341093
SACI_RS02715	235.744729559518	4.32	0.506499781006479	8.52161333614743	1.5734593568855e-17	2.91614467476112e-16
SACI_RS02720	234.163903588668	2.13	0.36905980897058	5.76250001170203	8.28770372901982e-09	6.22697739639868e-08
secY	1862.47826804205	3.81	0.29388164352813	12.9528963713109	2.26253663665465e-38	1.57246296247498e-36
SACI_RS02730	206.229637144821	-1.34	0.333608643919638	-4.01901950268552	5.84408339019449e-05	0.000246991497335585
SACI_RS02735	213.508742805456	-2.20	0.32117335804636	-6.85863143620269	6.95233486283411e-12	7.59595712961176e-11
SACI_RS02740	264.063303844572	-3.09	0.326777182248269	-9.45299269253236	3.29278941050597e-21	7.99860107289897e-20
SACI_RS02745	85.5524260807754	-2.91	0.415802767994496	-7.00999304531739	2.38329971293868e-12	2.71046176444208e-11
SACI_RS02750	186.24404111828	-4.42	0.365274424758164	-12.0918657410868	1.16608156961631e-33	5.95415527995919e-32
SACI_RS02755	117.691164977797	-3.46	0.426600440766666	-8.11229121660406	4.96740756833192e-16	7.96695752305542e-15
SACI_RS02760	64.5471602954464	-3.59	0.485360296333847	-7.40192672209765	1.34222567367984e-13	1.69608516946816e-12
SACI_RS02765	76.9833781421742	-4.40	0.522478742370665	-8.41336141196121	3.98424948571781e-17	7.12042300947568e-16
SACI_RS11545	77.1885616659514	-2.81	0.42943562536011	-6.54839354437819	5.81592920448454e-11	5.83203633843016e-10
SACI_RS02770	130.771585992417	-2.74	0.36593795035237	-7.48332270674805	7.24666431118172e-14	9.44330943050868e-13
SACI_RS02775	219.123358340763	-2.40	0.320607356466242	-7.49000980576391	6.88684684968944e-14	9.06888990416999e-13
rplX	96.4347095099455	-3.98	0.436553999341075	-9.10546114592873	8.59007259013603e-20	1.88529487899301e-18
SACI_RS02785	129.166511387324	-3.23	0.392480235507786	-8.217510402145	2.07771221741908e-16	3.4426728264785e-15
SACI_RS02790	158.842400944243	-1.94	0.394887601225474	-4.90225027862803	9.47450174527637e-07	5.46195892692996e-06
SACI_RS02795	47.235233466889	-2.25	0.503960730119039	-4.45607069319838	8.34755154713661e-06	4.11133345884563e-05
rpmC	39.9586089254401	-3.22	0.556151099190045	-5.79375533391648	6.88297103260206e-09	5.21854349199102e-08
SACI_RS02805	186.009214937374	-2.72	0.334737568418876	-8.14012595321131	3.94866901388442e-16	6.41530511216806e-15
SACI_RS02810	62.1830935903695	-2.03	0.455061690358407	-4.46308652321605	8.07874114998443e-06	4.01849112470399e-05
SACI_RS02815	360.97295816921	-2.04	0.318935416956917	-6.39831592590396	1.57099980658481e-10	1.48326094946234e-09
SACI_RS02820	589.113141329569	0.11	0.3037805375392	0.363627346171881	0.716136303451273	0.79613309933523
SACI_RS02825	30.4587395985068	-3.32	0.695815964390392	-4.76758670244767	1.86445766658626e-06	1.02299848285062e-05
rpl4p	232.916979964766	-0.47	0.332042578397059	-1.42001567489604	0.155603117698669	0.248925192124085
rpl3p	258.567469864408	-0.65	0.317705957864935	-2.04912038743056	0.0404503443826402	0.0841986369761778
SACI_RS02840	17.4689022368456	-0.04	0.788365568549759	-0.0445306564541081	0.964481415890501	0.975791549760628
ileS	219.087469721024	-2.64	0.328969052510149	-8.03559869130048	9.31230692701586e-16	1.46895391869217e-14
SACI_RS02850	11.9756154474561	-1.46	0.888281795993941	-1.64452037464643	0.100068759222007	0.176070348504544
SACI_RS02855	33.3419718409799	5.85	1.43178894842072	4.08232429589144	4.45875195652331e-05	0.000193677038111481
SACI_RS02860	711.543823745502	2.88	0.318840337417069	9.02605537773066	1.77971508031482e-19	3.77359926351498e-18
SACI_RS02865	599.322459450121	-1.16	0.282293455901482	-4.11418614718263	3.8854780578295e-05	0.000171454428583587
SACI_RS02870	610.357375800695	4.18	0.365585723095137	11.4389489747041	2.67101601878741e-30	1.1522210481045e-28
SACI_RS02875	168.944723580808	0.90	0.351632297306549	2.55680609414805	0.010563808506629	0.025988838626928
SACI_RS02880	7.0173077352838	-0.61	1.11856149541458	-0.543676879613629	0.586663845255067	0.689628795082893
SACI_RS02885	6.38891597334999	-1.96	1.27938560914345	-1.53352177092189	0.125147346694558	0.209164102491505
SACI_RS02890	27.2627126094394	-0.52	0.621672937333955	-0.832876913913039	0.404914150973645	0.525191915881835
rrp42	67.5127543596745	-2.00	0.484501711384861	-4.13748606971661	3.5113175956676e-05	0.000156044700255068
rrp41	61.4898863412929	-1.69	0.448661949585047	-3.77601349420912	0.000159358361367655	0.000613359324022278
rrp4	54.2912524336129	-2.18	0.47254083005659	-4.61972240089367	3.8425380255614e-06	2.00455328749196e-05
SACI_RS02910	84.6306918448767	-1.40	0.431853817536646	-3.24370097402292	0.00117987541169308	0.00377499780058324
psmA	234.684261423401	0.86	0.324776191351882	2.63997643767129	0.00829117914648888	0.0209329265635875
SACI_RS02920	118.425464043392	2.75	0.462166856697751	5.94216624840728	2.81279933204265e-09	2.25564869511882e-08
SACI_RS02925	1641.99567588669	6.20	0.387312751700719	16.0155360793747	9.95450729418928e-58	2.26419793182378e-55
SACI_RS02930	230.245466619805	4.75	0.508450017576564	9.33934701328414	9.69300540699751e-21	2.26653266619699e-19
SACI_RS02935	548.902387142026	0.87	0.305453183267279	2.84952692560357	0.00437842995510712	0.01199872042462
SACI_RS02940	14.1735465251246	-0.92	0.824869592235659	-1.11145376051821	0.266373082738707	0.379752394878772
SACI_RS02945	137.110079293081	1.97	0.412456579010993	4.77936112366582	1.75853090411552e-06	9.7557523771553e-06
SACI_RS02950	63.90210205172	-1.35	0.485709475037272	-2.77156934496232	0.00557867884040643	0.0147747640352252
SACI_RS02955	9.60790438574897	1.02	1.12760611622005	0.903236631927989	0.366400319936316	0.488663966141078
SACI_RS02960	5.7599872375699	3.24	1.74141131504203	1.86116918540207	0.0627202884633014	0.121459877504009
SACI_RS02965	12.8603309207017	4.45	1.54610841877996	2.87794499462897	0.00400274926102211	0.0111152926205076
SACI_RS02970	166.681804192969	3.01	0.41955164953446	7.16562190504995	7.74342156574702e-13	9.40487415412575e-12
SACI_RS02975	178.728597939178	0.77	0.380128538285669	2.0255190668475	0.0428140926329605	0.0884565316000556
SACI_RS02980	82.3457776885668	0.33	0.441024853065605	0.748544146120747	0.454132007513567	0.572521362642293
SACI_RS02985	0	NA	NA	NA	NA	NA
SACI_RS11555	0.845182496876314	-0.37	3.03149022414014	-0.12040354780047	0.904163481111065	NA
SACI_RS02995	111.119284154597	-1.15	0.567222149762553	-2.02391529665765	0.0429788677556439	0.0887237022480372
SACI_RS03000	1.36100936672262	-3.56	2.78347980739686	-1.27802627738563	0.20124016113164	NA
SACI_RS03005	2.00899888625892	0.82	2.30236149165497	0.3568893898128	0.721174613023428	0.799813334124387
SACI_RS03010	6.25899189525519	-2.07	1.22114172091899	-1.69717031167379	0.0896644662205523	0.163038150060917
SACI_RS03015	3.24118369579994	0.46	1.76061405420625	0.261055429322554	0.794049762365662	0.855604007510287
SACI_RS03020	2.61380003116472	-0.84	1.74033002779353	-0.483921515346629	0.628441570380136	0.724018410360225
SACI_RS03025	2.6226760542435	-4.56	2.28179712050419	-1.99797635668489	0.0457192234611562	0.0934554714867751
SACI_RS03030	26.0420040576802	-2.75	0.66703507784477	-4.11901144694276	3.80501246989817e-05	0.000168498074330712
SACI_RS03035	3.32005147348403	0.52	1.75005337766676	0.2947795746431	0.768162270558227	0.836234612180757
SACI_RS03040	66.7410458236079	-2.42	0.463074660988174	-5.23292756361591	1.66846136240657e-07	1.04886691676916e-06
SACI_RS03045	19.4029535653657	-3.31	0.757881307439167	-4.36488874991314	1.27187471425032e-05	6.10792809031537e-05
SACI_RS03050	156.775572672954	1.03	0.418661317368142	2.45741322245759	0.013994161527377	0.0332510846547931
SACI_RS03055	35.8125188297242	-0.54	0.585488609565627	-0.91679878812159	0.359248087798557	0.481434770043916
speE	81.809933305301	-1.41	0.473940918944474	-2.96554370476705	0.00302148410846626	0.00855175705812509
SACI_RS03065	15.0280893288446	-1.07	0.861214085766519	-1.23708152395598	0.21605681827187	0.323191839733674
SACI_RS03070	41.3183599047697	0.96	0.573289254027756	1.6712686007824	0.0946686354994937	0.169428416323128
ahcY	94.9670797772102	-1.04	0.401122979727354	-2.60160864525257	0.00927876696888815	0.0231005442390683
SACI_RS03080	7.85462230637991	0.54	1.15742625843353	0.466167798708031	0.641095396721444	0.73444170448583
SACI_RS03085	17.0516774794911	-1.52	0.754586464109593	-2.01497445627863	0.0439073255845751	0.0904165667593472
SACI_RS03090	28.3531125556799	-0.66	0.649027213254431	-1.02413949826591	0.305769390527985	0.425019452833899
SACI_RS03095	26.9314502481567	2.73	0.825702316213797	3.31030724774842	0.000931936133941153	0.00303607318635516
SACI_RS03100	56.7160011426698	0.91	0.541558645150172	1.67317572859245	0.0942927069638947	0.168997387409502
SACI_RS03105	50.8288707902557	-0.59	0.481488705125734	-1.23516227094139	0.216770117773168	0.323429378378712
SACI_RS03110	8.86330066619282	-1.32	1.01991316400385	-1.29159037441964	0.196499039225891	0.29985465226072
hflX	17.1471921585978	-0.75	0.81361886988432	-0.926653474663736	0.35410648098044	0.475818697858787
SACI_RS03120	10.2845042631718	-2.13	0.957215985085629	-2.22244162102554	0.0262534751970498	0.0581808635456321
SACI_RS03125	139.356442455708	1.03	0.438013314863997	2.35050384351257	0.018748014036167	0.0433526165605266
SACI_RS03130	314.215677422603	3.30	0.368692700130789	8.94767982650854	3.63032240281613e-19	7.63282911919828e-18
SACI_RS03135	50.1157172807814	-0.04	0.518755449338424	-0.0782765115992264	0.937608101152268	0.960251931675389
tgtA	242.456051949838	2.14	0.348752768037316	6.12231903492753	9.22231319700691e-10	7.85073178339193e-09
SACI_RS03145	15.176948861134	-0.70	0.842985347598414	-0.827259176728452	0.408090176895422	0.528216048935513
SACI_RS03150	14.1586012214509	1.20	0.896614363989211	1.33721138673247	0.181153646106781	0.280359941755224
psmB	135.781758574435	0.44	0.41307320237238	1.06779998130106	0.285610746518981	0.403499767244772
hisS	44.5567037483744	-0.89	0.508739921213622	-1.75797883064287	0.0787511113586403	0.146603631413183
SACI_RS03165	0.407608167565783	0.90	4.4901242560306	0.200977570631939	0.840716112271296	NA
SACI_RS03170	4.79951699324599	-1.21	1.33005162021917	-0.913403902843902	0.361030153685422	0.483535029304559
SACI_RS03175	1716.96119544251	-1.51	0.262119823203155	-5.76497757853582	8.16686978504998e-09	6.15467114523947e-08
SACI_RS03180	47.0480464343478	-0.10	0.585503801774007	-0.167058252086258	0.867324214328172	0.912934448569241
SACI_RS03190	289.949883019854	1.69	0.352412142976687	4.79886312371456	1.59568793642491e-06	8.91163218065878e-06
SACI_RS03195	56.19786556464	-0.93	0.494594344884174	-1.89008692497868	0.0587463354994936	0.115371531726635
fbp	204.935922619593	-0.02	0.331015614173564	-0.0751299787493545	0.940111295630298	0.960849044798613
SACI_RS03205	164.151052325894	-0.15	0.356872811735699	-0.422770087475228	0.672463013893061	0.758567385374409
SACI_RS03210	2.50483513835246	-0.18	1.93024777178703	-0.0956611239696302	0.923789717826061	0.948040145201314
SACI_RS03215	193.141776360264	8.39	1.37086722613673	6.11981796423619	9.3682316917428e-10	7.94553074330186e-09
SACI_RS12185	0	NA	NA	NA	NA	NA
SACI_RS12190	0	NA	NA	NA	NA	NA
SACI_RS12195	1.48082694744201	-2.49	2.6044243278373	-0.957480744453895	0.338324660845011	NA
SACI_RS03230	273.182722916496	5.93	0.619392810561785	9.56836486297965	1.08609745955091e-21	2.7448644886832e-20
SACI_RS03235	19.7754365442185	3.01	0.977411921462332	3.07615475241048	0.00209688983292275	0.00626064243672163
SACI_RS03240	0.834198855585753	-4.53	4.15865081057556	-1.08834149842801	0.276444376964658	NA
SACI_RS11570	5.50563748218188	-0.33	1.45060265846912	-0.225875010067956	0.821298634641486	0.875538638207498
SACI_RS03245	82.1028578721055	-2.12	0.615163018886158	-3.44389776118511	0.000573392482281349	0.00196255539079061
rpsJ	163.916936885933	1.46	0.362722599760874	4.03462043741594	5.46906326094775e-05	0.000232319121882704
tuf	2204.40774520563	0.21	0.254831784477941	0.821653398068091	0.411274189136128	0.531238007856785
SACI_RS03260	114.31540607242	-2.61	0.448933030489278	-5.81225944744818	6.16352158034487e-09	4.73040828037511e-08
SACI_RS03265	11.7242504541951	-2.21	0.899815770517733	-2.45810539968212	0.0139672175348677	0.0332186105249421
SACI_RS03270	97.1126187000085	-0.28	0.389937997028915	-0.730042774755682	0.465364038734427	0.580743905910716
SACI_RS03275	176.144212736686	-2.05	0.342638105439521	-5.9831113170142	2.18915043790481e-09	1.77832934923307e-08
SACI_RS03280	46.4606136044113	-2.48	0.519955954134868	-4.77403880711917	1.80567563852622e-06	9.92923175295076e-06
rpoA2	184.646412549288	-3.28	0.35433022814588	-9.26227862029319	2.00115201104408e-20	4.59347002902045e-19
rpoA1	276.998698729625	-1.55	0.316520423416949	-4.90098561940022	9.53570370890683e-07	5.47209419258828e-06
SACI_RS03295	405.272567828979	-2.85	0.291859503979254	-9.76290060028656	1.62441440337844e-22	4.37019874973426e-21
SACI_RS03300	14.7813851222387	-4.79	1.01683255172408	-4.70873005521522	2.49264924142311e-06	1.34699965486838e-05
infB	98.0313009521092	-2.96	0.421780191906312	-7.01350044926682	2.3242821913748e-12	2.65541280494053e-11
ndk	120.013392931707	1.13	0.406514227846911	2.77350961340499	0.00554552018670196	0.0147135646947278
SACI_RS03315	13.4070537862894	-0.19	0.872347166035631	-0.221094519341153	0.825018837603282	0.878755696757519
SACI_RS03320	70.2543187356823	1.92	0.644249221728804	2.98758888514049	0.00281187516421179	0.00809587072595845
upp	135.732004050173	3.12	0.476766285592626	6.54937775569437	5.77773132208352e-11	5.82898539026329e-10
gatB	46.4244076789195	-1.53	0.507340586510253	-3.01368300066899	0.00258097330161603	0.00751757299259988
SACI_RS03335	19.4522085116865	-2.66	0.751261114934519	-3.54668431575096	0.000390111746635846	0.00137667078996176
SACI_RS03340	7.78432157874817	1.16	1.20051685443849	0.963608795902098	0.335242095277995	0.456600828734645
SACI_RS03345	1410.18419475497	0.85	0.276300384572043	3.07088345317856	0.00213426441065793	0.00636463594215274
SACI_RS03350	12.2666970605513	0.52	0.917917340638422	0.571286265378604	0.567805610340838	0.671384516575037
SACI_RS03355	10.7873624941728	1.46	1.05319871877975	1.3866169522708	0.165558596279045	0.261672525514954
purB	31.6948333803496	-2.79	0.605812329617907	-4.61220741928548	3.98415124579987e-06	2.07242129251378e-05
SACI_RS03365	29.6702599967205	0.93	0.636643726456185	1.45308427663044	0.146200356075486	0.23706629351968
SACI_RS03370	60.833876449554	-0.18	0.524744187141104	-0.346285649576817	0.729128052238959	0.8057766725715
SACI_RS03375	52.4606336911565	-1.32	0.484598333951805	-2.7243156766341	0.00644348860176653	0.0167758673065763
SACI_RS03380	105.169918427982	0.24	0.409992822690819	0.581507193049265	0.560898671766961	0.665677045915294
SACI_RS03385	25.9138730009489	-0.57	0.636288493797566	-0.892255327757608	0.372256092607477	0.49430026506805
SACI_RS03390	50.0063178793684	-0.66	0.489900972736508	-1.35360801727754	0.175861467752724	0.274317576257678
ilvA	19.5901183086324	-0.78	0.78563829163455	-0.998249167284026	0.318158550124864	0.439069328412802
SACI_RS03400	75.5323147076836	2.06	0.49590271026283	4.15160230291848	3.30155621665224e-05	0.000147245876186522
radA	223.329654095863	1.07	0.332203948512714	3.2208883228366	0.00127793934913661	0.00404734715384783
SACI_RS03410	0.298028037605217	0.45	4.86011624472731	0.0932951831150069	0.925669058711747	NA
SACI_RS03415	9.2709088337586	-1.11	1.00655668432198	-1.09852459607134	0.271975483503989	0.387077735908408
cyaB	2.8315988634058	-2.97	1.82060008340686	-1.62984620796862	0.103134004948249	0.180196424846732
SACI_RS03425	18.1737978753067	-1.51	0.740865531216112	-2.04279142414854	0.0410730898674003	0.085282050496461
SACI_RS03430	10.6513850047003	-1.63	1.00358394917532	-1.62655767185526	0.103831075346285	0.181035087467878
SACI_RS03435	30.5170602042219	2.27	0.733716641271937	3.09596630175425	0.00196172654371079	0.00587813151181366
SACI_RS03440	19.5013664105709	-0.71	0.709753329681194	-1.00692829494981	0.313969233575048	0.434246004646087
SACI_RS03445	6.39290883277551	0.39	1.31481622327616	0.297947619041745	0.765743142754047	0.834842789551925
SACI_RS03450	15.1072190132955	-1.00	0.790615009292718	-1.2659305416958	0.205537950736972	0.310916537330051
SACI_RS11915	1.25204447391036	-1.17	2.56530386965001	-0.455783599019553	0.648545599136545	NA
SACI_RS03455	134.571907365806	5.58	0.748430136257117	7.45733737745204	8.82884289925332e-14	1.12702882315979e-12
SACI_RS03460	1.76048770174135	3.01	2.57104367734913	1.17141289304342	0.241432852303386	0.352429986267837
SACI_RS03465	11.2082399408839	1.54	1.03093607351451	1.48943690479225	0.13637235654007	0.224181101224216
SACI_RS03470	55.0483937733724	0.99	0.500066111578172	1.97435298592107	0.0483416199172671	0.0980151807398722
SACI_RS03475	549.916325425885	3.02	0.312906735440133	9.64777658970992	5.0233020068524e-22	1.32297911801523e-20
SACI_RS03480	45.3263490235842	-0.39	0.547651097827652	-0.715823397267086	0.474100403291189	0.588377510100364
rnpB	1318.5068050126	2.89	0.358116257330117	8.06276617654984	7.45871068971545e-16	1.18864293921453e-14
SACI_RS03485	13.5130809832343	-2.09	0.849697296479638	-2.46346306164934	0.0137602073203399	0.0328198653150529
SACI_RS03490	25.5458975660934	-0.38	0.662978688874924	-0.576967625845817	0.563961325479359	0.668101911150263
SACI_RS03495	31.4671289346921	0.56	0.63150763269931	0.891006474401204	0.372925696877802	0.494467458181378
SACI_RS03500	3.40915670192694	0.58	1.75206748700762	0.329912450044354	0.741466115939191	0.81616727764182
SACI_RS03505	12.7936855913312	-0.30	0.865574825988616	-0.347894199152371	0.727919641892095	0.805009995787793
SACI_RS03510	0.0993426792017391	-1.09	4.99390539590045	-0.217423801366779	0.827878084020131	NA
SACI_RS11815	0.109580129960566	-1.01	4.98899337193424	-0.203313424797925	0.838890063187611	NA
SACI_RS03515	19.5220478198695	3.13	1.12111485269891	2.78838319324384	0.00529718459641139	0.0141446700749427
SACI_RS03520	35.2194233146972	3.91	0.899358260930424	4.34405405350427	1.39877073908456e-05	6.64084324324397e-05
SACI_RS03525	34.1243682056232	4.28	0.995356483734794	4.29541416170262	1.74367497499703e-05	8.15453231297676e-05
SACI_RS03530	34.2049534502734	2.78	0.73506846374727	3.77533708502568	0.000159791431821876	0.000613359324022278
SACI_RS03535	7.36348557447482	5.08	1.79723251314181	2.82379439692533	0.00474588183646031	0.0128927213407423
SACI_RS03540	2.81248538956819	-0.56	1.70264929447561	-0.33029799155029	0.741174810374004	0.81616727764182
SACI_RS03545	0.428083069083437	0.97	4.41613725611266	0.21944559868922	0.826302952922402	NA
SACI_RS03550	17.8312982986929	-0.20	0.769789353721417	-0.257884088260626	0.796496365348979	0.856748280781949
SACI_RS03555	67.8905141433849	4.36	0.772810013982324	5.64819034103278	1.62145595434491e-08	1.1591093707917e-07
SACI_RS03560	4.60096258822594	-1.35	1.42123220058013	-0.951707520102977	0.341245334469049	0.462932859290648
SACI_RS03565	0.726111106688655	1.73	3.53843500357775	0.490026169473748	0.624115380786429	NA
hxlB	96.8064339190081	1.07	0.432449319754338	2.47443782973625	0.0133446044460191	0.0319198855869405
SACI_RS03575	452.397612730253	4.08	0.377199936369285	10.8078766478951	3.15897364869353e-27	1.17966448791511e-25
SACI_RS03580	1.79932988656488	-1.17	2.16565723026293	-0.540858356281894	0.588605216276442	0.690431435125954
argC	77.1751647173687	0.22	0.424333796094617	0.512519985041468	0.608287137065779	0.707547381189483
SACI_RS03590	112.895284008455	-2.17	0.379075093358525	-5.72267418522414	1.0486024438377e-08	7.67135472070741e-08
SACI_RS03595	38.231448342268	0.03	0.543763533539408	0.0593090397441322	0.952705961116658	0.968323315032372
SACI_RS03600	18.8395781745338	0.22	0.828655638376711	0.270243270998184	0.786973105212928	0.851278300580521
lysX	249.717868767066	2.00	0.376667616455334	5.30512574737171	1.12595351107767e-07	7.24199404811398e-07
SACI_RS03610	54.0959979626095	1.64	0.529842009718257	3.09013918778279	0.00200062716621108	0.00598036937856645
SACI_RS03615	135.698562216467	3.88	0.578646133839709	6.70094781152978	2.07071992176986e-11	2.17686606902025e-10
uppS	12.3034786934227	-1.60	0.909934079329071	-1.76140814968158	0.0781693466563003	0.1457374853458
SACI_RS03625	28.6047034310792	-3.62	0.727937631568339	-4.97460154798318	6.53819834153971e-07	3.83104736546425e-06
SACI_RS03630	14.7035254418532	-4.03	0.932713695662613	-4.32247449609287	1.54288923184586e-05	7.26988485513812e-05
SACI_RS03635	29.1787887185683	-0.50	0.786732840899165	-0.63077731168748	0.528186140214069	0.634736658412872
SACI_RS03640	29.2779345939927	2.20	0.731527628352699	3.00656948336094	0.00264213662664944	0.00768677423241501
SACI_RS03645	67.8940883634269	1.78	0.493250049080534	3.59865065370627	0.000319872532318894	0.00114988660324982
SACI_RS03650	13.2869686749813	1.60	1.06757521520775	1.49911974724252	0.133842569550046	0.220747599877531
SACI_RS03655	110.4605334196	-0.30	0.377002442647926	-0.78976025089299	0.429667796877115	0.549886868433014
SACI_RS03660	0.626768427486915	1.52	3.74508724809403	0.406158602763296	0.684626068965129	NA
SACI_RS03665	222.535800291222	4.26	0.481713014087937	8.84366474148185	9.26292661282348e-19	1.91535887481689e-17
SACI_RS03670	17.9944739409595	2.85	0.993410592061928	2.873617236799	0.00405800436262629	0.0112437728851506
SACI_RS03675	56.0944633793831	0.71	0.531659787160048	1.3372027030334	0.181156479839727	0.280359941755224
aspS	642.709975235743	3.70	0.321726384323142	11.4900979402286	1.47944105671698e-30	6.49396758579982e-29
SACI_RS03685	51.5122894227512	2.58	0.603216651671209	4.27214600336854	1.93600743046642e-05	9.00351410971556e-05
pth2	3.34201875606515	2.38	1.95341559010975	1.21970750246012	0.22257577649525	0.329712606744295
SACI_RS11585	51.0683139755033	1.01	0.51429414496622	1.96500388161098	0.0494137882867614	0.0998653459559587
SACI_RS03695	28.0571477789314	-0.85	0.601903751760475	-1.40526945458373	0.15994116779022	0.253755739892917
SACI_RS03700	896.089655507517	1.45	0.277525466175986	5.21585663224048	1.82969657534637e-07	1.14447520787915e-06
SACI_RS03705	96.3939313401454	2.00	0.459955109026254	4.35800129226723	1.31255609135444e-05	6.27918803168032e-05
fen	145.996491710347	1.45	0.406834166627641	3.55874264233898	0.000372634440846193	0.00131871481046277
SACI_RS03715	5.73503519286184	-0.21	1.42035819330916	-0.148296745308995	0.882108583828224	0.918982014657799
SACI_RS03720	11.4463883450811	-1.21	0.945420097695089	-1.28474811488235	0.198880318732289	0.302491524296771
hemB	190.26495085955	2.95	0.423121756441447	6.97243836582902	3.11494143028043e-12	3.51062317953227e-11
hemL	28.8335614590083	-0.51	0.756081018244118	-0.669057618430758	0.503458723804624	0.613567329254344
hemC	16.8637533853802	-1.52	0.795532737744605	-1.90660453174172	0.0565718178229961	0.111891453117104
SACI_RS03740	18.1023476455849	-0.67	0.982192231794281	-0.683103824732498	0.494541238784718	0.604761573528526
SACI_RS03745	11.4588643674351	-0.50	0.911430780208829	-0.546557420092775	0.58468282895925	0.688088635021657
SACI_RS03750	64.5666499639815	-1.14	0.443422447641732	-2.57190099526058	0.0101141810688435	0.0249809289577952
SACI_RS12200	57.4372863973601	0.52	0.554145014939147	0.936793722637869	0.34886467494059	0.46978440080805
SACI_RS12205	30.2706705944643	-0.04	0.609970865064983	-0.0677609262836247	0.945975948546265	0.964479145583844
SACI_RS03765	12.2906936980422	-1.39	0.929696972053907	-1.49148063936972	0.135835350537338	0.223521983060694
SACI_RS03770	25.8498695547319	-2.84	0.693298355614517	-4.10301411143814	4.07802366293429e-05	0.000179634070504606
dcd	24.4414294600944	1.19	0.702386299825597	1.69395365029338	0.0902740909085684	0.163712439072213
SACI_RS03780	27.3109151011066	-0.89	0.629364751162264	-1.42177454329348	0.15509171197834	0.24842598742626
SACI_RS03785	90.6296360712603	-0.37	0.400817590152163	-0.923340653201914	0.355829708554363	0.477365110350143
SACI_RS03790	10.6653534081178	-0.36	0.960991606583995	-0.379306314451624	0.704460411148667	0.786506001202126
SACI_RS03795	13.1951932812597	-1.99	0.88053515730147	-2.2637739006065	0.0235880245454047	0.0530253705414218
SACI_RS03800	2.80224793880937	-0.57	1.73423778477212	-0.330704947708773	0.740867364672426	0.81616727764182
SACI_RS03805	27.9164153702845	-0.53	0.639011154847834	-0.823113696335056	0.410443340812472	0.530438656359919
SACI_RS03810	15.6890399507354	-3.91	1.08129389995387	-3.61947392739153	0.000295202551480493	0.00106888101852995
SACI_RS03815	37.4742403558789	-1.35	0.536571062188023	-2.50821158944472	0.0121343981481386	0.0293619576079716
SACI_RS03820	183.50979276906	-1.48	0.338444443035528	-4.37379946460103	1.22102551119303e-05	5.89769465058871e-05
SACI_RS03825	80.4644158712708	-1.95	0.495667172432197	-3.92945010304306	8.51403408380465e-05	0.000346375825653321
SACI_RS03830	2.98981870253886	-1.32	1.99839818914303	-0.661951675174435	0.508002192590352	0.616103483209433
SACI_RS03835	49.6216511857354	-1.03	0.501832517785229	-2.05242615773109	0.0401282645650167	0.0837625104644327
SACI_RS03840	26.7469384296745	-1.89	0.657208923790812	-2.87087159473278	0.00409341765226124	0.0113293484136699
SACI_RS03845	164.62821947977	2.23	0.432927621894302	5.15909485410029	2.48146576402624e-07	1.51800179501067e-06
SACI_RS03850	161.578852612137	1.13	0.374299466748869	3.01941354220079	0.00253264567840192	0.00740266295252524
SACI_RS03855	4.59270180229547	0.21	1.39179127598311	0.14897634737379	0.88157229673191	0.918982014657799
glmM	290.177323012856	2.26	0.342342597103677	6.59655256575478	4.20828339244942e-11	4.29760206037079e-10
SACI_RS03865	12.8445638720989	0.42	0.878833453569566	0.480555801746094	0.630832234566006	0.725674598107653
SACI_RS11590	0	NA	NA	NA	NA	NA
SACI_RS03870	2.50334275728899	-2.45	2.02781256075901	-1.2076260636054	0.227191129194931	0.335358233183314
SACI_RS03875	7.83028549882016	-1.25	1.08123801654726	-1.15753121161767	0.247055395081736	0.358130126590095
SACI_RS03880	40.5343127197899	-1.18	0.533286982728491	-2.21726236747132	0.0266051679109796	0.0588065964473036
SACI_RS03885	28.1666808426324	-0.45	0.629539853381629	-0.715462157389807	0.474323516335905	0.588377510100364
SACI_RS03890	97.7630414762358	-1.27	0.404402286030234	-3.14361125024437	0.00166876969677879	0.00512931422769108
SACI_RS03895	44.9801101615854	0.87	0.578407867707662	1.50406631119795	0.132564293544966	0.219217357864842
SACI_RS03900	350.343294322945	7.70	0.899918903301013	8.55766256105512	1.15178904271946e-17	2.18316377642733e-16
SACI_RS03905	32.5080647179264	-0.87	0.570302380755759	-1.52313562852088	0.127724776750689	0.212196143047957
SACI_RS03910	41.892379563059	-2.39	0.589401664901382	-4.0576290308772	4.95734293814033e-05	0.000212384795055259
SACI_RS03915	29.5036013520139	1.51	0.666695432248374	2.26805377320075	0.0233259294060684	0.0525041062012196
SACI_RS03920	9.77729150963741	-2.62	1.08712052167004	-2.41343386276725	0.0158029956396062	0.0370216246163809
ribH	19.0966647418301	-2.59	0.745694460935782	-3.47823521688303	0.000504726813638011	0.00174646409415409
ribC	9.16871234581335	-2.73	1.22548705672335	-2.22822856002687	0.0258652774798344	0.0574732897464881
SACI_RS03935	18.50056160036	-1.94	0.750784619211427	-2.58227184698816	0.00981522365062988	0.0243145441325505
SACI_RS03940	1.12348182349561	2.36	3.03972827859584	0.777967826603832	0.436587980564016	NA
SACI_RS03945	34.6190237585843	1.75	0.676290210235885	2.58631696400219	0.00970076776287811	0.0240548274952637
SACI_RS03950	26.7801373037648	1.24	0.73912001120313	1.67251072105201	0.0944236555577247	0.16911094216566
pcn	22.6271314055399	-1.54	0.662223276523705	-2.31850094068378	0.0204221118958747	0.0466205510615681
SACI_RS03960	84.0009754761271	-1.29	0.408215734760822	-3.16773034242165	0.00153633949952582	0.00478535495620811
SACI_RS03965	89.7201277888153	-0.58	0.460135369711832	-1.26674658768734	0.205245916016931	0.310662602464829
SACI_RS03970	159.577812500232	-0.26	0.340870287172764	-0.750301402819849	0.453073197929831	0.571942049051684
SACI_RS03975	4.06290652903167	-2.31	1.69683113449556	-1.36386018231627	0.172611574720533	0.269921349969234
SACI_RS03980	50.1227717943588	-2.99	0.514411718299608	-5.80389138315375	6.47932583195437e-09	4.92743867220359e-08
SACI_RS03985	156.144422252226	-1.06	0.358536482560266	-2.96083070852985	0.00306810532677386	0.00867389777128611
SACI_RS03990	52.602341662432	1.58	0.538484090588982	2.92732756622172	0.00341888584996092	0.00961129482764295
SACI_RS03995	44.0762812145022	-0.21	0.545279782426659	-0.382870457148933	0.70181581713015	0.784253315971253
SACI_RS04000	3.76799420693681	0.32	1.53199308120018	0.206717388316445	0.836230576791956	0.887424249273919
SACI_RS04005	19.1188412410966	0.06	0.839103219023039	0.073431092516906	0.941463076124043	0.961837736407659
SACI_RS04010	76.1114199572253	-1.35	0.419047368288637	-3.21291000159227	0.00131397456322195	0.00415096509745116
SACI_RS04015	142.573546389479	-2.00	0.36750652712525	-5.44887040844418	5.06907299131114e-08	3.41855003349339e-07
SACI_RS04025	202.925643148494	0.99	0.365657504809944	2.6949075224376	0.00704081692551065	0.0180863695560859
SACI_RS04030	43.9200436640193	-0.68	0.540915341396644	-1.26282064683763	0.206653642898369	0.312226699596448
SACI_RS04035	5.25018258205886	0.54	1.34464443028612	0.402273478838791	0.687482770640287	0.771337171364125
SACI_RS04040	17.7220244328542	0.41	0.808677090346192	0.507634288141402	0.611709839777094	0.710207897504542
SACI_RS04045	22.7110832308363	1.37	0.819895266349269	1.67668441850987	0.0936042091095919	0.167883678273978
SACI_RS04050	24.4703092612386	-0.54	0.738106866309387	-0.738317111709707	0.460321770489449	0.57662771234361
SACI_RS04055	47.5245607921539	-1.67	0.525090848224677	-3.17203054671695	0.00151377083511869	0.00472840777711232
SACI_RS04060	1.36175555725435	-0.39	2.60966845612266	-0.149266949676355	0.881342993408042	NA
SACI_RS04065	25.0798050987466	-0.46	0.66692852575838	-0.688950238407854	0.490854582926259	0.602609502689647
SACI_RS04070	30.7543314645039	0.82	0.631861064445948	1.29186423331213	0.196404165963722	0.29985465226072
SACI_RS04075	29.4031279548566	-0.27	0.605895808037523	-0.445336372255378	0.656076686490592	0.744094401780263
kae1	14.7586189590445	-0.94	0.794783982675544	-1.18018644804818	0.237926067786708	0.34955432859797
SACI_RS11595	10.4711978829861	-2.92	0.98761725808109	-2.95396813311582	0.00313716398450407	0.00882922867179887
SACI_RS04085	12.2219324177335	-1.43	0.965848504163992	-1.48311035357781	0.138045093643869	0.226039806477069
SACI_RS04090	28.272092802429	-1.41	0.601783817182598	-2.33788572168647	0.0193931771529301	0.0445562251943353
SACI_RS11600	0.198685358403478	-0.13	4.89720298489229	-0.0264335260583161	0.978911553558683	NA
SACI_RS04095	8.28257442207992	0.55	1.08586951663791	0.509674932258207	0.610279217849607	0.708875860287705
SACI_RS04100	98.3309536466074	-1.54	0.459890882107784	-3.35202564029662	0.000802225886066718	0.00266910793475921
endA	21.8380588558798	-3.22	0.731653002786681	-4.39506101462555	1.10741644162789e-05	5.39057575282679e-05
SACI_RS04110	47.146534258909	-4.05	0.568100069185572	-7.13527872364093	9.65912295529346e-13	1.15081550638782e-11
SACI_RS04115	10.5794165852666	-4.30	1.1043566233364	-3.89151098962593	9.96218759927285e-05	0.000402022473764204
SACI_RS04120	31.4036181049664	-2.91	0.616086719753391	-4.71806626037497	2.38096953271223e-06	1.29223118673449e-05
glyS	53.4084582262097	-1.88	0.474831652445774	-3.96206892076896	7.43030831564428e-05	0.000304764449274459
speB	53.6971646905045	-0.95	0.488940064681091	-1.95286255859271	0.0508358833122496	0.102071804178156
SACI_RS11605	6.83035220870261	0.05	1.16262701079271	0.0416361676144754	0.966788740642855	0.977730569558781
yciH	100.318211132423	-2.45	0.39947810023025	-6.13399256403906	8.57005259427192e-10	7.36847820992039e-09
SACI_RS04140	141.708406959603	0.15	0.360911338005942	0.419787898425844	0.674640406172711	0.759995630906855
SACI_RS04145	13.9270902687374	3.47	1.26545635361182	2.74021717433185	0.00613985994508601	0.0161195483553045
SACI_RS04150	1.99937667264841	1.51	2.2508979087589	0.66927015576955	0.50332316084524	0.613567329254344
SACI_RS04155	24.7868667325755	1.09	0.695133117811225	1.56918718015933	0.116604330481658	0.198600432175022
SACI_RS04160	12.8736528899285	-0.02	0.907430081066404	-0.0173201010287715	0.986181249706091	0.991402841321988
SACI_RS04165	31.624071233269	0.84	0.691700632834501	1.21449554832778	0.224558548740726	0.332269335448507
cadA	181.192035092005	2.81	0.474648976267047	5.91371031318528	3.34485954771261e-09	2.6567741550403e-08
SACI_RS11610	9.53246421151891	0.69	1.08519194800595	0.63257743603365	0.52700962582724	0.633627142633231
SACI_RS04175	2.40698484021419	1.83	2.12646005641406	0.862288933590089	0.388528540921856	0.508485178053786
SACI_RS04180	187.295984959883	5.51	0.646505521979117	8.51513580984717	1.66395180003818e-17	3.061181914482e-16
SACI_RS04185	24.6870868358685	0.57	0.674843606017554	0.85014550888514	0.3952441927066	0.515320984967125
SACI_RS04190	2311.23078313039	8.60	0.539784775992646	15.9297975097021	3.93629733801393e-57	8.20717994975904e-55
SACI_RS04195	91.6221206500227	6.33	1.1020425835826	5.73998037322026	9.46875242729394e-09	6.98844205695854e-08
SACI_RS04200	11.7862433296367	-0.81	0.900493228110982	-0.904964080946651	0.365484416499335	0.488223176765262
SACI_RS04205	28.1409326262158	-0.61	0.66828284501459	-0.906448743612555	0.364698382975543	0.487433415707697
SACI_RS04210	591.193517365627	2.60	0.336813026960147	7.71266977647322	1.23212604265026e-14	1.75157918108576e-13
SACI_RS04215	91.2758991578847	4.27	0.662547481136074	6.43944447528638	1.19911571263681e-10	1.15391827423742e-09
SACI_RS04220	78.2372503244492	1.15	0.457853955013374	2.5224022270843	0.0116556347025846	0.0283405228628441
SACI_RS04225	26.5218869088015	-1.23	0.649231212320672	-1.88858184176767	0.0589478820045647	0.115654778477999
SACI_RS04230	10.1731171552995	1.02	1.02541707251605	0.996954382670782	0.318786652791357	0.439693608205058
SACI_RS04235	15.9774062449613	-2.71	0.858168113417224	-3.16042497853256	0.00157539169518407	0.00489643480913111
SACI_RS04240	9.90290059496765	1.10	1.08717010365897	1.00745960744432	0.313713959143168	0.434132923548787
SACI_RS04245	245.068606145231	-0.10	0.36620255491623	-0.270356870848664	0.786885717055689	0.851278300580521
SACI_RS04250	146.532430398495	-0.20	0.592443245469949	-0.344276750821936	0.730638166978556	0.806377015342015
SACI_RS04255	11.7948574459487	-1.33	0.893145702639253	-1.48606708633029	0.137261377110757	0.225051091435855
SACI_RS04260	36.6636937151705	3.64	0.834595066652154	4.36498244383439	1.271329686861e-05	6.10792809031537e-05
tmk	45.2435556081457	1.68	0.581035321399722	2.89356482494018	0.00380895656779998	0.0106243136372748
SACI_RS04270	18.4476539646826	-0.74	0.845018288818229	-0.875649315099091	0.381220707237864	0.501764966043375
SACI_RS04275	10.4022142256794	-3.69	1.05750080600408	-3.48836131079151	0.000485990871061358	0.00169116712016067
SACI_RS04280	3.56720123032155	-2.20	1.54264934296083	-1.42897457302911	0.15301154178049	0.246196062723335
SACI_RS04285	15.0605089026918	0.06	0.836006338169044	0.068087863317184	0.945715691605785	0.964479145583844
SACI_RS04290	5.67528088901537	-1.07	1.31307222058685	-0.814830810613319	0.415169162060175	0.535439816223999
SACI_RS04295	72.9212017132629	1.59	0.471507750149589	3.37245328301013	0.000745017242222981	0.00249535895587938
SACI_RS04300	30.7952952240873	-1.58	0.579772518774285	-2.72259052702155	0.00647722846764001	0.0168112299025262
SACI_RS04305	7.05628087349075	-1.75	1.16440555655572	-1.4987529591596	0.133937732226363	0.220759029005507
SACI_RS04310	19.2821507516638	2.63	0.938271459834857	2.80441567562239	0.00504078712080291	0.0135368334587102
SACI_RS04315	64.94118516206	1.36	0.483795250150175	2.81958701102912	0.00480854923635133	0.0130064758803795
SACI_RS04320	7.06260372812609	1.68	1.31325893711859	1.28052798697601	0.20035950834437	0.304556190691139
moaC	36.074406044827	2.80	0.721102509151197	3.88484142180557	0.000102396702022111	0.000410571391761732
SACI_RS04330	52.3020078315606	-0.67	0.488959599579129	-1.37984470975455	0.167634463287889	0.264619196937728
SACI_RS04335	56.3940090022436	-1.38	0.463157383058116	-2.97960969862019	0.00288615867410128	0.00826220709679795
SACI_RS04340	36.648728462098	0.71	0.730316961324629	0.974268528704183	0.329923226499687	0.450337104583861
SACI_RS04350	48.2203599432071	-1.80	0.532013808993323	-3.38451929191518	0.000713030080691572	0.00240105738824014
SACI_RS04355	62.4554377183119	-0.12	0.499962973247018	-0.248044681524538	0.804099835939988	0.861679375921374
SACI_RS04360	6.70891129353633	-0.83	1.21054316913995	-0.682633813156506	0.494838262223655	0.604829180304634
SACI_RS04365	8.94638368030046	0.35	1.08076317533565	0.321943406063048	0.747495569030608	0.819424707447327
cobA	19.6130014686619	1.71	0.907492441118233	1.88245126881936	0.0597747704534395	0.116712560707169
SACI_RS11615	11.9552631665955	3.39	1.33660597723468	2.53847419160969	0.0111337014389209	0.0272835661118316
SACI_RS04375	157.71607809394	0.04	0.354201975235905	0.111610590917228	0.91113217415801	0.940062968966327
SACI_RS04380	936.938430659642	3.76	0.304070935640262	12.3805966427856	3.32859041881762e-35	1.93677516927481e-33
SACI_RS04385	6.87613810913159	-1.11	1.20042278698625	-0.925031645942846	0.354949446487346	0.476439654029688
SACI_RS04390	42.9690563471961	-0.14	0.537248248378352	-0.260108645159928	0.794779969517633	0.856022162605732
SACI_RS04395	65.9934377615549	-1.06	0.480734054762405	-2.21266299474694	0.026920888452431	0.0594086004596139
SACI_RS04400	13.4653100852506	1.73	0.975061808716223	1.77080992986352	0.0765923141280286	0.143224192786493
SACI_RS04405	162.163462830373	2.13	0.38739186250716	5.50414542895193	3.70963240825347e-08	2.53592903974049e-07
mce	24.8354537516666	3.79	1.02774298787787	3.68643685802923	0.000227415833781723	0.000841707716156613
SACI_RS04415	70.2621783287362	2.91	0.577129802859131	5.03899758172531	4.67976397303999e-07	2.80114101926939e-06
SACI_RS04420	13.2784072487508	-0.64	0.864233876486336	-0.744295022991326	0.456698011591093	0.574777879779132
SACI_RS04425	12.4137579476554	-0.40	0.884390315015589	-0.452830611943923	0.650670718797913	0.741000518175867
SACI_RS12040	2.9514164441252	-2.51	1.77625163093401	-1.41573043415118	0.156854444156181	0.250196854262387
SACI_RS04430	38.4480554337456	0.73	0.569103745293726	1.27760553990184	0.201388546241687	0.305934512869885
SACI_RS04435	47.8567202467506	-0.99	0.505844245613787	-1.9633340494288	0.0496073715125601	0.10001421718326
SACI_RS04440	261.907949148622	3.28	0.37849042270774	8.66520630565515	4.50696106623813e-18	8.90222166406799e-17
trxB	93.7357333780511	-1.50	0.399713513389239	-3.74509129626195	0.000180328187901442	0.00068211492059199
SACI_RS04450	16.7022868773533	-2.86	0.8062385713802	-3.54938704148754	0.000386129087738365	0.00136454092870253
SACI_RS04455	10.183922776947	2.96	1.32816093057442	2.2250226748773	0.0260797159899294	0.0578470296159605
SACI_RS04460	9.48430878611131	0.68	1.05256589865257	0.643539900209426	0.519873833188132	0.626553145778761
SACI_RS04465	4.60070068145909	-1.50	1.38138087332593	-1.0857740727353	0.277578959875052	0.393932250486318
SACI_RS04470	24.8289639190192	-0.68	0.805498035223913	-0.839285967156493	0.401308855949993	0.521055919868646
SACI_RS04475	20.5639860765805	1.44	0.810292931510781	1.77164842488412	0.0764529359486893	0.143138225192149
SACI_RS04480	2.39613215230705	1.26	2.16905545312544	0.581608486346688	0.560830425404862	0.665677045915294
SACI_RS04485	9.847720481748	-0.40	1.0951859249182	-0.367632456933944	0.713147310001173	0.793725342358957
SACI_RS04490	98.9840479593905	-0.18	0.389102039434361	-0.455510908851388	0.648741721284786	0.739140157857256
SACI_RS04495	12.3257522401257	-0.14	0.916463017749436	-0.151873619705691	0.879286615329026	0.918982014657799
SACI_RS04500	701.372400055781	3.38	0.308692753160924	10.9525539740021	6.46000484631925e-28	2.60692453636948e-26
SACI_RS04505	53.2695527448733	-0.28	0.47886545507758	-0.594722755663824	0.552028808359721	0.658409475654397
SACI_RS04510	40.155081285469	-0.78	0.555800570236816	-1.40978294903064	0.15860378287526	0.252434265110624
SACI_RS04515	9.24366552737394	0.16	1.07744514086414	0.151034115524053	0.879948804279751	0.918982014657799
SACI_RS04520	6.28847377323506	-3.81	1.356490975917	-2.81117505985623	0.00493609211531918	0.0132939746744118
SACI_RS11620	167.059950564832	-5.19	0.687539603623802	-7.55509869874027	4.18542346663874e-14	5.63006963093017e-13
panB	25.0927626959609	0.73	0.68888527241366	1.05517091121876	0.291347165354113	0.409292873507014
SACI_RS04530	29.6045888587015	-1.13	0.63285237062875	-1.78044228868292	0.0750036061859978	0.140779461873493
SACI_RS04535	14.3515789623674	-0.17	0.84132248508232	-0.200837534268591	0.840825612742375	0.891417662322636
SACI_RS04540	9.45760245357294	-1.68	1.16292536130966	-1.44049650511975	0.149726978084669	0.24168832204377
SACI_RS04545	17.1749197487473	-1.44	0.825273141401413	-1.74421447073805	0.0811216989535726	0.150238333023796
SACI_RS04555	11.0997649556584	-0.48	1.06146700163366	-0.449975884537797	0.652727829218861	0.742667134472756
ppa	161.908264213195	2.51	0.406991027808565	6.15865132795586	7.33670571980748e-10	6.35170855050461e-09
SACI_RS04565	93.9111861050311	3.25	0.555794634594083	5.8495730903867	4.92836284594504e-09	3.84135945188614e-08
SACI_RS04570	14.0262237312537	-0.15	0.977728811500142	-0.151648726518734	0.879463999614467	0.918982014657799
rnhB	5.55410188061593	-2.33	1.274861853565	-1.8285666338372	0.0674645549795579	0.128753864652062
SACI_RS04580	31.382475276219	-1.28	0.576638257477017	-2.22666766617105	0.0259694929330661	0.0576536568931069
SACI_RS04585	5.99193811669331	-2.36	1.2538145335243	-1.88511395024854	0.0594144550061038	0.116136692519744
SACI_RS04590	23.367132652344	-2.89	0.693481131648757	-4.16295956420842	3.14149016657913e-05	0.00014035729279966
SACI_RS04595	36.7004976373164	-1.43	0.55980422364195	-2.55001741074426	0.0107717539508115	0.0264743893761595
SACI_RS04600	36.05862175573	-2.14	0.557117496094929	-3.84932507358793	0.000118443733456374	0.000467423061684303
SACI_RS04605	47.1904161339898	-1.85	0.502545799206144	-3.68683084070881	0.00022706418377355	0.000841651241187293
SACI_RS04610	30.4799411101862	0.83	0.648225436878209	1.27629628181107	0.201850804063299	0.306264834303441
SACI_RS04615	87.4605523233189	2.58	0.496987541831372	5.19902496866708	2.00336616408893e-07	1.24998058417718e-06
SACI_RS04620	51.6928265909008	-1.45	0.487753079240267	-2.98142061580526	0.00286914422123653	0.00822751938902762
SACI_RS04625	10.9680422323782	-2.41	0.968198053097204	-2.49127444159505	0.012728575826704	0.0307106043571972
SACI_RS04630	53.5070547148797	-1.94	0.476124565105774	-4.06856018825852	4.73045423364605e-05	0.0002040620084928
SACI_RS04635	19.6378808738897	-0.82	0.710191155597479	-1.16126731248372	0.245533208195914	0.356543288976308
SACI_RS04640	32.568795922029	-2.38	0.585646512051333	-4.0579053988392	4.95148161909685e-05	0.000212384795055259
SACI_RS04645	14.523866961259	-2.73	0.897604023345133	-3.03700793349314	0.00238939166933454	0.00703104963797022
SACI_RS04650	107.366036534888	-1.00	0.427006437907898	-2.34419893304223	0.01906799800462	0.0439706276567366
SACI_RS04655	1912.04941787065	2.58	0.268006280315675	9.61734506430526	6.75522008187805e-22	1.74242893245968e-20
SACI_RS04660	891.318654893156	-0.02	0.33323029936667	-0.0696281813270202	0.944489605914175	0.963749181891218
SACI_RS04665	200.959298165911	1.00	0.45406586583992	2.19413803455026	0.0282254876642556	0.0616231851099193
SACI_RS04670	632.161307008914	1.91	0.289845871967354	6.57729744113061	4.79075831232487e-11	4.87255174692554e-10
SACI_RS04675	231.456711584771	0.64	0.327754522334007	1.95828112464751	0.0501970343999226	0.100877895637435
SACI_RS11825	249.531640957959	-2.80	0.366123256077856	-7.63589330532002	2.24259987341492e-14	3.09999164822327e-13
SACI_RS11830	122.67696686149	-2.37	0.372321644870842	-6.36669264896628	1.9314766253028e-10	1.8099455118006e-09
SACI_RS04690	346.960812670747	-1.08	0.29839497972132	-3.61983754862249	0.000294788030780187	0.00106888101852995
SACI_RS04695	11.2700235996402	-0.65	1.03556617697049	-0.627045234825105	0.530629584117507	0.637366884043208
SACI_RS04700	15.7791581040631	-1.56	0.781925843479629	-1.99475591035583	0.046069508180771	0.094017870691916
SACI_RS04705	94.0507463532847	1.75	0.476903290037826	3.66731105790726	0.000245114546230057	0.000899232543500883
SACI_RS04710	167.380453720985	-1.54	0.346003955943351	-4.45217787858847	8.50037020408001e-06	4.17018161776631e-05
SACI_RS04715	12.2643275355727	-0.15	0.935595331586558	-0.160081940519094	0.872816527084326	0.914866757756592
SACI_RS04720	2.81187015241988	-1.46	1.87119217167712	-0.781732766017472	0.434371641104774	0.554205938829243
SACI_RS04725	14.0607197262702	-1.84	0.952280547826402	-1.92978454456296	0.0536335392786011	0.106925191454231
SACI_RS04730	5.84474627620583	-0.10	1.24966453799141	-0.0761308118729363	0.939315026937048	0.960820195174364
SACI_RS04735	46.6933937649547	-1.63	0.497774604204449	-3.27914134823215	0.0010412346874669	0.00335285609786639
SACI_RS04740	16.7861077492663	1.65	0.893593787804834	1.8418863022488	0.06549178264754	0.126046492449342
SACI_RS04745	30.4345593175511	-0.50	0.629785015686216	-0.791498237136092	0.428653304454801	0.549431643312455
SACI_RS04750	51.4204725865918	0.95	0.520403595471808	1.82616494759856	0.067825419541076	0.12924539199678
SACI_RS04755	61.0171599124212	2.34	0.558693972180469	4.1895246271505	2.79539444386961e-05	0.000126475169955909
SACI_RS04760	42.8756775684264	0.96	0.62172229884128	1.54355422270743	0.122696362112426	0.206446737058029
SACI_RS04765	110.112930215004	0.19	0.383558802964306	0.485635251360111	0.627225798334174	0.723188455037835
prf1	114.807140053574	-2.56	0.375924763526906	-6.81941077724054	9.14146669635701e-12	9.90127691527499e-11
SACI_RS04775	54.5705763017895	1.04	0.593964602449367	1.75518835104816	0.0792270957802561	0.147164375056657
SACI_RS11975	0	NA	NA	NA	NA	NA
SACI_RS04785	9.53325746831024	-0.16	0.980171785940425	-0.166023819654431	0.868138204934609	0.913158612488542
SACI_RS04790	12.0847029609254	3.24	1.28934575301772	2.51159642529029	0.0120186446627696	0.0291100183409966
SACI_RS04795	65.0778216221634	-4.28	0.790469624466113	-5.41368229653219	6.17416740923216e-08	4.11940449543969e-07
SACI_RS04800	6.98747252692247	-0.17	1.16319205221177	-0.14197009814153	0.887103624637583	0.920269126430617
SACI_RS04805	49.3601111358003	0.74	0.548526465164893	1.341225049511	0.179847395765993	0.279142794172776
SACI_RS04810	65.197102852909	3.71	0.671033695067188	5.5225653046662	3.34085562999456e-08	2.30270545075658e-07
SACI_RS04815	142.439329386701	-0.64	0.352705889666362	-1.81084370372317	0.0701650490180431	0.132893983832811
SACI_RS04820	24.1301875423298	-1.29	0.656042049663506	-1.96866609599674	0.0489914470603913	0.0992266577794651
SACI_RS04825	15.6471180750301	0.95	0.925547165797015	1.02546404066429	0.305144284277084	0.424453785285984
SACI_RS04830	62.8519293785347	-0.40	0.522193440423642	-0.757677293489974	0.448644195540483	0.569223010771951
SACI_RS04835	15.5802108388928	-1.66	0.830072449520324	-2.00136950741705	0.0453525842250983	0.0930862721338769
SACI_RS04840	26.1929185181	-0.33	0.634834705279235	-0.516690302353799	0.605372366773755	0.705468868965037
SACI_RS04845	33.3350496184135	0.43	0.631756058510008	0.678647633178729	0.49736115398569	0.607316185386788
SACI_RS04850	11.3399709968904	-1.24	0.90171902580991	-1.3726726134488	0.16985414673759	0.267089038277205
SACI_RS04855	100.710443567896	-0.57	0.416227584019951	-1.36271015424325	0.17297387635238	0.270112722353057
SACI_RS04860	100.964581972736	1.65	0.424001278192034	3.88777891438557	0.000101165708002295	0.000407595171371567
SACI_RS04865	9.97289234957296	1.67	1.12146430967951	1.48715593189146	0.136973631983535	0.224738615022135
SACI_RS04870	329.886436393678	2.83	0.402795437308535	7.03759023993024	1.95592864994143e-12	2.25517671988638e-11
SACI_RS04875	56.2661627165952	1.13	0.521211142554804	2.16165608400585	0.0306446950435859	0.0661544667808904
SACI_RS04880	133.501641945002	3.69	0.533998202188461	6.91663317718473	4.62503621531469e-12	5.09356797956524e-11
SACI_RS04885	6.47889834570806	-1.35	1.15883220719268	-1.16257446340432	0.245002196644376	0.356062167164448
SACI_RS04890	253.422881154426	2.76	0.365499427103611	7.55673217658486	4.13321793164378e-14	5.58989798106634e-13
SACI_RS04895	13.3842093597931	-0.80	0.933167173462433	-0.852463258044078	0.393957023319693	0.513910569523395
SACI_RS04900	18.6385074219345	5.00	1.49368667414057	3.34496009265105	0.000822944105082179	0.00271636695371453
SACI_RS04905	969.886450014756	5.01	0.41083803113384	12.2033159198715	2.98419063527182e-34	1.62314021075002e-32
SACI_RS04910	85.6953170328813	2.86	0.522351163819946	5.47861465593228	4.28668776279431e-08	2.90658340989468e-07
SACI_RS04915	30.8559100063962	1.91	0.864218527027495	2.20830663985378	0.027222904788726	0.0597471120889407
SACI_RS04920	18.4997627197469	0.06	0.7590556203888	0.0773709810603528	0.938328425323412	0.960316005343273
SACI_RS04925	12.2376551089813	0.15	0.890497161034719	0.16390051618353	0.869809460739936	0.913158612488542
SACI_RS04930	14.0283708792343	0.41	0.943300321102662	0.439335542296396	0.660418424266316	0.747677329192001
SACI_RS04935	60.2143599144634	0.20	0.482477342754544	0.416450557004397	0.677080340023346	0.761031002128666
SACI_RS04940	239.802881265092	0.39	0.334643447494374	1.1727771484037	0.24088518426025	0.352429986267837
SACI_RS04945	146.602265306298	-1.36	0.36715871311762	-3.70090372537152	0.000214832979841356	0.000799869219587906
SACI_RS04950	68.5575797408531	-0.66	0.435746646477389	-1.5192478493747	0.128700121191839	0.213250134584094
SACI_RS04955	784.459596859173	3.77	0.365337828732701	10.323165357144	5.5367125106167e-25	1.79907203916402e-23
SACI_RS04960	247.625164634453	1.13	0.331953433567062	3.41411158714477	0.000639903617021518	0.00217237293051267
SACI_RS04965	10.9929942770863	-0.61	0.924443203696972	-0.654748948298981	0.512629404665625	0.620212171408798
SACI_RS04970	11.0386048667768	-3.37	1.02218507689963	-3.3003555550529	0.000965624066960086	0.00313358160250861
SACI_RS04975	51.6313491962664	-0.70	0.482958937878437	-1.45917580536128	0.144516726196755	0.234640395161766
SACI_RS04980	14.2578129472693	1.13	0.931928412897971	1.21393634450893	0.224772032869432	0.332375665626075
SACI_RS04985	16.5484575853823	-0.80	0.754346715044581	-1.05865231375354	0.289758152673139	0.407423794447859
SACI_RS04990	185.152449449744	0.90	0.439400184976251	2.05195674901222	0.0401738659301835	0.0837625104644327
SACI_RS12045	10.7713335388031	-1.56	0.943782722050475	-1.64801196070435	0.0993502168055768	0.175374840761079
SACI_RS04995	170.892631177146	3.65	0.554941299207292	6.57289706406398	4.93455739075711e-11	4.99848687922036e-10
SACI_RS05000	1495.14213287298	3.66	0.296485020014293	12.348384893752	4.96991608781055e-35	2.82607501175045e-33
SACI_RS05005	4.6706924360644	-0.36	1.53776667361495	-0.236464208699811	0.813072477148751	0.868990746615197
SACI_RS05010	12.7147707473875	0.53	0.969988195713095	0.542550081455189	0.587439616652125	0.689710896698083
SACI_RS05015	96.0034940935486	2.58	0.566155902583679	4.55459492242262	5.24866204842526e-06	2.69654054315401e-05
SACI_RS05020	388.320463344254	4.90	0.48907948210503	10.0265286120871	1.16542077863366e-23	3.55595461968465e-22
SACI_RS05025	30.29345691307	4.77	1.19515482574806	3.98799245871568	6.66347813382805e-05	0.000276484615105104
SACI_RS05030	35.5197453228836	1.32	0.627083509476512	2.108916394116	0.034951798855606	0.0744519534829603
SACI_RS05035	10.4258048427074	-1.64	1.09552205695964	-1.49289167500436	0.135465544667557	0.223130212480729
SACI_RS05040	40.1337964617073	1.92	0.617713781753509	3.1098995550234	0.00187150974542397	0.00562802570078218
SACI_RS11835	9.47921078195079	1.56	1.14689669948038	1.36327884772023	0.172794645753568	0.270038853014009
SACI_RS05045	377.349753650044	5.14	0.519751537172951	9.89279259247428	4.47370757909079e-23	1.28657659343507e-21
SACI_RS05050	13.8092549766682	1.07	0.947809724065848	1.12779918141284	0.259404739182214	0.371511538313624
SACI_RS05055	38.5298055083111	4.53	1.00941365372611	4.48843488195061	7.17483482499067e-06	3.59028734642533e-05
SACI_RS05060	40.1214928351745	2.19	0.632027047338598	3.47071552538602	0.000519073594301007	0.00178641283760814
SACI_RS05065	11.4796455330746	0.46	1.03435506214379	0.448852234343522	0.65353825508804	0.743009776191466
SACI_RS05070	10.0207388019541	3.14	1.45158654585122	2.16538182364938	0.0303584568475103	0.0657066254606149
crn1	55.6673469651605	0.50	0.482682943961828	1.03921232022596	0.29870600186072	0.417054920008661
SACI_RS05080	13.2694841594124	0.45	0.920655403311512	0.486134111428572	0.626872083049081	0.723113855135455
SACI_RS05085	1.16443162653092	2.41	2.98417768028066	0.808840017908436	0.41860717444411	NA
SACI_RS05090	6.88210763338546	2.28	1.42639632198223	1.59627560967999	0.110427273090969	0.190544163636968
SACI_RS05095	45.8448293932564	3.87	0.806665857261003	4.79376728747058	1.63678131575254e-06	9.12077249891507e-06
SACI_RS05100	36.4300751442451	5.93	1.42024775864722	4.17352007391467	2.99929220968813e-05	0.000135211335290805
SACI_RS05105	120.041318490898	1.97	0.447791873973136	4.39542591448119	1.10555766354628e-05	5.39057575282679e-05
SACI_RS05110	44.3433710176927	1.05	0.624701563355571	1.68856163533288	0.091303467987951	0.164939550112529
SACI_RS05115	90.0436058902475	1.69	0.449341252805798	3.76989171908082	0.000163318389047573	0.000621952221304457
SACI_RS05120	7.19327962057442	-1.69	1.14375952668067	-1.47960057116662	0.138979873992923	0.227124523011296
SACI_RS05125	29.747056977057	1.56	0.752783159533804	2.07303578158477	0.0381689496717787	0.0802510185536053
SACI_RS05130	24.6436309306493	1.23	0.725647426449208	1.69376084509616	0.0903107372207548	0.163712439072213
SACI_RS05135	258.693859227701	4.42	0.460210177745854	9.61095519357822	7.18790462515436e-22	1.83511605838124e-20
SACI_RS05140	524.403424214455	6.06	0.499937127778642	12.1169832213118	8.58617911168244e-34	4.57077024200627e-32
SACI_RS05145	12.3890621858924	0.46	0.972498289134186	0.470864623093337	0.637737412608084	0.731599727806247
SACI_RS05150	174.356603586631	0.79	0.359187495127258	2.21101730638179	0.0270346386387134	0.0594904713052427
SACI_RS12050	6.67182339654311	1.30	1.32738489370204	0.976657222967558	0.328738879452018	0.448965434710126
SACI_RS05155	131.847072201055	-0.17	0.390454059030613	-0.425543774683558	0.670440317659356	0.756626826695403
SACI_RS05160	21.875046996532	-0.86	0.70526290535388	-1.22606620776534	0.22017376108288	0.327122773295348
SACI_RS12215	4.61453813149317	1.19	1.57313669192322	0.754589791760159	0.45049515063343	0.57070322373916
SACI_RS12220	0.208922809162305	-0.06	4.8922678786655	-0.0130747301441021	0.989568171899884	NA
SACI_RS05170	68.8806045495503	3.67	0.644313363838764	5.6900184159186	1.27025671570826e-08	9.18549798468808e-08
SACI_RS05175	32.6583556084715	2.21	0.707956195493479	3.1261545020083	0.00177108476710716	0.00537773554284238
SACI_RS05180	52.8850003391709	1.13	0.623638264200868	1.80892260853306	0.070463027474998	0.133357409033619
SACI_RS05185	65.7314779406214	2.54	0.570271445431019	4.45854408322553	8.25182275337289e-06	4.08832881761168e-05
SACI_RS05190	3.95718830511319	1.20	1.62342270346433	0.738069050748512	0.460472489713243	0.57662771234361
SACI_RS11920	0.735602366915748	-0.79	3.16705923862875	-0.249098710922632	0.803284426570906	NA
SACI_RS12135	0.626768427486915	1.52	3.74508724809403	0.406158602763296	0.684626068965129	NA
SACI_RS05195	60.3999706788173	-1.58	0.45573115445273	-3.47789295311175	0.000505371704303583	0.00174646409415409
SACI_RS05200	1.67063628276671	1.17	2.36003715547153	0.497846275377676	0.618592396630397	0.71587334707181
SACI_RS05205	111.70437174398	5.66	0.833136074479618	6.79746145643895	1.06478622699708e-11	1.14383115963142e-10
SACI_RS05210	2.45681066632828	-0.01	2.06356457326664	-0.00650294804011659	0.99481143472841	0.996261412075586
SACI_RS05215	2.39538596177532	-0.07	1.88274614202753	-0.0365466691211183	0.970846466967154	0.981384331620062
SACI_RS05220	5.67554279578221	-0.94	1.2524495663552	-0.747522178511161	0.454748420332279	0.572900577880847
uvsE	6.448316946815	-1.31	1.23673023535657	-1.0625725443967	0.287975843423795	0.406382154679263
SACI_RS05235	4.29454281130683	-0.09	1.57903115104006	-0.057575486545191	0.954086776176541	0.96880077678316
SACI_RS05240	413.886696947504	2.71	0.325344349600908	8.34286288317067	7.25132290687876e-17	1.2687279659448e-15
folK	2.20680710074724	-0.56	2.06225460324827	-0.273534231685563	0.784442582196362	0.849643004612683
SACI_RS05250	2.74521649032298	0.96	1.96207604504485	0.489176011136344	0.624717091400423	0.721293106914563
SACI_RS05255	22.6179020520796	-1.37	0.666108508262621	-2.05770088243198	0.0396188556232949	0.0828815859276621
SACI_RS05260	30.4894379942351	-0.08	0.604009304692222	-0.125453139409175	0.900164821200609	0.931821424345851
SACI_RS05265	9.98225265641662	1.16	1.06095571976541	1.09315574346303	0.274325424614469	0.389978529764432
SACI_RS05270	6.36193457373218	0.14	1.21448764097106	0.113125132173829	0.909931350291058	0.939211319483592
SACI_RS05275	13.513727417425	2.07	1.08387111282347	1.91146189265151	0.0559452494576072	0.110915225152879
SACI_RS05280	54.48992945929	-1.04	0.474375893436988	-2.18247540266322	0.0290744646898401	0.0632559223078086
SACI_RS05285	471.922887811009	2.52	0.357276833194455	7.06212533339677	1.63974980693727e-12	1.91712804530703e-11
SACI_RS05290	7.19402581110615	-1.27	1.12359374742832	-1.12678383734405	0.259833885704109	0.371913262031853
SACI_RS05295	49.1281131904173	1.61	0.598691620443856	2.69500197692261	0.00703882134263337	0.0180863695560859
SACI_RS05300	66.0570139002827	1.85	0.578064569897476	3.19595028904058	0.00139371121915927	0.0043807355154981
SACI_RS05305	29.5586249386295	-0.51	0.610238448936501	-0.833958781784246	0.404304211142693	0.524672788526462
SACI_RS05310	89.9752314772385	-0.27	0.402749910256006	-0.677886085051995	0.497843923352638	0.607316185386788
SACI_RS05315	29.6930261599147	-0.00	0.612240787467064	-0.00368215330581845	0.997062073365638	0.99774374981747
SACI_RS05320	65.7629779258674	3.10	0.61024261617905	5.08366961452949	3.70211674197236e-07	2.24278355651691e-06
glpK	159.132625396471	1.36	0.390279034309309	3.48614636294051	0.00049003281361331	0.00170286402730625
SACI_RS05330	18.7139615527127	-0.86	0.743763413834299	-1.15295682156684	0.248928107625067	0.360010477039259
SACI_RS05335	2.6226760542435	-4.56	2.28179712050419	-1.99797635668489	0.0457192234611562	0.0934554714867751
SACI_RS05340	150.22747720071	2.71	0.428720639508653	6.32314421906416	2.56293888896609e-10	2.36622623623364e-09
SACI_RS05345	62.1517493354919	-0.34	0.475033039937919	-0.709018023450421	0.478313292267573	0.592152329170444
SACI_RS05350	46.4067366049685	-0.95	0.518397480489589	-1.82771686763339	0.0675920552957761	0.128898873742402
SACI_RS05355	119.791965612053	0.46	0.38358526008376	1.19905900178808	0.230505004265052	0.34004924567875
SACI_RS05360	1.04325261813148	-1.84	3.36836082909973	-0.547704848156067	0.583894582647023	NA
SACI_RS05365	55.8569312145826	0.98	0.501266900895905	1.96351160019829	0.0495867579208514	0.10001421718326
SACI_RS05370	8.03344800041404	0.83	1.12378699441528	0.740823926683067	0.458800205711129	0.57612726657187
SACI_RS05375	8692.73967038684	6.81	0.302710926796674	22.501399074981	4.021745466308e-112	5.03120357835131e-109
SACI_RS05380	48.0704466186366	2.29	0.606804476930477	3.77113117207976	0.000162509216707329	0.000619814116161185
SACI_RS05385	10.8745381240469	-0.20	0.926654127409636	-0.219894564732832	0.82595326943447	0.879002586186748
SACI_RS05390	89.2132191655397	2.59	0.487914827228642	5.30543576620189	1.12404145295695e-07	7.24199404811398e-07
SACI_RS05395	8.81162350481199	1.58	1.36185020452192	1.1591912834913	0.246378223642584	0.357355545248547
SACI_RS05400	5.54324919270879	-3.30	1.38843891585562	-2.37347877912758	0.0176214055952309	0.0410127970225746
SACI_RS05405	6.64098009088321	1.07	1.25745758583424	0.847876518047089	0.39650674323629	0.516228974568798
SACI_RS05410	45.8792554576973	0.25	0.511535058637707	0.498250961145335	0.618307167360462	0.71587334707181
SACI_RS05415	7.85523754352822	0.78	1.13174056925493	0.689115930561223	0.490750315717419	0.602609502689647
SACI_RS05420	17.068805955774	0.53	0.833171731987207	0.64034571388613	0.52194786717579	0.628447335742939
SACI_RS05425	1.98839303135784	0.26	2.14520944210726	0.119444055594425	0.904923559782463	0.935586258915588
SACI_RS05430	25.798655184077	2.15	0.775042722538716	2.77146912107782	0.00558039648812464	0.0147747640352252
SACI_RS11980	191.002573040388	3.14	0.407247418168999	7.71721826372362	1.18895955334639e-14	1.6998724585558e-13
SACI_RS05440	21.9810187944909	0.70	0.710805181124914	0.98040631125961	0.326885595636193	0.447166626725945
SACI_RS05445	28.101341541956	0.32	0.642749703136948	0.491032918897977	0.623403164935955	0.720108365036823
SACI_RS05450	1.15419417577209	2.40	2.97680579916527	0.80678655590266	0.419789466039452	NA
SACI_RS05455	1.46109823645609	-0.13	2.55328621148019	-0.0501073403825997	0.960036850308595	NA
SACI_RS11845	0	NA	NA	NA	NA	NA
SACI_RS05460	1.67876611531376	-5.45	2.78213963782159	-1.95892737579988	0.0501212924928618	0.100806650978409
SACI_RS05465	153.211782970857	1.39	0.368975464177922	3.77431415735041	0.000160448464879742	0.000613825778484885
SACI_RS05470	60.0199153657041	1.80	0.516741501232704	3.47557835925362	0.000509753046972221	0.00175675223625964
SACI_RS05475	49.8719753410153	1.86	0.577310757806886	3.21578955327885	0.00130086188556527	0.00411473633082718
SACI_RS12225	3.75626437511451	-1.08	1.48650681183818	-0.723226427340396	0.469540785136122	0.583892169190148
SACI_RS05480	2.3281170625301	1.78	2.17752731141654	0.815495910460697	0.414788504505319	0.535224774766533
SACI_RS05485	53.8259537980989	2.08	0.558017477804575	3.72893838909831	0.000192288154420543	0.000722379823363663
SACI_RS05490	14.0696740126511	0.45	0.863128894913748	0.521698585683809	0.601880209566271	0.702110423631025
SACI_RS05495	15.9502384929741	2.45	1.04427131096826	2.34822358647979	0.0188631942689486	0.0435786814966846
SACI_RS05500	354.611533624601	2.58	0.352176730265712	7.33018907236414	2.29828254218552e-13	2.86084722415332e-12
SACI_RS05505	64.2619990064824	1.28	0.48737271108882	2.62727101898657	0.00860727498413121	0.0216002026181508
SACI_RS05510	29.6259194110954	2.06	0.780648375097454	2.6337079132292	0.00844581087340605	0.0212376068394592
SACI_RS12055	0	NA	NA	NA	NA	NA
SACI_RS05515	4.38303280260143	-0.49	1.39467320546548	-0.352832892723371	0.724213722838709	0.8024724245095
SACI_RS05520	2.0973579241701	-0.52	1.95897986336369	-0.263330963176305	0.792295496435125	0.85481816821073
SACI_RS05525	16.5904598430712	0.05	0.800555346534786	0.0605807804309639	0.951693080400108	0.968323315032372
SACI_RS05530	62.987625586883	2.24	0.548223657416378	4.08734602729278	4.36336076708804e-05	0.000190193878732653
SACI_RS05535	40.8790820650413	-0.36	0.547636546866863	-0.657856383159322	0.510630419957154	0.618391728331462
SACI_RS05540	281.505544100174	5.40	0.53960637686847	10.0090795372097	1.39040118215392e-23	4.19130573222784e-22
SACI_RS05545	179.584999854318	4.78	0.565929822997265	8.45153954504844	2.8748641643081e-17	5.21225372398469e-16
SACI_RS05550	105.307885201203	2.04	0.449479420283551	4.52816356599187	5.94985190550228e-06	3.02672987468523e-05
SACI_RS05555	7.12688786524436	-0.55	1.11450392579094	-0.49683291873728	0.619306879329874	0.716368845161046
SACI_RS05560	23.5086811820983	0.97	0.712641529531304	1.36805674654055	0.17129431426416	0.268364667682486
SACI_RS05565	10.8906141456762	2.02	1.28211537400313	1.57756123421717	0.114666444102906	0.196503728181829
SACI_RS05570	3.56043282545455	1.45	1.78140750218714	0.812333530368825	0.41660027557494	0.536179984304784
msrA	45.7881954264939	3.66	0.78559984872382	4.66056901528287	3.15336401007005e-06	1.67509909834295e-05
SACI_RS05580	8.28960473371378	-0.84	1.26386090012984	-0.664973471794822	0.506067460808068	0.615409935174082
SACI_RS05585	124.903899262995	5.09	0.73571503673795	6.92385586919439	4.39513096017963e-12	4.86576002759709e-11
SACI_RS05590	44.9409904067905	3.96	0.881468782643485	4.49658517788694	6.90535235232564e-06	3.46236304319013e-05
SACI_RS05595	24.2252041871361	5.38	1.47605366399121	3.64560667903898	0.000266761722248533	0.000972941441786923
SACI_RS05600	25.6467140482369	5.46	1.47337455297969	3.70890942764579	0.000208153864044802	0.000777314877373276
SACI_RS05605	27.2464343662235	5.55	1.47445598589499	3.76644272361095	0.000165590050281403	0.000629644841647522
SACI_RS05610	45.6261046441843	6.25	1.45652628721842	4.2923616891085	1.76782670644097e-05	8.25205675282707e-05
SACI_RS05615	781.541874198242	5.57	0.49115439030352	11.3495201898422	7.45707780877893e-30	3.16230655551947e-28
SACI_RS05620	0	NA	NA	NA	NA	NA
SACI_RS05625	24.1004666218992	4.43	1.21141413937712	3.65631580121167	0.000255866114252645	0.000935931312660991
arnS	62.0161577447204	4.44	0.789949449491144	5.61762925656222	1.9359534046455e-08	1.36829249107996e-07
SACI_RS05635	300.53426689556	4.29	0.457640167555284	9.37933465003803	6.63903437359109e-21	1.58198704787856e-19
SACI_RS05640	164.4707666198	1.38	0.413918103870238	3.34597255282861	0.000819945116502296	0.00271004317237615
SACI_RS05650	41.9475734116327	3.79	0.810350728095586	4.67603601987156	2.92473256955743e-06	1.56057822302271e-05
SACI_RS05655	15.9386866807948	1.16	0.899706846428982	1.28852832343967	0.197562115968711	0.300852351889054
SACI_RS05660	7.24534401828371	-1.19	1.1001202434978	-1.08197941729341	0.279261673876702	0.396095639478179
SACI_RS05665	115.282219950663	2.30	0.567680810461194	4.04345851963293	5.26684777161454e-05	0.000224491535342071
SACI_RS05670	29.7969852684167	-1.03	0.619136135153669	-1.66309515753469	0.0962933890804243	0.171434813376087
purE	7.59275795559315	-0.40	1.15008898728901	-0.34534036510081	0.729838504114176	0.805849928196676
SACI_RS05680	33.9495339997376	-2.55	0.580194693900374	-4.38754721025378	1.14636115869764e-05	5.55851864159203e-05
SACI_RS05685	17.306289141646	-0.42	0.783411156755098	-0.538438332549946	0.590274468328849	0.691740852346032
SACI_RS05690	58.6860206918585	-2.59	0.510786364179972	-5.0784892512283	3.80447951847566e-07	2.29922892638312e-06
SACI_RS12060	129.657091712848	2.11	0.498523037411775	4.22931947850415	2.34399279260734e-05	0.000107608623249607
SACI_RS05695	40.8031380266764	2.24	0.655632095370585	3.41227048051617	0.000644241540329806	0.00218413595380105
SACI_RS05700	17.7846823206084	-0.51	0.77542349375613	-0.654144720436575	0.51301857210701	0.620383019532015
SACI_RS05705	19.9464996926352	-0.69	0.725365063548737	-0.950336573027592	0.34194126110679	0.463069016725203
SACI_RS05710	42.796116290292	0.03	0.53455987964132	0.0545652522888038	0.956484822153801	0.970841795143534
SACI_RS05715	61.0090002204592	-2.06	0.509878467947118	-4.03572185843856	5.4434673407084e-05	0.000231625089905653
SACI_RS05720	19.8091919725251	-0.20	0.722529106575142	-0.281407652765369	0.778397749132045	0.84529130569808
SACI_RS05725	41.1207492902944	-1.70	0.526837867269339	-3.227219133624	0.00124999690835575	0.00396889881307881
SACI_RS05730	28.0722157032621	-0.24	0.6168375262115	-0.387025532441761	0.698737305927356	0.78186079580959
SACI_RS05735	400.902020325528	-1.42	0.300423307505244	-4.74229454259806	2.11311092631789e-06	1.15185262258113e-05
SACI_RS05740	13.6226084231134	0.77	0.879473228873308	0.876186726166697	0.380928531417436	0.501764966043375
SACI_RS05745	1.96717193930846	-0.96	2.16329175286005	-0.445356231503644	0.656062337038076	0.744094401780263
SACI_RS05750	4.73088666632074	-1.29	1.34373904062871	-0.961832588223352	0.336133705374271	0.457566121243975
SACI_RS05755	19.6450496753978	-2.13	0.803942237618536	-2.65204935300988	0.00800048467375979	0.0203014327117109
SACI_RS05760	34.7637234534361	-0.35	0.605537492375821	-0.58231580320593	0.560353982733268	0.665677045915294
SACI_RS05765	81.204961677243	-1.34	0.428121830881102	-3.13268894739363	0.00173212899787796	0.00527224665777452
SACI_RS05770	223.917202418704	-2.69	0.336865460110025	-7.98843263978433	1.36665105698043e-15	2.0977674506534e-14
SACI_RS05775	3.25005971887872	-0.90	1.58033147740902	-0.570226851241277	0.568523846498293	0.671598991472488
SACI_RS05780	209.324687850316	3.11	0.40086953216571	7.7528070672676	8.98831286711669e-15	1.29245740192678e-13
acnA	792.054456123819	1.70	0.289214187121805	5.87495731523992	4.22952315395096e-09	3.34881864910927e-08
SACI_RS05790	22.722258848318	-2.50	0.678605078328746	-3.68277801376414	0.000230706046721491	0.000852624119493604
SACI_RS05795	52.2091050038294	1.16	0.52938273763923	2.18890605188542	0.0286036691235756	0.0622857964727469
SACI_RS05800	12819.2425186801	8.26	0.554458543108887	14.8981059558785	3.39055247661989e-50	4.24158114825148e-48
SACI_RS05805	17.0685523817335	-2.64	0.779576316237131	-3.38727801709295	0.000705898156459663	0.00238669890197578
SACI_RS05810	59.4823519230011	0.84	0.501086030104626	1.6780545510733	0.0933364500966022	0.167523528078693
SACI_RS05815	3.75037311416267	4.10	2.05568249083354	1.9956189004468	0.0459754206471719	0.0939024509871216
SACI_RS05820	2.47561516713945	1.88	2.1238858008907	0.88723009480943	0.37495503284866	0.496631811639675
SACI_RS05825	7.13105603540832	5.03	1.80470428230604	2.78717431924185	0.00531698690430668	0.0141673069590791
SACI_RS05830	224.393500189637	2.79	0.384330500724334	7.26840523049643	3.63756207033861e-13	4.46136289215059e-12
SACI_RS05835	47.9458614998222	0.21	0.562073607685302	0.370552879130146	0.710970584170708	0.792007302580192
SACI_RS05840	15.5049742575264	2.90	1.10328290020802	2.63283597868613	0.00846752281950313	0.0212708253959808
SACI_RS05845	4.84318965164139	0.72	1.5398670538004	0.468221682055766	0.639626068411438	0.733430074777918
SACI_RS05850	11.8023720413474	-2.53	0.974677151067417	-2.59757956337833	0.00938833674757474	0.0233263342030109
SACI_RS05855	168.701638953847	0.24	0.348929872019988	0.68599835573089	0.492714145275048	0.603707537452581
SACI_RS05860	63.6593692115007	-0.21	0.476587860738232	-0.431723113159809	0.665942666674609	0.752229594591365
tenA	134.80579346732	3.91	0.524466631566038	7.46469039873297	8.34956994991947e-14	1.07131405203582e-12
SACI_RS05870	432.825601504816	4.70	0.422985807471024	11.104406125231	1.19408474769045e-28	4.89770498151068e-27
SACI_RS05875	149.79472682591	0.45	0.625704484355275	0.724520743225338	0.468746097051908	0.583483947673569
SACI_RS05880	2.34630632619296	3.43	2.39333615095827	1.4319869347019	0.152147560494913	0.244963446819995
SACI_RS05885	3.34953335146389	-0.63	1.63716464328663	-0.383771356230165	0.701147919840585	0.783888252860909
SACI_RS05890	0.626022236955182	-1.39	3.37722326274498	-0.411989829347975	0.680346877932585	NA
SACI_RS05895	4.58606435081189	4.39	1.95945267411436	2.24172004597345	0.0249794714720553	0.0556817238917644
SACI_RS05900	18.7642716625917	-1.02	0.715954258515953	-1.42177188836681	0.155092482957561	0.24842598742626
SACI_RS05905	4.27494505370433	0.63	1.47574245351005	0.427690023708177	0.668876814091647	0.755202973311057
SACI_RS05910	9.31049720911387	-1.72	0.979132541400095	-1.75517848828857	0.0792287822547232	0.147164375056657
SACI_RS05915	109.654485415121	0.37	0.397301923795489	0.939835560439915	0.347301915249838	0.468183939630978
SACI_RS05920	10.4044971546296	-0.68	0.991084124463475	-0.686010911341306	0.492706227778373	0.603707537452581
SACI_RS05925	16.149110203747	-1.40	0.769091910260601	-1.81778092839307	0.0690976226969306	0.131170145665949
SACI_RS05930	18.3417652576119	-0.04	0.741879800443857	-0.0485005494060256	0.961317326596012	0.973771640138957
SACI_RS05935	5.66530534502339	-0.94	1.24682429258794	-0.755651291913117	0.449858294655272	0.57018513334726
mvaD	7.28374627669738	-0.87	1.17838772597207	-0.742316379756485	0.457895669930344	0.575440334193691
SACI_RS05945	21.3631734563424	-0.08	0.690342679443814	-0.109377758045067	0.91290287440194	0.941113717245016
SACI_RS05950	13.5418166706824	-3.16	0.896753453230805	-3.5222165231959	0.000427954456418994	0.00150596631499342
SACI_RS05955	14.1703310532732	1.69	0.936380875275501	1.8041524126716	0.0712074170715235	0.134461100009775
SACI_RS05960	33.9993910228941	-0.90	0.568568036677229	-1.58398971709062	0.113196059146858	0.194516854385603
SACI_RS05965	42.7732275064407	-0.42	0.558096795021771	-0.754103314046341	0.450787187594577	0.570784181863174
SACI_RS05970	9.32986425699194	5.42	1.72601492643162	3.13875743693326	0.0016966582893313	0.00517687687793526
SACI_RS05975	6.06030653685172	-2.33	1.23297599401391	-1.8882088397135	0.0589979195737781	0.115654778477999
SACI_RS05980	21.4573239988644	1.36	0.779741827081074	1.73873034127504	0.0820822064357286	0.151564339854017
SACI_RS05985	34.3180921370714	2.72	0.740882491013314	3.66837241434907	0.000244099452693662	0.000896823539852485
SACI_RS05990	21.5066260114448	0.91	0.777371629917301	1.16727299512097	0.243100140680332	0.354656881622268
SACI_RS05995	706.190429189544	6.13	0.461453178429023	13.283924964057	2.86949969617308e-40	2.05128235423573e-38
SACI_RS06000	2.4960900686571	1.90	2.10411648694922	0.901474135878841	0.367336279521149	0.488869878383997
SACI_RS06005	1.07458020755627	0.26	3.34445508193842	0.0775714250993763	0.938168973336771	NA
SACI_RS06010	372.475511974453	4.54	0.447421783301324	10.1499490549243	3.31536445999736e-24	1.05000530112828e-22
SACI_RS06015	555.127214740894	3.06	0.382431828535844	7.99672659812411	1.27770517436379e-15	1.97334465818407e-14
SACI_RS06020	152.570605878164	3.50	0.542148673938861	6.46444970339058	1.01668105314491e-10	9.82137449794817e-10
thrS	99.0733610332417	-1.69	0.401364109968977	-4.20738057595174	2.58347852639576e-05	0.000117738857432462
SACI_RS06030	3.4582363375093	-1.47	1.54730861157597	-0.951094555720668	0.341556378197656	0.462932859290648
SACI_RS06035	3.01191693850341	0.57	1.76037730753933	0.321240701051043	0.748027990331613	0.819424707447327
SACI_RS06040	121.935645629444	-1.99	0.383445372233812	-5.17691750501644	2.2558190053128e-07	1.39359485217102e-06
sucD	65.1286687547197	-2.00	0.472623608834904	-4.22517215782024	2.38758180486607e-05	0.000109208952025136
SACI_RS06050	12.1118153139267	1.38	0.972331893539928	1.42373964803187	0.154521851953401	0.248084672613066
SACI_RS06055	9.46115809549316	-1.60	0.994583311407088	-1.60417505967131	0.108675470551948	0.187910177830666
SACI_RS06060	1.97754034345071	-0.74	2.03251758460594	-0.363028721548903	0.716583429137865	0.79613309933523
SACI_RS06065	15.7465860837935	3.80	1.27733751478633	2.97697789201934	0.00291105000939924	0.00831443735561291
SACI_RS06070	5816.38453290652	5.92	0.346626941109874	17.0735766591433	2.33449633414191e-65	9.73484971337177e-63
SACI_RS06075	1139.00220562904	3.84	0.332187782314992	11.5499610554444	7.38538951553014e-31	3.29968652997436e-29
SACI_RS06080	9.24801171718092	1.92	1.23204626706684	1.55661506972946	0.119561903742432	0.201897868439381
SACI_RS06085	403.321266193694	1.13	0.308290052871547	3.65706062854434	0.00025512405263291	0.000934583279191127
SACI_RS11640	5.34443288092189	-4.04	1.49105430561007	-2.70835588391423	0.00676174717920253	0.017459124295526
SACI_RS06090	60.8245707454607	-0.46	0.463160664005167	-0.999922144943102	0.317348186618648	0.438192694768133
SACI_RS06095	43.4661002092702	-2.73	0.530131506193465	-5.157517861682	2.50244984730452e-07	1.52710476047705e-06
SACI_RS06100	84.5838903106583	-1.21	0.406918632047712	-2.98560477985795	0.00283018160546017	0.00812986725242404
SACI_RS06105	3.34865620754873	-1.65	1.56843855669237	-1.05012049776742	0.293662715687046	0.411621352744531
priS	59.8301145691184	1.07	0.531807643723314	2.00834401220613	0.0446067479843192	0.0917813186322094
SACI_RS06115	197.314718814883	3.52	0.499817824233963	7.0379645095029	1.95068354158925e-12	2.25517671988638e-11
SACI_RS06120	18.7877286173317	0.65	0.789692951294522	0.824861217877931	0.409450386410399	0.529702619854611
SACI_RS06125	12.6802435553286	-1.46	0.872559731310174	-1.66933939151204	0.0950501377304745	0.169953266898094
SACI_RS06130	11.6473593413393	-1.40	0.904464001667007	-1.54257004822801	0.122935129910611	0.206709472470664
rnz	22.3639395330201	-0.89	0.721617117964881	-1.23008745624968	0.218664356797869	0.325653702802541
SACI_RS06140	2.7431088721112	-1.74	1.8232131168787	-0.953113021165452	0.340532809380024	0.462701551882267
SACI_RS06145	9.0351826446215	-0.87	1.00442300721905	-0.868489097113638	0.385126638409186	0.505289380859876
thpR	7.58388193251437	0.19	1.2948417641037	0.143393424506446	0.885979475795066	0.919845790650491
SACI_RS06155	30.0371020047158	-0.20	0.60762857297566	-0.33293000600742	0.739187118755676	0.814733996091057
SACI_RS06160	4.06378367294682	-1.44	1.45796640609481	-0.986995237663205	0.323644973255021	0.443947216603104
SACI_RS06165	155.732557424267	5.73	0.748645675404216	7.65325790179308	1.95950364856428e-14	2.73892632888705e-13
SACI_RS06170	6.87776144357848	-0.30	1.13875210054959	-0.266221025692531	0.790068990984328	0.853151754614928
SACI_RS12235	8.5552527272406	-6.27	2.1844103128011	-2.86901054390846	0.00411758072112458	0.0113836320047002
SACI_RS06180	68.9364952406983	3.23	0.659026224864045	4.90568354579139	9.31025296783936e-07	5.37973508672842e-06
SACI_RS06185	14.1161590373522	0.78	0.89420173196237	0.873721203876794	0.38227010069965	0.502860037828877
SACI_RS06190	53.7327088876299	4.12	0.79281208921693	5.19328731106005	2.06612953840934e-07	1.28593435450253e-06
SACI_RS06195	3.02215438926223	0.57	1.74772907128848	0.328429375499551	0.742587035235425	0.816588243185674
SACI_RS06200	35.668905495473	3.27	0.783778200975068	4.17062462635177	3.03765874846003e-05	0.000136449231394021
SACI_RS06205	137.266355577098	2.66	0.546261693572157	4.87004889616532	1.11570636267374e-06	6.37328155116368e-06
SACI_RS06210	90162.7467909073	-1.08	0.25622132246641	-4.2002735540902	2.66592683160105e-05	0.000121275435139379
SACI_RS06215	23190.5921198988	0.95	0.363505259463132	2.6050500810268	0.00918608317339752	0.0229377046904597
rpiA	555.559541442711	3.78	0.336230766136371	11.2523746932548	2.25439427276433e-29	9.40082411742725e-28
SACI_RS06225	155.809743682968	2.28	0.40064808641299	5.68640850004675	1.29738846798785e-08	9.35465690750892e-08
SACI_RS06230	8.81352190633832	-2.14	1.1292468151411	-1.8910855615537	0.0586129235766141	0.115290514770981
SACI_RS06240	23.1276983748643	1.23	0.729654993857616	1.68798873313258	0.0914133917601814	0.165018979930717
pyrH	122.929768615635	0.56	0.451381617068894	1.23035163180538	0.218565457469118	0.325653702802541
SACI_RS06250	385.496705423024	1.29	0.391344841040175	3.30210426982855	0.000959623902827203	0.00312220936914651
SACI_RS06255	22.058747521493	0.49	0.795080756306002	0.61803429369853	0.536552733015986	0.643554620328858
SACI_RS06260	120.332023909296	1.19	0.42027190531504	2.8218342670506	0.00477498466584308	0.0129401155976684
SACI_RS06265	78.2052249483798	-1.69	0.42944372613665	-3.9274506153671	8.58510416077806e-05	0.000348700172244589
SACI_RS06270	64.7488081267022	-0.49	0.446240450441405	-1.09361153904166	0.27412538624968	0.389915700054974
SACI_RS06275	65.999675612633	-1.88	0.499022891245583	-3.77249693834057	0.00016162195034398	0.000617371175207082
SACI_RS06280	80.6640526055408	-2.25	0.468524285207802	-4.8013331719943	1.57612784398012e-06	8.82208471060014e-06
SACI_RS06285	56.5644512896902	-2.30	0.4695630880328	-4.90180077562399	9.49621156360725e-07	5.46195892692996e-06
SACI_RS06290	131.490548994401	-3.02	0.399754008700396	-7.56450382246202	3.89347889513045e-14	5.29428488892195e-13
SACI_RS06295	6.96009826715439	1.42	1.34164208343783	1.0609565425441	0.288709651174153	0.406894341855094
SACI_RS06300	141.73658089622	-0.42	0.387472780844632	-1.07665135308804	0.281636052986366	0.398787399271958
SACI_RS06305	12.8004539961982	-1.33	0.868000484507559	-1.53605941832771	0.124523808114977	0.208679549835012
rgy	163.931399670676	-1.49	0.354646130820107	-4.18807962044111	2.81324827118084e-05	0.000127053198095568
albA	799.123323831098	-2.29	0.32646027890461	-7.02807618978295	2.09400553701022e-12	2.40330360256861e-11
SACI_RS06320	46.7542863232476	-0.53	0.620145294788594	-0.853166583793779	0.393566931497711	0.513669516227059
SACI_RS06325	2.73225618420406	-3.54	1.93044617286679	-1.83362254178044	0.066710043730871	0.127801324207228
SACI_RS06330	21.5199321114544	2.34	0.862594413428906	2.71564298403612	0.00661472062658816	0.0170971394707888
SACI_RS06335	22.5322131794471	0.84	0.752252981337653	1.11670904708181	0.26411874831818	0.377183280988633
SACI_RS06340	44.5712548542702	5.26	1.13038749867999	4.65371845250923	3.26001871795042e-06	1.72079469036117e-05
SACI_RS06345	3.42827017576455	-0.69	1.57253588306386	-0.437760981709615	0.661559558278725	0.748630490643767
gatC	9.75633232435487	-3.21	1.03179663348166	-3.11465646984845	0.00184159252600676	0.00556481219815087
gatA	38.8046710326131	-2.20	0.603792146078453	-3.64520404581928	0.000267179729969619	0.000973047575522543
twy1	168.201452431765	-0.73	0.3416393587558	-2.14842388429203	0.0316800970857515	0.0680958787874144
SACI_RS06365	127.581085129703	2.03	0.425321740811469	4.77546683130284	1.79290842279413e-06	9.88074201284343e-06
SACI_RS06370	13.4236224244099	-2.42	0.859494219659057	-2.81274996449034	0.00491198293302703	0.0132432988129673
dph5	1.78834624527432	-3.99	2.53302359847794	-1.57348138073109	0.115607396298611	0.197170896754687
SACI_RS06380	3.76500944480987	-3.08	1.60607555153872	-1.91477215993844	0.0555215663872505	0.110162536955512
SACI_RS06385	27.9372387745974	-0.91	0.706978786470775	-1.29131754887984	0.19659358787661	0.29985465226072
SACI_RS06390	14.9990841981388	0.04	0.856683354088288	0.0505091824536925	0.959716632206232	0.973037098276335
SACI_RS06395	311.109004743812	2.72	0.347064805353872	7.82769626759393	4.96890580504614e-15	7.35633273622807e-14
SACI_RS06400	124.206292113313	-2.19	0.388266546436135	-5.64853173096738	1.61823985772904e-08	1.1591093707917e-07
SACI_RS06405	6.64836373289853	-0.41	1.17885875350314	-0.348941113980068	0.727133518290358	0.804717081970206
SACI_RS06410	70.1395977878464	-0.91	0.436052039762254	-2.08242802128534	0.0373033911612452	0.0787620967809582
SACI_RS06415	42.6181026371836	-1.75	0.556196155165984	-3.14643278368074	0.00165275245679793	0.00509887379396845
SACI_RS06420	35.8762133029148	0.99	0.590856739395946	1.66909905147346	0.0950977512619231	0.169953266898094
SACI_RS06425	43.4907903472114	-2.11	0.526429819021484	-4.00644106051243	6.16404976812018e-05	0.000258765981876454
SACI_RS06430	12.1846692100019	-1.34	0.901827447110738	-1.4871281409977	0.136980970387192	0.224738615022135
SACI_RS06435	87.8568686391537	-3.22	0.481417033523583	-6.68651177245875	2.28552769438824e-11	2.39263192107087e-10
SACI_RS06440	145.227979665331	-2.97	0.397140846313539	-7.48633641733251	7.08227194334926e-14	9.27740544620934e-13
SACI_RS06445	393.163109817728	3.31	0.396501656475944	8.33955493865088	7.45706644900231e-17	1.29566529551415e-15
gatD	100.140398190911	1.73	0.459842136880417	3.75280369863088	0.000174867786294921	0.000662907880772563
gatE	94.7825887043624	-1.63	0.399802020344946	-4.08566712005544	4.39503524031996e-05	0.000191241359500531
SACI_RS06460	20.326204959313	-0.67	0.705758760457827	-0.949614987922673	0.342307920003934	0.463198710573198
SACI_RS06465	603.051958763995	4.66	0.366067702316175	12.7242085477023	4.33848533125337e-37	2.71372257469898e-35
SACI_RS06470	780.415424277107	0.27	0.27406746490834	0.979105338056014	0.327527934370501	0.447800487319669
SACI_RS06475	4.79877080271426	-1.89	1.35830859274149	-1.39389788589135	0.163348442799907	0.258669496129979
SACI_RS06480	46.8139131788508	-1.90	0.513064305164386	-3.69426419392583	0.000220524429727429	0.000819839707545361
SACI_RS06485	53.8562899556779	0.07	0.507138246257233	0.145054822319221	0.884667587508087	0.919835357752962
SACI_RS06490	46.4973231728439	0.61	0.542085342494594	1.13187472752977	0.257687105081589	0.369474577028158
SACI_RS06495	89.2601263011149	-1.75	0.412710892971742	-4.23378685504623	2.29788746996119e-05	0.000105880560770587
hmgA	49.366321615174	-0.41	0.519183315538933	-0.790250685938612	0.429381380341663	0.549886868433014
SACI_RS06505	32.6373292015179	-1.34	0.593209211445176	-2.25727571626583	0.023990851774633	0.0537859418818384
SACI_RS06510	76.7067381746304	-2.19	0.419297593981726	-5.23430442748091	1.65607313597967e-07	1.04633711773261e-06
SACI_RS06515	124.939538690604	-0.52	0.363994586459563	-1.42236616923783	0.154919978934982	0.24842598742626
speD	432.286510495653	2.46	0.343187595607684	7.15564759133736	8.32788335816982e-13	1.001748277026e-11
SACI_RS06525	8.64694985766018	-1.73	1.21513714254299	-1.42353219391432	0.154581936292474	0.248084672613066
SACI_RS06530	7.6227241173379	-0.71	1.14619175694244	-0.618603601703183	0.536177528566945	0.643413034280334
SACI_RS06535	33.8980321490952	-1.12	0.573250399780552	-1.94844223600148	0.0513620702267342	0.102971073483405
SACI_RS06540	10.609152037287	1.43	1.04752899498175	1.36244391911749	0.173057831307734	0.270112722353057
SACI_RS06545	108.667141285205	-3.44	0.399113898486508	-8.60723423717161	7.48444111132184e-18	1.45163346205638e-16
SACI_RS06550	61.6154725623071	-3.81	0.506602601055916	-7.51942278341595	5.50186007875684e-14	7.28341477092572e-13
SACI_RS06555	14.2799195159602	-1.91	0.850117413536837	-2.2411788625002	0.0250144914685624	0.0556817238917644
SACI_RS06560	39.3044579054587	-1.00	0.549135443887958	-1.8121079083001	0.0699695246704389	0.132624053579877
SACI_RS06565	655.096424832202	1.95	0.295901324646133	6.60426433482942	3.99496157584366e-11	4.09647289457411e-10
SACI_RS06570	146.279859608918	-2.19	0.355466652387529	-6.16111714683882	7.22335281719246e-10	6.27528775993595e-09
cdvA	187.605093298718	-1.89	0.328054996192032	-5.75750921699002	8.53641096820389e-09	6.35657745310897e-08
SACI_RS06580	4.21519074985785	-0.51	1.45403811175572	-0.34884674809733	0.727204365441501	0.804717081970206
eno	33.9870930201831	-1.51	0.565367175779311	-2.66829932785752	0.00762363047117856	0.0194239546220863
SACI_RS06590	1.04461404581153	2.26	3.08375484274276	0.732248278141316	0.464017042046936	NA
SACI_RS06595	42.2339153997292	-2.94	0.535736490292863	-5.48280452429095	4.18635511521471e-08	2.84626643974652e-07
SACI_RS06600	11.7057522175058	-1.37	0.887535908092295	-1.54015829375407	0.123521773220622	0.207556397983879
gcvPB	39.0332200875157	-0.19	0.565414402451898	-0.32833924932836	0.742655170922109	0.816588243185674
gcvPA	141.483771944251	3.54	0.551060599294308	6.43250922199442	1.25514413827852e-10	1.19861474579117e-09
gcvT	14.6806283252755	-0.75	0.801153490282146	-0.931262215308412	0.351717942109663	0.473117360837837
gcvH	9.32174275717127	-1.29	1.0534871949605	-1.22896728712356	0.219084071354686	0.32598584695741
SACI_RS06625	20.7535418378647	-0.72	0.695161347422892	-1.03969251784781	0.298482777869167	0.416975940942857
SACI_RS06630	42.5515280346243	-1.64	0.549100456527861	-2.97799989589286	0.00290136083235696	0.00829623406006528
SACI_RS06635	26.1046121702702	-1.76	0.624057343336016	-2.81576540110634	0.00486611858747641	0.0131479791640021
sufC	35.3302720774461	-2.72	0.580018505121971	-4.68127201655006	2.85100339543029e-06	1.52745406753032e-05
sufB	100.375716413267	-2.31	0.39413169884937	-5.85056810751474	4.89896805380291e-09	3.83038064706715e-08
SACI_RS06650	91.5004668221996	-0.02	0.451225246486521	-0.0540313184013376	0.956910212202068	0.970879704351004
SACI_RS06655	4.58184911438833	-0.22	1.40736813081453	-0.152933630884664	0.878450614251179	0.918982014657799
SACI_RS06660	10.8806517619968	-1.52	1.09676315712792	-1.38730019321177	0.165350244230498	0.261552697964351
SACI_RS06665	49.1150017755035	-1.09	0.509009982719316	-2.13838596082656	0.0324854309675881	0.0696474278328238
SACI_RS06670	4.36615790035902	2.81	1.83841160220969	1.52892641437093	0.126282687151205	0.210499189375293
SACI_RS06675	51.8154821111465	-0.10	0.501285213484596	-0.189883348550752	0.849400541011923	0.89860471611494
SACI_RS06680	26.0609623761908	1.80	0.818935656002441	2.20295261322853	0.0275980887374979	0.0604644641166548
SACI_RS06685	1379.12714486469	4.14	0.309781421513803	13.379700459047	7.94669777195116e-41	6.02504176527933e-39
SACI_RS06690	58.2518307250803	-1.49	0.612127758207605	-2.43660284936124	0.0148259526307368	0.0348960804159016
SACI_RS06695	11.4374596319209	3.15	1.30220565990893	2.41739261566707	0.0156321457083309	0.0366556968718312
SACI_RS06700	1379.70755585549	0.17	0.286604530261188	0.590082079689181	0.555135622448954	0.660775131953988
SACI_RS06705	42.59428830553	4.20	0.895820056663631	4.68495344344977	2.800235761408e-06	1.50347422211219e-05
SACI_RS06710	19.2065067785575	-2.52	0.735349980758631	-3.42358141992752	0.000618017349062496	0.00210952170171128
SACI_RS06715	10.9419850429352	-1.70	0.951139168656954	-1.78603958326037	0.0740928492750834	0.139278969861952
SACI_RS06720	3.03164564948933	-0.31	1.64547419958251	-0.188190243562567	0.850727520358699	0.898984875029173
SACI_RS06725	12.7643346667348	0.05	0.866326448804793	0.0623468941534658	0.950286584953051	0.967297410721128
SACI_RS06730	9.04195104948851	-2.89	1.07181081947972	-2.69295802004464	0.0070821185645823	0.0181551850907632
argF	190.528214163289	3.75	0.48717648469549	7.69085333776736	1.46156898608079e-14	2.06601446507014e-13
SACI_RS06740	19.5737803802363	-2.13	0.720256281078079	-2.95495469614119	0.00312714967473715	0.00881136484915359
SACI_RS06745	10.7920703470876	-1.49	0.911248476425733	-1.63767912510186	0.101488647444095	0.177933828825631
asd	95.296909236597	-0.84	0.398868846477298	-2.11096660906304	0.0347751820226108	0.0741751964369754
SACI_RS06755	96.6426637515781	-4.16	0.439038346543776	-9.4683459465787	2.84309864369092e-21	6.97395373187713e-20
thrC	104.435067300378	-2.31	0.38506050437152	-5.99430841670005	2.04353218933732e-09	1.67088808422287e-08
SACI_RS06765	25.9437394063527	1.19	0.786703005445441	1.51350142098087	0.130152340481572	0.215513670340763
SACI_RS06770	9.39128896154491	5.43	1.72090368987598	3.15330154762303	0.00161434951549612	0.00500508362796937
SACI_RS06775	947.151190475021	1.54	0.366757622759048	4.19625902950201	2.71359883427856e-05	0.000122996816727626
ppsA	216.464164079527	0.94	0.340949014624437	2.74700341040844	0.0060142509098724	0.0158229818890649
SACI_RS06785	15.2491348299795	-0.58	0.827918554218474	-0.694823196932649	0.487166109017532	0.600142592201805
SACI_RS06790	22.6247618805612	-2.00	0.691634290777944	-2.89625335380127	0.00377647375919054	0.0105572484307204
SACI_RS06795	17.9070974271263	-1.44	0.744286999157368	-1.93148641485883	0.053422927737747	0.106675311412484
SACI_RS06800	125.088525096096	-1.85	0.392969340426172	-4.70277642392519	2.56647406156144e-06	1.38390476336783e-05
trpA	141.545953305925	0.58	0.371991514110536	1.56319150956803	0.11800755656692	0.200233184457268
trpD	64.3724417487684	-0.89	0.45072160507079	-1.97707688471536	0.04803294017539	0.0975474158432028
SACI_RS06815	71.8728733802455	0.00	0.440009690566989	0.0112307945909195	0.991039310760491	0.99302377073398
SACI_RS06820	198.437167764095	2.28	0.388027184135317	5.87193375229683	4.30740882092149e-09	3.39972771922573e-08
SACI_RS06825	21.8106291971257	0.76	0.734226399552472	1.04080826835034	0.297964541854452	0.416484516044602
trpC	16.4457372839033	-1.56	0.885029350402594	-1.762700106751	0.0779510827578225	0.145547469447815
SACI_RS06835	32.0714928620926	0.06	0.61369426989358	0.0995170430678101	0.920727756659109	0.945285534329541
SACI_RS06840	72.3216233270378	-1.14	0.438884182468566	-2.6066154282758	0.00914419975406481	0.0228559318528173
SACI_RS06845	28.1950936005059	2.66	0.785494786084385	3.38461757421942	0.000712774852966915	0.00240105738824014
SACI_RS06850	25.6860432257299	2.14	0.781482343620131	2.73753675383813	0.00619012027233787	0.016217466933392
SACI_RS06855	17.4094015070396	3.23	1.08511369358046	2.97657552190002	0.00291487280229001	0.00831586288635075
SACI_RS11925	37.4849378884591	1.59	0.622433341368807	2.55973923177029	0.0104750730881664	0.0258213131690564
SACI_RS06865	56.2647985800106	1.45	0.532795766614905	2.71716366884105	0.00658440383344972	0.0170363788948203
SACI_RS12245	49.1658050769152	2.93	0.647890024138467	4.52437390266904	6.05745546421969e-06	3.07261689307066e-05
SACI_RS12250	3.51886778527093	0.94	1.69805415294258	0.552003752232112	0.58094578249762	0.684012398968963
SACI_RS06870	41.7368659138333	0.45	0.573373852621128	0.778011012596971	0.436562521009678	0.556433737934903
glgX	426.411751154459	3.68	0.388515408156997	9.48453594255263	2.43463933753231e-21	6.09146762250584e-20
treZ	66.1235282762698	2.91	0.610742694461004	4.75816193448862	1.95363747833832e-06	1.06724912026255e-05
SACI_RS06885	5.00769361187657	-1.63	1.3160207014766	-1.23694610072563	0.216107093474995	0.323191839733674
SACI_RS06890	0.945271366609787	2.11	3.20427696125247	0.659580036231908	0.509523369032154	NA
SACI_RS06895	1258.97012414925	7.19	0.478125485480322	15.0330557901491	4.45950018110945e-51	6.19870525174214e-49
SACI_RS06900	0.954147389688569	-2.76	3.54576187965529	-0.777292506936599	0.436986214838539	NA
SACI_RS11930	0.954147389688569	-2.76	3.54576187965529	-0.777292506936599	0.436986214838539	NA
SACI_RS06905	2.55522913535527	3.55	2.32570268949551	1.52648791900803	0.126888396869016	0.211368021948254
SACI_RS12065	4.78264209100359	1.59	1.55087795719631	1.02536119785968	0.305192789660066	0.424453785285984
SACI_RS06910	26.9424892884332	0.15	0.662394135358084	0.22857583855672	0.819198605469579	0.874288777333113
SACI_RS06915	7.24459782775198	-1.62	1.10749835814309	-1.46439938781165	0.143084855296922	0.233071815073501
SACI_RS06920	21.9909499811279	0.19	0.711685587459098	0.262242389067168	0.793134574833633	0.855354614755927
SACI_RS11660	1.78909243580606	-1.19	2.09871999183312	-0.56691822856283	0.5707697389385	0.673615984351004
SACI_RS06925	36.4075412344154	-3.34	0.699840986995583	-4.77616731033787	1.78667756218985e-06	9.86813964812142e-06
SACI_RS06930	2.94043280283464	-6.24	2.31392737536478	-2.69743261702943	0.00698764249806924	0.0179867093931782
SACI_RS06935	24.2695889241035	1.69	0.776587715533391	2.17909864209903	0.0293243411232265	0.0637441368291162
SACI_RS06940	6.38979311726515	-1.42	1.16884918884223	-1.21447255311427	0.22456732463766	0.332269335448507
alaS	157.174792031305	-0.63	0.348099690109989	-1.82007825053137	0.0687470892370477	0.130802446593987
rpl12p	199.190830369141	0.70	0.369848087835111	1.90380465700378	0.0569356298015867	0.112522074062851
SACI_RS06955	106.256566149719	-1.61	0.416690300647519	-3.86041135436699	0.000113196301491489	0.000448838583726951
SACI_RS06960	94.4001689150509	-2.59	0.404416239108749	-6.41149171522866	1.44102591625815e-10	1.37089233554292e-09
SACI_RS06965	105.127440440448	-4.70	0.475838674369061	-9.87729786826708	5.22220897298634e-23	1.48476896027407e-21
SACI_RS06970	54.5869843819553	-1.78	0.563409226725792	-3.15145958840918	0.00162456641703199	0.00502430800422007
SACI_RS06975	23.6159057436284	-3.28	0.704551650868915	-4.6528682146977	3.27349472990685e-06	1.72427027667935e-05
ftsY	50.2698195211503	-2.15	0.519324508074807	-4.14958551430099	3.3307784085881e-05	0.000148284832353869
pfdA	55.6461425385639	-1.27	0.498926936317158	-2.53958181112628	0.0110985084902157	0.0272239884730586
SACI_RS06990	24.7592472314934	-2.89	0.666665685910796	-4.3347474009345	1.45927589591619e-05	6.91497782496648e-05
SACI_RS06995	26.8479044433231	-1.60	0.636795572545063	-2.51664338867085	0.0118478679599433	0.0287799666366778
SACI_RS07000	56.147975431772	-4.76	0.582770540740856	-8.17211227191773	3.03036322198196e-16	4.98813735618346e-15
SACI_RS07005	10.0829650960248	-8.02	1.75443577863457	-4.569783364838	4.88228626967594e-06	2.5186557209751e-05
SACI_RS07010	152.674373739411	-2.95	0.358342366110677	-8.22304645123191	1.98397947885442e-16	3.30927777072917e-15
SACI_RS07015	57.187091076782	-3.21	0.493170063324787	-6.51227230385947	7.40223712954422e-11	7.17844856516265e-10
SACI_RS07020	148.133377193077	2.31	0.401592590863381	5.74411020850521	9.24055922085306e-09	6.85711273336885e-08
SACI_RS07025	28.8513210416566	-1.21	0.604764864092619	-2.00209777391706	0.0452742169067718	0.0930017165030731
SACI_RS07030	12.3242155017072	-1.55	0.930822683464472	-1.66548127960324	0.0958167754365982	0.171116040073068
SACI_RS07035	63.21578449054	3.89	0.701812688416764	5.54663442750922	2.91220744375554e-08	2.01837756905162e-07
SACI_RS07040	41.6048231758957	2.14	0.633536179614995	3.38415244413401	0.000713983491946708	0.00240105738824014
SACI_RS07045	189.536914569853	2.50	0.412448924488305	6.0610487468994	1.35236834536545e-09	1.12787520003478e-08
SACI_RS12070	74.2993395562684	2.15	0.497512990585777	4.32121440490165	1.55172801881981e-05	7.29778853963754e-05
SACI_RS07050	126.160647672654	4.38	0.591357116578481	7.40785054241312	1.28362845091991e-13	1.6302732914729e-12
SACI_RS12075	5.53735793175694	0.34	1.3067017102097	0.26144697620263	0.793747834600983	0.855604007510287
moaA	56.2218380001873	0.49	0.481535951850733	1.02046116633971	0.307509797637003	0.426964214033175
SACI_RS07060	19.923911549084	0.16	0.744116106594787	0.219077579591061	0.826589615447671	0.879305789902242
folE	48.5362597327097	-0.79	0.548447855036877	-1.4476240954923	0.147722208587022	0.239223926138983
SACI_RS07070	157.71662284394	2.77	0.430755700307118	6.43673944389989	1.2206720830733e-10	1.17016151411855e-09
glnA	96.9662859667063	-0.96	0.457699354922914	-2.10293367448602	0.0354715676966148	0.0754003270256172
SACI_RS07080	125.8621841242	3.85	0.542516371639129	7.09163072407694	1.32540795066459e-12	1.56285946525081e-11
SACI_RS07085	19.8236446597075	0.50	0.757308426359429	0.662592749705687	0.507591414920189	0.615903840994332
SACI_RS07090	13.1418457191724	0.28	0.867422371247856	0.321431916172229	0.747883099696453	0.819424707447327
SACI_RS07095	9.63452974608074	1.79	1.14499583918008	1.56304018025721	0.118043144314337	0.200233184457268
SACI_RS07100	13.4978294154387	-0.52	0.828998713651352	-0.62619014361283	0.531190231361355	0.637734145329227
SACI_RS07105	184.56660949527	2.96	0.405403202813622	7.29482792978135	2.99041012466024e-13	3.68571730635464e-12
SACI_RS07110	9.92988199458546	-0.30	0.95636990232074	-0.312946953451938	0.754320964196059	0.824998339181066
SACI_RS07115	11.883032840395	1.50	1.00733360920519	1.4856890471881	0.137361389050965	0.225067580488222
SACI_RS07120	17.4400724168783	1.72	0.874471892691195	1.96390593840884	0.0495410010691701	0.10001421718326
SACI_RS07125	132.827377907804	0.75	0.449180604078468	1.66133211118788	0.0966467642384535	0.171862263059425
SACI_RS07130	43.1094908244475	-1.97	0.606143869447263	-3.24204630090832	0.00118674740199308	0.00379213537648364
SACI_RS07135	34.6848002767661	1.37	0.644316690775533	2.12628671353339	0.0334793936635577	0.0715943956805311
SACI_RS07140	36.5973788518653	-1.01	0.638659361032811	-1.58627540481461	0.11267684906146	0.193757715705687
SACI_RS11670	14.6094448299068	1.05	0.897039569312237	1.17232301935176	0.241067393047815	0.352429986267837
SACI_RS07145	33.3191301233882	2.43	0.71265441971944	3.40682188522219	0.000657240018850289	0.00222518880536322
SACI_RS07150	76.5078869882978	5.11	0.851176440600683	6.00710476129381	1.88865490435504e-09	1.55441268772905e-08
SACI_RS07155	170.043062754681	3.10	0.484179358729157	6.40246443573726	1.52888749243103e-10	1.4489683735085e-09
SACI_RS07160	106.594465535278	-0.11	0.415472900159527	-0.273923577668021	0.784143351974988	0.849643004612683
SACI_RS11675	82.0414612773147	7.15	1.38471478603145	5.16420010014117	2.41469278768008e-07	1.48441310928147e-06
SACI_RS07165	33.5610677941472	-0.30	0.625852452428998	-0.479741293231105	0.631411361796082	0.726006997800458
SACI_RS07170	25.1458324820642	2.08	0.789664048457764	2.6344885468304	0.00842641465819966	0.0212348469869064
SACI_RS07175	100.99293313276	1.01	0.404513627560374	2.48917746374025	0.0128039036392469	0.0308075286054066
SACI_RS07180	12.7316927158895	-1.39	0.888627644568714	-1.56572390211691	0.1174132680716	0.199570649942352
SACI_RS07185	15.4298901225823	0.74	0.834227718498651	0.883142321551273	0.377159380402618	0.499023146360312
SACI_RS07190	95.2444831757799	-0.39	0.393291201254945	-0.992473926768061	0.320966392170899	0.44124061165472
SACI_RS07195	23.1240927517672	1.93	0.782852196447763	2.46379793983841	0.0137473586812297	0.0328198653150529
SACI_RS07200	191.639686005453	2.31	0.398091006706795	5.80531105988801	6.42466164633245e-09	4.9007632436353e-08
pheT	101.147945257727	-1.22	0.389064717191794	-3.14259065575862	0.00167459847725662	0.00514091458907492
SACI_RS07210	187.481185254563	0.60	0.358726439097008	1.6820979383084	0.0925498501129785	0.166709665214307
SACI_RS07215	37.6819326907446	-1.47	0.53719917036011	-2.73161220275702	0.00630252764505531	0.0164946905522263
map	15.9173429680884	-2.17	0.778786963950524	-2.78749484475262	0.00531172994116613	0.0141673069590791
SACI_RS07225	155.075938442125	-2.19	0.346717068218117	-6.30726464593221	2.84009976589501e-10	2.61247412289313e-09
SACI_RS07230	12.4892037457072	-2.79	0.895594599651609	-3.11088649825267	0.00186526619418912	0.00562506670166626
rrf	8535.87005964464	-2.72	0.290376820469199	-9.35514427031247	8.34857018673598e-21	1.9705776044541e-19
SACI_RS07240	287.861955702132	3.64	0.396538391334516	9.19170466663502	3.86664429426072e-20	8.71562524706335e-19
SACI_RS07245	57.3873774803578	-0.19	0.466485258812339	-0.405168410686535	0.685353723295213	0.76929341215102
SACI_RS07250	100.046113411059	-0.61	0.387677562344479	-1.56186387284018	0.118320060828031	0.200439561234258
rpl7ae	237.859539929333	1.97	0.361220937682783	5.44297153846041	5.23990217320479e-08	3.51480837462691e-07
SACI_RS07260	1000.64786797093	6.13	0.407713756487705	15.0424582059005	3.86911425856279e-51	6.05032742182756e-49
SACI_RS07265	4.60350742394301	4.40	2.00096738416069	2.198598469774	0.0279064858813257	0.0610332409747176
SACI_RS07270	121.256878261084	3.58	0.549645872888393	6.52141971041416	6.96449993904535e-11	6.80671048730136e-10
SACI_RS07275	11.1317943782599	-1.06	0.911562398881746	-1.16520586297285	0.243935672973426	0.355461300978166
SACI_RS07280	6.0036679485156	-1.13	1.29316961560178	-0.872270719957515	0.383060707038744	0.503106503417815
SACI_RS07285	0.0993426792017391	-1.09	4.99390539590045	-0.217423801366779	0.827878084020131	NA
SACI_RS11860	3.0096783669082	-2.36	1.98836864032617	-1.18840304638454	0.234674656801821	0.345182828523313
SACI_RS07290	13.6113241415228	-2.64	0.882301213004301	-2.99376663723551	0.0027555661692943	0.00794288773683678
SACI_RS07295	0.616530976728088	1.50	3.78483744836143	0.395969010333596	0.692127889866786	NA
SACI_RS07300	0	NA	NA	NA	NA	NA
SACI_RS12255	15.2918832782001	0.53	0.821888904304029	0.645901175439909	0.518343358332122	0.625153778038352
SACI_RS12260	19.6636178426627	2.14	0.874315990487652	2.44830763974264	0.014352904730139	0.0338463408433627
SACI_RS07310	107.79219736953	2.37	0.447936284427381	5.28496429022566	1.25729280713792e-07	8.06601693194637e-07
SACI_RS07315	141.633516953182	2.87	0.438615430941762	6.54367186216085	6.00264293817504e-11	5.91283961862754e-10
SACI_RS07320	180.522038348094	2.37	0.424333733670464	5.59544887378942	2.200516888212e-08	1.54221099560404e-07
SACI_RS07325	494.001168404975	3.51	0.377709055941087	9.28936707588836	1.5520850454649e-20	3.59566368866035e-19
SACI_RS07330	44.5766999899489	-1.60	0.511329995791062	-3.1343304215474	0.00172246779504419	0.00524922585042699
SACI_RS07335	139.221167005425	0.85	0.404432487574428	2.10876991565948	0.0349644465797276	0.0744519534829603
SACI_RS07340	13.3935253092817	-2.12	0.854587709856544	-2.48521457306236	0.0129473367832323	0.0310944773835389
SACI_RS07345	8.44329473957503	2.36	1.42862231954874	1.64950733457325	0.0990437418154658	0.175223414477967
priL	4.49186674203026	-0.98	1.38033428005878	-0.713567567946659	0.475494618108912	0.589245930910599
metG	140.396708513229	1.35	0.398622902418582	3.38519846941063	0.000711268068356871	0.00240105738824014
SACI_RS07360	121.692244065759	-0.62	0.380290323751448	-1.62160538959521	0.104887867917362	0.182231743059068
SACI_RS07365	5.67088200912699	3.22	1.75134408712378	1.83692821817664	0.0662204929214152	0.127102099131942
SACI_RS07370	71.0389205622094	0.85	0.651843927920534	1.30558738322631	0.191692913188726	0.293882149998892
SACI_RS07375	563.610214652707	-0.13	0.295076265412937	-0.448447149784022	0.653830520169304	0.743009776191466
SACI_RS07380	188.46077515312	-1.88	0.328980088050771	-5.70392028114029	1.17082851187259e-08	8.54056249768288e-08
SACI_RS07385	36.0405163791909	-1.83	0.546538880529139	-3.33975353140172	0.000838527727136337	0.00275689405163616
SACI_RS07390	22.6251020506301	-0.18	0.689126986066038	-0.255838814813943	0.798075301151233	0.857441534905938
SACI_RS07395	267.292605222417	2.26	0.340400965594015	6.63298603020473	3.28962955389295e-11	3.40109634042981e-10
proS	225.256732218392	0.62	0.331257751574909	1.85861819203193	0.0630812766257207	0.121913675856297
SACI_RS07405	341.913702719429	2.08	0.327332844114489	6.35864624983906	2.03539539214119e-10	1.90020868326017e-09
pdxS	619.94596321157	3.44	0.337420183212485	10.1922170886882	2.14808528265777e-24	6.8903966374484e-23
pdxT	226.55118791902	2.64	0.368078135183305	7.16167322270822	7.96982222884732e-13	9.63308947660676e-12
SACI_RS07420	52.006215656646	-0.13	0.48621398662523	-0.274145420665012	0.783972869739091	0.849643004612683
SACI_RS07425	56.2366668820672	3.24	0.649053624222493	4.99046210974854	6.02350156938357e-07	3.54607080625828e-06
ilvC	45.8469364364267	-2.21	0.51943926310169	-4.26263156051519	2.02033479856249e-05	9.36088456667286e-05
SACI_RS07435	14.9079184177437	-1.23	0.801492664164895	-1.53746508722386	0.124179458246575	0.208381626111958
SACI_RS07440	53.420054395744	-1.23	0.521546265663345	-2.36794531504622	0.017887179522877	0.0415926795225263
SACI_RS07445	5.97133226179223	-2.43	1.22342994388126	-1.98364792790699	0.0472951022746242	0.0962051592610648
SACI_RS07450	3.36926206244981	-1.52	1.59384130653052	-0.951662648221927	0.341268098182184	0.462932859290648
SACI_RS07455	18.0845616934803	-1.56	0.745587991908006	-2.08737877249273	0.0368539092634563	0.0778787846090942
SACI_RS07460	5.02755327624591	-2.31	1.33735181914337	-1.7261151675425	0.0843266956448276	0.155022331009081
SACI_RS07465	3.9578035422615	1.63	1.72357086435098	0.948518467987938	0.342865575601604	0.463452009808327
SACI_RS07470	15.9577218913304	-1.35	0.863598188080233	-1.55853833279999	0.119105688456962	0.201489136253766
SACI_RS07480	86.9483411159524	1.58	0.468737688619666	3.36676115594912	0.000760565296448111	0.00253386733916535
SACI_RS07485	38.2285106464006	-0.50	0.551194148561804	-0.907012997814204	0.364399923825962	0.48729482063739
SACI_RS07490	20.7053525065101	-2.13	0.783981336442489	-2.72041197813733	0.00652006278826782	0.0169048674572498
SACI_RS07500	10.7943089186828	-0.68	0.930794786039446	-0.725212924096822	0.468321415341758	0.583245485905962
hisC	49.3460747144761	-0.90	0.528278861536932	-1.69783441156665	0.0895390191241244	0.162949374532782
hisG	26.4386285839554	-2.78	0.64587785610951	-4.3081742461	1.64607687032772e-05	7.71251747108604e-05
hisA	15.2298960265802	-2.25	0.890155528239784	-2.52852875660443	0.0114541702796512	0.0279049016939505
hisBd	20.4975687480298	-2.00	0.707562937176128	-2.82990852300329	0.00465613147347651	0.0126626532028676
hisF	62.7263146693827	-0.49	0.513362026930194	-0.955237722803344	0.339457493245385	0.461588395706496
hisD	49.8531573108627	-1.76	0.522999447385443	-3.36758118548386	0.000758306960020774	0.0025297120186293
hisE	17.6940376448424	-0.22	0.756368945524234	-0.294823462668105	0.768128742046153	0.836234612180757
hisH	30.987911301896	-0.63	0.600906775676383	-1.04879458458123	0.294272670445274	0.412245364755922
hisI	42.7979093116555	1.04	0.561373239300515	1.85073634343479	0.0642074928601363	0.123860560629191
SACI_RS07550	39.4493057941882	0.32	0.544607333388943	0.583681630957196	0.559434528031364	0.665259120311061
serS	55.0909940277154	-0.85	0.489097577579363	-1.73811772475931	0.0821900723340927	0.151651593642994
SACI_RS07560	170.192439498963	-2.43	0.34407806524202	-7.06049329467986	1.65912552336842e-12	1.93075909742688e-11
SACI_RS07565	12.9352141716867	-2.11	0.910100662976569	-2.32285705052394	0.0201868330676121	0.0461255308996945
SACI_RS07570	70.489049412792	-2.15	0.450317353197242	-4.77625899620619	1.78586354504372e-06	9.86813964812142e-06
SACI_RS07575	5.53463507639685	-1.57	1.39486363115813	-1.12536804687545	0.26043310548582	0.372557821569766
SACI_RS07580	16.9535125845046	0.83	0.831517381287305	0.993433820010941	0.320498586946352	0.441082213718247
SACI_RS07585	21.2873826606354	-1.38	0.789641373265311	-1.74714036391979	0.0806129932675555	0.14951349826199
SACI_RS07590	35.155085912456	-2.33	0.596150047025052	-3.90470509775946	9.43403550948889e-05	0.000382560078520927
SACI_RS07595	28.1974015276353	-2.64	0.665285950656058	-3.96887229278788	7.22135678419721e-05	0.000297168333454957
SACI_RS07600	13.9585627680938	-3.77	0.958119557671733	-3.93434559297227	8.34236776826969e-05	0.000339944693097895
SACI_RS07605	11.796789753422	-1.82	0.954405455223694	-1.91103338791841	0.0560002903650306	0.110936442195809
pyrI	11.0199756767041	-2.01	0.922679950344621	-2.17386133511208	0.0297155505595772	0.0644824869905135
pyrB	13.3772656441876	-0.75	0.830309055991338	-0.903531646334528	0.366243800313716	0.488663966141078
pyrE	0.318502939122871	0.54	4.85561043946176	0.111836078731415	0.910953380264078	NA
SACI_RS07625	2.21642931435776	-1.65	1.9636331610937	-0.84123541067599	0.400216066511268	0.520176934239581
SACI_RS07630	41.2067477109949	2.60	0.672860533302542	3.86463231308917	0.00011125666789244	0.000443255068577842
SACI_RS07635	84.5029910442014	2.17	0.476277665455588	4.56270662959388	5.04983539887931e-06	2.59973007571935e-05
SACI_RS07640	12.7682492628583	-1.88	0.872186452571136	-2.15339972736557	0.0312872770088366	0.0673672694286654
SACI_RS07645	3.97467844450391	-1.56	1.46195949024931	-1.06788402258818	0.285572830504511	0.403499767244772
SACI_RS07650	35.3675976792626	0.35	0.589885921826838	0.594622920439521	0.55209555552475	0.658409475654397
SACI_RS07655	11.271602576732	-1.22	0.989230079097712	-1.22842229470402	0.219288482849688	0.326001060065312
SACI_RS07660	21.9259384376123	-2.25	0.790945261274838	-2.83879913026977	0.00452836532350043	0.0123285854618042
SACI_RS07670	27.8136063540955	-1.99	0.623506117396858	-3.18417501336106	0.00145167214749285	0.00454010464128388
purS	7.68515691918945	-0.23	1.11079936303496	-0.206565159159212	0.83634947233729	0.887424249273919
purQ	27.7698027423167	-2.62	0.639749948099412	-4.10225015466944	4.09151563991224e-05	0.000179911636749744
purL	84.5867629035362	-1.95	0.420815587183438	-4.64203069154743	3.45001598210791e-06	1.80963102457736e-05
purF	51.9986123465372	-0.38	0.572435614069263	-0.667145188152837	0.504679398397014	0.61415751692088
SACI_RS07695	71.334402967862	1.13	0.462795320703555	2.4337852279474	0.0149418579463407	0.0351358351332185
purD	39.2969516427864	-2.22	0.542063670434977	-4.09582885939785	4.20660612821823e-05	0.000184002247076958
purM	48.1091903847467	-1.34	0.495250700913584	-2.70011224198605	0.0069316086276816	0.0178792626664529
SACI_RS07710	486.001443116714	1.06	0.297498436530274	3.56329063749718	0.000366234807175516	0.00129790295687414
SACI_RS07715	33.7498050944483	2.82	0.763883165234016	3.69309693555697	0.000221539526866567	0.00082239153741862
SACI_RS07720	74.0189320363959	-1.12	0.422279870499745	-2.65491590065196	0.00793281829993069	0.0201501638440879
argH	58.5804748637612	-1.83	0.47992635904897	-3.8128360662577	0.00013738123958872	0.000534568991370107
carA	91.0524119194978	-0.67	0.397269097079581	-1.68741103227305	0.0915243439533837	0.165100150375895
carB	412.619976954618	-1.79	0.320620749054873	-5.59345564369361	2.22594112328117e-08	1.55567170124288e-07
SACI_RS07745	15.5325708942925	1.50	0.912403988726233	1.64780303910302	0.0993930952035211	0.175374840761079
SACI_RS07750	9.43720581535731	2.41	1.28240958012756	1.88224794072775	0.0598023592432416	0.116712560707169
SACI_RS07755	22.3788737950628	0.78	0.735886146787415	1.0606962883586	0.288827947308744	0.406894341855094
SACI_RS07760	18.8406784916826	-1.60	0.802839666395234	-1.99020595475306	0.0465682526257157	0.0948809186234045
SACI_RS07765	0.516442106994615	-2.40	4.259286766374	-0.564291631304484	0.572555675878427	NA
SACI_RS07770	7.28352389969934	-1.08	1.32266500887731	-0.81746841883386	0.41366078997014	0.534045044636373
SACI_RS07775	107.695937296128	1.70	0.442970462584876	3.82876516759607	0.000128787820221099	0.000502694424638362
SACI_RS11685	12.3856318735338	2.84	1.21005388005157	2.34660438944962	0.0189453583773768	0.0437281242252737
SACI_RS07780	9.9098913768327	-0.15	1.04873326250092	-0.143338914040916	0.886022524167739	0.919845790650491
amrS	29.3768927457705	0.25	0.608530314457402	0.40927588993291	0.682337206944218	0.766251208157286
SACI_RS07790	14.3118623425333	-1.45	0.851782079533332	-1.69777351971557	0.0895505155805657	0.162949374532782
SACI_RS07795	3.07259545252463	-0.27	1.72469476350146	-0.157918585281456	0.874520952889289	0.916250404915698
cyoE	92.2876318413714	1.44	0.457452630767802	3.14382771446242	0.00166753583632826	0.00512931422769108
SACI_RS07805	9.54824712933891	-2.38	1.27692583795097	-1.86183388180017	0.0626265090736692	0.121459877504009
SACI_RS07810	9.73559551607037	-3.27	1.03993055839072	-3.14010314349974	0.00168888360758434	0.00516575401733011
SACI_RS07815	36.8904212605717	1.38	0.604843654394997	2.27340492353345	0.0230017897203454	0.05194086451291
SACI_RS07820	71.9259152532524	3.17	0.574664589361461	5.50858512586102	3.61729306565856e-08	2.47958006856924e-07
SACI_RS07825	357.542251864608	4.54	0.418954479104665	10.8355198299043	2.3363466625283e-27	9.13365523382156e-26
SACI_RS07830	15.3679499372221	-3.18	0.885672639362391	-3.59456412858894	0.000324935105423176	0.00116473873032778
SACI_RS07835	15.3262483198332	-0.96	0.805152938774411	-1.19701413636492	0.231301044850542	0.341022518689485
SACI_RS07840	91.0772714089764	2.09	0.506405668361138	4.13007981396947	3.62637316129581e-05	0.000160872085985144
SACI_RS07845	1194.98907190517	5.10	0.355686188580166	14.3452234816761	1.14132031549972e-46	1.14223337175212e-44
SACI_RS07850	17.8627173117323	-0.05	0.931826569556232	-0.0589796708447251	0.952968300235324	0.968323315032372
SACI_RS07855	92.2158128240763	3.53	0.605599153515776	5.826631652556	5.65572536421646e-09	4.38099840906179e-08
pyk	40.1624622185798	-0.48	0.546868953659294	-0.885799601491151	0.37572552462587	0.497389027838057
SACI_RS07865	8.80565398055812	-1.03	1.00469617089496	-1.02170891968353	0.306918688180521	0.426380098738291
SACI_RS07870	1.34264208341674	2.62	2.82405199591875	0.928121625980799	0.353344482865828	NA
SACI_RS07875	1.4617134736044	0.91	2.45977557235387	0.371856282311235	0.709999856350305	NA
SACI_RS07880	7.33295686566316	-2.03	1.09939134887174	-1.84524738637923	0.0650015601912527	0.125295765484217
SACI_RS07885	28.5377324632295	-0.24	0.608638779346962	-0.394544383718802	0.693179165591298	0.776335842573602
SACI_RS07890	73.0166991518754	0.04	0.432806084930143	0.101580255427681	0.919089852254725	0.945153667831517
SACI_RS07895	350.706989916783	4.19	0.417453380305676	10.0478052179629	9.39362065288667e-24	2.90158504611388e-22
SACI_RS07900	4.35293568747326	-0.05	1.576371238623	-0.0322040504877916	0.974309326033922	0.983348904290791
SACI_RS07905	19.8981218902296	-0.75	0.711044418302347	-1.05844226653709	0.289853858560027	0.407423794447859
SACI_RS07910	31.5352437808101	-0.99	0.575023387701441	-1.71448788521974	0.086439160144236	0.157977194069305
SACI_RS07915	15.2192912888917	4.60	1.51306817217793	3.04051289679708	0.00236175576631157	0.0069765205753383
SACI_RS07920	16.2974798284496	0.48	0.927331413683667	0.5145968252653	0.606834784046901	0.706843868568596
SACI_RS07925	37.4549515713029	-1.58	0.547037734513196	-2.89407984358653	0.00380271452198113	0.01061874077455
SACI_RS07930	41.6019720760568	1.20	0.592800339007332	2.02632448783632	0.0427315434464756	0.088358943556266
SACI_RS07935	6.06092177400003	-1.75	1.26844628791613	-1.37629251335096	0.168731089830745	0.266014610432592
SACI_RS07940	47.996897850834	-1.90	0.622871149049195	-3.05383642715826	0.00225935234031739	0.0067056934228637
SACI_RS07945	253.749739774585	0.49	0.315453142971032	1.55649940135416	0.119589384902943	0.201897868439381
SACI_RS07950	6.84748901771187	-1.91	1.22887870077903	-1.5567992165495	0.119518163285617	0.201897868439381
SACI_RS07955	14.8204365237477	-0.85	0.851894318452225	-0.991928838880269	0.32123223995341	0.4413635718635
SACI_RS07960	355.556210542693	2.08	0.329553181430031	6.32637421650973	2.50988711538869e-10	2.32582872692686e-09
SACI_RS07965	72.5064644799706	2.44	0.575958052279225	4.24260612445309	2.20939005224763e-05	0.000101990662559476
SACI_RS07970	10.0385849806309	-0.56	0.982453588352071	-0.574026869139586	0.565949619105772	0.669506357920871
SACI_RS07975	27.2575148489379	1.54	0.696717482035174	2.21724517934358	0.0266063417979007	0.0588065964473036
SACI_RS07980	4.92131123879374	0.26	1.49889882071339	0.171976272975635	0.863456182490116	0.910227902511076
SACI_RS07985	18.1472480693724	1.38	0.81066950488466	1.70503501354701	0.0881878944584284	0.160820781293723
SACI_RS07990	17.9296799468557	-0.97	0.764037269441473	-1.26436295543261	0.206099782732285	0.311578040118537
SACI_RS07995	3.54747251933563	-1.23	1.56540846583947	-0.785875295163024	0.431940549203651	0.552230584623165
SACI_RS08000	42.1410778810001	2.48	0.678368965390619	3.64961899947322	0.000262629554269534	0.000959268824499817
SACI_RS08005	64.7865155470381	2.29	0.54100466143603	4.22403069818015	2.39971341244884e-05	0.00010956355762677
SACI_RS08010	137.569893853371	1.39	0.398407648780397	3.48290975750918	0.000495995528901259	0.00171880999073539
SACI_RS08015	76.948404062256	0.01	0.439542913596153	0.0193349127547239	0.984573932778398	0.990512255654022
SACI_RS08020	36.2215279547389	-0.37	0.557478905208269	-0.664140791779575	0.506600204256643	0.615449743761636
SACI_RS12080	287.224816733353	0.18	0.370415455964743	0.493460588721896	0.621687180544612	0.718457887169802
SACI_RS08030	10.9192715698223	-2.93	0.965376183638299	-3.0367475971235	0.00239145613185958	0.00703104963797022
SACI_RS08035	75.9546446366605	-0.62	0.476031783575645	-1.31230705554733	0.189416552520659	0.290748597795515
SACI_RS08050	11.3625064503603	0.40	0.961280704621731	0.420179552056466	0.674354291314827	0.759995630906855
SACI_RS08055	1.58091581717548	0.14	2.47311790325998	0.0547027896493211	0.956375246873815	NA
SACI_RS08060	8.52502465872901	-3.87	1.30850853688327	-2.95494036289119	0.00312729495845259	0.00881136484915359
SACI_RS08065	17.769168846046	0.46	0.788476093392289	0.581184277554738	0.561116262923803	0.665677045915294
SACI_RS08070	176.087974357446	1.81	0.412094304389978	4.39121699687872	1.12717977409214e-05	5.47612387335636e-05
SACI_RS08075	15.1950937674418	-1.32	0.799910501989698	-1.6449042259719	0.0999895633095752	0.176070348504544
SACI_RS08080	10.9969005404834	1.66	1.06319572240575	1.56395448229029	0.11782825830164	0.20014005585248
SACI_RS08085	74.5491153270423	3.30	0.610412244811253	5.4083592378272	6.36047480766855e-08	4.23242233212413e-07
SACI_RS08090	60.5561216332718	-0.96	0.469828840917429	-2.0495334659418	0.040409978864117	0.0841846520549714
SACI_RS08095	7.87962704116937	-2.50	1.10440949698449	-2.26790236279375	0.0233351583116531	0.0525041062012196
SACI_RS08100	6.40916849786961	-2.46	1.26860076417349	-1.94193107052426	0.0521454454195447	0.104290890839089
SACI_RS08105	54.1156739835141	2.66	0.597365376797299	4.45402919360884	8.42736340673117e-06	4.14248786712012e-05
SACI_RS08110	8.98623396242257	0.01	1.06454381475216	0.0130832126037928	0.989561404455101	0.99273561906442
SACI_RS08115	34.1145478169582	-0.30	0.563885960522632	-0.529610112147842	0.59638228178125	0.697265639727424
SACI_RS08120	3.87472052815386	-2.69	1.51716638236457	-1.77551324009955	0.075813181359666	0.142085827536992
SACI_RS08125	283.820013905559	1.99	0.353194463934422	5.62651139479603	1.83890644818777e-08	1.30708634470619e-07
SACI_RS08130	21.4450786862348	-1.27	0.676047248223477	-1.87427005415355	0.0608932127858124	0.11847186500008
SACI_RS08135	77.5146351745005	-0.33	0.420891356904183	-0.790110178742617	0.42946342590913	0.549886868433014
SACI_RS08140	20.9090388216377	-1.09	0.687309528162892	-1.59055835990007	0.111709001878233	0.192490304889352
SACI_RS08145	26.4846680584249	-0.72	0.643511914949626	-1.11345277686029	0.265514019052652	0.378743486698822
rfbC	25.3555041906629	1.24	0.751812848339333	1.64310135241261	0.100361965111961	0.176462148074579
SACI_RS08155	16.6451944060592	6.25	1.61686383189047	3.86675844734131	0.000110291572575012	0.00044011086855292
merA	3.44799888675047	-1.48	1.54481755368891	-0.960738956545174	0.336683438386109	0.45806523264929
SACI_RS11700	1.88030528246075	3.11	2.5126888413594	1.23615763922718	0.216399973183589	0.323429378378712
SACI_RS08165	5.05988896296928	-0.86	1.65459153218001	-0.521628235519942	0.601929200115327	0.702110423631025
SACI_RS08170	69.2936623450017	3.36	0.665624889652523	5.04297081300744	4.58359188167168e-07	2.75015512900301e-06
SACI_RS08175	11.9110223373114	0.68	0.926035137237327	0.737646733069376	0.460729148964519	0.576660495602415
SACI_RS08180	10.755073873709	-0.15	1.02653948739205	-0.141891231557193	0.887165920443904	0.920269126430617
SACI_RS08185	12.4404247504249	1.32	0.981190647394016	1.34064685691815	0.180035136335795	0.279260949232584
ilvD	323.641138078313	2.48	0.378113942218138	6.54690949929619	5.87399343439009e-11	5.83203633843016e-10
SACI_RS08195	21.8235139488472	-1.46	0.694925352369046	-2.1013287616931	0.0356121166547715	0.0755738048093625
SACI_RS08200	27.4493479153505	1.52	0.735614374669377	2.06014533765327	0.0393846487424383	0.0824605783711973
SACI_RS08205	15.7088517526095	0.37	0.816677966275705	0.455720685491642	0.648590845162874	0.739140157857256
SACI_RS08210	1718.72294475202	4.39	0.29633164532987	14.8241717304228	1.02233121636488e-49	1.16266941061133e-47
SACI_RS08215	5.45550539194592	-1.77	1.26339595539553	-1.39805813938211	0.162095608989997	0.25684814040087
SACI_RS08220	7.96798607908055	-3.08	1.13063184543761	-2.72391283090334	0.00645135313465468	0.0167788831007339
SACI_RS08225	30.0678982441161	0.16	0.628613936709416	0.253578148819597	0.799821479676798	0.858735885400811
SACI_RS08230	5.0325147032012	1.69	1.53071469125352	1.103830683941	0.26966659182827	0.384010138164104
SACI_RS08235	217.77390425165	3.96	0.472465814342747	8.37567210783471	5.49095937556872e-17	9.6749157448401e-16
SACI_RS08240	231.901868469209	4.58	0.496270226649854	9.23009682063356	2.70387383559948e-20	6.15008394242719e-19
SACI_RS08245	15.5289708950172	0.63	0.850369141041946	0.742285540457767	0.457914350671318	0.575440334193691
SACI_RS08250	14.5355967930812	-2.11	0.861474391307532	-2.45412013722963	0.0141229789523008	0.0334082626178989
SACI_RS08255	42.214599704305	0.49	0.589682504127159	0.831079361630499	0.405928797895253	0.525962637148587
SACI_RS08260	104.293307247712	3.80	0.575089320435249	6.60441565274783	3.99088352516797e-11	4.09647289457411e-10
SACI_RS08265	0.0993426792017391	-1.09	4.99390539590045	-0.217423801366779	0.827878084020131	NA
SACI_RS08270	5.49038591438636	4.65	1.88986350655733	2.461899777801	0.0138203279593852	0.0329318671946493
SACI_RS08275	12.662491509171	-0.64	0.930125607415876	-0.687699114038258	0.491642278040996	0.603280519695229
SACI_RS08280	12.700403859998	1.29	1.09737558350146	1.17162233558343	0.241348716574285	0.352429986267837
SACI_RS08285	2.33910070382066	3.42	2.38688127540771	1.43275351642854	0.151928289637527	0.244767920587953
SACI_RS08290	3.33041987762628	0.81	1.70261340982557	0.475912964008108	0.634136385883512	0.728136410041554
SACI_RS08295	1.99863048211667	0.27	2.16095544754074	0.124826077594167	0.900661241921469	0.931949721789708
SACI_RS08300	82.2815166369586	-1.45	0.467565587152034	-3.1044455314939	0.00190636025101683	0.00571908075305048
SACI_RS08305	22.4140320934872	-0.53	0.749333971248569	-0.704816387118078	0.480924509183955	0.593915657442377
SACI_RS08310	96.2813524915098	3.21	0.518143356278935	6.19580840850759	5.79866282775299e-10	5.05514090419442e-09
SACI_RS08315	1.36162460387093	-0.84	2.48316710656542	-0.33891293479403	0.7346753199658	NA
SACI_RS08320	12.4507931545672	1.44	0.967213811489531	1.48760480371403	0.136855145860072	0.224738615022135
SACI_RS08325	101.951300807653	-1.24	0.384542140841814	-3.23549751081849	0.00121430944211284	0.00387525793898767
SACI_RS08330	140.614519964391	2.69	0.42913788176423	6.26141244038702	3.81506011732356e-10	3.40902871912269e-09
SACI_RS08335	0.407608167565783	0.90	4.4901242560306	0.200977570631939	0.840716112271296	NA
SACI_RS08340	6.28293584266467	0.04	1.38246944117401	0.0284629585516151	0.977292910845188	0.985565039473865
SACI_RS08345	4.2764374347678	2.46	1.86313775832494	1.32191509830367	0.186196424186832	0.286685202040279
SACI_RS08350	8.54536027413686	5.29	1.74432715726975	3.03294175844426	0.002421823364527	0.0071119742465335
SACI_RS08355	103.132411313703	1.78	0.44697869097218	3.97514172138899	7.03373583517888e-05	0.000289924333766352
SACI_RS08360	185.342114671373	1.13	0.394525599705896	2.86538151245229	0.00416507110058722	0.0114969196305319
SACI_RS08365	3.34865620754873	-1.65	1.56843855669237	-1.05012049776742	0.293662715687046	0.411621352744531
SACI_RS08370	0.109580129960566	-1.01	4.98899337193424	-0.203313424797925	0.838890063187611	NA
SACI_RS08375	2.41586086329297	-0.05	1.87037009786205	-0.0244901804675948	0.980461616219103	0.987964141675472
SACI_RS08380	56.2489648847782	4.61	0.856483138480174	5.38519164627989	7.23674991248141e-08	4.77740060185448e-07
SACI_RS08385	29.5827254126431	3.32	0.991270901672532	3.35110402360013	0.000804900606876594	0.00267374751918793
SACI_RS08390	3.37347729887336	3.95	2.12732656492156	1.85617202037996	0.0634290428408055	0.122453291039888
SACI_RS08395	9.02169852496889	-2.41	1.14814125109478	-2.09625199950949	0.0360598423444088	0.0763297170437485
SACI_RS08400	39.6660521717757	-0.14	0.561509032883276	-0.243946891407748	0.807271951895441	0.864489489252672
SACI_RS08405	2.08712047341127	-0.53	1.97045348276404	-0.269664450077452	0.787418412345707	0.851391904792117
SACI_RS08410	15.9651837966477	0.25	0.807549530845053	0.312708751315069	0.754501946207205	0.824998339181066
SACI_RS08415	1405.20578191786	1.62	0.294109449444794	5.51408038636259	3.50608332530085e-08	2.40995068129196e-07
SACI_RS08420	577.310763712628	5.27	0.436133835683902	12.083154485211	1.29648606097272e-33	6.4876162491075e-32
SACI_RS08425	558.366858490975	3.06	0.362470096325938	8.44288968661879	3.09587243446534e-17	5.57257038203761e-16
SACI_RS08430	645.563349128338	2.93	0.343164428482946	8.53858587412313	1.35874396188823e-17	2.55607322755215e-16
SACI_RS08435	541.017501649038	1.99	0.313692906913815	6.35290408526411	2.11287470372356e-10	1.96520911104697e-09
SACI_RS08440	1084.24912404663	2.53	0.275255347738294	9.18037095296284	4.29608909900044e-20	9.59715618365991e-19
SACI_RS08445	235.931291223701	4.38	0.526456517506703	8.31895522156619	8.87420658992415e-17	1.51042618285648e-15
SACI_RS08450	74.0740123932745	-0.29	0.487371402733775	-0.590780207477043	0.554667698243033	0.660532404095225
SACI_RS08455	3.8351321527986	-0.98	1.53868725742753	-0.636020587568249	0.524763003434197	0.63122934355402
SACI_RS08460	91.0693968571261	3.27	0.537025112948963	6.09187366735444	1.11596739413217e-09	9.33829571946053e-09
SACI_RS08465	10.5200468088441	1.41	1.04652974478879	1.3474890877621	0.177822765562367	0.276779971523221
SACI_RS08470	6.20099187923903	-2.04	1.31226604186322	-1.55419773797334	0.120137256925177	0.202595385613463
SACI_RS08475	5.12087374111238	1.04	1.40083585281775	0.740623888272208	0.458921519695339	0.57612726657187
SACI_RS08480	9.75303296537968	0.10	0.998922495068174	0.101106348914974	0.919466038170229	0.945153667831517
SACI_RS08485	1.46096728307267	-0.60	2.40118159017694	-0.248921880408902	0.803421209786789	NA
SACI_RS08490	20.7132072719777	-0.62	0.687682466768811	-0.90170578248575	0.367213180462766	0.488869878383997
SACI_RS08495	11.5479639720562	1.95	1.08381411858106	1.79737262576595	0.0722764835193905	0.13617150735355
SACI_RS08500	21.1122400567648	1.43	0.782531500386922	1.82572280244595	0.0678920266542811	0.12927385897185
SACI_RS08505	16.7969687698998	-1.05	0.760698636007326	-1.37682468875435	0.168566455801242	0.265922618168163
SACI_RS08510	22.8879322600421	1.16	0.765557232252802	1.52049723868792	0.128386052219472	0.213011871785888
SACI_RS08515	4.4808831007397	-1.64	1.41308149863863	-1.15938514301024	0.246299229963726	0.357355545248547
SACI_RS08520	23.3917313666706	-1.89	0.668453576551863	-2.82236675081481	0.00476706273083059	0.0129362157836639
SACI_RS08525	15.0003146724354	0.31	0.822761118733321	0.371232088416158	0.710464674913105	0.791796265760618
SACI_RS08530	455.669613660097	3.40	0.376426855999914	9.04337287212552	1.51910633074372e-19	3.30504699088763e-18
SACI_RS08535	12.5996526868566	1.91	1.01947964946476	1.8706811353545	0.0613892911129294	0.119337653383583
SACI_RS08540	5.55436378738278	-2.24	1.32791072383025	-1.6892832203708	0.0911651674072052	0.164808705818517
SACI_RS08545	5.85212991822115	-1.93	1.22697658329716	-1.57464846696899	0.115337608946041	0.197170896754687
SACI_RS08550	31.2455679527499	-1.24	0.612745692458307	-2.01976819930144	0.0434074371917229	0.0895345489313196
SACI_RS08555	15.6684257631079	0.55	0.986084215043738	0.55296877785893	0.580284789833829	0.683555811753409
SACI_RS08560	34.0415629674996	0.57	0.600530902494318	0.952889646078205	0.340645986637544	0.462701551882267
SACI_RS08565	47.663826392958	-0.34	0.513606891442598	-0.664765490619115	0.506200498236715	0.615409935174082
SACI_RS08570	25.9806963499625	0.55	0.656382701251828	0.844655255190619	0.398303348686316	0.518229317947562
SACI_RS08575	0	NA	NA	NA	NA	NA
SACI_RS08580	12.7056271937201	4.43	1.55321209233506	2.85283974471076	0.0043330466866021	0.0119004202084286
SACI_RS08585	1.55156489257905	2.83	2.68401685688167	1.05423822365108	0.291773864020767	NA
SACI_RS08590	3.64004679367037	2.52	1.91439474045745	1.31701773222372	0.187832680838203	0.288671601632177
SACI_RS08595	28.5173274922874	4.48	1.16803447821624	3.83848775978128	0.000123794384421909	0.000484716040412547
SACI_RS08600	10.6852130724871	-0.55	0.929638517045888	-0.595734769055424	0.551352426997279	0.658150654745798
SACI_RS08605	1.05349006889031	-1.74	2.95300636868341	-0.587588142479574	0.556808771908716	NA
SACI_RS08610	247.562554757028	4.77	0.490447900881552	9.71681069643727	2.55663928031095e-22	6.8050122120617e-21
SACI_RS08615	60.6879511079918	1.01	0.506322157425002	2.00090898078302	0.0454021995734281	0.0931117240432108
SACI_RS08620	23.7346071379818	1.37	0.755748290603606	1.80704123104089	0.0707558507198089	0.133810384354468
SACI_RS08625	88.0312317215871	-0.96	0.422656557131832	-2.2687112489856	0.0232858910839692	0.0524876572000819
SACI_RS08630	141.87217250546	4.31	0.586530113047638	7.35675014757544	1.8844158317855e-13	2.35740420556366e-12
SACI_RS08635	349.750944758788	2.67	0.340426422873397	7.8491430273459	4.18889685588563e-15	6.27582031941668e-14
SACI_RS08640	6.83092037959133	2.26	1.44298466854026	1.56813412374569	0.116849834343901	0.198755776340306
SACI_RS08645	6.90060587007476	1.02	1.46332138742901	0.698634170112604	0.484780683574925	0.597498162711558
SACI_RS08650	1.15283274809205	-1.16	2.81849513445579	-0.410785450361037	0.681229862790122	NA
SACI_RS08655	6.48324453551504	1.01	1.25514447053346	0.807533656499414	0.41935909196785	0.539453186685636
SACI_RS08660	18.5836002571126	-1.68	0.78633782606602	-2.13932947023855	0.0324089945726192	0.0695431427278672
SACI_RS08665	130.618058155449	5.82	0.820799412914624	7.09110100727745	1.33049187089697e-12	1.56285946525081e-11
SACI_RS08670	329.042625938906	4.76	0.483043263021615	9.84987589827935	6.86286625698644e-23	1.90787681944223e-21
SACI_RS08675	913.951176255754	6.30	0.46108901460498	13.6629378495627	1.69024476040092e-42	1.45827323811142e-40
SACI_RS08680	4.06391462633025	-1.35	1.46860102325514	-0.922462189951242	0.356287543711523	0.47772316954246
SACI_RS08685	1.26166668752088	-5.00	3.11017319105942	-1.60675292175605	0.108108579318902	NA
SACI_RS08690	58.7071896688679	2.48	0.58643215310288	4.22666644814155	2.37178843701244e-05	0.000108685250355405
SACI_RS08695	15.9452327086638	0.42	0.936573056159411	0.448323317144181	0.653919874969468	0.743009776191466
SACI_RS08705	33.286908149554	-1.85	0.568637058442847	-3.25121109859884	0.00114914499119316	0.00368138382581983
SACI_RS08710	22.8492210286019	1.58	0.774467008175988	2.04001309600191	0.0413490213854749	0.0857837906355375
SACI_RS08715	60.7766419832455	3.05	0.611420012696916	4.9920942479321	5.972809526789e-07	3.52452109340238e-06
SACI_RS08720	12.4295720625178	1.17	0.942019260510633	1.24075355984955	0.214696801736932	0.321659519728027
SACI_RS08725	14.6304879023132	2.17	0.98491268745722	2.20057142189365	0.0277663785836787	0.0607799468209661
SACI_RS08730	85.3010364583641	1.65	0.475592030675955	3.45888632160513	0.000542413783635048	0.0018590675159656
SACI_RS08735	0.834945046117487	-0.40	2.98453838763819	-0.132815356500113	0.894339409226299	NA
SACI_RS08745	6.98510300194385	-1.41	1.14208697918274	-1.23512764928831	0.216783000615947	0.323429378378712
SACI_RS08750	11.1897417041946	2.23	1.16976678031296	1.90747906150013	0.0564585799307078	0.111755828312208
SACI_RS08755	17.2179744610898	0.29	0.789104968163162	0.371936876169389	0.709939848369947	0.791563948583604
SACI_RS08760	17.6526035580422	-0.33	0.837575753085444	-0.398271006970182	0.69043042962261	0.773603643043336
SACI_RS08765	17.9864806856177	1.36	0.820052553464315	1.66436423472875	0.0960396628604477	0.171250069392578
SACI_RS08770	1.25217542729379	-0.75	2.74035619845087	-0.272362277521238	0.785343474823717	NA
SACI_RS08775	169.10766346457	5.22	0.620917501364304	8.4080746220395	4.16795957371838e-17	7.39591124357686e-16
SACI_RS08780	60.020299893128	3.41	0.649877393462371	5.24296351215824	1.58017796975692e-07	1.00345311683549e-06
SACI_RS08785	10.6763370494083	-0.13	0.960461323129201	-0.136688938931226	0.891276672918869	0.923002580978067
SACI_RS08790	5.89755686444686	1.02	1.38303711469483	0.734143852351381	0.462861069352851	0.579039197760416
SACI_RS08795	7.63986092634716	-2.85	1.1344112203913	-2.51415755673541	0.0119317115395467	0.028927463441808
SACI_RS08800	1755.20894374168	7.09	0.417558402636859	16.9849644594994	1.06117888471469e-64	3.79295652793737e-62
SACI_RS08805	90.9695553625698	0.86	0.433896716475919	1.9855068949282	0.0470881037704533	0.0958620306213786
SACI_RS08810	42.259282372668	1.14	0.659212198399583	1.73027724334984	0.083580753353316	0.153764003595586
SACI_RS08815	12.6407390670971	-0.18	0.937651428748184	-0.188121323288849	0.850781545943714	0.898984875029173
SACI_RS08820	11.6686643205125	-0.16	0.944273244606932	-0.174306485341421	0.861624602701635	0.90923017965394
SACI_RS08825	48.1457502156615	3.57	0.738274364469929	4.83505443524903	1.33109204866873e-06	7.5178155886437e-06
SACI_RS08830	40.2044873405847	2.75	0.707038387870584	3.88642530155426	0.000101731211269357	0.000408557769816906
SACI_RS08835	27.3651183140701	1.27	0.713226308565324	1.78519890643916	0.0742290592972169	0.139430260031259
SACI_RS08850	0.208922809162305	-0.06	4.8922678786655	-0.0130747301441021	0.989568171899884	NA
SACI_RS08855	16.1625021035494	1.68	0.892836111859018	1.88558168195514	0.0593513477768092	0.116104043891772
SACI_RS08860	37.9169243060224	3.01	0.753844106557222	3.99705018545062	6.41367076243555e-05	0.000267450070793563
SACI_RS08865	60.6738358819737	1.92	0.54161598555484	3.54339630212127	0.000395008622208053	0.00139198813065429
SACI_RS08870	7.55093100864269	-0.75	1.38732601276536	-0.537129126567092	0.591178422839613	0.692475849225052
SACI_RS08875	8.18230753270343	1.48	1.19482168806375	1.24210390174582	0.214198229175923	0.321104834870077
SACI_RS08880	2.19595441284011	-1.69	1.8930165224543	-0.895220467033404	0.370669245869194	0.492781324742149
SACI_RS08890	71.6160632513057	4.04	0.693396855812047	5.82835893678751	5.5975083155883e-09	4.3493682626093e-08
SACI_RS08900	18.8891816236498	-0.02	0.748205168124235	-0.0306980501278069	0.975510346203658	0.984164067016755
SACI_RS08905	12.559548830694	-1.78	0.92183334942484	-1.93057583102788	0.0535355291332416	0.106814907409386
SACI_RS08910	27.4906408033719	4.03	1.04623898144972	3.85609902034647	0.000115210834546608	0.000456103651955086
SACI_RS08915	9.81485053008292	0.31	1.19901691014729	0.259011384186854	0.795626456843446	0.856565144157617
SACI_RS08920	104.796344835984	0.88	0.405765084948028	2.17862373024642	0.0293596318369367	0.0637654503958469
cbsA	224.674404747019	5.21	0.659074221244416	7.91181011132102	2.53673119662358e-15	3.82343461081457e-14
cbsB	66.0616563148288	5.19	0.990617929494054	5.24419601445695	1.56965260431564e-07	9.99305551144464e-07
soxL2	17.8979436280635	2.40	0.947965258755867	2.52875969260653	0.0114466370151767	0.0279049016939505
SACI_RS08940	12.749573006526	-0.35	0.932231841104778	-0.37602141850337	0.706900972904194	0.788527077220817
SACI_RS08945	2.9810736328435	0.28	1.88126052598897	0.148015644213321	0.882330421940267	0.918982014657799
SACI_RS08950	2.51371116143124	-2.36	1.81579686439817	-1.30038026475783	0.193470670510898	0.296063374690071
cas6	70.1889852648403	2.15	0.544537370771907	3.94672387900427	7.92278380050017e-05	0.000323902043608683
SACI_RS08960	19.4684154866992	-1.15	0.700352001379774	-1.64483317064513	0.100004219619498	0.176070348504544
SACI_RS08965	9.72214259346019	1.11	1.09348075949047	1.01565565401834	0.309793392460858	0.429419982236602
SACI_RS08970	10.6340728849526	-1.62	1.06469165113269	-1.52418394770667	0.127462766790764	0.211901556485377
SACI_RS08975	56.273191656952	-2.78	0.477125841183816	-5.81974289400729	5.89382171627245e-09	4.55134010312151e-08
SACI_RS08985	2.20557662645062	-4.26	2.44668965000082	-1.7416279910307	0.0815735601524973	0.150736371862296
SACI_RS12265	8.0113497644495	0.07	1.1217779060838	0.0592190638381241	0.95277762554142	0.968323315032372
SACI_RS12270	0	NA	NA	NA	NA	NA
SACI_RS08995	3.20023389276463	0.44	1.79640726154388	0.24367983562337	0.807478791520182	0.864489489252672
SACI_RS09000	20.0642096551428	-1.05	0.711843417868939	-1.47430513294987	0.140399453775705	0.228995719261287
SACI_RS09010	362.025457513949	0.47	0.535404153051657	0.872929158286016	0.382701692035834	0.502898967160535
SACI_RS09015	32.9616811629192	-1.01	0.658910717646814	-1.53479265102863	0.124834768549738	0.208781143657383
cas7d	376.735904052589	2.01	0.327775332092155	6.12832955809265	8.88064930788851e-10	7.60937827682776e-09
SACI_RS09025	395.556401321604	2.95	0.330703133822863	8.92380185855195	4.5054955874699e-19	9.39395829987475e-18
csa3	6.03319418385048	-0.00	1.24367893402993	-0.00332759109513176	0.997344971340325	0.99774374981747
cas2	6.22164209149513	0.08	1.24783907863322	0.0659698557187625	0.947401824809117	0.965539456485707
SACI_RS09045	2.71151937591956	-3.70	2.14300640006199	-1.72484956944507	0.0845545858988443	0.155213187027813
cas1	32.3813477789566	-0.51	0.586668437431113	-0.873219271031156	0.382543572867589	0.502898967160535
SACI_RS09055	12.4301090363641	-1.59	0.970190739039427	-1.63736340729261	0.101554559377698	0.177933828825631
SACI_RS09060	2.81235443618477	-0.71	1.84565993686285	-0.383733712172211	0.701175823302444	0.783888252860909
SACI_RS09065	52.0882435071954	0.27	0.501923361630339	0.54305191563003	0.587094058164094	0.689628795082893
SACI_RS09070	22.3809453886459	-1.55	0.736050260936566	-2.09935236293286	0.0357858506946534	0.0758138852142445
SACI_RS09075	1.26166668752088	-5.00	3.11017319105942	-1.60675292175605	0.108108579318902	NA
SACI_RS11985	5.24596734563531	-2.87	1.33316412737233	-2.15058048016684	0.0315093273957059	0.0677870482751988
SACI_RS09085	35.4246006396111	-1.85	0.551935409185849	-3.34302333322325	0.000828709314092035	0.00273179275870655
SACI_RS09090	8.210213142496	-1.04	1.12222471749184	-0.926243359528836	0.354319523815423	0.475849408795592
SACI_RS12275	1.37124681748145	-3.52	2.78073065476561	-1.26484193637185	0.205927994968437	NA
SACI_RS12280	0	NA	NA	NA	NA	NA
SACI_RS09105	0.537663199044003	1.30	4.0650726050433	0.319214474022972	0.749563881989119	NA
SACI_RS09110	6.81936856741205	-0.33	1.14191925653178	-0.291963617755304	0.77031444140112	0.837603968876837
SACI_RS09115	26.2972282480788	-0.61	0.636301797150044	-0.964373000462849	0.334858953567229	0.456327397508282
SACI_RS09120	9.41431703150601	0.15	1.04618811840736	0.144748360813419	0.884909554800711	0.919835357752962
SACI_RS09125	55.340611728245	2.09	0.552801517048598	3.77526719378285	0.000159836242710842	0.000613359324022278
SACI_RS09130	90.160417215801	3.28	0.575356280858174	5.69520996502166	1.23220186227269e-08	8.93614220117758e-08
SACI_RS09135	24.7260516413491	2.67	0.832063674568312	3.21145150877954	0.00132066256895303	0.00416683196408636
SACI_RS09140	110.897348973107	2.19	0.45273580309909	4.83397492666328	1.33833450278891e-06	7.54169577922942e-06
SACI_RS09145	6.72933912879439	0.67	1.23495510750935	0.543366030676182	0.58687780928595	0.689628795082893
SACI_RS09155	317.260483259922	4.59	0.437686705580703	10.4973371631221	8.88512036462834e-26	2.92507515161844e-24
tsaA	4.4831216723349	0.14	1.40440297265792	0.102213039318167	0.918587578084671	0.945027187651253
SACI_RS09165	90.6046603996502	6.35	1.10922573907472	5.72673195770058	1.02383740999308e-08	7.51214428094632e-08
SACI_RS09170	18.9598413054848	-1.63	0.722295829001885	-2.2512017821333	0.0243727600846724	0.0545444058424421
SACI_RS12090	83.5278346940661	2.93	0.544723996115479	5.38465130636501	7.25852231467479e-08	4.77916390297798e-07
SACI_RS09180	33.9614932036568	3.46	0.847105952500931	4.08022079816297	4.49929425116987e-05	0.00019509937983409
SACI_RS12095	0	NA	NA	NA	NA	NA
SACI_RS09185	10.1185079218731	-1.27	1.01999960958223	-1.24435794154452	0.213367854885085	0.32024377499849
SACI_RS09190	20.7360433657476	2.37	0.860845902530895	2.7577730648247	0.00581965841502008	0.0153756973119116
SACI_RS09195	9.39960243755678	-1.66	0.988333481093638	-1.67820238874389	0.0933075955977626	0.167523528078693
SACI_RS09200	19.1053487887176	2.00	0.952322537745354	2.10042952883348	0.0356910737173087	0.0756771749497512
SACI_RS09205	4.91933457396539	-1.10	1.29958352181164	-0.848532145612719	0.396141677936738	0.516222124061312
SACI_RS09210	53.1571333377589	2.63	0.602768583783888	4.36388117833462	1.27774997167602e-05	6.12438779527471e-05
SACI_RS09215	5.47865608256407	2.19	1.59237323117831	1.37237624092787	0.169946342500923	0.267089038277205
SACI_RS09220	11.8998633852824	-0.49	1.02418447669423	-0.478693482777111	0.63215670287946	0.726530119708043
SACI_RS09225	51.8339524347394	3.49	0.708500965073251	4.92335102011423	8.50746496686144e-07	4.95015752257845e-06
SACI_RS09230	126.356139052245	2.93	0.491224651057881	5.96137811427829	2.50119448430953e-09	2.01870599991692e-08
SACI_RS09235	151.316726144216	3.05	0.485224950157044	6.28471097025619	3.28464205127735e-10	2.96684996833788e-09
SACI_RS09240	21.105485608446	-1.48	0.693401129792478	-2.13084229925749	0.0331021362827386	0.0708481992980427
SACI_RS09245	78.6227546322286	1.45	0.45804948764263	3.16746542133914	0.00153773996194697	0.00478535495620811
SACI_RS09250	292.754602186302	4.63	0.468980193093409	9.86881635038598	5.6831250729622e-23	1.59766055421926e-21
SACI_RS12100	0.198685358403478	-0.13	4.89720298489229	-0.0264335260583161	0.978911553558683	NA
SACI_RS09255	25.0161418225984	-0.79	0.642614704214918	-1.22879691240427	0.219147959465373	0.32598584695741
SACI_RS09260	22.06921085439	-2.54	0.764582962036287	-3.32732100081776	0.000876853024046674	0.00287157888241463
SACI_RS09265	14.3377358885115	0.69	0.852162606204994	0.805648469437195	0.42044556975643	0.540572875401124
SACI_RS12105	0	NA	NA	NA	NA	NA
SACI_RS09270	2.92355790059223	1.70	2.04802924521015	0.832373458893659	0.405198178360437	0.525288001169852
SACI_RS09275	0.933541534787492	-3.14	3.45299199175931	-0.908240542483965	0.363751148345989	NA
SACI_RS09280	0	NA	NA	NA	NA	NA
SACI_RS11720	0.0993426792017391	-1.09	4.99390539590045	-0.217423801366779	0.827878084020131	NA
SACI_RS09285	3.64817662621741	0.23	1.55050344576058	0.150172533206763	0.88062849545366	0.918982014657799
SACI_RS09290	0	NA	NA	NA	NA	NA
SACI_RS09295	4.18298601651791	-2.02	1.42704759740902	-1.41489929479745	0.157098024798645	0.250196854262387
SACI_RS09300	32.9529444259502	-2.86	0.618068055826655	-4.63025245601896	3.65220170541101e-06	1.91167545333438e-05
SACI_RS09305	1.54058125128849	1.02	2.4570053765406	0.416189702006435	0.677271194666836	NA
SACI_RS09310	6.22133582737326	-2.06	1.27637081769935	-1.61284121610795	0.106779009065022	0.184758700332425
SACI_RS09315	6.2954118650187	1.24	1.3943453773851	0.888618375027438	0.374208212309822	0.495905162711428
SACI_RS09320	2.42548307690349	-1.02	2.10759613451109	-0.483397178360817	0.62881375128408	0.724018410360225
SACI_RS09325	8.93179441591285	1.48	1.23876986593614	1.19549680692566	0.23189298304769	0.341693900815854
SACI_RS12110	3.04262929077989	0.59	1.74299932949773	0.337996850279554	0.735365561360902	0.810879080883639
SACI_RS09330	59.0817326246314	0.40	0.47216065536464	0.840750028572369	0.400487987268603	0.520260095610615
SACI_RS09335	59.7793527101445	-1.49	0.473204480647404	-3.14120004466103	0.00168257063137322	0.00515905848001937
SACI_RS09340	63.3396801554362	-0.12	0.458093767642417	-0.257523360137358	0.79677478446529	0.856748280781949
SACI_RS09345	52.4232056240944	-1.88	0.503709082313226	-3.73272229845908	0.000189421396335517	0.000712680200949568
SACI_RS09350	42.0961822847989	1.49	0.655352332534166	2.27864876696035	0.0226879525380746	0.0513248257235647
SACI_RS09355	362.225699805667	3.65	0.372712809912836	9.80498982639922	1.07157801671119e-22	2.94625076682571e-21
SACI_RS09365	27137.7310523586	-8.20	0.295893268798928	-27.7258649746057	3.40632052288078e-169	8.52261394824771e-166
SACI_RS11500	24.085022502871	-2.16	0.683551237285211	-3.15583867630078	0.00160037349511275	0.00496790879003984
SACI_RS09380	46.9481640723952	1.05	0.673394802921449	1.55408354671402	0.120164489308705	0.202595385613463
SACI_RS09385	2049.5235378801	6.78	0.38322724491115	17.7000046294558	4.19272744688139e-70	2.09804081441945e-67
SACI_RS09390	98.9765207787206	3.34	0.551042274598858	6.0556720193334	1.39832653926304e-09	1.1623299007429e-08
SACI_RS09395	54.7559708880086	3.72	0.71008445668918	5.23347179688149	1.66355399391062e-07	1.04841614427314e-06
SACI_RS09400	9.61753222318129	-2.25	1.06124380846386	-2.11640097399033	0.0343107193135734	0.0733094959202055
SACI_RS09405	14.7150328966775	-3.38	1.02859838233472	-3.28554987819595	0.00101783519813124	0.0032859660202895
SACI_RS09410	153.010068569618	3.74	0.539159281396945	6.93608386338565	4.03118351744943e-12	4.48267607140376e-11
SACI_RS09415	11.1385627831269	-2.69	0.957486672413541	-2.80430630572058	0.00504249751539485	0.0135368334587102
SACI_RS09420	71.3212092431141	2.21	0.520151748907151	4.24573487247266	2.17878141070929e-05	0.000100763606092322
SACI_RS09430	8.95438255946408	-0.46	1.09177475955958	-0.418435671557263	0.67562861030212	0.760082186589885
SACI_RS09435	2.59394036679537	-0.09	1.91355859653352	-0.0447411976174841	0.964313595610147	0.975791549760628
SACI_RS09440	25.7375921426319	0.08	0.640107802779753	0.118779193623439	0.905450293055066	0.935744169030886
SACI_RS09445	22.9696705119224	-3.39	0.739691629081426	-4.58485812435012	4.5429480513699e-06	2.35818589720488e-05
SACI_RS09450	7.14872419444206	0.08	1.18760790196557	0.0699281004823314	0.944250886919619	0.963749181891218
SACI_RS09455	36.3000112049991	-1.87	0.554154102766832	-3.38075237596764	0.000722876561600613	0.00242770088204662
SACI_RS09460	816.581998474029	5.64	0.398847943173947	14.1287739807229	2.52502025641627e-45	2.33985210427908e-43
SACI_RS09465	90.9124942943307	3.54	0.567494901288899	6.23161583615577	4.61648444758405e-10	4.08142900630929e-09
SACI_RS11995	196.27727044965	3.10	0.406533498819718	7.61452254094748	2.64667992713627e-14	3.63845778994228e-13
SACI_RS09475	54.1239043686377	0.49	0.626799305528107	0.782147068637107	0.434128147592258	0.554177870038688
SACI_RS09480	14.5075158725502	-1.37	0.838302656922996	-1.62946430470259	0.103214765439512	0.180211683970454
SACI_RS09485	40.2305047942463	1.73	0.606670942253453	2.84385231316211	0.00445717023432752	0.0121744977361217
SACI_RS09490	3.01103979458825	-0.48	1.80362839707436	-0.266507062730803	0.789848720767923	0.853151754614928
SACI_RS09495	35.0715234421697	-2.51	0.575459200211443	-4.35682024087505	1.31965560240458e-05	6.30110365880966e-05
SACI_RS09500	62.8546841783418	-1.91	0.498282592692318	-3.83003618934762	0.000128124414697456	0.000500886383707867
SACI_RS09505	82.7394701427964	-0.22	0.455962008898116	-0.473630223867492	0.635763618813623	0.729669988198021
SACI_RS09510	138.466051884464	1.37	0.461099226864576	2.97156227181874	0.00296288781196554	0.00842402875629293
SACI_RS09515	14.6768973726169	-1.77	0.804374496072841	-2.20571809104394	0.0274037444211894	0.0600912958298124
SACI_RS09520	1.36100936672262	-3.56	2.78347980739686	-1.27802627738563	0.20124016113164	NA
SACI_RS12000	3.45775205374441	-2.42	1.76086285988287	-1.37420823214384	0.169377045801561	0.266529162638683
SACI_RS09525	54.9429258395483	-1.45	0.4754083436258	-3.04881757947348	0.00229743940711891	0.0067945548423304
SACI_RS09530	9.67262574037254	0.62	1.0208243083784	0.606809147873973	0.543977576529704	0.651211433721205
SACI_RS09535	15.7538914625068	-0.27	0.871020980561763	-0.312362998228455	0.754764667620088	0.824998339181066
SACI_RS09540	0.0993426792017391	-1.09	4.99390539590045	-0.217423801366779	0.827878084020131	NA
SACI_RS09545	38.3267011146078	0.33	0.563172022423633	0.581792691543001	0.560706327452469	0.665677045915294
SACI_RS09550	54.6091377957117	2.42	0.588087857123951	4.11582475549719	3.85797359556952e-05	0.000170541518305918
SACI_RS09555	0.845182496876314	-0.37	3.03149022414014	-0.12040354780047	0.904163481111065	NA
SACI_RS09560	2.72399539827359	0.04	1.87959669339178	0.0216623386929904	0.982717306087163	0.989440120655968
SACI_RS09565	14.5603181280649	2.94	1.11153509178849	2.64715298818621	0.00811726210379696	0.0205560625341093
SACI_RS09570	23.2474772220504	-0.30	0.713835508693142	-0.418571002261349	0.675529685739293	0.760082186589885
SACI_RS09575	8.69545861344924	-1.38	1.00425130969708	-1.37436137919825	0.169329519756187	0.266529162638683
SACI_RS09580	1.37260824516149	0.79	2.53808469879444	0.309665765603171	0.756815138971948	NA
SACI_RS09585	41.1257666912772	3.82	0.826640994254881	4.61955357318389	3.84566577936107e-06	2.00455328749196e-05
SACI_RS09590	1.87955909192901	1.39	2.27844154819061	0.612189305190652	0.540412516649168	0.647253287054197
SACI_RS09595	58.3318048127638	0.83	0.528537663782297	1.57847226205685	0.114457155593787	0.196279508770154
SACI_RS09600	26.4749487973779	0.30	0.688385915218126	0.439523066784245	0.660282571862809	0.747677329192001
SACI_RS09605	2.91121283162162	-1.27	1.86279891639794	-0.683613589843146	0.494219200919512	0.604663296186121
SACI_RS09610	2.40636960306588	1.27	2.16124036923567	0.588379768638446	0.556277414265081	0.661819348783278
SACI_RS12115	1.37124681748145	-3.52	2.78073065476561	-1.26484193637185	0.205927994968437	NA
SACI_RS09615	38.8107604686194	0.41	0.557280639031953	0.739439614853183	0.459640094520775	0.57662771234361
SACI_RS09620	15.1399136542222	-2.62	0.872641993719544	-2.99931039073693	0.00270591487741424	0.00783587849917874
SACI_RS12120	37.6198261024138	1.50	0.607843022276773	2.45964056947021	0.0139076222039457	0.0331083451515435
SACI_RS09625	0.933541534787492	-3.14	3.45299199175931	-0.908240542483965	0.363751148345989	NA
SACI_RS09630	4.56124325948725	-0.36	1.41204579658365	-0.252535214012618	0.800627399055182	0.858992175144111
SACI_RS09635	7.48976258703477	3.64	1.66093426120665	2.19255461295996	0.0283394842325821	0.0618181251525025
SACI_RS09640	5.02829946677764	-1.54	1.32118727343736	-1.16661135646394	0.243367355046215	0.354839814875076
SACI_RS09645	0.0993426792017391	-1.09	4.99390539590045	-0.217423801366779	0.827878084020131	NA
SACI_RS12285	0.0993426792017391	-1.09	4.99390539590045	-0.217423801366779	0.827878084020131	NA
SACI_RS12290	0	NA	NA	NA	NA	NA
SACI_RS12295	0.318502939122871	0.54	4.85561043946176	0.111836078731415	0.910953380264078	NA
SACI_RS09655	16.0675112379764	0.94	0.823793986356248	1.14467110744781	0.25234542428558	0.363482010110835
SACI_RS09660	22.0246858290645	2.85	0.914922469867562	3.11041010295175	0.00186827754959419	0.00562506670166626
SACI_RS09665	15.2670151206159	0.23	0.851110420827026	0.26521477200415	0.790844015840607	0.853620244880587
SACI_RS09670	10.488282001914	-0.01	1.0189407840074	-0.0137173585269345	0.98905547464856	0.992626072029963
SACI_RS09675	2.09661173363837	-2.01	1.94493775592239	-1.03150049739766	0.3023061750865	0.421385820183938
SACI_RS09680	1.99801524496836	-0.70	2.00111167777811	-0.351082380269566	0.725526546156305	0.803571234388258
SACI_RS09685	1.34114970235328	-0.88	2.56324142102214	-0.34412406771928	0.730752983597141	NA
SACI_RS09695	0.943909938929743	-2.81	3.55258697475707	-0.791279373560298	0.428780982154848	NA
SACI_RS09700	3.23832988705643	-3.30	1.74691150804434	-1.89038438478888	0.0587065702912434	0.115371531726635
SACI_RS12005	50.4241253392013	5.44	1.1204245306162	4.8594674044305	1.17701957946675e-06	6.70820726156222e-06
SACI_RS09715	36.0199221409623	3.14	0.806803532527907	3.89189559675907	9.94640474719267e-05	0.000402022473764204
SACI_RS11955	1.2527906644421	0.60	2.5854862178974	0.230475562531401	0.817722250664059	NA
SACI_RS09740	6.17348666608753	0.06	1.22844920756382	0.045806937583739	0.963464129224799	0.975551295556636
sixA	53.1793167984748	-1.29	0.479808819864419	-2.69193650214891	0.00710384691166759	0.0181919230215087
SACI_RS09750	53.6839820073875	-1.19	0.470454080783067	-2.52620933688701	0.0115300754662994	0.0280624988489115
SACI_RS09760	11.1276234991913	-1.39	1.01902809245465	-1.36687988156137	0.171662958956657	0.268773919467807
SACI_RS09765	21.6062305974134	1.01	0.726574450239934	1.38720833474635	0.1653782446761	0.261552697964351
SACI_RS09770	18.9765325642624	-0.34	0.736539816889265	-0.460412871537813	0.645219897476244	0.737478384415514
SACI_RS09775	15.6424656211013	-0.71	0.789525465403453	-0.894445775626137	0.371083429840703	0.493069963601401
SACI_RS09780	680.508290875095	-3.09	0.538579694925638	-5.74369229354096	9.26340569096192e-09	6.85711273336885e-08
SACI_RS09785	2.39674738945536	1.83	2.12663404205094	0.858989467308743	0.390346327028145	0.510264634391023
SACI_RS09790	3.5590713977745	0.16	1.55998275346745	0.105532571046635	0.915953226323776	0.943869428444023
SACI_RS09795	58.9326722083829	-1.11	0.452617677352339	-2.45433775872462	0.0141144339542804	0.0334082626178989
SACI_RS09800	157.26484949137	-4.24	0.626378235177196	-6.76151170590707	1.36559281042486e-11	1.46013385114658e-10
SACI_RS09805	5.42039415978106	2.90	1.76982314778487	1.63659236819414	0.101715671328531	0.178091399344985
SACI_RS09810	0.637005878245742	1.54	3.7469427717435	0.411853296718585	0.680446954201943	NA
SACI_RS09815	1.58003867326033	-2.05	2.81978100455649	-0.727402751943064	0.466979269178814	NA
SACI_RS09820	36.176385779596	2.09	0.825528759238943	2.53661115657533	0.0111931202106202	0.0273221334311919
SACI_RS09825	32.9445790560925	-1.10	0.74091107544482	-1.48197989547808	0.138345644481226	0.226383781878369
SACI_RS09835	138.736129619542	4.42	0.654485623147699	6.75816538895206	1.39749954985844e-11	1.4878910101046e-10
SACI_RS09840	30.319624900485	-1.16	0.590371873620187	-1.96712627631598	0.0491686546431852	0.0994502618571135
SACI_RS09845	430.52351200869	1.01	0.345736729365575	2.90931897344109	0.00362217089578418	0.0101372165338389
SACI_RS09850	225.79966162305	-0.33	0.344311260873366	-0.944188233102019	0.345073467173871	0.465681669292894
SACI_RS09855	27.9393824174378	1.48	0.701919579034593	2.10260589836175	0.0355002339073449	0.0754003270256172
SACI_RS09860	497.245486323219	2.15	0.351353562365349	6.11475604084764	9.67047877909081e-10	8.174168211245e-09
SACI_RS09865	3.57954629929216	0.18	1.57564168949842	0.113180809964639	0.909887209329341	0.939211319483592
SACI_RS09870	433.85658639445	-2.42	0.297629351494353	-8.13527469211408	4.11005348097286e-16	6.63442181251232e-15
SACI_RS09875	1158.07453569449	0.28	0.277227768092808	1.01691600219249	0.309193390155308	0.428911797919441
SACI_RS09880	1.36162460387093	-0.84	2.48316710656542	-0.33891293479403	0.7346753199658	NA
SACI_RS09885	0.933541534787492	-3.14	3.45299199175931	-0.908240542483965	0.363751148345989	NA
SACI_RS09890	11.9136621017833	-4.39	1.42056740889389	-3.09241953492058	0.0019853204849017	0.00594171274309096
SACI_RS09895	3.35889365830756	-1.63	1.58479885402213	-1.02999101471169	0.303014223537882	0.422127832567807
SACI_RS09900	0.933541534787492	-3.14	3.45299199175931	-0.908240542483965	0.363751148345989	NA
SACI_RS09905	1.25217542729379	-0.75	2.74035619845087	-0.272362277521238	0.785343474823717	NA
csx7	1.04386785527979	0.18	2.75031012627524	0.0670528387130877	0.946539638603142	NA
SACI_RS09920	2.72201873344524	-3.59	2.0799869573807	-1.72526508535899	0.0844797110390148	0.155189601335988
SACI_RS09925	0	NA	NA	NA	NA	NA
SACI_RS09930	0.844567259728003	-4.30	4.24661684900286	-1.01214323442587	0.311469573077627	NA
SACI_RS09935	5.83314739776696	-0.89	1.22447173015425	-0.728244561970441	0.466463891822142	0.581725848544612
SACI_RS09940	21.7992083383298	0.10	0.690293467357939	0.148077295565151	0.882281767409923	0.918982014657799
SACI_RS09945	1.98690065029438	-2.53	2.25127041661172	-1.12259458070014	0.261609718047506	0.3738135434351
SACI_RS09950	6.86541075078607	3.30	1.71314947817269	1.92767585048476	0.0538954577240663	0.107361811485361
SACI_RS09955	1.85908419041136	1.38	2.29833523958237	0.599065153087999	0.549129438154803	0.656750408347666
SACI_RS09960	2.52333337504176	-6.00	2.44458929138722	-2.45367611822608	0.0141404277027797	0.0334082626178989
SACI_RS09965	3.14935561199694	-3.79	1.83336120102827	-2.06883440907228	0.0385616282936311	0.0809405989854572
SACI_RS09970	11.770776921334	-0.24	0.919843752504315	-0.257459804914742	0.796823840679294	0.856748280781949
SACI_RS09975	63.9012305316267	-1.91	0.473231346743406	-4.0327966974897	5.51169602736033e-05	0.000233733278990772
SACI_RS09980	60.6628818604358	-0.71	0.473412980177613	-1.49962325525671	0.133712020262195	0.220677753757264
SACI_RS09985	0.208922809162305	-0.06	4.8922678786655	-0.0130747301441021	0.989568171899884	NA
SACI_RS09990	0.82470759535866	-0.43	3.04406705767122	-0.140039868774725	0.888628490018388	NA
SACI_RS09995	0.924050274560399	-0.11	2.9453758609301	-0.0382945174214583	0.96945286204566	NA
SACI_RS10000	0.219160259921132	-0.00	4.88771254157446	-0.00016888094915994	0.999865252498692	NA
SACI_RS10005	0.944525176078053	-0.06	2.86089525105203	-0.0224172832490216	0.982115093777003	NA
SACI_RS10010	0.318502939122871	0.54	4.85561043946176	0.111836078731415	0.910953380264078	NA
SACI_RS11900	0.0993426792017391	-1.09	4.99390539590045	-0.217423801366779	0.827878084020131	NA
SACI_RS10015	0.109580129960566	-1.01	4.98899337193424	-0.203313424797925	0.838890063187611	NA
SACI_RS10020	11.4316210610504	0.51	0.953143240984477	0.531991864293163	0.594731630302856	0.695660841055515
SACI_RS10025	28.0119687829244	1.18	0.667085606355021	1.76823149731563	0.0770222105985741	0.143920515995245
SACI_RS10030	28.9338727057398	-0.34	0.630004228871111	-0.545600906678994	0.58534030097849	0.688538520473992
SACI_RS10035	4.90096729065951	0.37	1.36418761719001	0.274390523895955	0.78378452449992	0.849643004612683
SACI_RS11960	7.60176493205536	-0.97	1.10052663449206	-0.87994170111587	0.378890892498163	0.500520070237806
SACI_RS10040	18.8652903663217	-3.82	0.818753816324872	-4.66779393348738	3.04451019398119e-06	1.6207158522002e-05
SACI_RS10045	27.6051426245063	4.05	1.09212464041498	3.71064469051236	0.00020673209553867	0.00077315949631951
SACI_RS10050	10.8216831784509	-2.08	1.01216778803033	-2.05687245958821	0.0396984957620397	0.0829788106905792
SACI_RS10055	6.28741298585507	3.38	1.71473507062494	1.96843120108177	0.0490184448502873	0.0992266577794651
SACI_RS10060	2.07824445033249	1.58	2.21395905650132	0.712398610389853	0.47621797579897	0.589850185865852
SACI_RS10065	42.3746596310612	1.30	0.620843043481696	2.09533731625867	0.0361410174787534	0.076436877203585
SACI_RS10070	52.8841855893406	5.51	1.12302455211606	4.91080981787687	9.07010253210267e-07	5.25310104984279e-06
SACI_RS10075	99.3290797864502	2.90	0.490028856506802	5.91745774218827	3.26955826369529e-09	2.6052340050209e-08
SACI_RS11755	1313.19925060926	6.81	0.433328673035313	15.7112114486494	1.26734057387056e-55	2.43914316601857e-53
SACI_RS10080	2155.62829641987	3.79	0.279005447788596	13.5828830019146	5.05950260841304e-42	4.08350823427401e-40
SACI_RS10085	1875.44358022837	3.82	0.285514077799729	13.3673020477415	9.38848216269411e-41	6.90881834442961e-39
SACI_RS10090	216.737449879332	0.78	0.390450124061065	1.99254145007288	0.0463116819960503	0.0944350679332664
SACI_RS10095	188.802850648012	2.64	0.39570942673726	6.66593056910307	2.62993576109934e-11	2.73033164907492e-10
SACI_RS10100	154.78267966774	4.41	0.551743935676773	7.98588223824044	1.3952083085184e-15	2.12854340726405e-14
SACI_RS10105	1055.53395320111	5.20	0.367227169520496	14.1670289478824	1.46571622174365e-45	1.41046999492408e-43
SACI_RS10110	5.59847366328346	2.22	1.57589539728549	1.40787202030595	0.159168969509435	0.253056153889194
SACI_RS10115	482.595176429643	5.82	0.482402763467188	12.0696029138606	1.52870160521687e-33	7.4996302279463e-32
SACI_RS10120	76.0874909104343	7.01	1.38524341503843	5.0640203555393	4.105057875491e-07	2.47490477216349e-06
SACI_RS11760	21.8615018540716	2.94	0.958107634110061	3.06727774431326	0.00216018037108689	0.00642660081861998
SACI_RS10135	79.6443634723951	6.17	1.11378215043257	5.535651693696	3.10073229827319e-08	2.14310282051921e-07
SACI_RS10140	143.525143338097	4.44	0.568584773035846	7.81751793233754	5.38750563521319e-15	7.92914064664906e-14
SACI_RS10145	44.8144671506682	1.02	0.539840812596716	1.88797551603834	0.0590292374565968	0.115654778477999
SACI_RS10150	13.2214540635664	3.38	1.27879422488688	2.64546274032103	0.00815792707927867	0.0206381532379729
SACI_RS10155	8.24522461831986	2.60	1.37622704837951	1.88606682467245	0.0592859501987285	0.116066860248215
SACI_RS10160	6.11293910544972	0.60	1.30344182068621	0.456837862152933	0.647787589408518	0.739140157857256
SACI_RS10165	4.0776211229809	1.69	1.71093781618607	0.985740163636735	0.324260635100215	0.444463379478043
SACI_RS10170	1.95768067908136	0.23	2.19469770569301	0.103690833674971	0.917414701109781	0.944455186639005
SACI_RS10175	8.3159625634569	5.25	1.75237901573537	2.99671009025775	0.00272910115181711	0.00787567598828883
SACI_RS10180	9.44296612292573	0.44	1.21012183908778	0.360289798695046	0.718630427260462	0.798052964494308
SACI_RS10185	1.05485149657035	2.27	3.08408599627756	0.736487595235973	0.461434014024521	NA
SACI_RS10190	0.616530976728088	1.50	3.78483744836143	0.395969010333596	0.692127889866786	NA
nrfD	206.083482369094	5.55	0.666138659955989	8.33277261922842	7.89707421036567e-17	1.36265377064379e-15
SACI_RS10200	61.1384642503823	3.60	0.676403476596198	5.32785030126019	9.93819792984596e-08	6.49226402623357e-07
SACI_RS10205	6.06105272738345	-1.71	1.20067129255453	-1.42383763953551	0.154493477126536	0.248084672613066
SACI_RS10210	6.48689722487169	-3.28	1.27471042240662	-2.57664946417565	0.00997630641512273	0.024676655902841
SACI_RS10215	1.77885498504723	-1.21	2.0976456965007	-0.577650898063968	0.563499836125539	0.668101911150263
SACI_RS10220	5.41543273282577	-1.15	1.33251560269058	-0.862197943285649	0.3885786012945	0.508485178053786
SACI_RS10225	11.7424001880891	-1.63	1.27751211436767	-1.2769527913614	0.201618914602528	0.306098619135634
SACI_RS10230	16.5083010391383	-1.32	0.809884074528698	-1.63498321582975	0.102052566162241	0.17855630806848
SACI_RS10235	185.890442628665	0.39	0.377383023252129	1.04574587452233	0.295678376613886	0.413751285395941
SACI_RS10240	110.007289328785	4.37	0.693204586716376	6.29972575324681	2.98172731939286e-10	2.73270393887214e-09
SACI_RS10245	12.4707055090179	-1.79	0.863026067497163	-2.07720454356685	0.0377826847033408	0.0795852862833744
SACI_RS10250	19.1710026862423	-1.09	0.709498872639152	-1.53909560776603	0.123780957178363	0.207852318698164
SACI_RS10255	21.412289912789	0.61	0.82224182253748	0.744374493399817	0.456649945533569	0.574777879779132
SACI_RS10260	15.4069147427026	0.13	0.864810811317221	0.147649463109666	0.882619416955512	0.918982014657799
SACI_RS10265	19.567758165901	-1.13	0.699317628905924	-1.61333936227659	0.106670799250593	0.184699197041512
SACI_RS10270	3.21121753405519	1.26	1.84074899111414	0.684604647677137	0.493593433433349	0.604488874424982
SACI_RS10275	0.0993426792017391	-1.09	4.99390539590045	-0.217423801366779	0.827878084020131	NA
SACI_RS10280	26.1278938142718	-0.83	0.631500267425978	-1.31321606047085	0.189110153657135	0.290456479097698
SACI_RS10285	11.2527953670163	0.31	0.932763910905481	0.328111082980019	0.742827674456673	0.816588243185674
SACI_RS10290	11.9137978827529	-1.56	0.918391324509115	-1.69348881879874	0.0903624613743909	0.163712439072213
SACI_RS10295	9.59568756125721	3.07	1.41131982613433	2.17221213847	0.0298396655284262	0.0646957046378876
SACI_RS10300	3.12149706846397	0.65	1.73523453779886	0.377140861849703	0.706068926050716	0.787950246645357
SACI_RS10305	24.0813302837455	-0.89	0.663712966664087	-1.3451387330819	0.178580436964465	0.277693134422059
SACI_RS10310	14.7995687620798	-0.93	0.811034905034559	-1.14348772494721	0.25283614833525	0.363798759635501
SACI_RS10315	152.807244027584	5.71	0.735803120555917	7.75509219211279	8.82793204332251e-15	1.2767332932019e-13
SACI_RS10325	18.3607090445328	-3.02	0.786323371607352	-3.84336840779492	0.000121357083360822	0.000476664713608753
SACI_RS10330	17.7925787345264	4.93	1.50175163692379	3.28176275213368	0.00103160362152873	0.00332612404776402
SACI_RS10335	59.9671415983273	2.23	0.556582672804272	4.01380982809041	5.97464891909254e-05	0.000251659454470867
SACI_RS10340	21.2245486659072	0.63	0.793252950955132	0.799186451228697	0.424182306950239	0.545020867678199
SACI_RS10345	15.1648600751084	0.51	0.855955449717047	0.593664980096563	0.552736210216495	0.658859455913135
SACI_RS10350	4.58246435153664	0.20	1.39669910073419	0.144880934781149	0.884804879441643	0.919835357752962
SACI_RS10355	7.01581535422033	-1.39	1.12806921776043	-1.23533855648481	0.216704529826326	0.323429378378712
SACI_RS10360	3.31855909242056	-0.91	1.7616555899192	-0.513876996235104	0.607337991520307	0.706916086926393
SACI_RS10365	27.223519803139	-1.14	0.673657214444413	-1.69622441493794	0.0898433884341439	0.163236569109453
SACI_RS10370	6.91871124661379	-0.29	1.13294333735487	-0.253288472562273	0.800045303305072	0.858735885400811
SACI_RS10375	2.79275667858227	0.37	1.82847645804528	0.201795672237413	0.840076465006337	0.891000981537031
SACI_RS10380	3.0214081987305	-0.32	1.6555097053297	-0.192683360573898	0.847206955592517	0.897042658862665
SACI_RS10390	11.0302131274629	-2.00	0.937154804776104	-2.13450279122179	0.0328016454131067	0.0702651685133502
SACI_RS10395	52.8073913179086	2.66	0.604011367421637	4.40726288701827	1.04685101419028e-05	5.11566647950016e-05
SACI_RS10400	6.38904692673341	-1.94	1.18764168203556	-1.63099309781373	0.102891775916424	0.17989882833186
SACI_RS10405	1.13222689319097	-1.60	3.16298735573833	-0.505656283022838	0.613097962984687	NA
SACI_RS10410	213.070013943743	2.82	0.386525813887848	7.30781172922174	2.71527866730264e-13	3.36318179484714e-12
SACI_RS10415	36.2961409662306	-0.76	0.571943605387664	-1.33709430213666	0.181191856841806	0.280359941755224
SACI_RS10420	61.048012888435	-2.31	0.463181017253868	-4.98276258319852	6.26828423625305e-07	3.68151341763031e-06
SACI_RS10425	25.0434633922851	0.17	0.816425346730835	0.207324452250941	0.835756478856087	0.887424249273919
SACI_RS10430	4.09401174145842	-2.12	1.50034877222181	-1.41518092065419	0.157015457075903	0.250196854262387
SACI_RS10435	83.6575460655168	-0.60	0.40594386228426	-1.46823530041406	0.142040318585374	0.231521092573685
SACI_RS10440	100.507827522958	4.13	0.604544701602409	6.83052931146944	8.46018903884945e-12	9.20321433704405e-11
SACI_RS10445	13.4121149695856	-2.85	0.941167131891419	-3.02702912879499	0.00246970158099835	0.00723558940943545
SACI_RS10450	26.8118106870803	2.04	0.743716524557363	2.7428858919174	0.00609018446228393	0.0160059259712546
SACI_RS10455	1154.75069887639	6.57	0.436036051311658	15.0762624639826	2.32037716202398e-51	3.870389106256e-49
SACI_RS10460	113.399098590744	3.02	0.480606838578806	6.28901369958384	3.19489278659401e-10	2.89623976523848e-09
SACI_RS10465	8.82441412401427	-2.01	1.1434519686431	-1.76146850456366	0.0781591392047491	0.1457374853458
SACI_RS10470	20.3749699980471	0.69	0.760587959562157	0.913077417284168	0.361201826446931	0.483535029304559
SACI_RS10475	0	NA	NA	NA	NA	NA
SACI_RS10480	35.0838470181013	0.45	0.593355277001933	0.752186720514444	0.451938778382938	0.571268070061371
SACI_RS10485	22.6896397617888	1.32	0.751355005891694	1.7513663640586	0.0798828230034257	0.148269156642857
SACI_RS10490	14.5336201282529	-3.10	0.882606595350677	-3.50884539642801	0.000450056437383557	0.00157930042964047
SACI_RS10495	12.9272152925231	-1.33	0.874740088589263	-1.51927084649664	0.128694334832904	0.213250134584094
SACI_RS10500	28.741562892053	-0.84	0.600231526644559	-1.40598189204995	0.159729501899816	0.253741723017993
SACI_RS10505	148.464374603309	5.07	0.659973703768731	7.67510204905271	1.6528701211008e-14	2.32330395673831e-13
SACI_RS12300	5.81614154214113	1.09	1.42136219071749	0.765294580180485	0.44409615065762	0.563738492615609
SACI_RS12305	14.3482352460372	0.83	0.928045124387587	0.891866666335843	0.37246440332898	0.49430026506805
SACI_RS10515	0.844567259728003	-4.30	4.24661684900286	-1.01214323442587	0.311469573077627	NA
SACI_RS10520	272.623774448016	1.96	0.335336179238993	5.85317511760177	4.82275847065325e-09	3.78261495096377e-08
SACI_RS10525	230.028023457821	2.10	0.389337379720641	5.40277023444528	6.5619491515676e-08	4.35490630695547e-07
SACI_RS10535	2.41660705382471	1.28	2.16131948260072	0.59231205854754	0.553641642552879	0.659624471270144
SACI_RS10540	11.00129379655	2.20	1.17951185839266	1.86918362817427	0.0615972712227443	0.11956274057355
SACI_RS10545	6.66312539310735	0.37	1.24693049707424	0.297908418685011	0.76577306235878	0.834842789551925
SACI_RS10550	1.89867256576662	-0.92	2.0621806692511	-0.444942305443994	0.65636144873263	0.744094401780263
SACI_RS10555	3.19179779609572	-0.86	1.86050068394454	-0.462425803681121	0.64377599854073	0.736164327398952
SACI_RS10560	14.5793477147787	1.18	0.936942275633316	1.25579227920636	0.209191291608801	0.315489217363001
SACI_RS10565	13.929381530414	0.43	0.85368988970437	0.498343255330688	0.618242124933119	0.71587334707181
SACI_RS10570	2.92145028238045	-1.25	1.77523444424228	-0.702774984989478	0.482195988788869	0.595192088776394
SACI_RS10575	19.5451146233638	4.12	1.24097866245661	3.32145309594656	0.000895500324205204	0.00292881282504761
SACI_RS10580	96.0928104513459	4.11	0.627509807774401	6.54382500378555	5.99649614322273e-11	5.91283961862754e-10
SACI_RS10585	148.129755125721	1.04	0.405527539702146	2.57093385264331	0.0101424697297822	0.0250260939486342
aceA	67.750367908707	-1.23	0.464651629046116	-2.64089092498952	0.00826883359097188	0.0208975976208198
SACI_RS10595	2.19595441284011	-1.69	1.8930165224543	-0.895220467033404	0.370669245869194	0.492781324742149
SACI_RS10600	0.417099427792876	-3.82	4.97282890929389	-0.768590127045809	0.442136668375574	NA
SACI_RS10605	12.2307557507309	1.04	0.97790569997005	1.06302237280852	0.287771805550006	0.406323395872525
SACI_RS10610	22.9058096357612	2.22	0.8135105499167	2.73040434098834	0.00632566880601162	0.0165379554364066
SACI_RS10615	10.4036200107145	-0.94	1.07821546262987	-0.875633406658797	0.38122935832121	0.501764966043375
SACI_RS10620	59.2447302472549	1.37	0.499480962997002	2.75031876044853	0.0059537316742885	0.015680249104284
SACI_RS10625	59.3080700187869	-0.72	0.457103640173683	-1.58081521382043	0.113920294886253	0.195627026633772
SACI_RS10630	8.48516875278509	1.08	1.27636213880887	0.847781643387983	0.396559587978109	0.516228974568798
SACI_RS10635	1.35064096258037	-3.71	3.05723945407551	-1.21368294581774	0.224868819205128	NA
SACI_RS10640	5.34531002483705	-2.65	1.30623455673618	-2.02949342429188	0.042408058076019	0.0878352328693705
SACI_RS10645	3.33767256625817	-2.90	1.69799209443657	-1.7057356791314	0.0880573035220247	0.160699761788553
sat	5.12676500206423	-2.20	1.30418042961247	-1.68332306097916	0.0923125684928109	0.166402050698136
SACI_RS10655	1.66039883200788	1.16	2.36712747467062	0.491888431086782	0.622798217139471	NA
SACI_RS10660	69.325103441303	0.58	0.458417514812573	1.25499273094824	0.20948139877189	0.315546333369818
SACI_RS10665	19.4379510846414	4.00	1.21099198013941	3.29992240495548	0.000967115644623418	0.00313435666171994
SACI_RS10670	3.08190869310871	2.25	2.02226961498732	1.11416780606107	0.265207203932435	0.37852163390699
SACI_RS10675	80.1915706217476	3.21	0.589658780032468	5.43893291886616	5.3600630160345e-08	3.58579616741132e-07
SACI_RS10680	27.1308984625446	-1.26	0.723618666726434	-1.7366624267292	0.0824467735124194	0.152013137308823
SACI_RS10685	6.26465244648262	4.84	1.86547330991448	2.59642561825809	0.00941992987554165	0.0233816116553623
SACI_RS10690	2.69477542706058	2.03	2.06570276477643	0.981472075349385	0.326359998472322	0.44669185786529
SACI_RS10695	10.4730747914735	4.14	1.58520057248884	2.61477196000019	0.0089287046241697	0.0223619809506232
SACI_RS10700	3.80740456264905	2.23	1.95859216317346	1.14044155202337	0.254102389970715	0.3651718435995
SACI_RS10705	4.35144330640979	-1.16	1.63341448818796	-0.707176733484635	0.479456655385201	0.592527451406755
SACI_RS10710	65.277871741024	1.95	0.506925709205459	3.84776923504437	0.000119198250340173	0.000469659877718289
SACI_RS10715	1.55081870204731	1.03	2.42531835830057	0.426181857808062	0.669975336155387	NA
SACI_RS10720	72.6126170064771	2.53	0.56668683528663	4.45749012831868	8.29248546464519e-06	4.09226797486041e-05
SACI_RS10725	605.07783738943	2.14	0.494803767943407	4.32576176361546	1.52005638934856e-05	7.1893782346883e-05
SACI_RS10730	92.0156988163217	1.42	0.465444076914298	3.05499462362382	0.00225064556656316	0.00668778528211522
SACI_RS10735	13.8345159944027	1.79	0.999137672254769	1.79390130541448	0.0728289230681345	0.137103895304064
SACI_RS10740	41.4722988630979	5.15	1.14540895574172	4.49746226125778	6.87693626537197e-06	3.45503906344592e-05
SACI_RS10745	41.1403956914463	4.63	1.02174455671787	4.53361988179592	5.79813333051714e-06	2.96059787611304e-05
SACI_RS10750	33.4346966490681	0.38	0.678532533252045	0.553607285817693	0.57984763871165	0.68336259635259
SACI_RS10755	33.4730177292625	-0.52	0.584451749066845	-0.88203835077296	0.377756068509566	0.499548458462439
SACI_RS10760	417.637047273997	3.43	0.396683506925804	8.6517375345195	5.07211894419171e-18	9.91440749872474e-17
SACI_RS10765	10.4470702921118	-0.14	0.939914326142535	-0.150858653773743	0.880087216635215	0.918982014657799
SACI_RS10770	22.5954365291854	1.72	0.773388830353373	2.22189786226747	0.0262902089196317	0.0582107103689545
SACI_RS10775	115.050159611195	1.54	0.405674705369358	3.79582909171326	0.000147150850398038	0.000569043937706168
SACI_RS10780	110.781083323155	2.90	0.478614621125118	6.04936632624025	1.45416663877429e-09	1.20474335437526e-08
SACI_RS10785	56.2573724933093	1.72	0.549908400377349	3.12974474179536	0.00174958261090049	0.00531890120592106
SACI_RS10790	53.0185023484605	-1.08	0.480629480819286	-2.25341937427206	0.0242327190792458	0.0542795551801908
SACI_RS10795	54.5771223296584	0.81	0.494602335913225	1.63739405815599	0.101548158949326	0.177933828825631
SACI_RS10800	33.5334599097375	1.69	0.680094509790469	2.48093765885656	0.0131037288549078	0.0314338730536715
SACI_RS10805	35.5932061233807	1.93	0.644806790687051	2.98578712980093	0.00282849461508955	0.00812986725242404
SACI_RS10810	5.01942344369886	-0.47	1.30552617844792	-0.357914771541542	0.720407095948994	0.799361586705791
SACI_RS10815	109.337982801378	0.98	0.430157531202558	2.27695270336929	0.022789050135883	0.051506958843703
SACI_RS10820	10.9951018952981	0.07	0.939578195945319	0.0751521402154687	0.940093663186935	0.960849044798613
SACI_RS10825	8.02246435912348	0.48	1.09599989892092	0.435007729245273	0.663556817129657	0.750551155722605
SACI_RS10830	1.78970767295437	-0.01	2.25470055665442	-0.00256014242012961	0.997957304120939	0.997957304120939
SACI_RS10835	10.2265486045106	-0.67	0.947671183146731	-0.701733804174677	0.482845187437477	0.595699535980556
SACI_RS10840	15.4489197092961	-0.28	0.822841460669194	-0.345350653851235	0.729830770100252	0.805849928196676
SACI_RS10845	6.72828667414079	-1.53	1.16666029873735	-1.30923434340679	0.190454982172172	0.292163314159886
SACI_RS10850	22.9243218289987	-1.70	0.725734991562249	-2.34128869987685	0.0192173005001144	0.0442741122019209
SACI_RS10855	1.79994512371319	0.01	2.30600819452057	0.00618282098057325	0.995066854027534	0.996261412075586
SACI_RS10860	31.9068635722958	-0.38	0.575997457310729	-0.652570185134676	0.514033411929744	0.621309950071604
SACI_RS10865	25.4981876909175	-1.92	0.64997005304401	-2.95702802112192	0.003106198882828	0.0087716812695662
SACI_RS10870	4.50061181172562	-2.44	1.4514354586431	-1.67975569339951	0.093004858884006	0.167288394628169
SACI_RS10875	51.7088359659005	1.06	0.541973610228879	1.95255188050253	0.0508727177498644	0.102071804178156
SACI_RS10880	92.1811856360141	-1.50	0.433792533778929	-3.46012605440275	0.000539922572562086	0.00185306759471926
SACI_RS10885	21.6244413541152	-3.74	0.854297510413469	-4.38044909275149	1.1843496051298e-05	5.73161066157593e-05
SACI_RS10890	122.35349687159	-2.29	0.368143409929902	-6.21130293062615	5.25470616045545e-10	4.59694923547536e-09
SACI_RS10895	95.5589800951647	-0.16	0.419891853308024	-0.380182976386782	0.703809595082771	0.786130181650488
SACI_RS10900	140.169088956944	2.17	0.418926398230973	5.17788067514163	2.24420688501719e-07	1.38985287780025e-06
SACI_RS10905	55.5363760562339	-0.19	0.478323396920559	-0.400761817699819	0.688595492895153	0.772239320136115
SACI_RS10910	10.7420608775087	3.04	1.31343475524952	2.317697582958	0.0204657624847281	0.0466350981209378
SACI_RS10915	6.84190402088189	3.30	1.69951575578172	1.94257320475603	0.0520677470418944	0.104219453301358
SACI_RS10920	92.6092375417047	2.50	0.479125287917109	5.22051355813371	1.78427643135944e-07	1.11886206297276e-06
SACI_RS10925	80.9916266066856	3.43	0.579504697842489	5.92712212164399	3.08289710834553e-09	2.46434778437077e-08
SACI_RS10930	297.583935733141	2.80	0.404442783270827	6.91612585540852	4.64162070080285e-12	5.09356797956524e-11
SACI_RS10935	90.5889543738551	1.85	0.455826898970578	4.06192693949079	4.86693103604485e-05	0.000209227860003165
SACI_RS10940	36.0661592154447	0.42	0.576001980420431	0.730082231952178	0.465339921433367	0.580743905910716
SACI_RS10945	1536.05220589071	4.14	0.382508410228169	10.8266178758173	2.57490997573085e-27	9.91142270658246e-26
SACI_RS10950	38.2370478706876	7.45	1.53467703222077	4.85598776770867	1.19788096469742e-06	6.81158675834758e-06
SACI_RS10955	10.813113419494	-0.22	0.963863582192581	-0.229873711513506	0.818189904514948	0.873713675243875
SACI_RS10960	2.51507258911129	-0.17	1.93828506010751	-0.0893049081410384	0.928839593525429	0.952831760147857
SACI_RS10965	17.0688142885004	-2.62	0.777509507974836	-3.36863859860073	0.000755404067225563	0.00252339249158659
SACI_RS10970	67.3004512193304	-1.77	0.44297493418568	-3.98601052251722	6.71935331817429e-05	0.00027788135540615
SACI_RS10975	111.112445867986	-0.89	0.374976133861081	-2.36242039034283	0.0181560404980308	0.0421395299870808
SACI_RS10980	104.951465050018	-2.52	0.385137341467469	-6.54801304226184	5.83076285373306e-11	5.83203633843016e-10
SACI_RS10985	446.95436462423	-1.10	0.313405507229779	-3.50128472561991	0.00046302087683595	0.00162239662090791
SACI_RS10990	250.648143828109	-0.51	0.363393173465291	-1.41542141811752	0.156944973515861	0.250196854262387
SACI_RS10995	124.65436828786	-0.06	0.379285518985733	-0.163078089675674	0.870456950753467	0.913158612488542
SACI_RS11005	0	NA	NA	NA	NA	NA
SACI_RS11010	36.5864403641654	-2.02	0.550012994138233	-3.66953535948752	0.000242991726969433	0.000894066618937533
SACI_RS11015	163.198988367655	-1.14	0.371494885708866	-3.06733370719215	0.0021597759444657	0.00642660081861998
SACI_RS11020	65.5748502388928	1.55	0.508270717210493	3.05268997893783	0.00226800117806688	0.00672338737858214
SACI_RS11025	150.078460806437	5.74	0.751807479025561	7.63773211453728	2.21081240811277e-14	3.07302924727675e-13
SACI_RS11030	21.9131290342756	2.37	0.861159269503295	2.75615727644272	0.00584848676185386	0.0154355631626143
SACI_RS11035	36.3694708133443	-0.30	0.64446087894797	-0.463913116710823	0.642709994883273	0.735721874358847
SACI_RS11040	9195.30205960336	5.98	0.360537851956804	16.5997740498946	6.99537595993394e-62	1.75024306517547e-59
SACI_RS11045	15.6892539950071	0.59	0.813417625315667	0.730009618780788	0.465384305096317	0.580743905910716
SACI_RS11050	9.27864580615538	-2.18	1.15976649537271	-1.8793709611658	0.0601938585272753	0.117385061601904
SACI_RS11055	526.416624813253	3.81	0.352649157861665	10.8098227785149	3.09266956564389e-27	1.17240291715773e-25
SACI_RS11060	100.228297353013	0.66	0.423079550715003	1.55357272203969	0.120286370186401	0.202664308556482
SACI_RS11065	86.429522153501	1.91	0.457935218346199	4.16434711436493	3.12244771895566e-05	0.000139756067850216
SACI_RS11070	65.2919455246043	0.85	0.470555833643568	1.80362162851426	0.0712906430830526	0.134516733781144
SACI_RS11075	24.5409501589392	0.75	0.68656788956049	1.09243998688349	0.274639755183855	0.390203672612155
SACI_RS11080	54.6289471098754	-1.37	0.47547637447653	-2.87493934114755	0.00404105125285012	0.0112092131204335
SACI_RS11085	27.2378915181148	-1.09	0.634371237217108	-1.72446894984674	0.0846232196439625	0.155225289992078
SACI_RS11090	39.338594946272	-0.97	0.539257010580653	-1.79989085495208	0.0718778739564585	0.135522562651891
SACI_RS11095	282.450933063189	1.05	0.368990874231763	2.85670612283184	0.00428061965593293	0.0117822996470233
SACI_RS11100	90.771203385149	-0.20	0.410067488950952	-0.481999045181621	0.62980662455521	0.724828047211194
hpaD	75.7099248862175	0.60	0.520901138688014	1.14765042953488	0.251112902507238	0.362123620791418
SACI_RS11110	206.933414659719	4.88	0.53363625745569	9.13992627909758	6.24949177953122e-20	1.38373702941479e-18
SACI_RS11115	76.3664223456674	2.29	0.508456347579522	4.50608507780882	6.60346198389209e-06	3.32431828645835e-05
SACI_RS11120	50.3494028673651	1.57	0.539292587060614	2.91076344783116	0.00360546870052688	0.010101772327792
SACI_RS11125	13.7708527182545	1.01	0.889922558757563	1.13762893027853	0.255275461043845	0.366226607529645
SACI_RS11130	103.714197564141	-1.10	0.431490054368558	-2.54299111967318	0.0109908022397142	0.0269862484825956
SACI_RS11135	348.559392575896	1.98	0.318867147482395	6.21569020517141	5.10995326191062e-10	4.48600107414048e-09
SACI_RS11140	24.5813659030454	2.35	0.813768372821028	2.88257664880164	0.00394437159858437	0.0109653530440645
SACI_RS12125	75.5584003852645	4.02	0.659259218029785	6.09291338778873	1.10874057830815e-09	9.30895613062750e-09
SACI_RS11150	162.591994733634	5.35	0.649522717932957	8.23952438864169	1.72896565476533e-16	2.90326984444487e-15
SACI_RS11155	12.1387496472849	1.12	0.964854652674669	1.16243312844704	0.245059573084405	0.356062167164448
SACI_RS11160	118.074113408229	-2.13	0.378533331251331	-5.63111265585743	1.79050719129812e-08	1.27631025430994e-07
SACI_RS11165	49.7581683579587	-1.60	0.513197265997183	-3.11045312432773	0.00186800542266101	0.00562506670166626
SACI_RS11170	117.436470372589	0.72	0.412390733872628	1.75716708153106	0.0788893344071	0.146751758131275
SACI_RS11175	8.96035208371795	2.12	1.22101188787342	1.73552599695161	0.082647680901817	0.152271353178458
SACI_RS11180	10.7353008053681	-0.93	0.981338561250105	-0.944345927941289	0.344992903306286	0.465681669292894
SACI_RS11185	47.2865038115714	-0.91	0.55090517786619	-1.65582856036722	0.0977565422210254	0.173588977031232
SACI_RS11190	1.76774039037324	-4.12	2.82155841529185	-1.45946703008681	0.144436608691473	0.234640395161766
SACI_RS11195	2.00961412340723	1.52	2.26674359317611	0.668638813847149	0.503725906879936	0.613594069626875
SACI_RS11200	272.733655587305	3.93	0.408296629017154	9.63086405736935	5.92293119108308e-22	1.54366394167603e-20
SACI_RS11205	20.10998993175	-0.20	0.787982113250917	-0.250395025157104	0.802281876458821	0.860398309001273
SACI_RS11210	667.974401656313	3.44	0.318837263051862	10.8037161280731	3.30548631533377e-27	1.21622452367134e-25
SACI_RS11215	398.532493003052	1.55	0.302620423955573	5.13047920596582	2.89005485973343e-07	1.75934726497641e-06
SACI_RS11220	2605.37666445855	4.90	0.293767934671018	16.6844332769997	1.70112661735471e-62	4.72913199624608e-60
SACI_RS12130	1148.07522486468	1.33	0.270171369613565	4.93251433467861	8.11778200564765e-07	4.73442670818891e-06
SACI_RS11230	110.843625388686	-2.14	0.402494046655746	-5.30740734748411	1.11195494567704e-07	7.18891802088876e-07
SACI_RS11235	68.7614524083501	-1.30	0.46857419486373	-2.77662019390282	0.00549273221362434	0.0146044803384571
SACI_RS11240	12.7723335458984	-0.55	0.85092978466846	-0.648934576360516	0.516380664609892	0.623452198281518
SACI_RS11245	4.29243519309505	-1.91	1.44050223339417	-1.3226496849706	0.185951903164612	0.286485013373066
SACI_RS11250	0.735602366915748	-0.79	3.16705923862875	-0.249098710922632	0.803284426570906	NA
cimA	60.528399666944	-1.24	0.462358565646572	-2.67275016272687	0.00752322572592937	0.0192268751443057
ubiA	136.999903875371	3.51	0.493898425229145	7.09821883888466	1.26374967855532e-12	1.49853160935801e-11
SACI_RS11265	49.0579480377425	1.52	0.544762995580967	2.78950243144305	0.00527891000679317	0.0141109325181587
SACI_RS11270	33.2656572317393	2.60	0.74319586250119	3.49579256810481	0.0004726559788457	0.00164935182576282
SACI_RS11275	28.6218566843471	3.59	0.92882348377326	3.86309513972661	0.000111959377956174	0.000445345570184974
SACI_RS11280	12.0907251752607	1.23	0.981878299110475	1.25215263117406	0.210514252715227	0.316911347950359
SACI_RS11285	30.9707632452431	1.43	0.663043282175663	2.15421257536397	0.0312235051246216	0.0672878637569365
SACI_RS11290	6.49998848437403	-0.95	1.22783589668147	-0.773137857759378	0.439440798261619	0.558963333630184
SACI_RS11295	13.5112740053226	0.27	0.967258592208012	0.275068765956138	0.783263407447185	0.849643004612683
SACI_RS11300	0.715127465398094	-0.87	3.75973729753589	-0.230101145069569	0.81801317512873	NA
SACI_RS11305	170.220489831142	1.06	0.356667550772134	2.97537570601741	0.00292629909507016	0.00833895254654389
nuoN	434.636157992288	3.48	0.349852288260373	9.95582760018157	2.37835678045463e-23	7.08410555321128e-22
SACI_RS11315	1688.09221253257	3.79	0.295801748773684	12.7994436645324	1.65129979832057e-37	1.08725055142054e-35
SACI_RS11320	89.170942046784	3.74	0.597075103102607	6.27112730870574	3.58443385010501e-10	3.21442777525546e-09
SACI_RS11325	304.004556698874	3.34	0.379027436226652	8.81351586635293	1.21280936487303e-18	2.4872533040265e-17
nuoI	946.814146132762	4.39	0.321776664292406	13.6410673595505	2.28195968671513e-42	1.90315437872042e-40
nuoH	663.162825075045	4.02	0.377012145683713	10.650648406603	1.73154722621558e-26	6.10187487322728e-25
SACI_RS11340	222.017550262245	0.99	0.365814019097216	2.71875368419173	0.00655283852807488	0.0169722587963182
SACI_RS11345	32.2384661036474	-1.61	0.597089702717832	-2.69160122573076	0.00711099149281994	0.0181919230215087
ndhC	12.8746609872271	0.28	0.87694615820097	0.324081440981526	0.745876377274655	0.819215036891473
thyX	780.004846404989	4.58	0.360226144654602	12.7276180785242	4.1531670265939e-37	2.66441638475332e-35
SACI_RS11360	97.4523774181819	2.99	0.549376064260316	5.4468034721066	5.12830714602741e-08	3.44920012886037e-07
SACI_RS11365	19.5323850269693	-0.12	0.719073904568587	-0.165299924320032	0.868707918384193	0.913158612488542
SACI_RS11370	26.8337523964408	-0.68	0.644241669386071	-1.05848413365339	0.289834780534449	0.407423794447859
SACI_RS11375	5.32891940635952	0.44	1.45067451477564	0.306149777156818	0.759490609537032	0.829439330013817
SACI_RS11380	35.8574004693773	2.52	0.702495026531679	3.58148732665881	0.000341643713354025	0.00121939025793405
SACI_RS11385	8292.26616092193	3.21	0.275703828945331	11.6265111118006	3.02198100626299e-31	1.37472663230364e-29
SACI_RS11390	10411.32995674	-0.40	0.25238807737225	-1.59586059875231	0.110519920113313	0.190572598293252
SACI_RS11910	167.828049691948	0.81	0.389980885739561	2.07210574935073	0.0382555802822703	0.0803656270917215
SACI_RS11400	0.417099427792876	-3.82	4.97282890929389	-0.768590127045809	0.442136668375574	NA
SACI_RS11405	1.48218837512206	0.94	2.49019599345852	0.377932419814822	0.705480797952348	NA
SACI_RS11410	1.86782926010672	-1.18	2.19727268638224	-0.53571691787318	0.592154209489547	0.693294259308772
SACI_RS11415	1.46022109254093	-2.72	2.54552035207407	-1.0692028485679	0.28497827544225	NA
SACI_RS11420	31.4212647709611	-0.33	0.589946201900377	-0.559023110751973	0.57614594781327	0.679320057223752
SACI_RS11425	43.161259409443	-2.81	0.563027865095076	-4.99506274571149	5.88166412880928e-07	3.4789417612957e-06
SACI_RS11430	20.8741582991972	-2.94	0.717526495974145	-4.09809799258226	4.16558936904976e-05	0.000182527225943301
glmS	65.6034092443254	-1.54	0.449413785390406	-3.41675528799709	0.00063372215990869	0.0021572419647504
mvk	11.1658504468666	-2.68	1.00422135071847	-2.67216893716809	0.00753626971757373	0.0192405579932342
SACI_RS11445	5.12825738312769	-0.92	1.27635758211876	-0.722132276805416	0.47021315560031	0.584147624285985
SACI_RS11450	24.262032886267	1.41	0.750818502678606	1.874810191043	0.0608188406800713	0.118419252436995
SACI_RS11455	14.287601089371	1.73	1.05460591033074	1.64148408157179	0.100696968782831	0.176926837004666
SACI_RS11465	33.8142895404842	-2.30	0.591183726679836	-3.8825776478769	0.000103354996996935	0.000413750723978131
SACI_RS11470	24.4931848847773	1.87	0.759360251500435	2.46543631245368	0.0136846500469455	0.0327020003987178
SACI_RS11475	25.6938355971126	-0.72	0.635110837192329	-1.13118871584728	0.257975670349333	0.369676476067601
SACI_RS11480	76.3625160822702	1.83	0.475074444425272	3.84994418529378	0.000118144744548547	0.000466979701201365
SACI_RS11485	145.358125373019	-1.42	0.34963058027271	-4.05620800403087	4.98758462178539e-05	0.000213315157670206
Sac_sR101-sno	30.7860048478193	1.40	0.67550097289242	2.07517916150921	0.037969933190128	0.0798997248458371
Sac_sR9-sno	1347.11005900756	-6.22	0.420873027476311	-14.784297283056	1.84977795794607e-49	2.0122367177309e-47
Sac_sR102-sno	45.0584955681736	1.14	0.557677721657894	2.04614064844885	0.0407425347243779	0.084686628625224
Sac_sR12-sno	32.5396929476512	0.31	0.6151683847987	0.499583496667442	0.617368380746635	0.715449601031997
Sac_sR24-sno	570.675496609039	-4.90	0.354653262069702	-13.8144453205895	2.08554454326709e-43	1.86358301687652e-41
Sac_sR103-sno	789.131413561656	-1.58	0.438768784016725	-3.60665116936109	0.000310174189032912	0.00111984966949545
Sac_sR11-sno	4.22604343776499	-0.02	1.48793261114514	-0.0145279678197046	0.988408766522779	0.992375093836274
Sac_sR104-sno	313.234460928237	-1.90	0.528422257839083	-3.60204083003766	0.000315728758762641	0.00113826131761402
Sac_sR10-sno	18300.4594920267	-2.86	0.412459465690616	-6.94612981426871	3.75443319789106e-12	4.21237303189391e-11
Sac_sR105-sno	2649.06019854015	-3.86	0.483823084139143	-7.97312466084553	1.54711975549581e-15	2.34599613833365e-14
Sac_sR106-sno	366.100655773695	-4.21	0.539191106733872	-7.80094955860967	6.14430703700652e-15	8.99009134888322e-14
Sac_sR107-sno	2.73287142135238	-1.76	1.74188872704875	-1.00991076952281	0.312538042486432	0.43274498190429
Sac_sR36-sno	965.76584140567	-5.63	0.368151948295635	-15.2965032084928	8.0676322134639e-53	1.44180112843476e-50
Sac_sR13-sno	1744.10357451048	-4.71	0.52145016313014	-9.03448934153723	1.64769928922782e-19	3.5235415569641e-18
Sac_sR6-sno	5.23621417864137	-2.08	1.36183820889764	-1.52487095899114	0.127291286658473	0.211868520209031
Sac_sR108-sno	176.892540595286	2.53	0.436779099250821	5.791212960146	6.98799043885237e-09	5.28216074864309e-08
Sac_sR7-sno	393.5724040006	-2.94	0.393731875491342	-7.47939826282682	7.46636860829218e-14	9.67919909738188e-13
Sac_sR5-sno	284.854346094425	1.43	0.444079744447995	3.22822326434847	0.00124561714598675	0.00396001791519549
Sac_sR109-sno	4235.40495195507	-3.68	0.46985207330203	-7.82866285141254	4.93085955520491e-15	7.34345869471588e-14
Sac_sR20-sno	345.267944087049	-4.07	0.341241906466722	-11.9312129431706	8.13790040554353e-33	3.91558207974421e-31
Sac_sR110-sno	433.889293394961	-2.84	0.564942320715379	-5.02804679376483	4.95500976880572e-07	2.95177010513141e-06
Sac_sR111-sno	209.960880070862	-1.22	0.507990929713862	-2.4038605581271	0.016222960074119	0.0379344356125661
Sac_sR112-sno	0.328740389881698	0.59	4.85354232142934	0.120751328958657	0.90388800177812	NA
Sac_sR113-sno	11395.7190827042	-8.10	0.545370195110765	-14.8558849453845	6.37209043906416e-50	7.59189060882787e-48
Sac_sR114-sno	186.709891982106	0.29	0.477289676971903	0.597755183988443	0.550003298053948	0.657481247840887
Sac_sR115-sno	109.540750275309	-0.15	0.46192899116652	-0.319852491918237	0.749080153323781	0.819859380409492
Sac_sR22-sno	1.75899532067789	-0.05	2.25599012248967	-0.0210624539822862	0.983195835627513	0.989523725156893
Sac_sR116-sno	0	NA	NA	NA	NA	NA
Sac_sR117-sno	0	NA	NA	NA	NA	NA
Sac_sR118-sno	803.119169650793	-0.91	0.349132835321077	-2.6123192307076	0.00899302371565489	0.0225005453365685
Sac_sR27-sno	616.978315262737	-2.13	0.440985638615003	-4.83225633363859	1.34994285151374e-06	7.59001576289299e-06
Sac_sR17-sno	671.910809881705	-3.54	0.729550067923018	-4.84954796989473	1.23743142447274e-06	7.02052930619226e-06
Sac_sR28-sno	106.578461021514	2.88	0.478197783662813	6.02867862870775	1.6530562327571e-09	1.36499890902913e-08
Sac_sR119-sno	179.412811495637	-2.26	0.550194332306796	-4.10132830078837	4.10785257809098e-05	0.000180313107901467
Sac_sR23-sno	138.553012846194	-1.42	0.507009199511251	-2.79896360454952	0.00512669156288121	0.0137481053486911
Sac_sR120-sno	1979.87998940693	-5.99	0.550886341970696	-10.8771322269921	1.48150747801038e-27	5.8837011269555e-26
Sac_sR121-sno	159.869237164663	-2.76	0.365854426469249	-7.55285314380859	4.2582505780167e-14	5.69740264502555e-13
Sac_sR2-sno	0	NA	NA	NA	NA	NA
Sac_sR122-sno	142.704039385868	-4.07	0.429277402552984	-9.46968451183219	2.80690165797071e-21	6.95333460222052e-20
Sac_sR14-sno	2110.95534660626	0.79	0.340673242456978	2.31563866645809	0.0205780057998276	0.046848198827269
Sac_sR3-sno	0	NA	NA	NA	NA	NA
Sac_sR25-sno	355.510065999137	-1.09	0.349816308943143	-3.11684836215551	0.00182795569426427	0.00553697959691185
Sac_sR123-sno	257.685132947441	-2.19	0.448907630464232	-4.87474408349741	1.08949601379859e-06	6.23780097602764e-06
Sac_sR124-sno	106.829224479332	0.50	0.688784166859508	0.730773607082956	0.464917447088506	0.580743905910716
Sac_sR125-sno	0	NA	NA	NA	NA	NA
Sac_sR126-sno	0	NA	NA	NA	NA	NA
Sac_sR127-sno	431.384738372468	-5.97	0.562655685125205	-10.6104035885068	2.66595012029269e-26	9.13727013831823e-25
Sac_sR128-sno	133.470821322173	-5.97	0.485130278216376	-12.3159966942547	7.42916353053097e-35	4.13061492297522e-33
Sac_sR26-sno	195.129509263128	-5.41	0.673488681621879	-8.03529924541244	9.33507885979439e-16	1.46895391869217e-14
Sac_sR129-sno	7323.99179150718	-3.87	0.365251764805291	-10.6017336422204	2.92506903344145e-26	9.889895569825e-25
Sac_sR1-sno	5.7599872375699	3.24	1.74141131504203	1.86116918540207	0.0627202884633014	0.121459877504009
Sac_sR19-sno	28.361754954117	0.93	0.69149136536035	1.34730329410996	0.177882571626435	0.276779971523221
Sac_sR15-sno	331.736365860027	-1.18	0.297097567700995	-3.95968398423372	7.50490074146449e-05	0.000307320158021999
Sac_sR29-sno	82.2831682046997	-2.21	0.525419227792386	-4.19787935227277	2.69426094388726e-05	0.000122341939775062
Sac_sR130-sno	64.0188283248853	-4.42	0.610879032225839	-7.23786935772002	4.55788154044429e-13	5.56283883619103e-12
Sac_sR21-sno	785.173195272874	-4.80	0.447874277616956	-10.7063765513004	9.50079798981487e-27	3.39585665293097e-25
Sac_sR8-sno	103.476349751413	-1.45	0.506579993881015	-2.85732682307184	0.00427225692149867	0.0117722321779622
Sac_sR131-sno	27.7847924033454	-4.85	0.770534347416654	-6.29144092540153	3.14532514718664e-10	2.87211807235802e-09
Sac_sR18-sno	2194.13054018033	-2.13	0.340759561910918	-6.24340402287419	4.28149069216652e-10	3.79868429496476e-09
Sac_sR16-sno	173.149312474245	-0.88	0.377391162439949	-2.33865006377327	0.0193535515347208	0.0445469971847944
Sac_sR132-sno	265.187919621138	-1.99	0.334190876579299	-5.96710829341294	2.41495138210144e-09	1.95540723560447e-08
Sac_sR4-sno	429.283995928584	-5.26	0.445760400233242	-11.8034202199652	3.74763365001915e-32	1.76916592308451e-30
asRNA_1	1.77797784113207	-4.07	2.82046382807027	-1.444761994999	0.148524749575992	0.240057444082127
asRNA_2	1.53983506075675	-0.41	2.477702922501	-0.16603874912301	0.868126456001111	NA
asRNA_3	6.22418963611678	-0.13	1.27451177577983	-0.103594961353919	0.91749078640672	0.944455186639005
asRNA_4	0.615784786196355	-1.45	3.95649376325275	-0.365523383387828	0.714720755145227	NA
asRNA_5	0.537663199044003	1.30	4.0650726050433	0.319214474022972	0.749563881989119	NA
asRNA_6	0.41784561832461	0.94	4.40269524556197	0.212626631336138	0.831618197593151	NA
asRNA_7	0.0993426792017391	-1.09	4.99390539590045	-0.217423801366779	0.827878084020131	NA
asRNA_8	0.637005878245742	1.54	3.7469427717435	0.411853296718585	0.680446954201943	NA
asRNA_9	0.308265488364044	0.50	4.85779841859298	0.102687507632627	0.9182109886927	NA
asRNA_10	0.417099427792876	-3.82	4.97282890929389	-0.768590127045809	0.442136668375574	NA
asRNA_11	3.96606432819198	-0.04	1.54834394772405	-0.0232624402567508	0.981440931933468	0.98855282274458
asRNA_12	0.417099427792876	-3.82	4.97282890929389	-0.768590127045809	0.442136668375574	NA
asRNA_13	0.109580129960566	-1.01	4.98899337193424	-0.203313424797925	0.838890063187611	NA
asRNA_14	2.14762096778948	3.30	2.44564467701014	1.34910083287222	0.177304580793058	0.276224197474614
asRNA_15	0	NA	NA	NA	NA	NA
asRNA_16	2.17609474847076	-0.61	2.05977032211061	-0.294048469274054	0.768720866513086	0.836234612180757
asRNA_17	0	NA	NA	NA	NA	NA
asRNA_18	8.42163643002035	0.13	1.1472503057591	0.110958913544091	0.911648927721665	0.940208415976755
asRNA_19	0.208922809162305	-0.06	4.8922678786655	-0.0130747301441021	0.989568171899884	NA
asRNA_20	217.228120094177	1.90	0.502413375906044	3.77437501567647	0.000160409304166197	0.000613825778484885
asRNA_21	1.37199300801318	-0.37	2.6085930026354	-0.140114931711657	0.888569183173418	NA
asRNA_22	0	NA	NA	NA	NA	NA
asRNA_23	0.41784561832461	0.94	4.40269524556197	0.212626631336138	0.831618197593151	NA
asRNA_24	1.04312166474806	-2.15	2.84237418869909	-0.757239936111595	0.448906128221421	NA
asRNA_25	2.19520822230837	-4.37	2.38497347340223	-1.83131903988168	0.0670529373935351	0.128359945951511
asRNA_26	1.66839771117151	-5.52	3.21816061718468	-1.71534542986024	0.0862819140004827	0.157805079553514
asRNA_27	1.25217542729379	-0.75	2.74035619845087	-0.272362277521238	0.785343474823717	NA
asRNA_28	1.58091581717548	0.14	2.47311790325998	0.0547027896493211	0.956375246873815	NA
asRNA_29	0.417099427792876	-3.82	4.97282890929389	-0.768590127045809	0.442136668375574	NA
asRNA_30	3.15071703967699	-1.03	1.61078872324676	-0.640372516917492	0.521930445873262	0.628447335742939
asRNA_31	0.109580129960566	-1.01	4.98899337193424	-0.203313424797925	0.838890063187611	NA
asRNA_32	1.23306195345618	2.50	2.9211133639021	0.855367373124806	0.392347800094711	NA
asRNA_33	0	NA	NA	NA	NA	NA
asRNA_34	0	NA	NA	NA	NA	NA
asRNA_35	0.208922809162305	-0.06	4.8922678786655	-0.0130747301441021	0.989568171899884	NA
asRNA_36	0.834198855585753	-4.53	4.15865081057556	-1.08834149842801	0.276444376964658	NA
asRNA_37	0.844567259728003	-4.30	4.24661684900286	-1.01214323442587	0.311469573077627	NA
asRNA_38	0.417099427792876	-3.82	4.97282890929389	-0.768590127045809	0.442136668375574	NA
asRNA_39	0	NA	NA	NA	NA	NA
asRNA_40	0.298028037605217	0.45	4.86011624472731	0.0932951831150069	0.925669058711747	NA
asRNA_41	1.97666319953555	-2.56	2.24967753165381	-1.13885232962136	0.254764751301669	0.365881968337056
asRNA_42	4.11795568886789	1.28	1.62927883580024	0.784663684515232	0.432650780300355	0.552856104347032
asRNA_43	2.38650993869653	1.82	2.13197974616677	0.853694724440709	0.393274157981323	0.513555293981874
asRNA_44	0.0993426792017391	-1.09	4.99390539590045	-0.217423801366779	0.827878084020131	NA
asRNA_45	0.933541534787492	-3.14	3.45299199175931	-0.908240542483965	0.363751148345989	NA
asRNA_46	0	NA	NA	NA	NA	NA
asRNA_47	2.18646315261301	-0.37	1.94734539191817	-0.187715467743704	0.851099704312926	0.898984875029173
asRNA_48	1.45072983231384	-0.62	2.42523511538528	-0.253802579192462	0.799648080769806	NA
asRNA_49	0.516442106994615	-2.40	4.259286766374	-0.564291631304484	0.572555675878427	NA
asRNA_50	0	NA	NA	NA	NA	NA
asRNA_51	0	NA	NA	NA	NA	NA
asRNA_52	1.04312166474806	-2.15	2.84237418869909	-0.757239936111595	0.448906128221421	NA
asRNA_53	1.3631169849344	2.64	2.80489496968614	0.941827890378194	0.346280763417356	NA
asRNA_54	0	NA	NA	NA	NA	NA
asRNA_55	0	NA	NA	NA	NA	NA
asRNA_56	0	NA	NA	NA	NA	NA
asRNA_57	0.109580129960566	-1.01	4.98899337193424	-0.203313424797925	0.838890063187611	NA
asRNA_58	0.428083069083437	0.97	4.41613725611266	0.21944559868922	0.826302952922402	NA
asRNA_59	0	NA	NA	NA	NA	NA
asRNA_60	0.0993426792017391	-1.09	4.99390539590045	-0.217423801366779	0.827878084020131	NA
asRNA_61	0	NA	NA	NA	NA	NA
asRNA_62	0	NA	NA	NA	NA	NA
asRNA_63	1.16293924546745	-1.48	3.15197499800455	-0.469294844639925	0.638858899723492	NA
asRNA_64	0.844567259728003	-4.30	4.24661684900286	-1.01214323442587	0.311469573077627	NA
asRNA_65	0.208922809162305	-0.06	4.8922678786655	-0.0130747301441021	0.989568171899884	NA
asRNA_66	0.417099427792876	-3.82	4.97282890929389	-0.768590127045809	0.442136668375574	NA
asRNA_67	1.05335911550688	-2.06	3.25494638636736	-0.634287680587264	0.525893094840341	NA
asRNA_68	0.516442106994615	-2.40	4.259286766374	-0.564291631304484	0.572555675878427	NA
asRNA_69	0	NA	NA	NA	NA	NA
asRNA_70	12.501286907911	-1.79	0.93342890010824	-1.92281968263594	0.0545026993167547	0.108312751144178
asRNA_71	4.22283629864002	-6.72	2.58411117716335	-2.5987582409199	0.0093561641037862	0.023269505554347
asRNA_72	0	NA	NA	NA	NA	NA
asRNA_73	0.804978884372739	1.88	3.53796612130673	0.532763984679475	0.594196967656203	NA
asRNA_74	10.8786224070871	1.05	1.02034556974348	1.02846128946647	0.303732891062407	0.422893541145322
asRNA_75	0	NA	NA	NA	NA	NA
asRNA_76	3.24043750526821	-0.26	1.7470508475157	-0.150298470377596	0.880529139744536	0.918982014657799
asRNA_77	0.417099427792876	-3.82	4.97282890929389	-0.768590127045809	0.442136668375574	NA
asRNA_78	2.09810411470183	0.94	2.25123169259279	0.416954231903653	0.676711884792269	0.760958712696745
asRNA_79	2.28791345002653	3.39	2.36125496133478	1.43546037114354	0.151155953223246	0.243680537992629
asRNA_80	0.943909938929743	-2.81	3.55258697475707	-0.791279373560298	0.428780982154848	NA
asRNA_81	0	NA	NA	NA	NA	NA
asRNA_82	0	NA	NA	NA	NA	NA
asRNA_83	0	NA	NA	NA	NA	NA
asRNA_84	0.417099427792876	-3.82	4.97282890929389	-0.768590127045809	0.442136668375574	NA
asRNA_85	18.4902631267934	4.04	1.25097806715639	3.22989883733357	0.00123834026320269	0.00394189228821009
asRNA_86	4.17248665899223	-2.12	1.66588693315642	-1.27012444663063	0.204040304807243	0.309024723140267
asRNA_87	0	NA	NA	NA	NA	NA
asRNA_88	1.56030996227441	-0.39	2.34134273470412	-0.166408127020891	0.867835778688758	NA
asRNA_89	0	NA	NA	NA	NA	NA
asRNA_90	0.517188297526349	1.24	4.04466026119007	0.307731151930312	0.758286913436169	NA
asRNA_91	0.834198855585753	-4.53	4.15865081057556	-1.08834149842801	0.276444376964658	NA
asRNA_92	0.506950846767522	1.22	4.14201407861103	0.293920342204148	0.768818773482532	NA
asRNA_93	3.02202343587881	0.30	1.80167396267712	0.165245405584344	0.868750827982472	0.913158612488542
asRNA_94	0	NA	NA	NA	NA	NA
asRNA_95	0	NA	NA	NA	NA	NA
asRNA_96	0	NA	NA	NA	NA	NA
asRNA_97	107.433705658411	2.67	0.476279997076685	5.61332229424979	1.9847842287344e-08	1.39885356064605e-07
asRNA_98	0.516442106994615	-2.40	4.259286766374	-0.564291631304484	0.572555675878427	NA
asRNA_99	0.208922809162305	-0.06	4.8922678786655	-0.0130747301441021	0.989568171899884	NA
asRNA_100	0.516442106994615	-2.40	4.259286766374	-0.564291631304484	0.572555675878427	NA
asRNA_101	0.834198855585753	-4.53	4.15865081057556	-1.08834149842801	0.276444376964658	NA
asRNA_102	0.417099427792876	-3.82	4.97282890929389	-0.768590127045809	0.442136668375574	NA
asRNA_103	0	NA	NA	NA	NA	NA
asRNA_104	0.526679557753442	-2.34	4.23641129100539	-0.552168437903353	0.580832956391148	NA
asRNA_105	1.86708306957498	-3.15	2.65946389411383	-1.18520279251902	0.235937276106555	0.346836113289424
asRNA_106	2.34481394512949	0.65	2.17635036706618	0.300880450219723	0.763505658423896	0.833460365347551
asRNA_107	2.16585729771193	-0.61	2.11308940849269	-0.29035181419986	0.771547103222174	0.838215741320833
asRNA_108	0	NA	NA	NA	NA	NA
asRNA_109	0.527425748285176	1.27	4.01895577626937	0.316335086143696	0.751748182534999	NA
asRNA_110	0.109580129960566	-1.01	4.98899337193424	-0.203313424797925	0.838890063187611	NA
asRNA_111	0	NA	NA	NA	NA	NA
asRNA_112	0	NA	NA	NA	NA	NA
asRNA_113	0	NA	NA	NA	NA	NA
asRNA_114	0.0993426792017391	-1.09	4.99390539590045	-0.217423801366779	0.827878084020131	NA
asRNA_115	5.78046213908755	3.25	1.74689271935339	1.85848054627654	0.0631008034508011	0.121913675856297
asRNA_116	0	NA	NA	NA	NA	NA
asRNA_117	0.219160259921132	-0.00	4.88771254157446	-0.00016888094915994	0.999865252498692	NA
asRNA_118	0	NA	NA	NA	NA	NA
asRNA_119	0.198685358403478	-0.13	4.89720298489229	-0.0264335260583161	0.978911553558683	NA
asRNA_120	3.64804567283399	0.06	1.66716102701251	0.0361207297499826	0.971186093161979	0.981384331620062
asRNA_121	8.70841891956816	-0.22	1.04068670152401	-0.215068657602722	0.829713789716181	0.881504841558338
asRNA_122	0	NA	NA	NA	NA	NA
asRNA_123	0.834945046117487	-0.40	2.98453838763819	-0.132815356500113	0.894339409226299	NA
asRNA_124	0.954147389688569	-2.76	3.54576187965529	-0.777292506936599	0.436986214838539	NA
asRNA_125	0	NA	NA	NA	NA	NA
asRNA_126	0	NA	NA	NA	NA	NA
asRNA_127	0.0993426792017391	-1.09	4.99390539590045	-0.217423801366779	0.827878084020131	NA
asRNA_128	0	NA	NA	NA	NA	NA
asRNA_129	0	NA	NA	NA	NA	NA
asRNA_130	0.0993426792017391	-1.09	4.99390539590045	-0.217423801366779	0.827878084020131	NA
asRNA_131	0.855419947635141	-0.32	3.56924657396959	-0.090876395998028	0.927590805835434	NA
asRNA_132	0.834198855585753	-4.53	4.15865081057556	-1.08834149842801	0.276444376964658	NA
asRNA_133	0	NA	NA	NA	NA	NA
asRNA_134	3.68714976442437	-1.88	1.63186022748954	-1.15346393301278	0.248720013113788	0.359917566692133
asRNA_135	0.109580129960566	-1.01	4.98899337193424	-0.203313424797925	0.838890063187611	NA
asRNA_136	1.37199300801318	-0.37	2.6085930026354	-0.140114931711657	0.888569183173418	NA
asRNA_137	0.0993426792017391	-1.09	4.99390539590045	-0.217423801366779	0.827878084020131	NA
asRNA_138	0.0993426792017391	-1.09	4.99390539590045	-0.217423801366779	0.827878084020131	NA
asRNA_139	0	NA	NA	NA	NA	NA
asRNA_140	0	NA	NA	NA	NA	NA
asRNA_141	0	NA	NA	NA	NA	NA
asRNA_142	0	NA	NA	NA	NA	NA
asRNA_143	8.28486568375653	-4.68	1.30907452132759	-3.57586174183487	0.000349076112419247	0.00124237330479795
asRNA_144	0.308265488364044	0.50	4.85779841859298	0.102687507632627	0.9182109886927	NA
asRNA_145	1.05335911550688	-2.06	3.25494638636736	-0.634287680587264	0.525893094840341	NA
asRNA_146	1.76048770174135	3.01	2.57104367734913	1.17141289304342	0.241432852303386	0.352429986267837
asRNA_147	0.636259687714009	-1.32	3.92390203074176	-0.337644758114465	0.735630908829367	NA
asRNA_148	2.08624332949612	-2.14	2.14405334337139	-0.996482310764398	0.319015857661708	0.439767314528702
asRNA_149	10.6088457731651	0.27	1.0706194082588	0.255736886509433	0.798154010709804	0.857441534905938
asRNA_150	2.64389714629289	-1.88	1.90522918730837	-0.98462782259149	0.324806918025026	0.444809473945603
asRNA_151	0.526679557753442	-2.34	4.23641129100539	-0.552168437903353	0.580832956391148	NA
asRNA_152	0.943909938929743	-2.81	3.55258697475707	-0.791279373560298	0.428780982154848	NA
asRNA_153	2.94043280283464	-6.24	2.31392737536478	-2.69743261702943	0.00698764249806924	0.0179867093931782
asRNA_154	1.68913451945601	-5.37	3.31635495783459	-1.62061570459554	0.105100082028072	0.182231743059068
asRNA_155	0	NA	NA	NA	NA	NA
asRNA_156	0.844567259728003	-4.30	4.24661684900286	-1.01214323442587	0.311469573077627	NA
asRNA_157	14.6480619288278	2.38	1.02821615434824	2.31785457385377	0.0204572259642044	0.0466350981209378
asRNA_158	0.328740389881698	0.59	4.85354232142934	0.120751328958657	0.90388800177812	NA
asRNA_159	0	NA	NA	NA	NA	NA
asRNA_160	0.198685358403478	-0.13	4.89720298489229	-0.0264335260583161	0.978911553558683	NA
asRNA_161	0.725364916156921	-0.83	3.17522874256585	-0.260974613631296	0.7941120844204	NA
asRNA_162	0.606293525969261	1.48	3.88802477251072	0.379572753302819	0.704262589426749	NA
asRNA_163	0.198685358403478	-0.13	4.89720298489229	-0.0264335260583161	0.978911553558683	NA
asRNA_164	0.0993426792017391	-1.09	4.99390539590045	-0.217423801366779	0.827878084020131	NA
asRNA_165	0.109580129960566	-1.01	4.98899337193424	-0.203313424797925	0.838890063187611	NA
asRNA_166	0.308265488364044	0.50	4.85779841859298	0.102687507632627	0.9182109886927	NA
asRNA_167	0	NA	NA	NA	NA	NA
asRNA_168	0	NA	NA	NA	NA	NA
asRNA_169	1.67138247329844	2.94	2.61254771863975	1.12386585891534	0.261069936916962	0.373255418380709
asRNA_170	0.626022236955182	-1.39	3.37722326274498	-0.411989829347975	0.680346877932585	NA
asRNA_171	1.25129828337863	-5.11	3.56273988395854	-1.43367882624932	0.151663937250909	NA
asRNA_172	0	NA	NA	NA	NA	NA
asRNA_173	2.20557662645062	-4.26	2.44668965000082	-1.7416279910307	0.0815735601524973	0.150736371862296
asRNA_174	0.527425748285176	1.27	4.01895577626937	0.316335086143696	0.751748182534999	NA
asRNA_175	0	NA	NA	NA	NA	NA
asRNA_176	0	NA	NA	NA	NA	NA
asRNA_177	0	NA	NA	NA	NA	NA
asRNA_178	0.318502939122871	0.54	4.85561043946176	0.111836078731415	0.910953380264078	NA
asRNA_179	0.0993426792017391	-1.09	4.99390539590045	-0.217423801366779	0.827878084020131	NA
asRNA_180	0.626022236955182	-1.39	3.37722326274498	-0.411989829347975	0.680346877932585	NA
asRNA_181	0	NA	NA	NA	NA	NA
asRNA_182	1.77797784113207	-4.07	2.82046382807027	-1.444761994999	0.148524749575992	0.240057444082127
asRNA_183	0.0993426792017391	-1.09	4.99390539590045	-0.217423801366779	0.827878084020131	NA
asRNA_184	1.27265032881144	-0.69	2.73731067239369	-0.251080080018187	0.801752196542243	NA
asRNA_185	3.02351581694228	2.22	2.00146414818025	1.10846174925231	0.267662449803508	0.381373262761035
asRNA_186	1.3608784133392	-3.66	3.0545677357382	-1.1992276597081	0.230439434885903	NA
asRNA_187	3.34201875606515	2.38	1.95341559010975	1.21970750246012	0.22257577649525	0.329712606744295
asRNA_188	0.219160259921132	-0.00	4.88771254157446	-0.00016888094915994	0.999865252498692	NA
asRNA_189	0	NA	NA	NA	NA	NA
asRNA_190	0.219160259921132	-0.00	4.88771254157446	-0.00016888094915994	0.999865252498692	NA
asRNA_191	8.25186206980344	0.55	1.08218304872163	0.503940944152817	0.614302877218084	0.712887661780912
asRNA_192	1.0343765950527	2.24	3.09932982875853	0.72423398279451	0.468922098899927	NA
asRNA_193	17.7835488937482	-2.52	0.786204302119768	-3.20592983912669	0.00134626809277708	0.00424227048882651
asRNA_194	0.516442106994615	-2.40	4.259286766374	-0.564291631304484	0.572555675878427	NA
asRNA_195	0	NA	NA	NA	NA	NA
asRNA_196	5.11490421685851	-5.67	2.01298693185554	-2.81477114683645	0.00488119805699388	0.0131744957266437
asRNA_197	0	NA	NA	NA	NA	NA
asRNA_198	1.55081870204731	1.03	2.42531835830057	0.426181857808062	0.669975336155387	NA
asRNA_199	0.0993426792017391	-1.09	4.99390539590045	-0.217423801366779	0.827878084020131	NA
asRNA_200	1.77797784113207	-4.07	2.82046382807027	-1.444761994999	0.148524749575992	0.240057444082127
asRNA_201	1.56044091565783	0.09	2.50861337404839	0.0374496658813118	0.970126472774073	NA
asRNA_202	0.526679557753442	-2.34	4.23641129100539	-0.552168437903353	0.580832956391148	NA
asRNA_203	0.417099427792876	-3.82	4.97282890929389	-0.768590127045809	0.442136668375574	NA
asRNA_204	0.407608167565783	0.90	4.4901242560306	0.200977570631939	0.840716112271296	NA
asRNA_205	0.417099427792876	-3.82	4.97282890929389	-0.768590127045809	0.442136668375574	NA
asRNA_206	0.834198855585753	-4.53	4.15865081057556	-1.08834149842801	0.276444376964658	NA
asRNA_207	0	NA	NA	NA	NA	NA
asRNA_208	6.89288205799058	-5.08	1.61276412582079	-3.14830551787288	0.00164219958068659	0.00507257203812079
asRNA_209	1.87006783170192	3.10	2.5176225934941	1.23077302473235	0.218407767238025	0.325653702802541
asRNA_210	3.25981288587266	-1.65	1.92545934837483	-0.859168249027837	0.39024769796068	0.510264634391023
asRNA_211	0.756823458965135	1.79	3.62015672434248	0.494636695504083	0.620856594525386	NA
asRNA_212	0	NA	NA	NA	NA	NA
asRNA_213	0	NA	NA	NA	NA	NA
asRNA_214	0	NA	NA	NA	NA	NA
asRNA_215	0.109580129960566	-1.01	4.98899337193424	-0.203313424797925	0.838890063187611	NA
asRNA_216	0	NA	NA	NA	NA	NA
asRNA_217	0.516442106994615	-2.40	4.259286766374	-0.564291631304484	0.572555675878427	NA
asRNA_218	0	NA	NA	NA	NA	NA
asRNA_219	0	NA	NA	NA	NA	NA
asRNA_220	0	NA	NA	NA	NA	NA
asRNA_221	0	NA	NA	NA	NA	NA
asRNA_222	0	NA	NA	NA	NA	NA
asRNA_223	1.26166668752088	-5.00	3.11017319105942	-1.60675292175605	0.108108579318902	NA
asRNA_224	0	NA	NA	NA	NA	NA
asRNA_225	0	NA	NA	NA	NA	NA
asRNA_226	0.417099427792876	-3.82	4.97282890929389	-0.768590127045809	0.442136668375574	NA
asRNA_227	0	NA	NA	NA	NA	NA
asRNA_228	1.26241287805261	-0.71	2.68719132083263	-0.263738929995904	0.791981095462716	NA
asRNA_229	0.0993426792017391	-1.09	4.99390539590045	-0.217423801366779	0.827878084020131	NA
asRNA_230	8.64637335404508	3.69	1.64409431838743	2.24477477818006	0.0247825947119915	0.0553625464012524
asRNA_231	1.37124681748145	-3.52	2.78073065476561	-1.26484193637185	0.205927994968437	NA
asRNA_232	0.825453785890394	1.92	3.375346742145	0.568635414844284	0.569603585850174	NA
asRNA_233	2.81384681724824	1.01	1.9086868535828	0.526621799705036	0.598456250392448	0.699363633106915
asRNA_234	0	NA	NA	NA	NA	NA
asRNA_235	0	NA	NA	NA	NA	NA
asRNA_236	2.01036031393897	3.20	2.48115886064298	1.29037414315612	0.196920785261049	0.300058346360015
asRNA_237	21.4444024262787	3.24	1.00463510470664	3.22666128209076	0.00125243625460896	0.003971603940471
asRNA_238	0.54790064980283	1.32	4.82609326361812	0.274478378075138	0.78371701759428	NA
asRNA_239	0	NA	NA	NA	NA	NA
asRNA_240	0	NA	NA	NA	NA	NA
asRNA_241	0.109580129960566	-1.01	4.98899337193424	-0.203313424797925	0.838890063187611	NA
asRNA_242	0.844567259728003	-4.30	4.24661684900286	-1.01214323442587	0.311469573077627	NA
asRNA_243	3.18428320069698	2.30	2.02359732850683	1.13855454330376	0.254888997126894	0.365881968337056
asRNA_244	1.37186205462976	-0.81	2.55991352826444	-0.316279482542017	0.75179038300995	NA
asRNA_245	1.88830416162437	-1.14	2.19900196508103	-0.517131918936124	0.605064073308669	0.705438169346826
asRNA_246	0.109580129960566	-1.01	4.98899337193424	-0.203313424797925	0.838890063187611	NA
asRNA_247	0	NA	NA	NA	NA	NA
asRNA_248	0.527425748285176	1.27	4.01895577626937	0.316335086143696	0.751748182534999	NA
asRNA_249	8.16846445884755	5.23	1.75950507875498	2.96958804203214	0.00298199348209385	0.00844954438527613
asRNA_250	0.308265488364044	0.50	4.85779841859298	0.102687507632627	0.9182109886927	NA
asRNA_251	1.25129828337863	-5.11	3.56273988395854	-1.43367882624932	0.151663937250909	NA
asRNA_252	0.726111106688655	1.73	3.53843500357775	0.490026169473748	0.624115380786429	NA
asRNA_253	1.60275214637318	2.87	2.71051808420779	1.0603332846594	0.28899300183256	NA
asRNA_254	0	NA	NA	NA	NA	NA
asRNA_255	0.93503391585096	2.10	3.21356483239086	0.653052037413411	0.51372273142763	NA
asRNA_256	0	NA	NA	NA	NA	NA
asRNA_257	0.954147389688569	-2.76	3.54576187965529	-0.777292506936599	0.436986214838539	NA
asRNA_258	0	NA	NA	NA	NA	NA
asRNA_259	12.4978961253212	0.26	0.935940064072342	0.277697737162872	0.78124439778688	0.84801452636129
asRNA_260	0	NA	NA	NA	NA	NA
asRNA_261	2.62329129139181	-2.03	1.76903485259037	-1.14728261228024	0.251264837866899	0.36213400019757
asRNA_262	33.3471023798104	-2.05	0.570033652199558	-3.59672771084098	0.000322245493918877	0.0011567549867791
asRNA_263	0.636259687714009	-1.32	3.92390203074176	-0.337644758114465	0.735630908829367	NA
asRNA_264	0.208922809162305	-0.06	4.8922678786655	-0.0130747301441021	0.989568171899884	NA
asRNA_265	0.637005878245742	1.54	3.7469427717435	0.411853296718585	0.680446954201943	NA
asRNA_266	0.417099427792876	-3.82	4.97282890929389	-0.768590127045809	0.442136668375574	NA
asRNA_267	26.044300146943	-4.21	0.932643884951473	-4.51225183392818	6.41429640586645e-06	3.23559871118505e-05
asRNA_268	1.97890177113075	1.49	2.24393182933438	0.663533657594116	0.506988830682873	0.615471156898859
asRNA_269	0.0993426792017391	-1.09	4.99390539590045	-0.217423801366779	0.827878084020131	NA
asRNA_270	0.328740389881698	0.59	4.85354232142934	0.120751328958657	0.90388800177812	NA
asRNA_271	0	NA	NA	NA	NA	NA
asRNA_272	0	NA	NA	NA	NA	NA
asRNA_273	0	NA	NA	NA	NA	NA
asRNA_274	0	NA	NA	NA	NA	NA
asRNA_275	11.8115430809045	4.32	1.57858730465747	2.73883338037476	0.00616576126796742	0.0161705814386315
asRNA_276	0.636259687714009	-1.32	3.92390203074176	-0.337644758114465	0.735630908829367	NA
asRNA_277	1.17392288675801	0.45	2.7828075493838	0.16276579845382	0.870702837984232	NA
asRNA_278	1.25129828337863	-5.11	3.56273988395854	-1.43367882624932	0.151663937250909	NA
asRNA_279	1.25353685497383	2.52	2.88657544997075	0.873391865278311	0.382449523410141	NA
asRNA_280	0.517188297526349	1.24	4.04466026119007	0.307731151930312	0.758286913436169	NA
asRNA_281	1.56180234333788	2.84	2.6728412231088	1.06200641912259	0.288232771083004	NA
asRNA_282	0	NA	NA	NA	NA	NA
asRNA_283	0	NA	NA	NA	NA	NA
asRNA_284	0	NA	NA	NA	NA	NA
asRNA_285	14.3116974832029	-7.13	1.77921278614555	-4.00979402292966	6.07717372474984e-05	0.000255547708560069
asRNA_286	1.36100936672262	-3.56	2.78347980739686	-1.27802627738563	0.20124016113164	NA
asRNA_287	0	NA	NA	NA	NA	NA
asRNA_288	0	NA	NA	NA	NA	NA
asRNA_289	2.84605155058819	3.70	2.22711637715028	1.66287295672836	0.0963378687477134	0.171434813376087
asRNA_290	2.12807027644658	-0.48	2.10292775203298	-0.228281595803292	0.819427331273441	0.874288777333113
asRNA_291	0.417099427792876	-3.82	4.97282890929389	-0.768590127045809	0.442136668375574	NA
asRNA_292	0.417099427792876	-3.82	4.97282890929389	-0.768590127045809	0.442136668375574	NA
asRNA_293	0.428083069083437	0.97	4.41613725611266	0.21944559868922	0.826302952922402	NA
asRNA_294	0	NA	NA	NA	NA	NA
asRNA_295	0.198685358403478	-0.13	4.89720298489229	-0.0264335260583161	0.978911553558683	NA
asRNA_296	3.54145030500036	4.02	2.08589810025961	1.92707256046696	0.0539705878080236	0.107425943274205
asRNA_297	1.69049594713605	0.34	2.42790915887319	0.140478678187701	0.888281797772349	0.921044781610616
asRNA_298	1.04312166474806	-2.15	2.84237418869909	-0.757239936111595	0.448906128221421	NA
asRNA_299	0.626022236955182	-1.39	3.37722326274498	-0.411989829347975	0.680346877932585	NA
asRNA_300	0.844567259728003	-4.30	4.24661684900286	-1.01214323442587	0.311469573077627	NA
asRNA_301	5.75129485795594	-4.18	1.46601581254519	-2.85230471839505	0.00434034716951415	0.011907399800575
asRNA_302	0.0993426792017391	-1.09	4.99390539590045	-0.217423801366779	0.827878084020131	NA
asRNA_303	0.506950846767522	1.22	4.14201407861103	0.293920342204148	0.768818773482532	NA
asRNA_304	1.66914390170324	-1.73	2.30782744142893	-0.751567872470636	0.452310969940678	0.571268070061371
asRNA_305	0.933541534787492	-3.14	3.45299199175931	-0.908240542483965	0.363751148345989	NA
asRNA_306	0.219160259921132	-0.00	4.88771254157446	-0.00016888094915994	0.999865252498692	NA
asRNA_307	0.417099427792876	-3.82	4.97282890929389	-0.768590127045809	0.442136668375574	NA
asRNA_308	1.59251469561436	2.87	2.68729554404033	1.06621087807217	0.286328325842935	NA
asRNA_309	0.328740389881698	0.59	4.85354232142934	0.120751328958657	0.90388800177812	NA
asRNA_310	2.30553454280067	-1.42	1.84038824774832	-0.772102600747979	0.440053661994092	0.559458466620538
asRNA_311	0	NA	NA	NA	NA	NA
asRNA_312	0.616530976728088	1.50	3.78483744836143	0.395969010333596	0.692127889866786	NA
asRNA_313	0.527425748285176	1.27	4.01895577626937	0.316335086143696	0.751748182534999	NA
asRNA_314	17.0455969512526	6.29	1.62351894776436	3.87184057285058	0.000108016597277933	0.000431721288161964
asRNA_315	0	NA	NA	NA	NA	NA
asRNA_316	1.27401175649148	2.54	2.89978279407951	0.877056799392948	0.380455787822572	NA
asRNA_317	0.626022236955182	-1.39	3.37722326274498	-0.411989829347975	0.680346877932585	NA
asRNA_318	3.36323984811454	3.94	2.12217609478982	1.85871252951763	0.0630678965219189	0.121913675856297
asRNA_319	9.21655317437271	1.54	1.21941007712801	1.26045264127249	0.207506121937172	0.313325478024626
asRNA_320	0	NA	NA	NA	NA	NA
asRNA_321	16.420504548294	1.18	0.859696690120421	1.36903792515259	0.17098742030085	0.268219765261898
asRNA_322	1.36162460387093	-0.84	2.48316710656542	-0.33891293479403	0.7346753199658	NA
asRNA_323	0	NA	NA	NA	NA	NA
asRNA_324	0.417099427792876	-3.82	4.97282890929389	-0.768590127045809	0.442136668375574	NA
asRNA_325	0.109580129960566	-1.01	4.98899337193424	-0.203313424797925	0.838890063187611	NA
asRNA_326	0.735602366915748	-0.79	3.16705923862875	-0.249098710922632	0.803284426570906	NA
asRNA_327	1.3608784133392	-3.66	3.0545677357382	-1.1992276597081	0.230439434885903	NA
asRNA_328	0	NA	NA	NA	NA	NA
asRNA_329	0	NA	NA	NA	NA	NA
asRNA_330	0	NA	NA	NA	NA	NA
asRNA_331	0	NA	NA	NA	NA	NA
asRNA_332	0	NA	NA	NA	NA	NA
asRNA_333	0.954147389688569	-2.76	3.54576187965529	-0.777292506936599	0.436986214838539	NA
asRNA_334	25.4362534984079	6.86	1.58718093679595	4.32428117028828	1.53030019594996e-05	7.2241718684279e-05
asRNA_335	0.746586008206308	1.77	3.54223110880244	0.500215040794756	0.6169236687777	NA
asRNA_336	1.57054741303323	-0.37	2.3409497779242	-0.158934480943563	0.87372049409966	NA
asRNA_337	0.198685358403478	-0.13	4.89720298489229	-0.0264335260583161	0.978911553558683	NA
asRNA_338	0.417099427792876	-3.82	4.97282890929389	-0.768590127045809	0.442136668375574	NA
asRNA_339	0.0993426792017391	-1.09	4.99390539590045	-0.217423801366779	0.827878084020131	NA
asRNA_340	0.219160259921132	-0.00	4.88771254157446	-0.00016888094915994	0.999865252498692	NA
asRNA_341	0	NA	NA	NA	NA	NA
asRNA_342	0.0993426792017391	-1.09	4.99390539590045	-0.217423801366779	0.827878084020131	NA
asRNA_343	0	NA	NA	NA	NA	NA
asRNA_344	1.46245966413614	2.74	2.73429062096277	1.00337036531901	0.315682197014591	NA
asRNA_345	0.109580129960566	-1.01	4.98899337193424	-0.203313424797925	0.838890063187611	NA
asRNA_346	0.54790064980283	1.32	4.82609326361812	0.274478378075138	0.78371701759428	NA
asRNA_347	0.318502939122871	0.54	4.85561043946176	0.111836078731415	0.910953380264078	NA
asRNA_348	0.318502939122871	0.54	4.85561043946176	0.111836078731415	0.910953380264078	NA
asRNA_349	0	NA	NA	NA	NA	NA
asRNA_350	0.109580129960566	-1.01	4.98899337193424	-0.203313424797925	0.838890063187611	NA
asRNA_351	0	NA	NA	NA	NA	NA
asRNA_352	0.417099427792876	-3.82	4.97282890929389	-0.768590127045809	0.442136668375574	NA
asRNA_353	0	NA	NA	NA	NA	NA
asRNA_354	0	NA	NA	NA	NA	NA
asRNA_355	0	NA	NA	NA	NA	NA
asRNA_356	0.526679557753442	-2.34	4.23641129100539	-0.552168437903353	0.580832956391148	NA
asRNA_357	1.66839771117151	-5.52	3.21816061718468	-1.71534542986024	0.0862819140004827	0.157805079553514
asRNA_358	0.626022236955182	-1.39	3.37722326274498	-0.411989829347975	0.680346877932585	NA
asRNA_359	0.856166138166875	1.97	3.38185455581665	0.58229804121791	0.560365944657696	NA
asRNA_360	0.318502939122871	0.54	4.85561043946176	0.111836078731415	0.910953380264078	NA
asRNA_361	1.66914390170324	-1.73	2.30782744142893	-0.751567872470636	0.452310969940678	0.571268070061371
asRNA_362	0	NA	NA	NA	NA	NA
asRNA_363	0	NA	NA	NA	NA	NA
asRNA_364	1.76048770174135	3.01	2.57104367734913	1.17141289304342	0.241432852303386	0.352429986267837
asRNA_365	0.41784561832461	0.94	4.40269524556197	0.212626631336138	0.831618197593151	NA
asRNA_366	3.06385038282927	1.80	2.04135949954453	0.880846273070519	0.378401030503959	0.500137019715217
asRNA_367	0	NA	NA	NA	NA	NA
asRNA_368	0	NA	NA	NA	NA	NA
asRNA_369	0.407608167565783	0.90	4.4901242560306	0.200977570631939	0.840716112271296	NA
asRNA_370	0.219160259921132	-0.00	4.88771254157446	-0.00016888094915994	0.999865252498692	NA
asRNA_371	8.2662364936838	-2.17	1.20220083779795	-1.80469782271872	0.0711219807291974	0.134401205275266
asRNA_372	6.70618843817624	-2.83	1.18683911985806	-2.38863230975968	0.0169112178259051	0.0394467712862494
asRNA_373	6.77293352388776	-6.08	2.1334637764822	-2.84816744593347	0.00439717822285586	0.0120237594683993
asRNA_374	0.527425748285176	1.27	4.01895577626937	0.316335086143696	0.751748182534999	NA
asRNA_375	3.75924913724145	2.22	1.92028459080487	1.15402433454042	0.248490192416242	0.359917566692133
asRNA_376	0	NA	NA	NA	NA	NA
asRNA_377	0.0993426792017391	-1.09	4.99390539590045	-0.217423801366779	0.827878084020131	NA
asRNA_378	0	NA	NA	NA	NA	NA
asRNA_379	0	NA	NA	NA	NA	NA
asRNA_380	1.56993217588492	-1.96	2.25633733508028	-0.868761269230728	0.384977721507767	NA
asRNA_381	0	NA	NA	NA	NA	NA
asRNA_382	0.318502939122871	0.54	4.85561043946176	0.111836078731415	0.910953380264078	NA
asRNA_383	0.308265488364044	0.50	4.85779841859298	0.102687507632627	0.9182109886927	NA
asRNA_384	0.0993426792017391	-1.09	4.99390539590045	-0.217423801366779	0.827878084020131	NA
asRNA_385	0.516442106994615	-2.40	4.259286766374	-0.564291631304484	0.572555675878427	NA
asRNA_386	0.0993426792017391	-1.09	4.99390539590045	-0.217423801366779	0.827878084020131	NA
asRNA_387	0.924050274560399	-0.11	2.9453758609301	-0.0382945174214583	0.96945286204566	NA
asRNA_388	1.24255321368327	0.58	2.60011606892957	0.223172367269947	0.823401357330025	NA
asRNA_389	75.1767569812789	5.04	0.846231901072912	5.95992642318192	2.52351528325993e-09	2.03017210248114e-08
asRNA_390	5.0039099691365	4.52	1.9222234668567	2.3505746614724	0.0187444467543927	0.0433526165605266
asRNA_391	1.27326556595975	0.63	2.63440010363797	0.238703909986543	0.811335184660065	NA
asRNA_392	4.92970297810764	-1.01	1.35784143302669	-0.742945009767292	0.45751497386383	0.575440334193691
asRNA_393	1.37199300801318	-0.37	2.6085930026354	-0.140114931711657	0.888569183173418	NA
asRNA_394	0.725364916156921	-0.83	3.17522874256585	-0.260974613631296	0.7941120844204	NA
asRNA_395	6.7148808177902	3.27	1.7018433271825	1.92081198991122	0.0547554143464345	0.10872860848792
asRNA_396	1.35287953417557	2.63	2.80938586716586	0.936658332660551	0.348934335908304	NA
asRNA_397	0	NA	NA	NA	NA	NA
asRNA_398	16.2911957073475	1.36	0.868461655665651	1.56936914924157	0.116561948281558	0.198600432175022
asRNA_399	0.417099427792876	-3.82	4.97282890929389	-0.768590127045809	0.442136668375574	NA
asRNA_400	1.05349006889031	-1.74	2.95300636868341	-0.587588142479574	0.556808771908716	NA
asRNA_401	0.417099427792876	-3.82	4.97282890929389	-0.768590127045809	0.442136668375574	NA
asRNA_402	0.844567259728003	-4.30	4.24661684900286	-1.01214323442587	0.311469573077627	NA
asRNA_403	0.417099427792876	-3.82	4.97282890929389	-0.768590127045809	0.442136668375574	NA
asRNA_404	0.308265488364044	0.50	4.85779841859298	0.102687507632627	0.9182109886927	NA
asRNA_405	0.219160259921132	-0.00	4.88771254157446	-0.00016888094915994	0.999865252498692	NA
asRNA_406	0.318502939122871	0.54	4.85561043946176	0.111836078731415	0.910953380264078	NA
asRNA_407	1.48144218459032	-0.55	2.51265706383647	-0.216965764346998	0.828235025505651	NA
asRNA_408	2.08698952002785	-0.75	2.07538695655114	-0.363234000623661	0.716430090798738	0.79613309933523
asRNA_409	13.3950093576188	2.17	1.08546052471331	1.99842433871309	0.0456706751468388	0.0934554714867751
asRNA_410	0.0993426792017391	-1.09	4.99390539590045	-0.217423801366779	0.827878084020131	NA
asRNA_411	0	NA	NA	NA	NA	NA
asRNA_412	1.90829477937714	-2.85	2.76335144859776	-1.03148557700847	0.302313168357382	0.421385820183938
asRNA_413	1.28288777957027	-0.71	3.18093606192156	-0.224511572783198	0.822359262965529	NA
asRNA_414	5.61894856480112	2.22	1.56950630886471	1.41649794549581	0.156629765264819	0.250196854262387
asRNA_415	0.626022236955182	-1.39	3.37722326274498	-0.411989829347975	0.680346877932585	NA
asRNA_416	0.308265488364044	0.50	4.85779841859298	0.102687507632627	0.9182109886927	NA
asRNA_417	4.71611938229011	4.43	1.95104031193317	2.27185298184127	0.0230953915581159	0.0521052025954969
asRNA_418	0.516442106994615	-2.40	4.259286766374	-0.564291631304484	0.572555675878427	NA
asRNA_419	0.626022236955182	-1.39	3.37722326274498	-0.411989829347975	0.680346877932585	NA
asRNA_420	0.298028037605217	0.45	4.86011624472731	0.0932951831150069	0.925669058711747	NA
asRNA_421	0.814470144599833	-0.45	3.60941782734653	-0.12543548642159	0.900178795858614	NA
asRNA_422	8.91944934694224	0.62	1.09412590629919	0.57059679224047	0.568272993437736	0.671598991472488
asRNA_423	0.537663199044003	1.30	4.0650726050433	0.319214474022972	0.749563881989119	NA
asRNA_424	3.48020362009042	0.10	1.60091814894228	0.0626008719249809	0.950084335085489	0.967297410721128
asRNA_425	0.318502939122871	0.54	4.85561043946176	0.111836078731415	0.910953380264078	NA
asRNA_426	0.844567259728003	-4.30	4.24661684900286	-1.01214323442587	0.311469573077627	NA
asRNA_427	0.208922809162305	-0.06	4.8922678786655	-0.0130747301441021	0.989568171899884	NA
asRNA_428	0	NA	NA	NA	NA	NA
asRNA_429	0.537663199044003	1.30	4.0650726050433	0.319214474022972	0.749563881989119	NA
asRNA_430	0.417099427792876	-3.82	4.97282890929389	-0.768590127045809	0.442136668375574	NA
asRNA_431	0.0993426792017391	-1.09	4.99390539590045	-0.217423801366779	0.827878084020131	NA
asRNA_432	0.208922809162305	-0.06	4.8922678786655	-0.0130747301441021	0.989568171899884	NA
asRNA_433	1.14321053448153	0.40	2.66693805601555	0.148497614115485	0.881950068741184	NA
asRNA_434	0.438320519842264	1.00	4.83639830013753	0.207202600090228	0.835851636799622	NA
asRNA_435	0.856166138166875	1.97	3.38185455581665	0.58229804121791	0.560365944657696	NA
asRNA_436	0.318502939122871	0.54	4.85561043946176	0.111836078731415	0.910953380264078	NA
asRNA_437	3.63570060386339	-2.10	1.65435091018889	-1.27132429482991	0.203613302764047	0.308564799222075
asRNA_438	72.5932760732116	0.25	0.493829834582356	0.496145662753198	0.619791644534192	0.716598287719292
asRNA_439	0	NA	NA	NA	NA	NA
asRNA_440	0	NA	NA	NA	NA	NA
asRNA_441	0	NA	NA	NA	NA	NA
asRNA_442	1.89805732861831	-2.87	2.46575046486465	-1.1626190356551	0.244984104016927	0.356062167164448
asRNA_443	1.66039883200788	1.16	2.36712747467062	0.491888431086782	0.622798217139471	NA
asRNA_444	0.109580129960566	-1.01	4.98899337193424	-0.203313424797925	0.838890063187611	NA
asRNA_445	0.428083069083437	0.97	4.41613725611266	0.21944559868922	0.826302952922402	NA
asRNA_446	1.96642574877672	-2.57	2.60189682257254	-0.988391437728149	0.322960979240588	0.443251985770681
asRNA_447	1.3513871531121	-0.87	2.48401981502226	-0.348405189438959	0.72753590577766	NA
asRNA_448	6.12396981299988	-0.71	1.26229100143077	-0.560639531605924	0.575043296709921	0.678339617335324
asRNA_449	0	NA	NA	NA	NA	NA
asRNA_450	0.0993426792017391	-1.09	4.99390539590045	-0.217423801366779	0.827878084020131	NA
asRNA_451	0	NA	NA	NA	NA	NA
asRNA_452	0.834945046117487	-0.40	2.98453838763819	-0.132815356500113	0.894339409226299	NA
asRNA_453	0	NA	NA	NA	NA	NA
asRNA_454	0.318502939122871	0.54	4.85561043946176	0.111836078731415	0.910953380264078	NA
asRNA_455	1.66989009223497	-0.19	2.28021360994522	-0.0852046550727148	0.932098689829194	0.955391610795839
asRNA_456	0	NA	NA	NA	NA	NA
asRNA_457	1.55081870204731	1.03	2.42531835830057	0.426181857808062	0.669975336155387	NA
asRNA_458	0.417099427792876	-3.82	4.97282890929389	-0.768590127045809	0.442136668375574	NA
asRNA_459	0.308265488364044	0.50	4.85779841859298	0.102687507632627	0.9182109886927	NA
asRNA_460	0	NA	NA	NA	NA	NA
asRNA_461	0.725364916156921	-0.83	3.17522874256585	-0.260974613631296	0.7941120844204	NA
asRNA_462	0.844567259728003	-4.30	4.24661684900286	-1.01214323442587	0.311469573077627	NA
asRNA_463	0.417099427792876	-3.82	4.97282890929389	-0.768590127045809	0.442136668375574	NA
asRNA_464	0	NA	NA	NA	NA	NA
asRNA_465	1.26166668752088	-5.00	3.11017319105942	-1.60675292175605	0.108108579318902	NA
asRNA_466	0	NA	NA	NA	NA	NA
asRNA_467	2.82123045926355	-3.07	1.81584622880666	-1.6906198324894	0.0909094343573413	0.164465223978357
asRNA_468	0	NA	NA	NA	NA	NA
asRNA_469	0.814470144599833	-0.45	3.60941782734653	-0.12543548642159	0.900178795858614	NA
asRNA_470	0	NA	NA	NA	NA	NA
asRNA_471	0.109580129960566	-1.01	4.98899337193424	-0.203313424797925	0.838890063187611	NA
asRNA_472	0.109580129960566	-1.01	4.98899337193424	-0.203313424797925	0.838890063187611	NA
asRNA_473	0.705636205171	1.69	3.69305555207185	0.458917988529079	0.646293060482945	NA
asRNA_474	0	NA	NA	NA	NA	NA
asRNA_475	0.308265488364044	0.50	4.85779841859298	0.102687507632627	0.9182109886927	NA
asRNA_476	0.0993426792017391	-1.09	4.99390539590045	-0.217423801366779	0.827878084020131	NA
asRNA_477	0	NA	NA	NA	NA	NA
asRNA_478	1.14259529733322	-1.26	3.26929340488383	-0.384956600293624	0.700269570183841	NA
asRNA_479	0.943909938929743	-2.81	3.55258697475707	-0.791279373560298	0.428780982154848	NA
asRNA_480	0.834945046117487	-0.40	2.98453838763819	-0.132815356500113	0.894339409226299	NA
asRNA_481	0.526679557753442	-2.34	4.23641129100539	-0.552168437903353	0.580832956391148	NA
asRNA_482	23.3101711344332	1.42	0.816375996854843	1.74420186617685	0.0811238960492201	0.150238333023796
asRNA_483	0.208922809162305	-0.06	4.8922678786655	-0.0130747301441021	0.989568171899884	NA
asRNA_484	0.308265488364044	0.50	4.85779841859298	0.102687507632627	0.9182109886927	NA
asRNA_485	0.41784561832461	0.94	4.40269524556197	0.212626631336138	0.831618197593151	NA
asRNA_486	0	NA	NA	NA	NA	NA
asRNA_487	0	NA	NA	NA	NA	NA
asRNA_488	0.318502939122871	0.54	4.85561043946176	0.111836078731415	0.910953380264078	NA
asRNA_489	0	NA	NA	NA	NA	NA
asRNA_490	0.0993426792017391	-1.09	4.99390539590045	-0.217423801366779	0.827878084020131	NA
asRNA_491	0.109580129960566	-1.01	4.98899337193424	-0.203313424797925	0.838890063187611	NA
asRNA_492	0	NA	NA	NA	NA	NA
asRNA_493	0	NA	NA	NA	NA	NA
asRNA_494	0	NA	NA	NA	NA	NA
asRNA_495	0	NA	NA	NA	NA	NA
asRNA_496	0	NA	NA	NA	NA	NA
asRNA_497	0	NA	NA	NA	NA	NA
asRNA_498	0.417099427792876	-3.82	4.97282890929389	-0.768590127045809	0.442136668375574	NA
asRNA_499	0.417099427792876	-3.82	4.97282890929389	-0.768590127045809	0.442136668375574	NA
asRNA_500	0.417099427792876	-3.82	4.97282890929389	-0.768590127045809	0.442136668375574	NA
asRNA_501	0.0993426792017391	-1.09	4.99390539590045	-0.217423801366779	0.827878084020131	NA
asRNA_502	1.68913451945601	-5.37	3.31635495783459	-1.62061570459554	0.105100082028072	0.182231743059068
asRNA_503	0.615784786196355	-1.45	3.95649376325275	-0.365523383387828	0.714720755145227	NA
asRNA_504	0.0993426792017391	-1.09	4.99390539590045	-0.217423801366779	0.827878084020131	NA
asRNA_505	0.516442106994615	-2.40	4.259286766374	-0.564291631304484	0.572555675878427	NA
asRNA_506	0.208922809162305	-0.06	4.8922678786655	-0.0130747301441021	0.989568171899884	NA
asRNA_507	0.109580129960566	-1.01	4.98899337193424	-0.203313424797925	0.838890063187611	NA
asRNA_508	0.0993426792017391	-1.09	4.99390539590045	-0.217423801366779	0.827878084020131	NA
asRNA_509	0.41784561832461	0.94	4.40269524556197	0.212626631336138	0.831618197593151	NA
asRNA_510	0	NA	NA	NA	NA	NA
asRNA_511	0.417099427792876	-3.82	4.97282890929389	-0.768590127045809	0.442136668375574	NA
asRNA_512	0	NA	NA	NA	NA	NA
asRNA_513	0	NA	NA	NA	NA	NA
asRNA_514	0	NA	NA	NA	NA	NA
asRNA_515	1.02413914429387	2.23	3.13270426327069	0.712181728386762	0.476352249927391	NA
asRNA_516	0.308265488364044	0.50	4.85779841859298	0.102687507632627	0.9182109886927	NA
asRNA_517	0.417099427792876	-3.82	4.97282890929389	-0.768590127045809	0.442136668375574	NA
asRNA_518	8.05968320950012	-1.12	1.06784849553992	-1.05091263095655	0.293298718671037	0.411621352744531
asRNA_519	42.7076311265836	0.33	0.7375248265744	0.442925742691736	0.657819446725113	0.745409536098838
asRNA_520	0.965000077595707	-0.00	3.44678093667076	-0.000855185852872445	0.999317660494547	NA
asRNA_521	0.219160259921132	-0.00	4.88771254157446	-0.00016888094915994	0.999865252498692	NA
asRNA_522	0	NA	NA	NA	NA	NA
asRNA_523	1.04312166474806	-2.15	2.84237418869909	-0.757239936111595	0.448906128221421	NA
asRNA_524	0	NA	NA	NA	NA	NA
asRNA_525	0.219160259921132	-0.00	4.88771254157446	-0.00016888094915994	0.999865252498692	NA
asRNA_526	0.834945046117487	-0.40	2.98453838763819	-0.132815356500113	0.894339409226299	NA
asRNA_527	1.25129828337863	-5.11	3.56273988395854	-1.43367882624932	0.151663937250909	NA
asRNA_528	0.537663199044003	1.30	4.0650726050433	0.319214474022972	0.749563881989119	NA
asRNA_529	0.834198855585753	-4.53	4.15865081057556	-1.08834149842801	0.276444376964658	NA
asRNA_530	9.13601770488671	-0.23	1.02870316473463	-0.226194432453691	0.821050200666535	0.875538638207498
asRNA_531	0.725364916156921	-0.83	3.17522874256585	-0.260974613631296	0.7941120844204	NA
asRNA_532	0	NA	NA	NA	NA	NA
asRNA_533	3.50080947499149	0.32	1.88515344325984	0.167385293446902	0.867066896056357	0.912934448569241
asRNA_534	1.87732052033381	-3.13	2.36311371848437	-1.32284618870715	0.185886533451885	0.286485013373066
asRNA_535	0	NA	NA	NA	NA	NA
asRNA_536	70.9021735906824	2.94	0.583192756257024	5.03356054282088	4.81452667992524e-07	2.87492738739211e-06
asRNA_537	0.318502939122871	0.54	4.85561043946176	0.111836078731415	0.910953380264078	NA
asRNA_538	1.87955909192901	1.39	2.27844154819061	0.612189305190652	0.540412516649168	0.647253287054197
asRNA_539	1.47269711489496	2.75	2.73486704228047	1.00664430151055	0.31410573710284	NA
asRNA_540	1.67876611531376	-5.45	2.78213963782159	-1.95892737579988	0.0501212924928618	0.100806650978409
asRNA_541	0.208922809162305	-0.06	4.8922678786655	-0.0130747301441021	0.989568171899884	NA
asRNA_542	0	NA	NA	NA	NA	NA
asRNA_543	0.0993426792017391	-1.09	4.99390539590045	-0.217423801366779	0.827878084020131	NA
asRNA_544	0	NA	NA	NA	NA	NA
asRNA_545	1.25129828337863	-5.11	3.56273988395854	-1.43367882624932	0.151663937250909	NA
asRNA_546	0	NA	NA	NA	NA	NA
asRNA_547	1.03288421398923	-2.18	3.26411926806677	-0.667127288384062	0.504690830907141	NA
asRNA_548	0.516442106994615	-2.40	4.259286766374	-0.564291631304484	0.572555675878427	NA
asRNA_549	1.25217542729379	-0.75	2.74035619845087	-0.272362277521238	0.785343474823717	NA
asRNA_550	2.07749825980076	0.36	2.11210739385976	0.171178930134577	0.864083074276165	0.910288779721669
asRNA_551	0.198685358403478	-0.13	4.89720298489229	-0.0264335260583161	0.978911553558683	NA
asRNA_552	0	NA	NA	NA	NA	NA
asRNA_553	0.417099427792876	-3.82	4.97282890929389	-0.768590127045809	0.442136668375574	NA
asRNA_554	0.219160259921132	-0.00	4.88771254157446	-0.00016888094915994	0.999865252498692	NA
asRNA_555	0.308265488364044	0.50	4.85779841859298	0.102687507632627	0.9182109886927	NA
asRNA_556	0.526679557753442	-2.34	4.23641129100539	-0.552168437903353	0.580832956391148	NA
asRNA_557	2.82421522139049	1.63	2.06659721380401	0.788945683698074	0.430143753397555	0.55021455572632
asRNA_558	2.19507726892495	-4.39	2.66236591088852	-1.65043751819985	0.0988534828309996	0.175039925012853
asRNA_559	3.48169600115388	2.06	1.97189461634535	1.04482807231291	0.296102437961048	0.414113079809135
asRNA_560	2.71599651910997	3.64	2.24361112949589	1.62086802837059	0.10504594493244	0.182231743059068
asRNA_561	0.845182496876314	-0.37	3.03149022414014	-0.12040354780047	0.904163481111065	NA
asRNA_562	0.636259687714009	-1.32	3.92390203074176	-0.337644758114465	0.735630908829367	NA
asRNA_563	0	NA	NA	NA	NA	NA
asRNA_564	0.0993426792017391	-1.09	4.99390539590045	-0.217423801366779	0.827878084020131	NA
asRNA_565	0.41784561832461	0.94	4.40269524556197	0.212626631336138	0.831618197593151	NA
asRNA_566	1.68087373352553	1.19	2.36480659517661	0.501444178128244	0.616058554770262	0.714262513454678
asRNA_567	0.417099427792876	-3.82	4.97282890929389	-0.768590127045809	0.442136668375574	NA
asRNA_568	2.61529241222818	1.46	2.11078968372759	0.692442952617478	0.488659199676659	0.601389728278898
asRNA_569	0.417099427792876	-3.82	4.97282890929389	-0.768590127045809	0.442136668375574	NA
asRNA_570	0	NA	NA	NA	NA	NA
asRNA_571	2.58519529710001	1.96	2.09276275167837	0.935446399943353	0.349558294043305	0.470465224150806
asRNA_572	0	NA	NA	NA	NA	NA
asRNA_573	0	NA	NA	NA	NA	NA
asRNA_574	0.844567259728003	-4.30	4.24661684900286	-1.01214323442587	0.311469573077627	NA
asRNA_575	0.0993426792017391	-1.09	4.99390539590045	-0.217423801366779	0.827878084020131	NA
asRNA_576	8.32620001421573	5.25	1.7514209208942	2.99931070431525	0.00270591209219688	0.00783587849917874
asRNA_577	1.22207831216562	0.55	2.74479576714908	0.200611744539883	0.841002173952727	NA
asRNA_578	2.18720934314475	1.04	2.23024608974947	0.467507571775307	0.640136776096194	0.733679438292569
asRNA_579	0	NA	NA	NA	NA	NA
asRNA_580	1.06434275679745	0.23	2.8493030606076	0.0801529178350681	0.93611563574721	NA
asRNA_581	0	NA	NA	NA	NA	NA
asRNA_582	0	NA	NA	NA	NA	NA
asRNA_583	1.79932988656488	-1.17	2.16565723026293	-0.540858356281894	0.588605216276442	0.690431435125954
asRNA_584	1.68913451945601	-5.37	3.31635495783459	-1.62061570459554	0.105100082028072	0.182231743059068
asRNA_585	0.844567259728003	-4.30	4.24661684900286	-1.01214323442587	0.311469573077627	NA
asRNA_586	1.06372751964914	-1.73	3.35865823018182	-0.515405227165694	0.60626988053838	NA
asRNA_587	0.208922809162305	-0.06	4.8922678786655	-0.0130747301441021	0.989568171899884	NA
asRNA_588	4.00745134873257	4.20	2.04629745701159	2.05200389043974	0.0401692843259271	0.0837625104644327
asRNA_589	1.04312166474806	-2.15	2.84237418869909	-0.757239936111595	0.448906128221421	NA
asRNA_590	0.636259687714009	-1.32	3.92390203074176	-0.337644758114465	0.735630908829367	NA
asRNA_591	0.318502939122871	0.54	4.85561043946176	0.111836078731415	0.910953380264078	NA
asRNA_592	12.727600100123	1.22	0.936200367562597	1.300608907453	0.193392356535954	0.296063374690071
asRNA_593	0.845182496876314	-0.37	3.03149022414014	-0.12040354780047	0.904163481111065	NA
asRNA_594	0.417099427792876	-3.82	4.97282890929389	-0.768590127045809	0.442136668375574	NA
asRNA_595	0.0993426792017391	-1.09	4.99390539590045	-0.217423801366779	0.827878084020131	NA
asRNA_596	0.0993426792017391	-1.09	4.99390539590045	-0.217423801366779	0.827878084020131	NA
asRNA_597	0	NA	NA	NA	NA	NA
asRNA_598	0.417099427792876	-3.82	4.97282890929389	-0.768590127045809	0.442136668375574	NA
asRNA_599	0	NA	NA	NA	NA	NA
asRNA_600	0.208922809162305	-0.06	4.8922678786655	-0.0130747301441021	0.989568171899884	NA
asRNA_601	22.362499842038	-4.50	0.809612705254804	-5.55234242645474	2.81866760243397e-08	1.95897398369161e-07
asRNA_602	2.71463509142992	1.54	2.09000313653263	0.738932483053432	0.459947996525195	0.57662771234361
asRNA_603	5.98218494969937	-1.79	1.22825666707157	-1.46105291555977	0.144000920269124	0.234258974325973
asRNA_604	0	NA	NA	NA	NA	NA
asRNA_605	0	NA	NA	NA	NA	NA
asRNA_606	1.04325261813148	-1.84	3.36836082909973	-0.547704848156067	0.583894582647023	NA
asRNA_607	1.27265032881144	-0.69	2.73731067239369	-0.251080080018187	0.801752196542243	NA
asRNA_608	1.87955909192901	1.39	2.27844154819061	0.612189305190652	0.540412516649168	0.647253287054197
asRNA_609	24.6665336710488	-0.89	0.643594154163846	-1.38601021576103	0.165743784106886	0.261799840805195
asRNA_610	0	NA	NA	NA	NA	NA
asRNA_611	0.0993426792017391	-1.09	4.99390539590045	-0.217423801366779	0.827878084020131	NA
asRNA_612	1.16443162653092	2.41	2.98417768028066	0.808840017908436	0.41860717444411	NA
asRNA_613	1.04312166474806	-2.15	2.84237418869909	-0.757239936111595	0.448906128221421	NA
asRNA_614	0.109580129960566	-1.01	4.98899337193424	-0.203313424797925	0.838890063187611	NA
asRNA_615	0.0993426792017391	-1.09	4.99390539590045	-0.217423801366779	0.827878084020131	NA
asRNA_616	0.736348557447482	1.75	3.52387106184071	0.497465167606285	0.618861060282658	NA
asRNA_617	0.746586008206308	1.77	3.54223110880244	0.500215040794756	0.6169236687777	NA
asRNA_618	16.8235885064098	0.87	0.804360805980996	1.07664783853381	0.281637623706454	0.398787399271958
asRNA_619	1.97828653398244	0.79	2.30298075552883	0.341724949502101	0.732557894242791	0.808139264283714
asRNA_620	0	NA	NA	NA	NA	NA
asRNA_621	0.537663199044003	1.30	4.0650726050433	0.319214474022972	0.749563881989119	NA
asRNA_622	0	NA	NA	NA	NA	NA
asRNA_623	0.834198855585753	-4.53	4.15865081057556	-1.08834149842801	0.276444376964658	NA
asRNA_624	3.4672433139715	-4.95	2.15165363660049	-2.30269859518949	0.0212958072977058	0.0483503719227404
asRNA_625	0	NA	NA	NA	NA	NA
asRNA_626	0.943778985546319	-3.08	3.44610515769065	-0.894537262260603	0.371034502126	NA
asRNA_627	3.62770172469976	0.22	1.57885041720899	0.13902818060903	0.889427880388023	0.921851100551298
asRNA_628	0.308265488364044	0.50	4.85779841859298	0.102687507632627	0.9182109886927	NA
asRNA_629	0.626768427486915	1.52	3.74508724809403	0.406158602763296	0.684626068965129	NA
asRNA_630	0.417099427792876	-3.82	4.97282890929389	-0.768590127045809	0.442136668375574	NA
asRNA_631	0	NA	NA	NA	NA	NA
asRNA_632	0	NA	NA	NA	NA	NA
asRNA_633	5.63942346631877	2.23	1.56834730830607	1.4210677552632	0.155297062921226	0.248594530664688
asRNA_634	8.58561657672183	-1.52	1.06285609024842	-1.42604972903533	0.153853988120977	0.24739246676008
asRNA_635	0.41784561832461	0.94	4.40269524556197	0.212626631336138	0.831618197593151	NA
asRNA_636	0.109580129960566	-1.01	4.98899337193424	-0.203313424797925	0.838890063187611	NA
asRNA_637	0.626022236955182	-1.39	3.37722326274498	-0.411989829347975	0.680346877932585	NA
asRNA_638	0.943909938929743	-2.81	3.55258697475707	-0.791279373560298	0.428780982154848	NA
asRNA_639	0	NA	NA	NA	NA	NA
asRNA_640	2.60505496146936	1.45	2.11691174367156	0.686280365463381	0.492536327975304	0.603707537452581
asRNA_641	0.109580129960566	-1.01	4.98899337193424	-0.203313424797925	0.838890063187611	NA
asRNA_642	0.944525176078053	-0.06	2.86089525105203	-0.0224172832490216	0.982115093777003	NA
asRNA_643	1.0343765950527	2.24	3.09932982875853	0.72423398279451	0.468922098899927	NA
asRNA_644	0	NA	NA	NA	NA	NA
asRNA_645	0.198685358403478	-0.13	4.89720298489229	-0.0264335260583161	0.978911553558683	NA
asRNA_646	0.954147389688569	-2.76	3.54576187965529	-0.777292506936599	0.436986214838539	NA
asRNA_647	0.109580129960566	-1.01	4.98899337193424	-0.203313424797925	0.838890063187611	NA
asRNA_648	1.04312166474806	-2.15	2.84237418869909	-0.757239936111595	0.448906128221421	NA
asRNA_649	0	NA	NA	NA	NA	NA
asRNA_650	1.16307019885087	-1.12	2.81662197155937	-0.397703930054761	0.690848440130775	NA
asRNA_651	6.02009730052634	3.31	1.74898927687166	1.89216249328047	0.0584693339631299	0.115098563002164
asRNA_652	0	NA	NA	NA	NA	NA
asRNA_653	4.92504219145241	4.50	1.93246671875555	2.32605472240579	0.0200156315674504	0.0458180331031664
asRNA_654	0.109580129960566	-1.01	4.98899337193424	-0.203313424797925	0.838890063187611	NA
asRNA_655	0.208922809162305	-0.06	4.8922678786655	-0.0130747301441021	0.989568171899884	NA
asRNA_656	1.58227724485553	2.86	2.67418116602241	1.06813145447501	0.285461219045683	NA
asRNA_657	0.109580129960566	-1.01	4.98899337193424	-0.203313424797925	0.838890063187611	NA
asRNA_658	0.318502939122871	0.54	4.85561043946176	0.111836078731415	0.910953380264078	NA
asRNA_659	7.04349025428848	2.59	1.50059762247176	1.72272235391367	0.0849387459015257	0.15568992105906
asRNA_660	0.914559014333306	2.07	3.29901502821505	0.626966436029429	0.530681236597089	NA
asRNA_661	0.526679557753442	-2.34	4.23641129100539	-0.552168437903353	0.580832956391148	NA
asRNA_662	0	NA	NA	NA	NA	NA
asRNA_663	4.53307845183242	-0.76	1.49113892789535	-0.511624812158546	0.608913616794182	0.707946965250485
asRNA_664	0.615784786196355	-1.45	3.95649376325275	-0.365523383387828	0.714720755145227	NA
asRNA_665	1.89805732861831	-2.87	2.46575046486465	-1.1626190356551	0.244984104016927	0.356062167164448
asRNA_666	8.55256589650915	5.29	1.76122745571441	3.00497989829508	0.00265598402047578	0.00771808596890872
asRNA_667	3.26240478784933	1.29	1.84323563481824	0.699276054377877	0.484379528718098	0.597297969863323
asRNA_668	0.417099427792876	-3.82	4.97282890929389	-0.768590127045809	0.442136668375574	NA
asRNA_669	12.6240365606759	2.54	1.15884157132815	2.19072027839636	0.0284720407224239	0.0620531758601956
asRNA_670	12.186153258339	5.80	1.66507434661702	3.48483649733721	0.000492437847533805	0.00170884812001329
asRNA_671	0.109580129960566	-1.01	4.98899337193424	-0.203313424797925	0.838890063187611	NA
asRNA_672	0.417099427792876	-3.82	4.97282890929389	-0.768590127045809	0.442136668375574	NA
asRNA_673	0.41784561832461	0.94	4.40269524556197	0.212626631336138	0.831618197593151	NA
asRNA_674	0	NA	NA	NA	NA	NA
asRNA_675	1.48157313797375	-0.09	2.55145467600104	-0.034124816568253	0.972777619246962	NA
asRNA_676	0	NA	NA	NA	NA	NA
asRNA_677	0.0993426792017391	-1.09	4.99390539590045	-0.217423801366779	0.827878084020131	NA
asRNA_678	0.417099427792876	-3.82	4.97282890929389	-0.768590127045809	0.442136668375574	NA
asRNA_679	0.516442106994615	-2.40	4.259286766374	-0.564291631304484	0.572555675878427	NA
asRNA_680	0	NA	NA	NA	NA	NA
asRNA_681	0.526679557753442	-2.34	4.23641129100539	-0.552168437903353	0.580832956391148	NA
asRNA_682	0.219160259921132	-0.00	4.88771254157446	-0.00016888094915994	0.999865252498692	NA
asRNA_683	1.36100936672262	-3.56	2.78347980739686	-1.27802627738563	0.20124016113164	NA
asRNA_684	0.328740389881698	0.59	4.85354232142934	0.120751328958657	0.90388800177812	NA
asRNA_685	3.13885625447127	-3.85	2.29063719982116	-1.6791929913829	0.0931144374564217	0.167365174221241
asRNA_686	1.76774039037324	-4.12	2.82155841529185	-1.45946703008681	0.144436608691473	0.234640395161766
asRNA_687	0.845928687408048	1.95	3.35233535172239	0.582506808207835	0.560225357012532	NA
asRNA_688	0	NA	NA	NA	NA	NA
asRNA_689	0.417099427792876	-3.82	4.97282890929389	-0.768590127045809	0.442136668375574	NA
asRNA_690	0	NA	NA	NA	NA	NA
asRNA_691	2.21642931435776	-1.65	1.9636331610937	-0.84123541067599	0.400216066511268	0.520176934239581
asRNA_692	3.86645974222339	-0.39	1.63623763171606	-0.240550995696402	0.809903134694148	0.866714133021711
asRNA_693	2.73436380241584	0.31	1.80384142001861	0.17171513437864	0.86366148703489	0.910227902511076
asRNA_694	0.626768427486915	1.52	3.74508724809403	0.406158602763296	0.684626068965129	NA
asRNA_695	0.0993426792017391	-1.09	4.99390539590045	-0.217423801366779	0.827878084020131	NA
asRNA_696	0.417099427792876	-3.82	4.97282890929389	-0.768590127045809	0.442136668375574	NA
asRNA_697	0.845182496876314	-0.37	3.03149022414014	-0.12040354780047	0.904163481111065	NA
asRNA_698	0.109580129960566	-1.01	4.98899337193424	-0.203313424797925	0.838890063187611	NA
asRNA_699	0	NA	NA	NA	NA	NA
asRNA_700	0	NA	NA	NA	NA	NA
asRNA_701	0	NA	NA	NA	NA	NA
asRNA_702	0	NA	NA	NA	NA	NA
asRNA_703	0.834198855585753	-4.53	4.15865081057556	-1.08834149842801	0.276444376964658	NA
asRNA_704	1.05410530603862	0.21	2.76825567649703	0.0742945200738385	0.940776037330437	NA
asRNA_705	4.24937214802616	2.77	1.90021843358561	1.45692990797562	0.145135729286527	0.235492603550513
asRNA_706	2.17609474847076	-0.61	2.05977032211061	-0.294048469274054	0.768720866513086	0.836234612180757
asRNA_707	0.417099427792876	-3.82	4.97282890929389	-0.768590127045809	0.442136668375574	NA
asRNA_708	0.844567259728003	-4.30	4.24661684900286	-1.01214323442587	0.311469573077627	NA
asRNA_709	0.208922809162305	-0.06	4.8922678786655	-0.0130747301441021	0.989568171899884	NA
asRNA_710	0.407608167565783	0.90	4.4901242560306	0.200977570631939	0.840716112271296	NA
asRNA_711	0	NA	NA	NA	NA	NA
asRNA_712	0.428083069083437	0.97	4.41613725611266	0.21944559868922	0.826302952922402	NA
asRNA_713	1.05349006889031	-1.74	2.95300636868341	-0.587588142479574	0.556808771908716	NA
asRNA_714	1.66039883200788	1.16	2.36712747467062	0.491888431086782	0.622798217139471	NA
asRNA_715	1.56044091565783	0.09	2.50861337404839	0.0374496658813118	0.970126472774073	NA
asRNA_716	0.626768427486915	1.52	3.74508724809403	0.406158602763296	0.684626068965129	NA
asRNA_717	1.04312166474806	-2.15	2.84237418869909	-0.757239936111595	0.448906128221421	NA
asRNA_718	0	NA	NA	NA	NA	NA
asRNA_719	0.219160259921132	-0.00	4.88771254157446	-0.00016888094915994	0.999865252498692	NA
asRNA_720	0	NA	NA	NA	NA	NA
asRNA_721	0	NA	NA	NA	NA	NA
asRNA_722	0.726111106688655	1.73	3.53843500357775	0.490026169473748	0.624115380786429	NA
asRNA_723	4.66920005500093	-1.44	1.60001430810577	-0.902100898244654	0.36700327177606	0.488869878383997
asRNA_724	0.0993426792017391	-1.09	4.99390539590045	-0.217423801366779	0.827878084020131	NA
asRNA_725	0	NA	NA	NA	NA	NA
asRNA_726	0	NA	NA	NA	NA	NA
asRNA_727	0.308265488364044	0.50	4.85779841859298	0.102687507632627	0.9182109886927	NA
asRNA_728	0.636259687714009	-1.32	3.92390203074176	-0.337644758114465	0.735630908829367	NA
asRNA_729	0	NA	NA	NA	NA	NA
asRNA_730	0	NA	NA	NA	NA	NA
asRNA_731	6.19255307366554	1.12	1.40532423154069	0.798552157612897	0.424550138291806	0.545020867678199
asRNA_732	3.47207378754337	2.44	1.94761163425314	1.25502684149379	0.209469016194249	0.315546333369818
asRNA_733	0	NA	NA	NA	NA	NA
asRNA_734	0.537663199044003	1.30	4.0650726050433	0.319214474022972	0.749563881989119	NA
asRNA_735	5.18137423549059	3.08	1.77840662773272	1.73118832072255	0.0834181817467908	0.153577844540449
asRNA_736	0	NA	NA	NA	NA	NA
asRNA_737	0.835691236649221	1.94	3.35189434567072	0.577626250555745	0.563516480150573	NA
asRNA_738	0.109580129960566	-1.01	4.98899337193424	-0.203313424797925	0.838890063187611	NA
asRNA_739	1.68913451945601	-5.37	3.31635495783459	-1.62061570459554	0.105100082028072	0.182231743059068
asRNA_740	2.42548307690349	-1.02	2.10759613451109	-0.483397178360817	0.62881375128408	0.724018410360225
asRNA_741	0.944525176078053	-0.06	2.86089525105203	-0.0224172832490216	0.982115093777003	NA
asRNA_742	3.28947007459097	0.78	1.78879889925146	0.434348929973142	0.664035077313006	0.750752717323606
asRNA_743	0.308265488364044	0.50	4.85779841859298	0.102687507632627	0.9182109886927	NA
asRNA_744	0.109580129960566	-1.01	4.98899337193424	-0.203313424797925	0.838890063187611	NA
asRNA_745	0.438320519842264	1.00	4.83639830013753	0.207202600090228	0.835851636799622	NA
asRNA_746	2.51296497089951	-6.07	2.45028015299822	-2.47686402455137	0.0132542386766688	0.0317340719320816
asRNA_747	0	NA	NA	NA	NA	NA
asRNA_748	2.77364320474466	2.08	2.07668461527264	1.00066429499298	0.316989134760151	0.437938605836498
asRNA_749	0	NA	NA	NA	NA	NA
asRNA_750	1.46022109254093	-2.72	2.54552035207407	-1.0692028485679	0.28497827544225	NA
asRNA_751	0.0993426792017391	-1.09	4.99390539590045	-0.217423801366779	0.827878084020131	NA
asRNA_752	0	NA	NA	NA	NA	NA
asRNA_753	0.308265488364044	0.50	4.85779841859298	0.102687507632627	0.9182109886927	NA
asRNA_754	0	NA	NA	NA	NA	NA
asRNA_755	0.526679557753442	-2.34	4.23641129100539	-0.552168437903353	0.580832956391148	NA
asRNA_756	5.46587379608817	-1.70	1.26729352935862	-1.34139070697093	0.179793633201476	0.279142794172776
asRNA_757	0	NA	NA	NA	NA	NA
asRNA_758	0.954147389688569	-2.76	3.54576187965529	-0.777292506936599	0.436986214838539	NA
asRNA_759	0	NA	NA	NA	NA	NA
asRNA_760	0	NA	NA	NA	NA	NA
asRNA_761	0.715127465398094	-0.87	3.75973729753589	-0.230101145069569	0.81801317512873	NA
asRNA_762	0.109580129960566	-1.01	4.98899337193424	-0.203313424797925	0.838890063187611	NA
asRNA_763	0	NA	NA	NA	NA	NA
asRNA_764	9.69955444990895	5.47	1.71312547285162	3.19483899113683	0.00139908869754217	0.00439212035288645
asRNA_765	25.8503850355392	-0.44	0.667849417465274	-0.656777364407383	0.511324080859408	0.618932196570024
asRNA_766	0	NA	NA	NA	NA	NA
asRNA_767	0.626022236955182	-1.39	3.37722326274498	-0.411989829347975	0.680346877932585	NA
asRNA_768	0.109580129960566	-1.01	4.98899337193424	-0.203313424797925	0.838890063187611	NA
asRNA_769	1.27265032881144	-0.69	2.73731067239369	-0.251080080018187	0.801752196542243	NA
asRNA_770	0.109580129960566	-1.01	4.98899337193424	-0.203313424797925	0.838890063187611	NA
asRNA_771	0.844567259728003	-4.30	4.24661684900286	-1.01214323442587	0.311469573077627	NA
asRNA_772	0	NA	NA	NA	NA	NA
asRNA_773	0.417099427792876	-3.82	4.97282890929389	-0.768590127045809	0.442136668375574	NA
asRNA_774	0	NA	NA	NA	NA	NA
asRNA_775	0.954147389688569	-2.76	3.54576187965529	-0.777292506936599	0.436986214838539	NA
asRNA_776	1.25129828337863	-5.11	3.56273988395854	-1.43367882624932	0.151663937250909	NA
asRNA_777	0	NA	NA	NA	NA	NA
asRNA_778	0.934287725319226	-0.09	2.86580103435506	-0.0310155697986252	0.975257122742762	NA
asRNA_779	0	NA	NA	NA	NA	NA
asRNA_780	0	NA	NA	NA	NA	NA
asRNA_781	1.78834624527432	-3.99	2.53302359847794	-1.57348138073109	0.115607396298611	0.197170896754687
asRNA_782	0.615784786196355	-1.45	3.95649376325275	-0.365523383387828	0.714720755145227	NA
asRNA_783	0	NA	NA	NA	NA	NA
asRNA_784	0	NA	NA	NA	NA	NA
asRNA_785	0.933541534787492	-3.14	3.45299199175931	-0.908240542483965	0.363751148345989	NA
asRNA_786	4.0636527195634	-1.48	1.64281116807332	-0.902191754843221	0.366955013995318	0.488869878383997
asRNA_787	0	NA	NA	NA	NA	NA
asRNA_788	0	NA	NA	NA	NA	NA
asRNA_789	0	NA	NA	NA	NA	NA
asRNA_790	29.1741505902165	4.13	1.06031374830647	3.89247491462825	9.92267623615076e-05	0.000401723882570375
asRNA_791	0.506950846767522	1.22	4.14201407861103	0.293920342204148	0.768818773482532	NA
asRNA_792	0.417099427792876	-3.82	4.97282890929389	-0.768590127045809	0.442136668375574	NA
asRNA_793	1.68913451945601	-5.37	3.31635495783459	-1.62061570459554	0.105100082028072	0.182231743059068
asRNA_794	0.626768427486915	1.52	3.74508724809403	0.406158602763296	0.684626068965129	NA
asRNA_795	0	NA	NA	NA	NA	NA
asRNA_796	0.308265488364044	0.50	4.85779841859298	0.102687507632627	0.9182109886927	NA
asRNA_797	0	NA	NA	NA	NA	NA
asRNA_798	0	NA	NA	NA	NA	NA
asRNA_799	0.407608167565783	0.90	4.4901242560306	0.200977570631939	0.840716112271296	NA
asRNA_800	0	NA	NA	NA	NA	NA
asRNA_801	0.109580129960566	-1.01	4.98899337193424	-0.203313424797925	0.838890063187611	NA
asRNA_802	0.834198855585753	-4.53	4.15865081057556	-1.08834149842801	0.276444376964658	NA
asRNA_803	0	NA	NA	NA	NA	NA
asRNA_804	0.0993426792017391	-1.09	4.99390539590045	-0.217423801366779	0.827878084020131	NA
asRNA_805	0	NA	NA	NA	NA	NA
asRNA_806	0.417099427792876	-3.82	4.97282890929389	-0.768590127045809	0.442136668375574	NA
asRNA_807	0	NA	NA	NA	NA	NA
asRNA_808	0.417099427792876	-3.82	4.97282890929389	-0.768590127045809	0.442136668375574	NA
asRNA_809	0.428083069083437	0.97	4.41613725611266	0.21944559868922	0.826302952922402	NA
asRNA_810	0	NA	NA	NA	NA	NA
asRNA_811	0.109580129960566	-1.01	4.98899337193424	-0.203313424797925	0.838890063187611	NA
asRNA_812	0	NA	NA	NA	NA	NA
asRNA_813	0	NA	NA	NA	NA	NA
asRNA_814	4.84169727057792	-0.25	1.55771774098859	-0.16349646313718	0.87012755769141	0.913158612488542
asRNA_815	0	NA	NA	NA	NA	NA
asRNA_816	0.198685358403478	-0.13	4.89720298489229	-0.0264335260583161	0.978911553558683	NA
asRNA_817	6.96400723945608	2.29	1.44552269922094	1.58705533030319	0.112500113682607	0.193586853118213
asRNA_818	0	NA	NA	NA	NA	NA
asRNA_819	0	NA	NA	NA	NA	NA
asRNA_820	1.1424643439498	-1.59	2.70238545850174	-0.589536856569843	0.55550119550505	NA
asRNA_821	6.78330192803001	-6.08	1.94500791152978	-3.12550969535851	0.00177497218885761	0.00538300656548091
asRNA_822	0	NA	NA	NA	NA	NA
asRNA_823	0.219160259921132	-0.00	4.88771254157446	-0.00016888094915994	0.999865252498692	NA
asRNA_824	2.85628900134701	3.71	2.23525876044412	1.65902228916089	0.097111300966746	0.172565678280397
asRNA_825	0.109580129960566	-1.01	4.98899337193424	-0.203313424797925	0.838890063187611	NA
asRNA_826	0.219160259921132	-0.00	4.88771254157446	-0.00016888094915994	0.999865252498692	NA
asRNA_827	0.0993426792017391	-1.09	4.99390539590045	-0.217423801366779	0.827878084020131	NA
asRNA_828	1.26166668752088	-5.00	3.11017319105942	-1.60675292175605	0.108108579318902	NA
asRNA_829	0.526679557753442	-2.34	4.23641129100539	-0.552168437903353	0.580832956391148	NA
asRNA_830	0	NA	NA	NA	NA	NA
asRNA_831	0	NA	NA	NA	NA	NA
asRNA_832	0.41784561832461	0.94	4.40269524556197	0.212626631336138	0.831618197593151	NA
asRNA_833	0.109580129960566	-1.01	4.98899337193424	-0.203313424797925	0.838890063187611	NA
asRNA_834	0.109580129960566	-1.01	4.98899337193424	-0.203313424797925	0.838890063187611	NA
asRNA_835	1.93869815862718	3.15	2.53461947531868	1.2435512458535	0.21366476921836	0.320497153827541
asRNA_836	0	NA	NA	NA	NA	NA
asRNA_837	2.93366439796763	1.09	1.88977079202274	0.574866463513541	0.565381612511374	0.669150801562658
asRNA_838	0.208922809162305	-0.06	4.8922678786655	-0.0130747301441021	0.989568171899884	NA
asRNA_839	0.615784786196355	-1.45	3.95649376325275	-0.365523383387828	0.714720755145227	NA
asRNA_840	0.109580129960566	-1.01	4.98899337193424	-0.203313424797925	0.838890063187611	NA
asRNA_841	4.68268417465354	1.09	1.68306618664279	0.649846252681465	0.515791538842447	0.623133959528634
asRNA_842	0.0993426792017391	-1.09	4.99390539590045	-0.217423801366779	0.827878084020131	NA
asRNA_843	0	NA	NA	NA	NA	NA
asRNA_844	13.2891601803169	5.93	1.65127716317413	3.58979563018489	0.000330937320117354	0.00118455675956169
asRNA_845	0	NA	NA	NA	NA	NA
asRNA_846	0.417099427792876	-3.82	4.97282890929389	-0.768590127045809	0.442136668375574	NA
asRNA_847	1.36100936672262	-3.56	2.78347980739686	-1.27802627738563	0.20124016113164	NA
asRNA_848	0.834198855585753	-4.53	4.15865081057556	-1.08834149842801	0.276444376964658	NA
asRNA_849	0.844567259728003	-4.30	4.24661684900286	-1.01214323442587	0.311469573077627	NA
asRNA_850	0	NA	NA	NA	NA	NA
asRNA_851	0	NA	NA	NA	NA	NA
asRNA_852	18.9259022337134	6.44	1.60803819941885	4.00302770785559	6.25369747855077e-05	0.000261651356042375
asRNA_853	0	NA	NA	NA	NA	NA
asRNA_854	0.407608167565783	0.90	4.4901242560306	0.200977570631939	0.840716112271296	NA
asRNA_855	1.89867256576662	-0.92	2.0621806692511	-0.444942305443994	0.65636144873263	0.744094401780263
asRNA_856	0.417099427792876	-3.82	4.97282890929389	-0.768590127045809	0.442136668375574	NA
asRNA_857	0.537663199044003	1.30	4.0650726050433	0.319214474022972	0.749563881989119	NA
asRNA_858	0.626022236955182	-1.39	3.37722326274498	-0.411989829347975	0.680346877932585	NA
asRNA_859	1.24180702315154	-1.19	2.6211877695955	-0.455281383713861	0.648906817491636	NA
asRNA_860	0	NA	NA	NA	NA	NA
asRNA_861	1.68913451945601	-5.37	3.31635495783459	-1.62061570459554	0.105100082028072	0.182231743059068
asRNA_862	0.328740389881698	0.59	4.85354232142934	0.120751328958657	0.90388800177812	NA
asRNA_863	0.109580129960566	-1.01	4.98899337193424	-0.203313424797925	0.838890063187611	NA
asRNA_864	0	NA	NA	NA	NA	NA
asRNA_865	1.59040707740258	-1.90	2.53957722865511	-0.749397647494737	0.453617568463448	NA
asRNA_866	0.616530976728088	1.50	3.78483744836143	0.395969010333596	0.692127889866786	NA
asRNA_867	0.318502939122871	0.54	4.85561043946176	0.111836078731415	0.910953380264078	NA
asRNA_868	1.66839771117151	-5.52	3.21816061718468	-1.71534542986024	0.0862819140004827	0.157805079553514
asRNA_869	0	NA	NA	NA	NA	NA
asRNA_870	1.36100936672262	-3.56	2.78347980739686	-1.27802627738563	0.20124016113164	NA
asRNA_871	0.95476262683688	-0.04	2.93001752065072	-0.0129399323616797	0.989675715871125	NA
asRNA_872	4.00670515820084	2.68	1.90190972711482	1.40777806649744	0.159196797050996	0.253056153889194
asRNA_873	0.844567259728003	-4.30	4.24661684900286	-1.01214323442587	0.311469573077627	NA
asRNA_874	0.0993426792017391	-1.09	4.99390539590045	-0.217423801366779	0.827878084020131	NA
asRNA_875	1.44998364178211	-2.75	2.89133243969217	-0.95022252868058	0.34199919371552	NA
asRNA_876	0	NA	NA	NA	NA	NA
asRNA_877	0.417099427792876	-3.82	4.97282890929389	-0.768590127045809	0.442136668375574	NA
asRNA_878	1.26166668752088	-5.00	3.11017319105942	-1.60675292175605	0.108108579318902	NA
asRNA_879	0	NA	NA	NA	NA	NA
asRNA_880	1.16307019885087	-1.12	2.81662197155937	-0.397703930054761	0.690848440130775	NA
asRNA_881	0.219160259921132	-0.00	4.88771254157446	-0.00016888094915994	0.999865252498692	NA
asRNA_882	0	NA	NA	NA	NA	NA
asRNA_883	0	NA	NA	NA	NA	NA
asRNA_884	0.219160259921132	-0.00	4.88771254157446	-0.00016888094915994	0.999865252498692	NA
asRNA_885	0	NA	NA	NA	NA	NA
asRNA_886	0.943909938929743	-2.81	3.55258697475707	-0.791279373560298	0.428780982154848	NA
asRNA_887	0.109580129960566	-1.01	4.98899337193424	-0.203313424797925	0.838890063187611	NA
asRNA_888	0	NA	NA	NA	NA	NA
asRNA_889	0	NA	NA	NA	NA	NA
asRNA_890	0	NA	NA	NA	NA	NA
asRNA_891	5.01556153765677	-7.09	2.1042552081417	-3.36981281324521	0.00075219261536224	0.00251602396208065
asRNA_892	0	NA	NA	NA	NA	NA
asRNA_893	2.09586554310663	-5.79	2.58463835485689	-2.24135099361499	0.0250033482524185	0.0556817238917644
asRNA_894	1.78834624527432	-3.99	2.53302359847794	-1.57348138073109	0.115607396298611	0.197170896754687
asRNA_895	0	NA	NA	NA	NA	NA
asRNA_896	1.78834624527432	-3.99	2.53302359847794	-1.57348138073109	0.115607396298611	0.197170896754687
asRNA_897	0	NA	NA	NA	NA	NA
asRNA_898	2.8108620551213	-3.13	2.03626742892076	-1.53711108333809	0.124266109303674	0.208387269086991
asRNA_899	0.41784561832461	0.94	4.40269524556197	0.212626631336138	0.831618197593151	NA
asRNA_900	0	NA	NA	NA	NA	NA
asRNA_901	0.407608167565783	0.90	4.4901242560306	0.200977570631939	0.840716112271296	NA
asRNA_902	0.943909938929743	-2.81	3.55258697475707	-0.791279373560298	0.428780982154848	NA
asRNA_903	0.834198855585753	-4.53	4.15865081057556	-1.08834149842801	0.276444376964658	NA
asRNA_904	0.0993426792017391	-1.09	4.99390539590045	-0.217423801366779	0.827878084020131	NA
asRNA_905	0.417099427792876	-3.82	4.97282890929389	-0.768590127045809	0.442136668375574	NA
asRNA_906	0.417099427792876	-3.82	4.97282890929389	-0.768590127045809	0.442136668375574	NA
asRNA_907	1.67876611531376	-5.45	2.78213963782159	-1.95892737579988	0.0501212924928618	0.100806650978409
asRNA_908	0	NA	NA	NA	NA	NA
asRNA_909	0.0993426792017391	-1.09	4.99390539590045	-0.217423801366779	0.827878084020131	NA
asRNA_910	0.537663199044003	1.30	4.0650726050433	0.319214474022972	0.749563881989119	NA
asRNA_911	0.955508817368614	2.13	3.2149173177134	0.66197793921591	0.507985360104453	NA
asRNA_912	4.48597548107841	2.85	1.82706569742395	1.56150288155573	0.118405144486104	0.200439561234258
asRNA_913	0.626022236955182	-1.39	3.37722326274498	-0.411989829347975	0.680346877932585	NA
asRNA_914	1.05349006889031	-1.74	2.95300636868341	-0.587588142479574	0.556808771908716	NA
asRNA_915	0.965746268127441	2.14	3.252526349921	0.658827887829558	0.510006296924008	NA
asRNA_916	3.46996616933159	0.09	1.58510033954591	0.0586516806006248	0.953229546332826	0.968323315032372
asRNA_917	1.9870316036778	-2.44	2.04109211094467	-1.19401249448953	0.232473080602266	0.34234705571917
asRNA_918	0.0993426792017391	-1.09	4.99390539590045	-0.217423801366779	0.827878084020131	NA
asRNA_919	1.1424643439498	-1.59	2.70238545850174	-0.589536856569843	0.55550119550505	NA
asRNA_920	0.626022236955182	-1.39	3.37722326274498	-0.411989829347975	0.680346877932585	NA
asRNA_921	0	NA	NA	NA	NA	NA
asRNA_922	0.198685358403478	-0.13	4.89720298489229	-0.0264335260583161	0.978911553558683	NA
asRNA_923	0.834198855585753	-4.53	4.15865081057556	-1.08834149842801	0.276444376964658	NA
asRNA_924	6.33451595660908	0.36	1.34575558843081	0.266240120284735	0.790054286177247	0.853151754614928
asRNA_925	0.198685358403478	-0.13	4.89720298489229	-0.0264335260583161	0.978911553558683	NA
asRNA_926	0	NA	NA	NA	NA	NA
asRNA_927	0.943778985546319	-3.08	3.44610515769065	-0.894537262260603	0.371034502126	NA
asRNA_928	0.537663199044003	1.30	4.0650726050433	0.319214474022972	0.749563881989119	NA
asRNA_929	0.954147389688569	-2.76	3.54576187965529	-0.777292506936599	0.436986214838539	NA
asRNA_930	0	NA	NA	NA	NA	NA
asRNA_931	0.298028037605217	0.45	4.86011624472731	0.0932951831150069	0.925669058711747	NA
asRNA_932	2.82123045926355	-3.07	1.81584622880666	-1.6906198324894	0.0909094343573413	0.164465223978357
asRNA_933	0.746586008206308	1.77	3.54223110880244	0.500215040794756	0.6169236687777	NA
asRNA_934	0.626022236955182	-1.39	3.37722326274498	-0.411989829347975	0.680346877932585	NA
asRNA_935	0	NA	NA	NA	NA	NA
asRNA_936	0.0993426792017391	-1.09	4.99390539590045	-0.217423801366779	0.827878084020131	NA
asRNA_937	0	NA	NA	NA	NA	NA
asRNA_938	42.0329420635952	5.24	1.15283575326404	4.54450796709075	5.50637247510467e-06	2.81737094738484e-05
asRNA_939	5.19451818507433	-2.99	1.71458408003678	-1.74329850862635	0.0812814857448506	0.150418844181669
asRNA_940	0.844567259728003	-4.30	4.24661684900286	-1.01214323442587	0.311469573077627	NA
asRNA_941	0.834198855585753	-4.53	4.15865081057556	-1.08834149842801	0.276444376964658	NA
asRNA_942	0	NA	NA	NA	NA	NA
asRNA_943	1.16443162653092	2.41	2.98417768028066	0.808840017908436	0.41860717444411	NA
asRNA_944	1.15283274809205	-1.16	2.81849513445579	-0.410785450361037	0.681229862790122	NA
asRNA_945	0.417099427792876	-3.82	4.97282890929389	-0.768590127045809	0.442136668375574	NA
asRNA_946	0	NA	NA	NA	NA	NA
asRNA_947	0	NA	NA	NA	NA	NA
asRNA_948	0.834198855585753	-4.53	4.15865081057556	-1.08834149842801	0.276444376964658	NA
asRNA_949	0.526679557753442	-2.34	4.23641129100539	-0.552168437903353	0.580832956391148	NA
asRNA_950	0	NA	NA	NA	NA	NA
asRNA_951	3.85486086378452	-1.73	1.50539343817725	-1.14843658763728	0.25078837684123	0.362073005687684
asRNA_952	3.45775205374441	-2.42	1.76086285988287	-1.37420823214384	0.169377045801561	0.266529162638683
asRNA_953	0	NA	NA	NA	NA	NA
asRNA_954	1.56993217588492	-1.96	2.25633733508028	-0.868761269230728	0.384977721507767	NA
asRNA_955	2.62614510013532	1.98	2.0838016675828	0.951290621042943	0.341456866733247	0.462932859290648
asRNA_956	2.18483981816612	-4.43	2.66288054489908	-1.66506828721019	0.0958991327928604	0.171140963086831
asRNA_957	0	NA	NA	NA	NA	NA
asRNA_958	0.219160259921132	-0.00	4.88771254157446	-0.00016888094915994	0.999865252498692	NA
asRNA_959	2.30540358941725	-1.54	2.05329433517984	-0.748752366134362	0.454006474746169	0.572521362642293
asRNA_960	2.29529709204184	-1.44	1.86052281440203	-0.773581845370118	0.439178111428953	0.558913344249868
asRNA_961	1.06372751964914	-1.73	3.35865823018182	-0.515405227165694	0.60626988053838	NA
asRNA_962	0	NA	NA	NA	NA	NA
asRNA_963	3.7651403981933	-3.03	1.59971588980871	-1.89313293172572	0.0583401937107321	0.114934775326182
asRNA_964	1.36100936672262	-3.56	2.78347980739686	-1.27802627738563	0.20124016113164	NA
asRNA_965	1.64954614410074	0.25	2.56712567530475	0.0991546552359872	0.921015477248485	NA
asRNA_966	1.16293924546745	-1.48	3.15197499800455	-0.469294844639925	0.638858899723492	NA
asRNA_967	0.308265488364044	0.50	4.85779841859298	0.102687507632627	0.9182109886927	NA
asRNA_968	1.06372751964914	-1.73	3.35865823018182	-0.515405227165694	0.60626988053838	NA
asRNA_969	2.93081058922412	-2.64	1.72558125916432	-1.53148274801318	0.125650126996444	0.209864230804475
asRNA_970	0.0993426792017391	-1.09	4.99390539590045	-0.217423801366779	0.827878084020131	NA
asRNA_971	0.308265488364044	0.50	4.85779841859298	0.102687507632627	0.9182109886927	NA
asRNA_972	3.54734156595221	-1.34	1.52792526780814	-0.875619188162889	0.381237090506977	0.501764966043375
asRNA_973	1.26241287805261	-0.71	2.68719132083263	-0.263738929995904	0.791981095462716	NA
asRNA_974	0	NA	NA	NA	NA	NA
asRNA_975	0	NA	NA	NA	NA	NA
asRNA_976	2.22679771850001	-1.50	2.2773847088914	-0.659329012813959	0.509684515669961	0.617844311146436
asRNA_977	0	NA	NA	NA	NA	NA
asRNA_978	0	NA	NA	NA	NA	NA
asRNA_979	0	NA	NA	NA	NA	NA
asRNA_980	2.09871935185014	1.59	2.21320378627311	0.719979677037181	0.471537508549491	0.585502157017779
asRNA_981	1.78834624527432	-3.99	2.53302359847794	-1.57348138073109	0.115607396298611	0.197170896754687
asRNA_982	0	NA	NA	NA	NA	NA
asRNA_983	0	NA	NA	NA	NA	NA
asRNA_984	0	NA	NA	NA	NA	NA
asRNA_985	0.954147389688569	-2.76	3.54576187965529	-0.777292506936599	0.436986214838539	NA
asRNA_986	3.03964452865295	-4.85	2.20611952358443	-2.19806107844808	0.0279447536636972	0.0610635577873977
asRNA_987	0.417099427792876	-3.82	4.97282890929389	-0.768590127045809	0.442136668375574	NA
asRNA_988	4.17099427792876	-6.83	2.47273456920277	-2.76210621077656	0.00574297928848245	0.0151891481815889
asRNA_989	0	NA	NA	NA	NA	NA
asRNA_990	0	NA	NA	NA	NA	NA
CDS_1	0.844567259728003	-4.30	4.24661684900286	-1.01214323442587	0.311469573077627	NA
CDS_2	0.109580129960566	-1.01	4.98899337193424	-0.203313424797925	0.838890063187611	NA
CDS_3	29.3360599395704	4.13	1.03266986022516	3.99757260237811	6.39953658502186e-05	0.000267306185905254
CDS_4	5.6177180905045	1.51	1.59439913962153	0.948821498058392	0.342711405997517	0.463452009808327
CDS_5	6.78368916435848	0.84	1.29770415525904	0.645716665725583	0.518462865479448	0.625153778038352
CDS_6	0.308265488364044	0.50	4.85779841859298	0.102687507632627	0.9182109886927	NA
CDS_7	0	NA	NA	NA	NA	NA
CDS_8	0	NA	NA	NA	NA	NA
CDS_9	1.46245966413614	2.74	2.73429062096277	1.00337036531901	0.315682197014591	NA
CDS_10	2.50259656675726	-6.10	2.8277609758543	-2.15743137679613	0.0309720686506816	0.0668035480724185
CDS_11	0.725364916156921	-0.83	3.17522874256585	-0.260974613631296	0.7941120844204	NA
CDS_12	0.198685358403478	-0.13	4.89720298489229	-0.0264335260583161	0.978911553558683	NA
CDS_13	0	NA	NA	NA	NA	NA
CDS_14	1.36100936672262	-3.56	2.78347980739686	-1.27802627738563	0.20124016113164	NA
CDS_15	26.7508917593312	-1.20	0.729508671973168	-1.64818006489329	0.0993157263589909	0.175374840761079
CDS_16	5.14117062298701	4.56	1.93390796146977	2.35707419423275	0.0184195662320991	0.042671995104363
CDS_17	0.616530976728088	1.50	3.78483744836143	0.395969010333596	0.692127889866786	NA
CDS_18	4.40710770339433	2.82	1.84023708819919	1.53502023339598	0.124778858061685	0.208781143657383
CDS_19	0	NA	NA	NA	NA	NA
CDS_20	0	NA	NA	NA	NA	NA
CDS_21	0.417099427792876	-3.82	4.97282890929389	-0.768590127045809	0.442136668375574	NA
CDS_22	0	NA	NA	NA	NA	NA
CDS_23	0	NA	NA	NA	NA	NA
CDS_24	0	NA	NA	NA	NA	NA
CDS_25	1.04386785527979	0.18	2.75031012627524	0.0670528387130877	0.946539638603142	NA
CDS_26	0.924796465092133	2.08	3.24279208876104	0.64253479082295	0.52052600742823	NA
CDS_27	4.59630180157071	4.40	1.95913510991986	2.24363943305523	0.0248556099424738	0.0554761249563509
CDS_28	0.109580129960566	-1.01	4.98899337193424	-0.203313424797925	0.838890063187611	NA
CDS_29	0.54790064980283	1.32	4.82609326361812	0.274478378075138	0.78371701759428	NA
CDS_30	3.66729010005502	-1.07	1.51291987222574	-0.708141927318153	0.478857124969111	0.592239508983052
CDS_31	0.746586008206308	1.77	3.54223110880244	0.500215040794756	0.6169236687777	NA
CDS_32	1.3608784133392	-3.66	3.0545677357382	-1.1992276597081	0.230439434885903	NA
CDS_33	4.84195917734477	-0.05	1.37826941165697	-0.0331601350562086	0.973546888242951	0.982975913794941
CDS_34	0.933541534787492	-3.14	3.45299199175931	-0.908240542483965	0.363751148345989	NA
CDS_35	0.109580129960566	-1.01	4.98899337193424	-0.203313424797925	0.838890063187611	NA
CDS_36	0.825453785890394	1.92	3.375346742145	0.568635414844284	0.569603585850174	NA
CDS_37	0	NA	NA	NA	NA	NA
CDS_38	0	NA	NA	NA	NA	NA
CDS_39	0	NA	NA	NA	NA	NA
CDS_40	0	NA	NA	NA	NA	NA
CDS_41	0	NA	NA	NA	NA	NA
CDS_42	5.46134396281637	2.91	1.77199961459712	1.64110402054817	0.100775824309733	0.176941131524879
CDS_43	0	NA	NA	NA	NA	NA
CDS_44	1.15344798524036	0.41	2.66376065559077	0.155430820766923	0.876481687954931	NA
CDS_45	0	NA	NA	NA	NA	NA
CDS_46	1.24180702315154	-1.19	2.6211877695955	-0.455281383713861	0.648906817491636	NA
CDS_47	0.626022236955182	-1.39	3.37722326274498	-0.411989829347975	0.680346877932585	NA
CDS_48	0	NA	NA	NA	NA	NA
CDS_49	0.615784786196355	-1.45	3.95649376325275	-0.365523383387828	0.714720755145227	NA
CDS_50	0	NA	NA	NA	NA	NA
CDS_51	0.109580129960566	-1.01	4.98899337193424	-0.203313424797925	0.838890063187611	NA
CDS_52	6.23547954152921	2.39	1.53086600917314	1.56181348717015	0.118331933572901	0.200439561234258
CDS_53	10.4521626724505	1.76	1.1004739011964	1.59900627632416	0.109819208027406	0.189625713239869
CDS_54	0.0993426792017391	-1.09	4.99390539590045	-0.217423801366779	0.827878084020131	NA
CDS_55	0.615784786196355	-1.45	3.95649376325275	-0.365523383387828	0.714720755145227	NA
CDS_56	0.417099427792876	-3.82	4.97282890929389	-0.768590127045809	0.442136668375574	NA
CDS_57	5.98468542806141	-0.21	1.54930078742113	-0.136714455357127	0.891256503100073	0.923002580978067
CDS_58	0.417099427792876	-3.82	4.97282890929389	-0.768590127045809	0.442136668375574	NA
CDS_59	0	NA	NA	NA	NA	NA
CDS_60	0	NA	NA	NA	NA	NA
CDS_61	1.98988541242131	3.19	2.46889486482067	1.29110503054566	0.196667259935988	0.29985465226072
CDS_62	1.82911802866661	3.07	2.60410286349703	1.17823921490851	0.238701253010563	0.350197243340783
CDS_63	3.44000000758684	0.89	1.6840506613706	0.525999494644702	0.598888558095478	0.699542097271189
CDS_64	0	NA	NA	NA	NA	NA
CDS_65	0	NA	NA	NA	NA	NA
CDS_66	0.318502939122871	0.54	4.85561043946176	0.111836078731415	0.910953380264078	NA
CDS_67	0.208922809162305	-0.06	4.8922678786655	-0.0130747301441021	0.989568171899884	NA
CDS_68	0.417099427792876	-3.82	4.97282890929389	-0.768590127045809	0.442136668375574	NA
CDS_69	0	NA	NA	NA	NA	NA
CDS_70	2.95080120697689	-6.19	2.4382761735581	-2.53728467430181	0.0111716069245136	0.0272962505128252
CDS_71	0.318502939122871	0.54	4.85561043946176	0.111836078731415	0.910953380264078	NA
CDS_72	1.34264208341674	2.62	2.82405199591875	0.928121625980799	0.353344482865828	NA
CDS_73	224.292849846274	10.00	1.48320565613051	6.74515109975129	1.52867853495655e-11	1.62065834511071e-10
CDS_74	0.109580129960566	-1.01	4.98899337193424	-0.203313424797925	0.838890063187611	NA
CDS_75	0	NA	NA	NA	NA	NA
CDS_76	0	NA	NA	NA	NA	NA
CDS_77	0.726111106688655	1.73	3.53843500357775	0.490026169473748	0.624115380786429	NA
CDS_78	0.109580129960566	-1.01	4.98899337193424	-0.203313424797925	0.838890063187611	NA
CDS_79	0	NA	NA	NA	NA	NA
CDS_80	0.626022236955182	-1.39	3.37722326274498	-0.411989829347975	0.680346877932585	NA
CDS_81	0.219160259921132	-0.00	4.88771254157446	-0.00016888094915994	0.999865252498692	NA
CDS_82	0.834945046117487	-0.40	2.98453838763819	-0.132815356500113	0.894339409226299	NA
CDS_83	1.05485149657035	2.27	3.08408599627756	0.736487595235973	0.461434014024521	NA
CDS_84	0.198685358403478	-0.13	4.89720298489229	-0.0264335260583161	0.978911553558683	NA
CDS_85	2.3376083227572	0.63	2.12799688601167	0.297968918087222	0.7657268864408	0.834842789551925
CDS_86	0.417099427792876	-3.82	4.97282890929389	-0.768590127045809	0.442136668375574	NA
CDS_87	0.844567259728003	-4.30	4.24661684900286	-1.01214323442587	0.311469573077627	NA
CDS_88	0	NA	NA	NA	NA	NA
CDS_89	1.36162460387093	-0.84	2.48316710656542	-0.33891293479403	0.7346753199658	NA
CDS_90	9.20438050122332	3.01	1.44672134159626	2.07713937782835	0.0377886970841922	0.0795852862833744
CDS_91	0	NA	NA	NA	NA	NA
CDS_92	0	NA	NA	NA	NA	NA
CDS_93	0.844567259728003	-4.30	4.24661684900286	-1.01214323442587	0.311469573077627	NA
CDS_94	2.08922809162305	3.26	2.42913245402086	1.3412540216818	0.179837992259574	0.279142794172776
CDS_95	0.109580129960566	-1.01	4.98899337193424	-0.203313424797925	0.838890063187611	NA
asRNA_991	2.40413103147068	-2.79	1.90842434349159	-1.46183388255103	0.143786736762291	0.234062729589625
asRNA_992	0	NA	NA	NA	NA	NA
ncRNA_1	0.516442106994615	-2.40	4.259286766374	-0.564291631304484	0.572555675878427	NA
ncRNA_2	0.834945046117487	-0.40	2.98453838763819	-0.132815356500113	0.894339409226299	NA
ncRNA_3	0.616530976728088	1.50	3.78483744836143	0.395969010333596	0.692127889866786	NA
asRNA_993	0.417099427792876	-3.82	4.97282890929389	-0.768590127045809	0.442136668375574	NA
asRNA_994	0.109580129960566	-1.01	4.98899337193424	-0.203313424797925	0.838890063187611	NA
ncRNA_4	1.03288421398923	-2.18	3.26411926806677	-0.667127288384062	0.504690830907141	NA
ncRNA_5	0.834198855585753	-4.53	4.15865081057556	-1.08834149842801	0.276444376964658	NA
ncRNA_6	0.835691236649221	1.94	3.35189434567072	0.577626250555745	0.563516480150573	NA
asRNA_995	1.79871464941657	-3.87	2.91827463840782	-1.32671586584344	0.184602690598326	0.285108599924081
asRNA_996	0.328740389881698	0.59	4.85354232142934	0.120751328958657	0.90388800177812	NA
asRNA_997	0.407608167565783	0.90	4.4901242560306	0.200977570631939	0.840716112271296	NA
ncRNA_7	0	NA	NA	NA	NA	NA
ncRNA_8	0	NA	NA	NA	NA	NA
asRNA_998	2.64464333682462	-0.64	2.0574975315592	-0.310110026535213	0.756477287806211	0.826509246328009
asRNA_999	0.417099427792876	-3.82	4.97282890929389	-0.768590127045809	0.442136668375574	NA
ncRNA_9	0.41784561832461	0.94	4.40269524556197	0.212626631336138	0.831618197593151	NA
asRNA_1000	0.417099427792876	-3.82	4.97282890929389	-0.768590127045809	0.442136668375574	NA
ncRNA_10	0	NA	NA	NA	NA	NA
asRNA_1001	3.446506505687	-5.07	2.14980367166517	-2.36038724006001	0.0182558673474039	0.0423319556100136
asRNA_1002	0	NA	NA	NA	NA	NA
ncRNA_11	2.50558132888419	0.77	1.98123171265282	0.388956463480893	0.697308352512734	0.780610961067947
ncRNA_12	0.0993426792017391	-1.09	4.99390539590045	-0.217423801366779	0.827878084020131	NA
ncRNA_13	26.7839935859851	4.49	1.18213641433738	3.79774570792731	0.00014601800791868	0.000566414040019437
ncRNA_14	186.047880046625	-0.00	0.334547145071701	-0.0146565082927678	0.988306216982648	0.992375093836274
ncRNA_15	0.647243329004569	1.57	3.81227705810063	0.410539117336486	0.681410514562441	NA
ncRNA_16	1.15419417577209	2.40	2.97680579916527	0.80678655590266	0.419789466039452	NA
asRNA_1003	1.26166668752088	-5.00	3.11017319105942	-1.60675292175605	0.108108579318902	NA
ncRNA_17	4.19234632336158	-3.22	1.60692613310471	-2.00553791398194	0.0449055717213151	0.0923202468748812
ncRNA_18	0	NA	NA	NA	NA	NA
asRNA_1004	6.77293352388776	-6.08	2.1334637764822	-2.84816744593347	0.00439717822285586	0.0120237594683993
asRNA_1005	0.308265488364044	0.50	4.85779841859298	0.102687507632627	0.9182109886927	NA
ncRNA_19	4.68329941180185	1.55	1.55699507054807	0.99435928644727	0.320047981852033	0.440745449551047
asRNA_1006	0.417099427792876	-3.82	4.97282890929389	-0.768590127045809	0.442136668375574	NA
asRNA_1007	0.308265488364044	0.50	4.85779841859298	0.102687507632627	0.9182109886927	NA
asRNA_1008	0	NA	NA	NA	NA	NA
asRNA_1009	3.88434274176438	-5.14	2.06677582736756	-2.48912794120567	0.0128056873499692	0.0308075286054066
ncRNA_20	0.41784561832461	0.94	4.40269524556197	0.212626631336138	0.831618197593151	NA
asRNA_1010	0.428083069083437	0.97	4.41613725611266	0.21944559868922	0.826302952922402	NA
asRNA_1011	0.397370716806956	0.87	4.84142617311454	0.179153949764438	0.857816821404434	NA
ncRNA_21	0.109580129960566	-1.01	4.98899337193424	-0.203313424797925	0.838890063187611	NA
asRNA_1012	3.02940707789412	-4.88	2.20715840172383	-2.20930759972611	0.027153252953162	0.0596465661885963
asRNA_1013	0.95476262683688	-0.04	2.93001752065072	-0.0129399323616797	0.989675715871125	NA
ncRNA_22	1.87745147371723	-3.05	2.3502186811444	-1.29866513191727	0.19405887515685	0.296781971664083
ncRNA_23	1.89792637523489	-2.96	2.35024430809188	-1.26001698216835	0.207663236121226	0.313373592747471
asRNA_1014	4.4014000859073	-2.61	1.42031950947485	-1.83677268345124	0.0662434601391099	0.127102099131942
asRNA_1015	1.37199300801318	-0.37	2.6085930026354	-0.140114931711657	0.888569183173418	NA
asRNA_1016	0.407608167565783	0.90	4.4901242560306	0.200977570631939	0.840716112271296	NA
asRNA_1017	0.41784561832461	0.94	4.40269524556197	0.212626631336138	0.831618197593151	NA
asRNA_1018	0	NA	NA	NA	NA	NA
ncRNA_24	0.109580129960566	-1.01	4.98899337193424	-0.203313424797925	0.838890063187611	NA
ncRNA_25	0.208922809162305	-0.06	4.8922678786655	-0.0130747301441021	0.989568171899884	NA
ncRNA_26	0.208922809162305	-0.06	4.8922678786655	-0.0130747301441021	0.989568171899884	NA
asRNA_1019	0	NA	NA	NA	NA	NA
asRNA_1020	4.71537319175837	2.93	1.81202456634498	1.6174641649716	0.105778124917725	0.183280379878219
asRNA_1021	0.626022236955182	-1.39	3.37722326274498	-0.411989829347975	0.680346877932585	NA
ncRNA_27	0.298028037605217	0.45	4.86011624472731	0.0932951831150069	0.925669058711747	NA
ncRNA_28	0	NA	NA	NA	NA	NA
ncRNA_29	4.53207035453383	-1.58	1.51874574974859	-1.03815767934417	0.299196651829083	0.41750698431476
ncRNA_30	0	NA	NA	NA	NA	NA
ncRNA_31	0	NA	NA	NA	NA	NA
ncRNA_32	0.526679557753442	-2.34	4.23641129100539	-0.552168437903353	0.580832956391148	NA
ncRNA_33	3.67603516975038	-3.41	1.65161091081064	-2.06412904514046	0.0390054827461798	0.0817351070610902
ncRNA_34	0.516442106994615	-2.40	4.259286766374	-0.564291631304484	0.572555675878427	NA
asRNA_1022	0.0993426792017391	-1.09	4.99390539590045	-0.217423801366779	0.827878084020131	NA
ncRNA_35	0	NA	NA	NA	NA	NA
ncRNA_36	0.219160259921132	-0.00	4.88771254157446	-0.00016888094915994	0.999865252498692	NA
ncRNA_37	0.834945046117487	-0.40	2.98453838763819	-0.132815356500113	0.894339409226299	NA
ncRNA_38	0.804978884372739	1.88	3.53796612130673	0.532763984679475	0.594196967656203	NA
ncRNA_39	0.109580129960566	-1.01	4.98899337193424	-0.203313424797925	0.838890063187611	NA
ncRNA_40	0.715873655929827	1.71	3.58586567351723	0.478146062285581	0.632546249335261	NA
ncRNA_41	3.88495797891269	-2.68	1.52002708534073	-1.76015555702339	0.0783814350683991	0.146024088265923
asRNA_1023	8.99111712607584	-2.42	1.03968242950664	-2.32978227940015	0.0198176612180132	0.0454063996039095
ncRNA_42	20.9278508589396	-1.28	0.91519557379071	-1.40301588802828	0.160612101211029	0.254658730817487
ncRNA_43	33.9713405031699	2.02	0.663013226640278	3.05138657127755	0.00227787096050648	0.00674465460732216
asRNA_1024	0.0993426792017391	-1.09	4.99390539590045	-0.217423801366779	0.827878084020131	NA
asRNA_1025	0	NA	NA	NA	NA	NA
ncRNA_44	0	NA	NA	NA	NA	NA
asRNA_1026	0.834198855585753	-4.53	4.15865081057556	-1.08834149842801	0.276444376964658	NA
asRNA_1027	27.1337100326148	-0.02	0.687494578735034	-0.0338299604257212	0.973012744648935	0.982833220473006
asRNA_1028	2.19806203105188	1.68	2.18042699904646	0.768427169490634	0.442233444048008	0.561658922339145
asRNA_1029	2.41722229097302	1.84	2.13140365438948	0.863595762316368	0.387809992897607	0.508010786507755
ncRNA_45	0	NA	NA	NA	NA	NA
asRNA_1030	1.49181058873257	-0.08	2.63351590085444	-0.0302525266581565	0.975865657463856	NA
ncRNA_46	42.9087997228549	-2.64	0.576485842843538	-4.57834347670665	4.68672666826435e-06	2.42276655454492e-05
asRNA_1031	0.0993426792017391	-1.09	4.99390539590045	-0.217423801366779	0.827878084020131	NA
asRNA_1032	0.208922809162305	-0.06	4.8922678786655	-0.0130747301441021	0.989568171899884	NA
ncRNA_47	0.0993426792017391	-1.09	4.99390539590045	-0.217423801366779	0.827878084020131	NA
ncRNA_48	1.23231576292444	0.57	2.64486134869774	0.213664756930279	0.830808496536473	NA
asRNA_1033	0	NA	NA	NA	NA	NA
ncRNA_49	0.834198855585753	-4.53	4.15865081057556	-1.08834149842801	0.276444376964658	NA
asRNA_1034	2.31515675641119	-3.23	2.08211659204768	-1.5525144865489	0.120539169175527	0.202953567481271
ncRNA_50	0.626022236955182	-1.39	3.37722326274498	-0.411989829347975	0.680346877932585	NA
ncRNA_51	0.526679557753442	-2.34	4.23641129100539	-0.552168437903353	0.580832956391148	NA
ncRNA_52	1.5596947251261	-2.01	2.53910531134317	-0.792417020695185	0.428117558133434	NA
ncRNA_53	0.428083069083437	0.97	4.41613725611266	0.21944559868922	0.826302952922402	NA
asRNA_1035	2.2054456730672	-4.34	2.38368464662984	-1.81910386547551	0.0688955854550122	0.130915593319305
ncRNA_54	7.07297213226834	1.99	1.51361116353809	1.31716704619223	0.187782637283148	0.288671601632177
ncRNA_55	0.198685358403478	-0.13	4.89720298489229	-0.0264335260583161	0.978911553558683	NA
asRNA_1036	0	NA	NA	NA	NA	NA
ncRNA_56	0	NA	NA	NA	NA	NA
ncRNA_57	0.109580129960566	-1.01	4.98899337193424	-0.203313424797925	0.838890063187611	NA
ncRNA_58	0	NA	NA	NA	NA	NA
asRNA_1037	3.57967725267558	0.39	1.82524631032522	0.215173022074243	0.829632423555878	0.881504841558338
ncRNA_59	0.616530976728088	1.50	3.78483744836143	0.395969010333596	0.692127889866786	NA
ncRNA_60	11.9496865024919	0.94	0.963482676882869	0.972704806517644	0.330700035708144	0.451151302803585
ncRNA_61	0.0993426792017391	-1.09	4.99390539590045	-0.217423801366779	0.827878084020131	NA
ncRNA_62	0.516442106994615	-2.40	4.259286766374	-0.564291631304484	0.572555675878427	NA
ncRNA_63	0	NA	NA	NA	NA	NA
ncRNA_64	0	NA	NA	NA	NA	NA
ncRNA_65	0.208922809162305	-0.06	4.8922678786655	-0.0130747301441021	0.989568171899884	NA
ncRNA_66	0.208922809162305	-0.06	4.8922678786655	-0.0130747301441021	0.989568171899884	NA
ncRNA_67	0.0993426792017391	-1.09	4.99390539590045	-0.217423801366779	0.827878084020131	NA
asRNA_1038	0	NA	NA	NA	NA	NA
ncRNA_68	0	NA	NA	NA	NA	NA
ncRNA_69	0	NA	NA	NA	NA	NA
ncRNA_70	0	NA	NA	NA	NA	NA
ncRNA_71	1.0343765950527	2.24	3.09932982875853	0.72423398279451	0.468922098899927	NA
asRNA_1039	0	NA	NA	NA	NA	NA
asRNA_1040	0	NA	NA	NA	NA	NA
asRNA_1041	0	NA	NA	NA	NA	NA
ncRNA_72	0.428083069083437	0.97	4.41613725611266	0.21944559868922	0.826302952922402	NA
ncRNA_73	0	NA	NA	NA	NA	NA
ncRNA_74	4.3968702526355	2.82	1.83751307158109	1.53533019911312	0.124702739748521	0.208781143657383
ncRNA_75	0	NA	NA	NA	NA	NA
asRNA_1042	2.61590764937649	1.98	2.07953844848265	0.950167803201852	0.342026995566817	0.463069016725203
asRNA_1043	1.66039883200788	1.16	2.36712747467062	0.491888431086782	0.622798217139471	NA
asRNA_1044	0.397370716806956	0.87	4.84142617311454	0.179153949764438	0.857816821404434	NA
ncRNA_76	0	NA	NA	NA	NA	NA
ncRNA_77	0	NA	NA	NA	NA	NA
ncRNA_78	7.65159075816945	-1.71	1.07344011842942	-1.58848564070822	0.112176565518963	0.193162950398104
asRNA_1045	0.606293525969261	1.48	3.88802477251072	0.379572753302819	0.704262589426749	NA
ncRNA_79	2.95080120697689	-6.19	2.4382761735581	-2.53728467430181	0.0111716069245136	0.0272962505128252
ncRNA_80	1.04461404581153	2.26	3.08375484274276	0.732248278141316	0.464017042046936	NA
ncRNA_81	0.109580129960566	-1.01	4.98899337193424	-0.203313424797925	0.838890063187611	NA
ncRNA_82	0	NA	NA	NA	NA	NA
ncRNA_83	2.53431701633232	-2.20	1.92983187779509	-1.14235597453876	0.253306083263042	0.364236678347203
ncRNA_84	0.82470759535866	-0.43	3.04406705767122	-0.140039868774725	0.888628490018388	NA
ncRNA_85	2.19507726892495	-4.39	2.66236591088852	-1.65043751819985	0.0988534828309996	0.175039925012853
ncRNA_86	0.746586008206308	1.77	3.54223110880244	0.500215040794756	0.6169236687777	NA
ncRNA_87	0	NA	NA	NA	NA	NA
ncRNA_88	2.61454622169645	0.19	1.82059709169908	0.103389178775361	0.917654100207602	0.944455186639005
ncRNA_89	0.198685358403478	-0.13	4.89720298489229	-0.0264335260583161	0.978911553558683	NA
ncRNA_90	4.48162929127143	-0.99	1.38801630098314	-0.714822658867526	0.474718632029563	0.588575826232887
ncRNA_91	12.0841874801181	-1.73	0.940023928010453	-1.83782833558453	0.0660877048420208	0.126998031885358
ncRNA_92	0	NA	NA	NA	NA	NA
asRNA_1046	1.99726905443663	-2.41	2.04224346827525	-1.17803269531138	0.238783571998152	0.350197243340783
ncRNA_93	4.31391819191128	-0.98	1.50888068773364	-0.648667492869702	0.516553320158907	0.623452198281518
ncRNA_94	17.1061030694527	2.15	0.920057202905643	2.33324321820558	0.0196353837319528	0.0450300000892264
ncRNA_95	0.219160259921132	-0.00	4.88771254157446	-0.00016888094915994	0.999865252498692	NA
ncRNA_96	0	NA	NA	NA	NA	NA
ncRNA_97	7.12385041303603	5.03	1.79947851047832	2.79390287299486	0.00520761170944898	0.013950154707753
ncRNA_98	0.0993426792017391	-1.09	4.99390539590045	-0.217423801366779	0.827878084020131	NA
ncRNA_99	1.99788429158494	-0.91	2.16642018555694	-0.420509511415146	0.674113282532914	0.759995630906855
ncRNA_100	0.308265488364044	0.50	4.85779841859298	0.102687507632627	0.9182109886927	NA
ncRNA_101	0	NA	NA	NA	NA	NA
ncRNA_102	0.219160259921132	-0.00	4.88771254157446	-0.00016888094915994	0.999865252498692	NA
asRNA_1047	0	NA	NA	NA	NA	NA
asRNA_1048	4.20842234499085	2.75	1.86458930934961	1.47595266442113	0.139956600054482	0.228422317897139
