Gene	baseMean	log2FoldChange	lfcSE	stat	pvalue	padj	old_locus_tag
SACI_RS00005	903.020269503403	-0.17	0.196392684987505	-0.865504934287165	0.386761708855687	0.48669315597622	Saci_0001
SACI_RS00010	88.8607310711948	0.28	0.340454675275753	0.813535113575434	0.41591132273188	0.517770088817166	Saci_0002
SACI_RS00015	8733.69606072981	1.64	0.132229123218155	12.4354291195925	1.67837042881083e-35	2.97972759873608e-34	Saci_0003
SACI_RS00020	92.5286055408421	0.06	0.131645828653323	0.444058112497183	0.657000569676994	0.737871627645961	Saci_0004
SACI_RS00025	726.91828239003	0.18	0.0892009664684832	2.06935721208413	0.0385125785631708	0.0656882788176373	Saci_0005
SACI_RS00030	165.120590335402	1.51	0.223937914056581	6.75344756113459	1.44372700976694e-11	6.80155835712427e-11	Saci_0006
SACI_RS11965	243.706270472759	1.23	0.21343021604634	5.77456290235729	7.71531037733872e-09	2.94867217390549e-08	Saci_0007
SACI_RS00035	293.376566553929	0.32	0.109206328918419	2.92917484249502	0.00339863190241827	0.00709656394919782	Saci_0008
SACI_RS00040	349.1749637144	0.20	0.0866146837627062	2.33637342100764	0.019471787957646	0.0356587011175591	Saci_0009
SACI_RS00045	506.517517975784	-1.03	0.160197323960674	-6.42043121619608	1.35888860987971e-10	5.97248115854447e-10	Saci_0010
SACI_RS00050	95.9895089983229	-0.01	0.162322862306841	-0.0434598879284628	0.965334939091813	0.979191421471121	Saci_0011
SACI_RS00055	625.872530432932	-0.49	0.138871844842357	-3.49595934169285	0.000472360668528672	0.00111631990123104	Saci_0012
SACI_RS00060	254.821323588962	-1.26	0.1804470092029	-6.98273392114576	2.89490382802672e-12	1.44705040169325e-11	Saci_0013
SACI_RS00065	197.485760481112	-0.31	0.157997614737815	-1.93701221404862	0.0527438503491229	0.0874373673680951	Saci_0014
SACI_RS00070	167.377582918363	-0.81	0.205372781200821	-3.96390209961814	7.37345010533566e-05	0.000193546352364382	Saci_0015
SACI_RS00075	84.1199024653277	-0.71	0.166004942620545	-4.25550233208574	2.08580190317061e-05	5.8227963276738e-05	Saci_0016
SACI_RS00080	212.565391862195	0.31	0.191676023105469	1.64050113471401	0.100901012731019	0.156071781065491	Saci_0017
SACI_RS00085	756.57619160701	0.64	0.163427309905138	3.88912646779029	0.000100605684493006	0.000258066111681703	Saci_0018
SACI_RS00090	614.283774689058	0.84	0.0681076683870413	12.3726573196393	3.6746001369063e-35	6.33648750880875e-34	Saci_0019
SACI_RS00095	342.955519739607	-1.31	0.120420071783287	-10.9050948038286	1.08979612729789e-27	1.30485888464504e-26	Saci_0020
SACI_RS00100	36.3069031130462	0.38	0.211378930141291	1.77885150684526	0.0752641101900343	0.120022943860568	Saci_0022
nadA	279.768099387866	-0.56	0.442395008866681	-1.26600912815773	0.205509814219676	0.289093431088101	Saci_0023
SACI_RS00110	663.455991045306	-1.60	0.234837684330819	-6.79522676817881	1.0814228948191e-11	5.17589390827095e-11	Saci_0024
SACI_RS00115	495.861845386392	0.46	0.142552432550053	3.19754800881088	0.00138601337880893	0.00304028741158088	Saci_0025
SACI_RS00120	67.5603715701358	-0.27	0.335775064252538	-0.799018710722259	0.424279562724893	0.526322256258555	Saci_0026
SACI_RS00125	348.408977012744	-0.61	0.156360698484991	-3.88333730785745	0.000103032480007094	0.000263728024109066	Saci_0027
SACI_RS00130	58.0202772310638	-1.00	0.195558873969813	-5.10241507704481	3.35346241548977e-07	1.11083442513099e-06	Saci_0028
SACI_RS00135	462.38562185734	-1.30	0.243438214720645	-5.33774939324	9.4107409279655e-08	3.30246448922957e-07	Saci_0029
SACI_RS00140	225.236643087511	-1.33	0.125441318017423	-10.6382433660164	1.9782365662671e-26	2.20048289655143e-25	Saci_0030
SACI_RS11510	490.998197857966	-0.18	0.1190519768858	-1.530267409323	0.125950551819878	0.190245510795826	Saci_0031
SACI_RS00145	159.078108261106	-0.39	0.285370362915448	-1.37291737669094	0.169778033896901	0.246130343589876	Saci_0032
SACI_RS11515	80.1955274595195	-0.17	0.166689573542736	-1.02809589692489	0.303904720517908	0.398280950089651	Saci_0033
SACI_RS00150	99.3006568873677	-0.25	0.168370785701656	-1.46149460321013	0.143879755528117	0.2136558050776	Saci_0034
SACI_RS00155	1277.69623566402	0.42	0.110255094268064	3.81052473540935	0.000138672135758199	0.000349492571519264	Saci_0035
SACI_RS00160	159.796349317952	-1.19	0.162821076986919	-7.28505652988995	3.21535450514386e-13	1.70916484314727e-12	Saci_0037
SACI_RS00165	569.943973721854	-0.08	0.104959390501543	-0.793648029422268	0.427400363293757	0.529148371456785	Saci_0038
SACI_RS00170	85.7903438812606	-1.33	0.14881941279625	-8.91522749572145	4.86815774170874e-19	3.70144314369584e-18	Saci_0039
SACI_RS00175	396.675431203252	-0.22	0.153993843439699	-1.42195651484676	0.155038875161751	0.228003939136003	Saci_0040
trxA	348.493582187079	-0.22	0.155930078417711	-1.38594571127898	0.1657634812952	0.241086193134746	Saci_0041
SACI_RS00185	114.179682576916	-1.48	0.125853773400115	-11.7732859540259	5.35954307566586e-32	8.08192185970701e-31	Saci_0042
SACI_RS00190	350.133542262484	0.60	0.10337515670333	5.81488178363523	6.06767509259304e-09	2.35645485276997e-08	Saci_0043
SACI_RS00195	3975.66436258006	-0.81	0.323717918188036	-2.49281994710985	0.0126733093848454	0.0238385214107425	Saci_0044
SACI_RS00200	476.564896340016	-0.51	0.106788313185436	-4.75112799488247	2.02285031353278e-06	6.24708871462908e-06	Saci_0045
SACI_RS00205	5453.13793440432	1.40	0.301923161714219	4.62960553536434	3.6636297076613e-06	1.11142436585954e-05	Saci_0046
SACI_RS00210	155.13542832795	1.53	0.298966227795542	5.11134560846713	3.19872182177617e-07	1.06055137494768e-06	Saci_0047
SACI_RS00215	1252.524822309	0.13	0.132273700382389	1.01897742980483	0.308213681797876	0.402902469785835	Saci_0048
SACI_RS00220	1017.91226423718	2.70	0.16482626297262	16.3835027776568	2.5087039240623e-60	1.18965380820007e-58	Saci_0049
SACI_RS00225	534.106454782044	0.98	0.247567041558282	3.94046586668466	8.13235220748012e-05	0.000210856096084592	Saci_0050
SACI_RS00230	1864.91026490058	1.11	0.420540514898253	2.64814195108612	0.00809355328337208	0.0157841807539356	Saci_0051
SACI_RS00235	1616.04388986381	1.27	0.427606190153399	2.98015737365017	0.00288100330919709	0.00606491584482846	Saci_0052
SACI_RS00240	3767.6811506105	0.89	0.204826078369259	4.3665246560005	1.26239043653119e-05	3.62522321375173e-05	Saci_0053
SACI_RS00245	5420.04262012175	0.01	0.219298496130056	0.0617157728047458	0.950789179031632	0.96797858791808	Saci_0054
SACI_RS00250	645.923647367115	0.58	0.27863240266774	2.07357544782528	0.0381187573793947	0.0652946775643244	Saci_0055
SACI_RS00255	470.180270028281	0.24	0.102805228687287	2.33022570634696	0.0197942250036425	0.0362307703977286	Saci_0057
SACI_RS00260	1446.25073112236	0.28	0.115148086724272	2.41701928195692	0.015648188169994	0.0290103241587749	Saci_0058
SACI_RS00265	815.985247941003	-2.58	0.229301553133764	-11.2376860059136	2.66270469096355e-29	3.48959552953914e-28	Saci_0059
SACI_RS00270	164.686648039619	-0.37	0.131272256843528	-2.84406803890919	0.00445415353941841	0.00905401542925209	Saci_0060
meaB	246.573402185002	0.61	0.209875008080465	2.9266626155733	0.00342620337001912	0.00714585471385933	Saci_0061
SACI_RS00280	201.941151659012	0.66	0.144553421361801	4.58688792583542	4.49902035839979e-06	1.3569737810549e-05	Saci_0062
SACI_RS00285	2.16674809410815	0.70	0.69129952938637	1.0075894423264	0.313651599437861	0.408529224565975	Saci_0063
SACI_RS00290	20052.8665241572	0.30	0.209966654955121	1.45198190359497	0.146506637067371	0.217288032918026	Saci_0064
SACI_RS00295	85.8815463855313	-0.86	0.218259728250158	-3.94906006624059	7.84586639965455e-05	0.000204457718758894	Saci_0065
SACI_RS00300	1224.10412776876	-0.51	0.999822115549253	-0.506583423469104	0.612447141733929	0.700126796651007	Saci_0066
lysS	3691.2565156208	-1.07	0.31858471786711	-3.36176774040363	0.000774452352142519	0.00176989618080002	Saci_0067
SACI_RS00310	849.343944644431	-0.06	0.152379362483541	-0.410490438005928	0.6814462163933	0.756487712515765	Saci_0068
SACI_RS00315	182.482310012573	0.04	0.118543342960599	0.354548297013592	0.722928015773638	0.791784977508756	Saci_0069
SACI_RS00320	118.13161686373	-1.56	0.153546992793006	-10.1576694039458	3.06310880711502e-24	2.98363355157906e-23	Saci_0070
SACI_RS00325	273.325989826118	-0.92	0.10977945995269	-8.3958591417737	4.62499831289206e-17	3.13907606773314e-16	Saci_0071
SACI_RS00330	166.273710199532	-0.38	0.134458236982332	-2.86126578240014	0.00421953151425325	0.00864044975986858	Saci_0072
rimI	847.82328932075	0.43	0.0936240014684724	4.59380764335093	4.35230596354212e-06	1.31591532656089e-05	Saci_0073
SACI_RS00340	723.111600867898	-0.16	0.0847046840495035	-1.94024123209336	0.0523503797223379	0.0868250200272921	Saci_0074
dnaG	2231.47864786291	1.46	0.284352380858759	5.12945925177366	2.90575659083868e-07	9.66083648836034e-07	Saci_0075
SACI_RS00350	739.280570943121	-0.15	0.21353325003688	-0.682900479677183	0.494669730829281	0.592288940169013	Saci_0076
SACI_RS00355	436.602676966471	0.66	0.138019294749065	4.79812617244684	1.60156884193541e-06	5.02792169541396e-06	Saci_0077
SACI_RS00360	142.691328260101	-0.43	0.106587915256397	-4.03049464003265	5.5659598280685e-05	0.000147715163625618	Saci_0078
SACI_RS00365	152.206613098333	0.13	0.168473741589823	0.766896071329008	0.443143309683348	0.544895424121047	Saci_0079
SACI_RS00370	1000.14816775559	-0.95	0.184301898777341	-5.17503480044096	2.27868504639064e-07	7.66795602912407e-07	Saci_0080
SACI_RS00375	1207.43207132751	-1.14	0.114682804260231	-9.93328273189019	2.98270878562393e-23	2.7705367173682e-22	Saci_0081
SACI_RS00380	590.24352690582	-1.08	0.201131377592332	-5.37611154294119	7.61116505703e-08	2.70252599660454e-07	Saci_0082
SACI_RS00385	1002.5767669144	-0.82	0.251276025373476	-3.28206734122961	0.00103048992004227	0.00230104440633974	Saci_0083
SACI_RS00390	517.492561025888	-0.76	0.255629223870701	-2.96688820435779	0.00300830322099509	0.00631813800027174	Saci_0084
SACI_RS00395	627.7164860466	-0.95	0.316470169802413	-3.01049108338532	0.00260825606007882	0.00551328729649506	Saci_0085
SACI_RS00400	532.081843552037	-0.80	0.220923797518796	-3.61809199108541	0.000296782915909751	0.000717887617951267	Saci_0086
SACI_RS00405	98.5315931856618	-0.88	0.317318381469982	-2.78093965043901	0.00542018120974194	0.0108524072666166	Saci_0087
rpsB	1495.19855251325	-1.21	0.196920262635658	-6.14553996201943	7.96919455543475e-10	3.31651006671903e-09	Saci_0088
amrB	759.96036357665	-0.96	0.242240633485973	-3.96040309709707	7.48233517705036e-05	0.00019583395772033	Saci_0089
SACI_RS00420	199.960395224822	-0.84	0.249302372818409	-3.35718910049599	0.000787392403695731	0.00179718950153225	Saci_0090
fni	329.420201189256	-1.36	0.159695310606787	-8.51382189777403	1.68292437090496e-17	1.1754378745623e-16	Saci_0091
SACI_RS00430	389.607313998995	-2.44	0.156388071186056	-15.5712320008731	1.14186500601812e-54	4.33187524388348e-53	Saci_0092
SACI_RS00435	160.533081276836	-2.13	0.220246355115102	-9.68007050161574	3.66463192080213e-22	3.22130083965144e-21	Saci_0093
SACI_RS00440	149.65187538308	-2.52	0.193092067227944	-13.0457293316936	6.72107229680652e-39	1.35322595294361e-37	Saci_0094
ffs	72177.106275336	0.03	0.182000762320268	0.15875654393644	0.873860687414824	0.908991495840969	Saci_0095
SACI_RS00450	3.10502036985418	0.78	0.581325078319679	1.33704118840109	0.181209192562248	0.259260789993785	Saci_0096
SACI_RS00455	3430.50185245616	2.58	0.132192712427924	19.5034060879553	1.0270914260446e-84	1.15676171858274e-82	Saci_0097
SACI_RS00460	1527.12944889927	2.83	0.218836858101141	12.9308856243391	3.01327729012676e-38	5.87018992087396e-37	Saci_0098
SACI_RS00465	159.089004892625	3.19	0.294178282835025	10.8323177111516	2.41952364145856e-27	2.84966117771786e-26	Saci_0099
SACI_RS00470	235.002785124186	-0.81	0.112149850530507	-7.20057626475571	5.99586094744618e-13	3.11645833003207e-12	Saci_0100
SACI_RS00475	757.67145461881	1.18	0.275122333426686	4.27095341943783	1.94639062915717e-05	5.45898196691241e-05	Saci_0101
SACI_RS00480	1754.74788979157	0.34	0.116524681346152	2.89729558710435	0.00376394935705544	0.00776934334640769	Saci_0102
SACI_RS00485	120.385171808179	0.50	0.126811319986249	3.90397282574715	9.46264103314204e-05	0.000243595416310314	Saci_0103
SACI_RS00490	247.666831634347	0.61	0.103259954818535	5.93279198881155	2.97826080100056e-09	1.19262799186734e-08	Saci_0104
SACI_RS00495	194.87592214988	1.17	0.199406077710076	5.86282790665	4.5504978255736e-09	1.79431008351939e-08	Saci_0105
SACI_RS00500	737.140468602415	1.06	0.194867784094695	5.42689258231586	5.7343614945218e-08	2.06666388262566e-07	Saci_0106
mobB	85.1804542403923	0.35	0.249799754551819	1.40773590373994	0.159209286148832	0.232703865009062	Saci_0107
SACI_RS00510	228.734315657956	-0.52	0.152411048385506	-3.44449821800038	0.000572120407009564	0.00133457731188509	Saci_0108
SACI_RS00515	347.734844674024	0.06	0.105282460144332	0.605992962714566	0.544519426280327	0.640067844851369	Saci_0109
SACI_RS00520	345.873226660657	0.16	0.255328844022271	0.637745927500912	0.523639083489618	0.621196595423497	Saci_0110
SACI_RS00525	136.235093763435	0.06	0.216987130125218	0.261715125296042	0.793541078577827	0.846882454010805	Saci_0111
SACI_RS00530	649.776141104073	0.20	0.0901875695620949	2.20240403151132	0.0276367813639683	0.048753284403202	Saci_0112
SACI_RS00535	320.233119763193	0.27	0.0782681403363402	3.49305177636138	0.000477533909640884	0.00112706759027226	Saci_0113
SACI_RS00545	199.24744547841	1.51	0.112726108700089	13.4186845844394	4.6998132269438e-41	1.06529099810726e-39	Saci_0114
SACI_RS00550	152.505916652884	-0.07	0.168128852374513	-0.412620750270029	0.679884495955064	0.755855870848596	Saci_0116
tpiA	115.529383218605	-0.86	0.138026010455989	-6.22496078156673	4.81676483911024e-10	2.04712505662185e-09	Saci_0117
SACI_RS00560	37.7352352610341	-0.22	0.20568974821798	-1.06117376160988	0.288610941260548	0.381988186670223	Saci_0118
SACI_RS00565	442.126019833874	1.04	0.140945755041523	7.41194418927127	1.24461138121645e-13	6.82736593288292e-13	Saci_0119
SACI_RS00570	137.688160034891	-1.27	0.163038236094018	-7.79112108463887	6.64172266287285e-15	3.93696849950555e-14	Saci_0120
SACI_RS00575	57.7114801604636	-1.60	0.222350804893419	-7.17596364314176	7.1799634635196e-13	3.70724761067688e-12	Saci_0121
SACI_RS00580	853.224600013212	-1.30	0.22164554093424	-5.85048418744728	4.90144061832953e-09	1.92426927978863e-08	Saci_0122
SACI_RS00585	245.355965980677	-0.66	0.123219603723473	-5.3697085798112	7.88639766985186e-08	2.79200168979824e-07	Saci_0123
SACI_RS00590	387.847798491786	-1.97	0.132218569807164	-14.9030087630984	3.15066072407772e-50	1.07122464618642e-48	Saci_0124
SACI_RS00595	313.025333993379	-0.57	0.137555104832715	-4.14810234849121	3.35242529173804e-05	9.17398690313127e-05	Saci_0125
SACI_RS00600	258.697851459513	-0.76	0.0877794138981834	-8.61054994903979	7.2710909812194e-18	5.19940712228466e-17	Saci_0127
SACI_RS00605	813.746396802955	0.35	0.126810092411609	2.7659067988235	0.0056764755777138	0.0113175421233379	Saci_0128
SACI_RS00610	182.97455932801	-0.63	0.222153116645455	-2.85153953220847	0.00435080758419563	0.00887397313720491	Saci_0129
SACI_RS00615	600.640815926182	-1.12	0.239811632804987	-4.69116161838486	2.71658268966518e-06	8.29006267023989e-06	Saci_0130
SACI_RS00620	4927.86396194124	0.76	0.175628545232696	4.34219881284317	1.4106379295777e-05	4.00625618455323e-05	Saci_0131
SACI_RS00625	109.900198906082	0.82	0.185116051341514	4.41981552785914	9.87851905716954e-06	2.86652034476965e-05	Saci_0132
SACI_RS00630	3706.68289609625	1.90	0.147115447963388	12.9196417479258	3.48761511238732e-38	6.75772304572253e-37	Saci_0133
SACI_RS00635	939.438092758265	1.88	0.0759511024295441	24.814551736949	6.24477200261511e-136	2.50068425526943e-133	Saci_0134
SACI_RS00640	351.600184307405	-0.43	0.10870340944312	-3.96265201864171	7.41217802880862e-05	0.000194421321803685	Saci_0135
SACI_RS00645	170.741867724086	-1.56	0.231686891765672	-6.73919115939178	1.59270747511584e-11	7.48385624552478e-11	Saci_0136
thiC	218.803088090352	-2.01	0.333872631274771	-6.02353782199083	1.70645209273864e-09	6.94921281607918e-09	Saci_0137
SACI_RS00655	244.800719409981	-2.10	0.157352827579113	-13.3427596140545	1.30536297285993e-40	2.80031437749237e-39	Saci_0138
SACI_RS00660	56.8991448100401	-2.10	0.220708097011598	-9.52852769737044	1.59529590406524e-21	1.36242806593628e-20	SACI_RS00660
SACI_RS00665	344.962819179771	-2.33	0.152532002801376	-15.2778287077803	1.07461931655927e-52	3.9120485018986e-51	Saci_0140
SACI_RS00670	174.255089429918	-0.58	0.136715849029602	-4.22664488587352	2.37201562322164e-05	6.56081681204204e-05	Saci_0141
SACI_RS00685	423.431736312571	-1.31	0.228203985300189	-5.75709668500277	8.55729039992277e-09	3.260092452571e-08	Saci_0144
SACI_RS00690	552.166526006932	-0.13	0.183101660478071	-0.734215480601359	0.462817420006611	0.56332116909957	Saci_0145
SACI_RS00695	242.151381345755	-0.01	0.195700679638388	-0.029174133864779	0.976725710635975	0.985751739325694	Saci_0146
SACI_RS00700	2392.55273737959	1.05	0.23844906742482	4.38413078663971	1.16449800176059e-05	3.36016877369508e-05	Saci_0147
SACI_RS00705	4074.08835207468	1.02	0.132956228402758	7.6558215492489	1.92080295398735e-14	1.10761181538726e-13	Saci_0148
SACI_RS00710	451.856277333402	0.64	0.278517756305286	2.30877936183755	0.020955827825681	0.0380094632530219	Saci_0149
SACI_RS11970	667.862007729687	0.24	0.0947240699439531	2.53721495328211	0.0111738322255101	0.0212173294735187	Saci_0150
SACI_RS00720	777.184656978675	0.59	0.11052805897457	5.33029230421784	9.80548155764915e-08	3.42763875206281e-07	Saci_0151
cysS	1103.26203473965	0.59	0.120666127287845	4.86620060961395	1.13764044953306e-06	3.61876097097717e-06	Saci_0152
SACI_RS00730	144.361211067464	-1.59	0.178816157430772	-8.86907107159856	7.37585929665498e-19	5.56121274166203e-18	Saci_0153
SACI_RS00735	511.457244100464	-2.22	0.190400028245441	-11.667126247245	1.87655536675618e-31	2.70524221671571e-30	Saci_0154
SACI_RS00740	2137.34515135831	2.10	0.202025336338508	10.3732006472843	3.28339434323192e-25	3.42995745304575e-24	Saci_0155
SACI_RS00745	526.800533245877	0.83	0.0963583062872151	8.64108770626552	5.56803518126578e-18	4.02148272410458e-17	Saci_0156
SACI_RS00750	3266.19026868754	0.28	0.20372142996689	1.3985997090732	0.16193305364521	0.236086863000541	Saci_0157
SACI_RS00755	493.643266529954	-0.19	0.139052910412702	-1.35687804362568	0.174819964373016	0.251919692763035	Saci_0158
SACI_RS00760	281.940002591281	0.62	0.141783247837589	4.35280111037183	1.34409077953178e-05	3.83843357324288e-05	Saci_0159
SACI_RS00765	154.428251169652	-1.28	0.174151910787392	-7.36705492710748	1.74438627040888e-13	9.49662857787554e-13	Saci_0160
SACI_RS00770	414.851072350069	0.58	0.191727258383732	3.04297878548721	0.00234248846547317	0.00498072473720666	Saci_0161
SACI_RS00775	774.644065005989	-0.65	0.085667155558276	-7.57553017653973	3.57663959325459e-14	2.01724711957583e-13	Saci_0162
SACI_RS00780	713.606804376009	0.37	0.162299461553784	2.2865975104794	0.0222193266912672	0.0400793060036672	Saci_0164
SACI_RS00785	853.876555917081	0.13	0.191761823799773	0.664188607505177	0.506569604078027	0.604116524627724	Saci_0165
SACI_RS00790	1033.21037283341	0.92	0.210701037322801	4.35850762101184	1.30952363119954e-05	3.74862840893023e-05	Saci_0166
SACI_RS00795	460.801022381391	0.75	0.129353157449481	5.77999198855531	7.4704182693354e-09	2.8581090703487e-08	Saci_0167
SACI_RS00800	801.839461355894	0.41	0.366106764817372	1.1166301250202	0.264152505526308	0.354564480415946	Saci_0168
SACI_RS00805	1829.12097621165	1.88	0.162361986322515	11.578812805331	5.27718054210419e-31	7.42928073193106e-30	Saci_0169
SACI_RS00810	42.1918378143881	-1.25	0.242410247083843	-5.14922969109252	2.61558420023603e-07	8.74449485867409e-07	Saci_0170
SACI_RS00815	891.777927442425	-0.66	0.148817859242196	-4.45883182004668	8.24075471959983e-06	2.40094422064978e-05	Saci_0171
SACI_RS00820	101.80913716661	-0.50	0.26105592290606	-1.90306221382231	0.0570324277336002	0.0938132677096737	Saci_0172
SACI_RS00825	181.694550753296	-1.05	0.181595181519403	-5.80483619466769	6.44289605910753e-09	2.48610250503464e-08	Saci_0173
SACI_RS00830	604.963308612923	-0.66	0.151649518173998	-4.35568073365048	1.32654009781228e-05	3.79432580358369e-05	Saci_0174
dph2	913.173424231663	-1.39	0.245532704565096	-5.64486984847033	1.65306254480718e-08	6.19297028220902e-08	Saci_0175
SACI_RS00840	2201.25661037702	-0.87	0.116194579117877	-7.48157843648891	7.34351881775072e-14	4.0905783337208e-13	Saci_0176
SACI_RS00845	54.6501150967945	-0.27	0.253166807327812	-1.05856300923474	0.289798840772307	0.383138305995375	SACI_RS00845
SACI_RS00850	280.771365143888	0.19	0.121307908390675	1.57680896253982	0.114839488777694	0.174707267857665	Saci_0177
SACI_RS00855	288.940676610622	0.59	0.116063149994097	5.06982041257821	3.98191250325663e-07	1.31177446633793e-06	Saci_0178
SACI_RS00860	512.630367974137	-0.56	0.103084254785225	-5.40976408095903	6.31078283799419e-08	2.26084108828341e-07	Saci_0179
SACI_RS00865	464.194835750929	-3.29	0.235880363429036	-13.9425398899175	3.49285416317294e-44	8.92783432913139e-43	Saci_0180
SACI_RS00870	412.737817380733	-3.29	0.268471139577871	-12.2392935699392	1.91693786911873e-34	3.16910278913024e-33	Saci_0181
SACI_RS00875	325.843769424229	-3.10	0.291968023703397	-10.6059665911567	2.79558151249459e-26	3.0717304179971e-25	Saci_0182
aroF	238.959475767018	-2.29	0.214145934733992	-10.6772427731356	1.30077815939707e-26	1.46500140202095e-25	Saci_0183
aroB	203.855483918473	-2.03	0.207593249530224	-9.7617694534931	1.64263814286777e-22	1.48001696672386e-21	Saci_0184
SACI_RS00890	107.246505964848	-1.43	0.210529438895161	-6.80622735713749	1.0019133289001e-11	4.80811669421567e-11	Saci_0185
aroC	96.5540061384875	-1.54	0.286813554893408	-5.37658855435394	7.5910371981212e-08	2.69803728422375e-07	Saci_0186
SACI_RS00900	176.194943442359	-1.66	0.223298064362234	-7.42139903422614	1.15889581753835e-13	6.36686055854912e-13	Saci_0187
aroA	164.63632690903	-1.93	0.163202029614579	-11.8501413106828	2.14828238225893e-32	3.29464242794093e-31	Saci_0188
SACI_RS00910	103.121179011322	-1.48	0.209862519655992	-7.0527839645282	1.75373025840664e-12	8.87702788103584e-12	Saci_0189
SACI_RS00915	94.1406556901346	0.20	0.20280129073727	0.980404666048269	0.326886407421021	0.422863823526691	Saci_0190
SACI_RS00920	4014.65586481539	-0.16	0.182736810712223	-0.869034117324911	0.38482847008953	0.484768195107538	Saci_0191
SACI_RS00925	595.740420570343	0.38	0.150099998571896	2.54885515731726	0.0108077177294456	0.0205981040174097	Saci_0192
SACI_RS00930	770.349557137101	0.08	0.171404523758545	0.492890398242326	0.622090032074996	0.707929420776219	Saci_0193
SACI_RS00935	311.624231129417	-0.03	0.100600053662848	-0.289489454630019	0.772206848587139	0.829271001879633	Saci_0194
SACI_RS00940	2663.55882243157	-1.39	0.137925999704305	-10.0419536673367	9.96800489445951e-24	9.50388614805082e-23	Saci_0195
SACI_RS00945	3001.51793177699	0.55	0.0953545761932929	5.73065799265762	1.00041796250507e-08	3.77935674724136e-08	Saci_0196
SACI_RS00950	595.112928195113	1.08	0.187037781245128	5.75460222772643	8.684603895413e-09	3.30161523618866e-08	SACI_RS00950
SACI_RS00955	1842.30897251593	0.19	0.13823579166536	1.40784732814323	0.159176282557148	0.232703865009062	Saci_0198
SACI_RS00960	376.122371278635	-0.23	0.179731770797979	-1.27251952328705	0.20318859189199	0.286499094357877	Saci_0199
nucS	428.104333115474	0.02	0.15863052300611	0.149471963942307	0.88118123036049	0.914682360086177	Saci_0200
SACI_RS00970	223.056586973327	-0.92	0.161802824473442	-5.68352826629737	1.31943904812975e-08	4.9637352082042e-08	Saci_0201
SACI_RS00975	1112.21218689695	1.16	0.144340731359546	8.04341832081716	8.73664478971193e-16	5.52401189861786e-15	Saci_0202
SACI_RS00980	964.485344024785	-0.15	0.310429962880802	-0.47285938400332	0.636313503700117	0.720702032474929	Saci_0203
SACI_RS00985	1844.30992890258	-0.49	0.283201410569882	-1.73147377775095	0.0833672978472815	0.131548047916639	Saci_0204
SACI_RS00990	1244.14803243422	0.66	0.189909403541311	3.48987783398027	0.000483241402504653	0.00113888557341624	Saci_0205
SACI_RS00995	2617.12073313305	0.60	0.122819120950593	4.87994609678282	1.06114839434251e-06	3.3904067493e-06	Saci_0206
SACI_RS01000	195.275456675824	-0.69	0.139341035693886	-4.94240310476372	7.7165459083042e-07	2.49644806584635e-06	Saci_0207
SACI_RS01005	2067.57485067313	0.27	0.169055447448113	1.59180085222323	0.111429458618534	0.1699499656628	Saci_0208
SACI_RS01010	3644.72384619198	0.47	0.187561989488128	2.49436302692245	0.0126183416986085	0.0237475214004099	Saci_0209
SACI_RS01015	507.939811660601	0.05	0.12830690887691	0.351623355528031	0.725120747237671	0.793362813894493	Saci_0210
SACI_RS01020	767.092930083822	2.03	0.1968591268115	10.3259845962821	5.37643387758908e-25	5.504735140577e-24	Saci_0211
SACI_RS01025	2729.98158737721	1.86	0.158602935466805	11.718376537201	1.02619701218821e-31	1.50955674772502e-30	Saci_0212
SACI_RS01030	1564.04737984289	2.55	0.181102974011101	14.1054001264516	3.51788276264505e-45	9.53266877937803e-44	Saci_0213
purT	1007.61575317035	-3.26	0.186849074763526	-17.4301754794834	4.86963291099375e-68	3.1909376384039e-66	Saci_0214
SACI_RS01040	85.3505523406659	-0.10	0.13298116752113	-0.753864536839762	0.450930566912824	0.551460387904248	Saci_0215
SACI_RS01045	150.529298179368	-1.06	0.175264759104916	-6.07079711798427	1.27276899693041e-09	5.23636925221139e-09	Saci_0216
SACI_RS01050	712.591061780773	0.48	0.0855540885938982	5.58460157158962	2.3423658855056e-08	8.66723475499197e-08	Saci_0217
SACI_RS01055	49.3880392826073	-2.92	0.217297804510452	-13.4417011358578	3.44426575870285e-41	7.85641379390193e-40	Saci_0218
SACI_RS01060	59.4265141984502	-1.11	0.163556345177452	-6.75877561790811	1.39162715498331e-11	6.57329523795523e-11	Saci_0219
SACI_RS01065	172.626350113864	0.77	0.162506430153827	4.74789268543017	2.05547042299143e-06	6.34189816840091e-06	Saci_0220
SACI_RS01070	266.550876930283	-0.87	0.106166776056512	-8.19763267402668	2.45167156721803e-16	1.59491413867397e-15	Saci_0221
SACI_RS01075	103.950384709206	-0.63	0.140799090099683	-4.46383710697457	8.05047768638674e-06	2.34740465871665e-05	Saci_0222
SACI_RS01080	112.619520348323	0.48	0.211026950955566	2.25379207444357	0.0242092516479592	0.0432811577087106	Saci_0223
SACI_RS01085	365.624114127668	0.34	0.1258145268606	2.67300093850635	0.00751760401507546	0.0147567782518148	Saci_0224
SACI_RS01090	1129.11355868628	-0.42	0.126116636119977	-3.31658721368237	0.000911241413746298	0.0020590056772048	Saci_0225
SACI_RS01095	665.349786083738	-0.05	0.144694862305341	-0.325318448536463	0.744940069685769	0.809883562940426	Saci_0226
SACI_RS01100	1092.20919093966	-0.60	0.16422389059611	-3.66054042278568	0.000251683842004642	0.000612057062472828	Saci_0227
SACI_RS01105	70.089483414019	-1.66	0.159758467464586	-10.4176275481783	2.06028366477066e-25	2.17112933562382e-24	Saci_0228
SACI_RS01110	44.8952117437916	-0.03	0.232327353457923	-0.121239474590979	0.903501358509208	0.932746747656025	Saci_0229
SACI_RS01115	18.3334780434675	-0.00	0.312897726581608	-0.014820093644291	0.988175708931526	0.991753064602957	SACI_RS01115
SACI_RS01120	232.825927367512	-0.30	0.131038029837644	-2.31891645936766	0.0203995664916463	0.0371688764589956	Saci_0230
SACI_RS01125	293.241907712568	-1.21	0.086482572399648	-14.0310018986132	1.00718541302363e-44	2.66904134451262e-43	Saci_0231
SACI_RS01130	96.0973687169431	-0.47	0.191163452591151	-2.43881844354059	0.0147353694131643	0.0274488432701142	Saci_0232
SACI_RS01135	294.57437905937	-1.00	0.151249120766139	-6.62257958476695	3.52983900549585e-11	1.61236245574234e-10	Saci_0233
SACI_RS01140	232.760849711539	-1.78	0.157010959005888	-11.3463532112107	7.73207453022046e-30	1.05955880634656e-28	Saci_0234
SACI_RS01145	1133.95861577323	2.03	0.231828749901473	8.74903855180207	2.15178148651813e-18	1.58589375816183e-17	Saci_0236
SACI_RS01150	1220.7343754451	2.29	0.266648797917813	8.57533582954653	9.87980865795663e-18	6.99544801636065e-17	Saci_0237
SACI_RS01155	334.3204863828	-0.78	0.127698850936161	-6.10117593433531	1.05290934662972e-09	4.3467185398093e-09	Saci_0238
SACI_RS01160	173.105625066733	-1.54	0.140212324337347	-10.969215701495	5.37364793828205e-28	6.58728815291446e-27	Saci_0239
SACI_RS01165	5205.09552405921	3.24	0.239569299468878	13.5270770664303	1.08242597844977e-41	2.50068155534165e-40	Saci_0240
SACI_RS01170	509.949216240753	0.04	0.181926279048496	0.219946419849699	0.825912883573344	0.873156360339787	Saci_0241
SACI_RS01175	709.267082867603	0.95	0.128029309010885	7.45198333259621	9.19473443834597e-14	5.07470488756491e-13	Saci_0242
SACI_RS01180	1919.51383975654	-0.04	0.101252548442095	-0.427541018477653	0.668985315433388	0.748067972951266	Saci_0243
prpB	1277.76555039706	0.61	0.0781963151658863	7.80842689868875	5.79061642155793e-15	3.44948455922228e-14	Saci_0244
SACI_RS01195	503.374410713001	-1.38	0.105413916468442	-13.0965918348219	3.44377698663785e-39	7.05191605672888e-38	Saci_0245
SACI_RS01200	896.914679336798	-1.45	0.146050992628773	-9.91751750878071	3.49336576108245e-23	3.21175770483193e-22	Saci_0246
SACI_RS01205	396.295881841393	-0.91	0.12752277031463	-7.1212248954007	1.06972076472433e-12	5.49184278641949e-12	Saci_0247
SACI_RS01210	91.8786670291346	-1.06	0.284357043730593	-3.71243133042416	0.000205277765797487	0.000503965305132249	Saci_0248
SACI_RS01215	222.027209139216	-2.36	0.193922101265996	-12.1680222182453	4.60095783370103e-34	7.46930271741374e-33	Saci_0249
bluB	62.5028619295987	-2.30	0.22575952036679	-10.2020347182364	1.94161514674928e-24	1.91190737401214e-23	Saci_0250
SACI_RS01225	169.832949674103	0.41	0.174839400642743	2.35842755974557	0.0183525413357344	0.033711803758403	Saci_0251
SACI_RS01230	1444.49554982006	-1.08	0.26153043696733	-4.13373926462748	3.56908363024756e-05	9.70790747427336e-05	Saci_0252
SACI_RS01235	5057.00560145065	-1.01	0.231734593914086	-4.34779235950363	1.37514698259148e-05	3.91162567108105e-05	Saci_0253
tatC	1482.8842408615	1.38	0.0977889439159599	14.1334710800472	2.36208488225635e-45	6.54842608896298e-44	Saci_0254
SACI_RS01245	1377.07328612587	2.10	0.129563586114072	16.2251237093762	3.35041884454917e-59	1.5093636894694e-57	Saci_0255
SACI_RS01250	5339.1909540295	2.22	0.150362486756867	14.7584268987489	2.71540771622938e-49	8.73779411543813e-48	Saci_0256
SACI_RS01255	838.197640753534	-0.95	0.112841138454834	-8.43412668609965	3.33685100755518e-17	2.29504027313528e-16	Saci_0257
SACI_RS01260	641.038444054326	0.19	0.148163346885689	1.27289193834947	0.203056390335145	0.28642474785435	Saci_0258
SACI_RS01265	789.994315114482	-1.82	0.242978941748911	-7.48059400962906	7.39874189626948e-14	4.11497928922148e-13	Saci_0260
SACI_RS01270	36.9362952071326	-1.41	0.573326503700209	-2.46457144019123	0.0137177214374357	0.0256557696214418	Saci_0261
SACI_RS01275	581.165436130026	-1.60	0.233692367941394	-6.84682448121241	7.55072636835668e-12	3.67740781507533e-11	Saci_0262
SACI_RS01280	3677.8604148059	-0.40	0.24152609578968	-1.67199817223452	0.0945246824922721	0.14715635235514	Saci_0263
SACI_RS01285	467.447664780555	1.11	0.172234373384598	6.43967959616931	1.19725971091356e-10	5.27496821287589e-10	Saci_0264
SACI_RS01290	682.941460552443	1.03	0.130703630368802	7.91046138371645	2.5643671320812e-15	1.57176516054773e-14	Saci_0265
SACI_RS01295	1276.30438444896	0.09	0.120636554907997	0.777229687939348	0.437023269670932	0.538840870302443	Saci_0266
SACI_RS01300	1415.42831956166	0.02	0.118382983439074	0.174345935467625	0.861593600721436	0.900314101768644	Saci_0267
SACI_RS01305	270.963364845372	1.01	0.174230789923696	5.81013270783381	6.24233401962071e-09	2.41647387827208e-08	Saci_0268
SACI_RS01310	887.072135906678	0.63	0.220136732793576	2.85744716130418	0.00427063731240342	0.0087252703366791	Saci_0269
SACI_RS01315	709.044861253772	-0.47	0.154380887110292	-3.06307328943522	0.00219076398228595	0.00468020947964348	Saci_0270
SACI_RS01320	382.378115135505	-0.51	0.149923900417698	-3.41585197649753	0.000635827993114357	0.00147459722470022	Saci_0271
SACI_RS01325	338.147785781713	-0.40	0.220102088622218	-1.8096402803676	0.0703515891350325	0.113393169607628	Saci_0272
thiD	852.611510023974	-0.57	0.137204612012129	-4.14579645447202	3.3863455184158e-05	9.25876616693671e-05	Saci_0273
cas4	308.703202423472	0.21	0.106266559426485	1.96415313803467	0.0495123354389138	0.0823074063292644	Saci_0274
SACI_RS01340	815.481587307049	0.54	0.137466032217151	3.9263682553374	8.62380920097564e-05	0.000222957018366687	Saci_0275
SACI_RS01345	2448.73668208933	-1.11	0.326886814198126	-3.4064121799381	0.000658227228353069	0.00151872658833832	Saci_0276
SACI_RS01350	9229.05293301784	-0.16	0.321039802355023	-0.512573398395496	0.608249765229435	0.696578377466439	Saci_0277
SACI_RS01355	1914.15417345992	0.98	0.117269556048473	8.3871911757957	4.97894965365139e-17	3.36662937181231e-16	Saci_0278
SACI_RS01360	618.750535319609	0.38	0.129286458899758	2.92622617435962	0.00343101398051656	0.00715174921097841	Saci_0279
queC	197.58860727638	-1.86	0.134881075560604	-13.8182288489638	1.97878781345802e-43	4.91831122738118e-42	Saci_0280
SACI_RS01370	428.877375407676	-0.98	0.0980191429336252	-9.97376790289571	1.98550348121649e-23	1.8634777464334e-22	Saci_0281
SACI_RS01375	573.551032630229	-0.58	0.132540678094887	-4.34663550990676	1.3824165810622e-05	3.92920296383926e-05	Saci_0282
SACI_RS01380	104.889472064069	-0.52	0.239096334504412	-2.15670998146462	0.0310282687804643	0.0540221645820258	Saci_0283
SACI_RS01385	79.6562558977498	-0.42	0.168734649038823	-2.50480388039982	0.0122519308020836	0.0231304131014717	Saci_0284
SACI_RS01390	129.405115874391	-0.69	0.168758103667758	-4.08451506755534	4.41689604935241e-05	0.000118441170847218	Saci_0285
SACI_RS01395	145.469003659361	-0.82	0.171335954303212	-4.81005464020743	1.50889042875512e-06	4.74938087793315e-06	Saci_0286
SACI_RS01400	107.077648398105	-0.88	0.160031377607446	-5.50588987643816	3.67308094178839e-08	1.34121415544127e-07	Saci_0287
SACI_RS01405	99.5042402690282	-2.53	0.244806815901086	-10.3252682632486	5.41671760323863e-25	5.51474602737693e-24	Saci_0288
SACI_RS01410	83.2513112916236	0.70	0.165242208486634	4.23154957427893	2.3208682615289e-05	6.42921538397399e-05	Saci_0289
SACI_RS01415	1064.17944739571	0.76	0.242678799011447	3.15209303041085	0.00162104617309391	0.00352154937180859	Saci_0290
SACI_RS01420	539.193732542626	0.80	0.306475596118557	2.60448488985993	0.00920124780609002	0.0177238359664075	Saci_0291
SACI_RS01425	946.198073690856	0.64	0.209292912537317	3.06557002831243	0.00217255494687116	0.00464406170137821	Saci_0292
SACI_RS01430	379.234737919962	-0.43	0.199736888929221	-2.14526509214364	0.0319316578383662	0.0554610577587816	Saci_0293
SACI_RS01435	130.424758548634	1.92	0.233277375781784	8.22496630031678	1.95245745361057e-16	1.27939212051136e-15	Saci_0294
SACI_RS01440	152.54471619939	-1.98	0.196320906763537	-10.0941999908043	5.86069860979493e-24	5.64758229671148e-23	Saci_0295
SACI_RS01445	564.927769670974	3.22	0.188800150743224	17.0720487010368	2.39640955973437e-65	1.43944334221378e-63	Saci_0296
SACI_RS01450	895.898892807233	-0.28	0.192535860520735	-1.45238093717587	0.146395713787294	0.217212907570773	Saci_0297
SACI_RS01455	3327.70261053777	0.58	0.155421128258039	3.7620663711608	0.000168515311817252	0.000420297013003028	Saci_0298
SACI_RS01460	642.242928564156	-0.19	0.273048179621769	-0.692570609300755	0.488579060059764	0.587337869398062	Saci_0299
SACI_RS01465	278.789179489727	-0.65	0.174861587517955	-3.71546003628098	0.000202834323152472	0.000498305999073966	Saci_0300
SACI_RS01470	1231.10715233443	-2.85	0.48783713239375	-5.83592145649917	5.34940929385459e-09	2.09329762161259e-08	Saci_0301
SACI_RS01475	468.307070420051	2.06	0.151188668383698	13.6193720338532	3.0719780120486e-42	7.33205877842592e-41	Saci_0302
SACI_RS01480	485.169157921917	2.19	0.201656790889767	10.8550333353368	1.88737919362945e-27	2.23753770192123e-26	Saci_0303
SACI_RS01485	63.2500585204384	3.01	0.24069216194425	12.486634553231	8.83108553063726e-36	1.59935840464406e-34	Saci_0304
SACI_RS01490	2283.38035231286	2.22	0.229683233801983	9.6471495177523	5.05410514384581e-22	4.38915540684827e-21	Saci_0305
acs	10943.7022106935	1.11	0.151119421515994	7.34672719886784	2.03118828782558e-13	1.09423058136374e-12	Saci_0306
SACI_RS01500	76.4311808698259	0.20	0.181466801340468	1.0813747857313	0.279530432928031	0.371333461213647	Saci_0307
SACI_RS01505	49.3689441070794	-0.32	0.670520253181027	-0.470912387931413	0.63770330124972	0.721142986414807	Saci_0308
lipA	618.851512879993	-0.32	0.158975701365147	-2.03899420112389	0.0414506063039351	0.0701352042814	Saci_0309
SACI_RS01515	524.240103337848	-0.40	0.120840575121665	-3.34245554810604	0.00083040654548704	0.00188938458960561	Saci_0310
SACI_RS01520	120.886045379112	1.68	0.224096435366368	7.48322535413247	7.25203678880239e-14	4.04587315585818e-13	Saci_0311
SACI_RS01525	460.79778800468	-0.58	0.209797436469648	-2.7541334318026	0.00588477708332672	0.01171753403774	Saci_0312
SACI_RS01530	126.86971426224	-0.63	0.16614293711647	-3.77167894571694	0.000162152807986938	0.000405269570031155	Saci_0313
SACI_RS01535	1054.08853185086	0.75	0.107602127418602	7.0046841217212	2.47543687352232e-12	1.24601599052716e-11	Saci_0314
SACI_RS01540	2212.44803632562	-0.89	0.193988185332116	-4.5639872232399	5.01911346890943e-06	1.50489891363973e-05	Saci_0315
SACI_RS01545	1395.3840680974	-1.16	0.191718403296896	-6.07614016130753	1.2310981439702e-09	5.07071738384984e-09	Saci_0316
SACI_RS01550	399.185728885904	-1.24	0.14715858769028	-8.40136156726099	4.41331232270615e-17	3.00105237944018e-16	Saci_0317
fdhD	249.853279346014	0.29	0.223668122921478	1.28396117595782	0.199155540135544	0.2815908961959	Saci_0318
SACI_RS01560	107.159473017845	0.02	0.254085860305994	0.0854021231861261	0.931941705273071	0.954452374482566	Saci_0319
fdhF	3035.17417002703	0.21	0.148181017362153	1.44677577118709	0.147959734768383	0.218992560207496	Saci_0320
SACI_RS01570	902.421151956388	-0.31	0.2021008064652	-1.52130244445413	0.128183957120473	0.193294971323089	Saci_0321
SACI_RS01575	281.07610076089	0.22	0.232643364141838	0.954276073143617	0.339943916180386	0.436852981711663	Saci_0322
SACI_RS01580	280.561594028163	0.16	0.101565349052011	1.54800597733344	0.121620857398937	0.184246141263458	Saci_0323
SACI_RS01585	98.8255351250422	-0.10	0.360658234268524	-0.289123497286983	0.772486872863654	0.829324602264108	Saci_0324
SACI_RS01590	1029.12243114302	1.45	0.222028789212211	6.53239039672731	6.47281638552386e-11	2.90149630017761e-10	Saci_0325
SACI_RS01595	608.107681990427	1.75	0.336173709868832	5.20319139091494	1.9589493681143e-07	6.64163078333392e-07	Saci_0326
SACI_RS01600	1647.60630739664	1.77	0.255248059124969	6.94764963955404	3.71422016046287e-12	1.84635164942182e-11	Saci_0327
SACI_RS01605	4010.87654529196	1.59	0.229929358591822	6.9050654833209	5.01802749589275e-12	2.47400425378898e-11	Saci_0328
SACI_RS01610	17387.8317700938	1.42	0.176958853095128	8.03460618529145	9.38799457187404e-16	5.92545226568022e-15	Saci_0329
SACI_RS01615	1017.15051706572	1.25	0.494084656691985	2.53960576202419	0.0110977485791253	0.0210839672531194	Saci_0330
SACI_RS01620	14881.4394465361	1.35	0.240470074502839	5.61048967462828	2.01754910649361e-08	7.52717078654551e-08	Saci_0331
SACI_RS01625	4411.38520325404	1.46	0.20017766008077	7.29307572921963	3.02957684246166e-13	1.61279098083188e-12	Saci_0332
SACI_RS01630	9772.62337931132	1.53	0.246190030422447	6.20166729751287	5.58680877342598e-10	2.36324634030836e-09	Saci_0333
SACI_RS01635	5048.69134803339	1.51	0.140595550821591	10.7508511747741	5.87172461489528e-27	6.76092508373246e-26	Saci_0334
SACI_RS01640	2822.91012175333	1.44	0.173303937616122	8.31018668952863	9.55516266837394e-17	6.33637302819238e-16	Saci_0335
SACI_RS01645	5542.70781402463	1.62	0.203850580609708	7.92885550350139	2.21174709253388e-15	1.3625874395713e-14	Saci_0336
SACI_RS01650	1401.95296361042	2.54	0.192918682610442	13.1902677220991	9.98300821832353e-40	2.07969720340104e-38	Saci_0337
SACI_RS01655	415.433912036079	2.28	0.261942386019101	8.71701259029437	2.85638390503318e-18	2.08811513057598e-17	Saci_0338
SACI_RS01660	344.790269449355	0.14	0.194661220375177	0.693710126081066	0.487864014393761	0.58667397660164	Saci_0339
SACI_RS01665	451.181351147086	0.07	0.139712039551981	0.500125903888947	0.616986427454976	0.704096473752473	Saci_0340
SACI_RS01670	347.286574285528	0.84	0.162052375651771	5.18794267249792	2.12630033326354e-07	7.18199287823974e-07	Saci_0341
SACI_RS01675	268.723492257753	1.92	0.181745188782422	10.5893509808768	3.33898815042347e-26	3.64657978609884e-25	Saci_0342
SACI_RS01680	1036.8149838818	1.73	0.159003377004363	10.905340923644	1.08685091376654e-27	1.30485888464504e-26	Saci_0343
SACI_RS01685	1378.68178262605	1.65	0.186193397201281	8.84200949311291	9.40122328206803e-19	7.05875181428608e-18	Saci_0344
SACI_RS01690	1864.86489709346	1.51	0.195278378825169	7.74308976165191	9.70294888364289e-15	5.70463748395579e-14	Saci_0345
SACI_RS01695	283.091589882098	1.00	0.209624949645077	4.74773534449073	2.05706963342416e-06	6.34189816840091e-06	Saci_0347
SACI_RS01700	125.689753867354	1.24	0.157107624287105	7.90226636477087	2.73877363997662e-15	1.67297291499589e-14	Saci_0348
SACI_RS01705	604.205234704576	2.36	0.287529373694057	8.19608552160486	2.4834168231924e-16	1.61265481635773e-15	Saci_0349
SACI_RS01710	571.195077146526	1.52	0.257814269306549	5.89438931489818	3.76069575300933e-09	1.49432717682973e-08	Saci_0350
SACI_RS01715	1343.28367019976	1.79	0.152247324270011	11.7580215765199	6.42215269319961e-32	9.60391630966448e-31	Saci_0351
SACI_RS01720	504.89715839923	2.54	0.151578079039964	16.7464128041995	6.01454061804117e-63	3.18770652756182e-61	Saci_0352
SACI_RS01725	254.32204169085	2.20	0.313137885457822	7.032920540411	2.02254561988144e-12	1.01947614182555e-11	Saci_0353
SACI_RS01730	457.653014225331	1.65	0.181711910893301	9.07888515483744	1.09692606095566e-19	8.66956474492149e-19	Saci_0354
SACI_RS01735	1959.7493950874	0.94	0.133940112431429	6.99502638778803	2.65209008184677e-12	1.33121624721111e-11	Saci_0355
SACI_RS01740	1125.54459420697	1.56	0.121302487936771	12.8551865225772	8.04316179665891e-38	1.52566079553467e-36	Saci_0356
SACI_RS01745	2775.056745185	1.85	0.111350305431577	16.6524017752819	2.9069757812392e-62	1.45510287716473e-60	Saci_0357
SACI_RS01750	15.4598602433576	-0.80	0.29545329118538	-2.70458794290183	0.00683891644455769	0.0135054547211978	Saci_0358
SACI_RS01755	556.835777957353	-1.03	0.157453159383857	-6.56428025102113	5.22847864227049e-11	2.35248901707152e-10	Saci_0359
SACI_RS01760	7787.4522809759	1.06	0.179091474786586	5.93670327435588	2.90810295292156e-09	1.16582903696655e-08	Saci_0360
SACI_RS01765	634.298452102917	-1.73	0.169956964511732	-10.1780863103766	2.48398182418861e-24	2.42608956487148e-23	Saci_0361
SACI_RS01770	4275.90512192924	0.55	0.398365266358698	1.37457213238994	0.169264133181407	0.245681810707125	Saci_0362
SACI_RS01775	1010.14843113413	-0.30	0.149788478124993	-2.0029595627508	0.0451816290057187	0.0758075376799862	Saci_0363
SACI_RS01780	255.239996693202	-0.05	0.131276173039815	-0.354734605301681	0.72278842345969	0.791784977508756	Saci_0364
SACI_RS01785	393.7859046346	-1.49	0.166011957592664	-8.98056532701683	2.69379054508972e-19	2.06562151585178e-18	Saci_0365
SACI_RS01790	167.782812074125	-1.52	0.214998369768481	-7.05295294741942	1.75160095414623e-12	8.87702788103584e-12	Saci_0366
SACI_RS01795	1557.09134936854	0.72	0.14777723017622	4.86879609100095	1.12280191495548e-06	3.57787630548147e-06	Saci_0367
SACI_RS01800	397.548428417812	-1.08	0.17532730471525	-6.14528242452174	7.98213594106304e-10	3.3180643519713e-09	Saci_0368
SACI_RS01805	924.549753265675	-1.13	0.146410994986982	-7.68790897893266	1.49559144036013e-14	8.67972874566493e-14	Saci_0369
SACI_RS01810	147.477043630259	0.08	0.0958006009654524	0.861043999353734	0.38921381033603	0.488832058531002	Saci_0370
SACI_RS01815	436.97220269279	0.99	0.105111377427415	9.38684922459846	6.18219235076652e-21	5.11023422756022e-20	Saci_0371
SACI_RS01820	1161.30509801781	-2.84	0.202407183049436	-14.0064374611401	1.42369634446654e-44	3.69136807586865e-43	Saci_0372
leuS	7040.74905958485	0.34	0.162659103763436	2.10859406038906	0.0349796360146916	0.0602901043505253	Saci_0373
SACI_RS01830	266.117264840831	-0.75	0.237321398290853	-3.17943970585982	0.00147560064422642	0.00322698102050486	Saci_0374
SACI_RS01835	485.112211085002	-0.74	0.0936455426061513	-7.92554578262843	2.27146441324581e-15	1.39460949665041e-14	Saci_0375
SACI_RS01840	151.614359930368	-0.77	0.153180397464058	-5.04581778662281	4.51585626285223e-07	1.4849585740255e-06	Saci_0376
priX	174.344583134208	-0.52	0.126360788741196	-4.08682019892233	4.37325774743458e-05	0.000117358309171662	Saci_0377
SACI_RS01850	497.150717519662	-0.45	0.189129583647842	-2.3764319553261	0.0174809852509966	0.0321764406765025	Saci_0378
SACI_RS01855	717.528064471593	-1.05	0.125618880430254	-8.38794339867117	4.94720285969766e-17	3.3514509598403e-16	Saci_0379
sfsA	349.662999038239	0.38	0.123824293443569	3.03410316825743	0.00241251912887561	0.00512358216880832	Saci_0380
SACI_RS01865	1272.85089585314	0.46	0.137066251563615	3.33979746433726	0.000838395095183814	0.00190515505866486	Saci_0381
SACI_RS01870	913.127006597751	2.22	0.250344866550857	8.86699162435474	7.51485618111287e-19	5.65418406612334e-18	Saci_0382
SACI_RS01875	8307.81898122012	2.48	0.272043664265911	9.09938005861524	9.08489044758899e-20	7.22780246647036e-19	Saci_0383
SACI_RS01880	10215.9798425188	0.05	0.545864676863378	0.0945717806487776	0.92465496512807	0.949417804650018	Saci_0384
SACI_RS01885	733.399129469192	-1.10	0.0884467241349782	-12.4002774236796	2.60420410970523e-35	4.57831785920861e-34	Saci_0385
SACI_RS01890	3252.47788245175	0.56	0.204775771376335	2.73626082321469	0.00621417502734493	0.0123257494763628	Saci_0386
SACI_RS01895	1962.29552960793	-0.61	0.17086477099241	-3.57024019305397	0.000356654042013275	0.00085350675127214	Saci_0387
SACI_RS01900	226.784296753579	-0.62	0.133656513004437	-4.67576167286464	2.92864571978637e-06	8.90703727773003e-06	Saci_0388
SACI_RS01905	160.36648739479	-0.65	0.179537624775128	-3.61177980855208	0.000304102728185255	0.00073457522277457	Saci_0389
SACI_RS01910	222.711234406264	-0.39	0.0952888417461549	-4.12284728807222	3.74217803655141e-05	0.000101404583787453	Saci_0390
SACI_RS01915	64.8782536896118	-0.69	0.222777665100411	-3.07949228798003	0.00207353738699245	0.00444558521280238	Saci_0391
SACI_RS01920	271.009912012966	0.11	0.175655279037425	0.618750984163873	0.536080417161247	0.632453465626498	Saci_0392
SACI_RS01925	389.520215257032	-0.59	0.262707574384041	-2.22717190369039	0.0259357871222374	0.0460910141955343	Saci_0393
cobM	185.441916459456	-1.24	0.147168239765646	-8.45534662546849	2.78259496503887e-17	1.92485072053745e-16	Saci_0394
SACI_RS01935	200.444774309073	-1.17	0.186147689834257	-6.26557383704784	3.71454935924756e-10	1.58993300364943e-09	Saci_0395
cbiT	167.351892958265	-1.49	0.210365082137461	-7.06469957644671	1.60963849122247e-12	8.18213980587555e-12	Saci_0396
cbiD	226.509326334926	-0.85	0.219591265100696	-3.86057913952235	0.000113118595179408	0.000288316419396455	Saci_0397
SACI_RS01950	299.587391621332	-0.61	0.164673988150821	-3.67684541466718	0.000236136038417819	0.000577363827990379	Saci_0398
SACI_RS01955	148.42597207116	-0.72	0.185744410348462	-3.8808629310104	0.000104086493690663	0.000266048030681667	Saci_0399
SACI_RS01960	70.5059722492865	-2.25	0.16247469646134	-13.8443764531902	1.37569328900192e-43	3.44305459275202e-42	Saci_0400
cbiG	81.6803642338983	-2.00	0.199732381516991	-10.0121997084277	1.34723138633079e-23	1.27774260956215e-22	Saci_0401
SACI_RS01970	111.011002654289	-2.08	0.188007804959143	-11.0691614316234	1.77049564630558e-28	2.20791221774579e-27	Saci_0402
SACI_RS01975	162.256047429147	-0.77	0.1471751916684	-5.21686154989412	1.81980176987891e-07	6.1873260175883e-07	Saci_0404
SACI_RS01980	97.8313527541059	-0.92	0.324408709387489	-2.84645199473192	0.00442093943747052	0.00899664919968592	Saci_0405
SACI_RS01985	3497.23368458257	-1.13	0.173312061508949	-6.51870416976801	7.09173606760335e-11	3.17498345188105e-10	Saci_0406
SACI_RS01990	78.5766717191149	-0.47	0.177088970038827	-2.68206877917527	0.00731684148566262	0.01437835153453	Saci_0407
SACI_RS01995	249.6375613757	-0.59	0.171153382951306	-3.46825470247035	0.000523850528911671	0.00122913887122244	Saci_0408
SACI_RS02000	918.154639769394	-0.05	0.0871473661748265	-0.543519084487107	0.586772454527744	0.679103380256259	SACI_RS02000
SACI_RS02005	924.198734306114	-0.25	0.116916687390015	-2.17060668058193	0.029960916666729	0.0523662190431093	Saci_0410
SACI_RS11520	60.8422517261456	-1.43	0.159671487841183	-8.94606768840472	3.68371223242679e-19	2.81273281475978e-18	Saci_0411
cobS	29.1544186032997	-1.92	0.236391544015109	-8.10634929723255	5.21633467178137e-16	3.32737524904426e-15	Saci_0412
SACI_RS02015	244.651869333223	-1.27	0.103430589945645	-12.2467362622161	1.74893669515945e-34	2.9046856448639e-33	Saci_0413
SACI_RS02020	206.501449934996	-2.72	0.169896189471425	-15.9936594198422	1.41470908217675e-57	5.99836650842943e-56	Saci_0414
htpX	4995.41410639058	1.55	0.213277972724711	7.27466602452085	3.47278534036782e-13	1.83787347528423e-12	Saci_0415
SACI_RS02030	243.538456068684	-0.34	0.123252199372054	-2.79223659869911	0.00523450658079086	0.0105098393967522	Saci_0416
SACI_RS02035	45.7587731151415	-0.11	0.254057749563873	-0.41766815951953	0.676189755161604	0.753552219419425	Saci_0417
SACI_RS02040	354.23722953915	0.12	0.097548378672448	1.26332354342047	0.206472928541989	0.290108551448472	Saci_0418
SACI_RS02050	497.800549988101	-0.36	0.141911738566057	-2.56261973523616	0.0103885759984505	0.0198307351156862	Saci_0421
SACI_RS02055	319.97757695588	-1.33	0.114476502623604	-11.5892002751195	4.6747684564253e-31	6.63301792006173e-30	Saci_0422
SACI_RS02060	1368.1430808286	-0.38	0.191452630315484	-1.99206567781371	0.0463638521841489	0.0776677892398889	Saci_0423
SACI_RS02065	568.715678105945	0.01	0.0977895991295211	0.124021656031537	0.901298128405009	0.931005576030855	Saci_0424
SACI_RS02070	959.849073949407	-0.88	0.0871142925482187	-10.0556086303758	8.67835088950896e-24	8.34047376154408e-23	Saci_0425
SACI_RS02075	97.2294013582284	-1.05	0.140873265657985	-7.48658176185596	7.06905138063108e-14	3.94990095748751e-13	Saci_0426
SACI_RS02080	24.7230993521901	-1.48	0.232307138244856	-6.38254678316432	1.74166793297829e-10	7.62693952667528e-10	Saci_0427
SACI_RS02085	433.522973390584	0.23	0.196207184377911	1.16277209810059	0.244921980529577	0.334533109740392	Saci_0428
SACI_RS02090	859.330298709802	0.59	0.133210832351204	4.46519761160312	7.99948823779033e-06	2.33442555538432e-05	Saci_0430
SACI_RS02095	287.191507515398	-0.45	0.156654726002068	-2.86075355602892	0.00422635443212544	0.00864950674240776	Saci_0431
SACI_RS02100	3685.94021178008	-2.14	0.213336406999458	-10.0367823123376	1.05044917146387e-23	9.98896784684908e-23	Saci_0432
SACI_RS02105	134.273933969475	0.43	0.217575593243468	1.98359027099207	0.0473015346665781	0.0790332549551912	Saci_0433
SACI_RS02110	91.2314315027858	0.45	0.181649847880287	2.50354919405978	0.0122954586023416	0.0232004360224289	Saci_0434
SACI_RS02115	339.667746293012	-1.43	0.198167580155986	-7.19984076509282	6.02829177622087e-13	3.12603792251799e-12	Saci_0435
SACI_RS02120	175.993445857454	-1.39	0.116893772810575	-11.8573097671816	1.9721006386429e-32	3.03737209473035e-31	Saci_0436
SACI_RS02125	78.7419924972294	-0.29	0.14064482588838	-2.08267335857798	0.0372810074406379	0.0640728425446156	Saci_0437
SACI_RS12010	141.708842629118	-1.51	0.162743310552268	-9.27492337957701	1.77746748546292e-20	1.44279117513702e-19	Saci_0438
SACI_RS02130	294.859894452762	-0.70	0.135621349833339	-5.19146529849668	2.08645478399376e-07	7.0606413535338e-07	Saci_0439
SACI_RS02135	450.616040444862	-0.89	0.140695831583795	-6.35617939867423	2.06833458324905e-10	8.99189124008391e-10	Saci_0440
SACI_RS02140	44.2729642605253	-1.69	0.265971382160357	-6.37241775573985	1.86071208154395e-10	8.10883475439467e-10	Saci_0441
SACI_RS12015	46.6172109007393	-0.69	0.396846520811947	-1.73998249454694	0.0818620918244149	0.129626967897711	Saci_0442
SACI_RS02145	129.963800708826	-0.26	0.169630422492687	-1.56066687177145	0.118602371616313	0.180051789092331	Saci_0443
SACI_RS02150	2425.79097308886	0.85	0.094336184087084	9.06105586999765	1.29193810022808e-19	1.01220541591783e-18	Saci_0444
SACI_RS02155	53.741493388317	-0.67	0.300765841277655	-2.23771993007566	0.0252393247423837	0.0449641751713055	Saci_0445
abfR1	530.364443627482	-0.13	0.25615344938923	-0.507148655409738	0.612050517940501	0.700041277898307	Saci_0446
SACI_RS02165	214.611093880137	0.29	0.114012214674814	2.54645994793641	0.0108821698608419	0.0207180877857761	Saci_0447
SACI_RS02170	131.112315702804	0.29	0.161422204579651	1.76948410263649	0.0768131214422685	0.122222732749641	Saci_0448
cbp1	691.147621203197	1.52	0.20979320957027	7.25322377475023	4.06966875730234e-13	2.14118046734564e-12	Saci_0449
SACI_RS02180	608.866938961896	-0.99	0.157378098280093	-6.26407509412911	3.75044719712005e-10	1.60339403302736e-09	Saci_0450
SACI_RS02185	14405.6588902553	-1.65	0.267074264330649	-6.16407304983582	7.08972104440636e-10	2.95733271343061e-09	Saci_0451
SACI_RS02190	1184.30824922253	0.47	0.209526609369289	2.2248247656461	0.0260930041626517	0.0463247226611807	SACI_RS02190
SACI_RS02195	313.999743479172	-1.25	0.152672859905298	-8.2199354181157	2.03612797054087e-16	1.33179767800894e-15	Saci_0453
SACI_RS02200	46.2882866422929	-1.64	0.181500075784303	-9.01985586089945	1.88336939765618e-19	1.46285847180019e-18	Saci_0454
SACI_RS02205	29.5565114304855	-2.51	0.273435986128865	-9.17245114743011	4.62383372486966e-20	3.70317705431783e-19	Saci_0455
SACI_RS02210	2667.48170670889	-2.43	0.147892914987822	-16.4271817637754	1.22208018716359e-60	5.95186080342914e-59	Saci_0456
SACI_RS02215	1.56962343964135	-1.01	0.817470697317327	-1.23700099481833	0.216086713300085	0.30195340387813	Saci_0457
coaBC	330.291223566085	-2.20	0.0989713016967147	-22.2263522218705	1.91042267242114e-109	4.05009606553281e-107	Saci_0458
SACI_RS02230	54.7647771494623	-0.72	0.176482643147037	-4.10216304739782	4.09305669870173e-05	0.000110167112338469	Saci_0460
SACI_RS02235	91.0883428782227	-0.34	0.155007291358844	-2.19997342303024	0.027808780696486	0.0490327033415535	Saci_0461
SACI_RS02240	165.500286156685	-0.20	0.13962233126053	-1.39986835337935	0.161552744330254	0.235723113589569	Saci_0462
SACI_RS02245	188.695491412486	-0.46	0.10242354331493	-4.51280798070328	6.39749381089477e-06	1.89609931697901e-05	Saci_0463
SACI_RS02250	240.833200551643	-0.75	0.114980145761608	-6.49911030695985	8.07964049671734e-11	3.59494127779868e-10	Saci_0464
SACI_RS02255	133.863350124082	-0.81	0.140018406032037	-5.79999984494463	6.63149808853581e-09	2.55614108139926e-08	Saci_0465
SACI_RS02260	105.247878050316	-0.27	0.12278179201651	-2.23180014152984	0.0256281749811864	0.045611823522072	Saci_0467
SACI_RS02265	88.3992649785916	-0.48	0.300929342022457	-1.60039495267858	0.109510994117671	0.167591347261183	Saci_0468
SACI_RS02270	68.0300819901054	1.48	0.281812974299544	5.26539605239174	1.39887452972786e-07	4.79234202009431e-07	Saci_0470
SACI_RS02275	3219.39266686548	0.16	0.227034189499087	0.698630595093505	0.484782918338776	0.583747957799181	Saci_0472
SACI_RS02280	1357.72004298019	0.27	0.236241120760842	1.1333814706778	0.257054091920522	0.347234987736718	Saci_0473
SACI_RS02285	736.036654927282	0.16	0.186143998396364	0.833130706692519	0.404771017285198	0.505472885064398	Saci_0474
SACI_RS02290	86.589710819313	-0.37	0.180959489274018	-2.02580829198562	0.0427844338768794	0.0722563728642331	Saci_0475
SACI_RS02295	1.15013656402312	0.38	0.727193136518712	0.523929660322777	0.600327464207657	0.690137218821179	SACI_RS02295
SACI_RS02300	0.478378038621664	1.28	1.34592014607979	0.954713615017452	0.339722542783202	0.436803440667378	Saci_0476
SACI_RS02305	1.42384754156527	-0.71	0.758966031878133	-0.941266857406467	0.346568122500403	0.444179058851867	Saci_0477
SACI_RS02310	6.19259075403894	1.07	0.464029464616291	2.29667055164563	0.0216375705850468	0.039108226874879	Saci_0478
SACI_RS02315	505.926627855541	3.47	0.2479367566587	14.0070539765503	1.41139361613103e-44	3.68598738589581e-43	Saci_0479
SACI_RS02320	36.5080957015032	1.32	0.293022586045006	4.49396146078549	6.99102860253553e-06	2.05678914967658e-05	Saci_0480
SACI_RS02325	21.243386636566	1.40	0.368645235631932	3.79480882999629	0.000147757260176141	0.000370833680832043	Saci_0481
SACI_RS02330	38.0435273704042	0.58	0.187140317128412	3.11050795241166	0.00186765866648137	0.00403297892989745	Saci_0482
SACI_RS02335	74.3241731609205	3.17	0.292873124864531	10.810031455016	3.08564246520238e-27	3.59891761960821e-26	Saci_0483
SACI_RS02340	633.322030497707	0.88	0.145798117631848	6.01046237611003	1.84994939956972e-09	7.52507633865608e-09	Saci_0484
SACI_RS11795	20.9707711378005	-0.34	0.250749550890394	-1.33902896453957	0.180561243802334	0.258539023704256	Saci_0485
SACI_RS02345	1.94777813076728	-1.06	0.648359826598906	-1.63811998883356	0.101396665986311	0.156435609680936	Saci_0486
SACI_RS02350	89.2823537343015	0.17	0.177226962136523	0.978273116878055	0.327939262221928	0.424073592051606	Saci_0487
SACI_RS02355	484.792826891878	0.19	0.179388963404467	1.05432882959362	0.291732393966949	0.385270629482186	Saci_0488
SACI_RS02360	43.1899668694352	1.57	0.295746835514648	5.3253607138906	1.00752896682896e-07	3.51173539308661e-07	Saci_0489
SACI_RS02370	507.639826417232	1.59	0.114978346471144	13.8042127424536	2.40384237433627e-43	5.93386843637528e-42	Saci_0491
SACI_RS02375	171.085003903487	0.17	0.149254904617665	1.15686995936992	0.247325493779212	0.336743891039018	Saci_0492
SACI_RS02380	275.076732803589	0.36	0.131204496167697	2.74859738471737	0.00598508526210928	0.0119041099804867	Saci_0493
SACI_RS02385	2002.25754527482	0.70	0.154708173012309	4.50164647534189	6.74290710632914e-06	1.99028969788781e-05	Saci_0494
SACI_RS02390	1024.131761683	0.90	0.112436463611821	7.99869066637285	1.25749186153041e-15	7.89547154870316e-15	Saci_0495
SACI_RS02395	158.823518495232	0.50	0.135847499704165	3.67567289123194	0.000237223321687608	0.000579236349161341	Saci_0496
SACI_RS02400	576.223757351097	0.81	0.0920232806333417	8.7992182493662	1.37772511994225e-18	1.03014965399832e-17	Saci_0497
SACI_RS02405	504.227538849673	0.80	0.344263768673337	2.31317088673887	0.0207132455518322	0.0376073234099765	Saci_0498
SACI_RS12020	36.6977662982532	-0.38	0.213795728625343	-1.79948695435366	0.071941685709478	0.115439819811647	Saci_0499
SACI_RS02410	396.561223636707	0.69	0.172420439300253	3.98613560205701	6.71581398101203e-05	0.000177187361548809	Saci_0500
SACI_RS02415	589.760489871415	0.07	0.1704424655003	0.420062249170121	0.674439979694488	0.75225475938351	Saci_0501
SACI_RS12025	96.5910012734045	-0.36	0.194530478189969	-1.86561338976708	0.0620954749209486	0.101171831652395	Saci_0502
SACI_RS02420	20.7641598913642	-0.56	0.253274328846441	-2.21462063283065	0.0267861146013621	0.0474617291166711	Saci_0503
SACI_RS02425	24.6483685894807	-0.12	0.213984329644131	-0.572569468360908	0.56693623720366	0.661134238494787	Saci_0504
SACI_RS02435	7.06348608959462	-0.46	0.390982306197081	-1.17795297837529	0.238815352633303	0.327632482257489	Saci_0505
SACI_RS02440	67.444381668745	0.25	0.246408424447195	1.00620189979853	0.314318458483782	0.409249900424692	Saci_0506
SACI_RS11495	9.62192925772593	-0.70	0.386068116398592	-1.80600037150858	0.070918281537036	0.114000663095218	Saci_0507
SACI_RS12030	350.116965276311	0.37	0.152847741021167	2.4053645356236	0.0161563406032816	0.0298908888779399	Saci_0509
SACI_RS02455	1198.50847311002	0.82	0.207606450431716	3.92667642258757	8.61277242787176e-05	0.000222831527853911	Saci_0510
SACI_RS12035	450.936541955468	0.05	0.150846528726255	0.301201730083072	0.763260670635457	0.822250633206108	Saci_0511
SACI_RS02465	828.830981108534	0.24	0.19839860565326	1.19552189889715	0.231883185469075	0.320316979850726	Saci_0512
SACI_RS02470	84.2893012867329	0.22	0.213125271040706	1.04652561940661	0.295318422902409	0.389008624320278	Saci_0513
SACI_RS12165	5.88609090669738	1.40	0.447506405608727	3.11768323086234	0.00182278601653072	0.00394316975004604	SACI_RS12165
SACI_RS02475	51.8069432500959	-0.36	0.165803392693028	-2.17278875472053	0.0297962200591505	0.0521289209190187	Saci_0514
SACI_RS11530	4.73656452660716	0.09	0.470779015525101	0.18861723678993	0.850392822300194	0.89197198241266	Saci_0516
SACI_RS02480	28.6123513557533	-0.20	0.275468206310755	-0.718893404119961	0.472206600790519	0.572253213769312	Saci_0517
SACI_RS11535	6.52700869259797	-0.19	0.438676413601996	-0.438315786080968	0.661157384053155	0.741154342807954	SACI_RS11535
SACI_RS02495	168.561333468654	-0.23	0.176768121912117	-1.27386919723142	0.202709776521842	0.286047781748128	Saci_0520
SACI_RS02500	23.957730347425	-1.33	0.364735346849111	-3.63562505837742	0.00027730742350516	0.00067300737664148	Saci_0521
SACI_RS02505	1.31380265009581	-0.62	0.840382370482271	-0.735929843920434	0.461773393946615	0.562240308035	Saci_0522
SACI_RS02510	28.1214398408668	1.15	0.236749963100096	4.87763000957845	1.0736807917e-06	3.42437661352813e-06	Saci_0523
SACI_RS02515	63.7858141805554	1.04	0.196949908773696	5.28983356999354	1.22427710600028e-07	4.22633590998563e-07	Saci_0524
SACI_RS02520	138.197382846532	1.37	0.159667767724091	8.57852540773716	9.60970917645392e-18	6.81759682518502e-17	Saci_0525
SACI_RS02525	321.93045282724	1.25	0.122610300768539	10.2307309428236	1.44425140234835e-24	1.42604987782561e-23	Saci_0526
SACI_RS02530	143.740181123923	1.00	0.208206372105255	4.79492999950806	1.6273164535514e-06	5.09986825965153e-06	Saci_0527
SACI_RS02535	76.7030848176475	-1.90	0.176135146182552	-10.7877004879726	3.93512590010773e-27	4.54557491794495e-26	Saci_0529
SACI_RS02540	180.88268265126	-0.96	0.186387216359485	-5.16781577276638	2.36845593328566e-07	7.95518656436302e-07	Saci_0530
SACI_RS02545	102.775586600997	-0.93	0.139760577327453	-6.62159586858041	3.55341444842397e-11	1.62107666735696e-10	Saci_0531
SACI_RS02550	8.99957037673809	-0.83	0.335247593175903	-2.49026680688777	0.0127647230706245	0.0239979457206732	Saci_0532
SACI_RS02555	10.9441737001997	-0.11	0.326926457377894	-0.329931309666604	0.741451865215771	0.807040833184053	Saci_0533
SACI_RS02560	119.295460904188	0.83	0.201092840637279	4.11777112386825	3.82554342259843e-05	0.000103507946659495	Saci_0535
SACI_RS02565	24.1790903229095	-0.95	0.28397730459991	-3.32976106884328	0.000869205364688737	0.00197143872519711	Saci_0537
SACI_RS02570	452.020037315385	-1.95	0.14061196622315	-13.8575941292963	1.14446284772173e-43	2.88436650572665e-42	Saci_0538
SACI_RS02575	755.434243374805	-1.66	0.0945835700038396	-17.5650616318538	4.56198527030387e-69	3.10214998380663e-67	Saci_0539
SACI_RS02580	22.3239799744065	-0.04	0.304664474561546	-0.134427765053325	0.893064327549105	0.925152008188265	Saci_0540
SACI_RS02585	728.195365916729	0.73	0.125735261768716	5.82322885173623	5.77214288118833e-09	2.24652299609101e-08	Saci_0542
SACI_RS02590	678.917629505425	2.55	0.30730329310987	8.31007281476774	9.56433664632813e-17	6.33637302819238e-16	Saci_0543
SACI_RS02595	41.6148952668189	-0.18	0.169019078396404	-1.0589791436497	0.289609278255707	0.38302819773709	Saci_0544
SACI_RS02600	91.8162370000692	-0.51	0.410536936543074	-1.23467630750029	0.21695099694042	0.302823932212732	Saci_0545
SACI_RS02605	493.20391313819	0.75	0.102727385445428	7.33377259734669	2.23762654260464e-13	1.20006042552784e-12	Saci_0546
nadC	558.858787975577	-0.18	0.111122389389048	-1.64911745522955	0.0991235742832661	0.153586140033057	Saci_0547
SACI_RS02615	266.041255458528	-0.82	0.118875192967242	-6.92882316812907	4.24355836128097e-12	2.10368422751811e-11	Saci_0548
SACI_RS02620	99.459992678109	0.04	0.39860658978906	0.0982055162028592	0.921769102343797	0.946724378696793	Saci_0549
SACI_RS02625	126.393289728384	0.85	0.292839436606496	2.91612749701519	0.00354405642281133	0.00736607805525492	Saci_0550
SACI_RS12170	307.121141082244	0.18	0.196290280045751	0.913491582212852	0.360984058805275	0.458255212375559	SACI_RS12170
SACI_RS02635	346.339289936079	1.00	0.131383590862641	7.62138938697929	2.50959640714519e-14	1.4334476693906e-13	Saci_0553
SACI_RS02640	366.347133431261	0.99	0.088516681686055	11.1838573317928	4.89165831534067e-29	6.22951822208049e-28	Saci_0554
SACI_RS02645	31.0133686511693	-1.55	0.234800560703485	-6.59628399123157	4.21591005925407e-11	1.91361962891079e-10	Saci_0555
SACI_RS02650	95.8938136245198	-1.49	0.160971339788932	-9.23697917737454	2.53554390128883e-20	2.05350566747077e-19	Saci_0556
SACI_RS02655	128.295517175985	-2.68	0.229531823239322	-11.685287833135	1.5156524335235e-31	2.20258523000754e-30	Saci_0557
SACI_RS02660	428.072039635692	-2.56	0.237009022234848	-10.8021060124113	3.36397778211671e-27	3.91089546024149e-26	Saci_0558
SACI_RS02665	165.204888577666	-0.67	0.174656402303836	-3.85273373678238	0.000116806386747057	0.000297295351579373	Saci_0559
SACI_RS02670	435.949649877998	-0.67	0.179703580178948	-3.74344181960441	0.00018151664681144	0.000448687239443368	Saci_0560
SACI_RS02675	14.3363367151396	0.00	0.325167373809614	0.000271774082629633	0.999783155658113	1	Saci_0561
SACI_RS02680	20.9356376841521	0.33	0.316223113536563	1.04885147384519	0.294246482468209	0.388022072014426	Saci_0563
SACI_RS02685	53.6144488266416	-1.43	0.218116140845565	-6.57413365321153	4.8937259587682e-11	2.20738277289119e-10	Saci_0564
SACI_RS02690	66.1050256436896	-0.10	0.180679031022054	-0.572435202266717	0.567027172915479	0.661134238494787	Saci_0565
cedA2	55.5248439106191	0.67	0.720491529522849	0.934744630796689	0.349919920333978	0.447520011669147	Saci_0567
cedA	1256.56055819812	0.61	0.215485220210584	2.83857293588367	0.00453157616871848	0.0091958336216562	Saci_0568
cedA1	649.167830338484	0.84	0.213350276299756	3.95943332198859	7.51278156890963e-05	0.000196488133340713	Saci_0569
SACI_RS02705	248.169055030628	-2.06	0.168887388947697	-12.1685525734452	4.57116445580816e-34	7.45451434331793e-33	Saci_0570
SACI_RS02710	191.298377842084	-2.14	0.195680090069678	-10.9354938740224	7.79802156025186e-28	9.46264973169956e-27	Saci_0571
SACI_RS02715	173.065034101708	-0.76	0.283451365369952	-2.67185349751597	0.00754335736937313	0.0147992705276107	SACI_RS02715
SACI_RS02720	862.075173872126	-0.62	0.170914876657395	-3.60996935343544	0.000306233184544536	0.000738731189490299	Saci_0573
secY	3075.58465987483	-0.55	0.141925196401403	-3.88852385401656	0.000100855759289128	0.000258426475056558	Saci_0574
SACI_RS02730	186.693773436977	-1.39	0.155997183622645	-8.88033034374379	6.66620938037958e-19	5.03669153184235e-18	Saci_0575
SACI_RS02735	330.801220424912	-1.59	0.2497803634252	-6.36230625743188	1.98746653661441e-10	8.65076014246175e-10	Saci_0576
SACI_RS02740	664.22043244038	-1.47	0.253795185717006	-5.80673763253901	6.37018387660825e-09	2.46067981685918e-08	Saci_0577
SACI_RS02745	504.512697183988	-1.42	0.251957268328521	-5.63156522064045	1.78581417187532e-08	6.68335854147315e-08	Saci_0578
SACI_RS02750	121.317516687657	-1.43	0.267333593905247	-5.33695542659755	9.45202640980304e-08	3.31372599036286e-07	Saci_0579
SACI_RS02755	292.837796715134	-1.65	0.298240228348822	-5.53915617088314	3.03932524129165e-08	1.11658798874772e-07	Saci_0580
SACI_RS02760	555.382379315844	-1.74	0.284549034684666	-6.10198780855936	1.04757367394912e-09	4.32965082673465e-09	Saci_0581
SACI_RS02765	241.065903786065	-1.66	0.283437079914827	-5.84670303184341	5.01411480366628e-09	1.96636232343996e-08	Saci_0582
SACI_RS11545	71.7715250126716	-1.97	0.314887197551976	-6.26675326001162	3.68653592213942e-10	1.57981872335202e-09	Saci_0583
SACI_RS02770	326.445437165008	-1.39	0.307397684858899	-4.51359813212725	6.37369375048279e-06	1.89060018738601e-05	Saci_0584
SACI_RS02775	521.812245459805	-1.47	0.299993752982743	-4.88625921961131	1.02769872798021e-06	3.28936608849084e-06	Saci_0585
rplX	94.3278390109976	-1.50	0.307125131438327	-4.8968199761753	9.73999917631608e-07	3.12581986032441e-06	Saci_0586
SACI_RS02785	231.822943293087	-1.76	0.176232345427022	-9.98211804589676	1.82528189544002e-23	1.72207223852509e-22	Saci_0587
SACI_RS02790	128.673382580485	-1.54	0.305843692891125	-5.04556777802616	4.52176561709401e-07	1.48554633400244e-06	Saci_0588
SACI_RS02795	74.5184836006231	-1.26	0.291511408444569	-4.31700981770268	1.58157126397829e-05	4.47057477284531e-05	Saci_0589
rpmC	91.6681345745053	-1.51	0.305662254222408	-4.94322484746973	7.68407735553898e-07	2.48817742941262e-06	Saci_0590
SACI_RS02805	698.608031609517	-1.21	0.338179147972061	-3.56918008532574	0.000358100213586909	0.000856398918226423	Saci_0591
SACI_RS02810	715.12720862295	-1.29	0.327367287037889	-3.94543020939155	7.96568311943068e-05	0.000207280302977821	Saci_0592
SACI_RS02815	680.208680968204	-1.43	0.213998608589973	-6.6782313405404	2.41843071628166e-11	1.11458111272111e-10	Saci_0593
SACI_RS02820	500.762171066007	-1.57	0.265781916035674	-5.9058261190562	3.50883917199375e-09	1.40042706266506e-08	Saci_0594
SACI_RS02825	140.063210468591	-1.50	0.223692902982269	-6.70981742411356	1.94868077573133e-11	9.03866861742049e-11	Saci_0595
rpl4p	786.232622737552	-1.85	0.305597103438651	-6.06994709441541	1.27952394719002e-09	5.25815770316174e-09	Saci_0596
rpl3p	2479.10705764268	-2.36	0.191008004144712	-12.376300686831	3.51158972968777e-35	6.08450451240131e-34	Saci_0597
SACI_RS02840	135.536053647791	0.58	0.32425679617636	1.78346368703995	0.0745108540481398	0.119032410456337	Saci_0598
ileS	3701.62761036468	0.46	0.279866141363215	1.63092239379751	0.102906695869371	0.158561663921852	Saci_0599
SACI_RS02850	729.770766210237	-0.67	0.13678601361746	-4.92014436334637	8.64804022167452e-07	2.79279005008199e-06	Saci_0600
SACI_RS02855	111.968453783089	0.38	0.131028519938644	2.883568000986	0.00393197743373125	0.00809762666923852	Saci_0601
SACI_RS02860	630.300590771261	-1.09	0.238555086339717	-4.57665873288414	4.72461248831921e-06	1.4237042983196e-05	Saci_0602
SACI_RS02865	4827.43492987106	-0.69	0.274142162890221	-2.50009071669675	0.0124161507931121	0.0234159118044877	Saci_0603
SACI_RS02870	369.836703857573	-0.25	0.129785484807499	-1.89519899363006	0.0580660434444495	0.095296002082785	Saci_0604
SACI_RS02875	867.481851873955	-1.84	0.128105164535542	-14.3723365366523	7.71826884752102e-47	2.26151552247689e-45	Saci_0605
SACI_RS02880	39.7707562552202	-1.45	0.206604657432714	-7.04110491348273	1.90721329637285e-12	9.62688616264392e-12	Saci_0606
SACI_RS02885	75.6685908754702	-0.69	0.177890135653657	-3.87934696683516	0.000104737269367047	0.000267521700070047	Saci_0607
SACI_RS02890	261.290551551653	-1.75	0.227133377837691	-7.6861932515727	1.51577496697202e-14	8.78272183435235e-14	Saci_0608
rrp42	734.803722391632	-1.00	0.182633420736062	-5.48215495673209	4.20175945721943e-08	1.52498903160311e-07	Saci_0609
rrp41	965.757766516866	-0.73	0.160277743253012	-4.55472186549987	5.24549358681993e-06	1.57016269824743e-05	Saci_0610
rrp4	570.955784386127	-1.15	0.208765940545527	-5.49504970417284	3.90600385555964e-08	1.42194322176131e-07	Saci_0611
SACI_RS02910	541.036535567573	-0.74	0.287518726743705	-2.58564919451814	0.00971957981133902	0.0186524843663822	Saci_0612
psmA	1389.62568814856	-1.22	0.19912817914045	-6.11951604314927	9.38599807339611e-10	3.89265098463977e-09	Saci_0613
SACI_RS02920	75.0289487288847	-1.30	0.250102986746877	-5.17992467496896	2.21975515618589e-07	7.47663325504109e-07	Saci_0614
SACI_RS02925	371.222079960248	-1.27	0.358532258353877	-3.53729536389634	0.000404247311946383	0.000962290166614773	Saci_0615
SACI_RS02930	400.621010379006	-1.00	0.357884110176375	-2.79766314313922	0.00514737647747573	0.0103524191030754	Saci_0616
SACI_RS02935	2425.0695840282	-1.16	0.202301037805454	-5.75171452611082	8.83428856507008e-09	3.35498166369995e-08	Saci_0617
SACI_RS02940	463.863921012236	-0.43	0.167052272172951	-2.55853587153785	0.0105113974846246	0.0200439558384059	Saci_0618
SACI_RS02945	670.869229508154	-0.13	0.0944043280536784	-1.42126524046314	0.155239664592526	0.228174449914952	Saci_0619
SACI_RS02950	1392.19290335785	-2.51	0.19589522639083	-12.8316854195185	1.08967594790132e-37	2.04541256053978e-36	Saci_0620
SACI_RS02955	210.249818832158	-1.48	0.123965300700228	-11.9042592260973	1.12457509684603e-32	1.7545318826983e-31	Saci_0621
SACI_RS02960	71.0755825780878	0.58	0.135484664908501	4.26923200839728	1.96147161409073e-05	5.49700131973793e-05	Saci_0622
SACI_RS02965	123.565437867179	0.50	0.15131591771483	3.30259617786508	0.000957942309037294	0.00215507121209139	Saci_0623
SACI_RS02970	641.251424794823	0.09	0.111029893760257	0.845475398017349	0.39784546305472	0.49820536791147	Saci_0624
SACI_RS02975	93.5883220756526	-1.94	0.157426384035507	-12.3397289580082	5.53418675195473e-35	9.40811747832304e-34	Saci_0625
SACI_RS02980	215.917821069925	-1.77	0.430984351210321	-4.09983715538258	4.13440950929533e-05	0.000111197103518659	Saci_0626
SACI_RS02985	0						Saci_0628
SACI_RS11555	5.78439365907278	1.03	0.365975409283168	2.80953095611508	0.00496137475764104	0.0100172518916181	SACI_RS11555
SACI_RS02995	231.22373810417	-0.32	0.16786754199052	-1.93040483901485	0.0535566958298506	0.0886625318193761	Saci_0630
SACI_RS03000	16.7820308699479	0.21	0.3307166436592	0.623972877478077	0.532645397445525	0.62939475816186	Saci_0631
SACI_RS03005	16.262355889072	-0.78	0.277564031431316	-2.81275153688132	0.00491195891564274	0.00992303807846213	Saci_0632
SACI_RS03010	43.4853446894336	-1.72	0.206451582462763	-8.33608903679199	7.67881068981107e-17	5.14394678923403e-16	Saci_0633
SACI_RS03015	70.1274591678932	0.41	0.264397190412563	1.5600613457244	0.118745384993527	0.180192996849125	Saci_0634
SACI_RS03020	22.1301394402187	-1.18	0.234351432055219	-5.04905740042574	4.43995327892022e-07	1.46133256778342e-06	Saci_0635
SACI_RS03025	70.861137635621	0.27	0.2002008953583	1.35449289455893	0.175579178764749	0.252811570222995	Saci_0636
SACI_RS03030	696.649031512117	0.66	0.118941468319023	5.50904379216029	3.60788150372396e-08	1.31874289446462e-07	Saci_0637
SACI_RS03035	7.21481476649693	1.58	0.349960369023026	4.52384166545179	6.0727161173068e-06	1.80280633334215e-05	Saci_0638
SACI_RS03040	3058.98411060925	1.37	0.252796272176652	5.41175870625324	6.24087478431817e-08	2.23802116643609e-07	Saci_0639
SACI_RS03045	742.086773735267	0.62	0.148099954435528	4.1658586244436	3.10182890587419e-05	8.50760378749665e-05	Saci_0640
SACI_RS03050	278.35253725601	-3.42	0.152230031355146	-22.4582565272373	1.06277095045529e-111	2.39389156590055e-109	Saci_0641
SACI_RS03055	210.818203316424	-2.40	0.169994987219336	-14.1100479659518	3.29353896713247e-45	8.9923594223829e-44	Saci_0642
speE	923.527652037772	-2.50	0.180394358784412	-13.8825103381515	8.08615368467083e-44	2.05228858306716e-42	Saci_0643
SACI_RS03065	13.0693312477305	-1.97	0.558444610485955	-3.53219473695964	0.000412125741285929	0.00097845926982509	Saci_0644
SACI_RS03070	6.0669181775158	-0.52	0.445102363453033	-1.16193602089319	0.245261454115105	0.334565586915533	Saci_0645
ahcY	448.050640459932	-1.86	0.191859230567365	-9.72047790691647	2.46621246861262e-22	2.20551606374191e-21	Saci_0646
SACI_RS03080	154.273169716958	-0.51	0.117953061526032	-4.3143868421767	1.60046484994574e-05	4.52043520313828e-05	Saci_0647
SACI_RS03085	17.6715819202812	0.05	0.269176518624608	0.190423637620887	0.848977176401241	0.891784827674168	Saci_0648
SACI_RS03090	11.6103068194723	0.18	0.311294327137395	0.566252205635864	0.571222345543028	0.664520766086854	Saci_0649
SACI_RS03095	139.903263083901	0.05	0.14496161830349	0.37798580991647	0.70544113540037	0.776695491370027	Saci_0650
SACI_RS03100	795.087809990824	0.95	0.118133762222032	8.08118427210826	6.41408030892237e-16	4.08415997055764e-15	Saci_0651
SACI_RS03105	1904.78057774389	0.87	0.193828612188118	4.48084069145638	7.43495939663681e-06	2.1802761322603e-05	Saci_0652
SACI_RS03110	107.035884646704	0.38	0.203254249886665	1.88312153057953	0.0596839000181029	0.0977730798478376	Saci_0653
hflX	665.883033621776	0.62	0.19883342503559	3.10706038553228	0.00188957796462556	0.00407786765539552	Saci_0654
SACI_RS03120	914.540240911492	0.77	0.0824450676318	9.39623265837375	5.6551712246403e-21	4.69613757917134e-20	Saci_0655
SACI_RS03125	2560.10250666448	0.22	0.198901737483611	1.11515676355434	0.264783250337284	0.355146570232814	Saci_0656
SACI_RS03130	234.30007018511	0.71	0.162271504264195	4.34873686112357	1.36923882321683e-05	3.89789630242769e-05	Saci_0657
SACI_RS03135	601.613295052401	-0.66	0.100768202399817	-6.55600027190131	5.52701301162895e-11	2.48371008652254e-10	Saci_0658
tgtA	1230.0404680456	-0.06	0.21045570783249	-0.261927074259411	0.79337766586058	0.846882454010805	Saci_0659
SACI_RS03145	877.746696977649	-0.09	0.113544700651282	-0.752858947740901	0.451534679442835	0.552011867270006	Saci_0660
SACI_RS03150	189.977391346601	-0.94	0.161511755245168	-5.7908511289738	7.00306292602197e-09	2.69360072416042e-08	Saci_0661
psmB	1422.26382091401	-0.91	0.0966680942926853	-9.44533176159461	3.54280208123221e-21	2.99724382646969e-20	Saci_0662
hisS	606.895069570087	-0.17	0.192857577108489	-0.865512514037796	0.386757550431204	0.48669315597622	Saci_0663
SACI_RS03165	85.8387616498279	0.93	0.175386616361787	5.31384580880307	1.07335451077946e-07	3.71958620850882e-07	Saci_0664
SACI_RS03170	765.704343696753	0.60	0.270914087872699	2.23034153223872	0.0257247779216932	0.0457611548024592	Saci_0665
SACI_RS03175	5652.49101330461	0.90	0.275093785051565	3.26322771851706	0.00110150972902029	0.00244598956462669	Saci_0666
SACI_RS03180	1003.25004128329	0.42	0.168123489102238	2.51165680779385	0.0120165886390085	0.0227337456456623	Saci_0667
SACI_RS03190	377.753981197347	-0.42	0.128760310830252	-3.23731337620702	0.00120660831048444	0.00266786279201591	Saci_0669
SACI_RS03195	719.512017839546	-0.73	0.107508232422932	-6.8149349455947	9.43064312638466e-12	4.54993812951678e-11	Saci_0670
fbp	3384.12181237424	-1.10	0.142108175037203	-7.7507543494749	9.13482496565537e-15	5.37939692421927e-14	Saci_0671
SACI_RS03205	600.059323902338	-1.48	0.1809384062617	-8.20350047214711	2.33486742047123e-16	1.52443155495984e-15	Saci_0672
SACI_RS03210	1.59982036061396	1.15	0.761219252138666	1.50577776156985	0.132124233979141	0.198737787671463	Saci_0674
SACI_RS03215	723.597412608027	3.32	0.137248838440762	24.2251365366106	1.20922293119346e-129	4.35803944402121e-127	Saci_0675
SACI_RS12185	2.01341935004629	0.02	0.609654868241235	0.0275146725164028	0.978049237302393	0.986523294649009	SACI_RS12185
SACI_RS12190	1.98215151101909	0.49	0.636128370422819	0.764270847853332	0.444705854113805	0.546415050347304	SACI_RS12190
SACI_RS12195	14.7558463016707	0.20	0.273497506664604	0.717330192606658	0.473170381671652	0.572627357291752	Saci_0678
SACI_RS03230	242.993748843859	-0.41	0.160697912088628	-2.57014496371529	0.0101655966635793	0.0194566172998087	Saci_0679
SACI_RS03235	158.514203558325	1.26	0.171835540891602	7.34329796859989	2.08393870585834e-13	1.12097240237514e-12	Saci_0680
SACI_RS03240	2.9134917509916	1.20	0.645513835730596	1.86055261926452	0.0628073811253942	0.102193138408994	Saci_0681
SACI_RS11570	5.35356872285786	-3.09	0.569146244727951	-5.42642882894879	5.74927346136818e-08	2.0699681872898e-07	SACI_RS11570
SACI_RS03245	13.8289270386195	-1.40	0.2886407274689	-4.86065880112593	1.16995749559325e-06	3.71500159834192e-06	Saci_0683
rpsJ	789.406078215142	-0.90	0.151617236788376	-5.95009844984797	2.67981248844444e-09	1.07670503995025e-08	Saci_0684
tuf	10164.728743789	-0.95	0.184016035349747	-5.18443118791447	2.16675124050484e-07	7.31177104005567e-07	Saci_0685
SACI_RS03260	1249.29938248496	-1.03	0.15137288076566	-6.83247500102386	8.34619541079185e-12	4.04296885221691e-11	Saci_0686
SACI_RS03265	1079.89169443376	0.49	0.16304001652039	2.98100339497901	0.00287305607681928	0.00605172069015586	Saci_0687
SACI_RS03270	966.223345482912	-0.82	0.235811615538118	-3.48974084983893	0.000483489158525764	0.00113888557341624	Saci_0688
SACI_RS03275	768.906622261652	-0.58	0.233629132904471	-2.48626674888801	0.0129091163190628	0.024244114233404	Saci_0689
SACI_RS03280	373.626023620154	-0.74	0.225334663856517	-3.26914579474689	0.00107872702835478	0.00240239054314626	Saci_0690
rpoA2	1003.38245915552	0.07	0.32788405320615	0.217432086900603	0.827871627553072	0.874304034222703	Saci_0691
rpoA1	3586.25927365368	-0.02	0.257650411012409	-0.0914677486659067	0.927120931621146	0.950567896424298	Saci_0692
SACI_RS03295	6546.74726807384	0.22	0.307901180464036	0.728446201456093	0.466340489919799	0.566652436166877	Saci_0693
SACI_RS03300	581.908164939992	0.21	0.193052043854512	1.06908430797183	0.285031681818095	0.37794487905534	Saci_0694
infB	1095.8313832472	-0.26	0.224355784383803	-1.13937775387308	0.254545630508141	0.344362782414166	Saci_0695
ndk	718.396411814107	-2.21	0.0972531134342622	-22.7555192387263	1.26535366009482e-114	3.04022306065449e-112	Saci_0696
SACI_RS03315	213.012836966382	-1.98	0.234556283368717	-8.44648037897986	3.00216426327883e-17	2.06879541201853e-16	Saci_0697
SACI_RS03320	1255.19865500242	-1.44	0.115590632961462	-12.4663145875236	1.13976575745002e-35	2.03352266824251e-34	Saci_0698
upp	363.758404325954	-1.19	0.24743216234131	-4.80770030005631	1.52676418582286e-06	4.80144688106945e-06	Saci_0699
gatB	1194.40067463254	-0.14	0.15289760188083	-0.890836043353963	0.37301713560522	0.471703072533759	Saci_0700
SACI_RS03335	609.443331395497	-0.23	0.137341207399754	-1.70572548279263	0.0880592028097832	0.138285562930919	Saci_0701
SACI_RS03340	161.535165077658	-0.24	0.141918273844875	-1.69180615519537	0.0906829396222986	0.141849528818908	Saci_0702
SACI_RS03345	25496.2912589159	0.51	0.25474367523057	1.98655035175272	0.0469722477421905	0.0785923773736558	Saci_0703
SACI_RS03350	134.460747384974	-0.40	0.174634058297888	-2.30728812639838	0.021038763008721	0.0381406951123896	Saci_0704
SACI_RS03355	6.71859165631257	-1.15	0.55495712865769	-2.06945018294149	0.0385038615304199	0.0656882788176373	Saci_0705
purB	670.608647916958	-0.70	0.13146570563826	-5.2873126083199	1.2412641209435e-07	4.27269903713502e-07	Saci_0706
SACI_RS03365	412.552357733783	-0.43	0.0883165005599611	-4.85605627131307	1.19746685510878e-06	3.79900576215849e-06	Saci_0707
SACI_RS03370	331.802998869057	-0.69	0.131666444248719	-5.24798729059355	1.53769903012771e-07	5.2430154253361e-07	Saci_0708
SACI_RS03375	296.170566511285	-1.42	0.192866536936912	-7.36592874355775	1.75917774861332e-13	9.562709812975e-13	Saci_0709
SACI_RS03380	350.30379327374	-1.24	0.211643034047697	-5.85283845958393	4.8325345914614e-09	1.90135967987193e-08	Saci_0710
SACI_RS03385	755.793467740526	-0.10	0.197621170324087	-0.515125990996079	0.606464981510608	0.695639654157935	Saci_0711
SACI_RS03390	419.036629992094	-2.78	0.156384880467847	-17.7948341194073	7.74965198161337e-71	5.37110495033357e-69	Saci_0712
ilvA	528.170603719735	0.19	0.11078248743745	1.71325849239221	0.0866649949549657	0.136333758977606	Saci_0713
SACI_RS03400	305.30386230226	0.14	0.146595458700067	0.956815787545582	0.338660242222644	0.435735460611196	Saci_0714
radA	4906.00603094452	0.70	0.211837240146531	3.31587980715567	0.000913551100731341	0.00206293118235323	Saci_0715
SACI_RS03410	40.1154458727882	-0.48	0.233200142567702	-2.07284850359283	0.0381863808105221	0.0653325206593943	Saci_0716
SACI_RS03415	249.747194281967	-0.35	0.0885556851274762	-3.97202969001762	7.12628352590222e-05	0.000187605009695775	Saci_0717
cyaB	177.824047789996	-0.38	0.12363252686926	-3.094944676897	0.00196849610520878	0.00423549848547609	Saci_0718
SACI_RS03425	332.198441920715	-0.87	0.137817205927557	-6.33760318704538	2.33366916354774e-10	1.01088265209448e-09	Saci_0719
SACI_RS03430	284.763710387382	-1.05	0.1428829887956	-7.32283636970498	2.42783775491375e-13	1.30013778138323e-12	Saci_0720
SACI_RS03435	158.008925245874	0.79	0.196637380853488	4.01940604931514	5.83450417406591e-05	0.000154728131297524	Saci_0721
SACI_RS03440	569.346294012433	0.00	0.25150411275605	0.01896694942059	0.984867471206247	0.989117918983937	Saci_0722
SACI_RS03445	11.6593562933923	-0.01	0.351563137555196	-0.033563356013306	0.973225343459315	0.984424400176079	Saci_0723
SACI_RS03450	187.522192108654	-1.66	0.192384239382584	-8.62353319557413	6.49193455457802e-18	4.6700463342713e-17	Saci_0724
SACI_RS11915	6.6846849021623	-0.20	0.363170475491504	-0.552984252729452	0.580274193219091	0.673312360708823	SACI_RS11915
SACI_RS03455	69.3924262566319	-1.19	0.219913687510592	-5.41576360752509	6.10276867371457e-08	2.1935703815557e-07	Saci_0725
SACI_RS03460	1.84565195030989	0.74	0.628283750483667	1.17590872004347	0.239631353919578	0.328626864355464	SACI_RS03460
SACI_RS03465	92.9724342630366	0.41	0.12491163540622	3.28252251744305	0.00102882768458669	0.0022987569592377	Saci_0726
SACI_RS03470	527.793160415609	-0.71	0.262465025872706	-2.72202592522162	0.00648830521852956	0.0128341668537764	Saci_0727
SACI_RS03475	241.253485336887	-0.83	0.148774689785552	-5.59577267214691	2.1964134498298e-08	8.17755586072997e-08	Saci_0728
SACI_RS03480	1557.09207654849	2.08	0.19399047845482	10.7251741596643	7.75408613775889e-27	8.84358431660855e-26	Saci_0729
rnpB	30647.6673538383	0.94	0.127905316018065	7.36251399299114	1.80478501198948e-13	9.79585117953327e-13	SACI_RS11505
SACI_RS03485	199.205677088056	0.09	0.157468413951706	0.579053211625335	0.562553269141264	0.657193511178319	Saci_0730
SACI_RS03490	703.616342127767	-1.59	0.110536999697652	-14.4001688621862	5.16172506911739e-47	1.53742621066934e-45	Saci_0731
SACI_RS03495	522.120952028588	-0.22	0.145755652974156	-1.54267996289656	0.122908445833665	0.18572831814865	Saci_0732
SACI_RS03500	40.6228208668669	0.34	0.201122650638507	1.68907560790096	0.0912049416016109	0.142542328504859	Saci_0733
SACI_RS03505	110.514833844195	0.04	0.19126027310726	0.188711023942757	0.850319310976874	0.89197198241266	Saci_0734
SACI_RS03510	29.2909321220839	0.39	0.258319531202308	1.522511478644	0.127880971466614	0.19299959010288	SACI_RS03510
SACI_RS11815	1.3648035093751	-1.15	0.840529455298801	-1.3645135832355	0.172405982099482	0.249238331121754	SACI_RS11815
SACI_RS03515	62.2321709307955	0.67	0.163698838772112	4.10706137466061	4.00724777333751e-05	0.000108180681461486	Saci_0735
SACI_RS03520	58.9997958720103	0.40	0.167981580761213	2.3808939757883	0.0172706819623408	0.0318055890609486	Saci_0736
SACI_RS03525	125.270499690097	0.07	0.116067701252842	0.613735311854357	0.539390249915278	0.635883342619315	Saci_0737
SACI_RS03530	42.6156866399365	0.45	0.233599513451172	1.92330174973533	0.0544421649814879	0.0900456918739249	Saci_0738
SACI_RS03535	47.0970202318313	0.36	0.153120345603682	2.32522584816017	0.0200598868991623	0.0366797728993308	Saci_0739
SACI_RS03540	6.63702691192418	-1.08	0.404803533657182	-2.66420007429044	0.00771716487927474	0.0151073667707258	Saci_0741
SACI_RS03545	86.5139991227108	-0.37	0.176428684046506	-2.08173936050594	0.0373662833063936	0.0641887917236618	Saci_0742
SACI_RS03550	338.86469710684	-0.98	0.240547757648968	-4.08357959273649	4.43472301679478e-05	0.000118830793699096	Saci_0743
SACI_RS03555	280.795013735416	-0.52	0.218395780794136	-2.36521118737377	0.0180197920418763	0.0331343523055726	Saci_0744
SACI_RS03560	324.117521364005	-0.10	0.192115186032473	-0.537425461889696	0.590973759402643	0.683088335114536	Saci_0745
SACI_RS03565	187.448975988134	-0.20	0.116151211166533	-1.68080163395724	0.092801451181532	0.144786333358546	Saci_0746
hxlB	764.650718953667	-1.28	0.117100880857571	-10.9367838268075	7.68789407922546e-28	9.36053049375965e-27	Saci_0747
SACI_RS03575	1410.18157071922	0.98	0.184798137932093	5.28875797412277	1.23149711011607e-07	4.24313153428137e-07	Saci_0748
SACI_RS03580	254.819892731279	0.01	0.161061328261417	0.088170310451984	0.929741314219752	0.952740317443272	Saci_0749
argC	371.721921421454	-2.77	0.192204392941514	-14.4278131931886	3.45874515380828e-47	1.03877646119375e-45	Saci_0750
SACI_RS03590	197.557691095458	-1.91	0.247032022322749	-7.72551725827849	1.1140004644072e-14	6.51762609370704e-14	Saci_0751
SACI_RS03595	349.025048313686	-1.77	0.113104423697861	-15.6232641375654	5.05501459142365e-55	1.98024702037944e-53	Saci_0752
SACI_RS03600	59.1604809116948	-1.17	0.325956598374017	-3.59381620041032	0.000325869753145114	0.000782434770376411	Saci_0753
lysX	1084.91066299118	-1.27	0.241220359065931	-5.25067319887076	1.51544335093941e-07	5.17692685951243e-07	Saci_0754
SACI_RS03610	786.186418175771	-0.26	0.375155279006598	-0.691210970636099	0.489432970596395	0.587840197924816	Saci_0755
SACI_RS03615	227.230974996815	-0.72	0.294917752176244	-2.4355028703031	0.0148711066162517	0.0276693176277599	Saci_0756
uppS	359.605762490374	0.21	0.117578764580451	1.78256145194517	0.0746577195086556	0.119214187465306	Saci_0757
SACI_RS03625	561.960829821823	-2.48	0.165620584292284	-14.9480298551352	1.60425441920021e-50	5.55935858345919e-49	Saci_0758
SACI_RS03630	99.2498995200308	-2.89	0.287145469102839	-10.0491801584738	9.26348640850254e-24	8.8555981475446e-23	Saci_0759
SACI_RS03635	17.5470478794025	-2.52	0.347832371453642	-7.24053632116537	4.4691387886966e-13	2.34450890749091e-12	Saci_0760
SACI_RS03640	25.5708893150579	-0.00	0.23426809578059	-0.0126048671699676	0.989943037407673	0.992973756420053	SACI_RS03640
SACI_RS03645	390.71845043117	0.14	0.114804296090136	1.21245404822845	0.225338622396574	0.312594455395402	Saci_0761
SACI_RS03650	17.9875009500714	-2.18	0.475976770029836	-4.57619121662023	4.73517768714787e-06	1.42569593855313e-05	Saci_0762
SACI_RS03655	1271.34920950392	-1.13	0.118913479342763	-9.5230340622037	1.68195204993269e-21	1.43303905152658e-20	Saci_0763
SACI_RS03660	4.37845927833599	0.10	0.556108572710058	0.185010026101932	0.853221171638344	0.894418005405641	Saci_0764
SACI_RS03665	121.992853063038	-2.08	0.264181369857579	-7.86501755084289	3.69045703993478e-15	2.22787389814488e-14	Saci_0765
SACI_RS03670	448.516761828787	0.40	0.226001291759948	1.75283256151279	0.0796307521703951	0.126371303752578	Saci_0766
SACI_RS03675	633.037472715088	-1.02	0.148148522046894	-6.90008131986081	5.1972779190658e-12	2.55887836343076e-11	Saci_0767
aspS	1595.12116198758	-0.95	0.171637538757185	-5.51741771643863	3.4401706769352e-08	1.26127925937685e-07	Saci_0768
SACI_RS03685	131.968915748145	-1.77	0.235026981606997	-7.51698824254398	5.60524558480387e-14	3.1368486160921e-13	Saci_0769
pth2	40.1963924739865	-2.41	0.238096356459885	-10.1154526000799	4.71831142375162e-24	4.57118128258087e-23	Saci_0770
SACI_RS11585	122.351593481427	-2.44	0.174026783797768	-14.0291962240724	1.03315883381905e-44	2.71788645042618e-43	Saci_0771
SACI_RS03695	187.072206095493	-2.44	0.149493815708208	-16.3373351744336	5.35424013034583e-60	2.50606252334628e-58	Saci_0772
SACI_RS03700	5544.27079935755	0.13	0.219053335743177	0.57165358904816	0.567556682490328	0.661537607922103	Saci_0773
SACI_RS03705	170.21471229883	0.32	0.353957528369699	0.915270696314985	0.360049538817148	0.457552375845205	Saci_0774
fen	673.664554311642	0.17	0.254079244328258	0.665460808279717	0.505755802775044	0.603357799801806	Saci_0775
SACI_RS03715	60.6645941895865	0.98	0.220878467539848	4.42440705143225	9.6707528844926e-06	2.8107575319122e-05	Saci_0776
SACI_RS03720	208.854032958795	0.28	0.249789730271606	1.13083620094019	0.258124040025188	0.348419116198793	Saci_0777
hemB	456.478608068751	0.26	0.235364792023682	1.12173247027411	0.261976206324089	0.352694153004115	Saci_0778
hemL	336.620788900172	-0.02	0.280891141033422	-0.080754607768097	0.935637107864822	0.956877450835647	Saci_0779
hemC	223.230807936255	-0.27	0.310588724075858	-0.87092168961941	0.383796913061893	0.484145633417943	Saci_0780
SACI_RS03740	99.4339316249859	-0.41	0.27628390143026	-1.47613459586349	0.13990776315443	0.20870346788434	Saci_0781
SACI_RS03745	322.868126931134	0.18	0.114132299189214	1.58796432627258	0.112294406105378	0.171124329642192	SACI_RS03745
SACI_RS03750	769.158356586585	-0.33	0.22948084723184	-1.41773604424496	0.156267842570179	0.229311606116827	Saci_0782
SACI_RS12200	263.527697812751	-0.34	0.156362342425213	-2.16669321953028	0.0302582539559367	0.0528346643687965	Saci_0783
SACI_RS12205	199.656652235086	-0.47	0.160150357772498	-2.92385907218547	0.00345721229332554	0.0071980318342838	Saci_0784
SACI_RS03765	338.692629574492	-0.54	0.190452004076442	-2.82842177490605	0.00467781316294795	0.00947658158474671	Saci_0787
SACI_RS03770	1134.21066228728	1.04	0.150891139464036	6.86828055102303	6.49803352488065e-12	3.17760011175982e-11	Saci_0788
dcd	958.070458507922	-0.38	0.199909683772605	-1.88267148931139	0.0597449015099742	0.0977841167311294	Saci_0789
SACI_RS03780	912.728788839355	0.69	0.128528070898953	5.36988574841959	7.87865400379836e-08	2.79200168979824e-07	Saci_0790
SACI_RS03785	3794.04410128058	0.09	0.0995311719034809	0.893166873325089	0.371767815215554	0.470288243607181	Saci_0791
SACI_RS03790	585.741834383369	0.39	0.0744706178248525	5.19102963539455	2.09134332226198e-07	7.07054534093074e-07	Saci_0792
SACI_RS03795	196.084895331765	-0.07	0.117240658023589	-0.636035938539458	0.524752998069543	0.621699475687913	Saci_0793
SACI_RS03800	72.5886004172158	0.16	0.205021502646803	0.777869140928612	0.436646162205401	0.538560153520967	Saci_0794
SACI_RS03805	756.942765328087	0.38	0.158141261406513	2.43345027887959	0.0149556893200557	0.0277836620151963	Saci_0795
SACI_RS03810	455.583767540259	0.93	0.151485424034271	6.17179357230028	6.75196193409214e-10	2.82731972812938e-09	Saci_0796
SACI_RS03815	1339.29025080536	1.47	0.250693833941994	5.87662012584551	4.18727582596535e-09	1.65289617489366e-08	Saci_0797
SACI_RS03820	2856.59616542105	-1.60	0.232581503624387	-6.86534202996756	6.63321310685861e-12	3.23930894811903e-11	Saci_0798
SACI_RS03825	727.39451062586	-1.34	0.129660219700156	-10.3060294587117	6.61792765045837e-25	6.69972226186853e-24	Saci_0799
SACI_RS03830	176.732180939337	0.02	0.21360446866876	0.109021162504102	0.913185705129287	0.941396247507423	Saci_0800
SACI_RS03835	1697.67489704066	-0.68	0.181395286585632	-3.7313545469798	0.000190452961963386	0.00046981004443261	Saci_0801
SACI_RS03840	244.367035158624	-1.70	0.125420925340466	-13.5526785175793	7.63909116917233e-42	1.78774575153877e-40	Saci_0802
SACI_RS03845	1151.64930929185	-0.87	0.101560310415487	-8.56744977578263	1.05801981952659e-17	7.47667339132127e-17	Saci_0803
SACI_RS03850	12798.3211205868	0.53	0.161768217437771	3.29307103765263	0.000990994327869203	0.00222249132398296	Saci_0804
SACI_RS03855	312.681670979719	0.47	0.175300304804608	2.70875748957724	0.00675356842618064	0.0133442218245367	Saci_0805
glmM	2805.25429463885	0.31	0.136205708101446	2.30598323676695	0.0211115690264338	0.0382534413128544	Saci_0806
SACI_RS03865	301.507704775589	-0.74	0.0949078008129061	-7.75636637598578	8.73973031537846e-15	5.15515352808903e-14	Saci_0807
SACI_RS11590	1.66870615646452	0.16	0.814971175525118	0.198639221039502	0.842544970967922	0.886177141232438	SACI_RS11590
SACI_RS03870	5.21383296674499	-1.30	0.446971827193288	-2.91081510472858	0.00360487270059664	0.00747525664073804	Saci_0809
SACI_RS03875	205.289493115051	-1.21	0.118851442766331	-10.1881280466604	2.24036503636209e-24	2.20007509292888e-23	Saci_0810
SACI_RS03880	352.180372846418	-0.87	0.0848599541611111	-10.2499048660747	1.18460072840491e-24	1.17288489702509e-23	Saci_0811
SACI_RS03885	269.019341625027	-1.06	0.134734639754749	-7.89846984214897	2.82348073709632e-15	1.71888928657012e-14	SACI_RS03885
SACI_RS03890	628.444947440268	-1.71	0.135134723243274	-12.639282527593	1.28218583323442e-36	2.3338372439277e-35	Saci_0813
SACI_RS03895	714.997260234715	1.06	0.207546313501695	5.09778180138978	3.43656607411976e-07	1.13627377349795e-06	Saci_0814
SACI_RS03900	271.733996794238	1.08	0.183655342542767	5.89643664851705	3.71435269349087e-09	1.47917426600454e-08	Saci_0815
SACI_RS03905	65.2886868754984	-1.39	0.287398358045841	-4.82192980727265	1.42175979965449e-06	4.47904048772272e-06	Saci_0816
SACI_RS03910	723.023501866011	-0.76	0.158514003556881	-4.78003147043494	1.75267757175292e-06	5.47370014609838e-06	Saci_0817
SACI_RS03915	84.2353353228505	0.08	0.274813082173689	0.290140135527764	0.771709032018517	0.829230575848162	Saci_0818
SACI_RS03920	136.10146148004	-0.43	0.286984771629001	-1.49923976329208	0.133811442906472	0.201023943407639	Saci_0819
ribH	81.1275003422496	-0.00	0.322091160039561	-0.0096381308315347	0.992310003273241	0.99479422859437	Saci_0820
ribC	68.5081768523054	-0.00	0.345407418156631	-0.00313777795613274	0.997496419521805	0.998717401378799	Saci_0821
SACI_RS03935	126.842961184063	-0.03	0.321602204988518	-0.0849246789105169	0.9323212717261	0.954569847528655	Saci_0822
SACI_RS03940	38.4907685193218	0.90	0.200293837135883	4.49839783947018	6.84674834049575e-06	2.01763540630799e-05	Saci_0823
SACI_RS03945	2589.17019022087	-0.04	0.109103986554922	-0.360502972181217	0.718471034365512	0.788960879906553	Saci_0824
SACI_RS03950	146.387630836994	-0.65	0.107730998252593	-6.02462034173328	1.69507043335704e-09	6.91067176676333e-09	Saci_0825
pcn	475.660969055931	0.41	0.19228619313413	2.12028209926715	0.0339822623522445	0.0586833126581166	Saci_0826
SACI_RS03960	680.507546504154	0.19	0.230687252433662	0.841184203242321	0.40024474870171	0.500340643191454	Saci_0827
SACI_RS03965	755.680756180264	-0.56	0.25022978189744	-2.25313593307553	0.0242505794306495	0.0433312286901641	Saci_0828
SACI_RS03970	936.731243307978	-1.70	0.104913788376645	-16.2413764381647	2.57090252389699e-59	1.17285224001579e-57	Saci_0829
SACI_RS03975	347.798075068332	-0.18	0.144876834162397	-1.26987516583807	0.204129100561559	0.287263287162772	Saci_0830
SACI_RS03980	928.889042389608	-1.66	0.112846976604513	-14.7465774639301	3.2366761543248e-49	1.02324393510409e-47	Saci_0831
SACI_RS03985	1040.04720860867	-1.68	0.158387798176462	-10.5772117894244	3.80101328148821e-26	4.11376932927433e-25	Saci_0832
SACI_RS03990	125.992464481926	-1.40	0.193880329661601	-7.23222685124111	4.75137637368093e-13	2.47814188867526e-12	Saci_0833
SACI_RS03995	307.256725362819	-1.01	0.148613289987581	-6.82578187057647	8.74477174933484e-12	4.23035669591983e-11	Saci_0834
SACI_RS04000	40.1277449052168	-0.84	0.459415468978367	-1.83406958403082	0.0666436657036848	0.107899268282156	Saci_0835
SACI_RS04005	101.690164723376	-0.60	0.150895250141773	-3.95733183955203	7.57916075212253e-05	0.000198080459395574	Saci_0836
SACI_RS04010	880.787217304925	0.55	0.196720862239311	2.81656725960095	0.00485398782494085	0.00981142575495616	Saci_0837
SACI_RS04015	2289.58004910249	0.69	0.305949207017882	2.26729440200107	0.0233722472175838	0.041990817034981	Saci_0838
SACI_RS04025	1848.96829422346	-0.42	0.191693834351762	-2.19757449503297	0.0279794424169216	0.0492613143481121	Saci_0840
SACI_RS04030	843.6314515844	-1.43	0.149236381756934	-9.61426956222918	6.96015854655427e-22	6.01544637932412e-21	Saci_0841
SACI_RS04035	163.864546895734	-0.53	0.147713307751353	-3.55693915059664	0.00037520102072633	0.000896106347712189	Saci_0842
SACI_RS04040	529.469488765527	-0.93	0.16440005805741	-5.66593633189133	1.46223816941146e-08	5.4894857943322e-08	Saci_0843
SACI_RS04045	383.461285919877	0.09	0.216296508134997	0.415339338496006	0.67789350722504	0.754517665237506	Saci_0844
SACI_RS04050	819.749760238471	-0.51	0.163223147271646	-3.12122114467751	0.00180102729342137	0.00390078267156888	Saci_0845
SACI_RS04055	1527.11271513543	-0.51	0.209691557761792	-2.41897550885921	0.0155642880901485	0.0288696316401932	Saci_0846
SACI_RS04060	114.26229491981	0.07	0.235440999249155	0.308809389106578	0.757466526529784	0.818318153960833	Saci_0847
SACI_RS04065	154.980938308887	-1.40	0.185695611987193	-7.55339627937376	4.24052235565953e-14	2.38794415153077e-13	Saci_0848
SACI_RS04070	95.927099302936	-1.35	0.199388253839916	-6.75896622550073	1.3897978461357e-11	6.57326960298304e-11	Saci_0849
SACI_RS04075	228.468097375201	-1.29	0.192017833146107	-6.73171597901773	1.67673705028429e-11	7.86843792867784e-11	Saci_0850
kae1	494.994762470278	-1.18	0.182403919870411	-6.46317634287909	1.02527692792347e-10	4.52830643166198e-10	Saci_0851
SACI_RS11595	190.678119961564	-1.05	0.289903058572462	-3.62964803113194	0.000283807937666806	0.000688320193372254	Saci_0852
SACI_RS04085	237.173539807722	-2.07	0.177989122975855	-11.6026790729813	3.99376587147179e-31	5.68914316236535e-30	Saci_0853
SACI_RS04090	1013.90791541617	-0.74	0.232599924319941	-3.18674857732884	0.00143881789458728	0.00314845154346846	Saci_0854
SACI_RS11600	56.3587589000979	-0.79	0.483372770354534	-1.63439557169052	0.102175817482348	0.157570238000163	Saci_0855
SACI_RS04095	131.696530632975	-0.88	0.192263129793385	-4.56738330000528	4.93850460150411e-06	1.4819625798352e-05	Saci_0856
SACI_RS04100	1712.35278090314	0.88	0.146323560919273	6.00461346500109	1.91788254575262e-09	7.78383862037436e-09	Saci_0857
endA	206.809029702966	-1.32	0.221312723031927	-5.96241285393049	2.48540211299881e-09	9.99708617773181e-09	Saci_0858
SACI_RS04110	593.431327597275	-1.00	0.150529288231338	-6.66122549134077	2.71553624391036e-11	1.24831538559349e-10	Saci_0859
SACI_RS04115	349.987153480505	-0.31	0.253779495897405	-1.24023205168595	0.214889576481615	0.30071608162875	Saci_0860
SACI_RS04120	533.568972726503	-0.60	0.154737951215782	-3.89994619068412	9.62140693086383e-05	0.000247329176739181	Saci_0861
glyS	813.910434803027	-2.60	0.216560940502142	-12.0149155656768	2.96672512560077e-33	4.73100767817044e-32	Saci_0862
speB	1162.26035057329	-0.94	0.106956619401766	-8.75522945787329	2.03688659976073e-18	1.50737973419665e-17	Saci_0863
SACI_RS11605	510.280111926909	-0.36	0.172777727795738	-2.1105781537041	0.0348085870664945	0.0600239941567686	Saci_0864
yciH	1422.2495679364	0.04	0.489035285704727	0.0721443838238275	0.942487005042474	0.961699650671878	Saci_0865
SACI_RS04140	2761.79749334581	1.25	0.138003673415651	9.0260914405051	1.77912892430681e-19	1.38487702876928e-18	Saci_0866
SACI_RS04145	915.971760357384	1.85	0.196062255671046	9.4168941585026	4.64628154450399e-21	3.89423225264939e-20	Saci_0867
SACI_RS04150	21.410728151029	0.91	0.27841231405707	3.25399937524774	0.00113792530050004	0.00252219113345766	Saci_0868
SACI_RS04155	493.865671022874	0.13	0.125088242428985	1.05831583166295	0.289911477589637	0.383146668585644	Saci_0869
SACI_RS04160	799.286544429013	0.12	0.149560552010581	0.768989880551423	0.441899317927966	0.543736818645404	Saci_0870
SACI_RS04165	349.36313995307	-0.35	0.102323002713847	-3.38964605380876	0.000699829179111752	0.00160956245151165	Saci_0871
cadA	1305.55382373111	-1.18	0.201402454889358	-5.85238145342549	4.84583632954692e-09	1.90451408197242e-08	Saci_0872
SACI_RS11610	140.793746034866	-1.63	0.223912074347995	-7.26906166658769	3.6199313496109e-13	1.91013654231298e-12	Saci_0873
SACI_RS04175	54.4331153206642	0.67	0.217510294262873	3.10149785031885	0.00192544270382684	0.004150296354421	Saci_0874
SACI_RS04180	470.008844455725	1.66	0.285935633339649	5.8083317698707	6.30983869950609e-09	2.43998483616094e-08	Saci_0875
SACI_RS04185	1071.14728253854	1.41	0.106798642520366	13.2121544580412	7.46565833837636e-40	1.56431585183188e-38	Saci_0877
SACI_RS04190	384.344336871429	1.36	0.146797580621748	9.23189499008122	2.65885646970153e-20	2.14854679748975e-19	Saci_0878
SACI_RS04195	58.4433916320062	0.50	0.156080464995009	3.17438288736516	0.00150155471457204	0.00327975950988947	Saci_0879
SACI_RS04200	162.913077890153	0.20	0.136578844634898	1.43524601850661	0.15121700435554	0.223263450920674	Saci_0880
SACI_RS04205	1019.54934397342	-0.26	0.24589993010336	-1.06129135484321	0.288557513371834	0.381988186670223	Saci_0881
SACI_RS04210	4439.97482630152	0.67	0.151808334815951	4.42338013704024	9.71685511462842e-06	2.82188121137154e-05	Saci_0882
SACI_RS04215	1371.16730752565	-1.67	0.261689918221531	-6.37682911114842	1.80791997157129e-10	7.88830941591153e-10	Saci_0883
SACI_RS04220	850.156076754413	-1.05	0.142978122473408	-7.37207387635597	1.67993872315095e-13	9.15960538311046e-13	Saci_0884
SACI_RS04225	395.957415274136	-1.00	0.198159997806469	-5.03097489523984	4.87992050705093e-07	1.60029422269441e-06	Saci_0885
SACI_RS04230	232.064917699817	-0.77	0.097907391373372	-7.8965335204178	2.86767161498939e-15	1.74284797646236e-14	Saci_0886
SACI_RS04235	386.754482171988	-1.08	0.132796746155701	-8.14851023089338	3.68434884371488e-16	2.36691501475016e-15	Saci_0887
SACI_RS04240	127.261845309003	-0.54	0.125341338456738	-4.27427227028589	1.91762588823879e-05	5.38249509440235e-05	Saci_0888
SACI_RS04245	22.1147655126616	-1.18	0.371960975898494	-3.16090825740762	0.00157278027065773	0.00342288653106911	SACI_RS04245
SACI_RS04250	8.42812948538121	-1.21	0.390944371191723	-3.08995086902078	0.00200189607281874	0.00430479322579878	Saci_0890
SACI_RS04255	215.073340551198	-1.74	0.157821748975165	-11.0253788758167	2.88301904511907e-28	3.55835638308532e-27	Saci_0891
SACI_RS04260	235.994869234251	-1.73	0.167595861693221	-10.3139183145806	6.09639111040237e-25	6.18912494701131e-24	Saci_0892
tmk	509.080282194265	0.16	0.0775123041246991	2.002498416539	0.0452311532397425	0.0758553170200241	Saci_0893
SACI_RS04270	346.144252627473	0.81	0.243876869005155	3.31063269018579	0.000930853075871446	0.00209937076685901	Saci_0894
SACI_RS04275	575.826889129314	0.81	0.103671694925276	7.83475943470113	4.69741204303795e-15	2.81220481779215e-14	Saci_0895
SACI_RS04280	44.8111209675509	0.06	0.188712316098284	0.329368153047978	0.741877436276018	0.807040833184053	Saci_0896
SACI_RS04285	98.6810635479988	0.01	0.145573426241928	0.066966227408888	0.946608589447411	0.965085532211731	Saci_0897
SACI_RS04290	469.336968280607	-1.10	0.150148979774427	-7.31899245568869	2.49839641630855e-13	1.33395861990756e-12	Saci_0898
SACI_RS04295	494.62484379828	-1.76	0.166003265382212	-10.6159880716465	2.51123350583381e-26	2.77622256289112e-25	Saci_0899
SACI_RS04300	3664.21426468712	1.43	0.327566835273078	4.35082641394764	1.35625392107632e-05	3.86704045218279e-05	Saci_0900
SACI_RS04305	565.791531632014	0.48	0.264010569161738	1.80779199123628	0.0706388807089458	0.113703673995105	Saci_0901
SACI_RS04310	92.7809830243762	0.16	0.136476025531865	1.1410716945008	0.253840089216031	0.343660415102434	Saci_0902
SACI_RS04315	1777.35553659603	0.90	0.19510240779448	4.61656526844517	3.90143357763409e-06	1.18157702636918e-05	Saci_0903
SACI_RS04320	122.264250474379	1.33	0.348237837757723	3.80578198523806	0.000141356859264217	0.000355761257533685	Saci_0904
moaC	924.308551576503	1.70	0.114453550953346	14.8365211201467	8.5053857946041e-50	2.83827874108826e-48	Saci_0905
SACI_RS04330	447.545548791409	-2.16	0.274017596841812	-7.8704826497441	3.53275660854392e-15	2.13625080825374e-14	Saci_0906
SACI_RS04335	581.560728950486	-2.14	0.279251573208011	-7.6478233029689	2.04409827072531e-14	1.17682590538243e-13	Saci_0907
SACI_RS04340	318.192618695737	-2.06	0.15138800066999	-13.5749292787646	5.63981121966397e-42	1.33722892339927e-40	Saci_0908
SACI_RS04350	1031.25225133231	0.26	0.128620184883581	2.05263235997622	0.040108246643794	0.0681518721849285	Saci_0910
SACI_RS04355	1260.72968811185	0.07	0.159172903320801	0.419511016534958	0.674842705180541	0.752283671348799	Saci_0911
SACI_RS04360	476.922554032089	0.97	0.127669424259859	7.60672816399246	2.81121725732458e-14	1.59302311248393e-13	Saci_0912
SACI_RS04365	287.310463034736	0.77	0.186342610854739	4.12591059629861	3.69270711791353e-05	0.000100214732326509	Saci_0913
cobA	163.3085657947	0.92	0.148278730232767	6.19898203649594	5.6829516877333e-10	2.40109705540338e-09	Saci_0914
SACI_RS11615	94.1370863491409	1.61	0.200951178000069	7.99094833357583	1.33904671158811e-15	8.36382036146199e-15	Saci_0915
SACI_RS04375	1405.10353376978	-0.55	0.0814534501830807	-6.72135007723676	1.80048430466789e-11	8.41914575223391e-11	Saci_0916
SACI_RS04380	1016.24700066424	-0.75	0.128013465670179	-5.8625946341127	4.55689742256971e-09	1.79486976075861e-08	Saci_0917
SACI_RS04385	111.267155205652	0.09	0.146644735280721	0.606488057542637	0.544190710272823	0.639890153286543	Saci_0918
SACI_RS04390	1575.86687272089	-0.52	0.136442887969251	-3.80304957224335	0.000142925741648415	0.000359400760632404	Saci_0919
SACI_RS04395	1133.64470852907	1.05	0.266905344008655	3.92306460835489	8.74296932057985e-05	0.000225875709185446	Saci_0920
SACI_RS04400	272.830329576644	0.70	0.140480728094866	4.98764349920537	6.11202190548523e-07	1.98806199886e-06	Saci_0921
SACI_RS04405	1468.02760690723	1.05	0.32213545655862	3.26550676917039	0.00109268393792876	0.00242938489345791	Saci_0922
mce	204.292242811508	1.13	0.142695901324101	7.92639989838237	2.25590329105995e-15	1.38741902064506e-14	Saci_0923
SACI_RS04415	831.095442395584	1.29	0.187921741888006	6.87161070754119	6.34809971335267e-12	3.10849882702758e-11	Saci_0924
SACI_RS04420	122.758581079052	-1.42	0.156763111321164	-9.05786023042487	1.33034576628472e-19	1.03778487915371e-18	Saci_0925
SACI_RS04425	214.513682078697	-1.93	0.152633927782159	-12.6401245456259	1.26852858905034e-36	2.3206990025063e-35	Saci_0926
SACI_RS12040	12.865462656296	-1.26	0.335726920185259	-3.75421605759335	0.000173884831217013	0.000432185595608927	Saci_0927
SACI_RS04430	320.284949847593	-0.84	0.134898813588856	-6.19617935721356	5.78502021467522e-10	2.44135981893319e-09	SACI_RS04430
SACI_RS04435	5710.37664726323	1.64	0.187127916321444	8.76037568661253	1.94600704386457e-18	1.44308835104689e-17	Saci_0929
SACI_RS04440	702.005429703008	-0.19	0.167324603157103	-1.11176240208532	0.266240321407801	0.356835298755566	Saci_0930
trxB	1071.86787710286	-0.03	0.264447172383336	-0.121457411185237	0.903328745854934	0.932746747656025	Saci_0931
SACI_RS04450	407.115621043729	-0.65	0.112791031367288	-5.74846219220792	9.0058777927508e-09	3.41295305626434e-08	Saci_0932
SACI_RS04455	75.6341310332536	-0.17	0.149840437328349	-1.14728005245154	0.251265895487598	0.340821335091195	Saci_0933
SACI_RS04460	182.443414482544	-0.10	0.122915192843378	-0.837385532312675	0.402375895366581	0.50283034913355	Saci_0934
SACI_RS04465	153.933838421611	-0.70	0.115215581034881	-6.0499918248725	1.44853184544655e-09	5.93239633066974e-09	Saci_0935
SACI_RS04470	153.51698965324	-1.71	0.110651952858582	-15.4902659845854	4.03617191676523e-54	1.51524620708561e-52	Saci_0936
SACI_RS04475	117.499948295666	-1.06	0.233740419043182	-4.55064094074462	5.34827479467254e-06	1.59694965700081e-05	Saci_0937
SACI_RS04480	79.6310099520299	-0.58	0.149421276384455	-3.88291455174193	0.000103211845573122	0.000263999639067091	Saci_0938
SACI_RS04485	113.110010244105	-0.69	0.223565135837411	-3.06707521937046	0.00216164453728092	0.00462622738263684	Saci_0939
SACI_RS04490	2235.66723968284	-1.79	0.28763339007154	-6.23490988287287	4.5203824052808e-10	1.93026755789479e-09	Saci_0940
SACI_RS04495	154.068842833623	-1.06	0.121463856547518	-8.7515312779528	2.10476991418239e-18	1.55442433826093e-17	Saci_0941
SACI_RS04500	1371.43722639428	-1.15	0.29109562249812	-3.9416766906922	8.09139963149264e-05	0.000209945315132466	Saci_0942
SACI_RS04505	1392.08860831045	1.76	0.393125272840319	4.46550575487221	7.98798249817358e-06	2.3329569629998e-05	Saci_0943
SACI_RS04510	2616.53134985274	0.23	0.181247007984368	1.26562589469255	0.205647050764028	0.289173613325617	Saci_0944
SACI_RS04515	211.514099983445	-0.72	0.191990499967179	-3.75075745113419	0.000176301180343925	0.000437596042671835	Saci_0945
SACI_RS04520	250.508272762157	-0.63	0.144001595182966	-4.34991597623886	1.36189705836341e-05	3.88006086825433e-05	Saci_0946
SACI_RS11620	240.321104710689	-0.30	0.229466663578882	-1.30466755818723	0.192006072891147	0.272866674566126	Saci_0947
panB	89.8775629149104	-1.74	0.254314199390848	-6.84275853997551	7.76825298049043e-12	3.77315144766678e-11	Saci_0948
SACI_RS04530	528.456096556841	-0.97	0.17344971123111	-5.58852161469076	2.29010876465167e-08	8.49130862942862e-08	Saci_0949
SACI_RS04535	470.263447889871	0.41	0.150359716633144	2.74672565090471	0.00601934627810962	0.0119524650062298	Saci_0950
SACI_RS04540	809.203200112534	0.80	0.236423173199718	3.40431589507181	0.000663299964871965	0.00152847383209627	Saci_0951
SACI_RS04545	98.214458816656	-1.05	0.366136479253924	-2.85961883529481	0.00424150470201165	0.00867558623498864	Saci_0952
SACI_RS04555	126.516589760744	-1.50	0.113438293591487	-13.2266908685346	6.15375999779599e-40	1.29696789661151e-38	Saci_0954
ppa	803.388590189071	-0.98	0.102494104953795	-9.5375357386179	1.46266498239902e-21	1.25212460726035e-20	Saci_0955
SACI_RS04565	223.736038320843	-1.30	0.162697180064933	-7.98826733185652	1.36848445676791e-15	8.53290308337637e-15	Saci_0956
SACI_RS04570	550.251080468443	0.69	0.125111687731194	5.52841249155831	3.23141542241073e-08	1.18594920390716e-07	Saci_0957
rnhB	95.9977235536156	0.25	0.127348758287004	1.96675964625604	0.0492109268442821	0.0818818930502275	Saci_0958
SACI_RS04580	383.524901724874	-0.45	0.11847456011968	-3.81422301115331	0.000136612063497282	0.000344782826921711	Saci_0959
SACI_RS04585	113.189757390941	-0.86	0.208021827125873	-4.15503909566174	3.25231926514111e-05	8.90680747079678e-05	Saci_0960
SACI_RS04590	372.19272460869	-0.88	0.113597932674521	-7.72765591653302	1.09544953967946e-14	6.41951242439803e-14	Saci_0961
SACI_RS04595	402.305474143715	-1.11	0.145713313587687	-7.64208017419206	2.13740007984595e-14	1.22662259359312e-13	Saci_0962
SACI_RS04600	439.660567946298	-0.24	0.211542773128646	-1.12523923999533	0.260487669180661	0.350952358776486	Saci_0963
SACI_RS04605	346.695264807894	-1.31	0.275886091310698	-4.7304826917333	2.23986624102049e-06	6.88190787096152e-06	Saci_0964
SACI_RS04610	285.77690603942	-0.73	0.236421497213174	-3.09926217882927	0.00194003259973821	0.00417924536130096	Saci_0965
SACI_RS04615	755.951573485679	0.41	0.190441307835604	2.16146952653984	0.0306590884626474	0.053431022639933	Saci_0966
SACI_RS04620	843.049122324627	-0.06	0.119924189295367	-0.523326547420083	0.600747029792819	0.690192652913226	Saci_0967
SACI_RS04625	183.84908999713	-0.84	0.17622444367546	-4.77798521153391	1.77060399625534e-06	5.52489766450585e-06	Saci_0968
SACI_RS04630	1275.32322568478	-1.49	0.349988637129445	-4.26646247606921	1.98596879494621e-05	5.56132986556809e-05	Saci_0969
SACI_RS04635	835.414665558702	-1.06	0.355302749411848	-2.9786691421943	0.002895031956083	0.00609089035010108	Saci_0970
SACI_RS04640	438.045215901121	-0.56	0.147983311583005	-3.79132175550398	0.000149847673234167	0.000375818381583812	Saci_0971
SACI_RS04645	402.436333259992	-0.27	0.102547147844988	-2.67164752672568	0.00754798857682448	0.0148002996903566	Saci_0972
SACI_RS04650	828.685877881387	0.96	0.166640402531706	5.73310922420254	9.86060884152122e-09	3.7290277297841e-08	Saci_0973
SACI_RS04655	4287.39472910101	0.06	0.285670407136393	0.202980345306606	0.839150394601633	0.883522647427487	Saci_0974
SACI_RS04660	5446.64798054992	-0.02	0.309066412369621	-0.0801278685694898	0.93613555809119	0.957115617407276	Saci_0975
SACI_RS04665	6031.72786919676	1.51	0.249881113790252	6.03433251598283	1.59621083892969e-09	6.52978872134235e-09	Saci_0976
SACI_RS04670	2064.25802854675	1.85	0.321677249637858	5.75886061493908	8.46835912991457e-09	3.22962606393779e-08	Saci_0977
SACI_RS04675	591.342820110803	-0.60	0.186034964581411	-3.23589674500853	0.00121261239636219	0.00267785237529984	Saci_0979
SACI_RS11825	2072.53690836944	-0.59	0.226356723749162	-2.61070496458607	0.00903558084016979	0.0174513576355691	Saci_0980
SACI_RS11830	2246.95710445038	-0.02	0.324527005853192	-0.0646029123777773	0.948490165814114	0.965910866796854	Saci_0981
SACI_RS04690	3430.69665089067	0.21	0.229604468292216	0.914255245221151	0.360582741283664	0.458068452444951	Saci_0982
SACI_RS04695	152.567622849314	-1.05	0.125472189234182	-8.34160584962253	7.32883835527867e-17	4.91864682168051e-16	Saci_0983
SACI_RS04700	42.9826226267109	-0.69	0.194731989262882	-3.54217565488956	0.000396841119422319	0.000945284464241928	Saci_0984
SACI_RS04705	380.533403422103	-2.77	0.154930040722051	-17.8896792073686	1.41923025279462e-71	1.00292271197486e-69	Saci_0985
SACI_RS04710	9640.93829777129	0.23	0.0696602857344459	3.25668132386088	0.00112722908452527	0.0025000206896179	Saci_0986
SACI_RS04715	266.980803127027	-1.04	0.127512694007588	-8.17097730740158	3.0590117747583e-16	1.98285583385412e-15	Saci_0987
SACI_RS04720	109.247577971229	-1.30	0.27686829684263	-4.71312338121272	2.43948385532064e-06	7.48246792729838e-06	Saci_0988
SACI_RS04725	1693.54581961558	0.61	0.148549535253963	4.08275121872794	4.45056595987598e-05	0.000119166714111389	Saci_0989
SACI_RS04730	620.089015382266	-0.91	0.134003954997034	-6.79490008500391	1.0838762018517e-11	5.18075574465984e-11	Saci_0990
SACI_RS04735	918.645523594431	-0.92	0.134239567721657	-6.83915974151664	7.96590213728809e-12	3.86394499364553e-11	Saci_0991
SACI_RS04740	314.59116375521	-1.14	0.189981895021576	-6.00777686619055	1.88084446103681e-09	7.64212337945509e-09	Saci_0992
SACI_RS04745	1564.7947028981	0.34	0.069194861721515	4.90617133385687	9.28714059152866e-07	2.9884691689169e-06	Saci_0994
SACI_RS04750	989.260072895786	-0.95	0.12987400434939	-7.34721793592113	2.02374758279009e-13	1.09185423478675e-12	Saci_0995
SACI_RS04755	256.85318832878	-0.75	0.118624484199037	-6.3441146944572	2.23708123501462e-10	9.71378406143696e-10	Saci_0996
SACI_RS04760	370.574218407584	-0.62	0.111389965772887	-5.57059994450579	2.53863637657033e-08	9.36463203803426e-08	Saci_0997
SACI_RS04765	326.171981881057	-3.14	0.234948852284443	-13.3713375277948	8.8927243462793e-41	1.95423039902382e-39	Saci_0998
prf1	1206.32302688823	-0.92	0.140329129094334	-6.55247942803657	5.65895166031161e-11	2.5398333479157e-10	Saci_0999
SACI_RS04775	10.2953565644255	0.23	0.324396558784209	0.70822608164238	0.478804871898251	0.577707652601706	Saci_1000
SACI_RS11975	14.296029011636	-0.35	0.289557159477076	-1.22297802145037	0.221337997698576	0.308182877277417	SACI_RS11975
SACI_RS04785	271.463355366598	-0.11	0.134705343801895	-0.79474819771229	0.426759989700858	0.528537114392403	Saci_1002
SACI_RS04790	111.921627110627	-2.73	0.241254420112183	-11.3270952284264	9.63471676119586e-30	1.30539545892293e-28	Saci_1003
SACI_RS04795	74.4320309982174	0.18	0.191387157735149	0.927646455488263	0.353590991722074	0.450775356974303	Saci_1004
SACI_RS04800	105.640853167592	1.90	0.356268878916557	5.32845758041775	9.90503240570025e-08	3.45908302230075e-07	Saci_1005
SACI_RS04805	426.274027719756	1.82	0.201076529152526	9.06432950036652	1.25372945280212e-19	9.84409792570557e-19	Saci_1006
SACI_RS04810	432.130408621651	1.49	0.152356955257999	9.74708622599664	1.89838827357166e-22	1.70193814376922e-21	Saci_1007
SACI_RS04815	1288.89483115866	-1.07	0.139700724592136	-7.68845848387717	1.48918323901965e-14	8.6564780539142e-14	Saci_1009
SACI_RS04820	50.6866893701419	-1.12	0.181558383531799	-6.18378491800132	6.25826222600467e-10	2.63182929551001e-09	Saci_1010
SACI_RS04825	166.973627965392	-1.18	0.136199158490623	-8.67249593946163	4.22749862373349e-18	3.07796061412839e-17	Saci_1011
SACI_RS04830	1492.24487883375	-0.41	0.243120488746419	-1.7025404802705	0.0886540967885201	0.139038017765808	Saci_1012
SACI_RS04835	246.881683279896	-0.57	0.157898404605759	-3.57997404188874	0.000343628341511317	0.00082342855239813	Saci_1013
SACI_RS04840	586.851056099275	0.12	0.0850507751870874	1.36787062433067	0.171352576249406	0.248113573645182	Saci_1014
SACI_RS04845	1259.9713985031	-0.61	0.087252044545594	-6.99394096815474	2.672700523548e-12	1.33969578398706e-11	Saci_1015
SACI_RS04850	195.131611794861	-1.46	0.106905115664761	-13.6610486427401	1.7346757639056e-42	4.1958197671918e-41	Saci_1016
SACI_RS04855	157.954673979423	-1.77	0.284987056852644	-6.22542981869388	4.80237592135896e-10	2.04341945933621e-09	Saci_1017
SACI_RS04860	293.342655198845	-1.70	0.205691067376182	-8.26720356224846	1.37137692720915e-16	9.05209239132193e-16	Saci_1018
SACI_RS04865	47.9503636651054	-0.47	0.214506250740081	-2.20831919065509	0.0272220304870583	0.0480922538604697	Saci_1019
SACI_RS04870	2818.7547887027	0.98	0.1968832837925	4.98918249577301	6.06353444764625e-07	1.97407210020931e-06	Saci_1020
SACI_RS04875	1638.51719002763	1.28	0.104388187405924	12.2481471161767	1.71878034956363e-34	2.88115552550109e-33	Saci_1021
SACI_RS04880	241.559728000781	1.26	0.147789884196663	8.54990606202947	1.23188730679762e-17	8.63759115505566e-17	Saci_1022
SACI_RS04885	182.479462397437	-1.37	0.126961644831858	-10.7887256686574	3.89147999899362e-27	4.50961219175981e-26	Saci_1023
SACI_RS04890	620.995923712983	-1.09	0.0877487134802679	-12.4673558904477	1.12497243073382e-35	2.0171147464501e-34	Saci_1024
SACI_RS04895	407.324209499057	-2.34	0.146601466272772	-15.9405560872955	3.31391660041726e-57	1.38876225905858e-55	Saci_1025
SACI_RS04900	609.176511111339	-0.75	0.135870914443179	-5.4946553907347	3.91474095413362e-08	1.42368581217937e-07	Saci_1026
SACI_RS04905	720.5614613299	-1.46	0.141554906015006	-10.3293105700455	5.19324919029125e-25	5.34756288051705e-24	Saci_1027
SACI_RS04910	533.377462304771	-0.15	0.382929498436574	-0.387143792926343	0.698649758465562	0.770717395013739	Saci_1028
SACI_RS04915	98.9563516132738	0.62	0.277517372910914	2.22103561117133	0.026348549508677	0.046732368321492	Saci_1029
SACI_RS04920	334.290084307404	0.67	0.141225242816859	4.736285715295	2.17670661202222e-06	6.69355855778847e-06	Saci_1030
SACI_RS04925	233.009648109522	0.92	0.0979440468057723	9.36844972584875	7.3605656803524e-21	6.04270585694534e-20	Saci_1031
SACI_RS04930	185.542649986309	-0.38	0.0995846671683207	-3.79488956691487	0.000147709187225587	0.000370833680832043	Saci_1032
SACI_RS04935	1198.53080766654	-0.93	0.103934831976575	-8.97958479338053	2.71790463305599e-19	2.07968753663138e-18	Saci_1033
SACI_RS04940	852.319015803922	-0.67	0.164516987045742	-4.05622899627522	4.98713660401155e-05	0.000132744758647398	Saci_1034
SACI_RS04945	999.373808368581	-0.47	0.173689289829748	-2.6847018913411	0.00725945242132122	0.014288949495599	Saci_1035
SACI_RS04950	669.820564929964	-0.12	0.184965202018258	-0.628521421668881	0.529662418041933	0.626486168238637	Saci_1036
SACI_RS04955	1139.53922871142	-0.21	0.151594490593384	-1.38242898192304	0.166840022389999	0.242554030130519	Saci_1037
SACI_RS04960	4989.25568022391	-0.81	0.484968892212731	-1.67148114608823	0.0946266796930612	0.147187981706427	Saci_1038
SACI_RS04965	155.880084222348	-1.52	0.164610030107222	-9.20671513108473	3.36257604995013e-20	2.70507234018309e-19	Saci_1039
SACI_RS04970	311.157651032551	0.31	0.203549988291196	1.50060695377401	0.13345725170871	0.200575452526351	Saci_1040
SACI_RS04975	2032.5316654756	0.21	0.097348495310437	2.18628009862128	0.0287951192351898	0.0505738838809083	Saci_1041
SACI_RS04980	102.377699417684	-0.59	0.163353910964487	-3.62245685241282	0.000291818148194488	0.000706796106245252	Saci_1042
SACI_RS04985	389.496044056808	-1.20	0.12729746496297	-9.45797021590011	3.13978686658478e-21	2.66881883659706e-20	Saci_1044
SACI_RS04990	176.234380282488	-0.32	0.423430896684515	-0.756382438442308	0.449419934091106	0.550359987245785	Saci_1045
SACI_RS12045	274.481963442077	-0.09	0.139732020777597	-0.624253887488974	0.532460862254433	0.629383059221049	SACI_RS12045
SACI_RS04995	869.379801237156	1.65	0.0965916855345461	17.0902957687883	1.75282581556863e-65	1.07070919310328e-63	Saci_1046
SACI_RS05000	7227.97986492725	1.39	0.16815659485329	8.2662886846514	1.3819368054983e-16	9.10511928156467e-16	Saci_1047
SACI_RS05005	28.5837515591607	-0.71	0.218352660805016	-3.26703753828911	0.00108679268745137	0.00241777829973749	Saci_1048
SACI_RS05010	465.194673969346	0.07	0.158894494049243	0.413095103857333	0.679536936475703	0.755855870848596	Saci_1049
SACI_RS05015	417.981256853483	0.42	0.127078327972343	3.2690193281803	0.00107920929227353	0.00240239054314626	Saci_1050
SACI_RS05020	265.389838379989	-0.20	0.153592919680184	-1.28755427767301	0.197901163995177	0.280249821233249	Saci_1051
SACI_RS05025	391.112199669295	4.77	0.388062222855992	12.3008975708005	8.95732003579041e-35	1.50851314995274e-33	Saci_1052
SACI_RS05030	299.637897012875	0.60	0.217906758421962	2.77595601999259	0.00550396531582016	0.011004385452467	Saci_1053
SACI_RS05035	1860.004682813	3.72	0.200542741592274	18.5307539583732	1.16641110926656e-76	9.5539673586288e-75	Saci_1054
SACI_RS05040	160.623530648353	0.09	0.120443352477312	0.768661290623713	0.442094410233444	0.543791213133561	Saci_1055
SACI_RS11835	478.083200628847	0.72	0.213509728138993	3.37039727118292	0.000750598865549449	0.00171974463537204	Saci_1056
SACI_RS05045	608.545183764042	1.12	0.123061274569526	9.08262347515385	1.05988749177293e-19	8.39524070406516e-19	Saci_1057
SACI_RS05050	248.335853141939	1.85	0.195714771438627	9.43137677747701	4.04740977506541e-21	3.41612759469221e-20	Saci_1058
SACI_RS05055	567.8034394044	2.54	0.149982468641987	16.9310318605338	2.65681485414133e-64	1.51986678322625e-62	Saci_1059
SACI_RS05060	721.143700027965	0.40	0.0564470617270853	7.079848427533	1.44312217033021e-12	7.35645304366348e-12	Saci_1060
SACI_RS05065	1024.52869043414	1.30	0.131286805556479	9.876783958687	5.24905157632819e-23	4.80141672108802e-22	Saci_1061
SACI_RS05070	346.652498702876	2.94	0.163266296508858	18.0084178969058	1.67343489975847e-72	1.2062118757459e-70	Saci_1062
crn1	387.495920689088	-0.95	0.113003904126734	-8.42730830760343	3.53707043465662e-17	2.42811463742904e-16	Saci_1063
SACI_RS05080	631.8167700885	1.11	0.118791941162216	9.3413160314523	9.51440551123796e-21	7.7754914880956e-20	Saci_1064
SACI_RS05085	374.891335620018	0.01	0.165265874767412	0.0842067192066407	0.932892076010791	0.95488299969977	Saci_1065
SACI_RS05090	206.401887303357	-0.00	0.193930582360819	-0.025470044134767	0.979680042050167	0.986523294649009	Saci_1066
SACI_RS05095	102.660633414534	0.02	0.207158057806304	0.113769451328106	0.909420555630607	0.937783027894909	Saci_1067
SACI_RS05100	23.7923968611237	-0.07	0.290140445844724	-0.253952960274631	0.799531899190551	0.85075670643128	Saci_1068
SACI_RS05105	1584.81019345926	1.40	0.17955409149832	7.79574790718344	6.40280999892764e-15	3.8016025100717e-14	Saci_1069
SACI_RS05110	170.724487544208	-1.55	0.149749915063378	-10.3252665393134	5.41681491035359e-25	5.51474602737693e-24	Saci_1070
SACI_RS05115	1116.27083533531	0.13	0.121744876127396	1.04573817815017	0.295681930954358	0.389271830427703	Saci_1071
SACI_RS05120	259.968693119613	0.95	0.147242396428102	6.47167922744951	9.69197056252423e-11	4.29113782645422e-10	Saci_1072
SACI_RS05125	162.961549758348	-1.05	0.199740321005037	-5.25789710771798	1.45712002507274e-07	4.98241040831324e-07	Saci_1073
SACI_RS05130	1368.2688969336	4.23	0.316447590100417	13.3529203459605	1.1389472909506e-40	2.47275062444937e-39	Saci_1074
SACI_RS05135	2775.91419793131	1.49	0.122697400296534	12.1512182506519	5.65171042126187e-34	9.13397504853263e-33	Saci_1075
SACI_RS05140	972.347892854584	1.66	0.177708353261236	9.36814347158771	7.38195016740165e-21	6.04648827348081e-20	Saci_1076
SACI_RS05145	309.784794899054	0.29	0.138141096708877	2.0962237615105	0.0360623460467541	0.0620671896621307	SACI_RS05145
SACI_RS05150	823.941887370949	-0.59	0.191389704200927	-3.06976158333897	0.00214229711280679	0.00459027276727448	Saci_1078
SACI_RS12050	154.923023340684	-2.23	0.228180218568062	-9.76778346407709	1.54801660942753e-22	1.39825861162327e-21	SACI_RS12050
SACI_RS05155	1246.20243565387	-1.54	0.133488972986081	-11.510995267931	1.16130349889845e-30	1.61596054441313e-29	Saci_1079
SACI_RS05160	189.350256370385	0.16	0.155857976842832	1.03800023731757	0.299269944600745	0.393314590024556	Saci_1080
SACI_RS12215	47.9495733548259	0.30	0.243849317812135	1.21573741653081	0.224084965931333	0.311214727251069	SACI_RS12215
SACI_RS12220	26.2780414268632	0.76	0.213140610759017	3.54807675078519	0.00038805512516047	0.000926192497402871	SACI_RS12220
SACI_RS05170	1343.04303086124	2.84	0.190543388510834	14.8920363541889	3.71286541296631e-50	1.25057635031127e-48	Saci_1084
SACI_RS05175	76.9831447070228	-0.64	0.202342084953051	-3.15048913651613	0.0016299731829302	0.00353880924775931	Saci_1085
SACI_RS05180	344.662779024266	-1.02	0.0938828351499283	-10.8804144627882	1.42911678700482e-27	1.69984716183676e-26	Saci_1086
SACI_RS05185	617.534947849617	0.39	0.134987960454803	2.87360493149395	0.00405816245414048	0.0083384364223046	Saci_1087
SACI_RS05190	79.8864166030604	0.95	0.226181390661887	4.18165429275026	2.89395762101523e-05	7.96169714972434e-05	Saci_1088
SACI_RS11920	11.7191733322141	-0.89	0.32075884789014	-2.78492251489915	0.0053540515766792	0.010725959912369	SACI_RS11920
SACI_RS12135	6.41641866717872	-0.06	0.355202821527817	-0.158664412340323	0.873933277771631	0.908991495840969	SACI_RS12135
SACI_RS05195	229.899265922385	-4.38	0.257206935507865	-17.0209492076003	5.74319934113225e-65	3.39319515171158e-63	Saci_1090
SACI_RS05200	44.1147858098887	-1.10	0.224448779125433	-4.87905070558689	1.06597659120666e-06	3.40281632835146e-06	Saci_1091
SACI_RS05205	92.2944134048026	-0.57	0.184634236024521	-3.09837375220618	0.00194585856442729	0.00418929167634168	Saci_1092
SACI_RS05210	150.896723258508	1.07	0.256709123083342	4.17848376587862	2.93458938994725e-05	8.0673227775514e-05	Saci_1093
SACI_RS05215	121.413981900152	-0.14	0.127037712245139	-1.10389773057913	0.26963750344128	0.360717729176827	Saci_1094
SACI_RS05220	514.541787901866	0.74	0.23337689296159	3.17253804167208	0.00151112760501535	0.00329866982948233	Saci_1095
uvsE	171.414094544612	0.02	0.141203569266414	0.168849447528729	0.865915063164526	0.903072405773317	Saci_1096
SACI_RS05235	253.232482447076	2.10	0.245607636628321	8.53342066109114	1.42082903354046e-17	9.94304434345593e-17	Saci_1099
SACI_RS05240	1406.42901981934	0.29	0.100500639018217	2.84812042609106	0.00439782796246316	0.00895973543059198	Saci_1100
folK	232.297755408447	2.52	0.170413002624474	14.7589150082486	2.69582826350666e-49	8.73779411543813e-48	Saci_1101
SACI_RS05250	333.398713132088	2.76	0.135635936828913	20.3308010804451	6.8672177551031e-92	8.83909028192556e-90	Saci_1102
SACI_RS05255	2320.69502544149	1.01	0.137006812936783	7.35665049401604	1.88582252197175e-13	1.02049615152946e-12	Saci_1103
SACI_RS05260	1064.18588895957	0.28	0.204702042067708	1.35037043573125	0.176897189153379	0.254201542946084	Saci_1104
SACI_RS05265	496.7873643162	1.26	0.178027346006221	7.08147351222761	1.42629634010512e-12	7.29130781523241e-12	Saci_1105
SACI_RS05270	2841.70272258334	1.94	0.206265260564624	9.41692707500097	4.64482566302366e-21	3.89423225264939e-20	Saci_1106
SACI_RS05275	1311.8839738762	2.53	0.195932152165992	12.8896590487772	5.14708588393994e-38	9.91983824904789e-37	Saci_1107
SACI_RS05280	5041.82390764892	1.36	0.23794234172548	5.73569910347414	9.71109348612845e-09	3.67634253403434e-08	Saci_1108
SACI_RS05285	5944.17757684863	-1.11	0.165786759334232	-6.71326981136653	1.90310740245404e-11	8.85006332702499e-11	Saci_1109
SACI_RS05290	1031.54691179622	-0.73	0.154364124867483	-4.71213630638392	2.4513331769083e-06	7.51241902174959e-06	Saci_1110
SACI_RS05295	2287.01026649509	1.92	0.163418584174996	11.7567327179558	6.52091731120902e-32	9.71131652462699e-31	Saci_1111
SACI_RS05300	2670.13215708762	1.01	0.136145441239038	7.42706826678876	1.11031064271168e-13	6.10925123104261e-13	Saci_1112
SACI_RS05305	1834.07958678131	1.23	0.21167185250544	5.79022305517333	7.02930115605797e-09	2.70081038021673e-08	Saci_1113
SACI_RS05310	7367.97921183545	-0.78	0.160724785880766	-4.84666375470188	1.25554958197298e-06	3.96929885388651e-06	Saci_1114
SACI_RS05315	795.117373467706	1.17	0.24044681564873	4.86850785500937	1.12444054007361e-06	3.57993260284919e-06	Saci_1115
SACI_RS05320	1204.49113047018	-1.24	0.175145975705475	-7.06656607041675	1.58814575440017e-12	8.08428997013872e-12	Saci_1116
glpK	1772.60267185566	-0.10	0.201926108768343	-0.513451185452407	0.607635748699137	0.696096388528827	Saci_1117
SACI_RS05330	584.539705847762	-0.51	0.171231518089421	-2.97365053044015	0.00294280023695235	0.00618417029386372	Saci_1118
SACI_RS05335	142.05356589444	-0.86	0.174967295125225	-4.90297462701589	9.43961811868528e-07	3.03482459408936e-06	Saci_1119
SACI_RS05340	232.180879360017	0.48	0.23616461337884	2.05037356502253	0.0403279907840355	0.0683962723697242	Saci_1120
SACI_RS05345	540.312319451734	0.60	0.251523344020729	2.38400160417993	0.017125527717845	0.0315543976968882	Saci_1121
SACI_RS05350	2029.40319303949	0.50	0.116337162665227	4.31763271850926	1.57711578335276e-05	4.46147981413135e-05	Saci_1122
SACI_RS05355	894.146725019105	0.37	0.206046926476004	1.80551726492449	0.0709937763170411	0.114071141260194	Saci_1123
SACI_RS05360	37.7105871673996	1.92	0.262522293907819	7.3222224201664	2.43897455306313e-13	1.30416384113346e-12	Saci_1124
SACI_RS05365	2787.70211958758	0.30	0.150260023861989	1.96452603034737	0.0494691206256991	0.0822735167212826	Saci_1125
SACI_RS05370	1487.69288086193	3.31	0.209330718733786	15.7964453658614	3.29161270049632e-56	1.31810801917653e-54	Saci_1126
SACI_RS05375	15703.2550308154	2.59	0.158202689725948	16.383869636522	2.49361515355602e-60	1.18965380820007e-58	Saci_1127
SACI_RS05380	2369.9942492112	1.56	0.13955006098503	11.214191120432	3.4734748489515e-29	4.48688292316172e-28	Saci_1128
SACI_RS05385	599.215253031352	1.74	0.134407220682319	12.9356480595473	2.83224727636845e-38	5.54751042610429e-37	Saci_1129
SACI_RS05390	1563.06625269389	-0.02	0.272682680165736	-0.0834467949251826	0.933496281261654	0.955230152659569	Saci_1130
SACI_RS05395	289.892745576699	0.41	0.181920367308847	2.25569035366156	0.0240900301167351	0.0431513263124818	Saci_1131
SACI_RS05400	250.492563169042	-0.02	0.166054838012529	-0.115668157661176	0.907915543325969	0.936499032096965	Saci_1132
SACI_RS05405	30.9140626454017	-1.04	0.236807299744486	-4.38867894790437	1.14041276578307e-05	3.29330737811073e-05	Saci_1133
SACI_RS05410	2755.25312184626	1.72	0.210399197575742	8.15409687898833	3.51798788142379e-16	2.26812671281777e-15	Saci_1134
SACI_RS05415	833.410279312987	4.17	0.191507093892942	21.7728457684013	4.1974405917159e-105	7.96188204870743e-103	Saci_1136
SACI_RS05420	350.680165756487	-1.89	0.134647732448897	-14.062343271062	6.47076053060116e-45	1.72745340387308e-43	Saci_1137
SACI_RS05425	212.537995745795	0.05	0.177974862516982	0.276434308326791	0.782214508689796	0.837522605263822	Saci_1138
SACI_RS05430	251.11392301212	-0.26	0.144165931836273	-1.82910907439715	0.0673832698379109	0.108852220751157	Saci_1139
SACI_RS11980	5340.38469933287	1.16	0.140527184206623	8.26193377704236	1.43331220710833e-16	9.42638174163943e-16	Saci_1140
SACI_RS05440	599.06564644279	0.52	0.165378941619125	3.16474137596088	0.00155220854189034	0.00338015684892614	Saci_1141
SACI_RS05445	1552.51007958737	0.55	0.132481594006923	4.1432040345793	3.4248698204899e-05	9.34385377217683e-05	Saci_1142
SACI_RS05450	2.33580332994883	0.80	0.692413120395049	1.162436136548	0.245058351815406	0.334541780281335	Saci_1143
SACI_RS05455	1.32484037565258	-1.21	0.900262265456112	-1.34440509211043	0.178817428087832	0.256551755903084	SACI_RS05455
SACI_RS11845	0.151196915145274	0.44	2.99626672594572	0.147437713463896	0.882786539735363	0.91582115406052	SACI_RS11845
SACI_RS05460	2.79309034153933	0.16	0.523112244020912	0.304731137682778	0.760570932385533	0.821162829014191	SACI_RS05460
SACI_RS05465	10000.7252320966	2.73	0.173319151531025	15.77421031439	4.68217482712635e-56	1.85434704142455e-54	Saci_1147
SACI_RS05470	3030.6468057817	2.74	0.166321261676956	16.4616811305301	6.91528652563717e-61	3.41406748471183e-59	Saci_1148
SACI_RS05475	3071.54583278987	2.00	0.19367483408565	10.3344175738865	4.9239410607206e-25	5.08478039622838e-24	Saci_1149
SACI_RS12225	555.114965116817	2.04	0.20993285852512	9.70091792896094	2.98798202378273e-22	2.63938412100808e-21	SACI_RS12225
SACI_RS05480	106.932299796153	1.08	0.23476737518739	4.58687031404683	4.49939974572866e-06	1.3569737810549e-05	Saci_1151
SACI_RS05485	102.465834817875	0.09	0.287773854587076	0.30281060997077	0.762034197230352	0.82146392209938	Saci_1152
SACI_RS05490	102.275017409415	-0.86	0.184430674873791	-4.67934990224468	2.87785949228187e-06	8.76287807551185e-06	Saci_1153
SACI_RS05495	121.253209014009	-1.87	0.208620629184246	-8.98658287212111	2.55036396701525e-19	1.96399823442798e-18	Saci_1154
SACI_RS05500	2370.14342224991	1.39	0.263106639559159	5.27982486845996	1.29307420829745e-07	4.44255428665778e-07	Saci_1155
SACI_RS05505	3614.30357369489	2.90	0.265578631601986	10.9289449392825	8.38172605442076e-28	1.01368257382995e-26	Saci_1156
SACI_RS05510	3594.32990222681	2.76	0.23628810249548	11.6784190212386	1.64323378665614e-31	2.37839942454166e-30	Saci_1157
SACI_RS12055	9.1253825534678	1.54	0.426987260234523	3.59661068215954	0.000322390440942875	0.000775113508444377	SACI_RS12055
SACI_RS05515	483.405435857225	2.05	0.156079493919345	13.1549079123955	1.59477688058959e-39	3.28432907293993e-38	Saci_1158
SACI_RS05520	190.788845265707	1.45	0.130255707399328	11.1113892166532	1.10428014000215e-28	1.38188389741935e-27	Saci_1159
SACI_RS05525	4230.44978835227	-0.06	0.176521774739767	-0.346667388438197	0.72884121285573	0.795982948827894	Saci_1160
SACI_RS05530	2459.18918381597	1.33	0.112859305725176	11.773314730491	5.35771468942382e-32	8.08192185970701e-31	Saci_1161
SACI_RS05535	6548.07458773402	0.02	0.313763734860718	0.0738072675710981	0.941163744115339	0.960893522320589	Saci_1162
SACI_RS05540	990.52028600143	-0.01	0.241835468381016	-0.0542207172865546	0.956759314954149	0.972408508486958	Saci_1163
SACI_RS05545	1977.61006479998	-0.14	0.271810879568882	-0.517104702974629	0.605083070793525	0.694496620108237	Saci_1164
SACI_RS05550	32367.6237104947	-0.47	0.253591533112933	-1.87084818444109	0.0613661267238765	0.100119294120802	Saci_1165
SACI_RS05555	4943.73130061109	0.19	0.167153413354202	1.16158642707227	0.245403497998419	0.334632692692509	Saci_1166
SACI_RS05560	4470.25204568946	-0.57	0.512624506742719	-1.12101419223898	0.262281821375632	0.352973743180649	Saci_1167
SACI_RS05565	322.09781571273	-0.90	0.224488105472331	-4.01571478848883	5.92658943851962e-05	0.00015705462012077	Saci_1168
SACI_RS05570	33.3742781191059	-1.71	0.249569469934132	-6.85885928003903	6.94125708498499e-12	3.38515433481541e-11	Saci_1169
msrA	908.674870175269	0.61	0.155322931660546	3.91390059604435	9.08170344162914e-05	0.000234123456392213	Saci_1170
SACI_RS05580	290.393857529896	-2.98	0.266270041290766	-11.2080349453254	3.72368500162939e-29	4.79291455209726e-28	Saci_1171
SACI_RS05585	338.687586931245	1.19	0.254635515741276	4.6792818652179	2.87881455088958e-06	8.76287807551185e-06	Saci_1172
SACI_RS05590	773.410029756409	1.92	0.310611377022338	6.17324523335971	6.69023172616635e-10	2.80693773470355e-09	Saci_1173
SACI_RS05595	447.786337706763	2.31	0.367066215719331	6.29429541499255	3.08799246514399e-10	1.32805785732445e-09	Saci_1174
SACI_RS05600	414.312237072954	2.86	0.419242500854646	6.8115191902844	9.65734117438174e-12	4.65308256583847e-11	Saci_1175
SACI_RS05605	622.93572219559	3.45	0.356226581337908	9.67702319433663	3.77548883933854e-22	3.310671965201e-21	Saci_1176
SACI_RS05610	1364.76122933656	3.48	0.333122266167799	10.4533163384477	1.41489377614667e-25	1.49978740271547e-24	Saci_1177
SACI_RS05615	26732.407806018	4.33	0.324685818274446	13.3397613845609	1.35893809115143e-40	2.89799578728387e-39	Saci_1178
SACI_RS05620	74.7444729480741	2.76	0.331971312811435	8.3209142320269	8.72873967282663e-17	5.80412874185741e-16	Saci_1179
SACI_RS05625	3251.40350527551	1.60	0.267326369942333	5.96827108452486	2.39780753107862e-09	9.68800262556879e-09	Saci_1180
arnS	745.605206510266	1.17	0.156992061055159	7.45395711478468	9.05814524658721e-14	5.00698703507673e-13	Saci_1181
SACI_RS05635	1829.12729416132	-1.18	0.22513925140824	-5.24699611525368	1.5459915755587e-07	5.26630778668578e-07	Saci_1182
SACI_RS05640	2667.03223757534	-1.70	0.256423243582659	-6.63265325431643	3.2970572121988e-11	1.50794342547773e-10	Saci_1183
SACI_RS05650	132.112361142177	0.23	0.166110780152667	1.40768207943899	0.15922523060831	0.232703865009062	Saci_1185
SACI_RS05655	411.124559124072	1.03	0.187379711160592	5.48000657126758	4.25310039385807e-08	1.54206980075095e-07	Saci_1186
SACI_RS05660	405.523824334188	-0.14	0.171202402477011	-0.81418171609689	0.415540858223383	0.517542802305735	Saci_1187
SACI_RS05665	1077.78243160409	0.52	0.141297772988878	3.6754812998883	0.0002374014305835	0.000579278778485399	Saci_1188
SACI_RS05670	2510.34343588751	-0.05	0.242350022808798	-0.207519954948274	0.835603810060997	0.880302873855549	Saci_1189
purE	132.963698418518	-1.95	0.116498601697049	-16.7258562256843	8.49465629428734e-63	4.37353446923022e-61	Saci_1190
SACI_RS05680	414.756110516176	-1.70	0.110265732893217	-15.4380270027567	9.08367058363302e-54	3.34056620238912e-52	Saci_1191
SACI_RS05685	480.970688895125	0.70	0.18898693212782	3.67987251772109	0.000233350580054391	0.000570940590981686	Saci_1192
SACI_RS05690	4571.00395805355	0.47	0.332407885811574	1.40861773789105	0.158948230995384	0.232581983153619	Saci_1193
SACI_RS12060	2974.69829555439	1.80	0.235332317091528	7.6618308578548	1.83300949526794e-14	1.06037981074569e-13	Saci_1194
SACI_RS05695	721.939839047681	-0.09	0.0881287131337724	-1.05205364807115	0.292774936650651	0.3863642884251	Saci_1195
SACI_RS05700	1578.35711056723	1.38	0.191055186087296	7.23630472420907	4.61074737580033e-13	2.41177555041864e-12	Saci_1196
SACI_RS05705	371.36280309403	-0.41	0.11776332388911	-3.51746510310193	0.000435689634491185	0.00103168557339437	Saci_1197
SACI_RS05710	1181.36065418414	-0.58	0.173061317473573	-3.33088948186674	0.000865689647702461	0.00196593918734699	Saci_1198
SACI_RS05715	1410.17097745215	0.42	0.260077424288726	1.60161531432241	0.109240702200737	0.167248721636133	Saci_1199
SACI_RS05720	351.012760833631	1.08	0.224500517297959	4.79915777577427	1.59334241306254e-06	5.0064568933543e-06	Saci_1200
SACI_RS05725	753.507448420537	0.37	0.178060155515846	2.07610617664681	0.0378841320395791	0.0649854411568981	Saci_1201
SACI_RS05730	674.845919833104	-0.53	0.143998409549824	-3.70167588465779	0.000214180107255141	0.000525105514658183	Saci_1202
SACI_RS05735	1946.43514186356	-2.56	0.295527773081976	-8.66731118855524	4.42444495999236e-18	3.21485879754284e-17	Saci_1203
SACI_RS05740	192.941647893514	1.31	0.237057810739254	5.54420706282218	2.95289235338582e-08	1.08816196744402e-07	Saci_1205
SACI_RS05745	323.870697985663	1.70	0.144642064055747	11.7873626032874	4.53521700614496e-32	6.89659159921791e-31	Saci_1206
SACI_RS05750	352.866686428275	1.94	0.104357940166321	18.5817435745769	4.51591844877137e-77	3.78496978822605e-75	Saci_1207
SACI_RS05755	382.639273776894	0.83	0.167480564734471	4.9808927039422	6.32916262780225e-07	2.05683517678984e-06	Saci_1208
SACI_RS05760	4406.53641710118	1.89	0.112355583584728	16.8626054218335	8.47684977559393e-64	4.62887372594554e-62	Saci_1209
SACI_RS05765	4851.48785574303	0.83	0.190740463355772	4.35288021212644	1.34360572648367e-05	3.83843357324288e-05	Saci_1210
SACI_RS05770	5487.95790136267	1.09	0.283853379917683	3.84109551689333	0.00012248643783616	0.000310877991337817	Saci_1211
SACI_RS05775	195.052009766433	1.28	0.19143976919318	6.66492589957142	2.64798923969853e-11	1.21881905745511e-10	Saci_1212
SACI_RS05780	926.700547511269	0.38	0.0608465497674641	6.31616230895525	2.68138433803769e-10	1.15594607108706e-09	Saci_1213
acnA	5342.0145574279	-0.54	0.155062154864238	-3.50223384523304	0.000461374487094064	0.00109107194979462	Saci_1214
SACI_RS05790	160.04604785371	-1.42	0.155229832862588	-9.12643914396596	7.07893787832338e-20	5.64435666227378e-19	Saci_1215
SACI_RS05795	495.929691997044	1.25	0.228196641143706	5.47854317273288	4.2884196005079e-08	1.55175343777414e-07	Saci_1216
SACI_RS05800	1820.41315372083	1.64	0.149497420274321	10.9435638745234	7.13392948812265e-28	8.7154853814217e-27	Saci_1217
SACI_RS05805	285.426217079578	-1.39	0.159254843620508	-8.74757055321952	2.17995073198118e-18	1.60337600776738e-17	Saci_1218
SACI_RS05810	2554.82247637149	0.88	0.164506296047429	5.33518805150291	9.54455869505299e-08	3.34291443507978e-07	Saci_1219
SACI_RS05815	94.9472501592256	-0.09	0.131210743855934	-0.723860393956538	0.469151447314438	0.569108655712297	Saci_1220
SACI_RS05820	52.8562507913969	-0.22	0.173648603183417	-1.25268290396875	0.210321130137928	0.295055411840051	Saci_1221
SACI_RS05825	53.2548475610247	-0.37	0.185474463330611	-1.97579827971086	0.0481776283648602	0.0803852651050724	Saci_1222
SACI_RS05830	4693.33209029471	-0.71	0.24107861730281	-2.96453430723542	0.00303141439917169	0.00636296883786534	Saci_1223
SACI_RS05835	478.340947157289	-1.80	0.185751892259757	-9.66726131981665	4.15343988066161e-22	3.63325177910302e-21	Saci_1224
SACI_RS05840	708.261513729563	1.48	0.263621512375166	5.60198077496852	2.11916064782508e-08	7.89809201112884e-08	Saci_1225
SACI_RS05845	1101.09460309194	1.34	0.126652742534305	10.5856574232454	3.47333860538315e-26	3.78184662652594e-25	Saci_1226
SACI_RS05850	264.861244195356	-1.04	0.157626672387801	-6.57984194243165	4.70948634440657e-11	2.13228502327152e-10	Saci_1227
SACI_RS05855	2065.80822127488	-0.21	0.356417972018646	-0.599262160339227	0.548998076973454	0.643652917830946	Saci_1228
SACI_RS05860	559.191895282131	-0.92	0.361228734907178	-2.54366457752234	0.0109696366679738	0.0208680404176684	Saci_1229
tenA	236.44687756368	0.41	0.162689463007345	2.49495800863894	0.0125972036672649	0.0237201264455708	Saci_1230
SACI_RS05870	119.070270642533	-2.29	0.186854463042509	-12.2471804841826	1.7393853937371e-34	2.90219674029098e-33	Saci_1231
SACI_RS05875	219.160006234629	-1.26	0.189106024505566	-6.65978014407248	2.74237505913809e-11	1.25584748578573e-10	Saci_1232
SACI_RS05880	74.4263260504901	-0.21	0.152942926884274	-1.34890911806271	0.177366159142417	0.254672365557479	Saci_1233
SACI_RS05885	102.657775570137	-0.41	0.14773920749838	-2.7898112829963	0.00527387720555618	0.0105771026426402	Saci_1234
SACI_RS05890	136.445400764037	1.18	0.187700887620215	6.29600602223593	3.05412511517188e-10	1.31506175807401e-09	Saci_1235
SACI_RS05895	205.268968229411	1.16	0.152921093998521	7.6116210014478	2.70679318963818e-14	1.53663844275797e-13	Saci_1236
SACI_RS05900	2744.41162508432	-0.85	0.199339312779689	-4.24552079611882	2.18086279616656e-05	6.06936642269057e-05	Saci_1237
SACI_RS05905	35.3557606791364	-1.18	0.21998792195769	-5.37964447377793	7.46330803081405e-08	2.65525786209811e-07	Saci_1238
SACI_RS05910	541.092582999822	1.37	0.130101595829316	10.5271564977202	6.47612496233416e-26	6.92580248197397e-25	Saci_1239
SACI_RS05915	766.548012419468	-2.07	0.183098750945899	-11.3134082308745	1.1262786499649e-29	1.5089621763842e-28	Saci_1240
SACI_RS05920	391.408533529344	-1.98	0.130468885395566	-15.2045234967247	3.30023358784592e-52	1.16608253437223e-50	Saci_1241
SACI_RS05925	927.485218331992	1.89	0.166922753944238	11.300927959282	1.29838686168316e-29	1.72036259173019e-28	Saci_1242
SACI_RS05930	296.965908029985	-1.01	0.089760840190915	-11.2033804353521	3.92466050017566e-29	5.03362150983384e-28	Saci_1243
SACI_RS05935	99.7125567768379	-0.77	0.143427455752583	-5.33500296806602	9.55429945205778e-08	3.34307720633168e-07	Saci_1244
mvaD	124.149054074122	-1.42	0.132385782515077	-10.7505515686313	5.89082923260069e-27	6.76132119563468e-26	Saci_1245
SACI_RS05945	558.854806300019	-0.28	0.12617120343876	-2.1831418883782	0.0290253626473726	0.0509286304679313	Saci_1246
SACI_RS05950	111.889721658609	-2.49	0.1448200172308	-17.1987302840957	2.71413943133718e-66	1.71609798430513e-64	Saci_1247
SACI_RS05955	1723.15181340866	2.20	0.20715417952454	10.6347760597578	2.05321389602556e-26	2.27685627116188e-25	Saci_1248
SACI_RS05960	1030.04090953893	-0.03	0.103078107187711	-0.263530641301347	0.7921416096074	0.846391450051903	Saci_1249
SACI_RS05965	680.609040718911	-0.91	0.172322711709905	-5.30839435549634	1.1059515662118e-07	3.82886594104449e-07	Saci_1250
SACI_RS05970	78.4500769686091	0.24	0.183448410067106	1.33467647345874	0.18198225682855	0.260160275132921	Saci_1251
SACI_RS05975	137.816360796361	0.62	0.184374306553552	3.36238667882083	0.000772718348445725	0.00176768262300607	Saci_1252
SACI_RS05980	894.134230784382	0.17	0.0937963721260259	1.85838414920956	0.063114481592037	0.102646476379829	Saci_1253
SACI_RS05985	129.000393576067	-0.85	0.154025780386198	-5.49816627981423	3.83760976993843e-08	1.39845759462671e-07	Saci_1254
SACI_RS05990	239.735838037297	-2.69	0.176235983468329	-15.2620260394385	1.36929809459311e-52	4.93495033291356e-51	Saci_1255
SACI_RS05995	405.703173077148	-1.36	0.163696714132676	-8.3307929010471	8.03026983667712e-17	5.35946157247858e-16	Saci_1256
SACI_RS06000	81.0938395209848	-1.24	0.16245378855982	-7.61158959281692	2.7074511963133e-14	1.53663844275797e-13	Saci_1257
SACI_RS06005	2.65101989485772	-1.40	0.573141026648979	-2.43876917548424	0.0147373783928055	0.0274488432701142	Saci_1258
SACI_RS06010	2274.55104073903	1.39	0.26110713697447	5.31672265985867	1.05652915934888e-07	3.6683343837123e-07	SACI_RS06010
SACI_RS06015	713.141540046811	-2.80	0.172081770999085	-16.2890752814111	1.17999918692042e-59	5.45220137136049e-58	Saci_1259
SACI_RS06020	164.473884173381	-0.50	0.180598648788878	-2.7482577696211	0.00599128864339401	0.0119098754940938	Saci_1260
thrS	984.145100313889	-2.18	0.152011542241049	-14.3504604699787	1.05832211568036e-46	3.05135432392961e-45	Saci_1261
SACI_RS06030	117.832174372636	-0.30	0.114766462845886	-2.64205016026802	0.00824058505895337	0.0160535505689016	Saci_1262
SACI_RS06035	96.8714045940152	-1.07	0.168203443885296	-6.34064623470017	2.28803378881694e-10	9.92307313465254e-10	Saci_1264
SACI_RS06040	640.00190204442	-0.43	0.316534407021943	-1.36309523591111	0.172852498040736	0.249539457346308	Saci_1265
sucD	1199.41141367865	-0.65	0.225170890252685	-2.90513755023514	0.0036709173733828	0.00759471080004112	Saci_1266
SACI_RS06050	246.292100549518	-0.60	0.129311106713296	-4.62558427181083	3.73543885256506e-06	1.1322558136791e-05	Saci_1267
SACI_RS06055	4.43340774874729	-1.01	0.458822698488836	-2.20876865241746	0.0271907364886014	0.0480841090799408	Saci_1268
SACI_RS06060	207.089076306905	0.61	0.175688564485744	3.45620752422534	0.000547833371617661	0.00128207238396756	Saci_1269
SACI_RS06065	87.1617145786814	0.82	0.233261910799722	3.53466057473214	0.000408299270343709	0.00097065341050048	Saci_1270
SACI_RS06070	36975.4335859631	3.52	0.12747404868605	27.6225274894729	5.96884726892727e-168	7.17057518573796e-165	Saci_1271
SACI_RS06075	61585.96016985	3.22	0.125573429222711	25.606696452017	1.28484390807403e-144	7.71762907449803e-142	Saci_1272
SACI_RS06080	45.3852759780785	0.74	0.261656703044437	2.81894411557182	0.00481819059207503	0.00974453361045926	Saci_1273
SACI_RS06085	1864.69686058454	-1.88	0.237431358706775	-7.93207959321933	2.15506236985202e-15	1.32993917481964e-14	Saci_1274
SACI_RS11640	151.66066660247	0.05	0.179253426007312	0.258233085196686	0.796227025309529	0.847991193621614	SACI_RS11640
SACI_RS06090	1434.01245037534	-0.32	0.135312883102072	-2.3952066418976	0.0166110006788317	0.0306690811713676	Saci_1275
SACI_RS06095	143.073486815887	-2.36	0.174687132527304	-13.5336361328947	9.90028726409467e-42	2.30197647095466e-40	Saci_1276
SACI_RS06100	343.352948516054	-2.24	0.166895948272528	-13.4099392667056	5.28821138253065e-41	1.19116961391503e-39	Saci_1277
SACI_RS06105	95.4139369401084	-0.27	0.383554760580011	-0.702284805140612	0.482501567342775	0.581539756712589	Saci_1278
priS	215.512918516619	-0.30	0.272728045062714	-1.09967918203963	0.27147192833994	0.362633369064916	Saci_1279
SACI_RS06115	489.593282038668	-0.80	0.182055215230339	-4.40898516479297	1.03856138383596e-05	3.00882253001995e-05	Saci_1280
SACI_RS06120	444.791538947082	-1.18	0.147115219896859	-8.00853973632352	1.16078457208369e-15	7.3009905720587e-15	Saci_1281
SACI_RS06125	285.734230778026	-1.02	0.159259900537712	-6.37949058696115	1.77678005321566e-10	7.76227855226316e-10	Saci_1282
SACI_RS06130	79.3686136650674	-0.45	0.17239093344643	-2.62382673051676	0.00869480053282237	0.0168836536208469	Saci_1283
rnz	195.694010835418	-1.04	0.14640373453174	-7.12828046850005	1.01630529476138e-12	5.22505603754637e-12	Saci_1284
SACI_RS06140	62.6944044823936	-1.06	0.160417429488557	-6.60712182669605	3.91863563179919e-11	1.78317712335912e-10	Saci_1285
SACI_RS06145	13.2977996603856	-0.28	0.344728198612461	-0.798722761218405	0.424451185734095	0.526322256258555	Saci_1286
thpR	198.795196562878	-0.44	0.110967904837564	-3.94446211406145	7.99792963059701e-05	0.000207819310660935	Saci_1287
SACI_RS06155	283.555816144415	-0.10	0.23116903525149	-0.413964506432241	0.678900100930381	0.755404743363104	Saci_1288
SACI_RS06160	96.921749934998	0.30	0.184132623236074	1.65320635454111	0.0982888736581766	0.152358322866266	Saci_1289
SACI_RS06165	1303.01770899614	-0.23	0.17675031162077	-1.31502664008189	0.188500949414593	0.268626896674652	Saci_1290
SACI_RS06170	10.8821272152226	-1.60	0.47486745661509	-3.35975555127611	0.000780114648295053	0.00178170671258262	Saci_1291
SACI_RS12235	7.34061309120271	-0.02	0.348467626676304	-0.066191098965064	0.9472256832317	0.965441561755386	SACI_RS12235
SACI_RS06180	179.366699016329	0.12	0.144294482986411	0.863133026838947	0.388064331173018	0.487801780013529	Saci_1293
SACI_RS06185	172.762640905387	-0.40	0.128934230886613	-3.11899683692143	0.00181467909390049	0.00392799006271313	Saci_1294
SACI_RS06190	528.39464946848	-0.35	0.239055523452906	-1.4459729507706	0.148184788758352	0.21923562343395	Saci_1295
SACI_RS06195	495.288157928287	0.05	0.146374436168075	0.315653231578893	0.752265728769259	0.814443173387583	Saci_1296
SACI_RS06200	340.800867224778	0.16	0.22644724606592	0.688674221257987	0.4910283021784	0.589495669903716	SACI_RS06200
SACI_RS06205	70.162988343231	1.14	0.26333130157971	4.32123963973072	1.55155053884764e-05	4.39260655302976e-05	Saci_1298
SACI_RS06210	2184886.8087702	0.42	0.346757527146304	1.22165330581057	0.221838761230063	0.308570781734136	Saci_1299
SACI_RS06215	474877.172685707	0.04	0.55728999086485	0.0709232804575011	0.943458814903024	0.962146454134267	Saci_1300
rpiA	307.50990662129	-0.12	0.171168951151402	-0.724265233580768	0.468902916667887	0.568998690798338	Saci_1301
SACI_RS06225	3673.22705607858	0.89	0.176956018346602	5.01214574956291	5.38264079627234e-07	1.76034822411665e-06	Saci_1302
SACI_RS06230	6.83618447106221	0.12	0.398611559802911	0.310659415682383	0.756059553199821	0.817288131293388	Saci_1303
SACI_RS06240	132.186727152137	0.35	0.164737722456251	2.1210730746012	0.0339156534118502	0.0585963638045581	Saci_1305
pyrH	466.170796075805	0.06	0.150598023403523	0.428938377943515	0.667968070099152	0.747162298149393	Saci_1306
SACI_RS06250	3337.99623886812	0.71	0.192848455186699	3.67002038767751	0.000242531124089127	0.000590596061633252	Saci_1307
SACI_RS06255	201.29205197257	-0.49	0.122268988899326	-4.00147831075684	6.29479660742433e-05	0.00016644495211414	Saci_1308
SACI_RS06260	188.594786314418	-1.47	0.278037729734771	-5.28906692643944	1.22941904210079e-07	4.24002509830742e-07	Saci_1309
SACI_RS06265	564.64603379239	-1.16	0.282128486328841	-4.10531797470158	4.03759109668815e-05	0.000108836786181482	Saci_1310
SACI_RS06270	533.018619190566	-1.64	0.194439690595875	-8.41003425656217	4.09890990453071e-17	2.792527655185e-16	Saci_1311
SACI_RS06275	942.371181318784	0.10	0.215238121318206	0.468992181404393	0.639075224652863	0.722241175807123	Saci_1314
SACI_RS06280	1224.26183727277	0.01	0.269465619110248	0.0297764219207165	0.976245363008661	0.985751739325694	Saci_1315
SACI_RS06285	327.966680053796	0.62	0.298899115084374	2.06576227694472	0.0388509316515193	0.0661401783996578	Saci_1316
SACI_RS06290	486.522387995207	0.35	0.290406461570359	1.22222864726951	0.221621173421788	0.308387146336728	Saci_1317
SACI_RS06295	50.8399157799782	-0.40	0.194489559145825	-2.06631400294469	0.0387988400655952	0.0660827124746717	Saci_1319
SACI_RS06300	815.036660482315	-1.62	0.196754819701242	-8.24103587039201	1.70726030726999e-16	1.12075886109309e-15	Saci_1320
SACI_RS06305	111.510470989117	-2.65	0.193387089462063	-13.709618300055	8.89244059426049e-43	2.16542945281857e-41	Saci_1321
rgy	5045.31317972623	-0.04	0.415624427463622	-0.107169953824454	0.914654151494531	0.941832446281797	Saci_0839
albA	2338.28127452596	-3.82	0.152789791958073	-24.9720388497432	1.23078265444587e-137	5.54467585827864e-135	Saci_1322
SACI_RS06320	2281.85473738935	0.26	0.12655582201138	2.07335013651506	0.0381397058936646	0.0652995249599844	Saci_1323
SACI_RS06325	124.033128583212	0.21	0.23047769847797	0.920880978941235	0.357112570347095	0.454300636615224	Saci_1324
SACI_RS06330	99.8107384034026	-0.40	0.135862274084674	-2.92814663876457	0.00340989183597675	0.00711595262122767	Saci_1325
SACI_RS06335	559.977412865434	0.39	0.195720531597747	1.96922431455597	0.0489273379396599	0.0814852707645722	Saci_1326
SACI_RS06340	164.832125009569	0.51	0.133550463955107	3.82659633124171	0.000129927317775654	0.000329063986833068	Saci_1327
SACI_RS06345	65.4923791518323	-0.39	0.179206956730727	-2.17925479621802	0.0293127452819137	0.0513578677666588	Saci_1328
gatC	223.824811286923	0.28	0.235407176175538	1.20718540827783	0.227360748635911	0.315035808567406	Saci_1329
gatA	826.080445392899	-0.04	0.214873253134754	-0.170563530107428	0.864566976394006	0.902897531997681	Saci_1330
twy1	1450.28720019362	-1.53	0.180863405610185	-8.46989134228196	2.45622050276296e-17	1.7056298057722e-16	Saci_1331
SACI_RS06365	606.243891967167	-1.20	0.157631185965873	-7.6121895226762	2.69490989940315e-14	1.53435312439952e-13	Saci_1332
SACI_RS06370	240.124933328071	-0.15	0.167942135488621	-0.893622721779266	0.371523785029639	0.470144565044529	Saci_1333
dph5	164.164642271556	-0.62	0.124022148682438	-5.01797253130202	5.22196410738859e-07	1.71090533118441e-06	Saci_1334
SACI_RS06380	442.374486252652	0.97	0.114398760202458	8.4532358734496	2.83338460198529e-17	1.95622952213697e-16	Saci_1335
SACI_RS06385	985.411970560076	-0.94	0.234470185388981	-4.00352448571397	6.24057387777204e-05	0.000165132366046185	Saci_1336
SACI_RS06390	234.973255739065	-0.77	0.193818410138635	-3.97160276762362	7.13906912052959e-05	0.000187804416864151	Saci_1337
SACI_RS06395	593.346671252546	-0.52	0.132327017624978	-3.89284125739037	9.90769864997139e-05	0.00025432582574428	Saci_1338
SACI_RS06400	1741.71172779277	-1.10	0.245464323556477	-4.4738617402021	7.68194240910034e-06	2.24836941204145e-05	Saci_1339
SACI_RS06405	577.802913910441	-0.28	0.279528195092815	-1.01002921336997	0.312481294059301	0.407594130940906	Saci_1340
SACI_RS06410	1823.58700423024	0.06	0.445072128124998	0.141472698948179	0.887496526186761	0.920177641075111	Saci_1341
SACI_RS06415	4579.2911824616	2.15	0.124505063360036	17.297655820117	4.89921888046101e-67	3.15299729378241e-65	Saci_1342
SACI_RS06420	251.629093938791	-0.36	0.135515810240637	-2.62230419679975	0.00873374373176687	0.0169137089786608	Saci_1343
SACI_RS06425	1679.6273992878	-0.15	0.0955774711391595	-1.54560532697864	0.122199913913375	0.184890213998238	Saci_1344
SACI_RS06430	255.035640476612	-0.22	0.297990077236448	-0.749741911156991	0.453410160219924	0.553741178391259	Saci_1345
SACI_RS06435	1572.14742341077	-0.63	0.198283624452196	-3.16517453016337	0.00154989952213534	0.00337716921268184	Saci_1346
SACI_RS06440	1699.30321259166	-0.62	0.159813149671151	-3.88844246066653	0.000100889581133345	0.000258426475056558	Saci_1347
SACI_RS06445	1581.99068653331	-0.49	0.171261421832388	-2.86420934357723	0.0041805162297466	0.00857029607053855	Saci_1348
gatD	381.631080895412	-1.15	0.1743067065079	-6.58954380592321	4.41180052130115e-11	2.00001623632319e-10	Saci_1349
gatE	584.337523056497	-0.87	0.231706062348617	-3.75526524788186	0.000173157995967972	0.000430981641898185	Saci_1350
SACI_RS06460	185.136697745221	-1.08	0.152989703832645	-7.04472442855561	1.85828906409505e-12	9.39309086535564e-12	Saci_1351
SACI_RS06465	2188.85580053976	1.65	0.154237742550973	10.6775417438784	1.29659670467999e-26	1.46486975663532e-25	Saci_1352
SACI_RS06470	13906.359634533	0.61	0.23374348452307	2.62246274214239	0.00872968121876196	0.0169137089786608	Saci_1353
SACI_RS06475	636.548373559095	1.41	0.0890192215975291	15.8232773014654	2.15003602351277e-56	8.70643800982026e-55	Saci_1354
SACI_RS06480	1517.0031164731	1.07	0.243152601587872	4.40197757800895	1.07268644713944e-05	3.10319906291825e-05	Saci_1355
SACI_RS06485	1718.99961672886	0.38	0.236124833730349	1.59805448058765	0.110030852842668	0.168253114190642	Saci_1356
SACI_RS06490	570.642977472843	0.61	0.200597843941818	3.03059063383036	0.00244075920507931	0.00518050422562181	Saci_1357
SACI_RS06495	3834.02979988236	-1.10	0.151911334525257	-7.22319349403722	5.07806776895779e-13	2.64470465886183e-12	Saci_1358
hmgA	539.502494028452	0.85	0.252894829208227	3.38030076559562	0.000724065485471004	0.00166318165050191	Saci_1359
SACI_RS06505	222.356272895262	1.42	0.29817502572361	4.76234977599913	1.91351637040396e-06	5.924667524859e-06	Saci_1360
SACI_RS06510	878.554539187183	1.40	0.255521557278184	5.48651395555699	4.09943050943175e-08	1.48934955201533e-07	Saci_1361
SACI_RS06515	1032.38376880152	1.24	0.254674225428819	4.88016773245215	1.05995652716676e-06	3.38960365919167e-06	Saci_1362
speD	2848.52690827693	-1.22	0.105231868438862	-11.5723563691811	5.68982062128063e-31	7.97903249770249e-30	Saci_1363
SACI_RS06525	208.371562571179	-2.76	0.186568690210306	-14.7947553887394	1.58358992362514e-49	5.18841644067728e-48	Saci_1364
SACI_RS06530	10.3622416605697	0.38	0.363536134897571	1.03703105697532	0.299721383482954	0.393657385594958	Saci_1365
SACI_RS06535	280.14201139466	-0.94	0.140477818438918	-6.71371093151268	1.89736010036085e-11	8.83473617790764e-11	Saci_1366
SACI_RS06540	129.561586062092	-1.17	0.189091473837049	-6.16923381583869	6.86216913039428e-10	2.8657308859723e-09	Saci_1367
SACI_RS06545	655.943607931713	-2.52	0.35040689695322	-7.20045556762437	6.0011711460662e-13	3.11645833003207e-12	Saci_1368
SACI_RS06550	608.488190302491	-2.87	0.423086279971268	-6.7838112516749	1.17046228507306e-11	5.57982285106256e-11	Saci_1369
SACI_RS06555	68.1771878704589	-1.99	0.20057161575419	-9.92074381765817	3.38226137339689e-23	3.117562657218e-22	Saci_1370
SACI_RS06560	325.469190478457	-0.57	0.20376710058036	-2.80150317870294	0.00508651400203682	0.010241227074492	Saci_1371
SACI_RS06565	4483.50099114586	0.75	0.376622095936608	1.98036536184615	0.0476624891771501	0.0795625803587073	Saci_1372
SACI_RS06570	4685.05783292994	0.57	0.403670828254771	1.41497272359586	0.157076493601785	0.230310692815636	Saci_1373
cdvA	4967.59001665358	0.69	0.36631834231981	1.89454510361304	0.0581526935141716	0.0953947689690825	Saci_1374
SACI_RS06580	1303.23113597693	-0.07	0.254954961818819	-0.255573379396539	0.798280276024604	0.849926769510391	Saci_1376
eno	387.168112181112	-1.23	0.109294277219811	-11.2513427075528	2.28093033437015e-29	3.00017260039052e-28	Saci_1377
SACI_RS06590	29.3212110540316	0.84	0.200112965338073	4.18224910183601	2.88639468431681e-05	7.94695679318394e-05	Saci_1378
SACI_RS06595	453.258960807273	-0.21	0.180219917949012	-1.19122059169955	0.233566997831213	0.322395810104822	Saci_1379
SACI_RS06600	368.085821898837	-0.32	0.139794210068045	-2.31499584826268	0.0206131592813618	0.0375011741797212	Saci_1380
gcvPB	341.887975046942	-1.07	0.178994450555935	-5.97777122913888	2.26211099567628e-09	9.16027868361497e-09	Saci_1381
gcvPA	512.958828433645	-1.28	0.141323609711803	-9.07476990483956	1.13917940190304e-19	8.96419773899247e-19	Saci_1382
gcvT	473.735284396329	0.38	0.257101216220882	1.48023970603107	0.138809287518948	0.207666530601199	Saci_1383
gcvH	357.818325300532	-0.06	0.182711188636283	-0.313423467758433	0.753958957069768	0.815506627034647	Saci_1384
SACI_RS06625	459.023674630982	0.20	0.26015224307382	0.784303168147323	0.432862240940218	0.534693394506241	Saci_1385
SACI_RS06630	167.48580968638	0.09	0.20423241010727	0.454868731245795	0.649203679598637	0.730937226264757	Saci_1386
SACI_RS06635	1172.84633950608	1.45	0.160467702745209	9.05935644496338	1.31222463476365e-19	1.02586932401046e-18	Saci_1387
sufC	1727.55530353366	0.44	0.181843511625638	2.40798573650897	0.0160408077124086	0.0296923836648795	Saci_1388
sufB	6055.39432251124	1.71	0.151222719458052	11.3379785035564	8.50872268999252e-30	1.16156956722474e-28	Saci_1389
SACI_RS06650	1998.41197748223	1.22	0.243645245323117	5.01488661527374	5.30647492942657e-07	1.73701504501847e-06	Saci_1390
SACI_RS06655	688.698379457874	0.69	0.240766398607041	2.88393548593013	0.00392739202622888	0.00809280781162315	Saci_1391
SACI_RS06660	17.3737544070513	-0.72	0.301586488637586	-2.38728593687401	0.0169732841849278	0.0313219232987607	Saci_1392
SACI_RS06665	595.03323926788	0.27	0.174212248068136	1.57350784605198	0.115601272998234	0.175739048355859	Saci_1393
SACI_RS06670	8.32475221102904	0.79	0.375202658367659	2.11815638682218	0.0341618254198878	0.0589651431098064	Saci_1395
SACI_RS06675	601.827981242115	-1.35	0.218263823661785	-6.17173413252379	6.75450134827801e-10	2.82731972812938e-09	Saci_1396
SACI_RS06680	634.84761526979	-0.74	0.321617585059723	-2.31476700008662	0.0206256868217261	0.037505032949294	Saci_1397
SACI_RS06685	1846.59275093658	-0.35	0.257122309101134	-1.36931853012405	0.17089972818244	0.247557323299644	Saci_1398
SACI_RS06690	2510.5690305819	-0.04	0.141153032232071	-0.318225943460303	0.750313554819657	0.813516862686535	Saci_1399
SACI_RS06695	1660.67772185526	0.37	0.19243730369078	1.9202799413587	0.0548225486420447	0.0905501674179327	Saci_1400
SACI_RS06700	6530.82727321211	1.10	0.218885095380766	5.00721585892124	5.52229852375628e-07	1.80438475789825e-06	Saci_1401
SACI_RS06705	61.7672028805173	-1.33	0.180191451119571	-7.35601079115318	1.89487704136205e-13	1.0238585992607e-12	Saci_1402
SACI_RS06710	743.642624639688	-0.31	0.156732069546891	-2.00793109615888	0.0446506142130802	0.0750213583328396	Saci_1403
SACI_RS06715	693.290650529204	0.17	0.0761118430930469	2.2955337765494	0.0217025530181253	0.0392060155776058	Saci_1404
SACI_RS06720	283.78508205285	0.13	0.142878764967374	0.913761011815514	0.360842437124385	0.458236836996576	Saci_1405
SACI_RS06725	159.52694690267	-0.03	0.149066027265355	-0.178939713606212	0.857985039060251	0.897584348555339	Saci_1406
SACI_RS06730	239.320468933347	-0.10	0.114763778079705	-0.880187505100307	0.378757741181465	0.478458779957238	Saci_1407
argF	242.504529197014	-0.12	0.15175076979363	-0.816147459988937	0.414415802366221	0.516443482616826	Saci_1408
SACI_RS06740	1198.24264092294	0.46	0.123206946652832	3.74859004128302	0.000177831494000676	0.000440181802457716	Saci_1409
SACI_RS06745	193.006384329861	-1.47	0.28351556711726	-5.17125345858056	2.32528914498914e-07	7.81748328222095e-07	Saci_1410
asd	6118.88832271343	-2.25	0.277581801230073	-8.12263655963075	4.56163777589478e-16	2.92009636666515e-15	Saci_1411
SACI_RS06755	879.302785341597	-0.80	0.383328635161286	-2.07654951776111	0.0378431563278887	0.06494606447891	Saci_1412
thrC	1034.10726928909	-1.39	0.224823464932801	-6.19102235952381	5.97752283145995e-10	2.51670470614272e-09	Saci_1413
SACI_RS06765	472.867183812284	0.70	0.0713297931392346	9.84811409144923	6.98421479548721e-23	6.35634094013533e-22	Saci_1414
SACI_RS06770	547.351900792004	1.81	0.218815604149684	8.27176490596791	1.31990373888173e-16	8.72831756867848e-16	Saci_1415
SACI_RS06775	6607.65935773069	-0.47	0.264599451848565	-1.78599549750777	0.0740999871562738	0.118481079729907	Saci_1416
ppsA	2369.83024347125	0.76	0.232706737455626	3.26989813497305	0.0010758621938427	0.00239790188411199	Saci_1417
SACI_RS06785	54.3544132329013	-1.75	0.249725680523202	-7.00005395198585	2.55863960126271e-12	1.28610001714795e-11	Saci_1418
SACI_RS06790	669.436841057397	-2.30	0.144664668244609	-15.8917738216298	7.22537083729303e-57	2.99313063190851e-55	Saci_1419
SACI_RS06795	87.1931626348919	-0.89	0.155559136196758	-5.68996115511381	1.27068274745679e-08	4.78530890473799e-08	Saci_1420
SACI_RS06800	1999.03978964662	-2.50	0.171660676013449	-14.5912757127743	3.19172921746703e-48	9.83161717927451e-47	Saci_1421
trpA	479.812578954813	-2.39	0.26815505837407	-8.89638843528556	5.76934030166795e-19	4.37741104151816e-18	Saci_1422
trpD	374.593136400593	-2.35	0.345380078151061	-6.79156303454904	1.10925097318423e-11	5.29502053954431e-11	Saci_1423
SACI_RS06815	136.404757714424	-2.29	0.324013748134809	-7.08076146588573	1.43364491256886e-12	7.31849329305689e-12	Saci_1424
SACI_RS06820	288.103013529168	-1.67	0.256141641665324	-6.50474286396391	7.78263873106877e-11	3.46707416400146e-10	Saci_1425
SACI_RS06825	88.1900764605222	-1.56	0.217720911515095	-7.17711283691456	7.11989243267899e-13	3.68150535543402e-12	Saci_1426
trpC	371.673442441084	-0.39	0.109850695796533	-3.58881732517955	0.000332181491949706	0.000797058653120333	Saci_1427
SACI_RS06835	721.868028724145	-0.55	0.153338343133929	-3.61024435381865	0.000305908679621191	0.000738442653285178	Saci_1428
SACI_RS06840	1822.08715742956	0.06	0.225566681277904	0.272868522527147	0.784954283984407	0.839707699459722	Saci_1430
SACI_RS06845	224.356398753589	0.34	0.117117042065609	2.91593780283222	0.00354621187096745	0.00736630984609031	Saci_1431
SACI_RS06850	46.6221804593799	-0.08	0.186886610232127	-0.412552210622755	0.67993472066902	0.755855870848596	Saci_1432
SACI_RS06855	78.1488932206236	-1.02	0.168720880942897	-6.06318569742488	1.33451432874834e-09	5.47166056974859e-09	Saci_1433
SACI_RS11925	114.264600208986	-1.39	0.224870398331171	-6.19359723248453	5.88063830833115e-10	2.47880941090356e-09	Saci_1434
SACI_RS06865	406.106448720941	-1.63	0.190063192701177	-8.58509536150786	9.07611102401434e-18	6.45173651490093e-17	Saci_1435
SACI_RS12245	48.0776779301372	0.71	0.254245206060231	2.79505971906907	0.00518901287620864	0.0104301184639464	SACI_RS12245
SACI_RS12250	51.3646220172036	0.54	0.254704741743516	2.1143127495957	0.0344885641321408	0.0595006151901559	SACI_RS12250
SACI_RS06870	527.957435528088	1.05	0.291399504197309	3.60501143037045	0.000312139189860548	0.000752474675757469	Saci_1436
glgX	589.219997943454	1.53	0.273185114789557	5.59273235151546	2.23523724969814e-08	8.31351398133342e-08	Saci_1439
treZ	1059.67846737385	1.78	0.136172896576199	13.0685074149819	4.98337301156467e-39	1.00899305245388e-37	Saci_1440
SACI_RS06885	85.1047875282685	0.10	0.145761403624293	0.688372921925164	0.491217971192661	0.589526995730386	Saci_1441
SACI_RS06890	4.97282920205677	-0.07	0.439632732153718	-0.162215992793121	0.871135766169826	0.907653455124618	Saci_1442
SACI_RS06895	884.489819334235	0.80	0.137533480447787	5.81329647044013	6.1254435968484e-09	2.37632924898188e-08	Saci_1443
SACI_RS06900	8.13737897874275	0.98	0.348492978849274	2.80609565286521	0.00501458041536786	0.0101020390257047	SACI_RS06900
SACI_RS11930	3.71206545848992	1.01	0.556781105819125	1.80868156708007	0.0705004882759848	0.113582369131269	SACI_RS11930
SACI_RS06905	301.921331111069	5.09	0.247845772757843	20.5256931076096	1.26940265346276e-93	1.7595873704153e-91	Saci_1445
SACI_RS12065	34.3304613708273	0.48	0.224489665684165	2.12243868616875	0.0338009164117537	0.0584261404066957	Saci_1446
SACI_RS06910	418.320330080228	0.31	0.0965404177217694	3.18981829382106	0.00142362273237619	0.00311709375910316	Saci_1447
SACI_RS06915	179.940155530705	0.43	0.160843730756194	2.66369956336366	0.0077286554162237	0.0151216471878774	Saci_1448
SACI_RS06920	2623.09666723103	1.51	0.17190567907942	8.7679941324911	1.81877309817669e-18	1.35151716408841e-17	Saci_1449
SACI_RS11660	23.5474623012267	2.40	0.335765065321167	7.16103584921071	8.00697048597749e-13	4.12244594735184e-12	Saci_1450
SACI_RS06925	50.7236108909963	-0.06	0.255060248057592	-0.217933921823562	0.827480596522446	0.874300812039547	Saci_1451
SACI_RS06930	947.080212963261	0.59	0.183011867773875	3.21460622123983	0.00130623576440901	0.00286878348258993	Saci_1452
SACI_RS06935	3.54088889570149	-0.78	0.54588415297534	-1.42482785868836	0.154206967228285	0.227026923974975	Saci_1453
SACI_RS06940	91.6607189475878	-0.07	0.160215796371067	-0.44843955080071	0.653836003278939	0.735004664946132	Saci_1454
alaS	1724.98412122261	-0.79	0.201791856691001	-3.91806334609151	8.92632511057239e-05	0.000230282574792433	Saci_1455
rpl12p	2508.67126705702	-0.86	0.159774884534957	-5.37967643199757	7.46198332523151e-08	2.65525786209811e-07	Saci_1456
SACI_RS06955	1946.2519094018	-0.59	0.338578114314479	-1.72942291824646	0.0837334311598552	0.132067958818432	Saci_1457
SACI_RS06960	1426.98650131843	-0.87	0.311099525423059	-2.79765634858524	0.00514748474825501	0.0103524191030754	Saci_1458
SACI_RS06965	901.621784883563	-0.80	0.304555868574805	-2.62257904803892	0.00872670210909226	0.0169137089786608	Saci_1459
SACI_RS06970	692.877673215548	0.26	0.275470131703274	0.931221507201525	0.351738994838849	0.449208836782145	Saci_1460
SACI_RS06975	278.317884041792	0.10	0.272192967423728	0.380254783920596	0.703756296227861	0.775401312016267	Saci_1461
ftsY	991.40120497896	0.05	0.313039547300751	0.169575504731373	0.865343987908295	0.903072405773317	Saci_1462
pfdA	1179.78799265152	0.62	0.169951005404305	3.67389806098396	0.000238878065504136	0.000582487515613603	Saci_1463
SACI_RS06990	244.945342203791	-0.56	0.253342003707442	-2.2123360883198	0.026943451320031	0.0476702005681845	Saci_1464
SACI_RS06995	470.105420716471	0.23	0.194316521378793	1.16268044676582	0.244959177748306	0.334533109740392	Saci_1465
SACI_RS07000	964.087049973216	-0.15	0.240498670417719	-0.618704023543993	0.536111358903704	0.632453465626498	Saci_1466
SACI_RS07005	197.349408784844	0.05	0.311210660885882	0.160143001849767	0.872768427697678	0.908304190996948	Saci_1467
SACI_RS07010	1666.40136331398	0.30	0.122819608798863	2.45679259227954	0.0140183594492762	0.0261637324988044	Saci_1468
SACI_RS07015	729.754170990757	-2.11	0.146342085061442	-14.3917011162348	5.83430190506411e-47	1.72351016933205e-45	Saci_1469
SACI_RS07020	242.684983793152	-1.24	0.170653469725037	-7.24982659302938	4.17305553695271e-13	2.19237494973434e-12	Saci_1470
SACI_RS07025	1504.85221839805	1.06	0.168616874183153	6.28663881051774	3.244129514842e-10	1.39354502639935e-09	Saci_1471
SACI_RS07030	273.559998835637	-0.83	0.134538308863019	-6.17481034120133	6.62429414617883e-10	2.78251236629703e-09	Saci_1472
SACI_RS07035	85.7614154848446	0.04	0.132474562473796	0.267741780742347	0.788898087127401	0.843425899141844	Saci_1473
SACI_RS07040	21.6194734642996	0.00	0.389825616306316	0.00230212179388977	0.998163174186025	0.998717401378799	Saci_1474
SACI_RS07045	903.279983210485	-0.53	0.174951521078571	-3.01976311304716	0.00252972458469465	0.00535671410296094	Saci_1475
SACI_RS12070	165.460368451368	-1.99	0.251402147731764	-7.90664284483403	2.6442284831674e-15	1.61796255574453e-14	Saci_1476
SACI_RS07050	490.317867739401	0.26	0.121402151052054	2.14452938208263	0.0319904937700861	0.0555364834043306	Saci_1477
SACI_RS12075	106.345364360212	-0.88	0.180183973696804	-4.9108469341529	9.06838568945895e-07	2.92120387924536e-06	Saci_1478
moaA	1023.62221837138	0.83	0.214852233325982	3.84482191066326	0.000120640020839065	0.000306619629833562	Saci_1479
SACI_RS07060	985.705569889342	-0.31	0.195826835476632	-1.60573867378464	0.108331340137974	0.165997512694412	Saci_1480
folE	1618.84351826323	-0.92	0.145763123498772	-6.33690034652637	2.3443350997939e-10	1.01428375746185e-09	Saci_1481
SACI_RS07070	806.738566488509	1.39	0.094403026898692	14.6717447429677	9.77976052520367e-49	3.03847042524431e-47	Saci_1482
glnA	7196.67843174914	-2.24	0.344041372318401	-6.50792816955276	7.61943334478775e-11	3.39856903151176e-10	Saci_1483
SACI_RS07080	461.09881865729	0.39	0.189916736949044	2.07275342072951	0.0381952333599733	0.0653325206593943	Saci_1484
SACI_RS07085	643.458586907517	-0.11	0.0837225780605562	-1.28394640492021	0.199160708768965	0.2815908961959	Saci_1485
SACI_RS07090	122.729808729765	-0.69	0.108328873689508	-6.37948186950064	1.77688118912794e-10	7.76227855226316e-10	Saci_1486
SACI_RS07095	91.4866035899652	-0.60	0.171075108138416	-3.52568970524973	0.000422381542390985	0.00100148886761652	Saci_1487
SACI_RS07100	340.252468187322	-0.79	0.183533310314269	-4.30090142819874	1.70104719959981e-05	4.7932557524298e-05	Saci_1488
SACI_RS07105	1215.88606269896	-0.44	0.175859641931935	-2.50720708077049	0.012168939583716	0.0229857747692413	Saci_1489
SACI_RS07110	507.345243598057	0.35	0.315570618203652	1.10041832168565	0.271149899246686	0.36233749977199	Saci_1490
SACI_RS07115	152.535024558301	-1.01	0.116865795114647	-8.62295742236987	6.52467201715799e-18	4.68424660355327e-17	Saci_1491
SACI_RS07120	196.825097286053	-1.60	0.16058135059589	-9.93854367085232	2.82933125110713e-23	2.63486042092767e-22	Saci_1492
SACI_RS07125	1993.35830206077	0.89	0.167317139195767	5.30305482327836	1.13880702459047e-07	3.93882967046455e-07	Saci_1493
SACI_RS07130	1514.5150886465	0.52	0.166545917500971	3.11342624654394	0.00184928723836155	0.00399570216250301	Saci_1494
SACI_RS07135	550.454979736289	0.17	0.221431059385097	0.778310711525944	0.436385862263678	0.538423364463641	Saci_1495
SACI_RS07140	3742.33734465962	1.08	0.218214844216226	4.96261896569331	6.95489402556483e-07	2.25408615720644e-06	Saci_1496
SACI_RS11670	765.340352998137	1.01	0.149790525054011	6.73040894178344	1.69186902179144e-11	7.92912347794062e-11	SACI_RS11670
SACI_RS07145	164.580064614199	-0.03	0.122195853467368	-0.227023965899145	0.820405106575058	0.869373714818145	Saci_1497
SACI_RS07150	108.478714445364	-0.53	0.131800682628293	-3.98774737139383	6.67036378842645e-05	0.000176117150868051	Saci_1498
SACI_RS07155	628.035887942981	-1.23	0.168017371508123	-7.33618905774677	2.19761533288848e-13	1.18035851858868e-12	Saci_1499
SACI_RS07160	1188.49995923043	-0.35	0.231386954066492	-1.49657208896078	0.134504637160836	0.201897006383862	Saci_1500
SACI_RS11675	167.053800135697	0.00	0.149466893560701	0.0301525570371564	0.975945385309062	0.985751739325694	Saci_1501
SACI_RS07165	466.067226236397	-0.35	0.0956591098940371	-3.66325438158563	0.000249031004500415	0.000606014679418971	Saci_1502
SACI_RS07170	413.276422037264	-0.28	0.147748900821116	-1.89771530949071	0.0577335947255651	0.0948367709165617	Saci_1503
SACI_RS07175	2279.12350917808	-0.74	0.217662951008334	-3.40816261940909	0.000654019055922073	0.00150998377805455	Saci_1504
SACI_RS07180	321.372248165704	-0.36	0.136957635488722	-2.62283933660049	0.00872003825654389	0.0169137089786608	Saci_1505
SACI_RS07185	311.012664198866	-1.06	0.11841052221895	-8.99110896805531	2.44748247294771e-19	1.89285983530119e-18	Saci_1506
SACI_RS07190	3458.41531721457	0.45	0.153202571272417	2.92052565252746	0.00349441427449016	0.00727128697763426	Saci_1507
SACI_RS07195	350.315621960172	-0.27	0.110851140635614	-2.45386255270975	0.0141330990143934	0.0263642281821293	Saci_1508
SACI_RS07200	183.988309814673	-0.17	0.297958768276355	-0.572557646391846	0.566944243703719	0.661134238494787	Saci_1509
pheT	647.585952603952	0.03	0.347137740099167	0.0764587695972987	0.939054115009954	0.959283171909261	Saci_1510
SACI_RS07210	976.290779070483	0.37	0.300399993618196	1.22284335972308	0.221388864947623	0.308182877277417	Saci_1511
SACI_RS07215	1192.17032908911	-0.04	0.172662735812637	-0.232158082485886	0.816415233663315	0.86621808420071	Saci_1512
map	680.430377801356	0.72	0.0849861690598998	8.47185715564775	2.41511189901444e-17	1.68032109730657e-16	Saci_1513
SACI_RS07225	9951.80412789236	0.81	0.085977804231335	9.41468561070172	4.74500267737555e-21	3.96774701839014e-20	Saci_1514
SACI_RS07230	830.542676611317	0.93	0.134516345020063	6.9322256806519	4.14270352807335e-12	2.05651563569922e-11	Saci_1515
rrf	45141.7089231061	0.42	0.315339134183304	1.34346399634094	0.179121776627307	0.256783962993164	Saci_1516
SACI_RS07240	874.352635882594	-0.18	0.180621246038724	-1.01171892360145	0.311672464841981	0.406686300974112	Saci_1517
SACI_RS07245	168.816521700964	-1.09	0.266143249114767	-4.10936873774634	3.96742147279975e-05	0.000107185809505025	Saci_1518
SACI_RS07250	1054.42767061139	-0.40	0.287201585363873	-1.37857823691311	0.168024830392004	0.244178019650315	Saci_1519
rpl7ae	561.582758708833	-2.09	0.129120966342297	-16.2155796602897	3.91367648008456e-59	1.74134444866972e-57	Saci_1520
SACI_RS07260	1758.88056751133	0.83	0.152670986295053	5.43145647577959	5.58959498571712e-08	2.01650653939184e-07	Saci_1521
SACI_RS07265	7.50925014227132	0.02	0.359482077879844	0.0593207900728171	0.952696602188872	0.969179811721487	Saci_1522
SACI_RS07270	306.892752623796	-1.41	0.130457979411588	-10.8176786306456	2.83876439272373e-27	3.32172301018712e-26	Saci_1523
SACI_RS07275	68.9366588471011	-1.39	0.232234388856589	-5.97326724552115	2.32548482538244e-09	9.40633817135614e-09	Saci_1524
SACI_RS07280	84.1211836514068	-1.17	0.188295481264748	-6.22644658321784	4.77132794870625e-10	2.03260826561907e-09	Saci_1525
SACI_RS07285	5.81268257341348	-2.00	0.436710072575311	-4.57406104751763	4.78360358639701e-06	1.43787383864677e-05	Saci_1526
SACI_RS11860	17.1959814352179	-1.21	0.334245802972026	-3.6163261289204	0.000298813866296691	0.000722283819002868	Saci_1527
SACI_RS07290	11.8250489899536	0.96	0.614983807672568	1.56434665123374	0.117736181973753	0.178812136465827	Saci_1528
SACI_RS07295	99.8250064606284	2.30	0.261216320193362	8.80836957241764	1.26979196237606e-18	9.5142000673666e-18	Saci_1529
SACI_RS07300	2.80339323633354	-0.05	0.535999912076076	-0.101572495945573	0.919096011568435	0.944248011885018	SACI_RS07300
SACI_RS12255	528.236928760258	1.19	0.152729427423914	7.81539595757862	5.47905184560109e-15	3.26928855158052e-14	SACI_RS12255
SACI_RS12260	528.000655856883	1.33	0.166596259753621	7.95868419518055	1.73878404212761e-15	1.08044442893585e-14	Saci_1532
SACI_RS07310	1280.55223622924	-0.12	0.179980894846749	-0.644120345067747	0.519497398397879	0.6166892700349	Saci_1534
SACI_RS07315	315.989265776899	-0.85	0.203496695783421	-4.17585117208489	2.96873876971475e-05	8.15498058388106e-05	Saci_1535
SACI_RS07320	631.496683434846	-0.65	0.0655852231480613	-9.97756649883287	1.91095956200783e-23	1.79819797949771e-22	Saci_1536
SACI_RS07325	4531.3224967356	1.67	0.20463947214757	8.16430342302913	3.2329533674766e-16	2.09184271748396e-15	Saci_1537
SACI_RS07330	662.335300621587	-0.45	0.329753477923479	-1.37132072190618	0.1702749987763	0.246751546276552	Saci_1538
SACI_RS07335	1072.68196898743	-0.33	0.238251746833013	-1.37702390009941	0.168504858707546	0.244776908819829	Saci_1539
SACI_RS07340	93.3233272508247	-2.55	0.259611718938951	-9.81970042102535	9.26183738341286e-23	8.40797529718387e-22	Saci_1540
SACI_RS07345	34.92895811049	-1.59	0.205831765287073	-7.70334335548747	1.32551567834248e-14	7.71754201089873e-14	Saci_1541
priL	524.710382078411	1.42	0.0911846175897444	15.6098457593067	6.23876293290542e-55	2.39196825640331e-53	Saci_1542
metG	1421.02880332932	-0.38	0.134380276979845	-2.80799560441022	0.00498509072380677	0.0100594999824186	Saci_1544
SACI_RS07360	1952.66041636838	-0.95	0.185282838487548	-5.14644428181211	2.65470266279194e-07	8.85064606540439e-07	Saci_1545
SACI_RS07365	378.054876699788	0.30	0.162094040720699	1.88010925169169	0.0600931898516876	0.0983095125853301	Saci_1546
SACI_RS07370	739.294889373889	0.11	0.254817170869582	0.431395515334871	0.666180810222781	0.745857607966108	Saci_1547
SACI_RS07375	4455.49875314312	0.26	0.229827411797636	1.11525312158355	0.264741967851347	0.355146570232814	Saci_1548
SACI_RS07380	3709.05210747652	0.19	0.27374975598019	0.6765911380841	0.498665403329163	0.59628072780302	Saci_1549
SACI_RS07385	1237.5167328921	0.26	0.326054180435073	0.789352543952502	0.429905984245386	0.531702528215639	Saci_1550
SACI_RS07390	293.187350705367	-0.25	0.225730727646878	-1.12370036484872	0.261140161592265	0.351699978467311	Saci_1551
SACI_RS07395	2930.95961788227	-0.48	0.120948979194663	-3.93176203247484	8.43255162821783e-05	0.000218482502286823	Saci_1552
proS	637.817312040828	-1.74	0.117632152432613	-14.8215756832449	1.06262257939659e-49	3.51347869371129e-48	Saci_1553
SACI_RS07405	484.729069603436	-0.19	0.325026246621382	-0.597940435778181	0.549879677902433	0.6444768647676	Saci_1554
pdxS	1328.35238324392	-0.65	0.130216336382422	-5.00324528153015	5.63731381538835e-07	1.84029701002351e-06	Saci_1555
pdxT	329.330633433436	-0.41	0.251580682671835	-1.64482840109118	0.100005203478463	0.154819052120438	Saci_1556
SACI_RS07420	1330.2754461209	-0.77	0.188281299511113	-4.08909276979371	4.33063640527982e-05	0.000116301144594847	Saci_1557
SACI_RS07425	177.695294770679	0.94	0.319209606562056	2.94556583657141	0.00322364535441856	0.00675859095830395	Saci_1558
ilvC	512.861179019267	-2.11	0.291370108343599	-7.23354914674669	4.70532058600077e-13	2.45767759303577e-12	Saci_1559
SACI_RS07435	150.23301496238	-2.02	0.512898197499655	-3.9449740474907	7.98086217925261e-05	0.00020752544945185	Saci_1560
SACI_RS07440	1517.47939467722	-3.29	0.408392738290556	-8.05261238190387	8.10452625902669e-16	5.13334141257156e-15	Saci_1561
SACI_RS07445	130.081253770462	-2.37	0.165392673013746	-14.340010084242	1.23037569298761e-46	3.51926507740266e-45	Saci_1562
SACI_RS07450	128.456544564251	0.06	0.159474871674796	0.39202702129846	0.695038248482816	0.76752750147175	Saci_1563
SACI_RS07455	424.63720868856	-1.77	0.158358205148683	-11.1880077534136	4.66804194886989e-29	5.9658238240167e-28	Saci_1564
SACI_RS07460	184.670340752282	-0.61	0.127655579640159	-4.78620254924386	1.69966530019114e-06	5.31735567872297e-06	Saci_1565
SACI_RS07465	28.5193449003652	-0.66	0.284054504984716	-2.32068412766962	0.0203038979878386	0.0370320082733656	Saci_1566
SACI_RS07470	334.541046728141	-1.40	0.131228170062411	-10.670379214814	1.40053625043206e-26	1.56755672253327e-25	Saci_1567
SACI_RS07480	60.6174270375968	-0.59	0.227937830162938	-2.60649541590677	0.00914740483671938	0.0176295438671319	Saci_1569
SACI_RS07485	346.282812603504	-0.68	0.191755559558355	-3.52756073138701	0.000419407536299638	0.000995092008442328	Saci_1570
SACI_RS07490	1116.86617051993	-0.82	0.122631338293522	-6.70624019481534	1.99702909389665e-11	9.24433457556116e-11	Saci_1571
SACI_RS07500	116.040856902464	-1.21	0.159163588497916	-7.61962406531574	2.54415578347522e-14	1.45081288665264e-13	Saci_1573
hisC	499.536294002888	-2.50	0.17143648503414	-14.5856001102487	3.46858418337757e-48	1.05938791499091e-46	Saci_1574
hisG	159.905569799761	-1.84	0.202243318512882	-9.07568063520054	1.12969201740726e-19	8.90899350270406e-19	Saci_1575
hisA	62.8795417970483	-1.71	0.254053664403505	-6.71787410667693	1.84394892593314e-11	8.60827970085885e-11	Saci_1576
hisBd	158.218112861997	-0.86	0.148927327011634	-5.78870281132352	7.09320680992919e-09	2.722461910861e-08	Saci_1577
hisF	113.766190709272	-0.99	0.357827537794174	-2.77486377194388	0.00552248348219669	0.0110327219899317	Saci_1578
hisD	340.191934139939	-1.16	0.200072914838799	-5.81109084913334	6.20670675874271e-09	2.40526571596868e-08	Saci_1579
hisE	45.123805937994	-1.43	0.384300621399944	-3.71851505923617	0.00020039734745638	0.00049265487055443	Saci_1580
hisH	73.076090402547	-1.26	0.332248251246996	-3.78777881799991	0.000152000068744496	0.000380951493571045	Saci_1581
hisI	45.5385255171919	-1.35	0.250195577927661	-5.38865363175122	7.09874657294794e-08	2.53305768801033e-07	Saci_1582
SACI_RS07550	1063.29734341042	-0.02	0.0697030218303273	-0.250318041797972	0.802341405169793	0.85299068561414	Saci_1583
serS	1444.32597189766	-0.56	0.0723953050916224	-7.79806609558559	6.28630839320002e-15	3.73859000810113e-14	Saci_1584
SACI_RS07560	7359.64046510295	0.53	0.119948383809068	4.40194256494004	1.07285960943289e-05	3.10319906291825e-05	Saci_1585
SACI_RS07565	983.499294959543	-0.39	0.0851607895637326	-4.5560810043343	5.21168445635279e-06	1.56133921701542e-05	Saci_1586
SACI_RS07570	1761.2417760525	0.11	0.283007184831625	0.395208665341754	0.692688898127077	0.765547620009195	Saci_1587
SACI_RS07575	3694.36865205314	-0.40	0.186911491323556	-2.15381670625233	0.0312545490380759	0.0543373828910881	Saci_1588
SACI_RS07580	876.837750690103	-0.11	0.124795161906263	-0.875463110058834	0.381321973948921	0.481192014745067	Saci_1589
SACI_RS07585	369.554901996533	-1.18	0.143418852178762	-8.20203793378282	2.36345688498202e-16	1.54030716337707e-15	Saci_1590
SACI_RS07590	150.209776226569	-0.72	0.342434218068509	-2.102420210297	0.0355164823371234	0.061156905085042	Saci_1591
SACI_RS07595	105.068727620835	0.14	0.282372004193509	0.490536204994636	0.6237545167742	0.708928186204421	Saci_1592
SACI_RS07600	303.424374784336	0.17	0.268123121088898	0.616143553088109	0.537799779315984	0.634237697858248	Saci_1593
SACI_RS07605	199.889326975249	0.31	0.315505329633236	0.972149114841422	0.330976371054442	0.427234542005806	Saci_1594
pyrI	185.901531016617	0.53	0.333371157047489	1.57857504900137	0.114433561450189	0.174236821067377	Saci_1595
pyrB	644.678107118721	0.81	0.250099563455476	3.24284121595383	0.00118344145362221	0.00261985442190076	Saci_1596
pyrE	49.9769639345429	-1.06	0.229882700206703	-4.59019946123402	4.42822639717647e-06	1.33774752182934e-05	Saci_1597
SACI_RS07625	41.7349982911451	-1.28	0.191231035943571	-6.7123354579081	1.91533733201395e-11	8.89545843373489e-11	Saci_1598
SACI_RS07630	116.420004347669	-0.97	0.16597938789257	-5.83611789004834	5.34310972845394e-09	2.09310515884217e-08	Saci_1599
SACI_RS07635	784.10640982317	0.37	0.179231004039278	2.05374561640034	0.0400003190021744	0.0680005423036965	Saci_1600
SACI_RS07640	362.130086414832	-0.17	0.147892373154361	-1.13204836425307	0.257614101719463	0.347861080028829	Saci_1601
SACI_RS07645	278.897553479926	-0.22	0.165025659580796	-1.35393838596298	0.175756035671065	0.252864172678051	Saci_1602
SACI_RS07650	648.400981946857	-1.10	0.105714273843373	-10.4411737137339	1.60809995691972e-25	1.69958716854507e-24	Saci_1603
SACI_RS07655	188.483195512319	-1.68	0.158934480259458	-10.5950369513381	3.14216882847262e-26	3.44205971362168e-25	Saci_1604
SACI_RS07660	265.800733074207	-1.60	0.231361413637821	-6.91452176794017	4.69444324707707e-12	2.31997935114512e-11	Saci_1605
SACI_RS07670	395.126747955217	-3.85	0.272837785429903	-14.1135357717853	3.13459110708755e-45	8.62371477094927e-44	Saci_1607
purS	63.7214294654357	-2.99	0.380110649705081	-7.85911282948525	3.86863647744436e-15	2.3315327532959e-14	Saci_1608
purQ	135.212237035338	-3.53	0.303615756188767	-11.6404495401147	2.56659239175665e-31	3.67063451582974e-30	SACI_RS07680
purL	248.200963252774	-2.72	0.289020199797917	-9.4057287932534	5.1670862853179e-21	4.30073417373804e-20	Saci_1610
purF	201.279291499089	-2.12	0.253800134664847	-8.36167704540546	6.18329167664576e-17	4.15757149302823e-16	Saci_1611
SACI_RS07695	258.053185705932	-1.96	0.284058341138856	-6.89171028490187	5.51255559234075e-12	2.71040250406495e-11	Saci_1612
purD	218.2245024499	-1.61	0.285765924815675	-5.64594632873486	1.64275092554546e-08	6.16074332535466e-08	Saci_1613
purM	80.1491593345255	-1.30	0.299007046060922	-4.3375740631888	1.44063996117799e-05	4.08502472075963e-05	Saci_1614
SACI_RS07710	2178.72638429648	-1.45	0.184078975719346	-7.85517209250611	3.99223619637588e-15	2.40200655287791e-14	Saci_1615
SACI_RS07715	571.627974151876	0.45	0.172618567131027	2.61818527357179	0.00883987944761788	0.0171100566751959	Saci_1616
SACI_RS07720	1306.32191695875	-2.97	0.272257568634266	-10.9024275964414	1.12222564184543e-27	1.33923881232149e-26	Saci_1617
argH	891.669137898199	-2.46	0.308165970139852	-7.99381071495863	1.3083057749442e-15	8.20023306591114e-15	Saci_1618
carA	838.854456283623	-1.58	0.325595609880215	-4.84828457895719	1.24533666194282e-06	3.94393086963262e-06	Saci_1619
carB	1857.59759145864	-1.80	0.294266998944919	-6.10375418701781	1.03605587734095e-09	4.28696369912375e-09	Saci_1620
SACI_RS07745	256.713300196386	-0.57	0.109835125746626	-5.19168300896513	2.08401601347288e-07	7.05901664713933e-07	Saci_1622
SACI_RS07750	441.511231084477	-1.57	0.279312137320828	-5.62307943711999	1.87583088370931e-08	7.00569378744906e-08	Saci_1623
SACI_RS07755	1647.69853946527	-2.94	0.321577213076592	-9.15723366615829	5.32446927179011e-20	4.254853050007e-19	Saci_1624
SACI_RS07760	44.8103473311775	-1.41	0.217375480653832	-6.49013137806917	8.57615547595586e-11	3.80646112504248e-10	Saci_1625
SACI_RS07765	205.373413910072	0.21	0.110253199100927	1.87879221653228	0.0602728702481306	0.0985140246595296	Saci_1626
SACI_RS07770	280.618660059781	-1.64	0.165638334872633	-9.92249850160643	3.32331171554047e-23	3.07108087764304e-22	Saci_1627
SACI_RS07775	923.318340614298	0.59	0.130928400434939	4.53134597596565	5.86090611732667e-06	1.7427974956143e-05	Saci_1629
SACI_RS11685	204.248775520197	0.56	0.1762837719867	3.19717073719981	0.00138782753527696	0.00304241510774827	Saci_1630
SACI_RS07780	23.3848210628869	-0.46	0.258796229337805	-1.78652638048329	0.074014069769654	0.11839623055918	Saci_1631
amrS	769.527561350525	0.89	0.127188516038465	6.97095755279336	3.14790948916652e-12	1.56916539404649e-11	Saci_1632
SACI_RS07790	566.857357240997	0.11	0.138390472372948	0.807168124713479	0.41956962744073	0.521783622255483	Saci_1633
SACI_RS07795	600.47837219708	1.10	0.122273494686529	8.98595691678485	2.56492468203479e-19	1.97099969169582e-18	SACI_RS07795
cyoE	1378.33813120804	0.21	0.122478944370726	1.73567396158281	0.0826215000506524	0.130485489124694	Saci_1635
SACI_RS07805	68.3863977723477	-1.69	0.200897388515593	-8.41925765203763	3.78877337246159e-17	2.59595802934441e-16	Saci_1636
SACI_RS07810	30.6949924472397	-1.91	0.282115571361267	-6.75774112666179	1.40159663378022e-11	6.61172024626168e-11	Saci_1637
SACI_RS07815	537.224110886347	1.51	0.164487984329294	9.20161888902989	3.52596921326942e-20	2.83019889635256e-19	Saci_1638
SACI_RS07820	475.375243671303	1.24	0.116947911603078	10.565236168022	4.31880217087286e-26	4.66016857000772e-25	Saci_1639
SACI_RS07825	2099.48433439304	0.52	0.109801103035682	4.70154113762616	2.58205229600438e-06	7.89288929160286e-06	Saci_1640
SACI_RS07830	120.332586774707	-1.06	0.152694605153139	-6.96862994261252	3.20042298124391e-12	1.59313873265236e-11	Saci_1641
SACI_RS07835	320.936873156337	-1.32	0.106497064039854	-12.4232551089062	1.95444341139138e-35	3.45285002679143e-34	Saci_1642
SACI_RS07840	1478.94316323099	0.17	0.130770797592139	1.33553767640272	0.181700432647592	0.259860460024572	Saci_1644
SACI_RS07845	1319.57350138508	0.29	0.128189070929469	2.25439176485265	0.024171532907906	0.0432608972904327	Saci_1645
SACI_RS07850	852.385114141392	0.92	0.205121395680096	4.49136815782535	7.07671022600831e-06	2.08029882989673e-05	Saci_1646
SACI_RS07855	453.3524545702	-0.43	0.0959276514497378	-4.4887726561348	7.16346958359088e-06	2.10408674647608e-05	Saci_1647
pyk	542.901795588865	-0.76	0.169381687438096	-4.48346723951562	7.34398818812103e-06	2.15535288517819e-05	Saci_1648
SACI_RS07865	230.322485715602	-0.51	0.120794305773595	-4.21693894101677	2.47640993996387e-05	6.83906622500366e-05	Saci_1649
SACI_RS07870	32.7620564067045	0.28	0.231703691081538	1.20089641111715	0.229791386592436	0.317792846231443	Saci_1650
SACI_RS07875	46.7602307485653	0.06	0.19881584402001	0.315888990825962	0.752086768451508	0.814443173387583	Saci_1651
SACI_RS07880	34.8927646807345	-0.11	0.38813809209492	-0.275589472614413	0.782863396296992	0.837968423003968	Saci_1652
SACI_RS07885	132.996071847253	-0.09	0.297296044508779	-0.294656943415424	0.768255957697321	0.826752604222498	Saci_1653
SACI_RS07890	225.473008979635	-1.07	0.225335883346076	-4.74060572573464	2.13080226666016e-06	6.55799433735543e-06	Saci_1654
SACI_RS07895	807.329189423507	0.66	0.124237822482509	5.32287189295859	1.02141680113361e-07	3.55670159544497e-07	Saci_1655
SACI_RS07900	325.396574443128	0.77	0.123722935928208	6.21654830370152	5.08209986055185e-10	2.15734839781259e-09	Saci_1656
SACI_RS07905	235.501524109124	0.74	0.214178471309155	3.45378122659613	0.000552785611759379	0.00129282241711928	Saci_1657
SACI_RS07910	2836.50155655944	1.79	0.162954984649284	10.9913132102597	4.20759029923537e-28	5.17547967182398e-27	Saci_1658
SACI_RS07915	274.389512140627	0.46	0.181275925899966	2.54654204744029	0.0108796103735628	0.0207180877857761	Saci_1659
SACI_RS07920	541.032705711106	0.48	0.114648673415157	4.22879305358964	2.34948334729539e-05	6.50348539451043e-05	Saci_1660
SACI_RS07925	447.172272675281	-0.96	0.225905453643231	-4.24814772659193	2.15545250050336e-05	6.00792792870388e-05	Saci_1661
SACI_RS07930	435.756847066602	-1.13	0.193771880825826	-5.82073191503282	5.85904825761639e-09	2.27788672281008e-08	Saci_1662
SACI_RS07935	193.073792804458	-0.09	0.101531089586123	-0.868187123922954	0.385291901939	0.485182395034296	Saci_1663
SACI_RS07940	532.429098519663	-0.96	0.0970273406822769	-9.86358351347559	5.98735346744151e-23	5.46289161940739e-22	Saci_1664
SACI_RS07945	3048.01154917935	1.53	0.290263189100631	5.28579393046116	1.25160726902601e-07	4.30419140989479e-07	Saci_1665
SACI_RS07950	290.8771817774	1.32	0.132483194552299	9.98396769859715	1.79156141949099e-23	1.69469484405394e-22	Saci_1666
SACI_RS07955	341.21054671351	0.77	0.145433896798372	5.32254713722062	1.02324257543667e-07	3.55961992458857e-07	Saci_1667
SACI_RS07960	1137.46303476992	0.27	0.341832633810022	0.788065599572288	0.430658335727649	0.532450305990547	Saci_1668
SACI_RS07965	343.113393908128	-0.73	0.203061885732865	-3.57813237306027	0.000346058184877466	0.000828700131759727	Saci_1669
SACI_RS07970	241.2942838754	-0.22	0.126628350318296	-1.71187477964404	0.086919747362565	0.136674855800473	Saci_1670
SACI_RS07975	1238.15488095844	3.77	0.192635062197003	19.5514995121601	4.00572208143279e-85	4.81220746049459e-83	Saci_1671
SACI_RS07980	424.312490859596	-0.71	0.214347109676814	-3.29032412036538	0.00100072039718829	0.00224151417741863	Saci_1672
SACI_RS07985	366.973007931475	-0.77	0.146986111429883	-5.21064574375118	1.88184480937872e-07	6.39224193496788e-07	Saci_1673
SACI_RS07990	184.679650077267	-0.85	0.215007375861575	-3.96165982427159	7.44305339603988e-05	0.000195089195922383	Saci_1674
SACI_RS07995	221.746607169664	0.17	0.120314274504628	1.40321879556634	0.160551604445012	0.234452180883234	Saci_1675
SACI_RS08000	653.969289657722	-0.52	0.109955124401851	-4.70617349342502	2.52409729743561e-06	7.72228069605936e-06	Saci_1676
SACI_RS08005	94.9859713500426	0.31	0.1801358749542	1.73684389583616	0.082414728603965	0.130330268489991	Saci_1677
SACI_RS08010	1259.90162111837	1.21	0.175566700610897	6.8789164542341	6.03095148464165e-12	2.95721757151681e-11	Saci_1678
SACI_RS08015	1096.22634015403	0.06	0.127645121112592	0.473194336955132	0.636074537643824	0.720657854029657	Saci_1679
SACI_RS08020	12794.7108189188	2.97	0.12925064363921	23.0058129707739	4.07683854334918e-117	1.04949472215932e-114	Saci_1680
SACI_RS12080	24985.9209529935	3.18	0.198632290010562	16.0225890895782	8.88714552017957e-58	3.81300862556276e-56	Saci_1681
SACI_RS08030	2089.2493107529	0.30	0.142836264097635	2.13014585625633	0.0331595734820463	0.0574001454511503	Saci_1682
SACI_RS08035	2106.79568223908	-0.73	0.180195918377355	-4.07496412560704	4.60214410493558e-05	0.000123042487790711	Saci_1683
SACI_RS08050	569.69979535853	1.12	0.12507771593051	8.92652597118798	4.39596355739493e-19	3.34948259214616e-18	Saci_1686
SACI_RS08055	87.9815414061755	0.56	0.159368489030197	3.519648675877	0.000432118771439113	0.00102390272995829	Saci_1687
SACI_RS08060	252.534888691644	0.44	0.207185087185975	2.12469570234391	0.0336120123037086	0.0581274915271429	Saci_1688
SACI_RS08065	504.403299699805	1.70	0.131754566015702	12.872432944735	6.43429715330579e-38	1.23346845428266e-36	Saci_1689
SACI_RS08070	353.973942444373	-0.16	0.295342467884144	-0.551493860529563	0.581295174190621	0.673629520187459	Saci_1690
SACI_RS08075	257.310553783073	0.08	0.115002157986718	0.714041443859431	0.475201552734068	0.573936459803479	Saci_1691
SACI_RS08080	632.465481175156	2.43	0.411558911255324	5.90404939946951	3.54685880573975e-09	1.41403530264226e-08	Saci_1692
SACI_RS08085	176.978561012601	0.33	0.190930643772568	1.72602928450215	0.084342144460701	0.132911713439601	Saci_1693
SACI_RS08090	3317.30247769	0.02	0.121056021609196	0.151456413387197	0.879615691211392	0.913320354689097	Saci_1694
SACI_RS08095	54.4095390808407	0.09	0.327939783423987	0.259878090393163	0.794957812102388	0.847390699443066	SACI_RS08095
SACI_RS08100	70.0437469676711	0.29	0.194501759128292	1.48342786702658	0.137960768068736	0.20656859498119	SACI_RS08100
SACI_RS08105	206.912636315417	-1.22	0.164041129760671	-7.45970433160026	8.67168516274311e-14	4.80811589638864e-13	Saci_1697
SACI_RS08110	72.0811383804148	-1.11	0.253891592036836	-4.35943883503858	1.30396392746129e-05	3.73865234253819e-05	Saci_1698
SACI_RS08115	218.875180689927	-1.08	0.186152400262757	-5.78736324753235	7.14998531211723e-09	2.74133479413516e-08	Saci_1699
SACI_RS08120	148.359983575009	0.59	0.12076657642613	4.91735278577115	8.77223795695036e-07	2.83036218414047e-06	Saci_1700
SACI_RS08125	731.461212160585	-5.25	0.290793030486087	-18.0651522393782	5.99563591224294e-73	4.5017232974424e-71	Saci_1701
SACI_RS08130	168.417325377711	-0.73	0.276015804197876	-2.62691458877251	0.00861629583667088	0.016767348917582	Saci_1702
SACI_RS08135	732.981582269746	-0.25	0.135798491605474	-1.87353069833824	0.0609951377280249	0.0996042031589496	Saci_1703
SACI_RS08140	327.731525210286	-0.04	0.200058768860696	-0.179450234674422	0.857584189929499	0.897425499566177	Saci_1704
SACI_RS08145	263.805372144376	-0.37	0.190294614283251	-1.93545293898539	0.0529347383589	0.0877134699059658	Saci_1705
rfbC	142.051320946801	-0.34	0.21357606902802	-1.57730414331608	0.114725559500835	0.174607650524075	Saci_1706
SACI_RS08155	201.216501695763	-0.03	0.133248924516136	-0.212674556196726	0.831580813963838	0.877090211742953	Saci_1707
merA	166.090174527427	1.20	0.14192341277251	8.45551426690892	2.77859983778455e-17	1.92485072053745e-16	Saci_1708
SACI_RS11700	20.4474799747146	1.93	0.371386163876477	5.20475716177354	1.94250453893379e-07	6.59207755020469e-07	Saci_1709
SACI_RS08165	651.785231826248	0.64	0.15102121591581	4.22416571553019	2.39827537499527e-05	6.62836230941945e-05	Saci_1710
SACI_RS08170	282.650707139727	-0.54	0.140670533675993	-3.84109238904516	0.000122487998806798	0.000310877991337817	Saci_1711
SACI_RS08175	351.632273275436	0.50	0.176096244270946	2.84861477567212	0.00439100118565203	0.00895088703229067	Saci_1712
SACI_RS08180	298.287104685381	-0.46	0.139948882485992	-3.29945008962879	0.000968744521755698	0.0021766553967628	Saci_1713
SACI_RS08185	694.130268037649	2.13	0.112318282667913	18.9884800465025	2.12387424186592e-80	2.01432704412757e-78	Saci_1714
ilvD	1375.02159415639	-1.73	0.140051266969203	-12.3586174883753	4.37618257851399e-35	7.51036286331639e-34	Saci_1715
SACI_RS08195	92.4403608852579	0.68	0.415324578671934	1.6286112262177	0.103395346222808	0.15907364990431	Saci_1716
SACI_RS08200	108.279278428352	0.62	0.225184243100004	2.76584147746238	0.00567761269672446	0.0113175421233379	Saci_1717
SACI_RS08205	226.21636052531	-0.94	0.175005787714637	-5.38141787271534	7.39014185687431e-08	2.63442841267804e-07	SACI_RS08205
SACI_RS08210	3410.52520202132	-0.49	0.117801049610106	-4.12499231958853	3.70747128795722e-05	0.000100539702948065	Saci_1718
SACI_RS08215	119.861522711994	0.36	0.126969422786593	2.81946739835318	0.00481034171726316	0.009734122149925	Saci_1720
SACI_RS08220	68.2298489491151	-2.28	0.219120679664528	-10.3898211147221	2.75870022025946e-25	2.89864594571869e-24	Saci_1721
SACI_RS08225	115.597343937047	-1.46	0.187773004455641	-7.76734394644207	8.01489906019142e-15	4.73536003490654e-14	Saci_1722
SACI_RS08230	965.886675336519	4.17	0.163823977448903	25.4419517696621	8.66666095825633e-143	4.4620922990794e-140	Saci_1723
SACI_RS08235	398.335218143507	-0.69	0.133964028640122	-5.12853593928383	2.92004158299844e-07	9.69282150313831e-07	Saci_1724
SACI_RS08240	2920.3768693471	0.49	0.322649726382912	1.50532004199827	0.132241814880404	0.198831664926565	Saci_1725
SACI_RS08245	653.875915337716	0.90	0.240088889789113	3.74978164537855	0.000176988615253534	0.000438999978922049	Saci_1726
SACI_RS08250	189.758027383937	0.35	0.187814643448571	1.85157183670464	0.064087330325924	0.103947227045288	Saci_1727
SACI_RS08255	260.873261795965	-2.46	0.23060655878242	-10.6529183147367	1.6898289134089e-26	1.88549331390888e-25	Saci_1728
SACI_RS08260	33.9919804346695	-2.35	0.288000700274655	-8.15240773788608	3.56749104077891e-16	2.29593530552985e-15	Saci_1729
SACI_RS08265	332.332841992807	0.83	0.191270351761986	4.34092704049551	1.41882832738526e-05	4.02634432432794e-05	Saci_1730
SACI_RS08270	700.968252475502	2.47	0.418335642684544	5.89544981747749	3.73662059196024e-09	1.48639962620582e-08	Saci_1731
SACI_RS08275	262.431191337079	-1.56	0.223130266840698	-6.97746140801167	3.00561341730726e-12	1.50030896897166e-11	Saci_1732
SACI_RS08280	281.676215150663	-1.25	0.236078516398265	-5.29952950672264	1.16101472866872e-07	4.01179010749958e-07	Saci_1733
SACI_RS08285	58.6980121006229	-1.70	0.260825787360701	-6.51398275137986	7.31839046839731e-11	3.26833695763369e-10	Saci_1734
SACI_RS08290	21.1922669454844	-1.34	0.383238491372869	-3.49538942356711	0.000473370548835734	0.00111797343250589	Saci_1735
SACI_RS08295	15.3124928506834	-1.24	0.303016753583926	-4.10474480795995	4.04761441651073e-05	0.000109025428677912	Saci_1736
SACI_RS08300	879.541612910636	-0.81	0.236043938786809	-3.43132988209667	0.000600629718153856	0.00139836531280781	Saci_1737
SACI_RS08305	602.369498169767	-0.43	0.0839600023639516	-5.15238686054608	2.57191784780363e-07	8.60649203666135e-07	Saci_1738
SACI_RS08310	1376.6871817585	-0.02	0.156072820695756	-0.154752168061041	0.877016701176977	0.911394952181938	Saci_1739
SACI_RS08315	65.2232678299231	-1.37	0.168364649026024	-8.1444662016456	3.80958748918098e-16	2.44301660338225e-15	Saci_1740
SACI_RS08320	166.588343967684	-1.49	0.243754613934752	-6.09442818418811	1.09829324087365e-09	4.52888883307624e-09	Saci_1741
SACI_RS08325	1373.63577765291	-2.37	0.140730630313622	-16.8730490581987	7.10332205966916e-64	3.93851887739195e-62	Saci_1742
SACI_RS08330	1251.08721540945	-0.67	0.169897279726922	-3.96439297866859	7.35829490257728e-05	0.000193289320910266	Saci_1743
SACI_RS08335	47.2684542278663	5.39	0.469700954265327	11.4765226339567	1.73103361905032e-30	2.39028550308711e-29	Saci_1744
SACI_RS08340	493.973880025861	2.99	0.179045724295373	16.7211872734141	9.18705880741822e-63	4.66340280872328e-61	Saci_1745
SACI_RS08345	55.539219787745	2.11	0.160479580438911	13.162777163047	1.43704986237294e-39	2.97651017470809e-38	Saci_1746
SACI_RS08350	165.084483870028	3.25	0.177410105130022	18.3095762466408	6.94078050394065e-75	5.43795063830481e-73	Saci_1747
SACI_RS08355	1132.91228283151	0.37	0.12114688283453	3.05659724394206	0.00223864852104394	0.00477401731943335	Saci_1748
SACI_RS08360	7286.62429639402	0.00	0.123878793758895	0.0368177824975218	0.970630295278258	0.982350908223208	Saci_1749
SACI_RS08365	956.308785980824	0.49	0.129222325529655	3.7622510170101	0.000168390914005768	0.000420277599776169	Saci_1750
SACI_RS08370	169.324833720965	-0.65	0.299698828133104	-2.17233434181649	0.0298304535046178	0.0521634907475218	Saci_1751
SACI_RS08375	305.367456206878	1.05	0.155962647608717	6.70615818819806	1.99815111941236e-11	9.24433457556116e-11	Saci_1752
SACI_RS08380	166.693304183579	0.32	0.367116939167133	0.864062411707135	0.387553606286289	0.487349336027839	Saci_1753
SACI_RS08385	5106.68034462109	4.60	0.242167571108379	19.0121058058628	1.35406191127943e-80	1.31892949412191e-78	Saci_1754
SACI_RS08390	95.2043033084725	0.89	0.197072196532119	4.50573950455112	6.61421886754106e-06	1.95711369446782e-05	Saci_1755
SACI_RS08395	97.6866153333475	0.07	0.13960682741642	0.470989197834012	0.637648448907152	0.721142986414807	Saci_1756
SACI_RS08400	781.934802993167	0.42	0.190864056287355	2.21245443392105	0.0269352812994992	0.0476702005681845	Saci_1757
SACI_RS08405	72.5232251784308	0.09	0.175938882385111	0.538859161459814	0.589984037985092	0.682163128937527	Saci_1758
SACI_RS08410	399.093486097411	0.19	0.127087806140384	1.47341071368415	0.140640323142473	0.209678502812643	Saci_1759
SACI_RS08415	35167.2337661447	2.09	0.202685501619686	10.2955016016384	7.3833753280863e-25	7.43287281631929e-24	Saci_1760
SACI_RS08420	924.032474168439	-0.60	0.113829022127675	-5.26060835261448	1.43579565135015e-07	4.91415719607402e-07	Saci_1761
SACI_RS08425	10086.4554062098	1.47	0.129805997454555	11.3050867036557	1.23831788483344e-29	1.65292505812582e-28	Saci_1762
SACI_RS08430	5729.4027575914	1.94	0.149714139918271	12.9504718973304	2.33514184417609e-38	4.5988257958528e-37	Saci_1763
SACI_RS08435	2806.68228587929	1.86	0.165515418539775	11.2361842403306	2.70837617431085e-29	3.53658975804938e-28	Saci_1764
SACI_RS08440	1874.68419061114	1.72	0.198366819607078	8.64858444755423	5.21421599485813e-18	3.7735008926644e-17	Saci_1765
SACI_RS08445	313.986555743561	1.99	0.221213794458671	8.99678602499331	2.32421952471635e-19	1.80139508969414e-18	Saci_1766
SACI_RS08450	1171.08102643771	-0.95	0.0769507765207395	-12.3116488706709	7.84048093015517e-35	1.3266240972901e-33	Saci_1767
SACI_RS08455	153.506860349941	-0.69	0.160571933489987	-4.28393632115398	1.83615485046856e-05	5.16588765112309e-05	Saci_1768
SACI_RS08460	2817.78259015136	1.83	0.144232717261159	12.6843086214656	7.22485508569298e-37	1.33176019654358e-35	Saci_1769
SACI_RS08465	309.467522962549	5.69	0.374345395911966	15.2108257914001	2.99738156682599e-52	1.0695607095882e-50	Saci_1770
SACI_RS08470	526.172622147607	5.46	0.32332449832441	16.8818883352936	6.11569140507393e-64	3.44389872248226e-62	Saci_1771
SACI_RS08475	531.816436863051	3.06	0.229126522937615	13.3643025757553	9.7746857283843e-41	2.13502832515739e-39	Saci_1772
SACI_RS08480	61.1827677240008	0.43	0.246854031849461	1.73616357445945	0.0825349159057912	0.130463086370382	Saci_1773
SACI_RS08485	469.715159179042	4.72	0.24104022884569	19.5864283177339	2.01864726696535e-85	2.5086912931528e-83	Saci_1774
SACI_RS08490	182.43158132199	0.12	0.178000448167468	0.67594800404585	0.499073658146506	0.596373164442973	Saci_1775
SACI_RS08495	105.539720978679	1.32	0.177408460484054	7.46008216052999	8.6468544103623e-14	4.80173548458332e-13	Saci_1776
SACI_RS08500	1456.64627985922	1.25	0.121465326302093	10.2798428387488	8.68691364285975e-25	8.69656576912959e-24	Saci_1777
SACI_RS08505	1076.91031642345	0.04	0.208386595787903	0.184203700710257	0.853853656411957	0.894606240741722	Saci_1778
SACI_RS08510	545.616906401252	-0.13	0.184084448862572	-0.725520530746846	0.468132754284485	0.568255455183995	Saci_1779
SACI_RS08515	123.320068349357	0.46	0.137028798932499	3.35236892241627	0.000801231720970741	0.00182646370801932	Saci_1780
SACI_RS08520	139.865295082321	0.11	0.217545620186497	0.514484138676523	0.606913547028342	0.695901244517485	Saci_1781
SACI_RS08525	4256.07292707507	5.50	0.28472661168918	19.302360877217	5.13104853581998e-83	5.43891144796917e-81	Saci_1782
SACI_RS08530	2532.45566566101	-0.22	0.138284435481781	-1.62620638922806	0.103905757451369	0.159759534920961	Saci_1784
SACI_RS08535	467.176978553648	1.15	0.123680958214103	9.2934923495716	1.49307130392018e-20	1.21467922783935e-19	Saci_1785
SACI_RS08540	82.6791603385304	-0.18	0.185376381792589	-0.953901745710017	0.34013337974381	0.436864112828472	Saci_1786
SACI_RS08545	53.5190257594776	-0.31	0.211937553547139	-1.47871094574279	0.139217585625129	0.208018316166238	Saci_1787
SACI_RS08550	2074.27150611636	1.59	0.166573940208226	9.54233177620945	1.3965626591796e-21	1.19838376754364e-20	Saci_1788
SACI_RS08555	180.34364105444	-0.10	0.147840764894659	-0.70208466839104	0.482626363020908	0.581539756712589	Saci_1789
SACI_RS08560	168.068732552742	-1.64	0.216836409033737	-7.5473862914439	4.44079961416546e-14	2.49293486128541e-13	Saci_1790
SACI_RS08565	164.401088501722	-1.80	0.516509005246618	-3.48913025678714	0.000484594947718405	0.00114074473649715	Saci_1791
SACI_RS08570	102.274673684297	-2.54	0.205249646203925	-12.3918188179222	2.89404201498503e-35	5.06316865145925e-34	Saci_1792
SACI_RS08575	33.5065807162143	0.32	0.221816841759394	1.43042233878939	0.152595840597006	0.225114780807045	Saci_1793
SACI_RS08580	33.572897535847	0.47	0.179498871077611	2.61492605098102	0.00892467757373892	0.0172649157143076	Saci_1794
SACI_RS08585	28.2958816819045	0.39	0.224702396035325	1.74119481479081	0.0816494358537749	0.129347062337145	Saci_1795
SACI_RS08590	12.3948021257488	0.68	0.30907027164686	2.1844511680257	0.0289291118116642	0.0507844710030384	SACI_RS08590
SACI_RS08595	151.890795729914	1.40	0.132013517272298	10.6116478253432	2.63068066337573e-26	2.89938015620983e-25	Saci_1796
SACI_RS08600	88.9814762747356	-0.70	0.144261626277309	-4.8627277965246	1.15779015268739e-06	3.67960821012819e-06	SACI_RS08600
SACI_RS08605	37.2128119410419	-0.67	0.165070660911856	-4.07302430041713	4.64065803496184e-05	0.000123980219110471	Saci_1797
SACI_RS08610	635.09915558759	-0.10	0.12884931580111	-0.775653887815613	0.437953373401914	0.539618447090769	Saci_1798
SACI_RS08615	908.380128747017	0.97	0.142005150597036	6.8449251382341	7.65158740834422e-12	3.72150081237147e-11	Saci_1799
SACI_RS08620	502.739787352534	1.19	0.100294779755953	11.8783380691337	1.53386629732045e-32	2.38278195497539e-31	Saci_1800
SACI_RS08625	2716.33005354947	-0.35	0.111787883102527	-3.13079256335654	0.00174335254621565	0.00377813744832302	Saci_1801
SACI_RS08630	1873.92036290073	1.69	0.126287346238603	13.4064953351785	5.53953814139654e-41	1.240030774012e-39	Saci_1802
SACI_RS08635	1816.50636131369	-1.41	0.124398346189834	-11.3201952786606	1.0423946156051e-29	1.40178738606e-28	Saci_1803
SACI_RS08640	1277.76496230403	1.55	0.62193513550869	2.48589896519751	0.0129224647608541	0.0242565432281866	Saci_1804
SACI_RS08645	835.929783844846	0.51	0.124578853323781	4.07518350670442	4.59780756860388e-05	0.000123017806067174	Saci_1805
SACI_RS08650	118.569599830324	1.92	0.15698926707523	12.2194310774284	2.44791785438115e-34	4.02844563798615e-33	Saci_1806
SACI_RS08655	212.536059898335	-0.50	0.159537465383305	-3.1523854934818	0.0016194232305245	0.00352014555054903	Saci_1807
SACI_RS08660	1466.46833775203	0.92	0.0924880840930774	9.95855192981693	2.31408603733275e-23	2.1606129737169e-22	Saci_1808
SACI_RS08665	473.462075208174	2.03	0.129909541707503	15.6193300861654	5.37675773360807e-55	2.08363815827134e-53	Saci_1809
SACI_RS08670	770.139855399873	2.07	0.147091586791854	14.0722063566344	5.62855467195252e-45	1.51382918191917e-43	Saci_1810
SACI_RS08675	849.741428726414	2.73	0.142777697736101	19.1068929935625	2.21256266368677e-81	2.21502106664643e-79	Saci_1811
SACI_RS08680	74.945230895696	1.15	0.341473760838044	3.36707010855352	0.000759713718182048	0.00173952238902675	Saci_1812
SACI_RS08685	168.002966161441	1.19	0.135863068284747	8.732482790781	2.49142170068737e-18	1.82873397337623e-17	Saci_1813
SACI_RS08690	381.477358755667	-0.48	0.156808818537222	-3.06216457040278	0.00219742603419725	0.00469166079813204	Saci_1814
SACI_RS08695	268.459925589442	0.07	0.135090180725991	0.493673713925276	0.621536632211662	0.70752306458965	Saci_1815
SACI_RS08705	555.809050317429	-0.54	0.109508846854875	-4.93090051217564	8.1851414663979e-07	2.64567263182942e-06	Saci_1816
SACI_RS08710	266.538240241822	-0.04	0.173194984941599	-0.255213753905457	0.798558008655846	0.849971371292283	Saci_1817
SACI_RS08715	311.933565429123	-0.35	0.154858241258277	-2.26419579859669	0.0235620748847213	0.0423107712429176	Saci_1818
SACI_RS08720	130.112630220093	0.13	0.170715617519975	0.739204288736502	0.459782956995857	0.560384774099786	Saci_1819
SACI_RS08725	345.703847620505	0.56	0.150145013513511	3.71907428274667	0.000199954247037238	0.00049190109646567	Saci_1820
SACI_RS08730	297.770888936199	-0.61	0.242970581374414	-2.49988079537894	0.0124235101831221	0.0234175369769729	Saci_1821
SACI_RS08735	28.6874326225108	0.16	0.179422367432448	0.886075823750555	0.375576669777266	0.474606703323025	Saci_1822
SACI_RS08745	1258.69170705495	0.59	0.156328541830107	3.75532019186526	0.000173120011915323	0.000430981641898185	Saci_1824
SACI_RS08750	986.749776105662	2.14	0.173096406893923	12.3841667415787	3.18374416262342e-35	5.54309853241295e-34	Saci_1825
SACI_RS08755	429.646423957633	0.81	0.239346354220788	3.40193563512344	0.000669103943434357	0.00154086301095043	Saci_1826
SACI_RS08760	1012.59960617938	0.76	0.123155011241982	6.15069438702416	7.71444434756416e-10	3.21420317093887e-09	Saci_1827
SACI_RS08765	398.621978099143	1.21	0.151333166396442	8.01090201608065	1.13870147184145e-15	7.17461556733666e-15	Saci_1828
SACI_RS08770	63.8820129502102	-1.03	0.199930040677291	-5.14615513333557	2.65879570734993e-07	8.85609956496225e-07	Saci_1829
SACI_RS08775	401.350706419123	0.84	0.126577781376497	6.61301227513147	3.76577213999147e-11	1.71578290676729e-10	Saci_1830
SACI_RS08780	202.024499262329	0.32	0.211772848222257	1.51753602695923	0.129131404667411	0.194479558053218	Saci_1831
SACI_RS08785	3231.79363977696	4.18	0.19063133613599	21.9026730975967	2.44978836809606e-106	4.90502071034344e-104	Saci_1832
SACI_RS08790	398.39325162431	0.37	0.145246744381001	2.56016891857154	0.0104621297292619	0.0199605693722922	Saci_1833
SACI_RS08795	778.902626321347	-0.18	0.175061531943642	-1.03047178378882	0.302788591088402	0.397107016842285	Saci_1834
SACI_RS08800	1949.50848695627	0.18	0.155942150294782	1.17970268916633	0.238118483973044	0.326925339519563	Saci_1835
SACI_RS08805	1025.15463279272	0.08	0.255235174307039	0.304452455849827	0.760783209233736	0.821162829014191	Saci_1836
SACI_RS08810	166.218945971317	-2.01	0.154813864198789	-12.9738233775156	1.72220702387551e-38	3.44824117447073e-37	Saci_1837
SACI_RS08815	80.0856537527678	-0.08	0.210913350249591	-0.383841466531768	0.701095952019304	0.772942738169951	Saci_1838
SACI_RS08820	641.67825911967	1.07	0.136473377229643	7.83418954095283	4.71876489403911e-15	2.82030326336931e-14	Saci_1839
SACI_RS08825	286.684938144488	0.56	0.146428232671963	3.83753868933796	0.000124273659501058	0.00031518808503998	Saci_1840
SACI_RS08830	229.601797422792	-0.23	0.160618766728569	-1.42067614049368	0.155410931929047	0.228333061016016	Saci_1841
SACI_RS08835	1231.90263752602	0.72	0.141011835551532	5.12848988587899	2.92075586914767e-07	9.69282150313831e-07	Saci_1842
SACI_RS08850	119.140134524336	-5.74	0.495912702721228	-11.5819995633465	5.08460215837379e-31	7.1862377171683e-30	Saci_1845
SACI_RS08855	283.243937689679	1.64	0.1473494509868	11.1198311101821	1.0046198676132e-28	1.26596153946783e-27	Saci_1846
SACI_RS08860	750.009658859192	0.90	0.149390265055955	6.03172694779022	1.62216706202826e-09	6.62094008103043e-09	Saci_1847
SACI_RS08865	270.669920658023	-1.31	0.180548297710062	-7.26586108033007	3.70669376830883e-13	1.9530591141791e-12	Saci_1848
SACI_RS08870	168.342750111473	-0.94	0.173981770674082	-5.3934772816213	6.9107066878455e-08	2.4684030627349e-07	Saci_1849
SACI_RS08875	780.297460480285	2.28	0.141710776354384	16.1001397258744	2.54529155328432e-58	1.11868667780935e-56	Saci_1850
SACI_RS08880	393.452985885098	2.23	0.173596028998716	12.8459868807103	9.05892566969573e-38	1.70933864469023e-36	Saci_1851
SACI_RS08890	58.385488852769	-0.05	0.206018577804625	-0.225475676611591	0.821609245465506	0.870138031342252	Saci_1852
SACI_RS08900	3630.01359480448	2.04	0.213597722052276	9.54938577463932	1.3046749597036e-21	1.12489199874923e-20	Saci_1853
SACI_RS08905	1291.22177283291	1.99	0.169749404011218	11.7522383277094	6.87726685774324e-32	1.0199864096834e-30	Saci_1854
SACI_RS08910	5936.51194549405	5.35	0.25170404046862	21.2486723768623	3.39119362788401e-100	5.55539174313362e-98	Saci_1855
SACI_RS08915	3928.47709809889	3.25	0.15739524072431	20.6355684396369	1.31589102527006e-94	1.97602968961388e-92	Saci_1856
SACI_RS08920	3596.71559591229	1.98	0.259809454977145	7.62138269003684	2.50972663536479e-14	1.4334476693906e-13	Saci_1857
cbsA	1132.63118647324	-0.42	0.247867876343886	-1.69507193687178	0.0900617750864218	0.140939052284613	Saci_1858
cbsB	350.6424134126	-0.30	0.237287714362068	-1.25037879939182	0.21116120536709	0.296118670872759	Saci_1859
soxL2	359.867196504376	-1.02	0.199233680996409	-5.09966535167136	3.40254516253619e-07	1.126058105214e-06	Saci_1860
SACI_RS08940	822.349919427031	-0.82	0.215686237892715	-3.81138002671155	0.000138193122905979	0.000348529051751677	Saci_1861
SACI_RS08945	152.675510543129	-0.76	0.23717769515332	-3.20083748356478	0.00137028795302528	0.00300762349738314	Saci_1862
SACI_RS08950	511.367049364296	1.26	0.18847162838669	6.66014793855771	2.73552091510282e-11	1.25430246539829e-10	Saci_1863
cas6	1042.2074237725	0.06	0.122781803676777	0.471093661221531	0.637573851534743	0.721142986414807	Saci_1864
SACI_RS08960	382.596705063641	-1.69	0.173997540653817	-9.70637055730363	2.83243656066501e-22	2.50813301342425e-21	Saci_1865
SACI_RS08965	107.238748086019	-0.96	0.2331076369112	-4.12759422824101	3.66578235008937e-05	9.95590021832863e-05	SACI_RS08965
SACI_RS08970	1606.32202790786	3.06	0.164414374447078	18.5902480882434	3.85391212034495e-77	3.30702363850552e-75	Saci_1866
SACI_RS08975	759.519318492986	1.05	0.329968192501603	3.17529526364425	0.00149684107719766	0.003271446477999	Saci_1867
SACI_RS08985	40.2037346817813	1.13	0.248650004780292	4.53430588782988	5.77932234541894e-06	1.71995687307101e-05	Saci_1868
SACI_RS12265	317.097483164906	-0.52	0.196619802877809	-2.63356250333559	0.00844942824634276	0.0164515069691082	SACI_RS12265
SACI_RS12270	0.704454130126795	0.50	1.07500712125826	0.461119675150015	0.644712746520323	0.727016501395257	SACI_RS12270
SACI_RS08995	108.334573883977	-0.19	0.199473307604687	-0.974212556011037	0.329951011610073	0.426089174552414	SACI_RS08995
SACI_RS09000	859.786252657704	-0.20	0.145940994010304	-1.35954010959362	0.173975501536417	0.250903444392656	Saci_1871
SACI_RS09010	945.335844860376	0.44	0.235749347106879	1.87106963767767	0.0613354293694854	0.100114532358526	Saci_1872
SACI_RS09015	527.555965514305	0.33	0.207830255798569	1.59626168129598	0.110430381467661	0.168783331132083	Saci_1873
cas7d	934.084148967171	0.43	0.184982897958377	2.30109008770139	0.02138653949975	0.0386910595447586	Saci_1874
SACI_RS09025	5197.64895890237	0.98	0.145347548495312	6.77149486001201	1.27458490417556e-11	6.06816908143821e-11	Saci_1875
csa3	481.224875801802	1.24	0.115955494186565	10.6798128941755	1.26526416516719e-26	1.43396605385615e-25	Saci_1876
cas2	270.737255534704	2.20	0.176134858383008	12.4765772601496	1.00202180259487e-35	1.80564328827595e-34	Saci_1879
SACI_RS09045	159.071193036342	1.65	0.155902056625591	10.5837305714947	3.54553948197634e-26	3.84883261838636e-25	Saci_1880
cas1	1262.55080517613	2.26	0.140603385606576	16.0430811994897	6.39036196031582e-58	2.77480295240701e-56	Saci_1881
SACI_RS09055	58.3501214463461	0.55	0.375397717597143	1.46888606032748	0.141863696169664	0.211184122674708	Saci_1882
SACI_RS09060	153.37171626593	0.66	0.14630301204112	4.49935586416633	6.81596752092793e-06	2.01020842433914e-05	Saci_1883
SACI_RS09065	477.636156359124	0.78	0.134725160609332	5.82463667557943	5.72369803671328e-09	2.23007651073672e-08	Saci_1884
SACI_RS09070	770.484223772875	0.77	0.160602990110252	4.7730125829743	1.81490447118826e-06	5.64040149993064e-06	Saci_1885
SACI_RS09075	10.8950190977379	0.08	0.330479624198495	0.230370770933522	0.817803671794317	0.867126929434163	SACI_RS09075
SACI_RS11985	120.441063717171	0.67	0.208213941766398	3.21715057695845	0.0012947062874529	0.00284519601218307	Saci_1886
SACI_RS09085	600.729818473258	-0.20	0.110341973234857	-1.79783545417738	0.0722030871178757	0.115807710713317	Saci_1887
SACI_RS09090	136.287435462319	-0.29	0.181218920066664	-1.57344753086486	0.115615228538219	0.175739048355859	Saci_1888
SACI_RS12275	12.0621668464017	1.52	0.358394099975548	4.24592724755496	2.17691263188116e-05	6.06305496545573e-05	SACI_RS12275
SACI_RS12280	1.38444575132974	0.48	0.755514014239557	0.639427663126332	0.52254475776118	0.620102504764996	SACI_RS12280
SACI_RS09105	14.0889474960451	1.06	0.288794287214522	3.67073614987722	0.000241852902635011	0.000589342705271521	Saci_1891
SACI_RS09110	679.131161524167	2.10	0.101061052907331	20.7390994318305	1.53777636811242e-95	2.40962870899006e-93	Saci_1892
SACI_RS09115	1392.09157328299	1.95	0.163450470806679	11.9059398827672	1.10214429543001e-32	1.72701219162163e-31	Saci_1893
SACI_RS09120	227.068053621017	1.76	0.129372051660729	13.6336885701212	2.52488957407869e-42	6.06646801665307e-41	Saci_1895
SACI_RS09125	441.897946216147	1.86	0.17644035617245	10.5293987283359	6.32371096147848e-26	6.78293282891918e-25	Saci_1896
SACI_RS09130	183.493605267604	1.52	0.134419283392286	11.3238054223936	1.00033251844215e-29	1.35026157170993e-28	Saci_1897
SACI_RS09135	277.774616913592	1.95	0.205866235578529	9.45383118509239	3.2665083124485e-21	2.76999904895633e-20	Saci_1898
SACI_RS09140	2247.97876603092	2.86	0.180407446068858	15.8775990566493	9.0579758044597e-57	3.70965281809918e-55	Saci_1899
SACI_RS09145	72.1443079605266	0.31	0.181417682208125	1.71079254804801	0.0871194157181029	0.136929077299626	Saci_1900
SACI_RS09155	784.814503722415	0.54	0.158436351727924	3.41045589948416	0.000648543714790502	0.00150055524660252	Saci_1901
tsaA	59.8963582393979	-0.65	0.204635327979542	-3.15964597399086	0.0015796094950992	0.00343567448421093	Saci_1902
SACI_RS09165	75.3707171925911	1.39	0.175860355524408	7.88230167963453	3.21404888800826e-15	1.94679532645072e-14	Saci_1903
SACI_RS09170	1499.21478426826	0.71	0.105056352606176	6.76117059590108	1.36881231520293e-11	6.48252244939734e-11	Saci_1904
SACI_RS12090	459.99638047437	0.36	0.137723157972082	2.60756671064392	0.00911882999493585	0.0176027119987942	Saci_1905
SACI_RS09180	118.503684681161	-2.07	0.161752096970936	-12.8041582312448	1.55401806860218e-37	2.88694903053724e-36	Saci_1906
SACI_RS12095	5.8547434003418	1.46	0.516040293531753	2.83411328998254	0.00459530378502694	0.00931466526503773	SACI_RS12095
SACI_RS09185	227.530821345902	-0.10	0.157813882511144	-0.655714068343747	0.512008115292428	0.609203449162731	Saci_1907
SACI_RS09190	275.170033313552	0.36	0.141635458470665	2.52458506658728	0.0115834966664008	0.0219374261616965	Saci_1908
SACI_RS09195	293.954042696175	-0.53	0.125713632003659	-4.20756995970144	2.58131502014071e-05	7.11787248093889e-05	Saci_1909
SACI_RS09200	503.318580839444	0.90	0.118431568125666	7.59762897823901	3.01605563855246e-14	1.70374052058669e-13	Saci_1910
SACI_RS09205	219.119710843604	0.98	0.0972139825824074	10.0525583598018	8.95128284459835e-24	8.57989983296076e-23	Saci_1911
SACI_RS09210	398.609299381411	0.33	0.111148488885707	3.01340679913766	0.00258332376625282	0.00546379040702768	Saci_1912
SACI_RS09215	12.4995592294985	-0.42	0.315754286423694	-1.34357143103349	0.179087012992068	0.256783962993164	Saci_1913
SACI_RS09220	258.473758658253	0.66	0.0988598261917237	6.68177784080247	2.36060705010937e-11	1.08932494348197e-10	Saci_1914
SACI_RS09225	239.025033441525	-0.38	0.174881643218375	-2.16964175492699	0.0300339956111959	0.052468502269874	Saci_1915
SACI_RS09230	656.464433237179	-0.28	0.123829850364826	-2.2948115004043	0.0217439292893679	0.0392610827449308	Saci_1916
SACI_RS09235	140.634290717618	-1.47	0.145423501920346	-10.0964547969963	5.72754296769114e-24	5.53406564492195e-23	Saci_1917
SACI_RS09240	112.240633879424	-0.18	0.328979121395156	-0.540472180543826	0.58887144125159	0.681095209971351	Saci_1918
SACI_RS09245	270.617183993717	-1.49	0.158091802580465	-9.40884465308176	5.01620182337873e-21	4.18481281746689e-20	Saci_1919
SACI_RS09250	437.76491585115	-1.05	0.196329900467569	-5.36328360112195	8.17225429525703e-08	2.89036354073664e-07	Saci_1920
SACI_RS12100	3.6017836210953	0.47	0.594148548634532	0.797203212524221	0.425333020595254	0.527132120435109	SACI_RS12100
SACI_RS09255	842.978088284559	-0.19	0.167891681459927	-1.13598992464586	0.255960781027273	0.345887759588411	Saci_1921
SACI_RS09260	955.954997694801	-0.11	0.234800009312365	-0.489434386662956	0.62453419627333	0.709366921956849	Saci_1922
SACI_RS09265	231.177393784491	-0.14	0.0989800708156382	-1.36552678125814	0.172087541613026	0.249005743196887	Saci_1923
SACI_RS12105	6.28379834849875	-0.19	0.363797102177285	-0.524944514489544	0.599621763168862	0.689765986102962	SACI_RS12105
SACI_RS09270	13.2192800380123	-1.38	0.318235031087687	-4.32425770316677	1.53046308697011e-05	4.33631207974865e-05	Saci_1924
SACI_RS09275	2.52113564285065	0.72	0.589510910873049	1.21594396659578	0.224006267975337	0.311214727251069	SACI_RS09275
SACI_RS09280	1.45597251867268	-0.42	0.868510520988467	-0.488672673074559	0.625073453436203	0.709755742339028	SACI_RS09280
SACI_RS11720	3.46708392873701	0.06	0.580713520550372	0.102352666386506	0.918476753035273	0.944060171212765	SACI_RS11720
SACI_RS09285	20.0333752006238	-0.05	0.274571520442928	-0.180185395154783	0.857007023757397	0.89734262452692	Saci_1925
SACI_RS09290	13.2086952121731	-0.09	0.309580343997993	-0.301034647932176	0.763388074003229	0.822250633206108	Saci_1926
SACI_RS09295	73.3633364897215	-0.64	0.170135920171174	-3.74601837604736	0.000179663436254354	0.000444411135388259	Saci_1927
SACI_RS09300	119.551735880126	0.11	0.154693320239668	0.721061630484816	0.470871596867737	0.571003107372585	Saci_1928
SACI_RS09305	117.133972621909	-0.07	0.134472044306779	-0.526920121068871	0.598249060416642	0.68840664551136	Saci_1929
SACI_RS09310	135.719356501004	0.39	0.232928537350074	1.68762846320135	0.0914825718626568	0.142914256173825	Saci_1930
SACI_RS09315	81.6527611008962	-0.69	0.170090650196776	-4.06508931274852	4.80140718547491e-05	0.000127990173790322	Saci_1931
SACI_RS09320	26.5305219261179	-0.01	0.342817563487743	-0.0429446560262846	0.965745651204357	0.979203853238732	Saci_1932
SACI_RS09325	58.9023901771131	-0.34	0.172034079901689	-1.98481598940615	0.0471649478799828	0.0788415919106949	Saci_1933
SACI_RS12110	19.354264068349	-0.61	0.260753991659725	-2.33875651871257	0.0193480382317288	0.0354500914017034	SACI_RS12110
SACI_RS09330	391.287662399355	0.06	0.401216882524662	0.15548948662763	0.876435441598275	0.911068165999476	Saci_1934
SACI_RS09335	1895.43708756415	0.18	0.165280944776259	1.07681524615088	0.281562812708949	0.373482656239622	Saci_1935
SACI_RS09340	213.323930347423	0.72	0.441598106754535	1.62030485015317	0.105166807560205	0.161491765848734	Saci_1936
SACI_RS09345	438.396024448985	0.92	0.255871777314198	3.59761743903384	0.000321145505348675	0.000773151904660403	Saci_1937
SACI_RS09350	300.310920895912	-0.05	0.152221304593524	-0.316421952797406	0.751682256384077	0.814443173387583	Saci_1938
SACI_RS09355	213.948920901873	-0.57	0.290459742502787	-1.96339972633401	0.0495997456058785	0.0824146994760656	Saci_1939
SACI_RS09365	7213.17631375918	0.45	0.223369029005573	2.01117191405987	0.0443073012820385	0.0745561616921226	Saci_1941
SACI_RS11500	1468.58514322645	-0.18	0.248642085503395	-0.712930202482832	0.475888948798339	0.574574127795382	SACI_RS11500
SACI_RS09380	3600.23664502773	1.28	0.189732243453603	6.7687228663228	1.29924136133107e-11	6.17739560189602e-11	Saci_1943
SACI_RS09385	3285.84957814088	1.77	0.228940049496369	7.72423431182203	1.12527684559198e-14	6.57292990520827e-14	Saci_1944
SACI_RS09390	104.662110230941	0.06	0.135774683253571	0.429201737887606	0.667776418374089	0.747162298149393	Saci_1945
SACI_RS09395	63.9637159964611	-0.11	0.239951695617555	-0.441358750356972	0.658953299936451	0.739143384055702	Saci_1946
SACI_RS09400	38.090638219419	0.81	0.699987374365354	1.164140575052	0.244367047722826	0.333977565412615	Saci_1947
SACI_RS09405	78.0819155136794	1.08	0.187961462108418	5.76527715033251	8.15237590242515e-09	3.11241130851062e-08	SACI_RS09405
SACI_RS09410	1032.14814450413	0.36	0.168463015712165	2.1642690722543	0.0304437048930014	0.0531070244116055	Saci_1948
SACI_RS09415	694.058824013337	-0.76	0.117834601913606	-6.48293402252756	8.99558426612689e-11	3.9877104176041e-10	Saci_1949
SACI_RS09420	416.768814333727	0.67	0.129796951906598	5.18023249996896	2.21609511838739e-07	7.4712879388851e-07	Saci_1950
SACI_RS09430	23.5580698056302	-0.17	0.402766887685597	-0.421264035335593	0.673562289165759	0.751708047153942	Saci_1952
SACI_RS09435	64.9840036272213	0.04	0.1577219573056	0.260537991559131	0.794448813844758	0.847098676064056	Saci_1953
SACI_RS09440	662.370759401045	1.72	0.18351979503907	9.37579231495724	6.86581400463968e-21	5.66233264822e-20	Saci_1954
SACI_RS09445	284.849742272666	1.65	0.391126909980249	4.20759889605124	2.58098460517461e-05	7.11787248093889e-05	Saci_1955
SACI_RS09450	179.091178746443	-0.25	0.205235225537389	-1.23336031185773	0.217441365314023	0.303390894538033	Saci_1956
SACI_RS09455	1150.31646537038	0.02	0.215677890739403	0.0774130762495413	0.938294938656823	0.958779404286699	Saci_1957
SACI_RS09460	683.224517974679	0.70	0.126735015624664	5.5439443688029	2.95732827924791e-08	1.08868346459749e-07	Saci_1958
SACI_RS09465	450.860387820708	0.33	0.123878067202291	2.62516063796156	0.00866080961463032	0.0168267158227103	Saci_1959
SACI_RS11995	244.875641317419	0.08	0.17051854820777	0.49151440854764	0.623062663797633	0.708812449598064	Saci_1960
SACI_RS09475	269.941994953573	-0.32	0.1480448568609	-2.14320084528864	0.0320969744500274	0.0556945093490125	Saci_1961
SACI_RS09480	70.0396765782282	-0.22	0.260027287842256	-0.844529128189628	0.398373793527266	0.498520538844538	Saci_1962
SACI_RS09485	166.367197335066	-1.78	0.168575097321447	-10.5454288080246	5.33290234336694e-26	5.73724777477446e-25	Saci_1963
SACI_RS09490	166.206571894411	2.73	0.221321921872812	12.3414794344653	5.41516119125335e-35	9.24940328591331e-34	Saci_1964
SACI_RS09495	881.273293519441	-0.76	0.142003306726178	-5.35604960388321	8.50611656849697e-08	2.99668075394556e-07	Saci_1965
SACI_RS09500	1460.73431805196	-0.87	0.158831510152731	-5.47947115755682	4.26598979281428e-08	1.54518866465353e-07	Saci_1966
SACI_RS09505	482.698165472552	-1.11	0.136953446213344	-8.10680046162489	5.19701026210924e-16	3.32092641571661e-15	Saci_1967
SACI_RS09510	445.185475662659	-1.21	0.168406511605743	-7.16460932356085	7.80086950443091e-13	4.02207921229886e-12	Saci_1968
SACI_RS09515	60.7575395767918	-1.26	0.296445003292388	-4.25880413200707	2.05523454172072e-05	5.74191107624921e-05	Saci_1969
SACI_RS09520	112.065170071621	-0.25	0.258897976781354	-0.967380330477021	0.333353939263559	0.429534357206245	Saci_1970
SACI_RS12000	53.8397966891408	0.11	0.174498140003498	0.619195954076449	0.535787276891083	0.632453465626498	SACI_RS12000
SACI_RS09525	1101.96262360901	-0.09	0.170170619844045	-0.530062791491438	0.596068395947682	0.686993372844605	Saci_1972
SACI_RS09530	176.218402707921	0.04	0.150754390715643	0.260729493829435	0.794301119731018	0.847098676064056	Saci_1973
SACI_RS09535	2733.79096133771	3.45	0.1335972358026	25.8311070661597	3.96735091684345e-147	2.85966654086076e-144	Saci_1974
SACI_RS09540	7.61521749170002	0.70	0.364464328796352	1.92786778158226	0.0538715741008116	0.0891428618270547	SACI_RS09540
SACI_RS09545	463.497242282357	0.04	0.152049691485267	0.235643085277926	0.813709637522503	0.863802513587953	Saci_1975
SACI_RS09550	263.594235083088	0.29	0.216073773337619	1.35072091583798	0.176784849625061	0.254141443178589	Saci_1976
SACI_RS09555	107.296071693208	0.60	0.214424246321683	2.78999828165603	0.00527083212986129	0.0105768814009021	SACI_RS09555
SACI_RS09560	19.4725829055934	-1.78	0.281781469590136	-6.31952850930088	2.62362544912623e-10	1.13240073277257e-09	Saci_1977
SACI_RS09565	144.900574917152	1.15	0.283901642969305	4.05721259381147	4.96618732025685e-05	0.000132284841849266	Saci_1978
SACI_RS09570	449.880254926936	0.89	0.237777405785237	3.73579743484415	0.000187121256534608	0.000461907540103239	Saci_1979
SACI_RS09575	44.7736830839492	1.85	0.634046101955023	2.91218925520155	0.00358905107449186	0.0074510023458921	Saci_1980
SACI_RS09580	151.566005772852	2.21	0.197158577000526	11.2298516737855	2.90966582077037e-29	3.78571682962326e-28	Saci_1981
SACI_RS09585	212.443050396011	0.56	0.206487829489998	2.71789684827793	0.00656983165817682	0.012988301314355	Saci_1982
SACI_RS09590	244.136990345738	2.15	0.207776906121241	10.3706924338368	3.37073334466491e-25	3.51101820062784e-24	Saci_1983
SACI_RS09595	326.812230322047	1.83	0.293062473614386	6.23112824183728	4.63087813410541e-10	1.9751106266646e-09	Saci_1984
SACI_RS09600	902.982540915095	2.07	0.173664330362038	11.9277087959405	8.48775509136318e-33	1.33580215499008e-31	Saci_1985
SACI_RS09605	446.938270935151	1.94	0.164778667703549	11.7431260268782	7.6601727977313e-32	1.13144519520588e-30	Saci_1986
SACI_RS09610	119.059508458366	2.28	0.176242264786949	12.9638696376063	1.96099851849275e-38	3.90466224345186e-37	Saci_1987
SACI_RS12115	6.72729516468859	1.95	0.444436853725846	4.3801649361092	1.18589512411653e-05	3.4164396701167e-05	SACI_RS12115
SACI_RS09615	1038.16714416555	0.53	0.157516197970481	3.34033867251371	0.000836762802755302	0.00190264551490858	Saci_1988
SACI_RS09620	876.511689227591	-0.20	0.1200985439545	-1.66174176471471	0.0965645632022791	0.149878848312237	Saci_1989
SACI_RS12120	857.698787816312	1.90	0.279126321293216	6.81927272207	9.15025495831751e-12	4.42057893696733e-11	SACI_RS12120
SACI_RS09625	21.9138975233073	0.93	0.243876422254897	3.83108012787506	0.00012758194483602	0.000323351145702542	Saci_1990
SACI_RS09630	19.0649348410678	-0.38	0.259398345177678	-1.46294068303007	0.143483610597662	0.213243271172773	Saci_1991
SACI_RS09635	7.55108118511033	0.51	0.513133396498838	1.00337635508781	0.315679308095512	0.410724991471561	Saci_1992
SACI_RS09640	158.721509911799	-0.29	0.188042077462348	-1.54639925577868	0.122008173790952	0.184677638951109	Saci_1993
SACI_RS09645	6.92017309566285	0.40	0.408852640091501	0.984847826721365	0.324698824083934	0.420486727272188	Saci_1994
SACI_RS12285	1.60104375045012	0.40	0.722656522624575	0.554053873977914	0.579541976284392	0.67267931804475	SACI_RS12285
SACI_RS12290	2.88566722322925	0.28	0.635123033133201	0.436626762106661	0.66238205087583	0.742065561503417	SACI_RS12290
SACI_RS12295	8.70185056367361	0.61	0.325821028511087	1.86801733166979	0.0617596551639094	0.100670193220592	SACI_RS12295
SACI_RS09655	958.496488403963	0.62	0.212572958638367	2.89488438381968	0.00379298206414342	0.00782478955877096	Saci_1998
SACI_RS09660	434.672624734967	-0.19	0.270167150772866	-0.685590199593262	0.492971563356576	0.590596090168719	Saci_1999
SACI_RS09665	271.488414166348	-0.57	0.257258580907428	-2.19972313236472	0.0278265445437529	0.0490400325357875	Saci_2000
SACI_RS09670	85.6760593644269	-0.48	0.293312376192455	-1.6324646871955	0.102581631665184	0.158128400565152	Saci_2001
SACI_RS09675	52.2413040539767	0.08	0.196468757210192	0.382415136786667	0.702153464527895	0.773871891791601	Saci_2002
SACI_RS09680	72.9662227708272	0.11	0.235574523847188	0.474245687753252	0.635324716744333	0.72003467897691	Saci_2003
SACI_RS09685	25.1089196307379	-0.92	0.215199440696427	-4.26259252753135	2.02068784882119e-05	5.6532299240543e-05	Saci_2004
SACI_RS09695	192.414534046966	1.19	0.150127177558834	7.94435933313224	1.95196992448497e-15	1.20667231695435e-14	Saci_2005
SACI_RS09700	190.258910075518	1.52	0.126051572746966	12.0714777209241	1.49426666043585e-33	2.39348313076036e-32	Saci_2006
SACI_RS12005	108.819057258667	0.95	0.202421052286835	4.71103144626154	2.46466198497231e-06	7.54684944251503e-06	Saci_2007
SACI_RS09715	3157.7432868261	4.96	0.257744713394698	19.2257226737668	2.25476023750983e-82	2.3217588274244e-80	Saci_2009
SACI_RS11955	4.07362675664286	0.21	0.444848063027014	0.467479239707159	0.640157041758024	0.723010334846731	SACI_RS11955
SACI_RS09740	483.440757399624	0.55	0.222862356088709	2.45943095875184	0.0139157460415798	0.0259856729190951	Saci_2016
sixA	1172.3303690697	0.69	0.153074371106848	4.50489311115591	6.64063596002279e-06	1.96331845774587e-05	Saci_2017
SACI_RS09750	1597.96778755362	0.74	0.12640685285069	5.88424372305129	3.9987821751779e-09	1.58369351201551e-08	Saci_2018
SACI_RS09760	205.099291584451	0.11	0.157289929461508	0.676071752632147	0.498995090032199	0.596373164442973	Saci_2020
SACI_RS09765	108.568273111071	0.31	0.278324898459926	1.10752031852993	0.268069032503935	0.358978936008174	Saci_2021
SACI_RS09770	416.543993157078	1.56	0.220549574286165	7.0574460979689	1.69590515209829e-12	8.60851009600313e-12	SACI_RS09770
SACI_RS09775	941.625643177323	0.70	0.147638959198514	4.7514064251864	2.02006638876693e-06	6.24384156527962e-06	Saci_2022
SACI_RS09780	3665.82446208497	0.96	0.21511524118666	4.46570835195229	7.98042636208259e-06	2.33264043868172e-05	Saci_2023
SACI_RS09785	362.373790106328	2.73	0.268483083410223	10.157220466898	3.07724212983635e-24	2.98932092612674e-23	Saci_2024
SACI_RS09790	43.5568604440061	-0.14	0.270930048515702	-0.523309775611516	0.600758699275469	0.690192652913226	Saci_2025
SACI_RS09795	3678.51009167477	-0.38	0.133332634669186	-2.8577178237331	0.00426699655326963	0.0087227768451411	Saci_2026
SACI_RS09800	212.059930032262	0.15	0.253060299302224	0.600721045573706	0.54802579922428	0.642766682353972	Saci_2027
SACI_RS09805	44.7524534338305	-0.96	0.252648464017004	-3.81673745968572	0.000135227927255939	0.000341528696447376	Saci_2028
SACI_RS09810	94.9321122960845	-0.13	0.232962164300167	-0.569549459703132	0.568983315660636	0.662557631547958	Saci_2029
SACI_RS09815	94.0792028415484	-0.41	0.145828994375803	-2.80771737955873	0.00498939930747496	0.0100625602149635	Saci_2030
SACI_RS09820	164.319744127692	0.11	0.241530876155462	0.451768946792125	0.651435442746552	0.732991987405112	Saci_2031
SACI_RS09825	526.24223501531	0.74	0.191659311150116	3.8643393585408	0.000111390268667246	0.000284112192694094	Saci_2032
SACI_RS09835	147.03337280266	-0.06	0.253784683925119	-0.218975257471942	0.826669321715756	0.873699775795773	Saci_2034
SACI_RS09840	186.753504253344	-2.40	0.246039099842136	-9.75916251436809	1.68541238316285e-22	1.51476963314686e-21	Saci_2035
SACI_RS09845	722.074799158537	-2.01	0.560364059844782	-3.59396973329146	0.000325677685935107	0.000782434770376411	Saci_2036
SACI_RS09850	501.553012892882	-1.99	0.581931021578767	-3.4245782145544	0.000615754572669974	0.00142942111026965	Saci_2037
SACI_RS09855	95.6429520253125	-2.33	0.593672238180683	-3.92123604874244	8.80959120218454e-05	0.000227433858830036	Saci_2038
SACI_RS09860	1368.99516660671	-2.66	0.628284136236276	-4.23538898866333	2.28156398704356e-05	6.33006667382987e-05	Saci_2039
SACI_RS09865	597.170613464062	1.52	0.195015791218893	7.78477574165491	6.98369711315423e-15	4.13288085317042e-14	Saci_2040
SACI_RS09870	2802.0117659155	-2.74	0.552280185231258	-4.96325759831889	6.93205431771338e-07	2.24870600909442e-06	Saci_2041
SACI_RS09875	1433.56990528324	-2.70	0.489435493957134	-5.50989994874552	3.59037717599272e-08	1.31367709058658e-07	Saci_2042
SACI_RS09880	27.2073423240713	1.00	0.29569330423342	3.39654232234055	0.000682430032717043	0.00157054778921598	Saci_2043
SACI_RS09885	51.488264700832	1.31	0.239594920023906	5.45889946614869	4.79094927140543e-08	1.73185367844987e-07	Saci_2044
SACI_RS09890	25.3104894273964	1.41	0.261546388274037	5.40342514852016	6.53802457286805e-08	2.33992458397383e-07	Saci_2045
SACI_RS09895	244.633830279008	1.67	0.191377749937013	8.72217377157626	2.72911064090064e-18	1.99912901418819e-17	Saci_2046
SACI_RS09900	12.5812669164327	1.35	0.317448834345699	4.24402778116312	2.19543154651792e-05	6.10519698584151e-05	Saci_2047
SACI_RS09905	63.4062559485633	1.67	0.226211029642362	7.4007455463367	1.3542200757496e-13	7.39486235303268e-13	Saci_2048
csx7	138.168981815465	1.50	0.220955260081057	6.81047242677078	9.72787574263996e-12	4.68080963637843e-11	Saci_2049
SACI_RS09920	526.10129044562	1.22	0.22867925310711	5.32130566746615	1.03025127169449e-07	3.58054540326609e-07	Saci_2052
SACI_RS09925	1.14491115243964	1.87	1.14683345957719	1.63069386260854	0.102954932262044	0.158568194817268	Saci_2053
SACI_RS09930	28.9866970636412	1.39	0.243986036522068	5.69343890705205	1.24505779245835e-08	4.69371159416306e-08	Saci_2054
SACI_RS09935	403.352644004619	0.76	0.225596070385829	3.37564160219172	0.000736437840963532	0.00169052355339654	Saci_2055
SACI_RS09940	103.150313378022	0.78	0.257907981654453	3.02581448844154	0.00247964387693612	0.00525993910092866	Saci_2056
SACI_RS09945	144.849024654765	1.11	0.244773925274936	4.53535170135877	5.75075743437885e-06	1.71287023086788e-05	Saci_2057
SACI_RS09950	14.7040077215199	-0.26	0.24066294075679	-1.08288948145747	0.278857481238452	0.370712785829355	Saci_2058
SACI_RS09955	124.115915525564	1.41	0.263475051261959	5.36136018242887	8.25976400941071e-08	2.91559152692617e-07	Saci_2059
SACI_RS09960	26.8892516082427	0.98	0.265377772696747	3.69817072250528	0.000217158819214764	0.000532046488409251	Saci_2060
SACI_RS09965	230.318484372896	0.99	0.194818572355258	5.08285721909223	3.71799186720429e-07	1.22819823000956e-06	Saci_2061
SACI_RS09970	637.658887381825	0.65	0.193642349304847	3.36228845505125	0.000772993289083673	0.00176768262300607	Saci_2062
SACI_RS09975	430.81152556912	-0.77	0.181120841844103	-4.27465520583028	1.91433313028157e-05	5.3816354146137e-05	Saci_2063
SACI_RS09980	870.051687356547	-0.69	0.130970418175353	-5.24974544607849	1.5230953453168e-07	5.19813979594863e-07	Saci_2064
SACI_RS09985	39.9454066672071	-5.67	0.653626088655567	-8.67620299463335	4.09201492863951e-18	2.98534854308033e-17	Saci_2065
SACI_RS09990	165.133516790087	-4.10	0.411762232323956	-9.96690484346776	2.12755766142617e-23	1.99161501604673e-22	Saci_2066
SACI_RS09995	68.8510468932904	-3.85	0.400617404373098	-9.61592682787322	6.84897264933019e-22	5.93358111254471e-21	Saci_2067
SACI_RS10000	252.287963671991	-4.35	0.419055540378248	-10.3879502792589	2.8133400804409e-25	2.94746443311309e-24	Saci_2068
SACI_RS10005	91.9751789967837	-4.58	0.446046954107253	-10.2622935373396	1.04201918207724e-24	1.0374135724327e-23	Saci_2069
SACI_RS10010	112.426395086438	-4.00	0.41154105756406	-9.71975083107793	2.48388561950735e-22	2.21582271601597e-21	Saci_2070
SACI_RS11900	11.1802923308311	-1.17	0.37837441188454	-3.10249230611696	0.00191898536090376	0.00413885292680859	Saci_2071
SACI_RS10015	172.370992897248	3.08	0.235654648576755	13.0807378660277	4.24301305911819e-39	8.63944579947004e-38	Saci_2072
SACI_RS10020	110.137563962864	-1.36	0.147829959912202	-9.22503498990969	2.83468336536062e-20	2.28550309815653e-19	Saci_2073
SACI_RS10025	587.712577795886	0.75	0.207112513030998	3.62757440919608	0.000286096338433348	0.000693403633970267	Saci_2074
SACI_RS10030	579.434248835242	0.38	0.110552469460773	3.45246233668243	0.000555495019613456	0.00129831650498502	Saci_2075
SACI_RS10035	362.972613857309	2.35	0.196529245613636	11.954895162053	6.12107747486031e-33	9.6755979032441e-32	Saci_2076
SACI_RS11960	1009.6458380794	2.19	0.681288297265178	3.21845666237192	0.00128882445148043	0.00283399836676967	SACI_RS11960
SACI_RS10040	634.610154528426	-0.23	0.234283138686086	-0.960970998241228	0.336566750283769	0.433364261530084	Saci_2077
SACI_RS10045	154.150362924305	0.54	0.168078265213033	3.19615138485265	0.00139274017209485	0.00305132862020051	Saci_2078
SACI_RS10050	27.4708824210011	0.42	0.356717498487838	1.16849979085697	0.242605223560813	0.33219955384239	Saci_2079
SACI_RS10055	75.8009882611754	0.53	0.177026942397907	3.00647681723834	0.00264294205653675	0.00558006044039746	Saci_2080
SACI_RS10060	877.078086881535	1.35	0.205466009359007	6.57490468305208	4.86843450943305e-11	2.19872656290685e-10	Saci_2081
SACI_RS10065	1334.75818511453	-0.41	0.11906339223664	-3.45855540452315	0.00054308056140269	0.00127177540175133	Saci_2082
SACI_RS10070	178.647564758442	-0.43	0.141751665145745	-3.05721189571801	0.00223406287090004	0.00476705896194419	Saci_2083
SACI_RS10075	912.524548767602	-0.20	0.18156645731021	-1.11019123321607	0.266916629717034	0.357608748513082	Saci_2084
SACI_RS11755	584.284710140222	0.68	0.22121277900093	3.05381932406848	0.00225948114416886	0.00480990551895131	Saci_2085
SACI_RS10080	4180.26924160503	0.46	0.22730598405831	2.0340593559623	0.0419456112512005	0.0709394570386329	Saci_2087
SACI_RS10085	4040.82779885787	0.52	0.209796314299534	2.48542299274383	0.012939757962005	0.0242763600703103	Saci_2088
SACI_RS10090	2369.57654752126	0.35	0.190585916135185	1.83962745646353	0.0658229505344514	0.106651335141179	Saci_2089
SACI_RS10095	2772.68084556126	1.01	0.22617206017204	4.4737522260275	7.6858798990984e-06	2.24836941204145e-05	Saci_2090
SACI_RS10100	569.688600233696	1.04	0.214587482980049	4.84792886510315	1.24757117040793e-06	3.94753862875345e-06	Saci_2091
SACI_RS10105	443.185176871799	1.07	0.201495799945932	5.32654173117351	1.0010029038567e-07	3.49236637512058e-07	Saci_2092
SACI_RS10110	138.072344057223	-0.13	0.235098135599928	-0.551759664192832	0.581113026010725	0.673629520187459	Saci_2093
SACI_RS10115	170.744360367801	-1.64	0.214411375758118	-7.64283769301205	2.124857802203e-14	1.22136962027745e-13	Saci_2094
SACI_RS10120	86.3584792849774	1.05	0.207259875570685	5.07891103300336	3.79604409688451e-07	1.25168736735332e-06	Saci_2095
SACI_RS11760	296.358484260515	0.80	0.184860897930503	4.30961159679872	1.63541516749092e-05	4.61553348757813e-05	SACI_RS11760
SACI_RS10135	122.804097522261	-0.19	0.202428310573877	-0.921796125536943	0.356634928802487	0.453853207416725	Saci_2097
SACI_RS10140	228.654206866456	0.47	0.14321338637	3.27331016584447	0.00106295765042522	0.00237060604711169	Saci_2098
SACI_RS10145	1239.61323473482	-0.24	0.136648865228101	-1.74359006335998	0.081230597221737	0.128806044959238	Saci_2099
SACI_RS10150	44.2450872830558	1.25	0.19452111667507	6.42644678829591	1.3062111619737e-10	5.74796706685376e-10	Saci_2100
SACI_RS10155	97.5523939415274	1.83	0.150157275041108	12.1830421977158	3.82734270152662e-34	6.26988322559179e-33	Saci_2101
SACI_RS10160	708.808490711282	2.87	0.132292210022998	21.6683974998524	4.07699311953617e-104	7.34674160140418e-102	Saci_2102
SACI_RS10165	96.4494442728867	2.71	0.356572698210375	7.60089195630811	2.94096577356267e-14	1.66393102793091e-13	Saci_2103
SACI_RS10170	81.6789093579514	1.77	0.172779097754355	10.2684091487649	9.78041187769659e-25	9.76415634548989e-24	Saci_2104
SACI_RS10175	237.390323522136	1.02	0.193178836686255	5.27263764726882	1.34476907748919e-07	4.61136798788871e-07	Saci_2105
SACI_RS10180	96.3760339778204	1.36	0.122109372927143	11.1644376826437	6.08751844892264e-29	7.69804087365515e-28	Saci_2106
SACI_RS10185	17.7404942113508	0.30	0.276513869378692	1.07873309882178	0.280706726119218	0.372621377876118	Saci_2107
SACI_RS10190	14.185323661437	-0.28	0.251682094480254	-1.11987075722577	0.262768841366893	0.353497164720523	Saci_2108
nrfD	619.814197071981	2.83	0.192658327422984	14.6833424544681	8.24251969440586e-49	2.5831339981425e-47	Saci_2109
SACI_RS10200	263.663219445289	-1.80	0.340827662921132	-5.27496206236838	1.32783553669556e-07	4.55763740404838e-07	Saci_2110
SACI_RS10205	258.957621844992	-1.15	0.252115841245756	-4.55162976270724	5.32319499990993e-06	1.59091905161756e-05	Saci_2111
SACI_RS10210	44.0987568202899	-1.67	0.366356953146901	-4.55161124471502	5.32366364109537e-06	1.59091905161756e-05	Saci_2112
SACI_RS10215	34.6654978596152	-0.54	0.229889665973721	-2.34383524679967	0.0190866004331469	0.0350244948885241	Saci_2113
SACI_RS10220	277.186855679338	0.54	0.144244036237228	3.72662216610608	0.00019406303252767	0.000477734405211559	Saci_2114
SACI_RS10225	199.173382853011	1.26	0.208477926687454	6.06450197499056	1.32363152660209e-09	5.43322098163319e-09	Saci_2115
SACI_RS10230	1954.1161906055	1.50	0.145585686697981	10.2857395683321	8.17123275952525e-25	8.203098291178e-24	Saci_2116
SACI_RS10235	1485.19935557126	-0.97	0.120192661327789	-8.06070047393226	7.58584954377718e-16	4.81327495700228e-15	Saci_2117
SACI_RS10240	693.718697794028	-0.07	0.175102699987808	-0.421074600190958	0.673700608298345	0.751708047153942	Saci_2118
SACI_RS10245	508.279930224638	1.68	0.255609420449466	6.57594985533807	4.83435465450039e-11	2.18607455142025e-10	Saci_2119
SACI_RS10250	1196.10867853603	2.00	0.169277958459669	11.8345473536567	2.58735545311715e-32	3.95119875128568e-31	SACI_RS10250
SACI_RS10255	224.122071525509	1.27	0.186280427188563	6.8100974888182	9.75326293221675e-12	4.68676794769456e-11	Saci_2121
SACI_RS10260	1070.57859200912	2.10	0.162404436064247	12.9609042336892	2.03830510002683e-38	4.03629207719598e-37	Saci_2122
SACI_RS10265	780.567036292802	1.34	0.0743704495245786	18.0586652311736	6.74334836777131e-73	4.95980153417302e-71	Saci_2123
SACI_RS10270	351.196163847627	3.04	0.212757216804469	14.3000336978446	2.18703632458738e-46	6.20636134945899e-45	Saci_2124
SACI_RS10275	80.7168364154669	2.64	0.243973852989482	10.8404446619564	2.21392339564205e-27	2.61605898947343e-26	Saci_2125
SACI_RS10280	480.89182027102	-0.47	0.149567292101104	-3.14796372066268	0.00164412097381142	0.00356737627309836	Saci_2126
SACI_RS10285	75.2271311348137	-1.50	0.217196991873008	-6.89032699218695	5.56642868871237e-12	2.73316198829964e-11	Saci_2127
SACI_RS10290	317.65129136837	-0.63	0.159823356739751	-3.91248646563147	9.13506594381413e-05	0.000235330791004332	Saci_2128
SACI_RS10295	172.371095298676	-0.73	0.14122907180643	-5.14759221399454	2.6385130557221e-07	8.81297595256948e-07	Saci_2129
SACI_RS10300	386.769688961629	0.64	0.0803836727913542	7.99336489205647	1.31304763317546e-15	8.21566609368812e-15	Saci_2130
SACI_RS10305	557.204065579689	0.89	0.107307552496603	8.3225569313945	8.60857510512753e-17	5.73480677982987e-16	Saci_2131
SACI_RS10310	702.165435569216	0.25	0.197194802063107	1.26246106695673	0.206782927221759	0.290430892325494	Saci_2132
SACI_RS10315	157.268565210036	-0.93	0.196210046128856	-4.74066782506061	2.13014922833034e-06	6.55799433735543e-06	Saci_2133
SACI_RS10325	312.267381979701	1.35	0.220031387178784	6.12570665177335	9.02820085810024e-10	3.74857556366282e-09	Saci_2135
SACI_RS10330	489.314490330668	0.38	0.18426644509112	2.06822838911442	0.0386185519234822	0.0658378718695506	Saci_2136
SACI_RS10335	558.105856254203	0.57	0.169747900108096	3.33012584974176	0.00086806739707375	0.00197009754348476	Saci_2137
SACI_RS10340	627.950195121159	-0.26	0.216698016596473	-1.21052125329545	0.226078940484459	0.313500770106192	Saci_2138
SACI_RS10345	4372.9338126024	1.28	0.498490033730945	2.56870421000968	0.0102079547540195	0.0195169596464118	Saci_2139
SACI_RS10350	560.497470314116	2.69	0.270992762433129	9.92392869166703	3.27601705538573e-23	3.03515821789465e-22	Saci_2140
SACI_RS10355	331.185941663146	1.13	0.101616693310423	11.1115038784742	1.10286291468465e-28	1.38188389741935e-27	Saci_2141
SACI_RS10360	103.266033796849	0.71	0.215216141566305	3.2887569009144	0.00100630900130237	0.00225263207496505	Saci_2142
SACI_RS10365	662.927885478959	-1.16	0.233201726321491	-4.9922679614207	5.96743849363699e-07	1.9445432487403e-06	Saci_2143
SACI_RS10370	156.921841721363	-1.77	0.427589825634615	-4.14252562988897	3.43501966750011e-05	9.36445603757215e-05	Saci_2144
SACI_RS10375	588.105341044867	-3.39	0.570240029675432	-5.94182251133764	2.81870520812641e-09	1.13124872718125e-08	Saci_2145
SACI_RS10380	825.217387200492	-3.54	0.536713391746568	-6.60179274398307	4.06215158598502e-11	1.84615312936822e-10	Saci_2146
SACI_RS10390	3408.95057063601	2.46	0.191698853129946	12.8310094473846	1.0992257296328e-37	2.05264742466146e-36	Saci_2148
SACI_RS10395	198.851027596894	1.17	0.351922954138394	3.32754007257003	0.000876163869004705	0.00198597143641066	Saci_2149
SACI_RS10400	839.392777784016	1.57	0.132592831399914	11.8620149255072	1.86433871555337e-32	2.8837239188216e-31	Saci_2150
SACI_RS10405	41.2308457308123	-0.05	0.251652026719424	-0.192247759345319	0.847548137011177	0.890543290317284	Saci_2151
SACI_RS10410	2423.6413955856	0.02	0.121613716299421	0.199016753157515	0.842249639601093	0.886177141232438	Saci_2152
SACI_RS10415	439.729548324436	-1.20	0.152122154193679	-7.89962527397769	2.79743155300297e-15	1.70591257479234e-14	Saci_2153
SACI_RS10420	1399.94024317356	-0.63	0.114853606840049	-5.50183923620325	3.75849595134709e-08	1.37101411018774e-07	Saci_2154
SACI_RS10425	998.013280551345	1.60	0.16463015768294	9.7084599222524	2.77498153378127e-22	2.46330873097234e-21	Saci_2155
SACI_RS10430	142.738538654378	0.66	0.131902719009649	4.97904573068746	6.38985446427237e-07	2.0746878819133e-06	SACI_RS10430
SACI_RS10435	651.387133321553	0.28	0.242609726585832	1.1587691283163	0.246550304428271	0.335942267357085	Saci_2156
SACI_RS10440	215.843893373903	-0.65	0.109945897706704	-5.92330569218599	3.1553350741194e-09	1.26073476797409e-08	Saci_2158
SACI_RS10445	725.497393512293	0.04	0.15490875388782	0.259323490860665	0.7953856561012	0.847521420936988	Saci_2160
SACI_RS10450	201.888754850735	-0.01	0.126223796568231	-0.0911699127299077	0.927357581528255	0.950567896424298	Saci_2161
SACI_RS10455	530.305112548733	-0.86	0.152469704593824	-5.67186043909566	1.41255031815453e-08	5.30847898501454e-08	Saci_2162
SACI_RS10460	1036.23796523719	0.64	0.146128270144073	4.38092207634588	1.18178132462352e-05	3.40731191515455e-05	Saci_2163
SACI_RS10465	106.704326064885	-1.91	0.16279207061896	-11.7624960258238	6.09066658366959e-32	9.14615098647717e-31	Saci_2164
SACI_RS10470	110.088338049767	-2.20	0.212545534454526	-10.3549561794714	3.97368490380654e-25	4.1152759750916e-24	Saci_2165
SACI_RS10475	34.5927672718288	-4.83	0.498349665704091	-9.69390320987693	3.20057857272348e-22	2.82026532422871e-21	Saci_2166
SACI_RS10480	2542.97895586224	1.29	0.187155596193361	6.91437875220728	4.69918126064356e-12	2.31997935114512e-11	Saci_2167
SACI_RS10485	741.028962578172	0.38	0.127635731441498	2.94526700236103	0.00322676075790236	0.00676118940202332	Saci_2168
SACI_RS10490	775.868797629417	0.35	0.12876958991173	2.73046669651304	0.00632447228060376	0.012530730126056	Saci_2169
SACI_RS10495	297.033446359081	-1.13	0.128641992836517	-8.78909558982852	1.50768745614771e-18	1.12266644461908e-17	Saci_2170
SACI_RS10500	1480.67291246942	0.62	0.156539053829614	3.9818507005653	6.83807305342858e-05	0.000180281018906778	Saci_2171
SACI_RS10505	167.139834751921	-1.17	0.172425144480401	-6.76515741179899	1.33164337317016e-11	6.32311293399902e-11	Saci_2172
SACI_RS12300	64.1762764131549	-1.23	0.21999559353446	-5.57251024742005	2.51094716982847e-08	9.27198114760431e-08	SACI_RS12300
SACI_RS12305	200.99691076273	-0.87	0.099052444861263	-8.79341403520896	1.45082618393471e-18	1.08256264325066e-17	SACI_RS12305
SACI_RS10515	2019.08889818562	1.57	0.293227270926504	5.35765895134905	8.43071882854426e-08	2.97302452623028e-07	Saci_2175
SACI_RS10520	616.11683403453	-2.21	0.199591992000539	-11.0484275319476	2.23088165923086e-28	2.7724474137476e-27	Saci_2176
SACI_RS10525	671.502518236388	-2.56	0.273082028428302	-9.37114952869619	7.17468068407364e-21	5.90355004232908e-20	Saci_2177
SACI_RS10535	141.826476599722	0.29	0.170374375326337	1.67970451575696	0.0930148207539893	0.14505643184655	Saci_2180
SACI_RS10540	115.525432412921	-0.09	0.166543708344843	-0.529339135203295	0.59657021199649	0.687132963897523	Saci_2181
SACI_RS10545	296.035433783373	0.39	0.146949951751804	2.68405213206606	0.00727357635431973	0.01430893514245	Saci_2182
SACI_RS10550	250.81982260487	-0.98	0.29398368494173	-3.34940028903995	0.000809866996038033	0.0018449814498869	Saci_2183
SACI_RS10555	494.782000247936	-1.20	0.266204538917789	-4.49584157498672	6.92953182802975e-06	2.04036214936432e-05	Saci_2184
SACI_RS10560	180.041084418587	-1.10	0.107834548858831	-10.1876325203614	2.25181131587962e-24	2.20530651696471e-23	Saci_2185
SACI_RS10565	762.089184950811	-0.15	0.0689200180218051	-2.23443639521523	0.0254543732225819	0.0453248819635302	Saci_2186
SACI_RS10570	123.240723709671	-1.56	0.142593974979917	-10.9151894595924	9.75257429163537e-28	1.17552768384796e-26	Saci_2187
SACI_RS10575	2294.95542083217	4.47	0.219318073483409	20.3679813357481	3.2166649859198e-92	4.29365207750183e-90	Saci_2188
SACI_RS10580	801.57523430523	0.98	0.142005725241465	6.92736612981984	4.28747933679589e-12	2.1225378475017e-11	Saci_2189
SACI_RS10585	1337.26929092582	0.79	0.118261700889735	6.71423639828077	1.89053603313439e-11	8.81434911179343e-11	Saci_2190
aceA	4479.37976651145	-3.57	0.298508716664112	-11.9740936229146	4.85716685195195e-33	7.71155477287878e-32	Saci_2191
SACI_RS10595	98.6763672383839	-0.59	0.172194865015999	-3.40940019340692	0.000651058958218903	0.00150507792522189	Saci_2192
SACI_RS10600	41.2823212668008	-0.74	0.389544416191119	-1.91152999653402	0.0559365057483638	0.0922632341954705	Saci_2193
SACI_RS10605	216.033824047825	-3.56	0.209434010312091	-16.996834460792	8.66758052244335e-65	5.03838067788481e-63	Saci_2194
SACI_RS10610	205.030775109942	-0.30	0.264118272327056	-1.14905378916828	0.250533801583734	0.339956257871904	Saci_2195
SACI_RS10615	557.817770135063	-0.88	0.157147681945335	-5.59165575709782	2.24914402877664e-08	8.35661348423816e-08	Saci_2196
SACI_RS10620	381.363540335245	0.85	0.206132348128996	4.12915526889506	3.64098468761191e-05	9.8960096637657e-05	Saci_2197
SACI_RS10625	2142.5074469304	0.59	0.230333546791258	2.56546491565193	0.0103037641068771	0.0196896955679666	Saci_2198
SACI_RS10630	497.68675231178	-0.54	0.189143752682806	-2.84648129004562	0.00442053268479876	0.00899664919968592	Saci_2199
SACI_RS10635	41.8884135393954	-1.67	0.311015191701203	-5.36260474581815	8.20303713995414e-08	2.89840645611713e-07	Saci_2200
SACI_RS10640	122.232820426459	-2.12	0.417437018806731	-5.08163421976805	3.7420146190175e-07	1.23500189440834e-06	Saci_2201
SACI_RS10645	37.0914545666457	-2.45	0.578728251906669	-4.23670137332233	2.26827491863131e-05	6.29804530566043e-05	Saci_2202
sat	90.4648234775544	-1.79	0.450938047896624	-3.96893062421043	7.21958952411641e-05	0.000189784103901645	Saci_2203
SACI_RS10655	29.0921723620631	-1.41	0.351200299471847	-4.01012218487482	6.06873354061526e-05	0.000160703274653765	Saci_2204
SACI_RS10660	1730.1346927106	-0.87	0.23406392289704	-3.72825845870289	0.000192807584133948	0.000475293114376708	Saci_2205
SACI_RS10665	283.203643079944	3.29	0.168742391081478	19.4989084323373	1.12150314243619e-84	1.22481737131516e-82	Saci_2206
SACI_RS10670	1027.60475675159	1.23	0.219631241992848	5.58981379787064	2.27313231878545e-08	8.43704312760325e-08	Saci_2207
SACI_RS10675	1300.75180042333	0.99	0.264588650231501	3.74938307720783	0.000177270122621903	0.000439395819758829	Saci_2208
SACI_RS10680	2540.14162609947	1.80	0.243229947141611	7.40165967663167	1.3449282550587e-13	7.35526772569278e-13	Saci_2209
SACI_RS10685	968.187956897942	1.81	0.265317611156874	6.80335636812237	1.02209390692576e-11	4.8984394156389e-11	Saci_2210
SACI_RS10690	2865.14636123017	2.99	0.23597319267313	12.6841158966465	7.24264701782855e-37	1.33176019654358e-35	Saci_2211
SACI_RS10695	6570.99902883303	3.82	0.281529184863198	13.5710241320509	5.94850383420078e-42	1.40120312538952e-40	Saci_2212
SACI_RS10700	938.792322401279	0.02	0.239273267123409	0.0716329889603986	0.942893986108512	0.961842605699144	Saci_2213
SACI_RS10705	2070.32262228068	-1.87	0.276626629059152	-6.7519912359514	1.45829687307954e-11	6.8612296743847e-11	Saci_2214
SACI_RS10710	9868.21648104527	1.85	0.433056967609964	4.2744808556792	1.91583165120425e-05	5.38165025014819e-05	Saci_2215
SACI_RS10715	158.886571331556	-1.34	0.273692184264869	-4.89591669162906	9.78485152639049e-07	3.13742036486755e-06	Saci_2216
SACI_RS10720	2541.60957456669	-1.58	0.216954653074536	-7.27387456498818	3.49320372132226e-13	1.84596865273393e-12	Saci_2217
SACI_RS10725	1246.31585847471	-2.89	0.279499150738871	-10.3562742590751	3.91932448957151e-25	4.07067592519185e-24	Saci_2218
SACI_RS10730	17575.3871568552	1.08	0.271268475963352	3.97703539020955	6.97797831203005e-05	0.000183835042664885	Saci_2219
SACI_RS10735	2231.96010117355	1.51	0.231689911974156	6.51430425271955	7.30273440158204e-11	3.26539141232031e-10	Saci_2220
SACI_RS10740	1334.61934385209	0.28	0.237960041975084	1.18796546880506	0.234847014464204	0.323790604486989	Saci_2221
SACI_RS10745	438.604753199722	0.08	0.231204969703124	0.342800863879657	0.731748276010083	0.798431966921083	Saci_2223
SACI_RS10750	5397.41854591218	-0.14	0.291444431189245	-0.489537431187208	0.624461261057802	0.709366921956849	Saci_2224
SACI_RS10755	4967.02047172432	-0.93	0.331341028146884	-2.79416805638068	0.00520334299299019	0.0104530926124508	Saci_2225
SACI_RS10760	3429.62973050343	-1.28	0.175314069316516	-7.28470770474197	3.22368461711258e-13	1.71106912519495e-12	Saci_2226
SACI_RS10765	656.81390335311	-0.39	0.203570612971997	-1.93419115106583	0.053089629977007	0.0879296996494179	Saci_2227
SACI_RS10770	988.832983392188	3.51	0.164809047960181	21.2859037763853	1.53361558910886e-100	2.63197646816587e-98	Saci_2228
SACI_RS10775	3721.09359538466	3.62	0.150580742931857	24.0202877473747	1.70707127052743e-127	5.59298623543713e-125	Saci_2229
SACI_RS10780	924.985789055183	3.03	0.208370703003885	14.5550385437847	5.4255348750789e-48	1.64316199073818e-46	Saci_2230
SACI_RS10785	1010.41095647262	3.14	0.112041478553589	27.9893694577257	2.18878394802748e-172	3.94418867434552e-169	Saci_2231
SACI_RS10790	2349.97221999485	3.33	0.140842938638432	23.6213902072791	2.32379239997103e-123	6.97912317457965e-121	Saci_2232
SACI_RS10795	3234.92015903909	3.18	0.0856652085155543	37.0995550435307	2.85622041696104e-301	1.02938183827276e-297	Saci_2233
SACI_RS10800	415.185625028346	3.75	0.349730777795321	10.7252658712525	7.74639762418762e-27	8.84358431660855e-26	Saci_2234
SACI_RS10805	5836.03460081891	5.05	0.258423939039052	19.5326560568322	5.79458229785411e-85	6.73666922627942e-83	Saci_2235
SACI_RS10810	186.938665951974	-0.40	0.136278268358252	-2.91918157778072	0.00350951734067079	0.0072984999975635	Saci_2236
SACI_RS10815	2478.10465585061	1.39	0.186022529580117	7.45889747156139	8.7249465380031e-14	4.83021617864258e-13	Saci_2237
SACI_RS10820	992.806567509438	0.86	0.131557591605087	6.56777458839174	5.10727746079538e-11	2.30082849608832e-10	Saci_2238
SACI_RS10825	369.608162693969	-0.89	0.189723442809979	-4.69372684393956	2.68272199313456e-06	8.193669545133e-06	Saci_2239
SACI_RS10830	426.946268038773	2.39	0.247441009819383	9.65798331379482	4.54727155636781e-22	3.95854267853855e-21	Saci_2240
SACI_RS10835	1326.3478359267	0.70	0.13051179937117	5.40145964915319	6.6100809145088e-08	2.36336623173509e-07	Saci_2241
SACI_RS10840	462.063779273204	1.61	0.279607798459422	5.7498061377643	8.93458360501717e-09	3.38949887499809e-08	Saci_2242
SACI_RS10845	296.158342499026	1.26	0.13393745533464	9.39438677795725	5.75520841237641e-21	4.76822324556427e-20	Saci_2243
SACI_RS10850	1828.8157801452	1.22	0.146541658551648	8.33445146930265	7.78583004271054e-17	5.20596131241721e-16	Saci_2244
SACI_RS10855	274.869798506641	1.48	0.172710399545175	8.55777600386884	1.15065655221311e-17	8.09954338706262e-17	Saci_2245
SACI_RS10860	550.842588899443	0.98	0.138346737559584	7.11428287096047	1.1249621690168e-12	5.76723137572766e-12	Saci_2246
SACI_RS10865	1535.04832220667	1.16	0.0861945236560922	13.4002226377807	6.02820487881706e-41	1.34108952983066e-39	Saci_2247
SACI_RS10870	88.4593042257504	0.50	0.302922465931642	1.63835705669	0.101347231794002	0.156426305518451	Saci_2248
SACI_RS10875	1727.57862519778	2.15	0.162368066444497	13.242599062011	4.97952906613815e-40	1.05566016202129e-38	Saci_2249
SACI_RS10880	2449.17532050032	2.23	0.15495760676877	14.364647758903	8.62440771814851e-47	2.50664237227478e-45	Saci_2250
SACI_RS10885	553.236062330715	2.23	0.149749033116122	14.9157384351307	2.60380662204564e-50	8.93725625319284e-49	Saci_2251
SACI_RS10890	2506.53326403009	1.86	0.235298720848284	7.89066197264898	3.00587807993429e-15	1.82376845119245e-14	Saci_2252
SACI_RS10895	1367.9240761184	1.57	0.152800727137524	10.2978299355063	7.2068702489084e-25	7.27550710842182e-24	Saci_2253
SACI_RS10900	255.892742822022	-0.66	0.148832480098633	-4.44564226400066	8.76296670281439e-06	2.55102843270946e-05	Saci_2254
SACI_RS10905	1299.14629872532	-0.39	0.141780761940406	-2.72302534820899	0.00646870944135482	0.0128024320849219	Saci_2255
SACI_RS10910	134.85221886128	0.92	0.157540661698714	5.83169385972626	5.48675166676001e-09	2.14471290748406e-08	Saci_2256
SACI_RS10915	285.561982516664	0.79	0.138170752955793	5.72545985039657	1.03153940358489e-08	3.89284608431409e-08	Saci_2257
SACI_RS10920	1053.20828311762	2.84	0.122271300613244	23.2172104566368	3.05159241771992e-119	8.45995313343276e-117	Saci_2258
SACI_RS10925	1145.8658253445	2.68	0.194410277959867	13.7973253980281	2.64484653672207e-43	6.48437205329683e-42	Saci_2259
SACI_RS10930	5929.98692536454	2.94	0.161149500220417	18.2421220507363	2.38997036948985e-74	1.83264961949818e-72	Saci_2260
SACI_RS10935	4544.90647226864	2.64	0.128366703093364	20.5887914589217	3.45889229872805e-94	4.98633913784636e-92	Saci_2261
SACI_RS10940	1518.90584585206	0.94	0.109383568787626	8.55928388671105	1.13570745013416e-17	8.0099601766801e-17	Saci_2262
SACI_RS10945	19808.2976993442	2.99	0.111106443064247	26.8991189897939	2.24895660510759e-159	2.02630990120194e-156	Saci_2263
SACI_RS10950	114.704457765392	2.47	0.147709834903251	16.7391736931411	6.79245375529859e-63	3.54782657015886e-61	Saci_2264
SACI_RS10955	557.108170408524	0.49	0.148272985964852	3.30476223132743	0.000950570047237874	0.00213982164287651	Saci_2265
SACI_RS10960	962.02708452031	0.11	0.306048970027217	0.358029900411511	0.720320937445861	0.789789065577999	Saci_2266
SACI_RS10965	305.593808014297	-3.37	0.180437725764628	-18.6728014213999	8.24142865875643e-78	7.42552722153954e-76	Saci_2267
SACI_RS10970	1514.94814191609	-0.80	0.119850433716029	-6.66067121477012	2.72579813616078e-11	1.25143649461445e-10	Saci_2268
SACI_RS10975	3056.73363074646	0.14	0.133144740120124	1.08756194413261	0.276788538634792	0.368778518757778	Saci_2269
SACI_RS10980	1070.51397069246	0.43	0.263157181307353	1.62851596099585	0.103415527670865	0.15907364990431	Saci_2270
SACI_RS10985	9489.00494956005	0.30	0.218344116241005	1.37326288739468	0.169670635632739	0.24607363010881	Saci_2271
SACI_RS10990	3380.42512172831	0.83	0.200881358536424	4.13573914470925	3.53813929760572e-05	9.63828724759713e-05	Saci_2272
SACI_RS10995	642.38626658687	0.36	0.137275172471831	2.6016825601678	0.00927676757642654	0.0178597597999152	Saci_2273
SACI_RS11005	37.3571850076083	-0.22	0.219352981168216	-0.989295802651834	0.322518437074907	0.417963483357772	Saci_2275
SACI_RS11010	187.52743994358	-0.57	0.199595715774059	-2.8628006886966	0.0041991461573124	0.00860359451447066	Saci_2276
SACI_RS11015	9693.08817660802	0.64	0.306395330232519	2.07975213377904	0.0375482735545818	0.0644706898002442	Saci_2277
SACI_RS11020	1973.96038530467	0.21	0.133520287179206	1.5954158193733	0.110619280786631	0.169000376411623	Saci_2278
SACI_RS11025	183.716068370189	-1.67	0.224297905525811	-7.44677444232028	9.56499444666387e-14	5.27098470730529e-13	Saci_2279
SACI_RS11030	310.900294857091	-0.80	0.195126356498691	-4.10599424687984	4.02579499972365e-05	0.000108600038765	Saci_2280
SACI_RS11035	278.079850625385	-1.56	0.138481740246839	-11.2532414493891	2.23234371461357e-29	2.94702078661807e-28	Saci_2281
SACI_RS11040	8153.85701252143	0.15	0.141367443999428	1.09622405209308	0.272980736348124	0.364243825915823	Saci_2282
SACI_RS11045	281.007584363488	-1.40	0.122339142168288	-11.482164808191	1.62168531314015e-30	2.24790533406042e-29	Saci_2283
SACI_RS11050	293.281039400863	-2.21	0.120186027224023	-18.3840793612456	1.76205611241251e-75	1.41121116202993e-73	Saci_2284
SACI_RS11055	1022.03086448282	-0.16	0.170886553160266	-0.930548973138989	0.352086920117592	0.44933472383279	Saci_2285
SACI_RS11060	1284.92623070101	0.03	0.138122357033924	0.20714705991358	0.835895010557653	0.880352313866096	Saci_2286
SACI_RS11065	1698.24305144128	1.83	0.212148216704986	8.6148588957451	7.00277865721286e-18	5.0174978689056e-17	Saci_2287
SACI_RS11070	669.187007575976	0.01	0.299518504376641	0.01734260820716	0.98616329427284	0.990009056423208	Saci_2288
SACI_RS11075	264.019860263648	2.01	0.156065581069248	12.862890786904	7.2802174839785e-38	1.38824887895548e-36	Saci_2289
SACI_RS11080	1158.03718138232	2.20	0.19644980880805	11.1823104249016	4.9776941233426e-29	6.3167639508897e-28	Saci_2290
SACI_RS11085	323.538796413941	2.55	0.227033001695557	11.22360307405	3.122823760322e-29	4.04843770942463e-28	Saci_2291
SACI_RS11090	2188.23809847603	2.75	0.183382448020341	14.9822976665168	9.58453597295693e-51	3.35365705306182e-49	Saci_2292
SACI_RS11095	3526.63746144316	4.00	0.232652334671754	17.17357721414	4.1879580746422e-66	2.60231050017422e-64	Saci_2293
SACI_RS11100	9827.34948658355	4.04	0.285335269910134	14.1426740761036	2.07256598602182e-45	5.79033163846717e-44	Saci_2294
hpaD	6706.39004867132	4.45	0.26489657279978	16.7968571180235	2.57322416932556e-63	1.38416416511184e-61	Saci_2295
SACI_RS11110	1849.14036432333	1.90	0.181609856982177	10.4571581783193	1.35869691507774e-25	1.44446716281422e-24	Saci_2296
SACI_RS11115	1778.18123607728	1.69	0.180771778137539	9.33427073600509	1.0168885690742e-20	8.29155294783579e-20	Saci_2297
SACI_RS11120	570.629207139826	1.68	0.211864451576984	7.94476916140995	1.94552741654753e-15	1.20475615278991e-14	Saci_2298
SACI_RS11125	329.314550584828	1.19	0.317650473512538	3.75404807256111	0.000174001470374182	0.000432185595608927	Saci_2299
SACI_RS11130	956.316790463694	-0.62	0.164012545348236	-3.75745309159779	0.000171651530903831	0.000427823041063214	Saci_2300
SACI_RS11135	2211.70343449073	1.16	0.200160061807728	5.78408530283155	7.29079411179185e-09	2.79235090105184e-08	Saci_2301
SACI_RS11140	699.864314474881	1.41	0.15703264615741	8.99023789232344	2.46695875102754e-19	1.90383711749534e-18	Saci_2302
SACI_RS12125	443.540844262651	1.28	0.0732470069268553	17.4339008377075	4.56247685632998e-68	3.04503085003949e-66	Saci_2303
SACI_RS11150	499.34375602012	0.78	0.18806140962846	4.13534488422358	3.54421949330535e-05	9.64755819778889e-05	Saci_2304
SACI_RS11155	365.698087284169	2.05	0.175007948720406	11.7105266462207	1.1257816458336e-31	1.64931587462775e-30	Saci_2305
SACI_RS11160	1305.18374370725	1.25	0.211915035863928	5.88597617004601	3.95711331856398e-09	1.57064277534191e-08	Saci_2306
SACI_RS11165	1705.35273855731	-0.11	0.0933956316700621	-1.13740378583005	0.255369525392196	0.345347755915	Saci_2307
SACI_RS11170	574.486907580302	0.44	0.322248312795941	1.35423390105653	0.175661766527363	0.252829475465103	Saci_2308
SACI_RS11175	56.2229284567034	-0.50	0.193938688631125	-2.57365457820319	0.0100630683704593	0.0192808603972012	Saci_2309
SACI_RS11180	363.005843612446	-0.47	0.0857346939686527	-5.54029350763171	3.01965110906603e-08	1.11049210174224e-07	Saci_2310
SACI_RS11185	1365.21517534575	0.21	0.167318988676977	1.24180410137954	0.214308849140663	0.300066535028084	Saci_2311
SACI_RS11190	125.680269764194	-0.43	0.111810995170526	-3.82320628445245	0.000131727484290822	0.000333154984830964	Saci_2312
SACI_RS11195	118.339453868744	-0.40	0.176060357117959	-2.25377148277261	0.0242105477083131	0.0432811577087106	Saci_2313
SACI_RS11200	1241.63412645525	-1.40	0.191701211587854	-7.30269583983059	2.82058323512358e-13	1.50375473067831e-12	Saci_2314
SACI_RS11205	38.1504419390576	-0.72	0.248860368199118	-2.87859419046023	0.00399451976096985	0.0082170372251914	Saci_2315
SACI_RS11210	3933.24533142312	0.66	0.0926350720739903	7.08836002541236	1.35710546093221e-12	6.94745466079499e-12	Saci_2316
SACI_RS11215	17982.5317530407	2.25	0.119149188785346	18.9090546393799	9.60634692337747e-80	8.8772498235519e-78	Saci_2317
SACI_RS11220	7953.37204458078	1.74	0.148252025148992	11.7046464932959	1.20661047320607e-31	1.76057657709906e-30	Saci_2318
SACI_RS12130	17495.0495737859	-1.93	0.169336505051897	-11.4182489536206	3.38995175545464e-30	4.66312447582386e-29	Saci_2319
SACI_RS11230	5916.77824035822	-1.75	0.291847589770027	-5.98114448445802	2.21575219820086e-09	8.98264445704826e-09	Saci_2320
SACI_RS11235	1624.4302296024	-1.38	0.428900027457275	-3.22245199170567	0.00127098462973374	0.00279818485373269	Saci_2321
SACI_RS11240	691.1769020618	1.06	0.102598066719625	10.3271254942407	5.31288636947997e-25	5.45516879646889e-24	Saci_2322
SACI_RS11245	260.627429702407	0.67	0.104553821892998	6.44812435697389	1.13242832274728e-10	4.99543656692925e-10	Saci_2323
SACI_RS11250	52.8731432115289	-0.09	0.178404560683398	-0.532361465004417	0.594475669093709	0.6860359626685	Saci_2324
cimA	1031.67839463625	-1.72	0.234398226363265	-7.35735728320946	1.87586786951551e-13	1.01663575965923e-12	Saci_2325
ubiA	1085.81001645291	0.84	0.110321329545787	7.63627390992878	2.23598368359145e-14	1.28115821870645e-13	Saci_2326
SACI_RS11265	112.992107362297	0.60	0.246233876794313	2.4375465633178	0.0147873096411499	0.0275276156749505	Saci_2328
SACI_RS11270	29.5472797342759	0.50	0.381781243288278	1.31997273315211	0.186844121844626	0.266582032908959	Saci_2329
SACI_RS11275	164.933657314736	1.58	0.198500956724739	7.96629266456173	1.63505453973387e-15	1.01774379295352e-14	Saci_2330
SACI_RS11280	697.345739822421	1.79	0.133720848015501	13.3819621993212	7.70851307049266e-41	1.70438534392979e-39	Saci_2331
SACI_RS11285	1931.16454036158	1.19	0.163826340876246	7.27809956514168	3.38555440215269e-13	1.79434383314092e-12	Saci_2332
SACI_RS11290	50.1659605118513	-0.27	0.279575129575043	-0.977914421047205	0.328116652044485	0.424150794106286	Saci_2334
SACI_RS11295	3.82025816222108	-0.79	0.522448129169184	-1.51922623110308	0.12870556079941	0.194000351786312	Saci_2335
SACI_RS11300	101.752332791039	0.26	0.116996802039251	2.19118240980547	0.0284385949942369	0.050020837657018	Saci_2336
SACI_RS11305	295.809906853283	-1.49	0.193944002260785	-7.7050918233638	1.30749242178027e-14	7.62492344352117e-14	Saci_2337
nuoN	431.477640495538	-1.12	0.286944450434923	-3.89840778955733	9.68272585817473e-05	0.00024872803986359	Saci_2338
SACI_RS11315	1690.32498206318	-0.66	0.259841434585306	-2.53216104743988	0.0113361911468556	0.0214916532842018	Saci_2339
SACI_RS11320	72.2400373644114	-0.53	0.446426351537911	-1.18459817568425	0.236176358683222	0.325498889749266	Saci_2340
SACI_RS11325	391.177381739331	-0.56	0.261070496966106	-2.13699887083462	0.0325980834611177	0.0564553064843192	Saci_2341
nuoI	426.306505720288	-0.25	0.208447731632343	-1.21275145448562	0.225224860799359	0.312556949680744	Saci_2342
nuoH	863.969796577378	-0.25	0.210048475283997	-1.19685307282898	0.231363827737847	0.319722099373927	Saci_2343
SACI_RS11340	852.680703852904	-0.03	0.108065820943839	-0.309958454573805	0.756592549891317	0.817619055414785	Saci_2344
SACI_RS11345	409.586572486058	0.16	0.11691147249483	1.41019944044785	0.158480801007943	0.232086471691437	Saci_2345
ndhC	327.863499547977	-0.05	0.106959881477034	-0.514128049081607	0.607162468042685	0.695901244517485	Saci_2346
thyX	1642.57532057421	0.70	0.181182544944544	3.84631537459973	0.000119907406366269	0.000304972683517314	Saci_2347
SACI_RS11360	618.507485237901	-0.15	0.128923422720227	-1.1821484005909	0.237146822460971	0.326337208151715	Saci_2348
SACI_RS11365	444.031306505849	-0.53	0.168477577447285	-3.11690824820471	0.0018275844195273	0.00395117831312321	Saci_2349
SACI_RS11370	391.586246297408	-0.71	0.145793977112355	-4.85199441890507	1.2222606351585e-06	3.87425446711631e-06	Saci_2350
SACI_RS11375	1550.76051856656	0.43	0.10797227120666	3.96136453172272	7.45226584829186e-05	0.000195188707247412	Saci_2352
SACI_RS11380	215.075510626706	0.42	0.132699758916546	3.16600632263719	0.00154547434409499	0.003369564147682	Saci_2353
SACI_RS11385	31277.0668560331	-0.42	0.325185119292425	-1.29741071604395	0.194489907345019	0.276160494822532	Saci_2354
SACI_RS11390	229305.983192867	-0.58	0.327437958061494	-1.77283957690673	0.0762552933033334	0.121442367240483	Saci_2355
SACI_RS11910	1069.14687899207	-2.20	0.261554472837154	-8.4173424624192	3.85120641197511e-17	2.63372825593137e-16	Saci_2356
SACI_RS11400	7.85358469123359	-0.11	0.340636237546212	-0.325976776412075	0.744441926007557	0.809586210419805	Saci_2357
SACI_RS11405	2.55204904398101	1.01	0.679591243936699	1.47941774361532	0.139028700744052	0.207822246985302	Saci_2358
SACI_RS11410	297.230655154449	0.25	0.111319558758619	2.2212358811292	0.0263349891206413	0.0467313150126988	Saci_2359
SACI_RS11415	1.72419849367477	0.56	0.845810077751599	0.663011462684852	0.507323212767154	0.604227646666498	Saci_2360
SACI_RS11420	286.337694512299	0.19	0.437952734699446	0.42547413807804	0.670491070626477	0.749226436210615	Saci_2361
SACI_RS11425	550.776509839924	-1.01	0.105915830645186	-9.54505182700337	1.3603956511549e-21	1.17013506605305e-20	Saci_2362
SACI_RS11430	335.571428844048	-1.01	0.140059751482486	-7.23706961719657	4.58482837906128e-13	2.40170370321757e-12	Saci_2363
glmS	1961.06212979723	0.14	0.104261679083635	1.29700253246801	0.194630315440963	0.276160494822532	Saci_2364
mvk	120.361934293809	-1.29	0.125364339803747	-10.2616607005558	1.04887174470929e-24	1.04135916471964e-23	Saci_2365
SACI_RS11445	308.844352903113	0.17	0.169941082975087	1.00836924145449	0.313277233474985	0.408189135735302	Saci_2366
SACI_RS11450	603.418989892139	-1.27	0.161226417625281	-7.84612640433399	4.29084463322057e-15	2.57736734302116e-14	Saci_2367
SACI_RS11455	327.82319150703	-0.99	0.0917870801106828	-10.8188872059999	2.8015820926889e-27	3.28889311467452e-26	Saci_2368
SACI_RS11465	339.490985673195	-0.11	0.243135927673654	-0.444900957076164	0.656391330961961	0.737417193512128	Saci_2371
SACI_RS11470	334.740685846915	-0.31	0.0909341357535081	-3.42472187116938	0.000615429100873464	0.00142942111026965	Saci_2372
SACI_RS11475	316.78293568892	-0.14	0.146129291636748	-0.935098762318999	0.349737404353504	0.447445369290034	Saci_2373
SACI_RS11480	722.871999550026	-0.72	0.154305086667316	-4.65706489172727	3.20749368355766e-06	9.74688637060861e-06	Saci_2374
SACI_RS11485	1271.1678769008	-0.01	0.220851544196857	-0.0515554821880859	0.958882892201424	0.974292061881571	Saci_2375
Sac_sR101-sno	99.8544251165614	1.35	0.59265611213993	2.27366671183454	0.0229860330739732	0.0413587934091859	Sac_sR101-sno
Sac_sR9-sno	3.03753925436099	-0.47	0.509097768663614	-0.924646499690731	0.355149816982566	0.452282664454123	Sac_sR9-sno
Sac_sR102-sno	11.588574656774	-0.10	0.298796266113529	-0.322536281816425	0.747046456163466	0.811194765897297	Sac_sR102-sno
Sac_sR12-sno	7.68947890482916	-0.37	0.610560655444782	-0.603348493687999	0.546276878955168	0.641715082058156	Sac_sR12-sno
Sac_sR24-sno	1.05589772041855	-0.28	0.841841721047296	-0.332161156170248	0.739767573027277	0.806284254256228	Sac_sR24-sno
Sac_sR103-sno	516.670735714476	2.91	0.346887886184162	8.37794749761334	5.38586589096729e-17	3.63495518184384e-16	Sac_sR103-sno
Sac_sR11-sno	4.34385962891304	-0.55	0.522772189702098	-1.04760969380965	0.294818469384231	0.388634149107815	Sac_sR11-sno
Sac_sR104-sno	5.27134470545054	-0.17	0.575619850940468	-0.302590678725978	0.762201818951256	0.82146392209938	Sac_sR104-sno
Sac_sR10-sno	6.31955410061808	-0.81	0.419207903425743	-1.9223069683294	0.0545671437008253	0.0902110027054011	Sac_sR10-sno
Sac_sR105-sno	20.1342166995044	-0.51	0.231223527862278	-2.22622323233973	0.0259992325539599	0.0461809926685419	Sac_sR105-sno
Sac_sR106-sno	18.4097105536416	-0.85	0.520973071335167	-1.63917632747721	0.101176542447076	0.156363747418208	Sac_sR106-sno
Sac_sR107-sno	11.1903718056983	1.56	0.899817638472463	1.73247113347991	0.0831897123900211	0.131325327837773	Sac_sR107-sno
Sac_sR36-sno	12.9001783504266	0.51	0.302611347916461	1.69681747010247	0.0897311748068002	0.140543743591355	Sac_sR36-sno
Sac_sR13-sno	15.3173384742711	0.77	0.284742036201356	2.69317326035224	0.0070775478822439	0.0139614026095277	Sac_sR13-sno
Sac_sR6-sno	16.0082415411817	0.07	0.408613301685572	0.166750718065401	0.867566196924608	0.904457209637341	Sac_sR6-sno
Sac_sR108-sno	19.9422545445368	-0.01	0.251077906260301	-0.0271682911126896	0.978325506392488	0.986523294649009	Sac_sR108-sno
Sac_sR7-sno	9.80432297905755	-0.06	0.324601146222589	-0.19849841730931	0.842655122919968	0.886177141232438	Sac_sR7-sno
Sac_sR5-sno	62.5436526349699	1.03	0.214904480685013	4.77295257270779	1.81544554381785e-06	5.64040149993064e-06	Sac_sR5-sno
Sac_sR109-sno	4.47187339700178	0.73	0.635425711987836	1.15173627548667	0.249429460917978	0.338585226797887	Sac_sR109-sno
Sac_sR20-sno	114.150369960996	2.31	0.173205911507866	13.3432277718989	1.29718925495862e-40	2.7994431586053e-39	Sac_sR20-sno
Sac_sR110-sno	3.21460122147251	0.27	0.511555817060289	0.531401656646073	0.595140473758443	0.686363605576137	Sac_sR110-sno
Sac_sR111-sno	30.1661974018972	0.87	0.250407292359599	3.48892093042894	0.000484974582126952	0.00114089320756236	Sac_sR111-sno
Sac_sR112-sno	1.27858261852019	1.55	1.21199469274168	1.27666531881596	0.201720430491668	0.284763192907156	Sac_sR112-sno
Sac_sR113-sno	6.23525143427077	0.17	0.412258563516005	0.401166139119034	0.688297808830194	0.761395120633524	Sac_sR113-sno
Sac_sR114-sno	23.7964821935438	0.87	0.290829721594288	3.0033372686654	0.00267036316445056	0.0056313568429958	Sac_sR114-sno
Sac_sR115-sno	24.2234353182529	0.17	0.722393421465693	0.229090232422667	0.818798785005711	0.867926712106054	Sac_sR115-sno
Sac_sR22-sno	2.75332419941617	0.21	0.899000959624403	0.238527606737846	0.811471906079717	0.861680833680406	Sac_sR22-sno
Sac_sR116-sno	0.330388586284368	2.16	1.8899053277433	1.14323973043873	0.252939070697964	0.342575126191456	Sac_sR116-sno
Sac_sR117-sno	0						Sac_sR117-sno
Sac_sR118-sno	95.1133494141439	1.61	0.202645551394876	7.95295727693377	1.82111160320759e-15	1.12965339379693e-14	Sac_sR118-sno
Sac_sR27-sno	111.639680920141	2.49	0.168913312137453	14.7468179333484	3.225166687927e-49	1.02324393510409e-47	Sac_sR27-sno
Sac_sR17-sno	43.4437401974205	0.48	0.235309054474729	2.05016351005664	0.040348477513924	0.0683988301788251	Sac_sR17-sno
Sac_sR28-sno	4.26391484321707	1.31	0.442694996134226	2.94817282880672	0.00319658299457102	0.00670575384891382	Sac_sR28-sno
Sac_sR119-sno	12.9605136349163	-0.35	0.308611555351901	-1.14328148897414	0.252921738080865	0.342575126191456	Sac_sR119-sno
Sac_sR23-sno	4.96389903336095	-0.20	0.407624450038848	-0.498789383674092	0.6179277673525	0.704750529600762	Sac_sR23-sno
Sac_sR120-sno	4.95208932973767	-1.20	0.521926315527918	-2.30092223415375	0.0213960271011942	0.0386910595447586	Sac_sR120-sno
Sac_sR121-sno	0.911433632255712	-2.03	1.06756826042015	-1.90572450422813	0.0566859583428871	0.0933712037786861	Sac_sR121-sno
Sac_sR2-sno	0						Sac_sR2-sno
Sac_sR122-sno	10.8441653029876	0.65	0.358077284045401	1.81405886398532	0.0696686637938032	0.112342668596361	Sac_sR122-sno
Sac_sR14-sno	9.21708095811194	0.94	0.387106836791546	2.41561645690243	0.0157085982754304	0.0291073461103605	Sac_sR14-sno
Sac_sR3-sno	0.390780621586987	-0.06	1.47521143433541	-0.040375905490824	0.967793439214431	0.980305664679261	Sac_sR3-sno
Sac_sR25-sno	22.3700714674412	0.25	0.294811638688093	0.860932443112329	0.38927525193784	0.488832058531002	Sac_sR25-sno
Sac_sR123-sno	11.7335178706824	-0.16	0.312102047502048	-0.49750087953571	0.618835882832511	0.705116826344727	Sac_sR123-sno
Sac_sR124-sno	6.1890192010036	-0.75	0.658211978206827	-1.14377956707911	0.252715065766145	0.342529182783447	Sac_sR124-sno
Sac_sR125-sno	21.1642282892374	0.76	0.518930907057451	1.46968483111965	0.141647132876069	0.21102622682907	Sac_sR125-sno
Sac_sR126-sno	18.2057169401597	-0.16	0.704474656163471	-0.232092944631337	0.816465824647562	0.86621808420071	Sac_sR126-sno
Sac_sR127-sno	3.89653606554786	3.07	0.52738276162033	5.828223429776	5.60205434209607e-09	2.18741103455192e-08	Sac_sR127-sno
Sac_sR128-sno	50.8597974891766	0.24	0.201575810132426	1.18296167532478	0.236824336556585	0.32614249482229	Sac_sR128-sno
Sac_sR26-sno	10.9861444094808	-0.05	0.310044400119305	-0.154280974661938	0.877388197726613	0.911394952181938	Sac_sR26-sno
Sac_sR129-sno	7.66901514561036	0.24	0.941279515936276	0.259109483598161	0.795550767766323	0.847521420936988	Sac_sR129-sno
Sac_sR1-sno	2.19373489557067	-0.63	0.735570312045217	-0.854481885331413	0.392838042145272	0.492962501355001	Sac_sR1-sno
Sac_sR19-sno	11.6349253752812	-0.73	0.684842476532721	-1.06018612763817	0.289059930910032	0.382441993759088	Sac_sR19-sno
Sac_sR15-sno	189.014817534521	0.26	0.444311454416622	0.588331215627953	0.556309997039467	0.65095494458774	Sac_sR15-sno
Sac_sR29-sno	2.02817091728373	1.17	0.724838354993811	1.61477939841105	0.10635847608777	0.163182608693198	Sac_sR29-sno
Sac_sR130-sno	44.3884034841363	-0.53	0.299795286695602	-1.76396661490499	0.0777376001375973	0.123584610011425	Sac_sR130-sno
Sac_sR21-sno	10.461486572373	-0.16	0.29802492422664	-0.524296044130323	0.600072647895575	0.69006439789906	Sac_sR21-sno
Sac_sR8-sno	16.7092086078205	0.50	0.271745634373583	1.85792938257849	0.0631790431899053	0.102658824011009	Sac_sR8-sno
Sac_sR131-sno	4.01706344367871	-1.05	0.461854665409991	-2.26984899361723	0.023216746763228	0.0417530715242882	Sac_sR131-sno
Sac_sR18-sno	84.5313648837585	1.68	0.250127075375256	6.72130033523662	1.80109916064715e-11	8.41914575223391e-11	Sac_sR18-sno
Sac_sR16-sno	76.6597021243334	1.29	0.319206309323926	4.05190547364145	5.08021909093096e-05	0.000135022932180791	Sac_sR16-sno
Sac_sR132-sno	114.16158099064	1.43	0.710600005949174	2.01558059886501	0.0438438501999465	0.0739621158869775	Sac_sR132-sno
Sac_sR4-sno	1.79506156567105	-0.81	0.815186450050406	-0.996740513546195	0.318890479213874	0.414155418770019	Sac_sR4-sno
asRNA_1	14.2866148817632	0.32	0.291505229333231	1.0978207218061	0.272282781146317	0.363447090093084	asRNA_1
asRNA_2	38.9936962274244	-0.62	0.337802286637956	-1.83306459312006	0.0667929658058795	0.108092433212568	asRNA_2
asRNA_3	26.6589704153504	-0.01	0.289751405898322	-0.0411073470015365	0.967210317495845	0.979990436956712	asRNA_3
asRNA_4	14.9541784372294	-0.02	0.265259632910261	-0.0653728867984058	0.947877111090628	0.965832374433312	asRNA_4
asRNA_5	2.73044832566885	0.56	0.547010567720848	1.0305357868583	0.302758561875703	0.397107016842285	asRNA_5
asRNA_6	6.94517512777978	0.21	0.429037863776948	0.495831379265367	0.620013383695908	0.706235219608107	asRNA_6
asRNA_7	9.059343014573	-0.66	0.362242785819576	-1.82790000233932	0.0675645607185579	0.109096181375306	asRNA_7
asRNA_8	4.68452571808868	0.12	0.396113874399855	0.291349071652871	0.770784360651269	0.828795156036196	asRNA_8
asRNA_9	13.9571064501462	-1.59	0.308086384051123	-5.14585465741605	2.66305555560871e-07	8.86209808163785e-07	asRNA_9
asRNA_10	2.35953685535366	0.10	0.6828508359258	0.139837163611489	0.888788649451644	0.921252313092817	asRNA_10
asRNA_11	13.120156352489	-3.34	0.425386596716768	-7.84290403003056	4.40244453683636e-15	2.6400016823225e-14	asRNA_11
asRNA_12	2.61265191728873	-1.23	0.614607924788342	-2.00404777044039	0.0450649434655729	0.0756469754307987	asRNA_12
asRNA_13	1.83862775147767	-0.24	0.924963243739869	-0.261251902489494	0.793898255052691	0.847012821554144	asRNA_13
asRNA_14	72.6059291374524	0.43	0.167243711061877	2.54284395623031	0.010995432150852	0.0209005999323158	asRNA_14
asRNA_15	0.528911128611405	-0.52	1.31723929549528	-0.396404279741674	0.691806809363691	0.764807282499001	asRNA_15
asRNA_16	3.0883012112502	-0.50	0.569358375893988	-0.870229719770295	0.384174877456775	0.48428340620994	asRNA_16
asRNA_17	2.21578266806994	-0.05	0.668128548066951	-0.0723688120704258	0.942308404058262	0.961699650671878	asRNA_17
asRNA_18	1.67820767903788	-0.53	0.688251798431751	-0.77596633080119	0.437768865924757	0.539575578930514	asRNA_18
asRNA_19	4.17127585528801	1.68	0.470265687238371	3.56470478934119	0.000364265946577759	0.000870566625640744	asRNA_19
asRNA_20	19.7603776887806	2.30	0.266883587594174	8.60098910704175	7.90319867518664e-18	5.64022337136092e-17	asRNA_20
asRNA_21	5.92714704500924	0.66	0.417689311524223	1.56841048818411	0.116785364984495	0.177442856409831	asRNA_21
asRNA_22	4.84346333778982	0.53	0.391926377842913	1.36396432504734	0.172578793929578	0.2492881656602	asRNA_22
asRNA_23	2.08013713825396	-0.35	0.712580425482164	-0.490874250752977	0.623515389939705	0.708879957521355	asRNA_23
asRNA_24	14.0345297658171	0.11	0.311230466104666	0.34873104213445	0.727291237285094	0.795174911729888	asRNA_24
asRNA_25	12.8759607805868	0.84	0.314277790040287	2.65931938170032	0.00782986997952822	0.0153113680988712	asRNA_25
asRNA_26	9.19547446157005	0.64	0.358345123708358	1.78983319234428	0.0734807314362857	0.117595273577431	asRNA_26
asRNA_27	13.0406578165634	-1.07	0.283181495108985	-3.77812834493997	0.000158011444382038	0.000395467531633935	asRNA_27
asRNA_28	15.0318676154585	0.22	0.304329983106031	0.716102466117088	0.473928081137492	0.573111663199659	asRNA_28
asRNA_29	3.45883747482641	-0.32	0.533555958089471	-0.602024170851393	0.547158048218928	0.642540764347024	asRNA_29
asRNA_30	7.92802571252522	0.17	0.342855136759091	0.497752230404005	0.618658689325398	0.705116826344727	asRNA_30
asRNA_31	10.1021407242589	0.97	0.314424892396922	3.08651478012582	0.00202517878252041	0.00434966885113441	asRNA_31
asRNA_32	6.1085580521133	0.67	0.368677730841033	1.80414000737058	0.0712093612913063	0.114315607168761	asRNA_32
asRNA_33	1.07280274453281	0.08	0.74970203817771	0.105052436218665	0.916334200783586	0.943023546437477	asRNA_33
asRNA_34	1.96884683300857	0.05	0.687710818517553	0.0788688381626537	0.937136949552353	0.957867715878242	asRNA_34
asRNA_35	11.1675274439487	-0.16	0.300115622833189	-0.536780178071568	0.591419465234024	0.683384338795582	asRNA_35
asRNA_36	6.25006502330568	-0.12	0.372755055083167	-0.31726609794006	0.751041699453341	0.814061439046569	asRNA_36
asRNA_37	4.26885188021609	0.21	0.51042289865174	0.416189100558424	0.677271634740415	0.754291400372205	asRNA_37
asRNA_38	2.39483840544168	-0.52	0.655832006829593	-0.793366355153857	0.427564407040517	0.529169685087234	asRNA_38
asRNA_39	0.0925324004906068	1.40	4.45466147798469	0.315061802021983	0.752714730183083	0.814649816090039	asRNA_39
asRNA_40	15.0579987099663	0.47	0.331816320853889	1.41553156691381	0.156912699774368	0.230164171748809	asRNA_40
asRNA_41	29.3959196931412	0.94	0.348267052458311	2.6882020128225	0.00718379218586208	0.0141554877188884	asRNA_41
asRNA_42	99.6115055586895	0.73	0.269472101368135	2.72303876762292	0.00646844668831167	0.0128024320849219	asRNA_42
asRNA_43	7.23127174358778	1.26	0.38284709160434	3.30050339359757	0.000965115464168484	0.00216985410658966	asRNA_43
asRNA_44	4.06416212101965	0.49	0.522566732824466	0.938959906433811	0.347751329754803	0.445378746423707	asRNA_44
asRNA_45	7.43101241095596	0.11	0.337072230402281	0.315610963969861	0.752297814707898	0.814443173387583	asRNA_45
asRNA_46	2.08689056831306	0.79	0.761423692560924	1.03782560406501	0.299351254283395	0.393314590024556	asRNA_46
asRNA_47	23.1008380032285	0.97	0.2215799758843	4.37736848813414	1.20120795513948e-05	3.45779031175932e-05	asRNA_47
asRNA_48	14.2947295702883	0.80	0.330444133421956	2.41438373351824	0.0157618525117999	0.0291910156487804	asRNA_48
asRNA_49	14.8282523791937	0.32	0.397273351508666	0.805387605266642	0.42059604203093	0.522879660393057	asRNA_49
asRNA_50	2.99468521432858	0.59	0.525220007057787	1.12929293046649	0.258774282181265	0.349035371624731	asRNA_50
asRNA_51	6.88133097137434	0.06	0.362371244923365	0.161028433040254	0.8720710065367	0.908102833735413	asRNA_51
asRNA_52	7.66347381756296	-0.70	0.364680872968469	-1.91992108111679	0.0548678686535269	0.0905835083038529	asRNA_52
asRNA_53	7.4693439396859	0.17	0.384811082904728	0.443635001945914	0.657306495374422	0.73798523655122	asRNA_53
asRNA_54	16.1435728683565	-0.34	0.287412364152519	-1.19005522234758	0.23402468811278	0.322903895849333	asRNA_54
asRNA_55	6.98998403908937	1.72	0.404446462255618	4.24910580243549	2.14625536813031e-05	5.98692286899507e-05	asRNA_55
asRNA_56	3.5358629503086	-0.69	0.564604110240969	-1.21693896331528	0.223627439629744	0.310938770225926	asRNA_56
asRNA_57	9.46863453000235	0.69	0.442742794319272	1.55057521065349	0.121003516627941	0.183388004174558	asRNA_57
asRNA_58	3.58305625697807	1.80	0.524073131921302	3.4263656608276	0.000611716270714783	0.0014223389933265	asRNA_58
asRNA_59	6.69920374477202	0.70	0.436661304746897	1.60637022673481	0.108192588575793	0.165855418641922	asRNA_59
asRNA_60	1.99481396188858	0.10	0.757542764847237	0.128912807966209	0.897426641945675	0.927733200883755	asRNA_60
asRNA_61	4.8716962656306	0.62	0.481470775342498	1.28868850150299	0.197506401553194	0.279910763349473	asRNA_61
asRNA_62	0						asRNA_62
asRNA_63	3.87969223694188	0.01	0.47334019544393	0.030008836865057	0.97606000554666	0.985751739325694	asRNA_63
asRNA_64	3.20604238248905	-0.61	0.531785804395867	-1.15249353056855	0.249118326683514	0.338417809787932	asRNA_64
asRNA_65	19.0663412124092	0.57	0.209788692364037	2.73858219794438	0.00617047334114655	0.0122458072254913	asRNA_65
asRNA_66	11.2542662145651	1.74	0.35475253067534	4.89683406496275	9.73930117141205e-07	3.12581986032441e-06	asRNA_66
asRNA_67	5.71832615432762	-0.89	0.450877363751286	-1.9744877828334	0.0483263052652998	0.0805587438372528	asRNA_67
asRNA_68	10.7368662764267	0.49	0.302103252124364	1.62177094208802	0.104852402405862	0.161077603695961	asRNA_68
asRNA_69	21.2267875097807	0.81	0.267554651468502	3.00998281187399	0.00261262474167612	0.00551928462426772	asRNA_69
asRNA_70	144.684034074707	2.31	0.170946433213809	13.5118366606865	1.33157451769677e-41	3.05668443425424e-40	asRNA_70
asRNA_71	3.00189858246183	1.02	0.55451498538009	1.83948902299111	0.065843290979224	0.106651335141179	asRNA_71
asRNA_72	19.1221415847972	-0.87	0.370232472758804	-2.34234276069687	0.0191631068454454	0.0351469908758195	asRNA_72
asRNA_73	1.58363404580508	1.38	0.684394475321388	2.01257039684923	0.044159843880831	0.074404898245215	asRNA_73
asRNA_74	12.9282924999833	-0.37	0.269017831095971	-1.38600919338651	0.165744096287016	0.241086193134746	asRNA_74
asRNA_75	4.16924696766076	1.32	0.553907943763678	2.38439572788334	0.0171071952833802	0.0315367426093618	asRNA_75
asRNA_76	65.0825356822729	0.87	0.341774808532382	2.54357299134482	0.0109725129277141	0.0208680404176684	asRNA_76
asRNA_77	8.99144392350962	1.57	0.381286900021163	4.12007095968152	3.78755733064331e-05	0.000102557149659192	asRNA_77
asRNA_78	48.6224077081389	1.10	0.265887690562969	4.14547411978656	3.39111302451622e-05	9.25876616693671e-05	asRNA_78
asRNA_79	42.0030430932102	0.59	0.179725881901224	3.27470745256093	0.00105771446000378	0.00236037332127159	asRNA_79
asRNA_80	6.37322985082548	-0.69	0.398960510250034	-1.73773113533519	0.0822581998516948	0.130139838571338	asRNA_80
asRNA_81	1.61464098813311	0.29	0.79771616173114	0.359569812270328	0.719168861974953	0.789246217587616	asRNA_81
asRNA_82	1.46238901430632	-1.63	0.755858855458941	-2.15620380615047	0.0310677544811666	0.0540647934090412	asRNA_82
asRNA_83	5.63712328359681	-0.41	0.44544401236191	-0.929083829066302	0.352845644231558	0.450143611260366	asRNA_83
asRNA_84	1.37139351828862	0.81	0.752236339041917	1.08157386210378	0.279441923965064	0.371333461213647	asRNA_84
asRNA_85	51.326519348643	0.53	0.242230136078794	2.19325613660654	0.0282889300167289	0.0497818866114703	asRNA_85
asRNA_86	219.314522448905	0.66	0.282018913011618	2.32844093880765	0.0198887019477079	0.0363852191977356	asRNA_86
asRNA_87	3.5060018074481	0.65	0.524722985683195	1.23680425525831	0.216159761932735	0.30195340387813	asRNA_87
asRNA_88	19.255963542	0.54	0.236059153087282	2.2887447462143	0.0220941875242553	0.0398735362230426	asRNA_88
asRNA_89	3.18299928494635	0.10	0.612028737408523	0.160537731481287	0.872457501624277	0.908242875752136	asRNA_89
asRNA_90	7.78940628744103	-0.82	0.314069179751099	-2.59583154152982	0.00943623167361981	0.0181280271597685	asRNA_90
asRNA_91	13.2106767177233	-0.64	0.293720355921068	-2.17718792088695	0.0294665491819182	0.0516022561961289	asRNA_91
asRNA_92	5.10726468783933	1.46	0.451869032991419	3.22365051170989	0.00126567765327225	0.00278820431686626	asRNA_92
asRNA_93	18.1023316425294	-0.09	0.261447105452147	-0.342975491116941	0.731616898343757	0.798431966921083	asRNA_93
asRNA_94	1.49290094675317	0.87	0.828308894078143	1.04442214054478	0.296290124444241	0.3898611202983	asRNA_94
asRNA_95	24.3393142697262	1.23	0.374596443910402	3.28802690518938	0.00100892196969224	0.00225707931643131	asRNA_95
asRNA_96	3.14690745567383	2.32	0.59422553834968	3.90360190356785	9.47716199574352e-05	0.000243795088027549	asRNA_96
asRNA_97	16.2252469339276	0.05	0.284919849337294	0.179637523365628	0.857437144457341	0.897425499566177	asRNA_97
asRNA_98	11.6842587182946	0.45	0.42662611505872	1.04562487569734	0.295734259631257	0.389271830427703	asRNA_98
asRNA_99	4.80789305920828	-0.21	0.46320833226457	-0.448779021647518	0.653591073495803	0.734958573753159	asRNA_99
asRNA_100	14.0155601815445	0.27	0.343215949611348	0.791079246647302	0.428897748866482	0.530637654279026	asRNA_100
asRNA_101	39.3809938570557	0.70	0.206349373157252	3.41348266690592	0.000641382382869035	0.00148556690736504	asRNA_101
asRNA_102	12.7153574171084	0.47	0.347799963416641	1.36297230571206	0.172891238899482	0.249539457346308	asRNA_102
asRNA_103	0.711016375761244	-0.52	1.07417663031463	-0.479705336142798	0.631436933020011	0.716078888169956	asRNA_103
asRNA_104	22.49300989719	0.32	0.270117332664911	1.16747107742208	0.243020181799021	0.332641373035956	asRNA_104
asRNA_105	106.065103181046	0.36	0.138245729112017	2.59525674795109	0.00945202827801934	0.018148700007449	asRNA_105
asRNA_106	31.7394030212394	0.60	0.245708724904408	2.43354845927272	0.014951633894644	0.0277836620151963	asRNA_106
asRNA_107	104.61817690215	0.94	0.198304336366826	4.7651178442908	1.88743305291318e-06	5.84893269363637e-06	asRNA_107
asRNA_108	8.5676639594537	1.74	0.345470063453781	5.04081270526869	4.63558984613131e-07	1.5215542627921e-06	asRNA_108
asRNA_109	10.3373025981162	0.15	0.314877447387435	0.472053467661878	0.636888625032606	0.720900315520575	asRNA_109
asRNA_110	5.37131174210317	-0.72	0.406693153497626	-1.77785275369085	0.0754280416220712	0.120231164089317	asRNA_110
asRNA_111	1.31070977901295	0.87	0.737460204727446	1.18060251637573	0.237760663519913	0.326689987781168	asRNA_111
asRNA_112	1.76361614457904	-0.37	0.805846366898401	-0.455310500442905	0.648885873028121	0.730937226264757	asRNA_112
asRNA_113	7.85624521387381	0.23	0.382722591911346	0.600663968915042	0.548063822107036	0.642766682353972	asRNA_113
asRNA_114	4.3612943442373	0.21	0.535323901916664	0.398851284079264	0.690002786549676	0.763046960026091	asRNA_114
asRNA_115	5.92837087543321	-0.36	0.429777378669285	-0.84509515170381	0.398057715062349	0.49829802191202	asRNA_115
asRNA_116	6.50493196140485	-1.76	0.529651793186143	-3.3242128382175	0.000886684970463769	0.0020085560236024	asRNA_116
asRNA_117	5.00853987490411	1.46	0.427724763549967	3.40490936759821	0.000661860162100101	0.00152613181331335	asRNA_117
asRNA_118	7.05810337644296	-0.27	0.347469575894473	-0.766311105970663	0.443491211651503	0.545137219233294	asRNA_118
asRNA_119	19.2098823823451	-1.17	0.239010336443151	-4.89407855098852	9.87673867823349e-07	3.16406810634253e-06	asRNA_119
asRNA_120	29.1883029227409	1.25	0.265345599496434	4.72202588008575	2.33506960043301e-06	7.16830565584374e-06	asRNA_120
asRNA_121	31.4734757107878	0.11	0.268581335487254	0.419832197888262	0.674608041711294	0.75225475938351	asRNA_121
asRNA_122	2.63063042764837	-1.40	0.604596420614246	-2.31344884259419	0.0206979743365295	0.0375985380588974	asRNA_122
asRNA_123	11.0237729408663	0.67	0.305526960240451	2.20846782897945	0.0272116780318924	0.0480922538604697	asRNA_123
asRNA_124	45.603573746586	0.23	0.269597266359662	0.843172623020274	0.39913190726036	0.499122621015384	asRNA_124
asRNA_125	3.92965416321906	0.65	0.439687839327751	1.4772669042578	0.139604105839332	0.208356173770592	asRNA_125
asRNA_126	3.88972612110166	1.09	0.608912930562238	1.78412471512264	0.0744034020589856	0.118913463867221	asRNA_126
asRNA_127	5.62981891221037	1.23	0.45734777070732	2.68763356994204	0.00719603156483853	0.0141718566992776	asRNA_127
asRNA_128	16.4014793863897	2.05	0.383539700232239	5.349507978092	8.81936733150059e-08	3.10400389284455e-07	asRNA_128
asRNA_129	2.16800249961852	-0.00	0.705150380997578	-0.0029794920809524	0.997622712786918	0.998717401378799	asRNA_129
asRNA_130	1.20222715576097	2.00	0.925243878971229	2.16507986663264	0.0303815695193949	0.0530242985704112	asRNA_130
asRNA_131	9.22397255140321	1.76	0.421391642054998	4.16650494773086	3.09305182740433e-05	8.48999145922712e-05	asRNA_131
asRNA_132	8.8761460875361	2.35	0.416920439589868	5.62882690725968	1.81439360391929e-08	6.78327235324184e-08	asRNA_132
asRNA_133	5.34312345277517	0.91	0.534255413877787	1.70516904052977	0.0881629022695536	0.138388109660048	asRNA_133
asRNA_134	3.80583006751836	1.08	0.522639519978732	2.07467131875523	0.0380170073000665	0.0651513525009224	asRNA_134
asRNA_135	16.9412379887546	0.32	0.248677611444669	1.30316646617494	0.192517935914218	0.27348625976935	asRNA_135
asRNA_136	13.4576640132057	-0.47	0.369247640713849	-1.27713980020983	0.201552895709368	0.284638180304296	asRNA_136
asRNA_137	9.16125383127109	-0.26	0.394768945966187	-0.660330869371549	0.509041524518081	0.606073886476103	asRNA_137
asRNA_138	16.7216407779926	1.22	0.324332126532921	3.7726519059832	0.000161521564480825	0.000403972046071403	asRNA_138
asRNA_139	3.41065322526161	1.31	0.5451901881158	2.39972506629934	0.0164073899347553	0.0303242222178759	asRNA_139
asRNA_140	24.3134947370628	0.01	0.232876318330007	0.026150867403671	0.97913700459613	0.986523294649009	asRNA_140
asRNA_141	5.68470593246822	0.81	0.608765349277554	1.33212911771886	0.182817763627375	0.261251078553949	asRNA_141
asRNA_142	1.08930464530258	-1.22	0.912106905540269	-1.34117910495296	0.179862308754587	0.257640604432247	asRNA_142
asRNA_143	3.17851185868034	-0.67	0.557177771194612	-1.20405087753562	0.228569914506986	0.316467910827191	asRNA_143
asRNA_144	12.0395911122584	0.70	0.357696741447597	1.96861117971242	0.0489977577788283	0.0815648586766269	asRNA_144
asRNA_145	3.77363894913172	0.14	0.496099468721054	0.2831990390247	0.777024264961716	0.833699151807688	asRNA_145
asRNA_146	28.1844786975358	0.08	0.231635976489838	0.347146558696669	0.728481217044934	0.795830950660789	asRNA_146
asRNA_147	33.7932158784876	1.41	0.29287051184491	4.79789875494486	1.60338784706015e-06	5.02925134969954e-06	asRNA_147
asRNA_148	6.77516980746502	-0.01	0.377786046735348	-0.0195298540259041	0.984418421512768	0.989117918983937	asRNA_148
asRNA_149	4.78909595035357	-0.12	0.420841587945751	-0.273672398541197	0.784336390988894	0.839295829312343	asRNA_149
asRNA_150	20.4213764261067	0.30	0.368027285913192	0.812021318972637	0.416779398637805	0.518671599685998	asRNA_150
asRNA_151	11.2042524773543	-0.34	0.291292244879653	-1.15343232089761	0.248732981671562	0.338149251582162	asRNA_151
asRNA_152	47.7353103845769	-0.36	0.204417625042664	-1.74308251722938	0.0813192019801825	0.128880564615909	asRNA_152
asRNA_153	105.37199823885	-0.37	0.127296905263845	-2.90405792504927	0.00368360001440124	0.00761657742507291	asRNA_153
asRNA_154	2.41716724779016	-1.09	0.604748623699173	-1.8079989817765	0.0706066590553283	0.113702591258	asRNA_154
asRNA_155	0.869450386475492	-1.10	1.15390636602603	-0.954158337800195	0.340003499917096	0.436852981711663	asRNA_155
asRNA_156	2.59911154610636	-0.45	0.616326141222742	-0.732272538086491	0.464002237525474	0.564556950121719	asRNA_156
asRNA_157	43.2332717669246	0.23	0.188558153695387	1.20340468387802	0.228819756229784	0.316692166456276	asRNA_157
asRNA_158	1.96551610300429	0.12	0.703113936539374	0.168892343636079	0.865881321579904	0.903072405773317	asRNA_158
asRNA_159	1.43147542693593	0.13	0.823575924502929	0.154128447520047	0.877508458399369	0.911394952181938	asRNA_159
asRNA_160	3.52075343376897	0.16	0.532996639249119	0.303269751662882	0.761684296032207	0.821427286866357	asRNA_160
asRNA_161	8.30251183660632	0.11	0.333127762302554	0.323183300539602	0.746556427129724	0.811151451123161	asRNA_161
asRNA_162	13.7274826025561	0.39	0.268324606616023	1.4496924438833	0.147144303791743	0.217964681818923	asRNA_162
asRNA_163	6.06582564492799	0.64	0.385429407786229	1.67093004832084	0.0947354955236607	0.147259932811514	asRNA_163
asRNA_164	2.80652408118891	0.53	0.619011083776145	0.85400033783649	0.393104802197157	0.493125550685191	asRNA_164
asRNA_165	10.8992526703414	0.17	0.365130601972981	0.457715794040578	0.647156639429332	0.729315987649566	asRNA_165
asRNA_166	3.49816840219071	0.49	0.546687591266198	0.903103609682961	0.366470908411048	0.464239421410691	asRNA_166
asRNA_167	12.709487988748	0.98	0.287927340358522	3.38749189777033	0.000705348004902611	0.00162122079698279	asRNA_167
asRNA_168	7.99491365458997	0.26	0.35863436753563	0.726911713887869	0.467280040862876	0.567602718998923	asRNA_168
asRNA_169	1.9569061042993	0.15	0.772223660257091	0.189116801235571	0.850001273611585	0.89197198241266	asRNA_169
asRNA_170	29.1513413150554	0.30	0.23701344001978	1.26343097278905	0.20643433900433	0.290108551448472	asRNA_170
asRNA_171	8.9468784245184	-1.22	0.325900489890928	-3.74145431014069	0.000182958442924398	0.000451941211994196	asRNA_171
asRNA_172	0.652055558407612	-1.75	1.13155711108879	-1.54285909365624	0.122864967802464	0.18572831814865	asRNA_172
asRNA_173	1.97972318498435	0.20	0.709020991835762	0.282822997374704	0.777312524408716	0.833760219633635	asRNA_173
asRNA_174	2.15731842183789	1.66	0.654341384978277	2.53237374598586	0.0113293161206207	0.02148992384143	asRNA_174
asRNA_175	45.0158351385166	2.12	0.198137446007253	10.6746662003504	1.33737311303662e-26	1.50152420541557e-25	asRNA_175
asRNA_176	9.91322106687459	0.77	0.349114227058995	2.19900487664768	0.0278775755480392	0.0491059541911697	asRNA_176
asRNA_177	7.69938981037065	0.30	0.517281003946137	0.585850751551279	0.557975814946399	0.652692254809095	asRNA_177
asRNA_178	13.099196165665	0.09	0.296613012970346	0.29127123483413	0.770843885414353	0.828795156036196	asRNA_178
asRNA_179	3.1434659775479	-0.69	0.563208881501565	-1.22741379897584	0.219667102608122	0.306140849883864	asRNA_179
asRNA_180	1.7651030657833	0.23	0.710184983339013	0.319951262287165	0.749005277003333	0.812587302323905	asRNA_180
asRNA_181	0.32743161752518	-0.52	1.86307546718868	-0.279127084829605	0.780147298157953	0.836551878179489	asRNA_181
asRNA_182	45.1887685307585	2.72	0.192052925111433	14.146601871143	1.96002108054192e-45	5.51868435490084e-44	asRNA_182
asRNA_183	14.1480293085893	1.00	0.267047622878556	3.72726837807768	0.000193566310186941	0.000476837308211713	asRNA_183
asRNA_184	20.849464263746	0.61	0.258511260212898	2.34694309654469	0.0189281452747223	0.0347514190372386	asRNA_184
asRNA_185	6.10108806688408	0.28	0.446177344361269	0.621782898804804	0.53408463269942	0.630888566453198	asRNA_185
asRNA_186	13.2587622418138	0.92	0.260401402793313	3.54391786174921	0.000394228044023488	0.000939681131389318	asRNA_186
asRNA_187	38.6211173539185	2.02	0.235589222587767	8.55640476069339	1.16441950961883e-17	8.18044427420327e-17	asRNA_187
asRNA_188	4.95652141671039	-0.20	0.434682808484607	-0.455098464555101	0.649038402620844	0.730937226264757	asRNA_188
asRNA_189	16.9605315429446	-0.40	0.252904796708276	-1.58863995606191	0.112141701998397	0.170963914552548	asRNA_189
asRNA_190	28.7789743004267	0.65	0.304376298928032	2.13996848247007	0.0323573139228112	0.0560922363529637	asRNA_190
asRNA_191	41.5675328440705	-1.21	0.202086447899352	-5.96494494585746	2.4471653850833e-09	9.87635391695431e-09	asRNA_191
asRNA_192	11.6275293291895	0.30	0.289405178320485	1.04717776164096	0.295017599885819	0.388754453377876	asRNA_192
asRNA_193	514.777813425949	0.25	0.272235758205854	0.931712779486909	0.351484980262325	0.449043555074591	asRNA_193
asRNA_194	26.7994965252352	0.86	0.235823563041071	3.65233799475062	0.000259863537876298	0.00063152271780592	asRNA_194
asRNA_195	1.38365119660114	0.80	0.824270771901655	0.966316793121216	0.333885685476899	0.430065764995977	asRNA_195
asRNA_196	45.4709285566019	0.85	0.297965525450255	2.84168774787124	0.00448754202190898	0.00911160644899153	asRNA_196
asRNA_197	23.5560643450414	0.64	0.342584373109819	1.86438710603479	0.0622673622776356	0.101380800809891	asRNA_197
asRNA_198	7.67174225038487	-0.05	0.452592651041041	-0.106629595316872	0.915082838763627	0.942004727479038	asRNA_198
asRNA_199	1.96224372244071	-0.33	0.814425995738686	-0.410555090657422	0.681398799749854	0.756487712515765	asRNA_199
asRNA_200	5.22807841834014	0.48	0.371538342575404	1.29703744250217	0.194618304085114	0.276160494822532	asRNA_200
asRNA_201	37.1956614039434	0.88	0.185510126991521	4.76907404898761	1.85074626650382e-06	5.74018033087759e-06	asRNA_201
asRNA_202	2.63295564901602	0.03	0.61837154479623	0.05428402550943	0.956708876583327	0.972408508486958	asRNA_202
asRNA_203	58.2635628931444	0.47	0.232594851960839	2.01023234666194	0.0444066033886192	0.0746461747260184	asRNA_203
asRNA_204	1.56821080761308	-1.80	0.79872959403349	-2.25576113611591	0.0240855944830862	0.0431513263124818	asRNA_204
asRNA_205	0.697410504723493	-1.44	1.21677847296022	-1.1827312957739	0.236915656930307	0.326143631618345	asRNA_205
asRNA_206	19.2410984170484	1.62	0.276089275420061	5.88263546128129	4.03784617567453e-09	1.59740917860933e-08	asRNA_206
asRNA_207	2.68793421233935	0.53	0.648112191588009	0.819689909207607	0.412392903945821	0.514278209626553	asRNA_207
asRNA_208	4.68940579982063	1.34	0.539830997789159	2.48473669306692	0.0129647288886832	0.0243105530253976	asRNA_208
asRNA_209	8.20344979776113	0.20	0.363441882657543	0.549404342439218	0.582727994683727	0.674857032341681	asRNA_209
asRNA_210	2.25906375538897	-0.71	0.607544675803384	-1.16215776483185	0.245171386970427	0.334565586915533	asRNA_210
asRNA_211	25.4882786558757	2.27	0.281121116752651	8.06542195196571	7.29833500627705e-16	4.63901223326676e-15	asRNA_211
asRNA_212	1.5096465934882	-1.11	0.944245827988985	-1.17498824155958	0.239999420085734	0.328881334596573	asRNA_212
asRNA_213	2.54977287184748	0.12	0.572753875612838	0.213737906816607	0.83075144898873	0.876676355109531	asRNA_213
asRNA_214	6.92650661767209	-0.20	0.363382247452393	-0.563213985419403	0.573289180724893	0.666494905591134	asRNA_214
asRNA_215	5.10782562381547	-0.19	0.382769192487922	-0.484486624998132	0.628040554257667	0.712675742299947	asRNA_215
asRNA_216	3.86575690212025	1.38	0.578719999699607	2.38524464554064	0.017067766845862	0.0314801595253258	asRNA_216
asRNA_217	4.97615227689983	-0.87	0.495940185477764	-1.75715218636101	0.0788918725702769	0.12530908274274	asRNA_217
asRNA_218	0.585836977878331	-0.78	1.29944940608594	-0.601043614306856	0.547810937410058	0.642766682353972	asRNA_218
asRNA_219	0						asRNA_219
asRNA_220	3.16762721144949	0.16	0.532664425857467	0.300184845698489	0.764036163737907	0.82270281867685	asRNA_220
asRNA_221	4.49974860503397	-0.04	0.467199754541748	-0.0863040798903763	0.931224695296108	0.953989142082767	asRNA_221
asRNA_222	2.66337413700424	0.33	0.603253391191533	0.551920660913306	0.581002712229767	0.673629520187459	asRNA_222
asRNA_223	2.26354040769653	0.33	0.701021059316331	0.466654915926239	0.640746790266006	0.723449696779037	asRNA_223
asRNA_224	3.81433466186472	-1.24	0.481484209656053	-2.58483256219494	0.00974262973751077	0.0186867682671574	asRNA_224
asRNA_225	3.8827286879777	-0.99	0.573648357750658	-1.71708043714524	0.0859644760505287	0.135290817330177	asRNA_225
asRNA_226	2.84848734676026	-2.04	0.613550732339784	-3.3217848237603	0.000894436418003584	0.00202357115535776	asRNA_226
asRNA_227	0.317395297626513	1.81	1.75545061994625	1.03218252739634	0.301986618669115	0.396488077844623	asRNA_227
asRNA_228	1.34737331674999	0.52	0.878074731683496	0.589088471536215	0.555801926526034	0.650571660668992	asRNA_228
asRNA_229	5.82588702684492	0.09	0.413304307295754	0.223508836182961	0.823139506787613	0.870990834545672	asRNA_229
asRNA_230	6.41867377626442	0.14	0.386547780922039	0.354037226021601	0.723310985317293	0.791862937753197	asRNA_230
asRNA_231	3.9962335423838	-0.83	0.427852428736957	-1.94766874814805	0.0514546118554484	0.085378646927733	asRNA_231
asRNA_232	4.70227638055138	-1.61	0.479668976560724	-3.35611518627676	0.000790456392924311	0.00180304103803748	asRNA_232
asRNA_233	4.55983670215787	-0.58	0.497892915219412	-1.1655836108586	0.24378283731636	0.333432009748828	asRNA_233
asRNA_234	1.74296441319611	0.03	0.8355510506927	0.0363052212346785	0.971038986742757	0.9824886322911	asRNA_234
asRNA_235	1.8964491994428	-0.54	0.691653584341523	-0.78147214710499	0.434524852200501	0.536494541737104	asRNA_235
asRNA_236	7.912990130319	0.70	0.438175946644377	1.59515733747674	0.110677056278915	0.169016996114072	asRNA_236
asRNA_237	13.7818448700844	0.13	0.310756616869473	0.425262985716007	0.67064497314524	0.749226436210615	asRNA_237
asRNA_238	9.54810215131958	-0.46	0.329339851305793	-1.39535274272962	0.162909494504132	0.237318439043207	asRNA_238
asRNA_239	3.8489491515608	-1.08	0.476151519267934	-2.26312552828213	0.0236279522933998	0.0423868293008525	asRNA_239
asRNA_240	0.135460172588395	0.00	3.50294968316588	0	1	1	asRNA_240
asRNA_241	0.24647508992905	-0.69	1.4787692659088	-0.465114303708414	0.641849603297202	0.724467889221145	asRNA_241
asRNA_242	6.00701487473165	-0.01	0.421209059446615	-0.0308491102095071	0.975389874754367	0.985751739325694	asRNA_242
asRNA_243	1.45685236580507	-0.75	0.77691218556157	-0.958959849550914	0.337578972242014	0.434512362842936	asRNA_243
asRNA_244	12.0862363148807	-1.61	0.48728692963457	-3.30959891936156	0.00093429745670985	0.0021058211594636	asRNA_244
asRNA_245	12.6121988710482	0.36	0.271868019816138	1.31675230715314	0.187921664088471	0.268013327018144	asRNA_245
asRNA_246	4.55960963111514	-0.23	0.455069527096969	-0.499880926029367	0.617158923580484	0.704096473752473	asRNA_246
asRNA_247	5.22807661085865	-0.51	0.433780325873275	-1.17556203431997	0.239769934294865	0.328691838417152	asRNA_247
asRNA_248	2.83691031757662	-1.70	0.59597493753559	-2.85399103872465	0.00431737491414944	0.00881076964359829	asRNA_248
asRNA_249	12.9331927111816	1.01	0.298544825171747	3.37442781180166	0.00073969313610441	0.00169691538034392	asRNA_249
asRNA_250	6.73938950975752	0.41	0.483206556297924	0.843442987139888	0.398980738888499	0.499106762566522	asRNA_250
asRNA_251	2.30434523762596	0.40	0.588230821717516	0.686052632165207	0.492679919353383	0.590596090168719	asRNA_251
asRNA_252	2.84177919538197	0.40	0.561396900224417	0.710029809007244	0.477685651197036	0.576550263534533	asRNA_252
asRNA_253	0.725104631326673	0.06	1.17099216148382	0.0488216600761125	0.961061420510975	0.975955299949719	asRNA_253
asRNA_254	7.25535968804085	0.08	0.369932187587369	0.221757380584708	0.824502758741441	0.871921344631501	asRNA_254
asRNA_255	4.44746047264217	0.86	0.511359823924381	1.67561225291966	0.0938141671935407	0.146113335594434	asRNA_255
asRNA_256	1.84082712941597	0.86	0.738454310332804	1.1668634599326	0.243265514313232	0.332850764458955	asRNA_256
asRNA_257	2.28325671614716	0.39	0.548344452895429	0.704573269356295	0.481075838322177	0.580253454254728	asRNA_257
asRNA_258	2.38469275342885	-0.93	0.726963902547195	-1.28235619549353	0.199717723166134	0.282267715408136	asRNA_258
asRNA_259	23.7771437431702	-0.34	0.210298204848778	-1.60398981175185	0.108716298361359	0.166516591285312	asRNA_259
asRNA_260	4.19175334816534	1.29	0.485797096722237	2.65038308945209	0.00804005480717904	0.0156968350623366	asRNA_260
asRNA_261	2.3334824321463	0.01	0.53053055204814	0.0226099869888527	0.981961377399988	0.987992407635276	asRNA_261
asRNA_262	27.100724253316	1.72	0.375780113380946	4.57534961926293	4.75425364436682e-06	1.43024458550067e-05	asRNA_262
asRNA_263	1.21190529632129	0.83	0.818556205861196	1.01682701670539	0.309235727438796	0.404091936798194	asRNA_263
asRNA_264	1.57594578195043	-1.14	0.958965860199947	-1.18387112576094	0.236464081607254	0.325770852489504	asRNA_264
asRNA_265	1.2843291363861	-0.13	0.724922498651617	-0.184148207806659	0.853897188721289	0.894606240741722	asRNA_265
asRNA_266	3.34064569127403	-2.58	0.609626659115457	-4.23396459020885	2.2960711333343e-05	6.36541566502832e-05	asRNA_266
asRNA_267	10.6552320470743	0.90	0.285715174008964	3.13818702333573	0.00169996371911427	0.00368632325131638	asRNA_267
asRNA_268	36.2854703387484	1.30	0.220442172597389	5.87725860967823	4.17116312302709e-09	1.64834121659974e-08	asRNA_268
asRNA_269	0.914611817050465	2.29	1.08917051355782	2.1042365588493	0.0353578169587269	0.0609127974757418	asRNA_269
asRNA_270	7.83058679011396	-0.40	0.33028010782683	-1.22558871736406	0.220353485781112	0.306978725456176	asRNA_270
asRNA_271	2.73937696333561	-0.31	0.537125701324734	-0.570307193760182	0.568469362590392	0.66238719132744	asRNA_271
asRNA_272	10.3937423313555	0.54	0.367906241693853	1.47721827559605	0.139617136419528	0.208356173770592	asRNA_272
asRNA_273	3.81379171773324	0.48	0.526035355205489	0.903441258150669	0.366291751249258	0.464175622891114	asRNA_273
asRNA_274	3.64780817153256	0.25	0.458387570703896	0.53477577794976	0.592804914313263	0.684327005504484	asRNA_274
asRNA_275	6.86469972136983	-0.32	0.395998437445325	-0.800806357895338	0.42324375773242	0.525627326970242	asRNA_275
asRNA_276	5.26418459116499	-0.16	0.453277852360921	-0.354425432018732	0.72302007796374	0.791784977508756	asRNA_276
asRNA_277	15.1128688843396	-0.35	0.24649998180813	-1.41221527063042	0.157886585473659	0.231404332674692	asRNA_277
asRNA_278	5.7984790750515	-0.19	0.369192120554793	-0.507773146977131	0.611612443794713	0.699762300773379	asRNA_278
asRNA_279	2.85856181771691	0.90	0.69859510422591	1.29160350281009	0.196494490376061	0.278586209014684	asRNA_279
asRNA_280	8.58338354465503	0.49	0.391693102017457	1.2384183876923	0.215560966088544	0.30135055150625	asRNA_280
asRNA_281	6.46993241947667	0.25	0.396666900037071	0.625800723748764	0.531445657071734	0.628389156196368	asRNA_281
asRNA_282	10.5955123779783	0.66	0.471845823837568	1.39113396704396	0.164184806417192	0.238983054251842	asRNA_282
asRNA_283	9.73912977134123	0.14	0.359761875654591	0.379321814196981	0.704448902570753	0.775927214200793	asRNA_283
asRNA_284	0.76690906420966	1.40	1.40996915105561	0.995444886532579	0.31951993672226	0.414823433698496	asRNA_284
asRNA_285	0.540994330954558	0.17	1.16241715443444	0.14810224441138	0.882262078196671	0.915540607492313	asRNA_285
asRNA_286	9.88503010524813	-0.89	0.342418966820771	-2.60735314412177	0.00912452012658752	0.0176042668823455	asRNA_286
asRNA_287	9.01279925417185	-0.14	0.401222885745493	-0.360680553542518	0.718338263568092	0.788960879906553	asRNA_287
asRNA_288	2.19486793294148	0.43	0.67060287103178	0.644213693284637	0.519436872590562	0.6166892700349	asRNA_288
asRNA_289	2.94155084148092	-0.85	0.649998958597789	-1.30570241589665	0.191653776102125	0.272688594185574	asRNA_289
asRNA_290	7.22811961283508	0.28	0.529725159333806	0.52978876013533	0.596258399072676	0.686993372844605	asRNA_290
asRNA_291	1.98118841482518	-0.49	0.686813505930304	-0.715918646825316	0.474041583795278	0.573111663199659	asRNA_291
asRNA_292	1.31025757844107	0.11	0.765507442440428	0.139049861718621	0.889410747770942	0.921632068708015	asRNA_292
asRNA_293	1.10151754229371	0.75	0.984273014701683	0.762310210613076	0.445874881264127	0.547320528636211	asRNA_293
asRNA_294	11.2523024897522	1.97	0.521370753170857	3.78314819860752	0.000154857146922405	0.000387842361020394	asRNA_294
asRNA_295	13.4410359060052	0.04	0.303996688663964	0.133504921857395	0.89379407203734	0.925641906788095	asRNA_295
asRNA_296	6.5382494481888	-0.27	0.399399392878224	-0.668111298918726	0.504062549939372	0.601736147724908	asRNA_296
asRNA_297	1.52657713530321	2.01	1.00153701542266	2.0112571447922	0.0442983025940877	0.0745561616921226	asRNA_297
asRNA_298	1.93119555217131	0.87	0.72142003780772	1.19986014461175	0.230193660933543	0.318227063292862	asRNA_298
asRNA_299	7.48767158335162	0.18	0.358701463153941	0.506488422494175	0.612513815161105	0.700126796651007	asRNA_299
asRNA_300	1.31413754912327	0.78	0.836168816407282	0.930667978316262	0.352025338735974	0.44933472383279	asRNA_300
asRNA_301	52.830433313501	0.07	0.173283622655887	0.410947905740487	0.68111073386525	0.756487712515765	asRNA_301
asRNA_302	1.42473171516177	-0.02	0.722590877671195	-0.0234923658004549	0.981257528014657	0.987559936041559	asRNA_302
asRNA_303	4.50391196097017	-0.35	0.46291233407003	-0.750982006241488	0.452663484917747	0.553111956442962	asRNA_303
asRNA_304	18.2432641051724	-0.63	0.245856899963897	-2.56430913781469	0.0103381420467652	0.0197449199451733	asRNA_304
asRNA_305	3.9496134301737	-1.82	0.496354715152478	-3.67617091457519	0.000236760931041823	0.000578499251169309	asRNA_305
asRNA_306	1.39676038429488	0.03	0.783652789582984	0.0411089433846159	0.967209044842203	0.979990436956712	asRNA_306
asRNA_307	1.8228336666042	-0.91	0.668305352304248	-1.36546511349612	0.172106910739025	0.249005743196887	asRNA_307
asRNA_308	1.18991689291859	0.91	0.967565572198195	0.936619055521807	0.348954546468787	0.446602338591445	asRNA_308
asRNA_309	17.4803319072179	0.78	0.238490838953327	3.2833709744094	0.00102573586853146	0.00229327051500457	asRNA_309
asRNA_310	9.24628874828061	-0.55	0.332142057207027	-1.67083305704867	0.0947546571004168	0.147259932811514	asRNA_310
asRNA_311	3.31638515062834	-1.15	0.543067708654179	-2.12586369405066	0.0335146106671993	0.057986873185111	asRNA_311
asRNA_312	1.68460476531864	0.41	0.753974268692325	0.540963299436471	0.588532879316305	0.680922149937709	asRNA_312
asRNA_313	4.36627026766499	-0.57	0.466700629498325	-1.23172488082167	0.218051872313427	0.304007329910093	asRNA_313
asRNA_314	3.16022897495851	0.06	0.489526427915974	0.119013486333742	0.905264671173896	0.93429950598818	asRNA_314
asRNA_315	5.00023491151872	-0.32	0.461869717015541	-0.68562678742874	0.492948485006191	0.590596090168719	asRNA_315
asRNA_316	1.7322627575703	-0.96	0.674125870195156	-1.42188240257568	0.155060392570018	0.228003939136003	asRNA_316
asRNA_317	6.68733269611417	0.01	0.389437935609841	0.0218503227841781	0.982567351977032	0.988050428717975	asRNA_317
asRNA_318	7.88189024556377	-0.65	0.367776411653909	-1.77362939730286	0.0761244717766058	0.121287619930543	asRNA_318
asRNA_319	3.33672174261794	0.15	0.590972233718846	0.262014462306465	0.793310292289721	0.846882454010805	asRNA_319
asRNA_320	20.0254431453216	1.03	0.33846138622702	3.05211528162153	0.00227234811458767	0.00483444073493151	asRNA_320
asRNA_321	16.6683566182836	0.80	0.44178252858664	1.8043737316772	0.0711727381809798	0.114307731017937	asRNA_321
asRNA_322	7.92529092253571	0.33	0.360679343272177	0.916405293269791	0.359454360065534	0.456957147681194	asRNA_322
asRNA_323	1.1059649962123	-1.21	1.04125114532138	-1.16005434875425	0.246026679097488	0.335355579223656	asRNA_323
asRNA_324	1.76490216222435	0.03	0.785938355375722	0.0427628311659254	0.965890593302911	0.979203853238732	asRNA_324
asRNA_325	0.780826499835107	-0.05	1.02633804049502	-0.0458293269009028	0.963446283875523	0.977826079157248	asRNA_325
asRNA_326	0.319195113384268	-0.42	1.52314888004319	-0.277718745077372	0.781228269947038	0.837223356977563	asRNA_326
asRNA_327	0.674022206251422	-0.00	1.38064451541505	-0.00243771611023936	0.998054985878381	0.998717401378799	asRNA_327
asRNA_328	0.568065028382351	-0.69	1.15270744540715	-0.595766393694358	0.551331297166995	0.645759113627852	asRNA_328
asRNA_329	0.479558329382697	-0.15	1.24972213505314	-0.118453699691651	0.905708179030366	0.934489629895632	asRNA_329
asRNA_330	1.78656489688074	-0.02	0.772860957178143	-0.0204276071690493	0.983702261106346	0.988915745893241	asRNA_330
asRNA_331	13.1963268142793	-1.20	0.43924168892147	-2.7324512132082	0.00628649810339907	0.0124623427748351	asRNA_331
asRNA_332	0.960797096230027	0.10	1.04267541339248	0.0921793926824134	0.926555510584102	0.95028630055353	asRNA_332
asRNA_333	35.805397661445	0.75	0.289986455405172	2.59913121017519	0.00934600421162303	0.0179834485737797	asRNA_333
asRNA_334	34.9612999489965	0.47	0.24037435921264	1.9748397569603	0.0482863357186645	0.0805293632253896	asRNA_334
asRNA_335	7.81855309665283	0.58	0.563040546626057	1.03160676025507	0.302256372196515	0.396697729568915	asRNA_335
asRNA_336	6.75371824312167	0.90	0.394287618181759	2.2820450045652	0.0224866833578457	0.040506028934924	asRNA_336
asRNA_337	1.74017139057398	1.06	0.786587896292604	1.3491262205413	0.177296427527083	0.254672365557479	asRNA_337
asRNA_338	7.76676555123661	0.83	0.359130160633857	2.32048861563398	0.0203144600658583	0.0370325311468656	asRNA_338
asRNA_339	2.48119457550523	-0.32	0.573796722380624	-0.556426889098305	0.577919061318991	0.671205517974428	asRNA_339
asRNA_340	2.49398387736828	1.10	0.635567721283201	1.72303169217525	0.0848827940563765	0.133705240288104	asRNA_340
asRNA_341	2.93530941853881	-0.26	0.551532544368884	-0.467620932403726	0.640055692990821	0.723010334846731	asRNA_341
asRNA_342	5.40122405345367	-0.24	0.420851114108227	-0.560840698778128	0.574906139172592	0.668159214955828	asRNA_342
asRNA_343	6.9046576619697	-0.47	0.358320972462064	-1.30476600276981	0.191972538903357	0.272866674566126	asRNA_343
asRNA_344	4.68416869359989	1.53	0.533562961892166	2.86985187252909	0.00410664129362315	0.00842843691470264	asRNA_344
asRNA_345	0.490730036808937	0.11	1.2840169418367	0.0826645737230394	0.934118254499862	0.955595285046126	asRNA_345
asRNA_346	2.00731064238092	0.63	0.625161723378839	1.00375981702146	0.315494397109746	0.410632649759309	asRNA_346
asRNA_347	1.33605462734433	-1.65	0.881586494579875	-1.87013702818546	0.0614647916553764	0.100234891007229	asRNA_347
asRNA_348	9.02145901774349	-0.51	0.35606943097518	-1.43001154538915	0.15271370546907	0.225192979190388	asRNA_348
asRNA_349	4.8533761877887	0.39	0.471534421921205	0.818091804854474	0.413304768004927	0.5152370750224	asRNA_349
asRNA_350	12.5348159258245	1.64	0.339504254485919	4.82721741386142	1.38453945180025e-06	4.36559946131941e-06	asRNA_350
asRNA_351	8.87961562631953	-0.04	0.373517045762516	-0.103596549109555	0.91748952634075	0.943673588165543	asRNA_351
asRNA_352	1.21599295597335	-0.93	0.844856623453569	-1.10417800221191	0.269515930053774	0.360688975831342	asRNA_352
asRNA_353	2.76698389337593	-0.34	0.524444625475487	-0.650414929334022	0.515424236347193	0.612661262465463	asRNA_353
asRNA_354	5.61860831846545	0.54	0.427878445944593	1.26136088450807	0.20717885441122	0.290809370778732	asRNA_354
asRNA_355	1.58238013494198	-0.11	0.704650821133262	-0.157637400709211	0.874742530516835	0.909570709746876	asRNA_355
asRNA_356	2.87953292582279	0.66	0.569736702932555	1.15418582324474	0.248423993467745	0.337856631116133	asRNA_356
asRNA_357	3.22174207504732	-0.99	0.591909831842778	-1.67168005288695	0.0945874295861956	0.147187981706427	asRNA_357
asRNA_358	13.5744870761803	-0.22	0.265049920553995	-0.825318280276863	0.409190916168967	0.510638525579279	asRNA_358
asRNA_359	2.89247910436768	0.30	0.52661228245884	0.565810264634307	0.571522767904101	0.664655713303123	asRNA_359
asRNA_360	3.46958296436395	0.96	0.489823705839415	1.95687006749977	0.0503627465467294	0.0836054069803836	asRNA_360
asRNA_361	13.622702948826	0.24	0.319520860086949	0.748727910217683	0.454021217842498	0.554299616905271	asRNA_361
asRNA_362	3.0693742226021	0.45	0.623183879442622	0.717198471233971	0.473251642449657	0.572627357291752	asRNA_362
asRNA_363	4.1252297397146	-0.89	0.583703834300607	-1.51873451451035	0.128829335191957	0.194105737471494	asRNA_363
asRNA_364	9.29361836356223	-1.44	0.350903496196064	-4.09413609058859	4.23745378513928e-05	0.000113883545426115	asRNA_364
asRNA_365	3.8131258827464	-0.20	0.490683969951841	-0.406685007371104	0.684239353407606	0.758136250692547	asRNA_365
asRNA_366	8.66230322640008	0.38	0.333650017078441	1.13028541337873	0.258355978922994	0.348601627869139	asRNA_366
asRNA_367	18.2590363028493	0.95	0.309035770885308	3.06667084347819	0.00216457071922055	0.00462974057689666	asRNA_367
asRNA_368	94.6896576335807	1.07	0.142460711102627	7.54187566297075	4.63259346299482e-14	2.5965578290254e-13	asRNA_368
asRNA_369	1.47824513067377	-1.89	0.864175342634456	-2.18174178201837	0.0291285954086315	0.0510667703144935	asRNA_369
asRNA_370	3.36939729996636	0.45	0.595864219113209	0.755773567003565	0.449784967474529	0.550432944916198	asRNA_370
asRNA_371	68.1395485270141	0.18	0.271177206224817	0.679958616983668	0.496530664414762	0.59395122235366	asRNA_371
asRNA_372	41.5480743504339	1.67	0.170072104959963	9.8091995648873	1.02780584274716e-22	9.30706597301703e-22	asRNA_372
asRNA_373	7.67642912435307	0.65	0.350287831809868	1.85237342625185	0.0639722184961275	0.103807237937885	asRNA_373
asRNA_374	1.57052662244624	0.53	0.736379669424903	0.714709985627811	0.474788266182157	0.573786679093823	asRNA_374
asRNA_375	1.84228269233485	0.18	0.643157652086413	0.277705927149006	0.78123811029843	0.837223356977563	asRNA_375
asRNA_376	2.57809845580026	-0.07	0.56134310334293	-0.129161870064714	0.897229566705756	0.927733200883755	asRNA_376
asRNA_377	4.05843444053162	0.30	0.468033219917552	0.635404698777339	0.525164504331633	0.621778210778977	asRNA_377
asRNA_378	4.72264827842556	2.58	0.54036691075591	4.77354976910278	1.81006791837687e-06	5.63340654389484e-06	asRNA_378
asRNA_379	1.04671045109348	2.69	1.13334717016844	2.37471335475583	0.0175625830358997	0.0323101323437379	asRNA_379
asRNA_380	2.37120188470493	0.61	0.623279662201156	0.976933390176234	0.328602129974232	0.424626058238483	asRNA_380
asRNA_381	11.0101941759661	-0.49	0.321865285469972	-1.51219627409917	0.130483938612767	0.196434467318468	asRNA_381
asRNA_382	4.48185087297859	0.75	0.471504510472523	1.58346518935301	0.113315474843136	0.172607342068749	asRNA_382
asRNA_383	6.22344788368828	0.02	0.420698664887746	0.0559895265052827	0.955350150712037	0.971524250329058	asRNA_383
asRNA_384	7.82326816135655	-0.88	0.379658734269086	-2.32104383566782	0.0202844781240955	0.0370153210932861	asRNA_384
asRNA_385	20.4157882789379	0.28	0.277568016368521	1.02071293088469	0.307390466297327	0.402118054640859	asRNA_385
asRNA_386	6.50478251785309	0.53	0.468548818627433	1.12880916492037	0.258978345615243	0.349179931761068	asRNA_386
asRNA_387	20.5639153989952	0.75	0.339742545227648	2.20321894314115	0.027579320780531	0.0486757453932584	asRNA_387
asRNA_388	3.64819642724298	-0.23	0.57250387145584	-0.410232422687024	0.681635458910452	0.756487712515765	asRNA_388
asRNA_389	4.54986116266003	-0.77	0.51795012529781	-1.49290423516153	0.135462256382499	0.203249780184233	asRNA_389
asRNA_390	7.41523006285592	-0.31	0.372091901047842	-0.82231404659098	0.410898184307808	0.512591573639786	asRNA_390
asRNA_391	1.7955105652252	-0.15	0.693494442698948	-0.214362294513868	0.830264542838649	0.876471415462944	asRNA_391
asRNA_392	19.7113144842194	0.22	0.236512313067262	0.950353967122003	0.341932425751418	0.438861988037077	asRNA_392
asRNA_393	47.1263102421625	1.85	0.219392073056334	8.41304454993472	3.99503144686317e-17	2.7269116163816e-16	asRNA_393
asRNA_394	17.0729516514955	2.14	0.395928455307472	5.41251700916624	6.21449495645674e-08	2.23078085887152e-07	asRNA_394
asRNA_395	5.7364507336073	-0.28	0.416940291383156	-0.663427170776315	0.507057009009167	0.604116524627724	asRNA_395
asRNA_396	4.16420286643343	1.05	0.507218552880904	2.07189049297575	0.0382756547813316	0.0654390226906637	asRNA_396
asRNA_397	2.13249829973578	1.73	0.757606959905512	2.27999162120749	0.0226081854210791	0.0406992508779066	asRNA_397
asRNA_398	17.4032049472312	-0.88	0.286936426927172	-3.0836804249156	0.00204457091887248	0.00438870374724028	asRNA_398
asRNA_399	0.915386239520527	-1.47	1.01479005985673	-1.44712248307914	0.147862622091922	0.218938738709649	asRNA_399
asRNA_400	8.6169866953951	0.46	0.340648340752703	1.36472346976341	0.172339980179719	0.249238331121754	asRNA_400
asRNA_401	6.30194827172202	-0.36	0.382653345778593	-0.946428012915503	0.343930323055262	0.441112058466606	asRNA_401
asRNA_402	1.99384425672516	0.11	0.666442686924753	0.171601123700619	0.863751123973927	0.902306971246966	asRNA_402
asRNA_403	5.44591566970529	1.05	0.392286218976968	2.67647028735803	0.00744021625428571	0.0146128280002429	asRNA_403
asRNA_404	10.8517747509688	0.83	0.308734397674989	2.68214348317683	0.00731520770678988	0.01437835153453	asRNA_404
asRNA_405	3.16543961748796	0.57	0.571369481255674	0.998328976487876	0.318119861062025	0.413452570958363	asRNA_405
asRNA_406	21.2054526295184	0.92	0.300129000402869	3.05437948822973	0.00225526602842621	0.00480376995652959	asRNA_406
asRNA_407	5.34328478563413	-0.83	0.463564909207125	-1.78071172135452	0.0749595573049339	0.119591554383726	asRNA_407
asRNA_408	28.4461992463036	-0.17	0.285218058109744	-0.610950932870782	0.541232064472474	0.637242848859456	asRNA_408
asRNA_409	19.2471696991917	-0.92	0.302792182364432	-3.02341856668063	0.00249936285117559	0.00529864924449225	asRNA_409
asRNA_410	6.38104043720161	0.44	0.357067066192987	1.24180247071749	0.214309450932933	0.300066535028084	asRNA_410
asRNA_411	2.44663810489472	-0.26	0.561768455194764	-0.463667775391361	0.642885788071665	0.725410263058948	asRNA_411
asRNA_412	26.7641016198905	2.01	0.246701929825147	8.16072498185193	3.33019640417856e-16	2.15090104671318e-15	asRNA_412
asRNA_413	5.7871697254073	1.28	0.414049100267245	3.08180210209127	0.00205751576325191	0.00441386119688088	asRNA_413
asRNA_414	5.37318036908254	-0.13	0.386669174980967	-0.33926401510946	0.734410848553856	0.801094642308746	asRNA_414
asRNA_415	5.88589624707446	-0.20	0.38596096315349	-0.517721941501822	0.604652287181485	0.694223269513243	asRNA_415
asRNA_416	1.42835597025704	-0.08	1.04440807230516	-0.07489989306817	0.940294361639037	0.960277948242304	asRNA_416
asRNA_417	7.37931423188599	0.29	0.439656683529559	0.668674038225491	0.503703432042467	0.60150668292944	asRNA_417
asRNA_418	3.5255781977048	0.39	0.800693271487338	0.487553983498138	0.625865796575946	0.710431600270774	asRNA_418
asRNA_419	5.307564393149	-0.30	0.413566207517405	-0.717082450782675	0.473323223466185	0.572627357291752	asRNA_419
asRNA_420	5.19376005820692	0.42	0.451225093654866	0.927788185677065	0.353517453587818	0.450775356974303	asRNA_420
asRNA_421	9.41270747810902	-0.42	0.323703993392373	-1.30652681157455	0.191373467378116	0.272397305067429	asRNA_421
asRNA_422	61.8784262381014	-0.80	0.241586794436418	-3.31789912261992	0.000906972340325629	0.00205064511576761	asRNA_422
asRNA_423	16.8308293372094	0.27	0.258819327466415	1.03965955855995	0.298498095716081	0.392479801882801	asRNA_423
asRNA_424	4.96810365685536	-0.22	0.410081871085194	-0.528951643994607	0.596838995001828	0.687222919484533	asRNA_424
asRNA_425	3.08038607589698	0.93	0.547665412383055	1.69089699559578	0.0908564772224558	0.142059324906608	asRNA_425
asRNA_426	2.15687083878819	1.02	0.6954581259302	1.46297145371627	0.143475190251758	0.213243271172773	asRNA_426
asRNA_427	1.10608059011252	0.54	1.17137377929422	0.462877572331353	0.643452124213544	0.725822051851522	asRNA_427
asRNA_428	10.6472444681257	0.20	0.360889011443509	0.558182417714542	0.576719825738122	0.6700510161058	asRNA_428
asRNA_429	3.27190648533991	0.10	0.559089425317625	0.17016946135819	0.864876867713634	0.902959510787931	asRNA_429
asRNA_430	11.159240131882	0.81	0.371661038851781	2.1816898495464	0.0291324305678687	0.0510667703144935	asRNA_430
asRNA_431	0.87651619056233	0.91	1.2435334665921	0.732036948001667	0.464146016429149	0.564556950121719	asRNA_431
asRNA_432	11.8219373927939	0.37	0.322554241377676	1.15210364505403	0.249278485475852	0.338507785099838	asRNA_432
asRNA_433	36.1099588708931	1.01	0.249287520187734	4.0555746800074	5.00111901348129e-05	0.000133018693170381	asRNA_433
asRNA_434	14.3979595926154	1.06	0.324915313988628	3.25918940243054	0.00111731048255545	0.00247954863246912	asRNA_434
asRNA_435	13.2986511595955	0.30	0.404995384874541	0.7508524265949	0.452741473781004	0.553111956442962	asRNA_435
asRNA_436	2.04163712562467	0.30	0.702030715604768	0.434353709877691	0.664031606812956	0.743682383764417	asRNA_436
asRNA_437	63.419985533431	0.49	0.170678838109537	2.84219194984445	0.00448045067994409	0.00910233610514007	asRNA_437
asRNA_438	9.10365145140871	0.19	0.340619778631667	0.552093241865103	0.580884471902919	0.673629520187459	asRNA_438
asRNA_439	5.43129430389338	-1.02	0.410425913713997	-2.48408383080532	0.0129885227528596	0.0243298523915311	asRNA_439
asRNA_440	3.49715091500792	-0.82	0.569349261022539	-1.43442473559677	0.151451093040556	0.22351750176829	asRNA_440
asRNA_441	1.10147816538739	0.29	1.019214009552	0.288591637397409	0.772893895734929	0.829514472968637	asRNA_441
asRNA_442	33.9189920307016	0.15	0.207248455216626	0.73671404422294	0.461296264367382	0.561849184447464	asRNA_442
asRNA_443	6.79525910441614	-2.14	0.393065495582447	-5.44937983608091	5.05457601730936e-08	1.82531983631092e-07	asRNA_443
asRNA_444	6.50163230402946	-0.59	0.37222980470132	-1.59348215364178	0.111052068754092	0.169517855057072	asRNA_444
asRNA_445	13.1018082198459	-0.21	0.338647949127539	-0.611953153066222	0.540568752892731	0.636856003703258	asRNA_445
asRNA_446	7.26920954327248	-0.25	0.358475866095689	-0.695908244478558	0.486486293838706	0.58560340781386	asRNA_446
asRNA_447	70.7451508267722	-0.38	0.233694175690131	-1.63962741776318	0.101082658733976	0.156285672276812	asRNA_447
asRNA_448	66.2865554527895	-0.62	0.23740050692071	-2.6142862500793	0.00894140890562689	0.0172880030557292	asRNA_448
asRNA_449	1.55529065440094	0.18	0.698721819845232	0.251566106253009	0.801376459481165	0.85221621716439	asRNA_449
asRNA_450	3.56249171591467	0.31	0.58069883291361	0.530032497720439	0.596089399162411	0.686993372844605	asRNA_450
asRNA_451	3.68143293187284	-0.18	0.556013736389615	-0.329603656838018	0.741699459125988	0.807040833184053	asRNA_451
asRNA_452	24.8053207231516	-0.51	0.208078219172178	-2.46100347552052	0.0138549023925887	0.0258957701111448	asRNA_452
asRNA_453	3.96337262537337	-1.56	0.531160981780066	-2.93045776847483	0.00338462996026255	0.00707552574059526	asRNA_453
asRNA_454	3.743769665821	-0.51	0.473325616566594	-1.08383868114886	0.278436331271207	0.370289497380602	asRNA_454
asRNA_455	35.8646790820917	0.76	0.293994275428352	2.56943327142806	0.0101865007852441	0.0194862785721973	asRNA_455
asRNA_456	2699.04806566029	1.17	0.349544041756682	3.34662916975857	0.000818005588021447	0.0018623450026717	asRNA_456
asRNA_457	3.59820481146861	-0.19	0.541324476211554	-0.348239852395859	0.727660060733954	0.795174911729888	asRNA_457
asRNA_458	1.44686966014313	-0.49	0.735401710957031	-0.666507480770162	0.505086783724472	0.602759194881787	asRNA_458
asRNA_459	1.18732929221099	3.22	1.09709160469887	2.93467504468792	0.00333897162566922	0.00698818451737042	asRNA_459
asRNA_460	4.11342100476743	1.32	0.522882669589406	2.51932522956481	0.0117579995493715	0.0222562134327389	asRNA_460
asRNA_461	8.53189099208693	0.57	0.347841747870207	1.63842583434277	0.101332893637635	0.156426305518451	asRNA_461
asRNA_462	1.48670387140982	0.25	0.700370269680493	0.35900528148642	0.719591138250103	0.789469242695091	asRNA_462
asRNA_463	7.41566933808325	-0.30	0.386092292474027	-0.785100851878613	0.43239444030731	0.534413430338664	asRNA_463
asRNA_464	14.1639915171912	0.48	0.297301023109035	1.59802780250842	0.110036789719019	0.168253114190642	asRNA_464
asRNA_465	3.53265628193149	-0.14	0.484649964787923	-0.296656300897951	0.766728922697752	0.825355745938679	asRNA_465
asRNA_466	5.66927189748913	-0.18	0.40765867664513	-0.441955372344052	0.658521500211599	0.738889005841409	asRNA_466
asRNA_467	51.1274705505981	1.14	0.261545319488437	4.37108266264672	1.23631972682259e-05	3.55318683849171e-05	asRNA_467
asRNA_468	4.85364189155342	1.18	0.509074278507688	2.32142598285047	0.0202638645715224	0.0370080735792542	asRNA_468
asRNA_469	11.6379409006897	0.44	0.271077399933252	1.61507688983962	0.106294044912052	0.16315321033349	asRNA_469
asRNA_470	5.31298584544801	0.68	0.544911517088842	1.23878661717229	0.215424531280797	0.301276682474192	asRNA_470
asRNA_471	5.91693285595674	1.10	0.433110944853627	2.53265921265952	0.011320094838383	0.0214837397564677	asRNA_471
asRNA_472	1.29200156923497	-0.73	0.949878742792397	-0.763615967129012	0.44509613121151	0.546550751920369	asRNA_472
asRNA_473	3.0370383268605	-0.21	0.578418196483734	-0.354579008722703	0.722905004254066	0.791784977508756	asRNA_473
asRNA_474	0.69529893975208	0.11	1.06704708642064	0.102132850343355	0.91865122653806	0.944060171212765	asRNA_474
asRNA_475	2.13682099315692	0.24	0.599185308179291	0.404979714842391	0.685492421804078	0.758990687613486	asRNA_475
asRNA_476	6.05363715991645	2.07	0.475673982174826	4.35880874705808	1.30772332411284e-05	3.74645060421516e-05	asRNA_476
asRNA_477	1.595594674462	1.05	0.623960175741898	1.6822626424615	0.0925179217659189	0.14440649200709	asRNA_477
asRNA_478	6.00577458529803	1.43	0.415797435311285	3.43227771556489	0.000598534308204048	0.00139447783215876	asRNA_478
asRNA_479	1.40355386718951	0.50	0.726265213037811	0.691741249019651	0.48909983781393	0.587767861114173	asRNA_479
asRNA_480	47.9001078567456	0.24	0.20339805483332	1.18046428433396	0.237815607428898	0.326689987781168	asRNA_480
asRNA_481	7.48384774912742	0.97	0.410646973770826	2.35866988127349	0.0183405630187536	0.0337069806831147	asRNA_481
asRNA_482	43.8913784488521	-1.41	0.25245876585444	-5.57559716325884	2.46682173112698e-08	9.11838514767346e-08	asRNA_482
asRNA_483	1.32406792233361	0.01	0.876634128745255	0.00667052373721574	0.994677731567478	0.996613440247204	asRNA_483
asRNA_484	18.6836694733482	0.12	0.29140896173233	0.403679189021437	0.686448645019642	0.75981600634238	asRNA_484
asRNA_485	9.90914804178299	1.16	0.515387536260182	2.24190527880348	0.0249674948064848	0.0445403065490857	asRNA_485
asRNA_486	3.04216154951397	0.04	0.618507508248402	0.0592213245718373	0.952775824897122	0.969179811721487	asRNA_486
asRNA_487	7.04756093666559	-1.45	0.420769400776995	-3.4476872133222	0.000565408407116084	0.00131977454614402	asRNA_487
asRNA_488	1.7969692596384	0.03	0.697494665343416	0.0451854613033655	0.963959482613445	0.97807150206612	asRNA_488
asRNA_489	9.05872096438924	1.67	0.644486260357251	2.59699682158245	0.0094042794301429	0.0180762789686587	asRNA_489
asRNA_490	3.58736356562995	0.28	0.48797957092501	0.582107639629745	0.560494179595891	0.655212787305739	asRNA_490
asRNA_491	1.81837322399599	1.36	0.771739657028671	1.75604392073175	0.0790809094202397	0.125554007731517	asRNA_491
asRNA_492	0.406031089520735	2.29	1.6853823480685	1.35651454343938	0.174935511219502	0.25198544461834	asRNA_492
asRNA_493	2.06779171005754	1.57	0.655005962386888	2.39934202611535	0.016424565160116	0.0303404063747094	asRNA_493
asRNA_494	6.9679800236603	2.73	0.464620853396038	5.88439387658474	3.99515384079647e-09	1.58369351201551e-08	asRNA_494
asRNA_495	20.6346175172087	0.46	0.365340035450384	1.27211666813429	0.203331669766368	0.286588712490415	asRNA_495
asRNA_496	2.51895569751876	0.31	0.572212012707705	0.54940297076498	0.58272893580669	0.674857032341681	asRNA_496
asRNA_497	26.7752213089096	0.31	0.228917596166205	1.3735599365795	0.169578341836351	0.246038785820535	asRNA_497
asRNA_498	15.2540824633822	0.88	0.315002819056535	2.7867334056743	0.00532422603877534	0.0106721416261103	asRNA_498
asRNA_499	9.54848727734484	-0.41	0.369761620153771	-1.11900873617591	0.263136412063584	0.353595685711095	asRNA_499
asRNA_500	20.8514476939386	1.26	0.303891709734761	4.1455652659708	3.38976427657003e-05	9.25876616693671e-05	asRNA_500
asRNA_501	0.860851745538826	0.07	1.21821728667415	0.0610361363901634	0.951330430014381	0.968256105555445	asRNA_501
asRNA_502	8.03766545733269	0.78	0.334627382074128	2.31831245253611	0.0204323461360265	0.0372060045817837	asRNA_502
asRNA_503	3.42407311385049	-0.22	0.528857060504905	-0.415877407651124	0.677499712185196	0.754312314709745	asRNA_503
asRNA_504	8.36592096928227	1.09	0.373592660399279	2.91081426707178	0.00360488236448466	0.00747525664073804	asRNA_504
asRNA_505	12.215371965032	-0.23	0.318066542241351	-0.736902544488818	0.461181616565954	0.561849184447464	asRNA_505
asRNA_506	36.4634531607493	-0.27	0.519920926917998	-0.527825650740867	0.59762035199683	0.687902826124744	asRNA_506
asRNA_507	2.18115014134522	0.86	0.742073371286478	1.16465640493953	0.244158102157441	0.333818588837412	asRNA_507
asRNA_508	19.815581471753	-1.49	0.365219874029479	-4.06972372751996	4.70689204383375e-05	0.00012556357458162	asRNA_508
asRNA_509	7.59198229346128	-0.60	0.421856765072108	-1.42980213435615	0.15277381634864	0.225192979190388	asRNA_509
asRNA_510	7.66968269213712	0.30	0.356370535635174	0.828342068458151	0.407476804673018	0.508675581586961	asRNA_510
asRNA_511	8.99087011204801	-0.75	0.323559861465425	-2.3213077945688	0.0202702378594472	0.0370080735792542	asRNA_511
asRNA_512	3.65272055373597	-0.69	0.477732212785045	-1.43920583122469	0.150092213744577	0.221875446405027	asRNA_512
asRNA_513	4.90046731421949	0.86	0.512495642654614	1.67610261206759	0.0937180952160514	0.146026811568806	asRNA_513
asRNA_514	7.702379183232	0.21	0.362327263589214	0.591775547109208	0.554000899761122	0.648674217913932	asRNA_514
asRNA_515	8.91635685092947	0.71	0.491541661450905	1.43798211459428	0.150439128930745	0.222297097444201	asRNA_515
asRNA_516	20.8971942163831	0.71	0.348563500068737	2.05095901927162	0.0402709377867756	0.0683638529361936	asRNA_516
asRNA_517	1.64013850557277	0.39	0.63520078817906	0.613496532490251	0.539548074841805	0.635883342619315	asRNA_517
asRNA_518	43.0319284046142	-0.12	0.206167345689135	-0.600665136957712	0.548063043976425	0.642766682353972	asRNA_518
asRNA_519	223.723385350135	1.60	0.186718571431612	8.59284070167098	8.48451282888276e-18	6.04311941408962e-17	asRNA_519
asRNA_520	2.77775233279026	1.03	0.589717622793554	1.74355656431204	0.081236442894658	0.128806044959238	asRNA_520
asRNA_521	1.9253464530694	0.40	0.602985156497045	0.663418925451132	0.507062288290473	0.604116524627724	asRNA_521
asRNA_522	3.97315530043134	0.54	0.4879492106982	1.09856499743171	0.271957852273857	0.363147869431264	asRNA_522
asRNA_523	6.16525739868847	1.23	0.426099304907234	2.89301666685615	0.00381561049202301	0.00786696808538384	asRNA_523
asRNA_524	2.66643498608306	-0.22	0.538735843729907	-0.408518726813288	0.682892884858176	0.757500632657169	asRNA_524
asRNA_525	10.3373499690308	0.15	0.332850766320618	0.446343119497995	0.655349413481875	0.736476235169529	asRNA_525
asRNA_526	22.9945709152208	-1.94	0.278287612472941	-6.98726621300484	2.80294090926236e-12	1.40302764402522e-11	asRNA_526
asRNA_527	23.6550074947745	-0.30	0.29918399165226	-0.994038433429336	0.320204156682987	0.415412448050931	asRNA_527
asRNA_528	3.71211761177452	0.52	0.524092691160744	0.995114183035362	0.319680733314866	0.414882737798624	asRNA_528
asRNA_529	19.5688445063281	0.79	0.223245120398181	3.53404478728377	0.000409251724069213	0.000972276343800555	asRNA_529
asRNA_530	40.8687863620802	1.95	0.642379803067724	3.03786758651216	0.00238258621996385	0.00506299571742318	asRNA_530
asRNA_531	3.2327508983656	-0.18	0.508564299596647	-0.344662598784	0.730348038929304	0.797386953135781	asRNA_531
asRNA_532	4.19351144674267	0.77	0.593735689710753	1.29378356853735	0.195740189900666	0.277625991500196	asRNA_532
asRNA_533	2.09289551819687	0.55	0.625490197579383	0.876283167470588	0.380876113452247	0.480797727804517	asRNA_533
asRNA_534	7.57296134454808	-1.14	0.389301906320952	-2.93022333752395	0.00338718462725228	0.00707676138934331	asRNA_534
asRNA_535	4.14879343134364	-0.52	0.52666346803658	-0.982647241374059	0.32578108514466	0.421585289357758	asRNA_535
asRNA_536	74.6187320553446	0.14	0.296667941024535	0.459725237826446	0.645713451914913	0.727917197591913	asRNA_536
asRNA_537	3.77882756615391	0.27	0.442403590885026	0.604407285491811	0.545572893219429	0.641097067871804	asRNA_537
asRNA_538	34.7858070505913	0.64	0.470185357633039	1.35829017122557	0.174371627815332	0.251374138658582	asRNA_538
asRNA_539	67.1704610559119	1.35	0.307883407792473	4.40075407755391	1.07875330402131e-05	3.1177441120231e-05	asRNA_539
asRNA_540	3.76030134633529	0.92	0.487785644758587	1.88743621332736	0.0591016782069932	0.0969073922920854	asRNA_540
asRNA_541	1.95671895242578	0.20	0.809282218611747	0.25228270543492	0.800822554954457	0.851878538387209	asRNA_541
asRNA_542	1.66443451953974	-0.91	0.7904764137729	-1.15627968399641	0.247566775485345	0.336945112858453	asRNA_542
asRNA_543	1.14890554226626	-0.51	0.877982574354445	-0.581642607691731	0.56080743705289	0.655366408281004	asRNA_543
asRNA_544	2.81159692010625	-1.39	0.690729460908548	-2.01093457197421	0.0443323680649885	0.0745561616921226	asRNA_544
asRNA_545	2.19230837681267	-0.28	0.644319078964058	-0.436978538774005	0.662126912289858	0.742010383051196	asRNA_545
asRNA_546	0.982607454105243	0.15	0.870894751726646	0.175687051751925	0.860539808282893	0.899473743924462	asRNA_546
asRNA_547	24.4325694600487	-0.20	0.234076422305657	-0.848619358489558	0.396093131527401	0.496183401468457	asRNA_547
asRNA_548	9.85423448562326	0.77	0.357269713996816	2.15313424900422	0.0313081292750303	0.0544042902156265	asRNA_548
asRNA_549	3.58944647867403	1.24	0.505846154964938	2.45144099552539	0.0142285512132919	0.026528555909314	asRNA_549
asRNA_550	0.811009326133384	-0.97	1.13547052921326	-0.850329515068049	0.395141911485066	0.495336156171192	asRNA_550
asRNA_551	4.15568884056782	-0.79	0.5091494122137	-1.5443675212934	0.122499323560452	0.185265447801875	asRNA_551
asRNA_552	1.38638318631783	1.68	0.835392482439147	2.0110784332531	0.0443171727893318	0.0745561616921226	asRNA_552
asRNA_553	9.03941543505649	-0.72	0.378691810039199	-1.89586000390615	0.0579785589089819	0.095195775083358	asRNA_553
asRNA_554	6.23239485826344	1.47	0.43661286805986	3.37236114096879	0.000745266560435462	0.00170861366654542	asRNA_554
asRNA_555	27.1313385159812	-0.25	0.226965943225945	-1.11285911191234	0.265768943106344	0.356336038301809	asRNA_555
asRNA_556	1.36707250949962	0.27	0.788815320407397	0.348382792186203	0.727552723912643	0.795174911729888	asRNA_556
asRNA_557	41.4061443507945	2.53	0.327269446650413	7.7417671785625	9.80444055519006e-15	5.75491917930048e-14	asRNA_557
asRNA_558	27.1856433074948	2.29	0.319229588561798	7.18282365801173	6.82861553711681e-13	3.53596701088635e-12	asRNA_558
asRNA_559	61.1913088574854	1.94	0.32147645608675	6.0330858274032	1.60857923472281e-09	6.57292467340249e-09	asRNA_559
asRNA_560	58.121864389106	0.45	0.196397610065896	2.30450996065495	0.0211940338601702	0.0383835668502781	asRNA_560
asRNA_561	6.23165155916273	-1.34	0.487804316564318	-2.75675300674175	0.00583784299639982	0.011630506445011	asRNA_561
asRNA_562	29.1194967432695	0.21	0.208838241124305	0.991128027424177	0.321623068851626	0.416953071993258	asRNA_562
asRNA_563	18.5379414616214	0.75	0.452174845508336	1.65688053075136	0.0975436313188834	0.151333296286378	asRNA_563
asRNA_564	5.42783995344073	-0.78	0.390861933265842	-1.98315303561168	0.047350338008433	0.079078136321776	asRNA_564
asRNA_565	14.2144714692985	1.28	0.323965083348685	3.95395025883481	7.68713970248269e-05	0.000200611524169063	asRNA_565
asRNA_566	3.87982055183417	-0.31	0.449097617483327	-0.685429989100305	0.493072625451955	0.590596090168719	asRNA_566
asRNA_567	7.27898728729155	1.43	0.490799946616558	2.90940966212666	0.00362112021230304	0.00750461026172522	asRNA_567
asRNA_568	3.79113701423794	0.92	0.679536701366638	1.36090665334402	0.173543190677192	0.250380167814491	asRNA_568
asRNA_569	7.95932451458543	0.50	0.409742256014497	1.2084293828688	0.226882143372771	0.314493555659795	asRNA_569
asRNA_570	8.25419237020808	-0.89	0.380744928367681	-2.3248221909451	0.0200814699078817	0.0367006174178528	asRNA_570
asRNA_571	10.0663533338087	-0.97	0.340126039376407	-2.84473593545795	0.00444482544509679	0.00904015288043388	asRNA_571
asRNA_572	2.36832148027769	-0.02	0.63599353676847	-0.0260571413022945	0.979211761730528	0.986523294649009	asRNA_572
asRNA_573	7.16158409806262	0.04	0.343241604059117	0.102974614239782	0.917983118729205	0.943911885848803	asRNA_573
asRNA_574	17.7580468655402	0.05	0.232712933030085	0.22214814918012	0.82419855651963	0.871855473348033	asRNA_574
asRNA_575	1.97120519627124	0.35	0.798263347667152	0.438827713091795	0.660786378100762	0.740968919313985	asRNA_575
asRNA_576	10.8644079445487	0.32	0.344433557595703	0.933550953727829	0.350535575115406	0.448148354989685	asRNA_576
asRNA_577	29.4665033029988	0.36	0.269149913508873	1.33128109844621	0.183096535221028	0.261545744326828	asRNA_577
asRNA_578	3.35971772656835	0.17	0.546557948315834	0.307585243332237	0.758397950299509	0.81907887709902	asRNA_578
asRNA_579	5.75141484886835	0.56	0.447780532669397	1.26126390750616	0.207213780288508	0.290809370778732	asRNA_579
asRNA_580	18.9272679603695	0.17	0.394347240543391	0.42249501630623	0.672663737599649	0.751016143218443	asRNA_580
asRNA_581	5.63093129195569	1.51	0.438602441809147	3.43226017145268	0.000598573031728525	0.00139447783215876	asRNA_581
asRNA_582	1.01798251513327	0.44	0.967060223200579	0.45028730712422	0.652503290040462	0.733964374939396	asRNA_582
asRNA_583	78.7741427011289	-0.58	0.199035525485204	-2.92405639088516	0.00345502149844268	0.00719762860138001	asRNA_583
asRNA_584	6.65478431412057	-0.12	0.386372249706043	-0.320902724785455	0.748284108976455	0.812049361262012	asRNA_584
asRNA_585	0.919595368827135	-0.20	0.954316485364105	-0.207552598497834	0.835578319193077	0.880302873855549	asRNA_585
asRNA_586	3.6681629030872	-0.59	0.498157162152408	-1.19344868913433	0.232693696102231	0.321313440901318	asRNA_586
asRNA_587	1.88637612350588	0.03	0.858128831632448	0.0391605622882383	0.96876237623628	0.981011408810214	asRNA_587
asRNA_588	16.8586614977832	0.52	0.562818858915305	0.927043075521002	0.353904169689376	0.451015073394805	asRNA_588
asRNA_589	14.5789773510047	-0.94	0.331791901812463	-2.82084921963572	0.00478967095119922	0.00969773826298988	asRNA_589
asRNA_590	6.4549694288344	-1.64	0.423224071268882	-3.86813043636216	0.000109672997497088	0.000279930228739027	asRNA_590
asRNA_591	7.75308330689509	-3.09	0.500074484786164	-6.17101376752364	6.78535129159215e-10	2.83693805741277e-09	asRNA_591
asRNA_592	12.2842694508561	0.25	0.317055521200282	0.798999454432541	0.424290728336204	0.526322256258555	asRNA_592
asRNA_593	5.5936695395541	-0.00	0.452964321318892	-0.00500032504323336	0.996010334474783	0.997671274443335	asRNA_593
asRNA_594	0.630286978907667	-2.13	1.10780461570261	-1.92079596526208	0.0547574353471559	0.0904840884874598	asRNA_594
asRNA_595	22.3837957640897	0.55	0.215955369940291	2.52604840986743	0.0115353584766555	0.0218577455046615	asRNA_595
asRNA_596	10.8672075002329	0.21	0.288292809066379	0.730271250793668	0.465224397663286	0.565677708899623	asRNA_596
asRNA_597	4.6478982005253	0.39	0.442200547959085	0.878849109970682	0.379483094530803	0.479207103254736	asRNA_597
asRNA_598	2.24261826448243	1.18	0.678532177213672	1.73574750144884	0.0826084904131357	0.130485489124694	asRNA_598
asRNA_599	7.5511127021724	0.13	0.625300134101088	0.209355185942625	0.834170973972567	0.879564713340296	asRNA_599
asRNA_600	7.59754083450513	0.54	0.418299284860486	1.28653070413146	0.198257910245214	0.280644740190005	asRNA_600
asRNA_601	27.9393446165589	0.32	0.293141500293022	1.09439137239182	0.273783366219542	0.365179589879804	asRNA_601
asRNA_602	15.7454095979463	-0.15	0.286247878835526	-0.53586897640491	0.592049106877613	0.683796792840443	asRNA_602
asRNA_603	2.58775203138363	0.37	0.68176538939497	0.535714501568583	0.592155879704501	0.683796792840443	asRNA_603
asRNA_604	0.493561576505909	1.18	1.5267849087109	0.774223857080944	0.438798422475652	0.540474885373291	asRNA_604
asRNA_605	0.738698777969614	-0.10	1.11234369305456	-0.0931354624951632	0.925795944865984	0.949803502941072	asRNA_605
asRNA_606	16.8258974064318	0.93	0.237977974770099	3.92766338231066	8.57751497525857e-05	0.000222078764158275	asRNA_606
asRNA_607	3.69422067902701	-0.19	0.502741252076504	-0.376941484071571	0.706217091571205	0.777162258938206	asRNA_607
asRNA_608	14.4066486131894	-0.48	0.442428008265647	-1.07732845775368	0.281333553104994	0.373315951911046	asRNA_608
asRNA_609	29.8996893154922	0.65	0.5209548867242	1.24218646828418	0.214167771111182	0.300066535028084	asRNA_609
asRNA_610	3.50994879703709	-0.40	0.541571790116233	-0.743570437472186	0.457136393503973	0.557536230858992	asRNA_610
asRNA_611	0.923111221269426	2.20	0.961177402635266	2.28427506487698	0.0223553703878296	0.0403045297037208	asRNA_611
asRNA_612	0.689643350091864	-0.82	1.14387750355888	-0.718379768138193	0.472523158062221	0.572428054338233	asRNA_612
asRNA_613	28.0293917782903	0.85	0.22590380418552	3.74866099083911	0.000177781202482098	0.000440181802457716	asRNA_613
asRNA_614	5.54683447386858	0.32	0.354910384085629	0.89671319012922	0.369871980437296	0.468383210645122	asRNA_614
asRNA_615	0.597181241517728	-0.30	1.10050931151749	-0.276555355987013	0.782121548781662	0.837522605263822	asRNA_615
asRNA_616	0.624116463392677	0.41	1.23321885996782	0.331160506830453	0.740523249670968	0.806785305868854	asRNA_616
asRNA_617	1.95136231149725	1.23	0.697753339502679	1.76592559621951	0.077408332309288	0.123115458800827	asRNA_617
asRNA_618	87.7364192667977	0.71	0.528028239691154	1.33849521994451	0.180735057517826	0.258685126010422	asRNA_618
asRNA_619	25.3963982182189	1.50	0.517110753395023	2.90362391869792	0.00368870961798361	0.00761840083851743	asRNA_619
asRNA_620	4.47490384634756	0.26	0.514467437905334	0.509752997360819	0.610224518730148	0.698396051287219	asRNA_620
asRNA_621	2.79075223372064	-1.24	0.842143429877438	-1.47819757548168	0.139354902677287	0.208137202341045	asRNA_621
asRNA_622	4.79456031031362	0.22	0.58086747772943	0.37780235418189	0.705577424735146	0.776695491370027	asRNA_622
asRNA_623	15.1357295768999	-0.59	0.288410768276476	-2.05118956628255	0.0402484895836771	0.0683579436661508	asRNA_623
asRNA_624	35.9574385650299	-0.32	0.397629009746295	-0.799557456192821	0.423967244956831	0.526322256258555	asRNA_624
asRNA_625	7.03226870767441	-0.17	0.462737520220761	-0.360850703301695	0.718211057072883	0.788960879906553	asRNA_625
asRNA_626	36.6549624948201	2.12	0.245850299990155	8.62838365815197	6.22250499901475e-18	4.48518160328983e-17	asRNA_626
asRNA_627	22.7020071845617	-0.15	0.215428226632337	-0.703531292065204	0.481724712771869	0.580841707872136	asRNA_627
asRNA_628	0.960027281177244	0.24	1.11312183321941	0.213489497489611	0.830945180092719	0.876676355109531	asRNA_628
asRNA_629	2.67963436218939	1.36	0.549155874345655	2.48424144969811	0.0129827747257222	0.0243298523915311	asRNA_629
asRNA_630	2.70154762434207	0.86	0.505495039712133	1.70261947680134	0.0886393027648331	0.139038017765808	asRNA_630
asRNA_631	1.24483573259105	0.67	0.889799214551767	0.757579062649359	0.448703018288101	0.549668823219006	asRNA_631
asRNA_632	2.71925128605997	-0.89	0.71914921241434	-1.2400950480499	0.214940240365055	0.30071608162875	asRNA_632
asRNA_633	14.1077859541265	1.57	0.370263223294332	4.24380057950227	2.19765667149116e-05	6.10667281731237e-05	asRNA_633
asRNA_634	188.437869173608	0.92	0.242822383425553	3.80291676695779	0.000143002411417	0.000359400760632404	asRNA_634
asRNA_635	1.74861436141271	-0.30	0.699606294734492	-0.423928092455731	0.671618255775828	0.750081250020478	asRNA_635
asRNA_636	0.992716438812509	1.59	0.853616017646067	1.85725596779654	0.063274745733593	0.102767996225268	asRNA_636
asRNA_637	2.16008715743508	-1.15	0.620582228574494	-1.85625923265773	0.0634166169092539	0.102952021324753	asRNA_637
asRNA_638	6.04038690811678	-0.24	0.361022972950633	-0.652554420666182	0.514043577925951	0.611423450443937	asRNA_638
asRNA_639	7.10477615416013	-1.10	0.381047962574818	-2.8830065615106	0.00393899235820954	0.00810744058194586	asRNA_639
asRNA_640	8.33334462600389	0.71	0.342218139711479	2.070095341661	0.0384434170403828	0.0656324372399525	asRNA_640
asRNA_641	10.8676405142152	1.96	0.366105632802868	5.34525575155756	9.02894753788138e-08	3.17466604161214e-07	asRNA_641
asRNA_642	3.43865272111895	-1.34	0.48330487920248	-2.76833042452907	0.00563442986205226	0.0112439010093224	asRNA_642
asRNA_643	1.91738231248093	-0.07	0.716583327926714	-0.104521906836761	0.916755184351535	0.943187463432182	asRNA_643
asRNA_644	3.13414083738474	0.33	0.471895661402031	0.691126183761097	0.48948624694017	0.587840197924816	asRNA_644
asRNA_645	2.88512685358018	-0.58	0.58538709175767	-0.982782778908857	0.32571435926602	0.421585289357758	asRNA_645
asRNA_646	0.818233185784389	-1.27	1.13882199367677	-1.11913212193273	0.263083777920518	0.353595685711095	asRNA_646
asRNA_647	2.38301880979597	-0.92	0.63096347334753	-1.46593521810782	0.142665936302472	0.212290683085924	asRNA_647
asRNA_648	10.4323781645457	-0.44	0.322614186704244	-1.35326761266273	0.175970151976215	0.253071200208411	asRNA_648
asRNA_649	4.15339715506207	-0.34	0.476636585538962	-0.718871579097031	0.472220049320181	0.572253213769312	asRNA_649
asRNA_650	0.508659313253898	-1.45	1.25329478795321	-1.15804346629972	0.246846298801433	0.336218465941181	asRNA_650
asRNA_651	9.57062775324142	0.59	0.308534539718157	1.89921045530336	0.0575368106141631	0.0945566189938184	asRNA_651
asRNA_652	1.18911306443644	0.48	0.996534343066771	0.477400276749834	0.633077117175589	0.71771309540762	asRNA_652
asRNA_653	0.316008372168608	-1.06	1.66426896627142	-0.635656922003781	0.525000059777752	0.621778210778977	asRNA_653
asRNA_654	7.20622738492344	-0.11	0.361315677958668	-0.30323341621388	0.761711984657982	0.821427286866357	asRNA_654
asRNA_655	3.55149758537665	-0.03	0.421902629916258	-0.0646644993419784	0.948441129059197	0.965910866796854	asRNA_655
asRNA_656	2.48275147483068	-0.64	0.659581601635142	-0.974172625719833	0.329970834122027	0.426089174552414	asRNA_656
asRNA_657	0.668405330631884	-1.64	1.13728698475673	-1.4449453063004	0.148473248977896	0.21957225659267	asRNA_657
asRNA_658	8.84784085144932	-0.39	0.338673268550656	-1.14085300126473	0.253931100282403	0.343660415102434	asRNA_658
asRNA_659	5.56937289345003	-1.08	0.406092988574381	-2.65268615650755	0.00798540809410998	0.0155985966239417	asRNA_659
asRNA_660	7.23131377063621	1.55	0.356058160152366	4.35125912141934	1.3535797102869e-05	3.86247131898178e-05	asRNA_660
asRNA_661	0.980528579529009	-0.73	0.843466098334788	-0.869369300495773	0.384645169017759	0.484706709489511	asRNA_661
asRNA_662	8.77181646687216	1.13	0.521240390198004	2.17658469028089	0.0295115684809508	0.051655994563063	asRNA_662
asRNA_663	21.9144361724853	0.84	0.252825093401786	3.32234081954644	0.000892655874251303	0.00202081141382016	asRNA_663
asRNA_664	5.55273011151379	1.29	0.368781646137412	3.49261034510697	0.000478323924620345	0.00112819334053123	asRNA_664
asRNA_665	14.9689576113602	-1.53	0.698846531034389	-2.19054822316882	0.0284845014880392	0.0500771431038504	asRNA_665
asRNA_666	9.34650505902506	1.60	0.456898059363768	3.50752885073085	0.000452289307278311	0.00107028933908801	asRNA_666
asRNA_667	7.09556484247825	0.23	0.365761561129657	0.636572137870227	0.524403578570484	0.621489805053608	asRNA_667
asRNA_668	0.754720342495792	-1.09	0.957082196757563	-1.13703306088993	0.255524465116244	0.345427671522484	asRNA_668
asRNA_669	23.730604784969	0.69	0.674523050522188	1.01640154365398	0.309438210849824	0.404209971693645	asRNA_669
asRNA_670	18.4842161858382	-1.43	0.318381257058947	-4.47745734500617	7.55373138933499e-06	2.21330470952547e-05	asRNA_670
asRNA_671	6.97921520439817	0.61	0.391096494815999	1.5529893692738	0.12042567434789	0.18266587977685	asRNA_671
asRNA_672	0.423625726777026	1.40	1.48073257661222	0.94787491604761	0.343193136144359	0.440323269015404	asRNA_672
asRNA_673	6.11818117325	-0.85	0.451420004050378	-1.87359027814451	0.0609869190375073	0.0996042031589496	asRNA_673
asRNA_674	3.74623426030194	-0.42	0.459231164529651	-0.909491455170338	0.36309076621946	0.460767296286948	asRNA_674
asRNA_675	10.7621237689621	1.47	0.332509225557586	4.42683942116771	9.56238635701457e-06	2.78150447382409e-05	asRNA_675
asRNA_676	2.18033989864197	-0.10	0.619980474508333	-0.161547419534068	0.871662266397275	0.907939539912075	asRNA_676
asRNA_677	5.22193448014867	0.22	0.431768349470753	0.497986602446188	0.618493485264193	0.705116826344727	asRNA_677
asRNA_678	15.619836930202	0.25	0.29097704580328	0.864996615758205	0.387040646279541	0.486874167257056	asRNA_678
asRNA_679	2.08006297067003	0.66	0.664494996499783	0.997750226112318	0.318400491427693	0.413668122244198	asRNA_679
asRNA_680	0.169854199202086	-0.70	2.58174805566391	-0.270307580618922	0.786923633874163	0.841564622101627	asRNA_680
asRNA_681	2.68834113910546	-0.34	0.549038654805527	-0.610204989065792	0.541726025280736	0.637407964450464	asRNA_681
asRNA_682	4.38565674406318	0.23	0.448107605759707	0.511775293010667	0.608808283871912	0.696996523212951	asRNA_682
asRNA_683	4.29886339135084	1.08	1.0136476307588	1.06180887206214	0.288322461287524	0.381981664669726	asRNA_683
asRNA_684	2.90430118502796	-0.63	0.548568248153464	-1.14548288069933	0.252009182988267	0.341700938859937	asRNA_684
asRNA_685	13.6664149801485	1.07	0.260669193324384	4.11081944563232	3.94257413988953e-05	0.000106594427608116	asRNA_685
asRNA_686	14.4364971194623	0.80	0.259925132126623	3.06735969614932	0.00215958815381998	0.00462457261222057	asRNA_686
asRNA_687	2.74043523164556	1.27	0.61799306091365	2.05519546263766	0.0398601292164181	0.0678262066553214	asRNA_687
asRNA_688	1.8231169021503	-0.52	0.911099894747738	-0.569720162136322	0.568867512874874	0.662557631547958	asRNA_688
asRNA_689	0.795524560345404	0.64	0.948246915671955	0.679924210666774	0.496552450874467	0.59395122235366	asRNA_689
asRNA_690	3.83092443389427	1.59	0.491725700503885	3.23670592198114	0.0012091795032001	0.00267190860179838	asRNA_690
asRNA_691	22.4781441923779	0.25	0.228203924094562	1.08549294342836	0.277703387388063	0.36982529623843	asRNA_691
asRNA_692	12.0655780035769	0.38	0.302227518527524	1.27158180595476	0.203521744536012	0.286744475100777	asRNA_692
asRNA_693	13.8350934312289	0.89	0.258817492007394	3.43043543802773	0.000602613358005711	0.00140207781940128	asRNA_693
asRNA_694	2.01488385931461	0.92	0.781604184297925	1.18177161697609	0.237296332714384	0.326418314161312	asRNA_694
asRNA_695	5.37786310853046	-1.40	0.40595623472094	-3.4481891113425	0.000564358746458953	0.00131817817384191	asRNA_695
asRNA_696	7.54853913620005	0.15	0.405531388109635	0.3752183587588	0.707498077671005	0.777859387408878	asRNA_696
asRNA_697	4.67113133647539	-0.91	0.499688070120446	-1.83000648113855	0.0672489697039926	0.108732744196137	asRNA_697
asRNA_698	0.752284136627605	-1.49	1.20193855008371	-1.24365127029298	0.213627937803194	0.299461333272155	asRNA_698
asRNA_699	0.975411247140655	-0.40	0.894224906041063	-0.44277956207308	0.657925187690647	0.738449821375613	asRNA_699
asRNA_700	16.978834557337	-0.09	0.298654103483859	-0.293140212092566	0.769414981320605	0.827752714232674	asRNA_700
asRNA_701	1.61339900850112	-1.62	0.802027096034817	-2.0154644732353	0.0438560048974669	0.0739621158869775	asRNA_701
asRNA_702	0.826355866130737	-1.43	1.06210861156646	-1.34600405268815	0.17830120959014	0.255913006516474	asRNA_702
asRNA_703	7.12870054935657	0.00	0.34911043071002	0.0134969698301873	0.989231303108209	0.992536084744428	asRNA_703
asRNA_704	14.4741533740702	-0.22	0.336541544187711	-0.655755331784378	0.51198156099644	0.609203449162731	asRNA_704
asRNA_705	10.7134764693556	-2.29	0.368865403592262	-6.21007486498884	5.29593648113608e-10	2.2454770680017e-09	asRNA_705
asRNA_706	5.31241878830609	-0.94	0.436274280340268	-2.1544436677103	0.0312053951797797	0.054278110148613	asRNA_706
asRNA_707	6.38435861339471	0.73	0.399949604344222	1.83096819125237	0.0671052909600851	0.10854913313292	asRNA_707
asRNA_708	3.05150542265262	0.50	0.49319812585358	1.0096159827786	0.312679309216143	0.407704859050282	asRNA_708
asRNA_709	15.370913126173	-0.51	0.270087838448207	-1.8835890695937	0.059620581497217	0.0977137679472351	asRNA_709
asRNA_710	1.66850502453391	-0.18	0.688581320615915	-0.263207509622924	0.792390642981904	0.846406602639828	asRNA_710
asRNA_711	6.4664804828724	1.02	0.410740155607078	2.47622429348562	0.0132780133561591	0.0248592000704402	asRNA_711
asRNA_712	0.786768266726603	-1.83	1.09807048546467	-1.66624651946315	0.0956643239001398	0.148609579024183	asRNA_712
asRNA_713	2.49132243185888	-0.54	0.584985292967437	-0.916419041126465	0.359447152105679	0.456957147681194	asRNA_713
asRNA_714	13.5469462925199	0.26	0.279779733476212	0.922715004027963	0.356155744698807	0.45340349837319	asRNA_714
asRNA_715	10.3883614800211	-0.69	0.410602548631609	-1.68681554585951	0.0916388252684941	0.143096328538844	asRNA_715
asRNA_716	4.74797068470604	-0.59	0.53802880712308	-1.10200587117467	0.270459119150265	0.36154846640117	asRNA_716
asRNA_717	61.8657565818225	1.23	0.301261388828235	4.07070581512106	4.6870909767813e-05	0.00012512796948385	asRNA_717
asRNA_718	0.726506943920153	-0.23	1.16350049463701	-0.197630912453925	0.843333847161239	0.886632201041163	asRNA_718
asRNA_719	5.70209140389178	0.93	0.488102469240733	1.90327499439531	0.0570046719358731	0.0938104281538295	asRNA_719
asRNA_720	2.07278439942972	-1.51	0.700101165071209	-2.16011182787609	0.0307640136023015	0.0535879676281753	asRNA_720
asRNA_721	2.51801793220095	-0.87	0.662431649014583	-1.30915077137127	0.190483283961568	0.271344567350787	asRNA_721
asRNA_722	5.58599148402214	-1.13	0.56752772298278	-1.9848967528905	0.0471559597377579	0.0788415919106949	asRNA_722
asRNA_723	10.9351843354989	-1.34	0.339365749110427	-3.95360237675311	7.69833024382187e-05	0.000200758192465514	asRNA_723
asRNA_724	10.7569894167011	0.20	0.307946266092962	0.637186129037342	0.524003611721976	0.621334596900549	asRNA_724
asRNA_725	7.2568218838291	0.30	0.327996472672858	0.926723271333636	0.354070231709233	0.451067202219892	asRNA_725
asRNA_726	1.42353508529862	-0.12	0.958130882242922	-0.128349044921096	0.897872753796487	0.927733200883755	asRNA_726
asRNA_727	1.10771831208379	-0.69	0.911569276270269	-0.759831950632913	0.447355041926913	0.548441772114797	asRNA_727
asRNA_728	1.18922525087404	1.03	0.951308410877968	1.08459360060956	0.278101690577398	0.370117611831958	asRNA_728
asRNA_729	3.43217650591651	0.60	0.542932976901477	1.10251799090837	0.27023654141335	0.361384970409542	asRNA_729
asRNA_730	2.61186795048453	0.48	0.651020085250285	0.743665046613539	0.457079140559264	0.557536230858992	asRNA_730
asRNA_731	32.4178807743694	0.59	0.28373258641544	2.07509200017649	0.0379780090197984	0.0651154826390834	asRNA_731
asRNA_732	7.1224111634381	0.44	0.340626489886682	1.27984387773289	0.200600048794245	0.283403596963724	asRNA_732
asRNA_733	1.11579992944318	0.26	0.90009612402484	0.290354026021276	0.771545411287613	0.829230575848162	asRNA_733
asRNA_734	2.67191534438603	-1.19	0.659486938306167	-1.80751115862073	0.0706826164379021	0.113723281090267	asRNA_734
asRNA_735	18.9876155886504	1.00	0.271199695429209	3.68293824432494	0.000230561029033171	0.000564498606410019	asRNA_735
asRNA_736	1.22010356020426	0.03	0.891005790130497	0.0320909852708117	0.974399492421018	0.985335513660311	asRNA_736
asRNA_737	3.19095918815516	-2.41	0.604115471878434	-3.99338031924546	6.51379634833312e-05	0.000172109399115781	asRNA_737
asRNA_738	2.41751689150659	-0.13	0.63122687110772	-0.208763601936726	0.834632786679877	0.879794256564574	asRNA_738
asRNA_739	6.94907924394344	-0.44	0.36499817121411	-1.20170873673943	0.229476394985159	0.317479050873901	asRNA_739
asRNA_740	22.1304978126335	0.90	0.318911352385585	2.83560653297251	0.00457387576357011	0.00927644808773588	asRNA_740
asRNA_741	19.6012002830438	0.19	0.256554842720628	0.741772729375473	0.458225045925167	0.558674920674662	asRNA_741
asRNA_742	5.52439788527065	-1.26	0.416880619864992	-3.02234470184232	0.00250824747186234	0.00531435854708516	asRNA_742
asRNA_743	7.04884709121084	0.07	0.352449600753518	0.189104213413616	0.850011139242482	0.89197198241266	asRNA_743
asRNA_744	4.60656211439415	0.53	0.448056094332849	1.18935130242584	0.234301455205452	0.323162053027343	asRNA_744
asRNA_745	1.89890939409569	1.55	0.691876209896082	2.24176319174333	0.0249766813362104	0.0445403065490857	asRNA_745
asRNA_746	56.7223712860393	0.49	0.246516987162042	1.98803105562169	0.0468082554238811	0.0783543671842395	asRNA_746
asRNA_747	7.82745981355166	1.37	0.402550068538916	3.41039599237644	0.00064868620261008	0.00150055524660252	asRNA_747
asRNA_748	22.5872657992283	1.50	0.224745020792951	6.69630340936941	2.13757680234455e-11	9.8767010200638e-11	asRNA_748
asRNA_749	9.30777840460589	1.55	0.300714426477149	5.16392687137298	2.41822202813676e-07	8.11477857486488e-07	asRNA_749
asRNA_750	30.2718406573201	0.49	0.215799848411992	2.24832949864025	0.0245551870603582	0.0438320426773308	asRNA_750
asRNA_751	3.19508695859604	-0.45	0.556680134319445	-0.81410439725796	0.415585147023529	0.517542802305735	asRNA_751
asRNA_752	4.49600694242482	0.20	0.483375066677121	0.417259772511975	0.676488409197505	0.753652002085876	asRNA_752
asRNA_753	2.4356728763741	-1.12	0.587378778996716	-1.91164493440851	0.0559217517061984	0.0922632341954705	asRNA_753
asRNA_754	2.30562435821167	0.66	0.585075232863618	1.11951643275239	0.262919884411547	0.353568381872842	asRNA_754
asRNA_755	6.11052003384105	0.78	0.382538110364298	2.03307475087396	0.0420449714807906	0.0710408238240831	asRNA_755
asRNA_756	14.1686486903299	0.43	0.311703186317484	1.37633041883375	0.168719359383527	0.244989754721286	asRNA_756
asRNA_757	2.51910855942169	-0.20	0.620893392687542	-0.32276168386759	0.746875733026198	0.811194765897297	asRNA_757
asRNA_758	10.3492960983913	0.82	0.362437217367671	2.26335116984417	0.0236140502967272	0.0423829866879506	asRNA_758
asRNA_759	9.75632628706887	0.51	0.333237769345151	1.52131871174288	0.128179876814512	0.193294971323089	asRNA_759
asRNA_760	4.26371821197244	0.47	0.55790261246447	0.833846142926176	0.404367689482564	0.505144247104042	asRNA_760
asRNA_761	11.0012548564557	-1.37	0.328524131472856	-4.16487079731259	3.11528935410516e-05	8.53802496744867e-05	asRNA_761
asRNA_762	4.14591005433391	2.13	0.564566187552227	3.76738022821867	0.000164969643694519	0.000412023974965383	asRNA_762
asRNA_763	0.61301557218335	-1.81	1.29395704425817	-1.40064286280841	0.16132089664626	0.235480158571535	asRNA_763
asRNA_764	1.98867527876831	-1.31	0.899251438874827	-1.45859815075122	0.144675742889939	0.214749331703187	asRNA_764
asRNA_765	81.6086813476348	0.76	0.124718089683648	6.11726778413964	9.51933291755512e-10	3.94341101550214e-09	asRNA_765
asRNA_766	16.5218305564465	0.88	0.269294843882311	3.26496520569992	0.00109477523819712	0.00243253388314576	asRNA_766
asRNA_767	5.31542961628514	1.33	0.403182117362487	3.29080435797465	0.000999013660399886	0.00223908285577188	asRNA_767
asRNA_768	4.66847005355848	0.34	0.472742801234492	0.717399977751023	0.473127333340266	0.572627357291752	asRNA_768
asRNA_769	4.60000162109655	0.48	0.446055018235947	1.08532116931572	0.277779433106945	0.36982529623843	asRNA_769
asRNA_770	18.3568595190239	0.71	0.276357861638119	2.58394909626528	0.0097676209329659	0.0187247371502176	asRNA_770
asRNA_771	1.73795047079336	0.35	0.680095883225041	0.513970933845923	0.607272312432711	0.695901244517485	asRNA_771
asRNA_772	0.242604990601435	0.44	1.79309523028701	0.246368599541968	0.805396911151357	0.855986572630343	asRNA_772
asRNA_773	25.7246978047543	1.33	0.288752857032268	4.59716922639421	4.28269767090725e-06	1.29595654122164e-05	asRNA_773
asRNA_774	16.3577927316692	0.74	0.283280823531424	2.60650270207817	0.00914721022167502	0.0176295438671319	asRNA_774
asRNA_775	14.9118339013569	0.27	0.257608115274397	1.06165125264631	0.288394037060578	0.381981664669726	asRNA_775
asRNA_776	53.5888902572339	1.34	0.294819186881587	4.54289812196089	5.54860711056806e-06	1.65402647034634e-05	asRNA_776
asRNA_777	0						asRNA_777
asRNA_778	31.3793230208349	0.08	0.261978808022062	0.314341568316748	0.753261630091286	0.814996972335333	asRNA_778
asRNA_779	14.4126029492279	1.36	0.44105326550964	3.08755521348131	0.00201810278030306	0.00433705570674552	asRNA_779
asRNA_780	14.3450913869191	2.53	0.374865942621398	6.76193278048383	1.36162880163221e-11	6.4569871066875e-11	asRNA_780
asRNA_781	34.9037662656086	1.04	0.201133613645468	5.16281822650421	2.43259336896808e-07	8.15541069931251e-07	asRNA_781
asRNA_782	14.6197554429088	-0.62	0.27618564358051	-2.26167040850294	0.0237177743195849	0.0425267953471563	asRNA_782
asRNA_783	1.88864838171256	-0.93	0.627501758782082	-1.48381466145555	0.137858096423303	0.20656859498119	asRNA_783
asRNA_784	5.05196585432685	0.89	0.425281139687619	2.08447765153567	0.0371167410014422	0.0638209611494264	asRNA_784
asRNA_785	3.29871043025094	-0.35	0.547323091256571	-0.644470336004562	0.519270487445379	0.6166892700349	asRNA_785
asRNA_786	48.7831511394819	1.70	0.179897622798115	9.4258542722738	4.26618471628019e-21	3.59236675641911e-20	asRNA_786
asRNA_787	4.89426900569976	1.01	0.439565616086706	2.30360136243357	0.021245031305791	0.0384566011180667	asRNA_787
asRNA_788	2.59078859417179	0.43	0.567831935524695	0.759761757292981	0.447397006109185	0.548441772114797	asRNA_788
asRNA_789	0.75183946973873	-1.12	1.09567924902064	-1.02360292543612	0.306022862897581	0.400619832140531	asRNA_789
asRNA_790	24.5441594183771	0.45	0.236355680157883	1.8999876809071	0.0574347363055596	0.094431929582681	asRNA_790
asRNA_791	10.9504015251746	0.79	0.379002901571869	2.0927761271018	0.03636914385103	0.0625653434076908	asRNA_791
asRNA_792	68.0281036995187	1.91	0.197843832784073	9.66385447331604	4.29396801975323e-22	3.74708492571202e-21	asRNA_792
asRNA_793	27.722216175769	1.74	0.321508579253602	5.41570559889518	6.10474775998991e-08	2.1935703815557e-07	asRNA_793
asRNA_794	2.97845474489029	1.12	0.657697922982572	1.70978017705846	0.0873065299660202	0.137163353965796	asRNA_794
asRNA_795	7.32034391048737	0.42	0.41408603635337	1.02008385183296	0.30768869454846	0.402362139024909	asRNA_795
asRNA_796	29.7232385576491	0.54	0.268452477793971	2.01287009682483	0.0441282971755303	0.0743865215250754	asRNA_796
asRNA_797	1.64625142835728	0.45	0.792686090748444	0.56828482695196	0.569841580127158	0.663342717951641	asRNA_797
asRNA_798	2.08560232724967	1.49	0.804125612477708	1.85061852853978	0.0642244522197181	0.104122773639165	asRNA_798
asRNA_799	3.92650340650644	0.18	0.476912963936192	0.367447933746974	0.713284922379298	0.783982574033238	asRNA_799
asRNA_800	6.71163960931442	0.21	0.646083580010381	0.32362554920785	0.746221542611469	0.811032098785203	asRNA_800
asRNA_801	70.6896473129811	-0.47	0.207531705556465	-2.28199538667045	0.0224896126245236	0.040506028934924	asRNA_801
asRNA_802	1.12622752939629	-0.85	0.738767531675143	-1.15281171878924	0.248987673323564	0.338367863747408	asRNA_802
asRNA_803	11.1533671488798	1.08	0.326161469172411	3.29854814745371	0.000971862116536231	0.00218229973083899	asRNA_803
asRNA_804	5.93598463121056	0.09	0.402665476578191	0.231742162737026	0.816738281541239	0.866252138515193	asRNA_804
asRNA_805	0.850221711955963	0.88	0.978244161525927	0.895234777891897	0.370661597358231	0.469218263743963	asRNA_805
asRNA_806	6.87068388926481	1.32	0.40797374244748	3.24006188469902	0.00119503760485359	0.00264390149041886	asRNA_806
asRNA_807	1.05384122103144	1.48	0.833601067551249	1.78070649816633	0.0749604110301988	0.119591554383726	asRNA_807
asRNA_808	3.04309565174109	0.34	0.487041870556861	0.694408884916269	0.487425823341823	0.586342679347106	asRNA_808
asRNA_809	9.32455164184349	-0.54	0.378931775537671	-1.42861334583993	0.153115396153364	0.22560420594306	asRNA_809
asRNA_810	4.42961795821368	0.64	0.503765539191017	1.27047022320396	0.203917183043416	0.287077159253309	asRNA_810
asRNA_811	0.616410199662059	0.70	1.20186854755352	0.584369937540346	0.55897144798302	0.653644743196237	asRNA_811
asRNA_812	1.01543883931013	-0.44	0.929704284871828	-0.472199445635552	0.636784435393021	0.720900315520575	asRNA_812
asRNA_813	1.59368889155883	2.45	0.98666375783188	2.48676393816289	0.0128910905885102	0.0242228834624562	asRNA_813
asRNA_814	288.176115690299	3.00	0.214447150207043	13.9661875242936	2.50691736393146e-44	6.45352155686357e-43	asRNA_814
asRNA_815	1.14327821004474	-2.39	0.953268792691726	-2.50914943966425	0.0121022273183467	0.0228717500027905	asRNA_815
asRNA_816	3.47791239950153	1.36	0.506368246745189	2.6912751021727	0.00711794721949164	0.0140334145399605	asRNA_816
asRNA_817	24.7280012946158	1.53	0.236003538180939	6.46486010503945	1.01392566207729e-10	4.48366636334547e-10	asRNA_817
asRNA_818	2.49539249939801	0.56	0.561422207243516	0.999971628793139	0.317324238060642	0.412567299412177	asRNA_818
asRNA_819	6.71412213634557	1.07	0.405566064309129	2.64959833461813	0.00805875165175794	0.0157248191407339	asRNA_819
asRNA_820	17.7965637345982	0.73	0.26124009076661	2.77784189950261	0.00547212366203286	0.0109503240854894	asRNA_820
asRNA_821	6.7290224909713	0.49	0.351842831840249	1.39550619131285	0.162863249081091	0.237318439043207	asRNA_821
asRNA_822	2.53927997020227	0.17	0.608026846322961	0.277215388966275	0.781614723831409	0.837377962154696	asRNA_822
asRNA_823	3.29068050236751	1.29	0.591404748250559	2.18675487969425	0.0287604229329891	0.0505375739885386	asRNA_823
asRNA_824	15.5050836592932	0.40	0.267410917971038	1.4864400528993	0.137162762187063	0.20563003116563	asRNA_824
asRNA_825	3.09055345478887	0.66	0.501020402310424	1.32517118118242	0.185114381469036	0.264218705273033	asRNA_825
asRNA_826	12.2081146507661	0.11	0.264490338641833	0.406316087784747	0.684510366191328	0.758136250692547	asRNA_826
asRNA_827	9.64543799696753	0.87	0.356847682487541	2.42682653209502	0.0152315367019355	0.028281534401739	asRNA_827
asRNA_828	20.6050393855626	-1.15	0.260680447663836	-4.41878963819224	9.92551976028854e-06	2.87784177120514e-05	asRNA_828
asRNA_829	8.48701322053016	0.67	0.35445967219001	1.88275942290138	0.0597329783613374	0.0977841167311294	asRNA_829
asRNA_830	4.34131334785972	0.14	0.573845639666408	0.244461069055802	0.806873749793772	0.857292685705056	asRNA_830
asRNA_831	3.33627891463963	0.35	0.505715830499798	0.695041284041814	0.487029429649546	0.586061457247734	asRNA_831
asRNA_832	6.73199720578438	0.16	0.401450886419249	0.38731025513374	0.698526534376097	0.770717395013739	asRNA_832
asRNA_833	4.3103563303649	1.38	0.416575363069056	3.30549201644317	0.000948098050193713	0.00213559085806134	asRNA_833
asRNA_834	12.3208746107725	0.57	0.277722667276943	2.06767435105952	0.0386706553456025	0.0658955280688187	asRNA_834
asRNA_835	10.4936449542374	0.13	0.314437206670439	0.407321870441212	0.683771601798384	0.758016872618079	asRNA_835
asRNA_836	5.04630706173436	0.72	0.444940386246206	1.61176337353266	0.107013441186793	0.164117634909448	asRNA_836
asRNA_837	8.96162473251629	0.06	0.490439978368613	0.130718570338867	0.895997941392694	0.927125059081042	asRNA_837
asRNA_838	12.8325195531265	-0.82	0.299201400642903	-2.74807548283426	0.00599462066747834	0.0119099299259052	asRNA_838
asRNA_839	9.30477303327603	0.90	0.339988050530721	2.65395058127795	0.00795554771652674	0.0155486952116933	asRNA_839
asRNA_840	9.57707658010196	1.14	0.308353325338274	3.7029485515743	0.000213108112107004	0.000522832972112758	asRNA_840
asRNA_841	4.62963911306376	0.74	0.498385190595914	1.48219770447924	0.138287697204133	0.206972118240737	asRNA_841
asRNA_842	4.47022124689621	0.84	0.441695161029315	1.90789862814997	0.0564043196383712	0.0929497795961087	asRNA_842
asRNA_843	4.51598926112728	0.10	0.480626584155894	0.21730734738544	0.827968831521111	0.874304034222703	asRNA_843
asRNA_844	10.8076203538516	-0.89	0.356352543823068	-2.49735556574996	0.0125123425356632	0.023572651593586	asRNA_844
asRNA_845	3.40362550010541	1.48	0.536942187267643	2.75163956883809	0.00592977456335874	0.0118006115551325	asRNA_845
asRNA_846	5.01436864954588	1.47	0.560533507753997	2.62521193666132	0.0086595047849325	0.0168267158227103	asRNA_846
asRNA_847	21.1251519752537	0.87	0.269269147685129	3.24330189851418	0.00118152943149875	0.0026172293000132	asRNA_847
asRNA_848	23.3662267066973	1.18	0.270732078868688	4.36416636570841	1.27608439141265e-05	3.66163069000891e-05	asRNA_848
asRNA_849	32.7386520446152	1.08	0.468721081085271	2.31443446911427	0.020643901966761	0.0375192247545168	asRNA_849
asRNA_850	0.525653716406139	0.80	1.26453991612477	0.632594321872086	0.526998596018331	0.623744807898215	asRNA_850
asRNA_851	1.27334169667286	2.93	1.04224024037436	2.80694027415093	0.00500145138737198	0.0100812252796916	asRNA_851
asRNA_852	6.31992685327195	1.09	0.417217156636903	2.6225565402316	0.00872727856292242	0.0169137089786608	asRNA_852
asRNA_853	3.92466006610898	0.69	0.481594105781616	1.4224319093961	0.154900905260026	0.22795543591553	asRNA_853
asRNA_854	4.38090794780502	-0.66	0.458753366021938	-1.42781603070955	0.153344817458422	0.225849906873785	asRNA_854
asRNA_855	201.063236147469	1.85	0.176471987388631	10.4718803731493	1.16309333593955e-25	1.24017407772962e-24	asRNA_855
asRNA_856	16.5651688456909	0.24	0.293405172887701	0.801653671007483	0.422753322038687	0.525199232205249	asRNA_856
asRNA_857	24.9886294736682	1.64	0.318864227255191	5.14709756521068	2.64547749818877e-07	8.828056392104e-07	asRNA_857
asRNA_858	4.19042148019224	1.49	0.501240691187618	2.974149497071	0.00293801896168008	0.00617772481790841	asRNA_858
asRNA_859	8.81808811532537	0.63	0.349269902489834	1.80676827666255	0.0707984169375773	0.113858766016523	asRNA_859
asRNA_860	5.29165129058886	-0.18	0.503531445877258	-0.359930727795076	0.718898937434073	0.789190304755528	asRNA_860
asRNA_861	27.2739268614407	-0.24	0.227113157667963	-1.04997942338556	0.29372757324634	0.387479565878407	asRNA_861
asRNA_862	14.0782559050186	0.81	0.390315173517106	2.07073674289005	0.0383834045560313	0.0655610379241407	asRNA_862
asRNA_863	4.19338206803114	-0.38	0.440039409113601	-0.856813463642659	0.391547983678651	0.491514779929592	asRNA_863
asRNA_864	1.1547495257115	0.74	0.919547917645652	0.802692408980903	0.422152541560767	0.524633710270691	asRNA_864
asRNA_865	23.3570701336272	0.92	0.322945610445123	2.85400979773689	0.00431711998669238	0.00881076964359829	asRNA_865
asRNA_866	1.1293393852517	1.41	0.924977085467515	1.52730153910597	0.126686046949378	0.191276293760183	asRNA_866
asRNA_867	0.896758264357445	2.64	1.07246629269335	2.46086071503751	0.0138604163552714	0.0258957701111448	asRNA_867
asRNA_868	16.067339023671	1.54	0.443063345303497	3.47960520476895	0.000502153167110939	0.0011797653287274	asRNA_868
asRNA_869	1.66905392074117	1.76	0.860938628564775	2.04957842775744	0.0404055873132108	0.0684634399044719	asRNA_869
asRNA_870	37.051812900805	1.37	0.220026105009851	6.20466767951812	5.48126035332638e-10	2.3213234210797e-09	asRNA_870
asRNA_871	12.2414521113066	1.01	0.351377024081512	2.86888144367248	0.00411926169316308	0.00844952711562876	asRNA_871
asRNA_872	456.532835054083	2.16	0.243182001926716	8.88116521485585	6.61635984414977e-19	5.00952959628483e-18	asRNA_872
asRNA_873	4.58518100724636	-0.56	0.463667539131807	-1.20609856669519	0.227779487447911	0.315494724351372	asRNA_873
asRNA_874	3.20065665164764	0.24	0.680524776146666	0.348503659836339	0.72746196574666	0.795174911729888	asRNA_874
asRNA_875	2.50703114305437	-0.43	0.566316136924341	-0.764055774206382	0.444834006026357	0.546415050347304	asRNA_875
asRNA_876	0.760075959847648	-1.56	1.10439573343115	-1.40960666452851	0.15865585803756	0.2322484615627	asRNA_876
asRNA_877	6.57489376502525	0.11	0.365595096741272	0.311505857723282	0.755416090444494	0.816837560744661	asRNA_877
asRNA_878	0.853434799060441	0.26	0.899638147868016	0.289705074696288	0.772041873699831	0.829271001879633	asRNA_878
asRNA_879	2.15440346568966	0.01	0.621991668635784	0.018799354848926	0.985001168488721	0.989117918983937	asRNA_879
asRNA_880	4.3340545134059	0.57	0.407373476992316	1.41146384926114	0.158107887802672	0.231634482780825	asRNA_880
asRNA_881	6.94991521673326	-0.19	0.379638211728873	-0.49098719506582	0.623435504224757	0.708879957521355	asRNA_881
asRNA_882	9.07970158455655	0.72	0.312541969790603	2.31816066797427	0.0204405907524783	0.0372060045817837	asRNA_882
asRNA_883	1.97839449126989	0.68	0.618440955138404	1.09377750143255	0.274052573869543	0.365403431826057	asRNA_883
asRNA_884	10.1769627389633	-0.01	0.348837618928827	-0.0294704207623917	0.976489409502883	0.985751739325694	asRNA_884
asRNA_885	2.91601940031424	-0.95	0.527111955245669	-1.79310598975092	0.0729559780773057	0.116859264440271	asRNA_885
asRNA_886	6.39552906762713	-0.42	0.404830128392833	-1.04006384814941	0.298310238179084	0.392375948320226	asRNA_886
asRNA_887	1.24408726408226	-1.79	0.87814217889347	-2.03371562954372	0.0419802753849308	0.0709647807163652	asRNA_887
asRNA_888	2.01633129066637	0.12	0.617313278541499	0.194813745919701	0.845538760779842	0.88869107432212	asRNA_888
asRNA_889	6.62157998139913	-1.09	0.43536840677135	-2.50951951464372	0.0120895535477457	0.0228597854071749	asRNA_889
asRNA_890	8.18490541052503	0.70	0.397336303177304	1.75937682642368	0.0785135253094416	0.124763115174263	asRNA_890
asRNA_891	3.01020478986329	-0.10	0.5640595980507	-0.180340691896369	0.856885111813539	0.89734262452692	asRNA_891
asRNA_892	1.8207097279659	0.48	0.758749629050522	0.631833106658383	0.527495937892049	0.624128483310225	asRNA_892
asRNA_893	19.1787165553017	0.99	0.232950290880333	4.2624559328891	2.02192379914151e-05	5.6532299240543e-05	asRNA_893
asRNA_894	65.245671753073	0.89	0.198623993787355	4.50405312946052	6.66695270816637e-06	1.96948340657636e-05	asRNA_894
asRNA_895	2.3945884846651	1.00	0.68239357849854	1.46949315992315	0.141699075728732	0.21102622682907	asRNA_895
asRNA_896	68.3355675477082	1.27	0.27973650075754	4.5242282336914	6.06162852863139e-06	1.80099828666014e-05	asRNA_896
asRNA_897	5.36274720689298	0.65	0.444469126759054	1.47327183338382	0.140677752442	0.209678502812643	asRNA_897
asRNA_898	16.5634740989839	-0.79	0.259421745567257	-3.05534521894467	0.00224801602454791	0.00479115893108851	asRNA_898
asRNA_899	119.298292551109	0.35	0.208246847363262	1.7018861813794	0.0887767066965911	0.139169748122886	asRNA_899
asRNA_900	26.2578266855733	0.04	0.215730908656563	0.162523797459428	0.87089338973496	0.907653455124618	asRNA_900
asRNA_901	11.8412056282771	-0.27	0.286311698216184	-0.951881722230045	0.341156970135496	0.438022700523095	asRNA_901
asRNA_902	1.43113212219614	0.72	0.922764575500902	0.784208664663756	0.432917681789459	0.534693394506241	asRNA_902
asRNA_903	8.15647973895276	-0.21	0.345142189433074	-0.611714305180583	0.540726795597106	0.636856003703258	asRNA_903
asRNA_904	6.89410943486461	0.88	0.439387322667816	1.9919499562668	0.0463765489578915	0.0776677892398889	asRNA_904
asRNA_905	6.30142034989669	0.99	0.463613903725593	2.14051141610068	0.0323134592070392	0.0560431698662991	asRNA_905
asRNA_906	2.08141065407586	0.48	0.694922067418572	0.685399247653119	0.4930920186786	0.590596090168719	asRNA_906
asRNA_907	8.3237539022871	-0.73	0.396507781190123	-1.82960813024231	0.067308557127725	0.108780286945435	asRNA_907
asRNA_908	15.6556907067864	0.28	0.250290799294507	1.11854363158873	0.263334882642833	0.353598702326666	asRNA_908
asRNA_909	1.90111820590153	-0.16	0.664140016599705	-0.244166880066923	0.807101576747296	0.857292685705056	asRNA_909
asRNA_910	6.17225973068633	-0.14	0.400469130016543	-0.358219359808854	0.720179160253105	0.789789065577999	asRNA_910
asRNA_911	2.01179816777088	-0.74	0.676961623186433	-1.08817649279803	0.276517200152676	0.368553250499351	asRNA_911
asRNA_912	8.5604102988084	0.20	0.331512671788272	0.607595915737876	0.543455510321547	0.639234222976128	asRNA_912
asRNA_913	17.3137147202665	-0.70	0.273182463336997	-2.57117025119973	0.0101355486381149	0.01940941407639	asRNA_913
asRNA_914	4.35076415643329	2.88	0.615998180965465	4.68039789345596	2.86318683795375e-06	8.73005529947997e-06	asRNA_914
asRNA_915	12.6551167460778	-0.14	0.277268230905396	-0.500592180945694	0.616658166444779	0.703970868503954	asRNA_915
asRNA_916	38.8295130692876	1.23	0.257021487698778	4.76931089953919	1.84857177486692e-06	5.73837439846715e-06	asRNA_916
asRNA_917	178.450667518701	1.07	0.179960440161562	5.92742311245963	3.07725352760452e-09	1.23090141104181e-08	asRNA_917
asRNA_918	0.96715022409158	0.91	0.938178215267733	0.970981345995944	0.331557567829679	0.427678408896981	asRNA_918
asRNA_919	9.86328019802682	1.66	0.301220426279294	5.5162536304408	3.46302383593685e-08	1.26836767324354e-07	asRNA_919
asRNA_920	16.0866921013553	1.77	0.368730363134278	4.78701089205061	1.69283650124646e-06	5.30059318027129e-06	asRNA_920
asRNA_921	3.92181598995019	0.21	0.491748756016326	0.426965184978793	0.669404685852285	0.748304741877058	asRNA_921
asRNA_922	1.89344132442321	1.07	0.65593578912777	1.62369157115291	0.104441650834662	0.160515014758261	asRNA_922
asRNA_923	4.62018766551034	0.88	0.508463680735754	1.73942838804428	0.0819594384504736	0.129724117775805	asRNA_923
asRNA_924	187.994002520175	2.62	0.140141654718239	18.6608870451297	1.03007032327814e-77	9.05456937827905e-76	asRNA_924
asRNA_925	5.9183283333837	0.29	0.433649638827126	0.66386348266536	0.506777690312315	0.604116524627724	asRNA_925
asRNA_926	10.1658465236656	0.27	0.318938869245864	0.849851729845776	0.395407525163724	0.495496773536183	asRNA_926
asRNA_927	6.34463847108649	1.41	0.398416879842766	3.5353210293259	0.000407280030347897	0.000968869458332555	asRNA_927
asRNA_928	21.9923472610005	1.53	0.273547611366435	5.58553878688149	2.32976781349882e-08	8.62947913653622e-08	asRNA_928
asRNA_929	7.45998513082866	1.07	0.441351726065	2.41903096498637	0.0155619154281656	0.0288696316401932	asRNA_929
asRNA_930	2.29535991293656	1.27	0.669391998335663	1.90436270160385	0.0568629633190553	0.0936199724997146	asRNA_930
asRNA_931	22.872853670703	1.76	0.485163335621165	3.61808063505872	0.00029679593527952	0.000717887617951267	asRNA_931
asRNA_932	157.508888136435	0.71	0.354404415500791	2.00082314700912	0.0454114520264659	0.0761222665597131	asRNA_932
asRNA_933	3.53415312215235	1.08	0.638683343312188	1.69730683793552	0.0896386651432056	0.140459890946136	asRNA_933
asRNA_934	3.21791939703444	-0.53	0.555182093990468	-0.956596370945641	0.3387710212632	0.435735460611196	asRNA_934
asRNA_935	2.36430518029669	-0.91	0.654278735065201	-1.39381340940914	0.16337395776236	0.237898886373958	asRNA_935
asRNA_936	7.45891403520128	-1.36	0.472460749629562	-2.87784717372599	0.00400399061661274	0.00823182098247137	asRNA_936
asRNA_937	4.43836509857458	-0.05	0.533337285081068	-0.0941787558538778	0.924967160129317	0.949467856766181	asRNA_937
asRNA_938	40.9395780047374	0.57	0.165564872810318	3.41400189750051	0.000640161299255378	0.00148369216882083	asRNA_938
asRNA_939	12.642094346693	0.33	0.320655372109416	1.02764854237325	0.304115181327585	0.39841189149568	asRNA_939
asRNA_940	17.7698496046408	1.56	0.321621578864375	4.84150921115182	1.28856701570128e-06	4.07011001278475e-06	asRNA_940
asRNA_941	21.7819394158336	0.92	0.3297559024148	2.7758803690037	0.00550524610732464	0.011004385452467	asRNA_941
asRNA_942	4.26792055709009	-0.80	0.465176369090239	-1.7187131538795	0.0856666156927609	0.134880944935216	asRNA_942
asRNA_943	5.56419653399618	0.51	0.428461017790847	1.18121790825315	0.237516168863689	0.326596059742364	asRNA_943
asRNA_944	29.0208287157325	0.08	0.233565149374491	0.32157433303833	0.747775191055641	0.811741502579678	asRNA_944
asRNA_945	21.4842646477655	0.60	0.269435650195339	2.2274723691059	0.0259157204694872	0.0460780742831929	asRNA_945
asRNA_946	1.75514526750688	-1.65	0.836589901357599	-1.97164018758858	0.048650696085242	0.0810620012442036	asRNA_946
asRNA_947	20.361942079085	1.71	0.286441763678924	5.96428962133405	2.45700602481829e-09	9.90497730810415e-09	asRNA_947
asRNA_948	4.10462853486124	-0.01	0.448833812971642	-0.0257983503449358	0.979418177646299	0.986523294649009	asRNA_948
asRNA_949	3.80400040372812	0.56	0.474262500868	1.17465655620089	0.240132146718387	0.328938143965438	asRNA_949
asRNA_950	1.12475731710804	0.03	0.821252082526298	0.0384994151266562	0.969289497800982	0.981269480358072	asRNA_950
asRNA_951	100.074634790791	-1.02	0.224524386056733	-4.54534175173607	5.48461910578387e-06	1.63630523652691e-05	asRNA_951
asRNA_952	83.5341937544667	-1.41	0.220293013937668	-6.40922287402113	1.46263247845742e-10	6.42061809057311e-10	asRNA_952
asRNA_953	8.49044073931191	0.75	0.363853924560106	2.05068461434471	0.0402976702438036	0.068377026157565	asRNA_953
asRNA_954	24.8316786815872	0.96	0.243304374167161	3.9431284616626	8.04255470456133e-05	0.000208828293625642	asRNA_954
asRNA_955	11.6615696686045	0.35	0.365815237254452	0.96801057783681	0.333039086920348	0.42928214208188	asRNA_955
asRNA_956	14.2301767491895	0.71	0.321852764749711	2.21396894308383	0.0268309154289715	0.0475177489955839	asRNA_956
asRNA_957	4.73151404445653	-0.66	0.512782480142807	-1.28434586363399	0.199020965992781	0.2815908961959	asRNA_957
asRNA_958	9.63157302896821	-0.22	0.352248716569898	-0.621019389795712	0.534586865553901	0.631274922495497	asRNA_958
asRNA_959	22.5314597683487	0.54	0.203054005501295	2.66709585247482	0.00765098474012422	0.0149940995124566	asRNA_959
asRNA_960	5.09718137957776	-1.02	0.475584175115268	-2.13834461391492	0.0324887841280641	0.0562930663449726	asRNA_960
asRNA_961	15.4492927564578	0.73	0.278923721022986	2.6266104889102	0.00862399894629222	0.0167732823542564	asRNA_961
asRNA_962	16.3712332160493	-0.19	0.29646113919106	-0.648089462924877	0.516927088796141	0.614245047155059	asRNA_962
asRNA_963	51.2388709402462	1.14	0.220416470810936	5.15826651439498	2.49246669488681e-07	8.34837357655395e-07	asRNA_963
asRNA_964	26.287380479152	0.44	0.216123356693041	2.04907289804262	0.0404549871769012	0.068514931290203	asRNA_964
asRNA_965	103.286755596298	2.00	0.202485736769429	9.88018982651971	5.0736706024019e-23	4.6528012343655e-22	asRNA_965
asRNA_966	19.332390814311	-0.42	0.30833438625002	-1.36411963672193	0.172529915446187	0.2492881656602	asRNA_966
asRNA_967	6.11486306593646	-0.18	0.431816811525344	-0.408242372612261	0.683095742546004	0.757500632657169	asRNA_967
asRNA_968	1.95559895784822	0.01	0.870588568456466	0.00885789856533573	0.992932511915656	0.995141483021141	asRNA_968
asRNA_969	9.29810641318504	0.74	0.332552582779117	2.21913149983915	0.0264777795950078	0.0469384740090546	asRNA_969
asRNA_970	5.02921168454269	0.32	0.603818004978973	0.531803160156397	0.59486233382115	0.686262436328881	asRNA_970
asRNA_971	8.18225922168197	0.24	0.416509258323111	0.576033942091534	0.56459223965131	0.658934725292526	asRNA_971
asRNA_972	25.0777777549608	1.14	0.238371913532872	4.77697077884651	1.77955621737598e-06	5.54802820711335e-06	asRNA_972
asRNA_973	8.79283324815657	-0.43	0.35136063553899	-1.21384746687334	0.224805976540278	0.312095816429569	asRNA_973
asRNA_974	7.00235653410656	-0.78	0.429066471568	-1.81413445368418	0.0696570283572166	0.112342668596361	asRNA_974
asRNA_975	5.31113106410059	0.06	0.442258833275095	0.145126769921696	0.884610782693371	0.917449571460981	asRNA_975
asRNA_976	34.1495482232839	1.01	0.1931005280901	5.23233277499378	1.67384059782925e-07	5.69643202509596e-07	asRNA_976
asRNA_977	2.8583349423474	-0.49	0.652178338495839	-0.754769027501593	0.450387580819171	0.550983313398606	asRNA_977
asRNA_978	5.52934765517272	0.17	0.40942899992355	0.403050859560292	0.686910809853519	0.760094123031035	asRNA_978
asRNA_979	3.05589854844493	-1.19	0.529454306206789	-2.25221491875141	0.0243086936918352	0.0434135441354678	asRNA_979
asRNA_980	26.512621743508	0.22	0.284412140840402	0.761244909408404	0.44651079884269	0.547728018730107	asRNA_980
asRNA_981	139.891613034395	0.85	0.209449714955363	4.04162116631169	5.30829405460805e-05	0.000140980779460629	asRNA_981
asRNA_982	7.96949628180814	0.04	0.387435094866697	0.108315180287848	0.913745681332649	0.941434944403335	asRNA_982
asRNA_983	16.8100227298967	-0.33	0.431384616760359	-0.771997618933937	0.440115837746848	0.54172728116108	asRNA_983
asRNA_984	3.10029398920508	-0.46	0.658133134510042	-0.699946472729482	0.483960733273924	0.58295270144359	asRNA_984
asRNA_985	29.1972881123565	-0.44	0.433994149868777	-1.01261396941627	0.311244584707315	0.406422276552595	asRNA_985
asRNA_986	46.9203301319603	-0.06	0.35611435028622	-0.176931375622058	0.859562293220721	0.898973448858815	asRNA_986
asRNA_987	0.915943597745489	-0.42	1.02935405938899	-0.410059213570231	0.681762511168481	0.756487712515765	asRNA_987
asRNA_988	32.2282058754062	0.43	0.296592721069243	1.45170433466754	0.146583833536484	0.21731309587227	asRNA_988
asRNA_989	2.07112782790502	-0.90	0.724967346159941	-1.23636964850477	0.216321192740201	0.302061828219947	asRNA_989
asRNA_990	1.48709194048184	0.82	0.882280730399577	0.932864412888094	0.350889978605985	0.448442369821266	asRNA_990
CDS_1	3.78463219782868	-0.75	0.507117663914483	-1.47980574530367	0.138925094987994	0.207753544538063	CDS_1
CDS_2	9.26948305190092	0.28	0.296955833866741	0.94014816417945	0.347141566251904	0.444755849545632	CDS_2
CDS_3	234.290354990118	3.30	0.273256622380835	12.0882184311357	1.21901463797261e-33	1.9613074800238e-32	CDS_3
CDS_4	108.991854133694	2.74	0.242477052017228	11.3032908182423	1.26391167568367e-29	1.68086261223762e-28	CDS_4
CDS_5	114.725941738836	1.15	0.247236032167514	4.63474592907471	3.57376139601244e-06	1.08507464795525e-05	CDS_5
CDS_6	7.90751519991252	-0.59	0.355752632119588	-1.64749317344613	0.0994567182233491	0.15403610334205	CDS_6
CDS_7	3.43484690478678	0.95	0.499212358602662	1.90947662875946	0.056200633845036	0.0926564887362808	CDS_7
CDS_8	0						CDS_8
CDS_9	106.330173585179	1.77	0.333810587095584	5.3163356788371	1.05877748017289e-07	3.67260253950248e-07	CDS_9
CDS_10	0.648954207753341	1.21	1.14056609578972	1.05773267136362	0.290177335792624	0.383357448019288	CDS_10
CDS_11	7.08297256090199	-0.39	0.357727628315039	-1.0843368250728	0.278215483298144	0.370132374236438	CDS_11
CDS_12	60.7752231587616	-1.14	0.198691090192953	-5.7562538852985	8.60010136735692e-09	3.27294248447248e-08	CDS_12
CDS_13	1.02758623720165	-0.77	1.03038819602304	-0.744607468948782	0.456509051405466	0.557148195484355	CDS_13
CDS_14	23.8847517624345	0.88	0.332905553058074	2.64405457596223	0.00819194465162263	0.0159674248374516	CDS_14
CDS_15	45.4170230564988	1.55	0.324926756499334	4.77639974989442	1.78461458120918e-06	5.55898958571986e-06	CDS_15
CDS_16	382.667445661666	2.40	0.282475333153562	8.49701572497023	1.94527092230206e-17	1.35604572610766e-16	CDS_16
CDS_17	3.37410762751891	1.72	0.587136260771572	2.93115299522802	0.00337706417031618	0.00706380688904208	CDS_17
CDS_18	4.58166547757732	0.18	0.523999781734279	0.351622639366076	0.725121284397464	0.793362813894493	CDS_18
CDS_19	0						CDS_19
CDS_20	0						CDS_20
CDS_21	3.0103200492296	-0.02	0.564216552330879	-0.0280154070328666	0.977649862934825	0.986408204372091	CDS_21
CDS_22	9.36594150746875	0.90	0.337328411918976	2.66573315054222	0.00768206431031042	0.0150468259643254	CDS_22
CDS_23	6.34949640886558	0.22	0.386873139533956	0.577004016212337	0.563936742448263	0.658382902424211	CDS_23
CDS_24	4.03489446943738	-0.23	0.46170814664004	-0.494321732772577	0.62107897908122	0.707225478865313	CDS_24
CDS_25	1.37847471931995	0.17	0.899409818868715	0.18959239575845	0.849628546441393	0.89197198241266	CDS_25
CDS_26	51.2724596778828	-1.39	0.181680257481785	-7.6574895254962	1.89602806290703e-14	1.09507774658925e-13	CDS_26
CDS_27	1.07852281812823	0.50	0.859229791729439	0.577367192058368	0.563691432090764	0.658309760614101	CDS_27
CDS_28	6.65507937458907	0.63	0.481858070907719	1.30751280799489	0.191038607888931	0.272028108586214	CDS_28
CDS_29	13.9613406345758	-0.09	0.273194573785597	-0.329858635957265	0.741506779471805	0.807040833184053	CDS_29
CDS_30	65.6772503079138	1.78	0.157483370264196	11.3308478729931	9.23068286792841e-30	1.25537287003826e-28	CDS_30
CDS_31	28.3254115853505	1.68	0.281258976215962	5.96243853887695	2.48501134287361e-09	9.99708617773181e-09	CDS_31
CDS_32	25.8231468607387	0.27	0.323092705660222	0.850662643798768	0.3949567800839	0.495276351921494	CDS_32
CDS_33	5.53549517666275	2.00	0.399441077691815	4.99462687975057	5.89496256733525e-07	1.92266471426934e-06	CDS_33
CDS_34	8.6791443293035	1.17	0.33004340213942	3.54715256937284	0.0003894190037673	0.000928832620501224	CDS_34
CDS_35	4.80443870807725	0.15	0.577146179349568	0.266304723715243	0.790004535421268	0.844358346873739	CDS_35
CDS_36	3.17089834367574	0.18	0.463222058788195	0.394118284977362	0.693493711848539	0.766202126763376	CDS_36
CDS_37	0.258921405293667	-0.04	1.77258454198564	-0.0220780177737558	0.982385721477479	0.988050428717975	CDS_37
CDS_38	0						CDS_38
CDS_39	1.18133621849635	-0.55	0.809378608863704	-0.680894370666354	0.495938330332809	0.593610675031366	CDS_39
CDS_40	4.63901996401092	0.06	0.480799990480371	0.128923109873326	0.897418490235339	0.927733200883755	CDS_40
CDS_41	31.6067363137191	0.73	0.193474554772007	3.7550877226175	0.000173280776891655	0.000430989592765718	CDS_41
CDS_42	8.06541558729291	0.31	0.339471914737836	0.905066529114901	0.365430142824963	0.46340010588233	CDS_42
CDS_43	0.252351290185198	0.78	1.92356288940899	0.406600064744277	0.684301749685292	0.758136250692547	CDS_43
CDS_44	1.51738376120478	-0.38	0.921336362466162	-0.410317736217157	0.681572883093874	0.756487712515765	CDS_44
CDS_45	77.967956146388	2.65	0.291048700377483	9.08937774929604	9.96074782135416e-20	7.90716633219392e-19	CDS_45
CDS_46	35.2595080409793	1.07	0.292519929482093	3.65194523651547	0.000260261393450355	0.000632063384093719	CDS_46
CDS_47	11.6655813132775	-1.12	0.338808158248847	-3.31156597548086	0.000927753607667666	0.00209369067128007	CDS_47
CDS_48	0						CDS_48
CDS_49	4.4973717202918	0.10	0.455448661267192	0.224072281384545	0.82270106036987	0.870903479679774	CDS_49
CDS_50	1.08256230223532	0.52	0.954272246309695	0.546662275821559	0.584610775893067	0.67681890019872	CDS_50
CDS_51	2.35104025361392	0.53	0.568713610595829	0.936747466204469	0.348888473846963	0.446602338591445	CDS_51
CDS_52	11.5051347783362	-1.01	0.363661439761259	-2.77066554966892	0.00559418544150608	0.0111697752527357	CDS_52
CDS_53	12.3332665393108	-0.39	0.327180266029241	-1.1803616263788	0.237856417296833	0.326689987781168	CDS_53
CDS_54	0						CDS_54
CDS_55	1.87394205990945	0.59	0.681926137437355	0.862915182622287	0.388184102408102	0.487801780013529	CDS_55
CDS_56	1.01398657997827	-1.00	1.00898038136609	-0.991283726859352	0.321547056826502	0.416953071993258	CDS_56
CDS_57	466.597706998263	2.53	0.218900244752143	11.562086957386	6.41309688452569e-31	8.958450066601e-30	CDS_57
CDS_58	23.0578368004311	1.43	0.226817381276605	6.3219538674149	2.58276495311671e-10	1.11610130587921e-09	CDS_58
CDS_59	9.98711782611821	1.43	0.332624456525215	4.29925996874488	1.71369362788417e-05	4.82511862101138e-05	CDS_59
CDS_60	1.34413399319821	-0.48	0.958004951782475	-0.502128911301661	0.615576844420638	0.702959108774391	CDS_60
CDS_61	1.76837081854521	-0.13	0.64975082323965	-0.199010610325846	0.842254444765435	0.886177141232438	CDS_61
CDS_62	11.9767468408744	-0.41	0.323636207278099	-1.2707735337262	0.20380922682312	0.287037301082658	CDS_62
CDS_63	122.500867664234	0.98	0.254860468724352	3.85694300956799	0.000114813917665023	0.000292430642589925	CDS_63
CDS_64	1.28916562577521	-0.27	0.697812342928286	-0.385535292718209	0.699840863684565	0.771795126291057	CDS_64
CDS_65	0.59499144075531	1.39	1.39261024179451	1.00143892483013	0.316614653496903	0.411793291664684	CDS_65
CDS_66	1.53758987810733	0.26	0.796320481498155	0.33206572483438	0.739839630639663	0.806284254256228	CDS_66
CDS_67	59.4416173895168	-0.76	0.289448903246263	-2.61302510748961	0.00897447090066059	0.0173426236600433	CDS_67
CDS_68	25.0847359696884	1.14	0.231359084226435	4.91081208585101	9.06999761619189e-07	2.92120387924536e-06	CDS_68
CDS_69	0						CDS_69
CDS_70	18.6410097079676	0.54	0.322753849418636	1.67838501513959	0.0932719610258637	0.145394527481493	CDS_70
CDS_71	3.28506866504171	-0.24	0.501236823867712	-0.470014972384636	0.638344320572808	0.721641446469385	CDS_71
CDS_72	6.8856580601796	-0.36	0.378166390685623	-0.9420878490538	0.346147664976496	0.443798002339128	CDS_72
CDS_73	63.5869243247244	-1.38	0.361037697249778	-3.82463810934146	0.000130964315167954	0.000331457438107659	CDS_73
CDS_74	4.27799243224217	1.60	0.444526040349654	3.60304835986989	0.000314506986745228	0.000757675922613504	CDS_74
CDS_75	3.70568512159842	0.91	0.488355249803494	1.86429710959164	0.0622799925064091	0.101380800809891	CDS_75
CDS_76	6.43703394361068	0.53	0.437460797087359	1.21602994541898	0.223973514877996	0.311214727251069	CDS_76
CDS_77	3.48047859146863	-0.35	0.485226121306223	-0.714499555905795	0.474918330670609	0.573786679093823	CDS_77
CDS_78	6.29891114493667	0.61	0.413618954615029	1.4867131211836	0.137090595714719	0.20560736868741	CDS_78
CDS_79	0.43894910173852	1.36	1.3439775551571	1.01190716453832	0.311582443340174	0.406686300974112	CDS_79
CDS_80	4.55836619069132	0.31	0.431154883068729	0.725846744709861	0.46793272700222	0.568204025645553	CDS_80
CDS_81	13.3168988409861	1.62	0.386276009427412	4.18355247229926	2.8698880999123e-05	7.90755100312227e-05	CDS_81
CDS_82	2.48282776101971	0.65	0.630673677251883	1.02728425931647	0.304286632109446	0.398491650480539	CDS_82
CDS_83	11.2681765079366	0.87	0.30392532267187	2.87009121554647	0.00410353404367183	0.008426858514754	CDS_83
CDS_84	10.7985325716391	1.18	0.308433133266181	3.82130451365517	0.000132747617545062	0.000335499588802528	CDS_84
CDS_85	20.1826272127513	1.55	0.242082613865809	6.3919505259543	1.6378289665174e-10	7.18094354662858e-10	CDS_85
CDS_86	3.90782763956134	1.85	0.574055026549655	3.21943966831627	0.0012844138523125	0.00282602412926389	CDS_86
CDS_87	8.53871564747356	0.32	0.353473079785959	0.905811821055961	0.365035463104349	0.463072090470987	CDS_87
CDS_88	1.84886140783499	2.86	0.751719950761851	3.80856684222634	0.000139774564303314	0.000352024828615753	CDS_88
CDS_89	8.4261454802255	0.52	0.375054096291443	1.39960080985615	0.161632891330961	0.235744613661183	CDS_89
CDS_90	1622.88002619835	1.60	0.215414931472368	7.40458377645373	1.31562451788036e-13	7.20594340796477e-13	CDS_90
CDS_91	0						CDS_91
CDS_92	6.31739215842492	0.99	0.40577526217888	2.43404411817515	0.0149311750660852	0.0277667466141233	CDS_92
CDS_93	2.22296301388667	0.59	0.583573197707535	1.00859931338624	0.313166836759179	0.408189135735302	CDS_93
CDS_94	2.1471653665817	-1.29	0.620574635200484	-2.07092108030367	0.038366171829015	0.0655610379241407	CDS_94
CDS_95	4.81366760701644	1.40	0.467825450298622	2.9902737465019	0.00278727531788477	0.0058744679799162	CDS_95
asRNA_991	6.7763807557639	0.16	0.488603879603874	0.329821398853898	0.741534917362611	0.807040833184053	asRNA_991
asRNA_992	4.50335759590683	-0.02	0.461492858147007	-0.0474151888234771	0.962182323704977	0.976818336516264	asRNA_992
ncRNA_1	7.2916111248483	0.28	0.40949294007756	0.6862353050085	0.492564737906359	0.590596090168719	ncRNA_1
ncRNA_2	5.42394854835405	0.04	0.385449745280417	0.107173937085661	0.914650991511629	0.941832446281797	ncRNA_2
ncRNA_3	2.54112300598057	0.15	0.678631032317405	0.22609462600978	0.821127824205812	0.869883797306803	ncRNA_3
asRNA_993	1.25295283013467	-1.84	1.02211574398549	-1.79586418142609	0.0725161202549245	0.116258050444283	asRNA_993
asRNA_994	1.09386450386133	-0.15	0.874093191283143	-0.17660368855392	0.859819696582408	0.898981777337685	asRNA_994
ncRNA_4	8.40333550993588	-0.01	0.315943426059027	-0.0304563725936173	0.975703086852386	0.985751739325694	ncRNA_4
ncRNA_5	18.47891569231	0.44	0.286383113990039	1.54774908211246	0.121682719920506	0.184262404451052	ncRNA_5
ncRNA_6	10.2597881812207	2.01	0.345875792977985	5.82471232712935	5.72110600861757e-09	2.23007651073672e-08	ncRNA_6
asRNA_995	337.34992191798	2.05	0.185789109642019	11.0266011305215	2.84411616631585e-28	3.52240366439943e-27	asRNA_995
asRNA_996	3.4833429179006	-0.48	0.498526414520552	-0.971018343685557	0.331539144021227	0.427678408896981	asRNA_996
asRNA_997	15.4698409867647	0.54	0.329017543406324	1.6548127447898	0.0979624879297389	0.151917730851454	asRNA_997
ncRNA_7	0						ncRNA_7
ncRNA_8	2.22185021601781	1.70	0.705176551249664	2.40417974461393	0.0162088013956741	0.0299725604053409	ncRNA_8
asRNA_998	9.31408994364155	1.20	0.406552510641305	2.94464232035816	0.00323328204991807	0.00677091720389584	asRNA_998
asRNA_999	0.624840708994064	0.12	1.11452610905289	0.108642923803167	0.913485713961499	0.941434944403335	asRNA_999
ncRNA_9	11.4705378910571	1.67	0.344751201661675	4.82976723150533	1.36692749492042e-06	4.31384123615866e-06	ncRNA_9
asRNA_1000	4.78300671507031	-1.87	0.539631731438414	-3.46275853290217	0.000534667984987744	0.00125370424066092	asRNA_1000
ncRNA_10	0.835925981148921	1.38	1.19791444391083	1.15521136071769	0.248003883560568	0.337412607154506	ncRNA_10
asRNA_1001	6.36359623781227	1.29	0.428352229115164	3.01573488686585	0.00256357296061819	0.00542520079275863	asRNA_1001
asRNA_1002	0						asRNA_1002
ncRNA_11	6.52744916951466	-0.15	0.370184949409351	-0.391917399245628	0.695119246615924	0.76752750147175	ncRNA_11
ncRNA_12	1.56259252103667	0.68	0.750160077265859	0.90483804444222	0.365551193402737	0.46340010588233	ncRNA_12
ncRNA_13	4.52456244235116	-0.17	0.550375799399255	-0.303903243455353	0.761201606674375	0.821368440255823	ncRNA_13
ncRNA_14	32.8769985011078	-0.77	0.470946863905479	-1.64461421427418	0.10004939368405	0.154820959569479	ncRNA_14
ncRNA_15	1.98559157645035	-1.45	0.911173972027385	-1.59243684694815	0.111286582532015	0.169803913397706	ncRNA_15
ncRNA_16	6.57218403346442	0.58	0.339671048120801	1.69582113477076	0.0899197587097692	0.140777936746311	ncRNA_16
asRNA_1003	4.26490789653075	0.63	0.445244706351453	1.4193064883405	0.155809681326927	0.228732420163847	asRNA_1003
ncRNA_17	14.9438513752261	0.32	0.42433594748413	0.755776875631838	0.449782983416535	0.550432944916198	ncRNA_17
ncRNA_18	12.0501707686134	0.56	0.429272577107376	1.31555653551844	0.188322930043103	0.268479367039297	ncRNA_18
asRNA_1004	2.23842535882691	0.73	0.653958750799726	1.11854545495312	0.263334104370628	0.353598702326666	asRNA_1004
asRNA_1005	15.2457962066052	-1.82	0.290357603461154	-6.28527014542679	3.27284069537171e-10	1.40420450787138e-09	asRNA_1005
ncRNA_19	29.7124048088725	-0.23	0.300913635865881	-0.759108806872492	0.447787471316158	0.54873377987876	ncRNA_19
asRNA_1006	20.5645149736427	0.63	0.349426514393399	1.79008919955782	0.0734395728018337	0.117581617226925	asRNA_1006
asRNA_1007	2.74479022158976	-0.29	0.584810115720626	-0.50222065167155	0.615512317570874	0.702959108774391	asRNA_1007
asRNA_1008	6.42151043045747	0.52	0.487079674821596	1.06579028172753	0.286518454997593	0.379776576613213	asRNA_1008
asRNA_1009	2.32667124389174	-1.04	0.741387354420747	-1.4050936545986	0.159993430752845	0.233731789393292	asRNA_1009
ncRNA_20	2.52285552033432	-0.86	0.664810440508942	-1.28769687245459	0.197851502705512	0.280249821233249	ncRNA_20
asRNA_1010	1.47656927085442	0.75	0.776128958167929	0.968494738079405	0.332797345662051	0.429124019236505	asRNA_1010
asRNA_1011	1.76094664553596	-0.64	0.808259720109151	-0.795933202640117	0.426070861430033	0.527865034236452	asRNA_1011
ncRNA_21	3.2765444031267	0.50	0.485997278075505	1.02300446811408	0.306305733238793	0.400844539793976	ncRNA_21
asRNA_1012	32.0890024807891	0.82	0.283182747517175	2.90664451982957	0.00365328098974786	0.00756256443828333	asRNA_1012
asRNA_1013	27.948562065375	1.82	0.533257007550392	3.40831471304937	0.000653654596609748	0.00150998377805455	asRNA_1013
ncRNA_22	6.97090770844506	0.38	0.334039192428336	1.12747031183565	0.259543685803235	0.349811310259858	ncRNA_22
ncRNA_23	74.8903761309683	1.04	0.194372096905491	5.34281346682811	9.15149240855046e-08	3.21461780121012e-07	ncRNA_23
asRNA_1014	43.4807296195028	1.07	0.33026865240672	3.23370257976645	0.00122196638712091	0.00269685661921847	asRNA_1014
asRNA_1015	4.53034289701379	-1.01	0.54491412613947	-1.85801293611301	0.0631671773011585	0.102658824011009	asRNA_1015
asRNA_1016	4.36994649245796	0.85	0.464301091750621	1.82226681459848	0.0684145109295423	0.110419121088254	asRNA_1016
asRNA_1017	3.30372484840987	-0.69	0.585540604270277	-1.17913075509873	0.238346113737448	0.327113249775234	asRNA_1017
asRNA_1018	25.7560496673067	0.98	0.660656255232836	1.48352116714523	0.137935996868292	0.20656859498119	asRNA_1018
ncRNA_24	1.7117720684233	1.30	0.887061027033064	1.46195375744987	0.143753882201675	0.213556880236948	ncRNA_24
ncRNA_25	2.53083761385752	0.95	0.576947389870087	1.63863771022291	0.101288733783525	0.156426305518451	ncRNA_25
ncRNA_26	1.90025403146231	0.35	0.698819851246496	0.504611688882154	0.613831598365238	0.701410615253113	ncRNA_26
asRNA_1019	3.64111027324956	1.19	0.589847232866771	2.01845860953248	0.0435435206839714	0.0735039103255424	asRNA_1019
asRNA_1020	2.4986983808168	1.21	0.698559256382012	1.72756988413135	0.0840653659930666	0.132533499142175	asRNA_1020
asRNA_1021	59.8734963115438	0.80	0.275234484701154	2.90363659549642	0.00368856028135286	0.00761840083851743	asRNA_1021
ncRNA_27	5.76450121663871	0.92	0.404221372545119	2.26863747296311	0.0232903808507141	0.0418646047810342	ncRNA_27
ncRNA_28	0						ncRNA_28
ncRNA_29	9.75011741324973	-1.14	0.352228394260484	-3.22489976931805	0.00126016779496175	0.00277776436271692	ncRNA_29
ncRNA_30	9.87046777539638	-0.69	0.340177866672997	-2.04157451640254	0.0411937552747306	0.0697333461766694	ncRNA_30
ncRNA_31	3.45486731030413	-1.29	0.576394596890284	-2.24156918999257	0.0249892290964365	0.0445406437505228	ncRNA_31
ncRNA_32	5.01488032447036	0.36	0.465231204748965	0.778587801304347	0.436222567230022	0.538406209690753	ncRNA_32
ncRNA_33	4691.87467028557	2.12	0.245053354237305	8.66082382412821	4.68366925006389e-18	3.39636699743064e-17	ncRNA_33
ncRNA_34	1.70474312154211	0.81	0.770030228064863	1.05361436346376	0.29205951040227	0.385561346333253	ncRNA_34
asRNA_1022	1.14194674575467	0.74	0.915802383912235	0.811381005727024	0.417146903576038	0.518949755087346	asRNA_1022
ncRNA_35	9.84079370532305	0.42	0.340277131425952	1.2327545937718	0.217667336611169	0.303588653694525	ncRNA_35
ncRNA_36	8.87945172614423	-0.65	0.35976193211588	-1.79319036549545	0.072942490103924	0.116859264440271	ncRNA_36
ncRNA_37	3.30393516243759	-3.72	0.825280659300684	-4.51106056228446	6.45042992236839e-06	1.91021770256497e-05	ncRNA_37
ncRNA_38	37.879049508923	0.77	0.215527001779114	3.58004637736158	0.000343533230759496	0.00082342855239813	ncRNA_38
ncRNA_39	0.940337053947495	1.64	1.0888706975126	1.50868528126775	0.131379228684721	0.197699682747279	ncRNA_39
ncRNA_40	7.2216438773839	-0.74	0.457074778898839	-1.62880733890184	0.103353810614137	0.15907364990431	ncRNA_40
ncRNA_41	7.38677476243484	1.41	0.408485161369891	3.4612613852255	0.000537650509885705	0.00125987804787261	ncRNA_41
asRNA_1023	67.1826742690318	0.12	0.239154018323117	0.522588135643946	0.601260898639893	0.690549483332752	asRNA_1023
ncRNA_42	26.0148172722994	1.48	1.36570916233717	1.080242250027	0.280034318656948	0.371865764347693	ncRNA_42
ncRNA_43	920.084641203845	-0.45	0.218325449578666	-2.05490983731849	0.0398877141252101	0.0678411145385829	ncRNA_43
asRNA_1024	7.9465827057423	-0.92	0.355136548131458	-2.59739875302009	0.0093932807856885	0.0180647726529463	asRNA_1024
asRNA_1025	1.18815017228118	1.10	0.846432418432303	1.30526379608583	0.191803037420778	0.272793270270121	asRNA_1025
ncRNA_44	2.44598372322549	0.62	0.5620041394929	1.10735947567458	0.26813853932686	0.358978936008174	ncRNA_44
asRNA_1026	0.312700401483658	-0.04	1.5606362194579	-0.0250794079471371	0.979991625093833	0.986561401351446	asRNA_1026
asRNA_1027	81.2492221367512	-1.99	0.46280970048978	-4.30737848639073	1.65200796000768e-05	4.65871415326109e-05	asRNA_1027
asRNA_1028	5.58980932026626	0.25	0.386916302414024	0.637037810973462	0.524100214921662	0.621334596900549	asRNA_1028
asRNA_1029	0.693160317631552	1.41	1.42864397529785	0.988220178354536	0.323044827914596	0.418495168872827	asRNA_1029
ncRNA_45	4.13346311279633	-0.53	0.517340296933862	-1.02854748685579	0.303692365299215	0.398147429806611	ncRNA_45
asRNA_1030	98.5011625758257	4.91	0.317775632427617	15.4644213322295	6.03128109983493e-54	2.24090073028919e-52	asRNA_1030
ncRNA_46	24.3117041742686	0.82	0.282348493548133	2.90813210099332	0.00363594711542119	0.00753100770343562	ncRNA_46
asRNA_1031	9.96747237258374	-0.09	0.39000661363581	-0.223925463251624	0.822815301972706	0.870903479679774	asRNA_1031
asRNA_1032	5.11821028221305	0.07	0.56607821365642	0.12854799525098	0.897715318535947	0.927733200883755	asRNA_1032
ncRNA_47	0.699677518675927	1.83	1.10048070251947	1.66566852956163	0.0957794534289995	0.148724321481307	ncRNA_47
ncRNA_48	1.12794968443015	1.64	0.81819902822153	2.00684091048744	0.0447666052378805	0.0751811953761982	ncRNA_48
asRNA_1033	3.24693083129485	-0.11	0.644127920718519	-0.168757611144396	0.865987301429684	0.903072405773317	asRNA_1033
ncRNA_49	22.1275867391642	1.63	0.251612504186658	6.49784286023304	8.14798443697378e-11	3.62087989036418e-10	ncRNA_49
asRNA_1034	5.60861769180235	1.04	0.469621792564403	2.2045526299335	0.0274855029373496	0.0485339307134776	asRNA_1034
ncRNA_50	5.15987172646041	0.05	0.380837911502938	0.132098785085955	0.894906156852919	0.926261283543343	ncRNA_50
ncRNA_51	8.03364688483212	0.34	0.792488415528027	0.428972606846162	0.667943159892284	0.747162298149393	ncRNA_51
ncRNA_52	230.339900650315	-0.09	0.166852002258982	-0.566342618486431	0.571160894016515	0.664520766086854	ncRNA_52
ncRNA_53	8.86248888754431	0.11	0.33709443232618	0.319273980056367	0.749518761884856	0.812899674340362	ncRNA_53
asRNA_1035	15.8393011280651	0.19	0.500068397465851	0.375875898151907	0.70700915932949	0.777559051029442	asRNA_1035
ncRNA_54	0.741527223589212	0.69	0.953666504259971	0.728553064294315	0.466275097985902	0.566652436166877	ncRNA_54
ncRNA_55	0.435145723360524	0.98	1.45584537545116	0.673854412350613	0.500403877469287	0.597764525820123	ncRNA_55
asRNA_1036	2.1519326451547	1.03	0.665219398351151	1.55124911779236	0.120841995375407	0.183220257186776	asRNA_1036
ncRNA_56	0.291646690268887	-1.02	1.97350434921962	-0.515626599943166	0.606115228392664	0.695459816341026	ncRNA_56
ncRNA_57	0.667573921310848	1.83	1.27576562359882	1.43585258968324	0.151044291600469	0.223099847101677	ncRNA_57
ncRNA_58	0.205672987341673	0.79	2.02422890937736	0.388221297807176	0.69785227342226	0.770309216972076	ncRNA_58
asRNA_1037	28.1725674559551	0.79	0.200733440302837	3.95676007919511	7.59731659840141e-05	0.000198411079859701	asRNA_1037
ncRNA_59	2.28389128993614	0.36	0.551426149943874	0.651607476192842	0.514654423571564	0.611948050990404	ncRNA_59
ncRNA_60	14.1899173051922	-0.73	0.310028875365414	-2.34182453232046	0.0191897344067892	0.0351779261455078	ncRNA_60
ncRNA_61	12.2109322219073	2.12	0.36608264230564	5.79408378117967	6.86951612766571e-09	2.64505727821658e-08	ncRNA_61
ncRNA_62	32.8629013937373	3.92	0.336248493512606	11.6638222832023	1.9508386567366e-31	2.80112450951343e-30	ncRNA_62
ncRNA_63	3.32841792060586	1.15	0.530638813255935	2.16326548688619	0.0305207659932399	0.0532156945523157	ncRNA_63
ncRNA_64	3.64801544210678	2.22	0.638010421897057	3.48102579016153	0.000499497393702843	0.00117429132870518	ncRNA_64
ncRNA_65	9.0642992449743	2.39	0.444560141228597	5.37163999811229	7.80237579631553e-08	2.76769314664579e-07	ncRNA_65
ncRNA_66	13.2243207205225	1.43	0.327737223415151	4.37367361151109	1.22172999387287e-05	3.51405817870537e-05	ncRNA_66
ncRNA_67	1.36125699392447	-0.02	0.881928542737005	-0.019148102649162	0.984722958087419	0.989117918983937	ncRNA_67
asRNA_1038	3.17153136288694	-0.07	0.540354732424678	-0.132873871475092	0.894293131188382	0.925892687389523	asRNA_1038
ncRNA_68	8.87208365548471	0.68	0.294327292565885	2.31161682427898	0.0207988086536262	0.0377436588054728	ncRNA_68
ncRNA_69	7.95378942131554	-0.16	0.413153490121816	-0.375878250562149	0.707007410394025	0.777559051029442	ncRNA_69
ncRNA_70	0.91108364723779	1.61	1.1097540595923	1.45095848020937	0.146791422031502	0.217531367188131	ncRNA_70
ncRNA_71	3.29217576053863	1.24	0.500512497827939	2.47422517453443	0.0133525508742537	0.0249857701717602	ncRNA_71
asRNA_1039	14.6215727491718	1.01	0.320458591398613	3.16685241270326	0.00154098504196805	0.00336180998259858	asRNA_1039
asRNA_1040	0.214849967716667	0.92	2.03095328896363	0.454291516556171	0.649619021221074	0.731176437376874	asRNA_1040
asRNA_1041	6.5687539369219	1.51	0.434626088110246	3.47877552970115	0.000503710321895087	0.00118265276880123	asRNA_1041
ncRNA_72	2.1715144663864	-1.86	0.690196837310204	-2.70076160141058	0.00691809071934093	0.0136543258228394	ncRNA_72
ncRNA_73	4.82804372470672	0.95	0.503623057457663	1.87982743804646	0.0601315997112793	0.0983277156803315	ncRNA_73
ncRNA_74	12.5938286776805	-0.19	0.321849450037776	-0.595765231868527	0.551332073427553	0.645759113627852	ncRNA_74
ncRNA_75	13.4552712607926	0.03	0.346697056953436	0.0931036370596655	0.925821228033293	0.949803502941072	ncRNA_75
asRNA_1042	29.0829401716651	0.60	0.199292696669386	3.00614005283408	0.0026458710155396	0.00558297373536576	asRNA_1042
asRNA_1043	8.75092281538361	0.30	0.393569253855086	0.773748352722946	0.439079620025112	0.540636470984115	asRNA_1043
asRNA_1044	12.252997207487	1.72	0.358642784777516	4.78324478871311	1.72487854126913e-06	5.39155443428788e-06	asRNA_1044
ncRNA_76	11.5604450871594	1.60	0.335987255998239	4.75162733940288	2.01786016556703e-06	6.24237599717044e-06	ncRNA_76
ncRNA_77	10.1312928584665	1.26	0.319099429276197	3.94797905586331	7.88136976885678e-05	0.000205234513345086	ncRNA_77
ncRNA_78	121.53800467753	0.72	0.199697696376827	3.59666067494403	0.000322328514423533	0.000775113508444377	ncRNA_78
asRNA_1045	22.2093311306056	0.91	0.281402995341648	3.22661814968611	0.00125262504484972	0.00276282782230013	asRNA_1045
ncRNA_79	23.2876029388497	-0.54	0.275281419337486	-1.95699446683666	0.0503481188970712	0.0836054069803836	ncRNA_79
ncRNA_80	11.8923790512658	0.92	0.278956367060553	3.29466562740606	0.000985388553694677	0.00221129535959877	ncRNA_80
ncRNA_81	2.55108141031192	0.79	0.558996525756865	1.41968973847441	0.155698026850182	0.228661649864734	ncRNA_81
ncRNA_82	0.414127097369684	-0.04	1.51539783660345	-0.0258266587053095	0.979395598365992	0.986523294649009	ncRNA_82
ncRNA_83	4.88710390692343	-0.31	0.401517789349103	-0.761681863187998	0.446249902591922	0.547594364637823	ncRNA_83
ncRNA_84	12.6419112755829	0.50	0.341929499495937	1.46340540445009	0.143356480734449	0.213230192557555	ncRNA_84
ncRNA_85	1.81012273553903	0.40	0.712913057994213	0.556182654683462	0.578085995502948	0.671205517974428	ncRNA_85
ncRNA_86	1.95976978957824	0.96	0.638812250557193	1.49892720175718	0.133892518694358	0.20106193223936	ncRNA_86
ncRNA_87	2.02870193782972	0.40	0.6578464270331	0.61056966588266	0.541484509738713	0.637331865806114	ncRNA_87
ncRNA_88	383.909010014992	2.18	0.260464118262362	8.36360366403095	6.08310296768969e-17	4.09785104589788e-16	ncRNA_88
ncRNA_89	1.74316028282395	-0.13	0.677420149670073	-0.185473118235583	0.852857962994435	0.894297381039262	ncRNA_89
ncRNA_90	270.952515350041	2.59	0.242209764409047	10.7071606583546	9.42069186054606e-27	1.07104648155861e-25	ncRNA_90
ncRNA_91	15.6604391067486	1.31	0.287195925203241	4.57273371580685	4.81401778493618e-06	1.44581000807583e-05	ncRNA_91
ncRNA_92	1.66512180922432	0.54	0.673691994796957	0.798580810915732	0.424533518019872	0.526322256258555	ncRNA_92
asRNA_1046	71.3549141528242	2.26	0.232927576536357	9.71358386471112	2.63891638486605e-22	2.3483097903845e-21	asRNA_1046
ncRNA_93	35.3791744937721	2.05	0.271935288201939	7.54856713137133	4.40072861052973e-14	2.47429421409503e-13	ncRNA_93
ncRNA_94	19.0746581928732	0.37	0.417058486402052	0.88661299427137	0.375287295471255	0.474407370353701	ncRNA_94
ncRNA_95	2.45340387112778	-0.63	0.719133923361217	-0.870597081451793	0.383974190598755	0.484199784086044	ncRNA_95
ncRNA_96	2.22807644640714	-0.27	0.569924751261635	-0.482266302583754	0.629616782026095	0.714239497142602	ncRNA_96
ncRNA_97	1.37913587725873	-0.04	0.708733165252778	-0.0500846626938507	0.960054921795902	0.975207987077911	ncRNA_97
ncRNA_98	3.06947199934843	0.19	0.575610963881313	0.336705447961152	0.736338956070412	0.802954795061351	ncRNA_98
ncRNA_99	5.00153107448999	-0.88	0.497572017780245	-1.77083460555557	0.07658820947372	0.121918686812406	ncRNA_99
ncRNA_100	3.16483181709694	0.68	0.506978038770124	1.34295372254023	0.1792869591535	0.256918568902271	ncRNA_100
ncRNA_101	3.60239210442771	1.18	0.521374557401323	2.25433330987609	0.0241752073093595	0.0432608972904327	ncRNA_101
ncRNA_102	1.1063262055091	1.13	0.851901325976674	1.32572520348952	0.184930735990271	0.264061161849817	ncRNA_102
asRNA_1047	6.33889755689638	1.41	0.410635504512462	3.42449111148827	0.000615951993409756	0.00142942111026965	asRNA_1047
asRNA_1048	5.77976938204602	-0.00	0.388167280132507	-0.0107463748226903	0.991425798476024	0.99418435662426	asRNA_1048
