Gene	baseMean	log2FoldChange	lfcSE	stat	pvalue	padj
SACI_RS00005	2337.79907321818	0.70	0.258839924734334	2.71282316723372	0.00667126961762873	0.0465805391403119
SACI_RS00010	344.011382240724	0.10	0.247815641342423	0.408932379827394	0.682589285829954	0.835658264367888
SACI_RS00015	5480.24519330658	0.07	0.140199317851006	0.497394276291835	0.618911041056327	0.805883362702411
SACI_RS00020	128.719392751467	-0.13	0.20829216644555	-0.646500884497243	0.5179550244905	0.734418142683247
SACI_RS00025	1096.43551878529	-0.25	0.0977273672221238	-2.52963844084917	0.0114180119338004	0.0673451259428785
SACI_RS00030	183.063712194577	-0.29	0.291527131449908	-0.998157772752733	0.318202859186492	0.569576797511484
SACI_RS11965	239.185042152751	0.47	0.283475594731129	1.64327850916348	0.100325322676263	0.293489003649962
SACI_RS00035	401.929582330919	0.17	0.149323426223951	1.11648941590882	0.264212698191642	0.515510308201779
SACI_RS00040	464.197942480944	0.15	0.162356229257853	0.911907941363361	0.361817180740733	0.606919141887681
SACI_RS00045	1396.08697900936	-0.38	0.179713188123293	-2.09416808148722	0.0362450100200161	0.151397189395083
SACI_RS00050	113.974195116508	0.10	0.239106671108663	0.410654382662822	0.681325980846688	0.835658264367888
SACI_RS00055	673.445826787138	-0.21	0.138894008211781	-1.52316218534173	0.127718134147245	0.336531340028107
SACI_RS00060	207.265129736488	-0.30	0.180290932255698	-1.68244041402671	0.0924834701913595	0.281202723207141
SACI_RS00065	202.322776228806	-0.38	0.164230496617551	-2.29868387946795	0.0215228965825794	0.105869383189985
SACI_RS00070	491.56992351645	-0.16	0.165761071052712	-0.93517650297666	0.349697345655183	0.595607511182758
SACI_RS00075	165.230870137534	-0.41	0.194117850059824	-2.0982278673526	0.0358850210065265	0.150386568297088
SACI_RS00080	269.289853506432	-0.81	0.184704474285521	-4.40622441943037	1.05187983879953e-05	0.000276308229820743
SACI_RS00085	865.384897617083	-0.87	0.138576567661885	-6.24949045613057	4.1179390264774e-10	3.88611431091275e-08
SACI_RS00090	717.708217844961	-0.68	0.126390565120013	-5.40991985379083	6.30529607850387e-08	3.3470613350058e-06
SACI_RS00095	467.835314821487	-0.19	0.143670414058019	-1.29967346953358	0.193712907058367	0.429423821008457
SACI_RS00100	83.1354760963448	-0.53	0.29458210303001	-1.80848831515813	0.0705305337952034	0.234926413047343
nadA	1136.5246668017	-0.57	0.254369901888551	-2.24974984300805	0.0244648295714156	0.11629922714173
SACI_RS00110	1231.35053490159	-0.18	0.121626571706231	-1.45517763704546	0.145620090238099	0.364837748207154
SACI_RS00115	1182.11638426997	-0.04	0.0997691153451908	-0.401189259066032	0.688280788089767	0.839244644524184
SACI_RS00120	122.341166899158	-0.56	0.206742768021464	-2.6941080380456	0.00705772835568636	0.0479549116007702
SACI_RS00125	869.399603455567	-0.43	0.113442233363493	-3.78766167411525	0.000152071730310536	0.0027876170419514
SACI_RS00130	221.81949181405	-0.26	0.215483155248771	-1.19343707686315	0.23269824151294	0.484012342346915
SACI_RS00135	4582.61266660818	0.04	0.094773117571678	0.427886105095242	0.668734043777354	0.831593139846119
SACI_RS00140	599.459266458724	-0.18	0.178095607964677	-1.03807318454447	0.299235984551848	0.551498531480738
SACI_RS11510	726.022180357939	-0.43	0.123475607138494	-3.51741479561675	0.000435772227571677	0.00623790806658783
SACI_RS00145	190.239757754879	-0.43	0.164097978699767	-2.62855599170508	0.00857482379380737	0.0553130405737245
SACI_RS11515	80.1947353796453	-0.27	0.257311603600839	-1.03681251339125	0.299823242606536	0.551588174845815
SACI_RS00150	90.2127728767832	-0.09	0.236637705380913	-0.372043107809285	0.709860753947329	0.850364457478981
SACI_RS00155	1613.11832502153	-0.14	0.114027179642998	-1.18593118608876	0.235649476152979	0.487420549718511
SACI_RS00160	229.213297273159	-0.48	0.208622476674848	-2.27929479147642	0.0226495474486205	0.1101971009197
SACI_RS00165	886.90258113639	-0.05	0.112848719205862	-0.438949164090287	0.660698371836834	0.828474139488314
SACI_RS00170	97.5352478470398	-0.09	0.261334956345376	-0.353505735355661	0.723709329790964	0.858478292508089
SACI_RS00175	386.949530542852	-0.28	0.170921845115084	-1.64733173440146	0.0994898784906632	0.292819010394124
trxA	674.908762062945	0.10	0.181505288607163	0.529423704531364	0.596511557868752	0.787690410460429
SACI_RS00185	145.853946688177	-0.20	0.223356944229713	-0.877092332571057	0.380436488970715	0.624582586274087
SACI_RS00190	311.83517747119	0.16	0.158535788332485	1.00810557353919	0.313403782239886	0.565640353440997
SACI_RS00195	1593.58679900004	-0.38	0.183370984959051	-2.0884369926741	0.0367584334605451	0.153040013819393
SACI_RS00200	423.603348197907	-0.53	0.169782267353672	-3.1013526308298	0.0019263873316273	0.0185223959282505
SACI_RS00205	14677.5686056703	0.00	0.136363687256013	0.0106545696066785	0.991499044247011	0.993222304344508
SACI_RS00210	221.790199092463	-0.14	0.168729534673671	-0.8053856698378	0.420597158547637	0.658281056498389
SACI_RS00215	1867.67448725755	0.19	0.115054548668318	1.68974703400257	0.0910763608226757	0.278537154473165
SACI_RS00220	363.268849254762	0.19	0.167432762285354	1.11508155947861	0.264815472957696	0.515510308201779
SACI_RS00225	730.96115082445	0.39	0.163919859211178	2.38005785317282	0.0173099201820799	0.0919526853725843
SACI_RS00230	5558.48442186209	0.36	0.186349320455666	1.91839810811606	0.0550605507682302	0.19741073144145
SACI_RS00235	2574.3309450458	0.40	0.196287404051949	2.0388976151453	0.0414602469875645	0.164850730356436
SACI_RS00240	4209.78767593423	0.26	0.141484185686536	1.80968391525429	0.0703448182813478	0.234926413047343
SACI_RS00245	14951.8481386096	-0.13	0.183719022903285	-0.717392742586153	0.473131796393111	0.700232026062596
SACI_RS00250	883.063951122702	-0.06	0.167820037596966	-0.386640443859325	0.699022412244641	0.8430458883722
SACI_RS00255	624.672014607473	0.01	0.135073064254341	0.0382922539353037	0.969454666722657	0.984048415641589
SACI_RS00260	984.798366708629	-0.34	0.143551320787833	-2.38109537420098	0.0172612422459828	0.0919526853725843
SACI_RS00265	1986.36234191904	-0.09	0.135226296090861	-0.674227976431966	0.500166385825677	0.719002716629974
SACI_RS00270	241.915446384457	0.22	0.202574742180529	1.09899616361554	0.271769739271238	0.524597951259936
meaB	292.189762497429	-0.35	0.207471110568884	-1.66950890608502	0.095016566849464	0.283982511802041
SACI_RS00280	169.167334093515	0.15	0.199592028978024	0.754820621812232	0.450356618763594	0.683690226120325
SACI_RS00285	1.42688833800779	-1.72	1.91528252678869	-0.898013750477698	0.369178218742291	NA
SACI_RS00290	18469.4141574923	0.19	0.268550272690977	0.691384522271482	0.489323928117062	0.713679089205652
SACI_RS00295	228.439754226232	1.48	0.187071636863411	7.92719794774343	2.24145853751255e-15	3.0059138703063e-13
SACI_RS00300	41.0700874761067	1.10	0.405758745982866	2.70258549416452	0.00688024878307235	0.0475091433584508
lysS	8571.91113194362	-1.83	0.523158433802822	-3.48957222474602	0.000483794304550289	0.00662313290914453
SACI_RS00310	686.512121514756	-0.31	0.164171165468581	-1.89926444713022	0.0575297149076809	0.202187191151408
SACI_RS00315	178.380414055606	-0.40	0.183301434164603	-2.17693307053927	0.0294855615355215	0.133027477005652
SACI_RS00320	124.462942586062	-0.47	0.210780294842441	-2.242555488577	0.0249254933115699	0.117394005467431
SACI_RS00325	546.952256790971	-0.23	0.129781538583132	-1.77400297248907	0.0760626586332811	0.246670702250543
SACI_RS00330	311.472951371902	-0.44	0.150037736931797	-2.91625306236611	0.00354263031043232	0.0295954820687919
rimI	719.706621533006	-0.28	0.134013043854021	-2.06521655209853	0.0389025150729703	0.158851936547962
SACI_RS00340	940.943937805587	0.19	0.11144910306391	1.73712635318835	0.0823648706737073	0.260379268581397
dnaG	6164.73925817203	0.39	0.181662880624895	2.15643076117109	0.0310500448541308	0.136171281047031
SACI_RS00350	2345.06476055301	-0.00	0.123681908394644	-0.0248816290491346	0.980149380593275	0.988294666304576
SACI_RS00355	616.241843760269	0.05	0.18503498901444	0.264032196784099	0.791755109342282	0.897815762618662
SACI_RS00360	155.755627542114	-0.66	0.224987746311959	-2.92835899941883	0.00340756348005867	0.0288454210870083
SACI_RS00365	357.479191156089	0.09	0.151979416340521	0.603192546177566	0.546380605749566	0.752028717375706
SACI_RS00370	3118.69228247258	0.32	0.223699207803064	1.44373112463951	0.148814622712307	0.370216946105134
SACI_RS00375	3230.95462260673	0.32	0.171984021515379	1.85640740778148	0.0633955096547952	0.217457937903443
SACI_RS00380	2271.31737315384	0.22	0.0874500191072307	2.52349090203648	0.0116196067238373	0.0679339710788457
SACI_RS00385	2595.97712120847	0.15	0.143697919595359	1.02817278269643	0.303868558860465	0.556569520638262
SACI_RS00390	1626.14597771122	0.04	0.133767896522539	0.335415813962663	0.737311440385617	0.864309595464783
SACI_RS00395	2000.07685145188	-0.03	0.121095937610908	-0.21641582652453	0.828663630787609	0.916023831343526
SACI_RS00400	2598.67518650617	-0.12	0.103202275630689	-1.18063201349871	0.237748940284366	0.490116747447058
SACI_RS00405	528.658874895483	-0.16	0.154452074213653	-1.02142778984262	0.307051804632736	0.559233737100938
rpsB	3507.59052993403	-0.12	0.0877972909182015	-1.39687402320901	0.162451457429563	0.387626357368709
amrB	1459.1773718902	-0.21	0.128033255205995	-1.60226725758646	0.109096522812909	0.306818918462794
SACI_RS00420	418.398285061858	-0.57	0.156912545248841	-3.60473286620432	0.000312474166499265	0.00503734900916245
fni	943.573988910188	-0.13	0.107833100231021	-1.23702699219504	0.216077061904991	0.463048236950308
SACI_RS00430	917.519844641267	-0.14	0.144879549009576	-1.00070450678035	0.316969687928047	0.56897063199453
SACI_RS00435	357.836159087227	-0.18	0.218973756968367	-0.833637270558389	0.404485416603854	0.644143025941638
SACI_RS00440	327.541019725012	-0.13	0.163776292711633	-0.815614949925626	0.414720396252438	0.653426931812784
ffs	103262.15342811	0.38	0.245587643254669	1.52766374937877	0.126596044944393	0.336531340028107
SACI_RS00450	2.90831491386021	1.45	1.5616188664088	0.928163680976675	0.353322670818605	NA
SACI_RS00455	4156.84489882527	0.16	0.127969873725024	1.23346736154199	0.217401446534941	0.46509769805464
SACI_RS00460	2633.45657418683	0.09	0.133793719610737	0.639526241300988	0.522480648223563	0.735514194294828
SACI_RS00465	140.119609300849	-0.04	0.220130260927715	-0.19675632904423	0.844018227370355	0.924308060572808
SACI_RS00470	653.989583149233	0.18	0.143312201737146	1.28300891094106	0.199488954188023	0.438565880302918
SACI_RS00475	711.929079617358	0.78	0.217773711955147	3.55895558854576	0.000372332479197381	0.00574971610299956
SACI_RS00480	1022.88961824342	0.37	0.137294933030467	2.69279288025918	0.00708562714620367	0.0480164307673589
SACI_RS00485	142.57377547198	-0.32	0.266939218239551	-1.20234765661141	0.229228860028098	0.480324946835192
SACI_RS00490	213.738921690358	-0.09	0.18255602702021	-0.510913630800848	0.60941153608376	0.799578060731936
SACI_RS00495	232.85206337403	-0.51	0.205048783342158	-2.47191407437649	0.0134391813832341	0.0746035602711994
SACI_RS00500	1083.71807390154	-0.17	0.11408941003377	-1.48036184342358	0.138776707146483	0.351763940766005
mobB	82.755477508726	-0.19	0.233138577677875	-0.812172298340344	0.416692772531945	0.653776591386328
SACI_RS00510	254.496792196009	-0.06	0.147403462535091	-0.409233684943315	0.682368176428995	0.835658264367888
SACI_RS00515	379.318292255498	0.13	0.163272539050088	0.781529163403126	0.434491331131404	0.670959946498678
SACI_RS00520	627.851714473428	0.41	0.11762681874696	3.48021476948297	0.000501011982130602	0.00675438375909404
SACI_RS00525	155.758688166337	-0.82	0.28594616966476	-2.86085109400135	0.00422505444359485	0.0337474568096542
SACI_RS00530	1057.71270988951	-0.61	0.181815700469233	-3.36914271210218	0.000754023771076252	0.00901996511127835
SACI_RS00535	367.876604590062	0.04	0.146448731349583	0.283006975913027	0.777171489517883	0.889592522592797
SACI_RS00545	135.682593969633	-0.49	0.210755402544455	-2.30249364715619	0.0213073492757863	0.105215360377332
SACI_RS00550	405.79351341667	0.26	0.150915385215646	1.71878889516802	0.0856528183014289	0.268442043089841
tpiA	256.954147927294	-0.39	0.190361168511346	-2.07365392020524	0.0381114636394781	0.156878851944088
SACI_RS00560	55.7562250905137	0.16	0.329163445883227	0.487854811199698	0.625652684429631	0.810866246147864
SACI_RS00565	328.61436586982	-0.09	0.13097134879531	-0.703789164075878	0.481564082838807	0.707627037527843
SACI_RS00570	205.327926342656	-0.32	0.183629600898747	-1.76797696918116	0.0770647539564488	0.248553893448067
SACI_RS00575	186.565371105075	-0.45	0.180043289848244	-2.49087864606778	0.0127427635245514	0.0720387985416001
SACI_RS00580	2030.40760561483	-0.08	0.0907368560564512	-0.863404100446927	0.387915325744208	0.631974584396573
SACI_RS00585	320.392836138045	0.03	0.151153365638822	0.191120935672405	0.848430845665726	0.927218967444198
SACI_RS00590	2352.22271528691	-0.16	0.128265736097894	-1.24732243774762	0.21227929342431	0.456830776727315
SACI_RS00595	351.548946915481	-0.09	0.148987914973374	-0.636205999852309	0.524642163055149	0.73760128182763
SACI_RS00600	484.646312982811	0.09	0.151717360124075	0.59273623808376	0.553357685498596	0.756819851127441
SACI_RS00605	1425.39413145767	-0.05	0.141175004867713	-0.380594732135279	0.703503990781759	0.847130514419623
SACI_RS00610	158.763475757852	-0.35	0.18284315191746	-1.89395243576834	0.0582313235372549	0.203809632380392
SACI_RS00615	554.344763767268	-0.79	0.174768396516838	-4.54704530431092	5.44042905771465e-06	0.00015233201361601
SACI_RS00620	6043.66810810534	-0.15	0.116590101879885	-1.32479519523815	0.185239088868337	0.417689556138515
SACI_RS00625	168.793778067837	-0.74	0.193947045890605	-3.8361404425031	0.00012498295383991	0.00239441027356458
SACI_RS00630	1636.49665053221	-0.06	0.149353504370407	-0.418948471617031	0.675253791342493	0.835658264367888
SACI_RS00635	829.966348518747	0.05	0.12506086194025	0.388940078982045	0.697320473082188	0.842087903810386
SACI_RS00640	893.750571347638	0.16	0.143277050064723	1.14479407120015	0.252294471883085	0.5049853215696
SACI_RS00645	838.454412597752	-0.00	0.156590027989289	-0.0295009049616084	0.976465097201887	0.98692307325284
thiC	1531.67733516811	0.26	0.174049894981463	1.47270338747945	0.14083103278723	0.355874964176023
SACI_RS00655	895.363605213216	-0.05	0.116681139892925	-0.416514399948493	0.677033632470226	0.835658264367888
SACI_RS00660	148.513878461598	-0.26	0.209803908447596	-1.26155764116286	0.207108006419322	0.449115915196964
SACI_RS00665	1002.00892564625	-0.08	0.177360458820051	-0.457706563694919	0.647163271754078	0.821674419115177
SACI_RS00670	145.778123816611	-0.17	0.187100044994531	-0.917437996723828	0.358913169564708	0.604036166480104
SACI_RS00685	231.945662139326	-0.63	0.195422650901914	-3.20501778180446	0.00135054136830386	0.0139885341725131
SACI_RS00690	1349.31329164897	-0.00	0.110045904622047	-0.0113965208964627	0.990907088762533	0.993222304344508
SACI_RS00695	350.487720436884	-0.39	0.15321449816845	-2.55761043159921	0.0105394088113583	0.0643990735044145
SACI_RS00700	2820.26920175719	-0.25	0.140849131969411	-1.79512018514123	0.0726345534029715	0.239640717860943
SACI_RS00705	3887.25928186882	-0.16	0.137831202162213	-1.15915457262639	0.2463931845476	0.499580751574946
SACI_RS00710	1595.91273350901	0.25	0.148414733168345	1.70008868602659	0.089114245096608	0.275562010323006
SACI_RS11970	800.525236294354	0.02	0.158830527481799	0.109495304797398	0.912809645608525	0.963878564861385
SACI_RS00720	1288.81444073212	0.09	0.121205522626132	0.717197667486166	0.473252138316613	0.700232026062596
cysS	2245.26493667216	-0.11	0.115875611450371	-0.906272050259559	0.364791875345079	0.609345943409619
SACI_RS00730	159.973164063361	-8.54	1.35131237454028	-6.31657908643213	2.67416626781305e-10	2.62068294245679e-08
SACI_RS00735	2100.31810179777	-0.25	0.17382460683207	-1.43445880682063	0.151441376300248	0.373184358619954
SACI_RS00740	11810.6227760847	0.89	0.157457893268712	5.65147419800308	1.59077569023946e-08	1.03930678428978e-06
SACI_RS00745	415.75605345717	0.10	0.135413637411851	0.720401212196611	0.471278003880548	0.698555179690306
SACI_RS00750	3295.14647830351	-0.11	0.102896747191112	-1.06828450321704	0.285392196655287	0.53945053195673
SACI_RS00755	809.554421453723	-0.01	0.130054683024751	-0.0705153946360259	0.943783447903193	0.975294591348737
SACI_RS00760	207.244172677989	-0.63	0.175540500693387	-3.61585283511547	0.000299360417947859	0.00488955349314836
SACI_RS00765	79.1051127360601	-0.36	0.269469034623978	-1.33614849322096	0.181500742402048	0.412545844460676
SACI_RS00770	488.322965623481	0.05	0.124783167942937	0.414381702026119	0.678594587382836	0.835658264367888
SACI_RS00775	707.336658055495	-0.38	0.112915511309557	-3.37125248991461	0.000748272432910106	0.00899338754271202
SACI_RS00780	802.655425371813	-0.06	0.108988536633048	-0.540482389667109	0.58886440248778	0.783512531351887
SACI_RS00785	930.183302290999	-0.10	0.116839698364412	-0.854907276743886	0.392602481841532	0.633251464652239
SACI_RS00790	1957.8636577889	0.10	0.151189701887867	0.661810573540822	0.508092628893654	0.72537180500513
SACI_RS00795	857.18535578588	0.40	0.156957773414891	2.56166778794091	0.0104170909396088	0.0638046820051036
SACI_RS00800	1031.7235801522	-0.11	0.188553553873605	-0.559962823565011	0.575504795695187	0.774636143386866
SACI_RS00805	888.04474663287	0.05	0.13166393392438	0.351175942263829	0.72545635747522	0.85975013899854
SACI_RS00810	80.3694575981033	-0.23	0.317187266506166	-0.726407561013328	0.467588957381023	0.695920948251662
SACI_RS00815	911.323517513219	-0.07	0.132823626962308	-0.522104792670736	0.601597369725018	0.791362982993984
SACI_RS00820	159.044207925359	-0.06	0.205369175061672	-0.27088229522179	0.786481562477862	0.895022340863596
SACI_RS00825	366.554354893323	0.07	0.14870606777622	0.480581401795721	0.630814036235728	0.812407280051703
SACI_RS00830	948.683892478788	0.07	0.126089887511758	0.528686908903161	0.597022659993879	0.787690410460429
dph2	1678.69806240912	-0.45	0.0956982661078918	-4.75163318015812	2.01780186660716e-06	6.85514554148671e-05
SACI_RS00840	3415.86577780529	-0.09	0.120013744630626	-0.716782116207557	0.473508548236206	0.700232026062596
SACI_RS00845	48.8118805181672	-0.17	0.306851491488762	-0.565556895802799	0.57169503668698	0.771996855749035
SACI_RS00850	445.900558654664	-0.37	0.124330330182001	-2.95516682588061	0.00312500021897309	0.0270833352311001
SACI_RS00855	450.271748616606	-0.18	0.136923837242342	-1.34782687284274	0.177714072553911	0.407208144664897
SACI_RS00860	550.728011724329	-0.36	0.115696232521878	-3.14890613258032	0.00163882826492063	0.0164398992874715
SACI_RS00865	4699.67518283028	0.53	0.163440048391749	3.27081029589118	0.00107239821786406	0.0118803072135549
SACI_RS00870	2938.39027231131	0.89	0.155550395298728	5.69664870929834	1.22185319961647e-08	8.41427554762912e-07
SACI_RS00875	1745.12544479291	0.78	0.162252520229002	4.81869372417931	1.44501176884518e-06	5.25984283859647e-05
aroF	1456.74762881394	0.68	0.158338893644134	4.31384640697768	1.60438430513395e-05	0.000408797120948131
aroB	830.3714492527	0.85	0.158398278642967	5.36960567407284	7.8908988458781e-08	3.86664789583017e-06
SACI_RS00890	368.223679577065	0.59	0.181440722606367	3.23826841203914	0.00120257610726543	0.0128207695452398
aroC	645.759077039751	0.69	0.188044105053794	3.68552847788769	0.000228228559102716	0.00392923222022785
SACI_RS00900	385.363103766035	0.47	0.18594645722537	2.51559518579553	0.0118831584381044	0.0692866995429977
aroA	467.852017745553	0.46	0.174726263068323	2.62518609584344	0.00866016204798283	0.0555820979805044
SACI_RS00910	126.935092377263	0.24	0.228800911128503	1.03487758523326	0.30072608378222	0.552849972205697
SACI_RS00915	159.204378653772	-0.04	0.190488764902753	-0.190586313892933	0.848849713578172	0.927218967444198
SACI_RS00920	544.947342078941	-0.29	0.144367127752027	-1.99285974912196	0.0462768069288553	0.17651692223761
SACI_RS00925	549.399416460542	-0.06	0.133947280469864	-0.418732724151194	0.675411476994437	0.835658264367888
SACI_RS00930	1879.56995187687	-0.03	0.107157053380295	-0.246709064817319	0.805133390672397	0.903563465677752
SACI_RS00935	620.999162045595	-0.33	0.140993715178976	-2.36684574549631	0.0179404084581654	0.0944466131227387
SACI_RS00940	4392.92399700297	-0.16	0.171399437230226	-0.927899455465352	0.35345972691424	0.598813420330774
SACI_RS00945	3787.83355052741	0.03	0.102100218948624	0.337474264267831	0.735759409566458	0.863692771275108
SACI_RS00950	303.514071441341	-0.48	0.17394021619276	-2.74512354881711	0.00604881207736267	0.0430513217126259
SACI_RS00955	3110.03427527428	0.06	0.127743453484061	0.463958922369327	0.642677176200047	0.818361541708006
SACI_RS00960	1029.74332866274	0.06	0.144594715015462	0.397668782010098	0.69087435198139	0.839460109131417
nucS	227.451748280186	-0.51	0.195580634077241	-2.63058264200988	0.0085238642593148	0.055264137742326
SACI_RS00970	248.720294685058	-0.14	0.165975893073177	-0.818016403110311	0.413347821042847	0.652951176700046
SACI_RS00975	942.267259137495	0.84	0.137905392637477	6.08150443728165	1.19060070528357e-09	9.86578637275762e-08
SACI_RS00980	701.674825792438	-0.24	0.234725527816708	-1.0297225972594	0.303140244663124	0.556084480490741
SACI_RS00985	987.625925066437	0.04	0.166546525084952	0.254814241269675	0.798866575336691	0.901470235452465
SACI_RS00990	1023.1914474179	-0.08	0.172462329067124	-0.481275972559133	0.630320371566732	0.812407280051703
SACI_RS00995	2455.88689648458	-0.10	0.166569385534874	-0.597642753961788	0.550078330276935	0.753953515624331
SACI_RS01000	354.3879535721	-0.25	0.191829468663689	-1.28513430181487	0.198745356735937	0.437686403598243
SACI_RS01005	6025.64978093448	0.20	0.141047985711703	1.41493593692618	0.157087280112135	0.381266031964103
SACI_RS01010	14793.5496896834	0.59	0.140448117032963	4.1927422914849	2.75602471744865e-05	0.000638395543641741
SACI_RS01015	1181.27556325586	-0.06	0.127830054195548	-0.486000082499186	0.626967107449297	0.811918949078121
SACI_RS01020	1095.01956863306	0.10	0.127604117724067	0.82061159923963	0.411867538565988	0.652303279751151
SACI_RS01025	3760.70172096066	0.13	0.0880978156226967	1.41913459517268	0.155859779690386	0.37966607901635
SACI_RS01030	722.609846202657	0.13	0.146810196144424	0.853448667605454	0.393410542586452	0.634035460158305
purT	1330.23070764522	-0.09	0.261816895167336	-0.347486830630635	0.728225610506314	0.860913897700975
SACI_RS01040	96.267144494739	0.17	0.222456891979494	0.774994617972453	0.438342839848183	0.673399329944259
SACI_RS01045	191.595282512084	0.34	0.220753009996866	1.52697079132597	0.126768274656167	0.336531340028107
SACI_RS01050	716.004536428289	-0.05	0.145298290757081	-0.352737483266921	0.724285255750628	0.858761671313448
SACI_RS01055	89.0807780752615	-1.05	0.306620667189068	-3.44027770025073	0.000581117597479968	0.00747822039585332
SACI_RS01060	126.124909885023	-0.13	0.270849871673043	-0.482921373116678	0.629151565408611	0.812407280051703
SACI_RS01065	161.752722232901	0.42	0.186025302509164	2.24455556367866	0.024796678135943	0.117220660279003
SACI_RS01070	292.306895842923	-0.16	0.146902384618637	-1.07399607678623	0.282824439914603	0.53859243116772
SACI_RS01075	175.559123435182	-0.63	0.18724743713417	-3.38107787947337	0.000722020755652923	0.00876051850192214
SACI_RS01080	95.6481992476794	-0.11	0.230677511379551	-0.479911466641115	0.63129034734789	0.812407280051703
SACI_RS01085	424.367916537641	-0.15	0.216123622224166	-0.702327088219268	0.482475203887001	0.708149089576082
SACI_RS01090	1033.03530922975	0.06	0.19945157104714	0.285416046252415	0.775325415456236	0.889592522592797
SACI_RS01095	743.660036142849	0.02	0.137689825994128	0.146013105277619	0.883911042792019	0.948372318383338
SACI_RS01100	1406.61705056025	0.29	0.219126481103998	1.32000617142922	0.186832957515061	0.419645742275703
SACI_RS01105	67.0256467407803	0.24	0.279157435600892	0.857976758180678	0.390905297323349	0.633251464652239
SACI_RS01110	51.7525986796426	0.15	0.330160035382656	0.463343155797521	0.64311841686044	0.818514348731469
SACI_RS01115	27.5500184637405	0.03	0.397299060029547	0.0804547879570401	0.935875553597708	0.972120224446376
SACI_RS01120	316.882756120068	-0.21	0.143477257884325	-1.49818286242195	0.134085746940103	0.344215459573896
SACI_RS01125	865.510124348122	-0.08	0.106938808650735	-0.791971086890296	0.428377535209021	0.665037857932608
SACI_RS01130	81.9879229536025	0.05	0.300573122006257	0.174883064411177	0.861171517835071	0.936119892254164
SACI_RS01135	409.958655924247	0.34	0.189442442930916	1.78504181364852	0.0742545348162623	0.242876193468339
SACI_RS01140	292.850737437066	-0.10	0.2331790955011	-0.411185368866801	0.680936615886361	0.835658264367888
SACI_RS01145	1221.47929396703	0.16	0.154810488403506	1.05508669973635	0.291385674336851	0.545518514482216
SACI_RS01150	1068.45471797582	0.41	0.132376479232472	3.12772674814349	0.00176163876825124	0.0173978898507913
SACI_RS01155	959.619773514835	-0.14	0.138599456590082	-1.04179749463135	0.297505575957588	0.550104649883842
SACI_RS01160	158.048629088211	-0.54	0.215035252766939	-2.49439283847999	0.0126172818308255	0.0716009668261544
SACI_RS01165	3416.71443494612	0.41	0.196594079573547	2.10765586975674	0.0350607671257094	0.148150637871157
SACI_RS01170	302.454450892337	0.21	0.167896700088333	1.28045795552796	0.200384122505224	0.440154089778716
SACI_RS01175	625.47632584668	0.26	0.137011192951219	1.906421176461	0.0565955834124933	0.199478740415271
SACI_RS01180	4560.71477575317	0.15	0.131751270306218	1.15827035401153	0.246753725556594	0.499784175451671
prpB	1761.48006775228	0.20	0.119407777266484	1.68968037116884	0.0910891205005347	0.278537154473165
SACI_RS01195	1334.7520769627	0.05	0.126067317005843	0.422084012804667	0.672963696707619	0.834815725029704
SACI_RS01200	7838.17901630305	-0.02	0.151239332143726	-0.106320662911265	0.915327937875685	0.963951678896139
SACI_RS01205	921.883561750289	0.07	0.113719692897917	0.626185844302748	0.531193050996539	0.744120722695253
SACI_RS01210	161.437907174481	0.03	0.179244376276213	0.151459920157268	0.879612925122789	0.945656397699842
SACI_RS01215	625.505436341812	0.12	0.174486190694862	0.703178483768553	0.481944526266691	0.707777897940938
bluB	112.139806052195	0.19	0.235640102562856	0.813645152904763	0.4158482630231	0.653650834467779
SACI_RS01225	32.4615914357664	0.40	0.353910547916825	1.13080902644448	0.25813547992961	0.511056101678824
SACI_RS01230	1412.9091317509	-0.54	0.437578003839983	-1.24521408723695	0.213053065714055	0.457722775244025
SACI_RS01235	6722.38563841374	-0.79	0.347865322299026	-2.26914524443927	0.0232594947524163	0.11182111816822
tatC	1981.84134414315	-0.30	0.154987482227134	-1.94612543283272	0.0516396742372947	0.190423192023398
SACI_RS01245	2304.60339816948	0.12	0.0998906983204414	1.15218936744606	0.249243265904343	0.501636525690574
SACI_RS01250	3757.44267091775	0.32	0.11368677738279	2.85725619409167	0.0042732077627206	0.033919418627452
SACI_RS01255	944.02217422415	0.13	0.186658817556128	0.673852195801756	0.500405286808466	0.719002716629974
SACI_RS01260	1101.03550925568	-0.00	0.152029686416233	-0.027822065283091	0.977804067222262	0.98749296998903
SACI_RS01265	1229.35545176386	0.11	0.14021793612753	0.793524964485135	0.427472030340532	0.664550782982108
SACI_RS01270	287.621643815647	0.37	0.246948415640046	1.49538761134248	0.134813311867033	0.344439550889567
SACI_RS01275	1051.4019134341	0.18	0.170725620025846	1.05279591975462	0.292434535419552	0.545875515976683
SACI_RS01280	3036.84666421283	-0.20	0.142802309518516	-1.38722786784053	0.165372290268123	0.390576214223195
SACI_RS01285	72.916937148408	0.98	0.338129348883443	2.88529188908456	0.00391050909911531	0.031732411415751
SACI_RS01290	631.215167674242	-0.26	0.178379811333736	-1.46059686920615	0.144126105993687	0.361806224701395
SACI_RS01295	1242.57625505527	-0.02	0.102691957714712	-0.203556193646878	0.838700328723766	0.923113795934408
SACI_RS01300	1632.77001468013	-0.31	0.092868425186107	-3.37280767838039	0.000744059039893056	0.00898513001728676
SACI_RS01305	247.2880436482	-0.31	0.155027098071528	-2.00953396274405	0.0444805366297046	0.17259728977884
SACI_RS01310	957.640607643675	-0.09	0.165264990542886	-0.574640196933168	0.565534660544472	0.768708167845622
SACI_RS01315	790.416036405843	-0.60	0.110662866466598	-5.40511770972954	6.47658459009039e-08	3.367823986847e-06
SACI_RS01320	397.884574921473	0.02	0.198993970186977	0.0888467744403032	0.929203684020818	0.968948670630799
SACI_RS01325	650.590180071004	0.09	0.188724140092948	0.484910924346677	0.627739532842974	0.811918949078121
thiD	1763.19322788232	0.19	0.117063713045856	1.66512040585209	0.0958887363704197	0.285759649440736
cas4	408.034924585804	-0.09	0.168643221211432	-0.541096977916944	0.588440741140736	0.78335789363981
SACI_RS01340	925.309781706789	-0.14	0.145645990721031	-0.953516748782411	0.340328314191561	0.589902411265372
SACI_RS01345	3910.00698129442	0.01	0.232252507281497	0.0590228516170667	0.952933906880075	0.979020480092525
SACI_RS01350	12179.1636012402	0.12	0.239900661620358	0.507233327297642	0.611991113383484	0.800900542835704
SACI_RS01355	1249.97339008567	-0.69	0.267884317013856	-2.57731422415149	0.00995713889712231	0.0617359992499571
SACI_RS01360	687.805293652945	0.09	0.108050021796823	0.791205284302554	0.428824208363273	0.665037857932608
queC	702.295992151718	0.21	0.133134287832074	1.56792791356501	0.116897956560564	0.319794038016917
SACI_RS01370	796.421574721098	-0.16	0.140941854985048	-1.11058064183913	0.266748899066716	0.516864026480602
SACI_RS01375	1025.38326997116	-0.12	0.121926441028398	-1.00353589096714	0.315602368903351	0.568154008191137
SACI_RS01380	189.634244924644	-0.03	0.175120847941006	-0.196337464814579	0.844346039324075	0.924308060572808
SACI_RS01385	92.9644353727358	-0.29	0.287198680452214	-1.00753588266357	0.313677323160176	0.565640353440997
SACI_RS01390	208.665696626895	0.16	0.233833855492757	0.663225024846602	0.507186446458962	0.725202618169155
SACI_RS01395	152.233377042261	-0.44	0.272161069879543	-1.61810101548491	0.105640829714584	0.300378253498788
SACI_RS01400	87.6874109539058	-0.06	0.253021477462628	-0.237454443238386	0.81230425759434	0.908318091771193
SACI_RS01405	185.128572682998	-0.76	0.215377053519586	-3.54028142195919	0.000399700570974555	0.00599080620495979
SACI_RS01410	79.1325561897862	0.46	0.244000167117289	1.86849170659886	0.0616935650485349	0.213275866247486
SACI_RS01415	2614.04942114018	0.29	0.183149359430274	1.58903409947646	0.112052694381765	0.311511076021305
SACI_RS01420	2813.53567922892	0.22	0.179953652542441	1.21158824500659	0.225670036508994	0.475564959211388
SACI_RS01425	2691.44102742182	0.28	0.156943465273326	1.76817204321914	0.077032146398858	0.248553893448067
SACI_RS01430	320.024700382259	0.02	0.204839809734283	0.0961682644935917	0.923386935228911	0.966635131866584
SACI_RS01435	346.999440140676	-0.12	0.23181805545338	-0.528970603092292	0.596825842754842	0.787690410460429
SACI_RS01440	525.104598915002	0.11	0.169303873856405	0.677478202342835	0.498102595586822	0.718666712092425
SACI_RS01445	226.69960377593	-0.00	0.270581801442711	-0.0167711966665867	0.986619148395279	0.992050668606714
SACI_RS01450	630.258930409652	-0.23	0.16374538333052	-1.40460919362406	0.160137521281769	0.384934343609385
SACI_RS01455	2615.97349980805	-0.06	0.155059211897096	-0.389234657058144	0.697102568289555	0.842087903810386
SACI_RS01460	2273.70065909938	0.02	0.0975915537697501	0.219664662336027	0.826132327826147	0.914415799870123
SACI_RS01465	467.227180425753	-0.22	0.132532200162015	-1.63167531657488	0.102747902565896	0.296089329688118
SACI_RS01470	17880.7409329407	7.17	0.423460046798	16.9381885734695	2.35257889021161e-64	1.19887420245184e-61
SACI_RS01475	372.298487733945	0.18	0.12731009981941	1.39831326668967	0.162019015683855	0.387626357368709
SACI_RS01480	181.151502362656	0.25	0.19674113491849	1.26753611552867	0.204963658408735	0.446578806460046
SACI_RS01485	34.6407552983581	-0.34	0.401016728189112	-0.841804078134794	0.399897628848149	0.640969354997976
SACI_RS01490	1436.5591882221	0.25	0.203341275990444	1.23136236688571	0.218187365549265	0.465612569028079
acs	17284.1353274201	0.10	0.158777141380984	0.653378509676513	0.513512289751671	0.730150286990657
SACI_RS01500	88.5902208493341	0.44	0.2691157197661	1.62213423274194	0.104774609770014	0.299399935712043
SACI_RS01505	431.420179425748	-0.07	0.165605242270329	-0.428869751772161	0.668018014143582	0.831516112976047
lipA	1547.90609184609	0.04	0.0991978789054015	0.398803121039899	0.690038277189233	0.839244644524184
SACI_RS01515	1018.95304961301	0.06	0.104287992367615	0.618862077708075	0.536007222647259	0.74630951000285
SACI_RS01520	78.8143799795387	0.64	0.326531041542645	1.95700648690812	0.0503467056907808	0.186685921525303
SACI_RS01525	598.936325589263	0.23	0.149524376645194	1.54980401275809	0.121188563615625	0.327800913049482
SACI_RS01530	156.706539250524	-0.28	0.180245644595709	-1.54072935857124	0.123382668394505	0.331973642100528
SACI_RS01535	1306.0018928619	0.53	0.168975948672969	3.12846385813675	0.00175722620454816	0.0173978898507913
SACI_RS01540	14380.4455031392	0.40	0.0783004802196245	5.15359448689352	2.55540223529832e-07	1.12261463716209e-05
SACI_RS01545	6263.47576047368	0.32	0.0820963181593624	3.88122888822381	0.000103929967749912	0.00206885592052168
SACI_RS01550	923.036501461546	0.27	0.134941761620216	1.9846620335061	0.047182085574181	0.17970097764277
fdhD	377.376313415669	0.04	0.192677399414055	0.183930492962114	0.85406798296147	0.931206256695661
SACI_RS01560	173.662608573824	0.21	0.182315385300622	1.17464758395312	0.240135737755812	0.491853585049686
fdhF	4360.56976072269	0.29	0.14573601537008	2.00441181362685	0.0450259648709704	0.173302354216363
SACI_RS01570	545.625882690807	-0.12	0.166509413518415	-0.704861035651962	0.48089672043253	0.707462380867255
SACI_RS01575	404.418196991837	-0.25	0.185402954285294	-1.3549433614286	0.175435603041472	0.402802451841436
SACI_RS01580	218.237979655902	-1.05	0.211967024846054	-4.97665456750663	6.46926204540634e-07	2.53595072179928e-05
SACI_RS01585	249.517928080196	1.27	0.269747174277988	4.70359085645314	2.55625261701984e-06	7.7804738346259e-05
SACI_RS01590	2837.37405430272	0.54	0.157766532400772	3.44610103261311	0.000568737682162226	0.00739358986810894
SACI_RS01595	2472.35408427135	0.39	0.163228950524752	2.36597340862583	0.0179827359719491	0.0944742500134562
SACI_RS01600	2679.01437414412	0.43	0.164766010444188	2.59135233040662	0.00955995602159808	0.059849552685582
SACI_RS01605	8200.79855037175	0.39	0.143271050738058	2.69180701914854	0.00710660536866668	0.0480308500778852
SACI_RS01610	28191.0619318392	0.23	0.139701122934955	1.62146136397561	0.104918729576238	0.299399935712043
SACI_RS01615	6371.88246569029	0.42	0.276340317425323	1.51204496676968	0.130522423565478	0.339913464655911
SACI_RS01620	31938.2297492835	0.54	0.16685750152706	3.24235660813565	0.00118545586056277	0.0127449009819153
SACI_RS01625	7704.50280129421	0.60	0.170293261961829	3.52243558082403	0.000427600947619268	0.00619049553712441
SACI_RS01630	19664.1181630548	0.63	0.156461662845906	4.00105405005595	6.30609501224653e-05	0.0013170434500987
SACI_RS01635	4554.17013861288	0.32	0.119295520366396	2.65731684578086	0.00787653765169774	0.0521283582766905
SACI_RS01640	2951.8132846464	0.48	0.137286715703194	3.51369422465375	0.000441921205406738	0.00627621039529694
SACI_RS01645	6148.87372026712	0.53	0.148924724446622	3.55345817942207	0.00038020164298801	0.00583586618273162
SACI_RS01650	2101.92950028447	0.13	0.163695907727714	0.770260832981738	0.441145184834818	0.674311019294492
SACI_RS01655	875.197951279038	-0.18	0.126592922877243	-1.40881214622116	0.158890722625729	0.383460755299567
SACI_RS01660	242.255390408808	0.30	0.159660182217652	1.90246657903852	0.05711018408302	0.200989984866761
SACI_RS01665	654.731048740452	-0.23	0.141910009547359	-1.61098462037706	0.107183074602563	0.303447193430368
SACI_RS01670	137.616217017449	0.02	0.194866539164111	0.126552592624391	0.899294520752407	0.957543852435074
SACI_RS01675	123.778325663747	-0.10	0.213124351612761	-0.453907748977548	0.649895225990705	0.822442076114168
SACI_RS01680	733.587230869586	0.22	0.160828497700977	1.33858719299864	0.180705097672043	0.411104097203897
SACI_RS01685	853.440742568269	0.32	0.165747737294837	1.95652227047673	0.0504036615881038	0.186685921525303
SACI_RS01690	1062.6493426848	0.09	0.164571408032515	0.537873943824089	0.590664078184277	0.784677826492981
SACI_RS01695	198.053455525503	-0.15	0.179546158280313	-0.819652244455139	0.412414381384482	0.652303279751151
SACI_RS01700	105.202148361136	-0.19	0.232396016717966	-0.796731979252564	0.425606707073113	0.662459309482157
SACI_RS01705	496.585840926652	0.30	0.140982189822448	2.10168387607899	0.0355809769335952	0.14935803826491
SACI_RS01710	1242.15239193475	0.12	0.17134109142543	0.673189940706088	0.500826460006265	0.719002716629974
SACI_RS01715	2096.74786731047	0.08	0.134643575041079	0.567425238992701	0.570425306372268	0.771057655510101
SACI_RS01720	486.081992149026	0.18	0.146930551063659	1.23249680032106	0.217763561137828	0.46509769805464
SACI_RS01725	394.527660368713	-0.05	0.220118932859364	-0.247505927978976	0.804516704328818	0.903441411471939
SACI_RS01730	397.302616996233	0.06	0.157641215710389	0.384268902023358	0.700779154500229	0.844248362017297
SACI_RS01735	1526.29457237218	0.40	0.156569499858964	2.53889382481349	0.0111203565768663	0.066513306473839
SACI_RS01740	907.021517383052	0.95	0.156201070317493	6.05296267402572	1.42205827336597e-09	1.13231390016765e-07
SACI_RS01745	2770.24049385045	0.71	0.131912083464906	5.38261111568556	7.34130302028375e-08	3.7411280191366e-06
SACI_RS01750	15.2606181518977	-0.15	0.579631693145353	-0.261747981914716	0.793515745520652	0.899012058508947
SACI_RS01755	630.739398653695	-0.13	0.149020619285399	-0.869832829237134	0.384391767810617	0.628242607043908
SACI_RS01760	8244.73063516087	0.15	0.178304735078023	0.829417435609194	0.406868238758986	0.646177856446966
SACI_RS01765	956.269937384102	0.15	0.171625337647956	0.895630063685481	0.370450373593625	0.614923486590591
SACI_RS01770	7846.81589975445	0.08	0.241795552512962	0.348498210648924	0.727466057398232	0.860913897700975
SACI_RS01775	945.468983300399	-0.10	0.112558400240456	-0.888067748809027	0.374504309621609	0.619634403192116
SACI_RS01780	393.692478834425	0.29	0.179839698171286	1.63514525746075	0.102018600692797	0.29539022109687
SACI_RS01785	876.261437340893	-0.03	0.104083979463421	-0.282321049137942	0.777697346899046	0.889794719307934
SACI_RS01790	472.407589855459	-0.22	0.11518099584983	-1.87219265436707	0.061179954979788	0.212090510596598
SACI_RS01795	1398.06909483918	-0.33	0.113756165537455	-2.88529730222569	0.00391044185489875	0.031732411415751
SACI_RS01800	1661.08723169078	0.36	0.114121647694894	3.19294528346827	0.00140829629031976	0.0145276880475091
SACI_RS01805	2687.83851556922	0.35	0.121873053200942	2.89008535054107	0.00385137244349822	0.0315540096013937
SACI_RS01810	173.724857174669	-0.15	0.189569018299043	-0.773026486628486	0.439506705532693	0.673399329944259
SACI_RS01815	681.419800207488	0.04	0.12395091082822	0.306583523906318	0.759160396102978	0.876854346904074
SACI_RS01820	5701.13973219552	0.30	0.215278425226172	1.39546938940998	0.16287433931744	0.387809212294596
leuS	10288.3055616085	0.07	0.0903231471918183	0.777194184287815	0.437044212891675	0.673270045010876
SACI_RS01830	662.279517471291	-0.04	0.182235709324916	-0.236836947858589	0.812783286613449	0.908318091771193
SACI_RS01835	1089.38110581917	-0.11	0.188077333831066	-0.561341923108651	0.574564467355585	0.77377920867972
SACI_RS01840	124.582829906821	-0.60	0.219556645719455	-2.75550282088669	0.00586019991972526	0.0421801960323728
priX	245.71690837212	-0.41	0.164834210753005	-2.49845539874768	0.0124735837816882	0.0711022180665357
SACI_RS01850	1059.089995709	-0.17	0.108005824931638	-1.59923215161601	0.109769028829251	0.307729566690547
SACI_RS01855	736.383262105405	-0.43	0.12947767549896	-3.3207960381672	0.00089761108108013	0.0103023109666314
sfsA	288.698067092584	-0.23	0.159918876540652	-1.4389076791977	0.150176681510487	0.37114469882514
SACI_RS01865	788.670050298663	-0.05	0.129265433053829	-0.414487773482793	0.678516919365325	0.835658264367888
SACI_RS01870	31.6258072485245	-0.07	0.351061042553086	-0.195807087997352	0.844761162048127	0.924308060572808
SACI_RS01875	1615.07604309709	0.04	0.172319394176778	0.225994772161522	0.821205486366279	0.911384344253116
SACI_RS01880	10811.1377758276	3.75	0.157803024432119	23.737115752586	1.4927516956452e-124	9.50882830125993e-122
SACI_RS01885	1715.74658463454	-0.28	0.223163183367568	-1.23250150513998	0.217761804733275	0.46509769805464
SACI_RS01890	4305.55044588086	0.10	0.166464409915237	0.609765209567439	0.542017350779	0.75057620097005
SACI_RS01895	1835.43187432175	0.10	0.238007830728906	0.399559410186031	0.689481057511093	0.839244644524184
SACI_RS01900	352.531556312236	-0.10	0.162621759071887	-0.626140544193291	0.531222760825222	0.744120722695253
SACI_RS01905	325.901758289687	-0.19	0.13343308370129	-1.40797878185945	0.159137352996161	0.383615870798692
SACI_RS01910	291.274623016193	-0.12	0.188218273103555	-0.624550718734878	0.532265972641889	0.744290477378967
SACI_RS01915	74.7268165539336	-0.18	0.25083194241321	-0.73588448318181	0.461801001127435	0.692973469300768
SACI_RS01920	311.563651508197	-0.17	0.152023548591738	-1.13466352200556	0.25651632683017	0.509433827562956
SACI_RS01925	736.316543243327	-0.09	0.109710267129299	-0.857151456849516	0.391361186209972	0.633251464652239
cobM	535.229975982425	-0.05	0.123628214982204	-0.369438099070085	0.711801204395546	0.851136246582201
SACI_RS01935	362.268706057491	0.16	0.147809568934399	1.1016103017193	0.27063112775532	0.523192802367644
cbiT	390.243411275057	0.28	0.141341824233634	2.00739797515981	0.0447073042598251	0.17259728977884
cbiD	420.124892164806	0.17	0.157340988627554	1.07758208573616	0.281220300329247	0.536741067594698
SACI_RS01950	341.304894978475	0.20	0.178147353928963	1.14065861621006	0.25401201435424	0.506830550175885
SACI_RS01955	193.004646854829	0.04	0.167777959945511	0.253164005122936	0.800141480380971	0.901470235452465
SACI_RS01960	92.5234743628031	-0.21	0.254056629262876	-0.820458579821421	0.411954732482194	0.652303279751151
cbiG	240.902392997937	-0.16	0.166250917197783	-0.965448241482331	0.334320348542054	0.582916242856346
SACI_RS01970	193.107873791626	0.21	0.18920787520804	1.08641846005784	0.277293898052393	0.531236731005636
SACI_RS01975	297.571503249185	-0.29	0.17510784328314	-1.64015055678885	0.100973866715349	0.294372325389827
SACI_RS01980	229.498232877947	-0.40	0.185091713752586	-2.14500906895508	0.0319521218974228	0.137989841685819
SACI_RS01985	5576.55190309461	-0.07	0.175238050446156	-0.390561216382537	0.696121597895532	0.842087903810386
SACI_RS01990	78.8836147955756	-0.28	0.266034511547479	-1.06080011139239	0.288780751592674	0.541836049380068
SACI_RS01995	199.431479927049	-0.47	0.202838029693511	-2.30502413344695	0.0211652218446865	0.104920204786501
SACI_RS02000	917.682370906266	-0.49	0.1116701193889	-4.42856578077156	9.48617875128076e-06	0.000254429299560667
SACI_RS02005	1292.1750485356	-0.10	0.156015252415037	-0.639722026462733	0.522353332874199	0.735514194294828
SACI_RS11520	78.5496576668283	-0.32	0.25280887518675	-1.27487500995468	0.202353485555575	0.442952475253956
cobS	37.185842312638	-0.28	0.38405496839449	-0.728112404662662	0.466544780966884	0.695600386785293
SACI_RS02015	466.566135672951	-0.22	0.134548473265958	-1.62189230751101	0.104826408925326	0.299399935712043
SACI_RS02020	354.404747225233	-0.26	0.246715352669596	-1.04005085688576	0.298316273482346	0.550915131986772
htpX	12020.1154835448	-0.08	0.124423775290681	-0.620997093886878	0.534601535284537	0.745982865227272
SACI_RS02030	388.842926544245	-0.29	0.149640526675604	-1.95982413838164	0.0500163488773851	0.186591005768049
SACI_RS02035	87.8164248299146	-0.53	0.235235538839631	-2.26327603199189	0.0236186788246631	0.113334074661472
SACI_RS02040	696.031845204968	-0.15	0.138537257460735	-1.11182182145541	0.26621476755585	0.516664678805056
SACI_RS02050	968.834528856368	-0.14	0.11431774178857	-1.2001890344866	0.23006593304767	0.48088145495765
SACI_RS02055	623.279302300755	-0.16	0.126998719617682	-1.26842801431911	0.204645142611853	0.446434780286816
SACI_RS02060	3342.17872217672	0.08	0.0951593423423347	0.860514572318702	0.389505454228204	0.633243893414422
SACI_RS02065	642.151609694183	-0.20	0.139885151631439	-1.41376148257569	0.157431946343906	0.381671359927948
SACI_RS02070	1491.40226442025	0.09	0.110473312585304	0.799969670723002	0.423728369650669	0.661151185468405
SACI_RS02075	120.566659706989	-0.24	0.205002857701761	-1.15899745308942	0.246457223206322	0.499580751574946
SACI_RS02080	46.606376972164	-0.84	0.319741197806857	-2.63522264098039	0.00840821115479064	0.0546533725061392
SACI_RS02085	1235.55302452283	0.06	0.107952424367427	0.556515955037898	0.577858190407605	0.776495625289564
SACI_RS02090	792.976306645739	0.19	0.144523749962776	1.3346074446507	0.182004860175566	0.412721480685293
SACI_RS02095	432.428783059582	-0.45	0.130256004949258	-3.45778643259111	0.000544632943108414	0.00715322030433113
SACI_RS02100	14771.762883159	-0.67	0.14141616207815	-4.73387846567702	2.20269651288169e-06	7.10439330990195e-05
SACI_RS02105	130.830562905134	-0.50	0.300961014406843	-1.64708955297359	0.0995396401276944	0.292819010394124
SACI_RS02110	153.671985891144	0.11	0.194174784148821	0.554765371304363	0.579055155878919	0.776495625289564
SACI_RS02115	777.02364645333	-0.05	0.130607685004851	-0.358030737451215	0.720320311047017	0.855653217971003
SACI_RS02120	280.599114293822	0.27	0.172221438358727	1.58664025772763	0.112594144171855	0.312176147279527
SACI_RS02125	167.089689247929	-0.22	0.185599863475897	-1.18881333976329	0.234513127527131	0.486301217080467
SACI_RS12010	69.5711814205516	-0.12	0.284232425386115	-0.418569589678733	0.675530718285474	0.835658264367888
SACI_RS02130	414.685245396667	0.37	0.171623535273857	2.16232717545438	0.0305929664742432	0.135719150147073
SACI_RS02135	525.966118764956	-0.15	0.175969025230877	-0.847776570526719	0.396562413657846	0.637494893832262
SACI_RS02140	56.8169752302581	-1.14	0.399763143978668	-2.84883924865202	0.00438790447270116	0.0344728887343937
SACI_RS12015	2.65859703234131	1.04	1.10029354285808	0.94942606411447	0.342403959337781	NA
SACI_RS02145	176.266409547076	-0.14	0.190934358505354	-0.751676484045896	0.452245635541412	0.684683231942672
SACI_RS02150	2488.99487611564	-0.12	0.113390936371357	-1.06237369542015	0.288066070513121	0.541691769496259
SACI_RS02155	116.181280392826	0.35	0.23282092969484	1.48620069728258	0.137226043172986	0.348954049904959
abfR1	1782.80108662219	0.75	0.158015195354654	4.74093569322136	2.12733452110002e-06	7.10439330990195e-05
SACI_RS02165	223.904093825221	-0.42	0.163592641197843	-2.55414544131337	0.0106448781740913	0.0648879176736476
SACI_RS02170	150.495631994726	-0.01	0.181036661125974	-0.0393589546644877	0.968604203967255	0.984048415641589
cbp1	1674.10167206049	-0.09	0.119142743027711	-0.735961479582139	0.461754140585323	0.692973469300768
SACI_RS02180	1366.27829984953	-0.09	0.172230789199195	-0.502193809978831	0.61553119673663	0.803481660967261
SACI_RS02185	19146.9538661406	-0.08	0.189687928909279	-0.401173148254585	0.688292648737812	0.839244644524184
SACI_RS02190	713.432859133091	-0.58	0.137774673490808	-4.19808144883909	2.69185821584955e-05	0.0006292527278885
SACI_RS02195	424.676549262008	0.44	0.203651970087111	2.15903314190733	0.0308475958416867	0.136092728176582
SACI_RS02200	127.594416641381	0.02	0.210552759895968	0.116639329919416	0.907145869657395	0.962106214528467
SACI_RS02205	106.247423580375	-0.14	0.26861221112305	-0.53352804768002	0.593668100890282	0.786262773682131
SACI_RS02210	4823.5933958197	0.54	0.141289765758956	3.8050995114303	0.000141747191667744	0.00263629083481323
SACI_RS02215	6.76294058900528	0.16	0.739050977559957	0.210621927069317	0.833182300788557	NA
coaBC	1131.73242856353	-0.08	0.0973980912243359	-0.841662396500621	0.399976952294655	0.640969354997976
SACI_RS02230	62.3336394396226	-0.36	0.28023894584111	-1.26904839981741	0.204423802298983	0.446334060203779
SACI_RS02235	142.82264716019	-0.11	0.182413006773105	-0.599006882881595	0.549168294737264	0.753304534211952
SACI_RS02240	226.594027333821	0.05	0.177085626282038	0.299122176608342	0.764846826001483	0.881085995804
SACI_RS02245	277.900325675642	-0.06	0.175354851119087	-0.370276652001952	0.711176368474421	0.851136246582201
SACI_RS02250	335.840738200565	-0.45	0.206237774984452	-2.20474912707355	0.0274717036937051	0.126578482841882
SACI_RS02255	157.00639547824	-0.70	0.252983593437188	-2.7601552673473	0.00577738960998926	0.0419395690206628
SACI_RS02260	80.6620696340867	0.90	0.330215164433486	2.71275490394967	0.00667264395063337	0.0465805391403119
SACI_RS02265	83.0593258425111	0.70	0.452798755955327	1.54128994379072	0.123246235269799	0.331957090346139
SACI_RS02270	58.5438087987796	0.82	0.457448336718583	1.79753458278211	0.0722507930549978	0.239084442472902
SACI_RS02275	4152.4227789348	0.11	0.114184970762783	0.95055009945185	0.341832810159559	0.59050169510953
SACI_RS02280	1650.55889305637	-0.07	0.121919218279824	-0.538604341315544	0.590159891381888	0.784677826492981
SACI_RS02285	615.319151204429	0.08	0.195870650087495	0.396622189390922	0.691646087101303	0.839943517724978
SACI_RS02290	43.7907621097464	-0.03	0.367305525530673	-0.0688917781674652	0.94507576304347	0.975294591348737
SACI_RS02295	4.15633189272119	1.54	1.53461950349288	1.00597541037991	0.314427398746479	NA
SACI_RS02300	1.40398314229715	0.00	2.44235973098356	0	1	NA
SACI_RS02305	3.02120445016954	-1.55	1.45776086042056	-1.06114393289967	0.288624494843779	NA
SACI_RS02310	3.38501348047416	4.21	1.73386252019556	2.43010670060575	0.0150943783838822	NA
SACI_RS02315	220.359473500309	0.82	0.193763211666172	4.24483274670566	2.18756527153164e-05	0.000541156923481808
SACI_RS02320	3.56472197672608	0.12	1.06618575956825	0.113759621206407	0.909428348341352	NA
SACI_RS02325	13.4782097786193	0.18	0.64215291910094	0.283754723408377	0.776598354328855	0.889592522592797
SACI_RS02330	32.0172151227503	0.19	0.375532075800857	0.505416341870043	0.613266443290003	0.801995518448087
SACI_RS02335	44.4718590981812	0.45	0.336066983059546	1.34138732651398	0.179794730177465	0.409764733892828
SACI_RS02340	349.586553070953	0.03	0.170797774471277	0.196479723939623	0.844234701315406	0.924308060572808
SACI_RS11795	22.8312782899084	-1.52	0.533899715061033	-2.84719875873058	0.00441058152567203	0.0344728887343937
SACI_RS02345	3.791448189822	-0.36	1.36451334117063	-0.267452020397698	0.789121151138838	NA
SACI_RS02350	94.8186164332661	0.23	0.306086068392187	0.762900697140647	0.44552262042472	0.678053212106294
SACI_RS02355	240.894383993539	-0.07	0.175448236340537	-0.423708702989274	0.671778267352145	0.834173612349249
SACI_RS02360	35.5991703589536	0.21	0.349537742930486	0.603742587709836	0.546014795090072	0.752028717375706
SACI_RS02370	281.184758390955	-0.39	0.157353849446385	-2.45800434630911	0.0139711483255342	0.0772201430226925
SACI_RS02375	212.271539886298	-0.82	0.180734807471445	-4.52884472907555	5.93070595654393e-06	0.000164254769318195
SACI_RS02380	304.730302864353	-0.52	0.147923143085967	-3.54053275260568	0.000399320068692888	0.00599080620495979
SACI_RS02385	1620.81286216959	-0.20	0.116122563184634	-1.72687514305023	0.0841900894712759	0.264508443862899
SACI_RS02390	706.177524940574	-0.53	0.127301690316203	-4.15178751831984	3.29888478902717e-05	0.000750496289503682
SACI_RS02395	170.920593341789	0.02	0.192458150759372	0.0832580317806986	0.933646370172705	0.970376794572639
SACI_RS02400	597.496812460496	-0.61	0.124983190073422	-4.8660973807962	1.13823449998369e-06	4.39427500902793e-05
SACI_RS02405	1017.14483416574	-0.24	0.113653357758441	-2.1180663786571	0.0341694464467775	0.145348496738546
SACI_RS12020	47.1615837214802	0.16	0.311616870265676	0.524076316502316	0.600225460413183	0.790374404719788
SACI_RS02410	327.751337298108	-0.26	0.145697327757545	-1.75613122560694	0.0790660044732416	0.252140399746958
SACI_RS02415	484.312366961489	-0.00	0.165300197963748	-0.0206946593582627	0.983489229323716	0.990628738867582
SACI_RS12025	48.0913420696206	-0.51	0.357114257874012	-1.42337116229687	0.154628587650409	0.37920465960851
SACI_RS02420	30.1227327622336	-0.53	0.433899709457126	-1.22999740066171	0.218698078229325	0.465920202093271
SACI_RS02425	21.9490359577851	-0.51	0.495494336946774	-1.02457817988203	0.305562264583834	0.558253231267765
SACI_RS02435	8.00898224206602	0.66	0.69157849479568	0.959299873087875	0.337407699298807	NA
SACI_RS02440	34.0586770210787	0.45	0.371504843363593	1.19804428556511	0.230899776869391	0.481056934965828
SACI_RS11495	9.88342754274891	-1.19	0.82043744618898	-1.45370693443778	0.146027574820186	NA
SACI_RS12030	160.604947807021	0.01	0.224042788778958	0.0285746136774666	0.977203859165355	0.987278125754688
SACI_RS02455	1733.81735939797	-0.14	0.0994493281475635	-1.43244096280964	0.152017662515797	0.374242516029228
SACI_RS12035	167.981611824192	-0.84	0.21971531270792	-3.83290252560254	0.000126640142515659	0.00240805285917834
SACI_RS02465	600.861992844766	-0.16	0.15738545973305	-1.04631066413143	0.295417623413645	0.54903289894819
SACI_RS02470	49.7985030150455	0.38	0.314766364948773	1.19923111617422	0.230438091249329	0.48088145495765
SACI_RS12165	4.53076081038935	-0.03	0.901790055411278	-0.032953403885572	0.973711745753311	NA
SACI_RS02475	36.8036457724793	-0.10	0.410367574217326	-0.252647861768118	0.800540341178517	0.901470235452465
SACI_RS11530	3.68286626879214	-0.59	1.43344404076976	-0.410649376464314	0.681329652228147	NA
SACI_RS02480	28.2934066106322	-0.31	0.394687556132415	-0.792117049859485	0.428292429450776	0.665037857932608
SACI_RS11535	7.76906813030227	-0.65	0.854979138589396	-0.760670719669237	0.446853767869265	NA
SACI_RS02495	248.801378342784	-0.19	0.167292241946873	-1.13768749733551	0.255250995936497	0.507712363502103
SACI_RS02500	19.0148679884679	0.12	0.536463409458964	0.229043352073201	0.818835221521374	0.910690591198804
SACI_RS02505	1.9495325379447	3.39	1.96635248269582	1.72564116678271	0.0844119884297812	NA
SACI_RS02510	40.6344602303254	-0.25	0.280212047316729	-0.90866531356036	0.363526818910666	0.608185380554417
SACI_RS02515	100.148400525809	-0.11	0.253805645912163	-0.428419457456076	0.668345761136163	0.831516112976047
SACI_RS02520	275.757036456512	0.26	0.180493431695159	1.42693534951848	0.153598530453953	0.377041479380225
SACI_RS02525	595.00035424591	0.40	0.152861016288832	2.64936901368984	0.00806422258518568	0.0528216944654322
SACI_RS02530	238.587951449816	0.89	0.244886605249495	3.61660547969484	0.000298491715497321	0.00488955349314836
SACI_RS02535	59.2822106826627	-0.40	0.288134182591562	-1.40503461649803	0.160010984879209	0.384934343609385
SACI_RS02540	171.084210212659	-0.32	0.169624118340048	-1.90866088257293	0.0563058524590983	0.199478740415271
SACI_RS02545	90.5755159829325	-0.56	0.250246108615412	-2.2471888596076	0.0246279598518914	0.116729459731169
SACI_RS02550	9.53525738699004	-0.28	0.777040178630044	-0.361672262735983	0.71759695695291	NA
SACI_RS02555	10.0855554055241	0.20	0.674578640697765	0.298623337769098	0.765227456563632	NA
SACI_RS02560	95.2543461042091	-0.14	0.283143812859416	-0.496295507721018	0.619685935281769	0.805883362702411
SACI_RS02565	56.0416506209777	0.14	0.382417480659707	0.358713038381969	0.719809773474988	0.855548169106139
SACI_RS02570	1996.84759726669	0.23	0.194836540756937	1.20129872569575	0.229635344579865	0.480781313056283
SACI_RS02575	1477.97602904744	-0.20	0.112513067909377	-1.80806423681909	0.0705965034802654	0.234926413047343
SACI_RS02580	24.8155038631137	0.05	0.445904675689068	0.103802124688781	0.917326380322413	0.964586701601949
SACI_RS02585	1221.47882786345	-0.22	0.107085984099114	-2.01884415611008	0.0435034199766423	0.170271450231159
SACI_RS02590	1365.30269364353	0.19	0.142066263130317	1.35975436833759	0.17390766691463	0.399924851352417
SACI_RS02595	88.9269912647094	-0.68	0.259454424111525	-2.60758568392607	0.00911832463602034	0.0579388807296255
SACI_RS02600	328.233696679299	-0.06	0.178114835650167	-0.315536191630981	0.752354576494098	0.873348273761714
SACI_RS02605	588.628375673143	-0.22	0.125315892471801	-1.7649853739523	0.0775662238730654	0.248553893448067
nadC	503.214346370371	-0.17	0.120091205120794	-1.39218331214176	0.163866894823164	0.388764290511566
SACI_RS02615	409.310954143835	-0.26	0.130374228483229	-1.97873064675104	0.0478463405428505	0.181417374558308
SACI_RS02620	302.294102920241	0.13	0.209752421680837	0.614548814683653	0.538852726244426	0.749272984584346
SACI_RS02625	113.834402304337	0.20	0.208074019863782	0.957918936769462	0.338103636678784	0.586844731783066
SACI_RS12170	1024.95201923484	0.25	0.152001302926337	1.64236487419613	0.100514409872332	0.293704949948052
SACI_RS02635	967.110631335715	-0.07	0.116528890058107	-0.605049992179964	0.545145780169643	0.752028717375706
SACI_RS02640	575.671322174134	-0.03	0.11289124601238	-0.268986490586529	0.787940078620631	0.895619172024777
SACI_RS02645	47.8340167322314	0.03	0.338452052022483	0.102924292016488	0.9180230578433	0.964586701601949
SACI_RS02650	202.569070667089	-0.03	0.185692410563882	-0.169626409645839	0.865303951635015	0.93701422386996
SACI_RS02655	357.426313282116	-0.17	0.176485120608324	-0.982166393193127	0.326017881061035	0.574476874788048
SACI_RS02660	1228.36598780679	-0.06	0.144019534794513	-0.431495881540355	0.666107846563182	0.831516112976047
SACI_RS02665	297.054007034885	-0.10	0.14955839570321	-0.684779341898553	0.493483173101569	0.716930440689476
SACI_RS02670	797.442080279059	-0.05	0.114143829730995	-0.39444830615743	0.693250085469242	0.839943517724978
SACI_RS02675	5.0937393664979	-1.10	1.08161802923053	-1.01239692060883	0.311348310131594	NA
SACI_RS02680	8.32030113558596	-0.35	1.01567745323571	-0.341192127289118	0.732958949605573	NA
SACI_RS02685	94.7304611581169	0.23	0.292314396965496	0.773945548213466	0.438962992574734	0.673399329944259
SACI_RS02690	72.1306112118772	-0.89	0.312873641160195	-2.82959073224394	0.00466075824984109	0.035769915724684
cedA2	20.186255534936	-0.55	0.477068266554022	-1.14287141561877	0.253091982101074	0.506183964202147
cedA	401.821024215939	-0.75	0.200507503412508	-3.76543038602058	0.000166262443155205	0.00300451563942882
cedA1	176.478113031939	-0.90	0.254526844303858	-3.51789423368831	0.000434985696579497	0.00623790806658783
SACI_RS02705	461.648990454337	-0.57	0.162111540307017	-3.52406978895068	0.00042497230179886	0.00619049553712441
SACI_RS02710	375.419880434496	-0.48	0.17225613714899	-2.77791362856837	0.00547091585993657	0.0404054887278794
SACI_RS02715	208.768937500408	-0.00	0.16842959277348	-0.00573814823000848	0.99542164524444	0.995812466463617
SACI_RS02720	2208.21402111283	0.01	0.115976171176062	0.117822557601328	0.906208255658138	0.961690393759657
secY	6606.10977206968	0.04	0.103160366258341	0.390251183866746	0.696350816768682	0.842087903810386
SACI_RS02730	2571.13185148749	0.22	0.127394488041124	1.68986427275381	0.0910539240883738	0.278537154473165
SACI_RS02735	2399.93449958384	0.38	0.193760316721482	1.96549581972906	0.0493568790238465	0.184629202614808
SACI_RS02740	4028.53185489392	0.44	0.166300592760009	2.62924349553501	0.00855750626467622	0.0553130405737245
SACI_RS02745	3067.40170639608	0.60	0.156178411756009	3.84061839794494	0.00012272476367321	0.00236895983211621
SACI_RS02750	3215.82039932034	0.53	0.225211866499723	2.37188072389347	0.0176978028855583	0.0935560202332002
SACI_RS02755	1590.15748254659	0.67	0.184904872948855	3.6031862934596	0.000314340067683214	0.00503734900916245
SACI_RS02760	2732.83242879217	0.61	0.176226292841958	3.46302486980628	0.000534139023009046	0.00705174212760129
SACI_RS02765	2379.40921847284	0.57	0.155619774147509	3.65161725164052	0.000260594072546027	0.00439730925064423
SACI_RS11545	331.698955670775	0.57	0.188892624770189	3.04296829137872	0.00234257015566569	0.021393794826653
SACI_RS02770	2720.36285748112	0.51	0.179617662795192	2.86187598128287	0.00421141663156848	0.0337443068466556
SACI_RS02775	4333.99290861379	0.56	0.221115534551215	2.5406742954037	0.0110638932798816	0.066513306473839
rplX	2144.82599282437	0.46	0.249750232246411	1.85967290144434	0.0629318182024824	0.216397129257659
SACI_RS02785	1084.53158697168	0.65	0.189728964493313	3.43454668300095	0.000593545827329486	0.00756177384017765
SACI_RS02790	1416.23381423299	0.41	0.265489252220334	1.53153552376542	0.125637093790838	0.335207659663932
SACI_RS02795	518.275339854825	0.56	0.253846413945685	2.20353647577491	0.0275569590152164	0.126742114748685
rpmC	896.517724264432	0.43	0.259980475205746	1.65256337947862	0.0984197562172921	0.291597138187977
SACI_RS02805	3377.53591394802	0.63	0.242572190768509	2.57727736513255	0.00995820082093107	0.0617359992499571
SACI_RS02810	1924.1023714918	0.69	0.169569675707104	4.07847414621811	4.5332242309287e-05	0.000995746150035029
SACI_RS02815	2135.91512346595	0.66	0.205697621100653	3.22291168051118	0.00126894673073941	0.0134160841075686
SACI_RS02820	3035.35992521477	0.70	0.200260647818643	3.51282202391897	0.000443374360735262	0.00627621039529694
SACI_RS02825	549.59092326274	0.64	0.220292605439756	2.9146279376775	0.00356112812588249	0.0296053558113981
rpl4p	3881.7449835927	0.55	0.148374873603984	3.69322244039139	0.00022143017246774	0.00383812298944082
rpl3p	8812.31294923437	0.22	0.110367706541646	2.03031411099813	0.0423246207704433	0.167198656935022
SACI_RS02840	206.579741812056	-0.09	0.165239190902127	-0.565511233263208	0.571726085870655	0.771996855749035
ileS	9569.63847935115	0.22	0.115434370627671	1.9239861598374	0.0543563182967183	0.195621326299489
SACI_RS02850	1106.89555845259	-0.18	0.118726923286374	-1.55284369101255	0.120460481896373	0.326872532345005
SACI_RS02855	216.976700227523	0.36	0.176877030506577	2.03286924868697	0.0420657345886864	0.166433993372629
SACI_RS02860	1702.87470750548	0.07	0.0903293537950796	0.816538890014942	0.414191990162958	0.653426931812784
SACI_RS02865	18229.3981978775	0.15	0.0817087738743376	1.84272612217014	0.0653690080520197	0.222674107642442
SACI_RS02870	381.998638084979	-0.05	0.136428228564648	-0.354087353089286	0.723273419680021	0.85836081664867
SACI_RS02875	1287.15460714265	-0.35	0.183198063216203	-1.92830924211605	0.0538166729319232	0.194619212084889
SACI_RS02880	24.1270936304291	-0.59	0.514336363447285	-1.14191143583885	0.253490834649565	0.506288670199838
SACI_RS02885	164.47021647487	0.01	0.213584171534442	0.0629119598373652	0.949836611138754	0.978247245425039
SACI_RS02890	757.243122821668	-0.10	0.147255912882853	-0.696963731895772	0.485825491324702	0.710202726273862
rrp42	2903.86429253264	-0.10	0.0996875468916167	-0.999610075551734	0.317499245254911	0.569308991491565
rrp41	2977.80570381964	0.09	0.0907061912345211	0.958980342649006	0.337568648100638	0.586315552392928
rrp4	1482.12565563991	0.27	0.11415798307239	2.37277681458057	0.0176549283304627	0.0935234041289376
SACI_RS02910	1932.47036923945	0.21	0.11026300403652	1.93189992382626	0.0533718591995132	0.193987683362503
psmA	2724.85975830906	0.27	0.109650867230651	2.48255874434238	0.0130442557970432	0.0728876398483907
SACI_RS02920	169.623103977669	-0.54	0.183849912469971	-2.92977134618557	0.00339211507358048	0.0288103640249435
SACI_RS02925	658.163169382499	-0.55	0.136934366514537	-4.04583464902677	5.2137025823535e-05	0.00112580628642684
SACI_RS02930	496.765562605433	-0.11	0.193884346180247	-0.583296810568937	0.559693509240985	0.764664376164091
SACI_RS02935	6620.34617945471	-0.14	0.104573505292211	-1.37460860166348	0.16925282044288	0.396356926806228
SACI_RS02940	695.393166271571	-0.21	0.110006019974257	-1.92917928251171	0.0537086092002883	0.194619212084889
SACI_RS02945	975.776284470738	0.19	0.154502346128717	1.24615350096242	0.212708046332257	0.457367174729613
SACI_RS02950	2394.48298599027	-0.27	0.111251462131524	-2.44090568425689	0.014650480428315	0.0802184629360474
SACI_RS02955	352.364604751315	0.13	0.156979126572361	0.803234359189652	0.421839289655391	0.659415036835544
SACI_RS02960	84.2288395521226	0.01	0.259271159119442	0.0466111581236721	0.962823138800975	0.980916976275444
SACI_RS02965	145.958503599695	0.06	0.227535012275405	0.249459498110944	0.803005366550737	0.902938073244165
SACI_RS02970	1018.11439241321	0.13	0.123526469860233	1.02916786110302	0.303400801889221	0.556162045477508
SACI_RS02975	416.2517249059	-0.56	0.199063316909663	-2.79655981946314	0.00516498486057184	0.0385934939141849
SACI_RS02980	1512.33017391722	-0.38	0.109756232983475	-3.42585546848275	0.000612866406218297	0.00773061189625851
SACI_RS02985	0	NA	NA	NA	NA	NA
SACI_RS11555	3.84004387692972	1.26	1.25191439556326	1.00437232333231	0.315199185164562	NA
SACI_RS02995	452.572711845651	0.48	0.209589554949834	2.28071852187716	0.0225651084323027	0.110145395182964
SACI_RS03000	19.5295576436599	1.15	0.557948821064519	2.05800367023659	0.0395897810823545	0.159730348769017
SACI_RS03005	22.4100902933505	-0.06	0.506929490274001	-0.122849706607721	0.902226112155841	0.959863103871851
SACI_RS03010	74.4682884757563	-0.23	0.276994302660576	-0.812966123652867	0.416237481108629	0.653650834467779
SACI_RS03015	130.525419019503	0.25	0.21365292704576	1.18586435914389	0.235675870193566	0.487420549718511
SACI_RS03020	14.2948690319609	0.51	0.592964687402313	0.865998624766747	0.386490915952405	0.6304602137303
SACI_RS03025	74.3740443702533	-0.02	0.235937666202528	-0.0907517206776355	0.927689872992204	0.968719259863062
SACI_RS03030	556.327906677105	-0.16	0.11552070374255	-1.42811575076433	0.153258544668936	0.376569693169188
SACI_RS03035	10.4473625304098	-0.21	0.605486049621588	-0.351197058606563	0.725440516658493	NA
SACI_RS03040	5890.09454784416	0.57	0.182885240545332	3.10158684640746	0.00192486400980374	0.0185223959282505
SACI_RS03045	1107.04898197947	-0.12	0.100846162841828	-1.16150006153325	0.245438598170591	0.499224899028426
SACI_RS03050	1153.02458556592	-0.71	0.147331245269086	-4.8509758883015	1.22855482578739e-06	4.67217566583024e-05
SACI_RS03055	650.144972417534	-0.34	0.16485959906344	-2.05335333379227	0.0400383217498227	0.161165314089334
speE	2913.76009357455	-0.31	0.188413440304752	-1.63619770085635	0.101798217478541	0.295087438151676
SACI_RS03065	8.84370771473905	-0.74	0.944225756728665	-0.783817355025536	0.433147288893587	NA
SACI_RS03070	15.6196541661539	0.71	0.629213564552115	1.1254332759256	0.260405476919552	0.513278662410056
ahcY	1793.14590250045	0.01	0.120802037715838	0.0881216068156186	0.929780023427121	0.968948670630799
SACI_RS03080	150.704596581369	-0.27	0.241669390181701	-1.11970656243122	0.262838827618762	0.515039117217022
SACI_RS03085	29.6681121115711	0.52	0.375850214308501	1.39022083467942	0.164461828634775	0.389450501265247
SACI_RS03090	16.9148037270376	0.81	0.551088152133816	1.47235377650304	0.140925368466879	0.355874964176023
SACI_RS03095	128.79371979623	-0.52	0.242683851660691	-2.14925965855939	0.0316138224779221	0.136993230737663
SACI_RS03100	746.606528328166	-0.40	0.126646052462425	-3.1329568232642	0.00173054896957204	0.0172797014900686
SACI_RS03105	1075.8969272603	0.04	0.138503991249462	0.311581636645561	0.755358491797501	0.874631544175747
SACI_RS03110	204.390605280522	-0.15	0.193953587667184	-0.783331249798701	0.433432616899502	0.67013732273054
hflX	772.424962212432	-0.32	0.115827127089635	-2.75891000594412	0.00579945035174351	0.0419801122052343
SACI_RS03120	1161.4891390984	-0.10	0.126189541130341	-0.808419325409665	0.41884923062023	0.656755593612521
SACI_RS03125	3469.04000109972	0.09	0.144352515153125	0.595704115682102	0.55137290826167	0.755321596908997
SACI_RS03130	301.274355364549	-0.08	0.155961929512231	-0.53009852464607	0.59604362194426	0.787690410460429
SACI_RS03135	1040.26836442097	-0.38	0.103220262777316	-3.66030422863415	0.00025191596614044	0.00427921254483894
tgtA	2272.34791737482	-0.00	0.0946283372902304	-0.0490527885314023	0.960877227375093	0.980916976275444
SACI_RS03145	1311.23423810522	0.09	0.124177429277501	0.714879588271143	0.474683450734538	0.701155613027016
SACI_RS03150	297.202194360849	0.11	0.17596150900525	0.601665940812957	0.547396525787511	0.752301158417787
psmB	3231.94021661086	0.01	0.0978802886425405	0.0784120121679239	0.937500318623747	0.973411088774779
hisS	1592.01206247023	0.04	0.107012647794899	0.3641172791238	0.71577043433719	0.854230944586024
SACI_RS03165	89.3868499640074	0.21	0.27583017556648	0.775604997462196	0.437982248750372	0.673399329944259
SACI_RS03170	284.528749286877	-0.22	0.224985310685921	-0.995615689130572	0.319436908808442	0.569576797511484
SACI_RS03175	47108.6426643351	0.37	0.181640007150265	2.03878515090999	0.0414714749444566	0.164850730356436
SACI_RS03180	406.804268932271	-0.25	0.173983265341898	-1.45040117949815	0.146946678385584	0.367799741185136
SACI_RS03190	699.380815536485	-0.05	0.169508547346601	-0.276446062989331	0.78220548142849	0.892148418388447
SACI_RS03195	1409.90305039681	-0.31	0.177698416057639	-1.77222389187921	0.0763573991329091	0.246901843896767
fbp	6305.69297574985	-0.12	0.114196124816773	-1.04278933631939	0.29704587123553	0.549653507558556
SACI_RS03205	2490.89033371751	-0.01	0.0890689649374192	-0.143656295745045	0.885771884072801	0.949094516660007
SACI_RS03210	3.98150064826135	1.54	1.19846959267464	1.28324631946812	0.199405792828554	NA
SACI_RS03215	278.679072528733	0.19	0.179656131313464	1.05448988152547	0.2916586907849	0.545624753417396
SACI_RS12185	1.83673551066513	1.08	1.78765442277382	0.604971109734452	0.545198192845963	NA
SACI_RS12190	2.12114053390065	0.47	1.49404919767577	0.311329107421286	0.7555504415059	NA
SACI_RS12195	21.6407340682924	-0.02	0.439227496447007	-0.0522766830633969	0.958308232127075	0.980759332753973
SACI_RS03230	399.222457099999	-0.30	0.154262649473361	-1.93995716998582	0.0523848952432544	0.192373310152291
SACI_RS03235	126.196862208816	0.65	0.220615382103865	2.95192315154247	0.00315801515461508	0.0272603210493201
SACI_RS03240	3.22270687414078	1.14	1.38371664152997	0.826117588310231	0.408737391356892	NA
SACI_RS11570	6.69771879168173	0.79	0.938612793656894	0.844326333185248	0.39848707494995	NA
SACI_RS03245	41.1443003914415	-0.57	0.406689121562185	-1.40357500880679	0.160445441326888	0.385311012724703
rpsJ	2032.552043356	-0.00	0.141015727761859	-0.00719819383337956	0.994256721871753	0.995310755864147
tuf	40011.1589365784	0.08	0.147592535140505	0.528345204691798	0.597259761777688	0.787690410460429
SACI_RS03260	5183.39405382188	-0.07	0.0869154581549036	-0.832847756515565	0.404930597058825	0.644449195069261
SACI_RS03265	1199.06818574626	-0.07	0.138525379922712	-0.476042623932569	0.634044011817	0.813059195412766
SACI_RS03270	2913.0810597926	-0.21	0.110371979852572	-1.94611061017893	0.0516414543517143	0.190423192023398
SACI_RS03275	2335.76570364485	-0.10	0.124622515263281	-0.790248521561952	0.429382644104732	0.665490862030935
SACI_RS03280	760.507299553132	0.19	0.172896287572911	1.09054029487996	0.275475213420658	0.529288387214672
rpoA2	3252.88402021958	0.52	0.203670968394535	2.56656534410703	0.0102711270945005	0.0632145696540754
rpoA1	10174.8012219154	0.36	0.153307391510319	2.34161722990352	0.0192003950525134	0.0983674820085994
SACI_RS03295	14630.890269968	0.37	0.105145442848731	3.50979221204169	0.000448456996366861	0.00627839794913605
SACI_RS03300	748.596106258725	-0.02	0.14664979023468	-0.116278722068563	0.907431648539361	0.962106214528467
infB	2826.47890006158	0.02	0.0957078532886229	0.197020619408195	0.843811402071269	0.924308060572808
ndk	1457.97816845385	-0.53	0.146564872422193	-3.59687393983138	0.000322064466289381	0.00512887662565839
SACI_RS03315	117.724852885971	0.01	0.232564697600763	0.0590714264481409	0.952895217278044	0.979020480092525
SACI_RS03320	1088.71158094622	0.21	0.187424809721347	1.11326043038704	0.265596595580882	0.516201468756742
upp	708.963156284661	-0.39	0.136672157533865	-2.84297962600023	0.00446939273814019	0.0348257269014716
gatB	928.787741405221	0.78	0.220789149989007	3.54620232042777	0.000390826021852282	0.00594591558905747
SACI_RS03335	642.577277974149	-0.22	0.15442769541073	-1.44489654692426	0.14848694640367	0.370200332129699
SACI_RS03340	187.83356234966	-0.09	0.20180552740878	-0.439932001012298	0.659986357668751	0.828474139488314
SACI_RS03345	33389.2951229359	-0.02	0.144822277289669	-0.168909576215287	0.865867766700145	0.937226452655892
SACI_RS03350	254.762581161221	-0.28	0.201953783713702	-1.397231131699	0.162344077817797	0.387626357368709
SACI_RS03355	3.79859952441821	-1.24	1.61778417005481	-0.768889907052396	0.441958669553414	NA
purB	1314.92498043294	-0.09	0.0996728469924113	-0.855636600477859	0.392198818462721	0.633251464652239
SACI_RS03365	851.174916448756	-0.08	0.142583796968889	-0.578403109020444	0.562991995415708	0.767524667907558
SACI_RS03370	780.438555057147	-0.05	0.11945718131473	-0.42947459687685	0.667577876872823	0.831516112976047
SACI_RS03375	1091.58425381084	0.36	0.189939962977715	1.90697488650219	0.0565238396334417	0.199478740415271
SACI_RS03380	858.772488516763	0.63	0.232064849860782	2.70057613810546	0.00692194914612213	0.0475394243243105
SACI_RS03385	1093.35112971083	-0.24	0.10122676221005	-2.34511106888184	0.0190214122782836	0.0979122393637711
SACI_RS03390	910.507664999311	-0.36	0.205581659028474	-1.73992625733617	0.0818719674206138	0.259316173963946
ilvA	800.421344337831	-0.01	0.140110800283337	-0.072378672910406	0.942300556824963	0.974777716066723
SACI_RS03400	387.125265060519	-0.10	0.147881568365655	-0.671580469321434	0.501850815316239	0.719187782579177
radA	5556.62351367654	-0.03	0.112301584400605	-0.310673057962879	0.756049181035376	0.874847099581353
SACI_RS03410	38.590514770377	-0.10	0.361962252234167	-0.280616270831154	0.779004734972106	0.89023188760905
SACI_RS03415	150.818345092137	-0.49	0.293189726103076	-1.67518664196521	0.0938976176135589	0.282492327910934
cyaB	162.101026414252	-0.39	0.208098835339107	-1.85629860524592	0.0634110077952349	0.217457937903443
SACI_RS03425	585.876575273401	-0.28	0.122957801057116	-2.27602478859178	0.0228445260078062	0.110541124755905
SACI_RS03430	493.131662139837	-0.29	0.13421215722598	-2.17469180047452	0.0296532197599825	0.133491879767554
SACI_RS03435	134.037789501417	-0.35	0.191993165766102	-1.8118236777711	0.0700134453060088	0.23472928768383
SACI_RS03440	583.778631381949	-0.28	0.141451552211437	-1.99314083546688	0.0462460275338117	0.17651692223761
SACI_RS03445	34.0437184274525	1.06	0.501675912564736	2.10891673183385	0.034951769699776	0.148150637871157
SACI_RS03450	552.278216220597	0.11	0.261718642916084	0.437367206886628	0.661845062468578	0.829095977959655
SACI_RS11915	11.7335378943329	0.65	0.811111026408935	0.805558914953834	0.420497223216575	NA
SACI_RS03455	218.057002210682	-0.26	0.17450620345233	-1.51676149816928	0.129326911108864	0.338669033407386
SACI_RS03460	3.00851045821799	2.44	1.8075548018697	1.35106039268847	0.176676087666356	NA
SACI_RS03465	74.8111347372924	-0.31	0.363502355522128	-0.852331059118405	0.39403037210836	0.6346329887055
SACI_RS03470	966.349069240103	-0.46	0.133527947620587	-3.43128003067198	0.000600740115285392	0.00761535230719989
SACI_RS03475	426.502804245036	-0.31	0.222868085080408	-1.39085509050895	0.164269373484702	0.389356617338625
SACI_RS03480	585.515116665084	0.22	0.19519899867785	1.12070248780777	0.262414522888529	0.514945747846075
rnpB	26561.6635329297	0.44	0.1965946504103	2.24689156162126	0.0246469581379	0.116729459731169
SACI_RS03485	179.35808821062	-0.41	0.169450083567326	-2.43116871932105	0.0150502044067163	0.0817652896126077
SACI_RS03490	918.128151305775	-0.45	0.154400154719244	-2.93552292258268	0.00332986007888127	0.0283761989330752
SACI_RS03495	1088.68261018929	-0.27	0.189281382539815	-1.44915319221065	0.14729480600574	0.36830928920768
SACI_RS03500	35.7687200468163	-0.03	0.334212346035174	-0.093908275238215	0.925182020201139	0.967322030148749
SACI_RS03505	85.0063990086531	0.56	0.23164909256209	2.39588145883844	0.0165804515996453	0.0885681146245202
SACI_RS03510	22.5464281035351	0.60	0.444356404418589	1.35481920749904	0.175475165441128	0.402802451841436
SACI_RS11815	1.73087321553817	-1.21	1.44957066789002	-0.837825702983987	0.402128600949041	NA
SACI_RS03515	66.9807003241277	0.11	0.234698951849103	0.467566628832543	0.640094534001623	0.817114665649367
SACI_RS03520	95.2405146024706	-0.09	0.200676638469729	-0.434750372374179	0.663743630944039	0.831065735452291
SACI_RS03525	173.496604989115	-0.11	0.178835998544545	-0.627279870377659	0.530475796017268	0.74389231054045
SACI_RS03530	67.3969420326998	-0.43	0.271180485821246	-1.57206409224709	0.115935687996894	0.317980767509242
SACI_RS03535	52.6407415406711	-0.29	0.300309770820943	-0.954035609798989	0.340065617473696	0.58984832765349
SACI_RS03540	10.4396202257287	-0.38	0.670190966593606	-0.568396149683606	0.569766004286302	NA
SACI_RS03545	48.4566247840158	0.35	0.356359591299135	0.988856657822588	0.322733278891036	0.572250796530521
SACI_RS03550	216.791648513737	-0.60	0.20240047312867	-2.94740281103709	0.00320455467977377	0.0274922738183959
SACI_RS03555	337.430414703138	-0.57	0.168569072767853	-3.35752949196268	0.000786423534531021	0.00932003333016299
SACI_RS03560	231.608716140234	-0.19	0.16290744688978	-1.18137693802567	0.237453015363107	0.489903063275464
SACI_RS03565	132.132068515195	-0.44	0.201408800231495	-2.16824436690495	0.0301400987917882	0.134968315854967
hxlB	1081.38004421512	-0.02	0.128694349440543	-0.135005915910553	0.892607196936974	0.952812374442987
SACI_RS03575	598.364821158243	-0.19	0.166056182944971	-1.12907407885211	0.258866585019813	0.512013768875177
SACI_RS03580	192.688761078465	-0.43	0.173387124322481	-2.47024583811842	0.0135020227384194	0.0747894650815055
argC	1311.34302581134	0.13	0.11849397100926	1.07303457241321	0.283255604631251	0.539010665123546
SACI_RS03590	1109.14523818888	0.02	0.135793485990038	0.115852718880005	0.907769268148602	0.962106214528467
SACI_RS03595	890.595531058775	-0.37	0.136721210590301	-2.70070400012851	0.00691928886447974	0.0475394243243105
SACI_RS03600	445.193798792259	-1.95	0.552264622633345	-3.52888450987082	0.000417315207995338	0.00614635346804695
lysX	6301.1421462233	-0.82	0.3497163652106	-2.35606207011503	0.0184698312139713	0.0962395295157441
SACI_RS03610	2700.90241316934	-1.38	0.461816849144003	-2.98450824865013	0.00284034543074574	0.0249558626122074
SACI_RS03615	851.475976917099	-1.39	0.408586308389454	-3.3906644874289	0.00069723400455535	0.00858237798843977
uppS	562.161589907331	-0.16	0.185956301829363	-0.873358487859012	0.382467710211852	0.626482432558229
SACI_RS03625	2050.93901024028	-0.18	0.148804502486231	-1.23436088166289	0.217068458856194	0.464781876609733
SACI_RS03630	123.086567138942	-0.19	0.319280221517339	-0.593073614643642	0.553131887629771	0.756819851127441
SACI_RS03635	25.4134525020389	0.14	0.549463707368648	0.253356684076954	0.799992596958827	0.901470235452465
SACI_RS03640	20.8240881447664	-0.69	0.518164068385929	-1.32606525923182	0.184818082221619	0.417109365368188
SACI_RS03645	437.612632629014	-0.08	0.123870425784852	-0.679012544245625	0.497129913745423	0.718463075618625
SACI_RS03650	6.06415800157315	0.92	1.33940808066234	0.686764325530593	0.492231253913012	NA
SACI_RS03655	3480.03215451136	-0.15	0.120067146561662	-1.26471094615206	0.205974964615546	0.44780222682629
SACI_RS03660	0.160298829906496	2.42	7.3236041133891	0.330231554586051	0.741225005846282	NA
SACI_RS03665	226.624651528622	-0.23	0.177431356256753	-1.31971524280845	0.186930108902246	0.419645742275703
SACI_RS03670	166.772777171196	-1.26	0.23790800057093	-5.30076203191484	1.15320321706956e-07	5.44141073535784e-06
SACI_RS03675	885.084523758086	-0.00	0.13579512972828	-0.0324309799207479	0.974128357072005	0.986096857177028
aspS	3733.77115808842	0.03	0.0967879142067676	0.334339869463122	0.738123108214822	0.864309595464783
SACI_RS03685	249.068906033393	0.08	0.196532523035506	0.395577469583534	0.692416760805711	0.839943517724978
pth2	97.9802455041415	-0.16	0.231943831285939	-0.709937741558156	0.477742744773683	0.703804803655567
SACI_RS11585	146.349936480387	-0.54	0.262099389888758	-2.05956704419398	0.0394399494876236	0.159730348769017
SACI_RS03695	492.868379758886	-0.70	0.183156913918054	-3.8271105965691	0.000129656268754873	0.00242914832931924
SACI_RS03700	15798.1277763352	0.12	0.10330577859939	1.17048370221007	0.24180636904927	0.493688003475593
SACI_RS03705	335.070903192192	0.04	0.185594662759302	0.190419627781322	0.848980318307423	0.927218967444198
fen	1206.67519292949	-0.08	0.202269767257286	-0.380110160178097	0.703863644108452	0.847163233438042
SACI_RS03715	169.700686651368	0.60	0.195077806769114	3.09662006114801	0.00195740577878887	0.0186099624043061
SACI_RS03720	438.631766919264	0.30	0.177952545709512	1.66740405515067	0.0954340880786517	0.284737770988764
hemB	1144.59969363862	0.29	0.117251150807597	2.43596945753639	0.0148519384985958	0.0810337029859146
hemL	958.609702082991	0.15	0.169695336991119	0.881237500708947	0.378189285904529	0.622260422670339
hemC	517.559636529125	-0.14	0.13430363986722	-1.03696831014375	0.299750626258677	0.551588174845815
SACI_RS03740	157.42721662323	-0.02	0.192512478229914	-0.0889403545490829	0.929129312323137	0.968948670630799
SACI_RS03745	310.60375736026	-0.62	0.153581701800301	-4.05319610628288	5.05226163990918e-05	0.00110027031269133
SACI_RS03750	1249.99282667567	-0.59	0.0971708930457469	-6.12024872520543	9.34294055898395e-10	8.50207590867539e-08
SACI_RS12200	801.509710135752	0.16	0.116383485048982	1.40948665148214	0.158691317786272	0.383460755299567
SACI_RS12205	685.592858181007	0.03	0.128396063984031	0.255034955683826	0.798696100961687	0.901470235452465
SACI_RS03765	939.910963162195	0.01	0.129104480117064	0.094449715525429	0.924751925000463	0.967269254885541
SACI_RS03770	1276.08852137782	-0.08	0.110158473884244	-0.725857986275697	0.467925834763447	0.696015777569914
dcd	952.910148768257	-0.34	0.143265886644066	-2.36921105144015	0.0178260779864842	0.0940390201026122
SACI_RS03780	2099.1117966395	0.07	0.11669359091866	0.623286003380736	0.533096593884072	0.744290477378967
SACI_RS03785	5990.51429137724	0.10	0.116976260658573	0.871975111405317	0.383221955365154	0.626732697221061
SACI_RS03790	733.015952024791	-0.20	0.116856005234578	-1.74924095453237	0.0802493775593926	0.25495687533832
SACI_RS03795	304.010305576553	-0.15	0.149913257173241	-1.01667576151733	0.309307700028738	0.560936668806565
SACI_RS03800	102.179062986244	0.17	0.247414018726549	0.698159952808059	0.485077168116244	0.709515857841671
SACI_RS03805	1542.6832054023	0.03	0.11606313895792	0.234570061432518	0.814542448765228	0.908692714296761
SACI_RS03810	187.113231987484	0.72	0.207163335692854	3.49574618068663	0.000472738148858719	0.00651100974752441
SACI_RS03815	1613.62368945661	0.06	0.133811337519449	0.456993375117015	0.647675807267924	0.821793540742574
SACI_RS03820	7752.12558579337	-0.20	0.104976300908061	-1.93471942425617	0.0530247354295854	0.19391240596853
SACI_RS03825	1456.66575013143	-0.10	0.143296871120643	-0.710497025252307	0.477395974986443	0.703804803655567
SACI_RS03830	106.571847414375	-0.44	0.262328398651621	-1.65866763414365	0.0971827847693981	0.288940181554757
SACI_RS03835	5381.2020841454	0.28	0.101245584109376	2.74895427186267	0.0059785726278842	0.0426705967950951
SACI_RS03840	624.665723960693	0.10	0.132362280027633	0.769655978763728	0.441503989500901	0.67443175374598
SACI_RS03845	1411.3305841447	-0.27	0.147731117965939	-1.8039305608376	0.0712421933518175	0.23636081856827
SACI_RS03850	5451.05873174706	-0.27	0.127285380868671	-2.10491256036747	0.0352989201448139	0.148910014120837
SACI_RS03855	347.643655987782	-0.33	0.141572318973603	-2.30955642157206	0.0209127246012926	0.104481612321752
glmM	3541.13075486119	-0.15	0.126246009157896	-1.16416296836031	0.244357974331031	0.497701133969197
SACI_RS03865	355.672081656607	-0.22	0.163550121515286	-1.33523929480428	0.181798039787497	0.412721480685293
SACI_RS11590	1.68304384737946	-0.37	2.20289896775027	-0.168063297335621	0.866533483083454	NA
SACI_RS03870	14.9336456671394	-0.70	0.734186810435173	-0.952508884682107	0.340838962211996	0.589947316766523
SACI_RS03875	298.896126755541	0.07	0.167741059697237	0.44537960738605	0.656045446777138	0.825891204737228
SACI_RS03880	1103.13697138166	-0.25	0.164866880206911	-1.50141964210498	0.133247056660455	0.343289686927037
SACI_RS03885	590.394814703148	-0.32	0.137072448221744	-2.34616151118675	0.0189678861106484	0.097834359939134
SACI_RS03890	2133.88565362331	-0.31	0.149521907923031	-2.0605713531631	0.0393439520765532	0.159730348769017
SACI_RS03895	1355.29951404407	0.19	0.0862370745219383	2.15808270263096	0.0309214023493249	0.136092728176582
SACI_RS03900	354.17750222811	-0.41	0.152073320439787	-2.69435157332998	0.0070525730141072	0.0479549116007702
SACI_RS03905	406.206256869753	-0.37	0.177961432717155	-2.09737720174809	0.0359601976146283	0.150454160134767
SACI_RS03910	1537.95523282415	-0.17	0.138520445251775	-1.25538530483383	0.209338921330838	0.452830791580124
SACI_RS03915	309.956994303501	0.18	0.264255769766321	0.674719804639942	0.4998537995191	0.719002716629974
SACI_RS03920	515.267813403754	0.24	0.266741110491435	0.892293225613733	0.372235784371868	0.61708313505499
ribH	526.863247512961	0.49	0.290685010075188	1.69779574826527	0.0895463186652738	0.275894629110651
ribC	544.935545568716	0.54	0.285588334745329	1.8751707255179	0.0607692401443456	0.210953711018791
SACI_RS03935	821.917697698444	0.28	0.268466774799848	1.05402668905392	0.291870698158521	0.545624753417396
SACI_RS03940	81.5230300798127	0.05	0.251958651498586	0.20688009592491	0.836103501398024	0.92144970655803
SACI_RS03945	2490.91132330672	-0.12	0.0833154408727011	-1.41992332358059	0.155630004940938	0.379532363574191
SACI_RS03950	240.546913812584	-0.14	0.200007964841672	-0.724527873041145	0.468741721527789	0.696822582527891
pcn	940.734113922794	0.31	0.140379508525114	2.17908957372151	0.0293250146526784	0.132737110275184
SACI_RS03960	1800.69550262159	0.35	0.13537011003589	2.57357631908088	0.0100653445213526	0.062098057724955
SACI_RS03965	1896.73828308386	0.37	0.121562852726475	3.00900143776676	0.00262107875506437	0.0235158755912113
SACI_RS03970	2982.90383850942	-0.04	0.117970132791377	-0.341799272042958	0.732501957455267	0.862483820515721
SACI_RS03975	220.603223286958	-0.21	0.233891488177554	-0.884156143412883	0.376611929301449	0.621635916966062
SACI_RS03980	1834.65003671732	-0.23	0.135940933367518	-1.65944333639029	0.0970264898262413	0.288812495417363
SACI_RS03985	2924.50137447927	-0.16	0.106576838511901	-1.49126158501605	0.135892830398278	0.346254931854813
SACI_RS03990	265.454527552697	-0.42	0.160025125097545	-2.65366479750095	0.00796228796333172	0.0525121445250041
SACI_RS03995	676.737703431835	-0.28	0.11052694012234	-2.53950014545879	0.0111010999158069	0.066513306473839
SACI_RS04000	44.3474529882	-0.15	0.348984525005247	-0.431992357221616	0.665746967950569	0.831516112976047
SACI_RS04005	164.142829492746	-0.36	0.186645359117178	-1.92200397672341	0.0546052573677406	0.196240050455576
SACI_RS04010	2850.53235296095	0.23	0.104039325390858	2.17204837633123	0.0298520142028795	0.133913613008692
SACI_RS04015	8157.48064640281	0.09	0.100312474185375	0.941931797203829	0.346227559372879	0.593266860310757
SACI_RS04025	2369.29934316924	-0.29	0.0997086156729908	-2.89518154521489	0.00378939305503118	0.0311463661426434
SACI_RS04030	2130.85766241235	-0.17	0.15641218252241	-1.06639852590316	0.286243527775274	0.539761122677374
SACI_RS04035	213.661975420106	-0.19	0.192671275652501	-1.00046145147887	0.317087243890201	0.56897063199453
SACI_RS04040	189.155560483049	-0.34	0.212082972819422	-1.58399366084059	0.113195161675568	0.313160990173014
SACI_RS04045	486.383881349921	-0.15	0.177496696081377	-0.834372693607856	0.404070999735103	0.644029535721155
SACI_RS04050	781.224074991661	-0.18	0.158916937889367	-1.12619309129721	0.260083797176676	0.513278662410056
SACI_RS04055	2736.43704389008	-0.18	0.10262263987618	-1.74958082899208	0.0801906701621626	0.25495687533832
SACI_RS04060	111.813878601419	0.97	0.275022414138087	3.53146200859849	0.000413269223436388	0.00612215105416231
SACI_RS04065	583.174137326956	0.42	0.143456470943931	2.95845050955356	0.00309189885399854	0.02688791221839
SACI_RS04070	110.871909142458	-0.19	0.235659224456066	-0.819632464358559	0.412425660784578	0.652303279751151
SACI_RS04075	298.546866745088	-0.26	0.152810458804567	-1.6875895722262	0.0914900423390516	0.278847641004669
kae1	960.132039235713	-0.03	0.134614562248411	-0.185855117215245	0.852558380147513	0.930329230242339
SACI_RS11595	94.5687288521396	0.46	0.291263899418129	1.57583574246999	0.115063662850243	0.316269916874238
SACI_RS04085	298.143546159292	-0.01	0.225708323339992	-0.0388497062733497	0.969010214847575	0.984048415641589
SACI_RS04090	4221.31400852114	-0.08	0.17493358854425	-0.478524237469079	0.632277127573909	0.812407280051703
SACI_RS11600	16.374862286107	-0.24	0.640761061765312	-0.371219343483874	0.710474166806484	0.850699331307764
SACI_RS04095	251.422241360815	-0.29	0.180796808326514	-1.58878139363637	0.112109755381294	0.311511076021305
SACI_RS04100	756.962475609338	0.35	0.205711075758247	1.70369283533229	0.0884384873567696	0.274806421689084
endA	386.846484264724	-0.29	0.151282520913068	-1.91665605495363	0.0552816415969186	0.197833739872119
SACI_RS04110	1190.78417120927	-0.31	0.108741473355601	-2.82980193366795	0.00465768286425796	0.035769915724684
SACI_RS04115	1005.08986132817	-0.08	0.126632299616342	-0.607814000700802	0.543310842429894	0.751367589140437
SACI_RS04120	1188.71521830974	-0.09	0.117188440706411	-0.746158476461818	0.455571688304101	0.688083379845199
glyS	2466.21762095028	0.11	0.120704822042077	0.947193341872847	0.343540267504663	0.592151818441287
speB	1937.85908064917	-0.10	0.13575517016893	-0.73372336425689	0.463117355745259	0.693315524347192
SACI_RS11605	353.409119752145	-0.36	0.216511682083796	-1.6697527308971	0.0949682961325902	0.283982511802041
yciH	1815.05862024958	-0.03	0.099276743881857	-0.319347905790879	0.749462709319944	0.8711375408039
SACI_RS04140	4306.03750172196	0.29	0.121446488164267	2.40028955095058	0.0163821076393849	0.0879874964297589
SACI_RS04145	408.691337940928	0.65	0.168225761410501	3.84629372853348	0.000119917994758362	0.00233245076827714
SACI_RS04150	17.3925599521745	0.74	0.580737867662286	1.26718546979871	0.205088980024422	0.446578806460046
SACI_RS04155	420.787861924394	-0.29	0.133380233082122	-2.20701337534062	0.0273131249115895	0.126075801222337
SACI_RS04160	700.180958479501	-0.02	0.123745994013654	-0.140656457099817	0.888141345218453	0.950434333312314
SACI_RS04165	636.649604373349	-0.17	0.123048353583584	-1.35977240812732	0.17390195639359	0.399924851352417
cadA	9162.38821006358	0.45	0.222681705848054	2.01192981960094	0.0442273354825223	0.172502018801515
SACI_RS11610	868.000942152355	1.51	0.312669413100462	4.81884594567702	1.44390987622108e-06	5.25984283859647e-05
SACI_RS04175	89.0459735173706	0.08	0.246052815914783	0.320533336904096	0.748564063136472	0.870774447776336
SACI_RS04180	161.03976735474	-0.20	0.230581656972068	-0.886562237541072	0.375314632279265	0.620572149933528
SACI_RS04185	1085.48780812282	-0.01	0.118428861917989	-0.112564269423762	0.910376013825799	0.962106214528467
SACI_RS04190	330.126488004953	0.26	0.153208654238693	1.69927240512925	0.0892678694338807	0.275702462203064
SACI_RS04195	56.6561017266453	-0.54	0.271639378905561	-2.00468362398186	0.0449968803101593	0.173302354216363
SACI_RS04200	278.786480371649	-0.23	0.162838311349303	-1.41537312358775	0.156959125463106	0.381266031964103
SACI_RS04205	1271.97114463809	-0.21	0.135266521357838	-1.53915907452693	0.123765466034766	0.332652328540701
SACI_RS04210	6831.61621884016	0.32	0.137905490422744	2.3294513562431	0.0198351671116434	0.100677302391369
SACI_RS04215	221.092706082665	0.56	0.244439065895755	2.27168838108818	0.0231053384537009	0.111289985595519
SACI_RS04220	1046.77976768692	-0.35	0.093583233756958	-3.69504797668893	0.000219845271351015	0.00383675172193415
SACI_RS04225	1417.29410298952	-0.08	0.154087244578225	-0.543034204573948	0.587106252235054	0.78198992717978
SACI_RS04230	3585.13427967394	0.39	0.145806421840534	2.65230579142089	0.00799441032824404	0.0525121445250041
SACI_RS04235	381.334407335878	-0.26	0.14177388130336	-1.8412207397242	0.0655892172677283	0.223125935378066
SACI_RS04240	164.413145035193	0.15	0.216423620502143	0.692175274395782	0.488827264252458	0.713363040844938
SACI_RS04245	22.4532923230355	0.76	0.476073545928894	1.59248448533927	0.111275886400523	0.310208926201894
SACI_RS04250	13.4058022378595	1.35	0.697137252701775	1.93270426905739	0.0532726390023433	0.19391240596853
SACI_RS04255	378.905628283236	-0.00	0.16582487487367	-0.0184409338356138	0.98528709750849	0.991513240304752
SACI_RS04260	230.760012742824	0.03	0.183502367226384	0.173063242906772	0.862601716850506	0.936129624946214
tmk	488.779588197258	-0.18	0.129259866773938	-1.38456551297111	0.166185362864854	0.391709570560579
SACI_RS04270	552.624395796394	-0.44	0.149521259921254	-2.91961383058055	0.00350465374589542	0.0294714777047576
SACI_RS04275	679.333509189407	-0.32	0.104816585537251	-3.04817494177121	0.00230235850512187	0.0211021923419083
SACI_RS04280	54.8499732998377	-0.32	0.285194837877399	-1.13314927091316	0.257151573312017	0.51029767040422
SACI_RS04285	195.258788500625	-0.20	0.193767548968815	-1.0139596340043	0.310602013997047	0.562483249228482
SACI_RS04290	408.29135272533	-0.43	0.169553093184477	-2.50813273022305	0.012137106686436	0.0702848814478157
SACI_RS04295	715.439417333564	-0.46	0.148159773807976	-3.09403409851971	0.0019745479105762	0.0187031526994355
SACI_RS04300	3906.93996459531	-0.14	0.102157309784625	-1.39401815883793	0.163312121189993	0.387809212294596
SACI_RS04305	366.188914622797	-0.07	0.153692802978954	-0.478387448027713	0.632374465769712	0.812407280051703
SACI_RS04310	117.166298304875	-0.20	0.207983566593558	-0.943499419798701	0.345425511934194	0.593025772955852
SACI_RS04315	1295.30531008031	0.01	0.15172186580195	0.0965434629250421	0.923088956694462	0.966635131866584
SACI_RS04320	104.500473492812	-0.17	0.216463489185238	-0.772407124977785	0.43987333523822	0.673556044583525
moaC	516.721156220911	-0.05	0.129421993505724	-0.393415279508558	0.69401278621536	0.840467955930009
SACI_RS04330	1690.33176878791	0.09	0.0961529592271547	0.962438124764169	0.335829570480208	0.5840912939137
SACI_RS04335	1776.07328552983	0.24	0.0958243374014011	2.53147911408083	0.0113582581678342	0.0672141698360746
SACI_RS04340	845.8306503778	0.02	0.165608519868751	0.0975090278052598	0.922322165244435	0.966635131866584
SACI_RS04350	1751.50622987363	-0.13	0.113218025213372	-1.18603807540887	0.235607263382932	0.487420549718511
SACI_RS04355	1321.3810264609	0.12	0.126767064048279	0.909295881185672	0.363193964167678	0.608027740275456
SACI_RS04360	405.138023990992	0.19	0.11614623732589	1.63306901919885	0.102454481524845	0.295979613293998
SACI_RS04365	389.727563107413	-0.33	0.143141616016567	-2.31011202614596	0.0208819528077757	0.104481612321752
cobA	230.451409868414	-0.38	0.174773354728786	-2.17676841125631	0.0294978510628703	0.133027477005652
SACI_RS11615	100.626276491252	0.89	0.252344146504632	3.52255884140149	0.000427402153191837	0.00619049553712441
SACI_RS04375	2993.32355292496	-0.04	0.119515086257672	-0.3172354908632	0.751064921819346	0.872248596534045
SACI_RS04380	2204.72356057298	0.17	0.122133056178241	1.37580704169892	0.168881380777109	0.396233663186071
SACI_RS04385	76.6209902741127	0.17	0.297717486392645	0.579670291842307	0.56213698100994	0.766769286730903
SACI_RS04390	984.083488966122	-0.09	0.13081823354344	-0.695950528111127	0.486459812246279	0.710722248625872
SACI_RS04395	2662.26754683809	0.09	0.0958740171979103	0.903528937996062	0.366245237030483	0.610328884207764
SACI_RS04400	368.569341380759	0.34	0.148464021033728	2.28983460476719	0.0220309063141129	0.107951440939153
SACI_RS04405	8740.02115065288	0.18	0.191457658912626	0.942292714019906	0.346042797393073	0.593266860310757
mce	171.780301020527	-0.32	0.198237673318593	-1.59906438051035	0.109806298193108	0.307729566690547
SACI_RS04415	997.674721252845	0.07	0.127241153657679	0.531757987116271	0.594893624298384	0.787013995177717
SACI_RS04420	361.541399196534	-0.11	0.149381067834768	-0.709751822714695	0.477858049577759	0.703804803655567
SACI_RS04425	394.582683095987	-0.14	0.131397842124928	-1.04421596897678	0.296385480341624	0.549653507558556
SACI_RS12040	3.7060426202064	-1.98	1.69397617456335	-1.166615234402	0.243365788271883	NA
SACI_RS04430	483.024912553501	-0.00	0.138615855222748	-0.0104489627430712	0.991663085656369	0.993222304344508
SACI_RS04435	7075.72932357955	-0.10	0.105891940806059	-0.924465742083602	0.355243879870904	0.600637960126784
SACI_RS04440	1082.51816503793	-0.29	0.108114779042051	-2.70281863914483	0.00687542494484333	0.0475091433584508
trxB	4376.62143590493	-0.12	0.115391941488039	-1.00102820657648	0.316813171895907	0.56897063199453
SACI_RS04450	640.292982600791	-0.21	0.126884679118836	-1.6941801013786	0.090231064833719	0.276998497826887
SACI_RS04455	68.7527315887587	-0.85	0.294325048138884	-2.8872132718249	0.0038867067761636	0.031732411415751
SACI_RS04460	204.748038504191	-0.51	0.192306478827815	-2.66146629880567	0.00778011288933175	0.0517590800052671
SACI_RS04465	135.178757547525	-0.56	0.21383741447179	-2.61157321590463	0.00901266871242847	0.0574106996981694
SACI_RS04470	210.947894575699	-0.03	0.184450252712452	-0.179471708380193	0.85756733008505	0.934194765736087
SACI_RS04475	163.077723262995	-0.07	0.216627156681317	-0.337630358801098	0.735641761265786	0.863692771275108
SACI_RS04480	46.1944018139595	-0.33	0.354590566568139	-0.918568672623316	0.358321224134595	0.603530529115627
SACI_RS04485	152.991496260335	-0.36	0.231039219466227	-1.57725900559946	0.114735940926864	0.315709694904589
SACI_RS04490	6383.25543089629	0.29	0.229600342197267	1.27810003022442	0.201214158300519	0.441596619594937
SACI_RS04495	237.635218930663	-0.12	0.20223547433681	-0.576096951249519	0.564549652055679	0.768708167845622
SACI_RS04500	1486.13246473634	-0.04	0.187070509176654	-0.224278697146871	0.822540451228625	0.911606627674203
SACI_RS04505	1953.08551160033	0.10	0.141643336502498	0.722745332461184	0.469836359026082	0.6979784021744
SACI_RS04510	681.602678293249	0.10	0.15135278548388	0.689142255634767	0.49073375089947	0.714813986362742
SACI_RS04515	357.031584931744	-0.26	0.144058002956628	-1.79109891831617	0.0732774227239436	0.240605780475165
SACI_RS04520	307.058812887026	-0.02	0.141127506633467	-0.162086396138863	0.871237818845628	0.940243101405616
SACI_RS11620	368.424032284232	0.74	0.223811338717739	3.31654500706616	0.000911379066678846	0.0103669368834719
panB	224.488874821575	-0.10	0.258534285705219	-0.369005883639823	0.712123339277627	0.851136246582201
SACI_RS04530	800.38737477091	0.11	0.142928900300713	0.737754758786249	0.460663489827433	0.692081705236025
SACI_RS04535	198.346809915335	-0.33	0.181250747262108	-1.8222796702274	0.0684125612782617	0.230271078120226
SACI_RS04540	186.229466184456	-0.79	0.2474145505077	-3.2124433084186	0.0013161112045285	0.0136875565270964
SACI_RS04545	520.524811070523	-0.11	0.125621927237634	-0.880337727276045	0.378676380438767	0.622260422670339
SACI_RS04555	201.657263106118	-0.25	0.163917884111264	-1.55377678927826	0.120237668894036	0.326615757294248
ppa	2471.97530119623	0.12	0.134831259483166	0.90721130848009	0.364295064758014	0.609070751314579
SACI_RS04565	458.927906371247	-0.34	0.130736382878691	-2.60547650560364	0.00917465655264813	0.0580075059457753
SACI_RS04570	638.926952277654	-0.01	0.128232080416642	-0.100737718719699	0.919758668451625	0.966011989783487
rnhB	214.072810043917	-0.26	0.162995109636995	-1.60248875316239	0.109047572604304	0.306818918462794
SACI_RS04580	801.661698351079	-0.08	0.124348600318606	-0.635915220946123	0.524831681300429	0.73760128182763
SACI_RS04585	382.36488092051	-0.34	0.164227866020617	-2.04703565941206	0.0406545834302462	0.162116516705243
SACI_RS04590	809.893015256691	-0.15	0.115179430227983	-1.34061948057157	0.180044029112827	0.409966207488366
SACI_RS04595	1368.48596590821	-0.06	0.15325062310003	-0.411794740125357	0.680489876987998	0.835658264367888
SACI_RS04600	1150.78451678335	0.29	0.109967721929662	2.66977573396354	0.00759019241560742	0.050760656889679
SACI_RS04605	610.777670362229	-0.21	0.151900533435712	-1.41298093425734	0.157661330063175	0.381864134031341
SACI_RS04610	475.225038844634	-0.56	0.164630763712607	-3.42109171402397	0.000623702953805483	0.00782854742017917
SACI_RS04615	783.877688172905	0.25	0.128294139736193	1.95707400148389	0.0503387685833846	0.186685921525303
SACI_RS04620	1317.94832431609	-0.31	0.0945530412468817	-3.32603036027168	0.000880923328194059	0.0102026938192657
SACI_RS04625	311.307727950457	0.32	0.161091286795377	1.95786189477621	0.050246220252744	0.186685921525303
SACI_RS04630	1224.26304655187	-0.61	0.23329470292727	-2.59954035523404	0.00933487019266846	0.0585843577608848
SACI_RS04635	524.154206227538	-0.81	0.184801839050487	-4.36715646692348	1.25874556519488e-05	0.000327273846950669
SACI_RS04640	1019.98914761362	0.03	0.115606537207006	0.301849684761847	0.762766653349161	0.880221663375753
SACI_RS04645	715.425679165442	0.33	0.119982119749372	2.76937659913262	0.00561636751276142	0.0413598393714338
SACI_RS04650	1742.14909132288	-0.14	0.136070521913101	-1.01887728430841	0.308261229157575	0.560235101207918
SACI_RS04655	7109.63258432395	-0.56	0.13305957776159	-4.23225456795064	2.31360324595843e-05	0.000561434387685913
SACI_RS04660	19104.6007345396	-0.51	0.121544064534905	-4.18908003826877	2.80087607082237e-05	0.000642939840401388
SACI_RS04665	10055.3086566516	0.18	0.112553304140869	1.63835046427028	0.101348606208178	0.294790238148901
SACI_RS04670	5568.81611395183	0.21	0.117746114679576	1.79051260348933	0.0733715429470971	0.240605780475165
SACI_RS04675	2251.97177958732	0.23	0.146808735588094	1.58815880950789	0.112250432708105	0.311562203202889
SACI_RS11825	9503.52053602866	0.22	0.141405271264105	1.55117826106624	0.120858970289095	0.327256807966647
SACI_RS11830	10550.8977231522	0.29	0.134758834344669	2.11738581070972	0.0342271174483546	0.145351158764012
SACI_RS04690	19461.3595243819	0.23	0.153167901437672	1.48041201435828	0.138763325664804	0.351763940766005
SACI_RS04695	268.58699754644	-0.16	0.172207055257878	-0.905996027404568	0.364937955118948	0.609345943409619
SACI_RS04700	73.0559180764465	0.39	0.284664410214438	1.37033252362005	0.170583124915	0.397765151380298
SACI_RS04705	727.136774420121	-0.19	0.133835588786843	-1.44156301872696	0.149425687376181	0.370366392446022
SACI_RS04710	12247.5891527604	0.04	0.101779253948703	0.378976587931122	0.704705249477055	0.847775720334059
SACI_RS04715	317.787424011064	0.06	0.228675537319204	0.250116707344862	0.802497095932499	0.902764945004859
SACI_RS04720	95.8389440937155	-0.27	0.267930875298734	-1.00447049755844	0.315151884649703	0.567897455507385
SACI_RS04725	1136.81346818924	-0.18	0.109712432275054	-1.62750216282198	0.103630489632528	0.297689388482165
SACI_RS04730	749.676104928033	0.14	0.161202887383645	0.893443186713015	0.371619884001851	0.616463192992654
SACI_RS04735	2038.34222721275	-0.11	0.0919182425844716	-1.18307403976173	0.23677980533677	0.488910003239944
SACI_RS04740	464.214559705316	-0.19	0.145945056484041	-1.27538691125233	0.202172329109794	0.442936452770211
SACI_RS04745	2120.0960436655	0.07	0.106709132489315	0.684875603280727	0.493422422223491	0.716930440689476
SACI_RS04750	1517.74557468097	-0.29	0.114426244311015	-2.5034570223657	0.0122986616342114	0.0705788059548889
SACI_RS04755	412.840102618124	-0.27	0.182577830811988	-1.4622602114747	0.143669917375227	0.361016715455699
SACI_RS04760	753.585842079258	0.17	0.197481172174323	0.883244899542768	0.377103967272452	0.621916445702399
SACI_RS04765	703.669957088629	-0.34	0.13147466661707	-2.57866889807657	0.00991818008872028	0.0617359992499571
prf1	5070.28181904657	-0.23	0.0867154788711265	-2.62659165516192	0.00862447622361542	0.0554928419640709
SACI_RS04775	23.2173623334846	3.02	0.584432668698104	5.17050841652808	2.33457958060457e-07	1.04359803006675e-05
SACI_RS11975	14.1218096010997	0.08	0.544669852867866	0.152433276803012	0.878845212647581	0.945250148512468
SACI_RS04785	417.168184400014	0.01	0.160271184590078	0.0683535368101399	0.945504207531407	0.975294591348737
SACI_RS04790	717.35778769189	3.64	0.284427738860262	12.7991271595802	1.65804335745702e-37	5.2808680935006e-35
SACI_RS04795	92.3055542857122	0.03	0.429359165887541	0.07667229277741	0.938884246799478	0.973657737421681
SACI_RS04800	488.248894884307	0.36	0.142887966891052	2.49916449621481	0.0124486511820708	0.0711022180665357
SACI_RS04805	1735.50034975455	0.14	0.0991883435373771	1.42166974504978	0.155122147144861	0.379532363574191
SACI_RS04810	891.207154856621	0.17	0.122991221348425	1.38695559355453	0.165455304069708	0.390576214223195
SACI_RS04815	2621.42252831696	0.15	0.134153182203536	1.1048481280859	0.26922540213945	0.520870405961518
SACI_RS04820	77.8738072137992	0.27	0.295054280321247	0.921654158821331	0.356708998955766	0.602315791477331
SACI_RS04825	286.123122370326	0.19	0.190651500424086	0.982416427415995	0.325894736588464	0.574476874788048
SACI_RS04830	518.759900230467	-0.37	0.403735243538923	-0.928206377919344	0.35330052669325	0.598813420330774
SACI_RS04835	489.583337025542	-0.34	0.125916497060633	-2.72703011786947	0.00639072056440099	0.0449821988897616
SACI_RS04840	514.930391348491	0.03	0.141361906142113	0.191711648787398	0.847968080829744	0.927218967444198
SACI_RS04845	1320.23357826703	-0.37	0.115764520249565	-3.21450409350326	0.00130670051730113	0.0136765394457729
SACI_RS04850	285.524221986356	0.07	0.147562585286129	0.473335164651062	0.635974078008027	0.813484915042396
SACI_RS04855	1153.04973610119	0.36	0.128823636776722	2.81692349579812	0.00484860735667495	0.0367686057881184
SACI_RS04860	1168.3655177297	0.33	0.127677695140902	2.55211150274614	0.0107072246079183	0.065112191649107
SACI_RS04865	44.719064811246	-0.66	0.343493382904971	-1.90749706500939	0.0564562507420545	0.199478740415271
SACI_RS04870	1607.6934296633	0.09	0.123745870985618	0.757637518380043	0.448668013207405	0.682103876880947
SACI_RS04875	3122.29454044622	0.02	0.164505429288269	0.121519386441869	0.90327966033162	0.960582877514594
SACI_RS04880	511.200875714333	-0.22	0.185421248532582	-1.17520889889847	0.239911150878423	0.491853585049686
SACI_RS04885	407.418133838773	-0.31	0.16056768317885	-1.9335254818578	0.0531714971069392	0.19391240596853
SACI_RS04890	864.117877077481	0.04	0.109641883349953	0.378451398580785	0.705095291840734	0.847796798592055
SACI_RS04895	534.923362281099	-0.20	0.153475304589331	-1.29582565089364	0.195035558658413	0.431380732171559
SACI_RS04900	327.330842583412	-0.60	0.15123522778919	-3.99092148841485	6.58170676404088e-05	0.00136342998656717
SACI_RS04905	1156.45124697043	0.04	0.132546403851894	0.267311630278354	0.789229232819144	0.896147988067371
SACI_RS04910	750.136328043206	0.43	0.170723560983607	2.5002474133468	0.0124106598625256	0.0710614861341917
SACI_RS04915	161.920447502099	-0.06	0.16960595254393	-0.345694589198786	0.729572251046906	0.860913897700975
SACI_RS04920	214.643175512852	0.22	0.158855394770963	1.36168537188451	0.173297199683616	0.399602954564574
SACI_RS04925	176.170485307631	-0.09	0.188953262767458	-0.470932709000866	0.637688789148389	0.814885629210656
SACI_RS04930	480.527647139787	-0.15	0.154833402500664	-0.993908532154177	0.320267400144387	0.569718161588139
SACI_RS04935	1541.4537087618	-0.03	0.138390026468595	-0.22492335661532	0.82203889885206	0.911606627674203
SACI_RS04940	2568.92842392494	0.31	0.204710104040795	1.53627450119716	0.124471070572705	0.333493467738436
SACI_RS04945	3453.99813652505	0.27	0.177081329959611	1.52449572170809	0.127384924780916	0.336531340028107
SACI_RS04950	2271.1692252244	0.17	0.151834703546143	1.12823179000099	0.259222041541985	0.512013768875177
SACI_RS04955	3601.32063305034	0.03	0.131586319658761	0.214456292373399	0.830191247648684	0.916519626953573
SACI_RS04960	105931.735475912	0.20	0.148805431778502	1.37760421585963	0.168325518604095	0.395293475947682
SACI_RS04965	191.451514492909	-0.55	0.192808575882094	-2.87205915061319	0.00407806627840804	0.032882635687923
SACI_RS04970	378.739760391076	-0.48	0.144509435509013	-3.29548958923271	0.000982503438275688	0.0110770741625064
SACI_RS04975	2499.23269856917	-0.03	0.10315055943689	-0.294089216355221	0.768689730827295	0.884253469141286
SACI_RS04980	213.206832692294	0.14	0.165868132387883	0.819846378236898	0.412303688263333	0.652303279751151
SACI_RS04985	640.697248341222	-0.00	0.126830335352818	-0.0139028018641096	0.988907526382031	0.992298304664098
SACI_RS04990	538.899986744172	-0.09	0.279217815417255	-0.337753363138177	0.735549057382196	0.863692771275108
SACI_RS12045	277.278968849512	0.48	0.289716312778537	1.65376382452998	0.0981755088658909	0.291551511177494
SACI_RS04995	506.475808859525	-0.86	0.16516028601507	-5.20851412820387	1.90358859194536e-07	8.81880678595778e-06
SACI_RS05000	2189.37375653448	-0.39	0.167663742906294	-2.32666311593739	0.0199832024166777	0.101026189995426
SACI_RS05005	42.3525603443677	-0.56	0.301120975486398	-1.86237590630241	0.0625501228343106	0.215556302902302
SACI_RS05010	420.263293865188	-0.28	0.163458144954775	-1.71715287509111	0.0859512433097735	0.269046397977031
SACI_RS05015	893.768722948464	-0.31	0.117546595620073	-2.67435882667041	0.00748722922429448	0.0502038422723745
SACI_RS05020	406.814411068902	-0.24	0.185112233409275	-1.27757417131328	0.201399612467561	0.441623246615615
SACI_RS05025	99.9296429261607	-0.09	0.235881779044557	-0.372891720529715	0.709229034390317	0.850007328140418
SACI_RS05030	547.401274811746	-0.36	0.124404441124586	-2.86308874488379	0.00419533040439632	0.0337214570044221
SACI_RS05035	676.153749412331	0.42	0.275128334459796	1.53408986154945	0.125007547162	0.33457902328653
SACI_RS05040	185.394352255111	-0.35	0.211753084394222	-1.64550140999528	0.099866452132062	0.292819010394124
SACI_RS11835	435.810202894341	-0.61	0.170539252972666	-3.58452343566937	0.000337694243099237	0.00531138846553615
SACI_RS05045	572.400779127606	-0.24	0.193369320683766	-1.22953467583032	0.218871405051577	0.465920202093271
SACI_RS05050	191.501506608031	-0.16	0.196482273704019	-0.807942115051112	0.419123905461505	0.656782110157389
SACI_RS05055	221.060729970067	-0.30	0.174401550759237	-1.73961403463684	0.0819268132028952	0.259316173963946
SACI_RS05060	946.812266577154	-0.11	0.139717171820234	-0.777608520905776	0.436799836177969	0.673270045010876
SACI_RS05065	553.956832697023	0.04	0.309427585415703	0.137235090438733	0.890844975138062	0.95132983933436
SACI_RS05070	238.509456154071	0.28	0.161970609113108	1.70515272030699	0.0881659452177086	0.274303288153723
crn1	455.169535940053	-0.40	0.171184070119142	-2.36460976704567	0.0180490778198631	0.0946276754835623
SACI_RS05080	491.242311625391	0.19	0.131708108197787	1.44046115354906	0.149736972853532	0.370417288185242
SACI_RS05085	519.041326776847	-0.16	0.161353111396192	-1.02056397766024	0.307461063431202	0.559311105060788
SACI_RS05090	382.292075673545	-0.08	0.199948527622309	-0.402446521998257	0.687355437996912	0.839186227127998
SACI_RS05095	142.714802787083	0.05	0.239380322779168	0.212903146526832	0.831402508075785	0.91666533560238
SACI_RS05100	44.4074034965712	-0.64	0.318058798957049	-2.02128735599992	0.0432500272730212	0.170063378845151
SACI_RS05105	2002.53817679289	0.08	0.0985940523138121	0.80687742440814	0.419737106550337	0.657338750762297
SACI_RS05110	261.221534748065	-0.35	0.16929430822328	-2.06023809548672	0.0393757846740114	0.159730348769017
SACI_RS05115	1065.84057676001	-0.18	0.103936104517466	-1.70912441948921	0.0874279051282646	0.272663772664404
SACI_RS05120	476.992258357537	-0.04	0.126063786793479	-0.299988284815606	0.764186091694965	0.881085995804
SACI_RS05125	219.062356715077	0.03	0.239651488213978	0.110582079704145	0.911947758644355	0.963367698601084
SACI_RS05130	818.382094759495	0.82	0.218971759885483	3.75160776852124	0.00017570419741972	0.00315277672553132
SACI_RS05135	1257.75906642225	0.27	0.170152716198059	1.55911417590602	0.118969359023752	0.324207408334247
SACI_RS05140	833.620995490337	-0.17	0.171345820311388	-0.986931386420691	0.323676276332035	0.57289674363125
SACI_RS05145	377.993092681843	-0.29	0.157850898165729	-1.82042735755477	0.0686939493903063	0.230913170246043
SACI_RS05150	3127.88257884318	0.17	0.0930087051736565	1.83040836683083	0.0671888975289681	0.227584024898189
SACI_RS12050	3999.08941214143	5.01	0.185152064783253	27.0764195578907	1.86663616774364e-161	1.58539631847027e-158
SACI_RS05155	5575.69880624129	-0.01	0.115207118346042	-0.067444423429841	0.946227904891828	0.975294591348737
SACI_RS05160	353.103644632162	0.16	0.142004167317694	1.10112758163796	0.270841134326276	0.523201827341434
SACI_RS12215	24.7439701390856	-0.16	0.450124798671673	-0.345734783351485	0.729542041111569	0.860913897700975
SACI_RS12220	17.6966365217469	-1.06	0.46009835038614	-2.30619625958098	0.0210996684961553	0.104920204786501
SACI_RS05170	759.580129302514	0.03	0.13629359693318	0.255668424447561	0.798206878616378	0.901470235452465
SACI_RS05175	204.179020947218	0.06	0.203054659228533	0.293246349580341	0.769333858622081	0.884595068487844
SACI_RS05180	506.682129090572	-0.16	0.151418990928866	-1.05299835951985	0.292341743938104	0.545875515976683
SACI_RS05185	671.068432297171	0.09	0.113079271506109	0.834287265696279	0.404119126009376	0.644029535721155
SACI_RS05190	12.1141900605887	-0.43	0.619380620851435	-0.6957771172069	0.486568421798781	NA
SACI_RS11920	15.8348917463924	-0.59	0.752436183838448	-0.778613844577392	0.436207221173621	0.672794188589823
SACI_RS12135	8.25486934363426	-0.12	0.766557304604878	-0.157577465479763	0.874789761640059	NA
SACI_RS05195	514.665261195667	-0.32	0.215741449585601	-1.49501703344276	0.134909996776997	0.344439550889567
SACI_RS05200	35.5082451523457	-0.37	0.366193608326482	-1.00278792020722	0.315963198432826	0.568154008191137
SACI_RS05205	206.698680130237	-0.10	0.189301770938209	-0.520570548067494	0.602665970640678	0.792359594010551
SACI_RS05210	176.225354341923	-0.30	0.184182499162435	-1.64564672805466	0.0998365126974837	0.292819010394124
SACI_RS05215	105.842923809672	-0.03	0.222647052579021	-0.147689463369387	0.882587847455683	0.947675446825571
SACI_RS05220	426.029072793343	0.49	0.165701257068644	2.95106339802798	0.00316681908579229	0.0272603210493201
uvsE	94.148932503739	0.07	0.281117581485509	0.23692923191744	0.812711691754836	0.908318091771193
SACI_RS05235	182.885408074523	-0.03	0.195252977318855	-0.172914955522954	0.862718275923141	0.936129624946214
SACI_RS05240	1941.94977112045	0.24	0.160608820834636	1.46739197993244	0.142269454947511	0.358646229521255
folK	113.988301465128	-0.53	0.211180480820885	-2.52334303735369	0.0116244942662389	0.0679339710788457
SACI_RS05250	109.465414883574	-0.45	0.31376170711717	-1.42931790435319	0.15291288222335	0.376083034657427
SACI_RS05255	2893.14761223006	0.19	0.0943946812792127	2.01146445799377	0.0442764208383793	0.172502018801515
SACI_RS05260	1272.49669316304	-0.04	0.173472609393351	-0.21466769689547	0.830026409564343	0.916519626953573
SACI_RS05265	387.212059829801	0.22	0.180013235176367	1.21113092385043	0.225845231313397	0.475564959211388
SACI_RS05270	939.096634509571	0.35	0.191192410880553	1.82995295171461	0.0672569743910269	0.227584024898189
SACI_RS05275	742.675672931331	0.62	0.180091345441101	3.45591598686827	0.000548426227114781	0.00716610270096647
SACI_RS05280	3356.330306679	0.07	0.129579340989819	0.562931189387583	0.57348174099148	0.773547631575591
SACI_RS05285	5171.53312811805	0.38	0.12153251503248	3.11699788686318	0.00182702881742226	0.0179048824107381
SACI_RS05290	776.226061058344	0.34	0.102462122085484	3.33177720540648	0.000862933101773093	0.0100399705174331
SACI_RS05295	1069.48771972695	0.36	0.158991766236267	2.28224293291165	0.0224750016616886	0.109916130967337
SACI_RS05300	2115.90068944001	0.24	0.156798287540392	1.52321788945161	0.127704201864697	0.336531340028107
SACI_RS05305	1264.98942403654	0.11	0.174880910865624	0.630653525749842	0.528267092623305	0.741906323770293
SACI_RS05310	5002.43533423415	0.11	0.169266594198786	0.629062046308836	0.529308436656109	0.742664039977845
SACI_RS05315	968.163072413531	0.43	0.128053395158591	3.35491570688798	0.000793891713354484	0.00932583388928417
SACI_RS05320	738.220170212717	-0.00	0.14683336265968	-0.0160839331003931	0.987167431387002	0.992050668606714
glpK	3188.018791764	0.53	0.162101901834341	3.26900425930535	0.00107926676877693	0.0119046395101455
SACI_RS05330	724.463437987164	0.24	0.146392299671496	1.6370171256275	0.101626891272442	0.294926331392008
SACI_RS05335	150.862005079599	0.10	0.200923595579349	0.522535098595913	0.601297815339564	0.791362982993984
SACI_RS05340	313.615109431838	0.29	0.193794979425769	1.4977748841087	0.134191748342352	0.344215459573896
SACI_RS05345	1298.62767193413	0.29	0.135642489236229	2.15734592117931	0.0309787214844653	0.136092728176582
SACI_RS05350	2118.12529172541	0.38	0.128832288532812	2.91309392984166	0.00357866938379538	0.0296053558113981
SACI_RS05355	2667.23543420642	0.25	0.11988670721706	2.11866092212606	0.0341191331066589	0.145348496738546
SACI_RS05360	18.7193204487888	-0.22	0.533758664206926	-0.403803808419925	0.686356995720398	0.838368947792701
SACI_RS05365	3352.01692089254	0.13	0.144887044521836	0.922832648590589	0.35609442379595	0.601676785034536
SACI_RS05370	500.270600523166	-0.15	0.204584285998839	-0.728421994075482	0.466355303703827	0.695600386785293
SACI_RS05375	12555.3712434516	-0.14	0.123253587235296	-1.15050007381898	0.24993796382296	0.502241271152131
SACI_RS05380	1565.32173341257	-0.02	0.162394751754322	-0.145924155676345	0.883981262229368	0.948372318383338
SACI_RS05385	446.024887770285	-0.13	0.191036611951519	-0.670703302939385	0.502409558309446	0.719583785594418
SACI_RS05390	552.03496024199	-0.08	0.215536274713631	-0.378057026435369	0.705388231167644	0.847796798592055
SACI_RS05395	317.765093812225	-0.11	0.188382421466702	-0.571708565980707	0.567519430226791	0.768761035735174
SACI_RS05400	319.992659651096	-0.03	0.148540675166152	-0.213146571752261	0.831212640157665	0.91666533560238
SACI_RS05405	63.0818056163584	0.02	0.382616452627206	0.0592396589825065	0.952761221792077	0.979020480092525
SACI_RS05410	3548.9531985849	0.12	0.108616632414098	1.11543719260911	0.264663118985505	0.515510308201779
SACI_RS05415	210.74038332567	-0.05	0.21741337641823	-0.226298438790697	0.820969312563778	0.911384344253116
SACI_RS05420	594.244447847731	0.25	0.156704924946458	1.61283171394041	0.106781074018816	0.302645357730748
SACI_RS05425	152.471917161698	0.57	0.257082597448033	2.19826112316313	0.0279305031428314	0.127972678584088
SACI_RS05430	286.670324519258	-0.30	0.159216893211246	-1.8982012209234	0.0576695800569144	0.202399572982118
SACI_RS11980	4549.82607010091	-0.15	0.113105259959304	-1.29058376469274	0.196848048683968	0.434635032969454
SACI_RS05440	424.138073733202	0.08	0.184549599802349	0.443940359046793	0.657085704318532	0.826792283754874
SACI_RS05445	1173.88253121717	0.58	0.139165208434213	4.14419101453838	3.4101541251189e-05	0.000768944487681679
SACI_RS05450	4.8287768293957	-2.02	1.73035932744159	-1.16941673500362	0.242235770568866	NA
SACI_RS05455	3.05918140353691	-0.87	1.48807194166171	-0.58612282721879	0.557792977295844	NA
SACI_RS11845	0.364883810113674	0.00	4.79985215718683	0	1	NA
SACI_RS05460	10.9083441445399	-1.28	1.00362384249472	-1.27477397882597	0.202389253374494	NA
SACI_RS05465	11436.6181777969	0.27	0.110724632535316	2.39982988661824	0.0164026926232871	0.0879874964297589
SACI_RS05470	4687.70328164887	0.26	0.127955992706206	2.00321201682077	0.0451545363781398	0.173535080982655
SACI_RS05475	1951.40236745745	-0.13	0.119514517793309	-1.11496888121187	0.264863757167464	0.515510308201779
SACI_RS12225	238.41426734238	-0.10	0.157564592836483	-0.661122796791637	0.508533566701976	0.725500295608418
SACI_RS05480	152.053748223374	-0.02	0.187200439178545	-0.103524973131762	0.917546330283817	0.964586701601949
SACI_RS05485	150.898845254545	-0.16	0.247698039398214	-0.663368492729185	0.507094579765039	0.725202618169155
SACI_RS05490	178.884018582148	0.13	0.217911170751859	0.603684030507827	0.546053733371148	0.752028717375706
SACI_RS05495	176.018024355708	-0.22	0.194736021197192	-1.15068391233214	0.249862297331982	0.502241271152131
SACI_RS05500	1077.71286987437	-0.04	0.134961554759042	-0.269288634551109	0.787707577571426	0.895619172024777
SACI_RS05505	7270.54565839738	0.17	0.158692539607307	1.0431184900891	0.296893418099831	0.549653507558556
SACI_RS05510	4494.36668432479	0.26	0.158563205346501	1.61723106469514	0.105828413131421	0.300378253498788
SACI_RS12055	23.7436223920221	0.61	0.512029301056655	1.19615076718318	0.231637729342857	0.482200109775816
SACI_RS05515	357.523085359856	0.01	0.13044258024697	0.0482037365162701	0.961553872341982	0.980916976275444
SACI_RS05520	150.748499244028	-0.53	0.209079620390614	-2.53957080885392	0.0110988575844293	0.066513306473839
SACI_RS05525	9073.99673729227	-0.14	0.119686039425718	-1.15766428170299	0.247001065529292	0.499887779959202
SACI_RS05530	2927.55065870229	-0.35	0.0997426223102101	-3.53631409363765	0.000405751966258796	0.00604594157910767
SACI_RS05535	66803.0121692856	0.03	0.150414098849864	0.196031307223959	0.844585661749794	0.924308060572808
SACI_RS05540	5229.19393722832	-0.08	0.16906922224637	-0.485629739258709	0.627229707152528	0.811918949078121
SACI_RS05545	7468.82230236469	-0.17	0.157483333011479	-1.08657065623347	0.277226599161738	0.531236731005636
SACI_RS05550	74203.2936122417	-0.13	0.168951568624446	-0.773187622921784	0.439411350039909	0.673399329944259
SACI_RS05555	6782.97019481908	-0.26	0.169504613638794	-1.55124313918136	0.120843427579583	0.327256807966647
SACI_RS05560	720.338609840344	-0.67	0.23724018597864	-2.81391464755881	0.00489422212930983	0.0368949052824895
SACI_RS05565	266.738470337751	0.28	0.157499258491126	1.76331548024921	0.0778472958495454	0.248876925752374
SACI_RS05570	305.497116376688	1.56	0.345777366533935	4.51701423569062	6.27176905531969e-06	0.000171832984440372
msrA	889.967429006896	0.36	0.149686087860902	2.4276732724722	0.0151960260794515	0.0823818605328561
SACI_RS05580	551.641452463964	-0.18	0.237259739652607	-0.762540480929396	0.445737492259828	0.678053212106294
SACI_RS05585	246.976807335803	0.03	0.318734022159052	0.0857143179967987	0.931693519903499	0.970376794572639
SACI_RS05590	653.701891028846	0.13	0.387399682177059	0.329953645883544	0.741434987619684	0.866197317035742
SACI_RS05595	228.848568053615	0.12	0.452112506360379	0.274940822058307	0.783361703777798	0.893067392047351
SACI_RS05600	229.822644684771	0.05	0.455996837458282	0.105982328610671	0.915596372938857	0.963951678896139
SACI_RS05605	276.242521498504	-0.05	0.523469429724811	-0.103221667692482	0.917787043432482	0.964586701601949
SACI_RS05610	637.839054046104	0.17	0.467484356978516	0.363565532995456	0.716182468547253	0.854322532705243
SACI_RS05615	9664.38785342059	0.22	0.443593716987659	0.505144532162081	0.613457325531916	0.801995518448087
SACI_RS05620	14.2712721884842	1.08	0.644071474816746	1.67836578741418	0.0932757122788843	0.282264269461517
SACI_RS05625	1668.21521515918	0.18	0.199300666491915	0.884011701230997	0.376689896309105	0.621635916966062
arnS	653.934127527273	0.25	0.170788328510526	1.44280717096963	0.149074798549398	0.370216946105134
SACI_RS05635	1744.19119388293	0.38	0.151520196862018	2.52536049753344	0.0115579659078915	0.0679339710788457
SACI_RS05640	9107.22018208757	0.32	0.163815218193459	1.92743771286164	0.0539251035054676	0.194619212084889
SACI_RS05650	139.05290563522	0.05	0.213081712174775	0.253061849873941	0.80022041889729	0.901470235452465
SACI_RS05655	319.20861766723	1.02	0.201062340336251	5.09300981479508	3.52423446913497e-07	1.49662490455932e-05
SACI_RS05660	428.136483888178	-0.13	0.153698019024536	-0.859560130599085	0.39003156043019	0.633251464652239
SACI_RS05665	1302.89542893896	0.47	0.131232474818665	3.59002518793675	0.000330646009468431	0.0052328324976743
SACI_RS05670	1607.96294693699	-0.49	0.149480086041022	-3.26397202861743	0.00109862011033006	0.0120277991189891
purE	267.398243882936	0.00	0.1959256793332	0.0184930885449664	0.98524549116625	0.991513240304752
SACI_RS05680	1105.52623504984	0.20	0.113421190481897	1.76562619274166	0.0774585827083513	0.248553893448067
SACI_RS05685	513.13019855944	0.15	0.13648935561282	1.09138468411764	0.275103648854862	0.529288387214672
SACI_RS05690	3700.5886272642	-0.19	0.13979885431139	-1.36399066903132	0.17257050242639	0.399602954564574
SACI_RS12060	1962.05592930257	0.24	0.201423045658431	1.17763545761511	0.238941967792268	0.491383481787489
SACI_RS05695	581.315985890464	-0.20	0.178914844433786	-1.09305151401312	0.274371182566608	0.528818285309922
SACI_RS05700	1140.06534781374	-0.05	0.100622858506469	-0.515291212574979	0.60634953859504	0.79679145143897
SACI_RS05705	846.467147056269	0.23	0.114804633790254	1.97662049611072	0.0480845435954197	0.181779550565474
SACI_RS05710	1358.7455639223	0.07	0.121248107514093	0.577030800360041	0.563918649101084	0.768376854497092
SACI_RS05715	2940.30267078853	0.30	0.135425550391961	2.24054075637216	0.0250558379360069	0.117573250572644
SACI_RS05720	772.449592615661	0.25	0.141981922333757	1.73155720692498	0.0833524309994766	0.262500599956835
SACI_RS05725	1277.08181069339	0.16	0.105584588235748	1.50264507585145	0.132930593049625	0.342821003127979
SACI_RS05730	908.441527357395	-0.06	0.113392187114152	-0.512285695315953	0.608451075147011	0.798729180563928
SACI_RS05735	6701.35937237994	-0.23	0.117043712230519	-1.97968519436328	0.0477389132486748	0.181279807686473
SACI_RS05740	426.237505599963	0.81	0.146130982143586	5.50887198366766	3.61140412743562e-08	2.13996691086185e-06
SACI_RS05745	336.309248057663	-0.15	0.17562799257244	-0.829129407113778	0.407031185085314	0.646177856446966
SACI_RS05750	405.161092192077	0.35	0.181685855184162	1.90851446541977	0.056324755351663	0.199478740415271
SACI_RS05755	1005.51808209054	0.18	0.119929642016734	1.51866683862594	0.128846377733792	0.338105633847273
SACI_RS05760	3577.03151898844	0.03	0.100095143314642	0.261905511110898	0.793394290640448	0.899012058508947
SACI_RS05765	6750.1600700405	-0.09	0.122208364214095	-0.752013797124061	0.452042761641771	0.684683231942672
SACI_RS05770	10344.1847642574	-0.09	0.10367167177267	-0.860182318460855	0.389688549793491	0.633243893414422
SACI_RS05775	316.556259653247	0.78	0.199795905659004	3.89737196793914	9.72422019430877e-05	0.00195096953189754
SACI_RS05780	972.60462557647	-0.10	0.116190675151056	-0.881586926427895	0.378000227515314	0.622260422670339
acnA	15955.2934551867	0.18	0.0852250070843694	2.08870999106129	0.0367338369415223	0.153040013819393
SACI_RS05790	656.204200093931	0.12	0.138710765834744	0.885947968399717	0.375645565883322	0.620716538178148
SACI_RS05795	1270.99519969025	0.97	0.142624392758816	6.812660113483	9.58103245027555e-12	1.06141176883922e-09
SACI_RS05800	1593.60022944418	0.21	0.153009672026913	1.37902043517127	0.167888453382452	0.394630792636981
SACI_RS05805	608.910471548281	-0.89	0.21057772673809	-4.22855833747378	2.35193535355119e-05	0.00056535200762721
SACI_RS05810	1626.37949127038	-0.02	0.178912933729473	-0.133795781307916	0.893564063230626	0.953035258732371
SACI_RS05815	179.806781591317	0.34	0.204346958819038	1.67514688085755	0.0939054166956678	0.282492327910934
SACI_RS05820	74.5329248284911	-0.27	0.281670613768221	-0.943500006787609	0.345425211833304	0.593025772955852
SACI_RS05825	66.0393327775121	-0.20	0.300657300924932	-0.663709335704947	0.506876363068718	0.725202618169155
SACI_RS05830	27741.8282509479	2.08	0.147606853020329	14.0783517634978	5.15992510103612e-45	2.19124819290667e-42
SACI_RS05835	407.740376595933	-0.85	0.166265443544227	-5.08819298335715	3.61491415991195e-07	1.50996742286158e-05
SACI_RS05840	349.593921708228	-0.02	0.20655358864383	-0.0773405233555228	0.938352654454797	0.973502672455547
SACI_RS05845	1034.49877861228	0.40	0.127194257934465	3.10649646153684	0.00189318574294199	0.0184115926450999
SACI_RS05850	316.803353164694	0.03	0.145432966528485	0.197529859029428	0.843412917591291	0.924308060572808
SACI_RS05855	4349.24473003755	-0.01	0.170144596617477	-0.0590653274127714	0.952900075122118	0.979020480092525
SACI_RS05860	1217.43699763286	-0.03	0.226646619043188	-0.114036904326278	0.909208538829808	0.962106214528467
tenA	245.932425665323	0.18	0.182376608148378	0.994559031598407	0.319950781294485	0.569718161588139
SACI_RS05870	814.349238988838	-0.24	0.20147517820059	-1.21296786807336	0.225142105694355	0.474885832209617
SACI_RS05875	275.559797493567	-0.16	0.175302516627647	-0.909303664746508	0.36318985668837	0.608027740275456
SACI_RS05880	76.4202766426129	0.12	0.266635040855347	0.462004854759756	0.644077839011603	0.819326177634331
SACI_RS05885	94.813794150119	-0.19	0.276813791313442	-0.676827862861637	0.498515177609287	0.718854936360194
SACI_RS05890	247.250203131921	1.14	0.241409881586189	4.72635254092735	2.28588650079425e-06	7.2805485050297e-05
SACI_RS05895	466.152555558137	0.64	0.183585235223759	3.48397747466321	0.000494021063635029	0.00669556207522369
SACI_RS05900	2489.16079606324	-0.26	0.358163920874612	-0.712248953287153	0.476310628004466	0.703151494875655
SACI_RS05905	95.4373806494392	0.09	0.276094047091595	0.331161777137646	0.740522290193501	0.865527887804148
SACI_RS05910	712.899412359267	0.05	0.126669498534049	0.411052031941081	0.68103438205124	0.835658264367888
SACI_RS05915	1475.55904549125	-0.05	0.113423330998236	-0.460767830702595	0.644965183905584	0.820045553189335
SACI_RS05920	617.965345979956	-0.16	0.14381950178027	-1.12354708846089	0.261205213547124	0.513938906654882
SACI_RS05925	1234.55598659584	0.49	0.164129361096782	3.00707492369557	0.00263774741843241	0.023554943568933
SACI_RS05930	210.356425466225	-0.71	0.189175824282618	-3.73747672469398	0.000185876290669324	0.00328897769878776
SACI_RS05935	180.787175488338	-0.17	0.1775684680363	-0.978978988634229	0.32759036138623	0.575810228453548
mvaD	243.371880336434	-0.33	0.183078391747372	-1.80587573977155	0.0709377513615009	0.235657614692444
SACI_RS05945	512.198858625855	-0.27	0.126268464354633	-2.10277489056494	0.0354854519434355	0.149202857346326
SACI_RS05950	194.342133589925	0.03	0.206406970712002	0.123071485910118	0.902050490544461	0.959863103871851
SACI_RS05955	1495.42430540689	0.52	0.191800980389702	2.72783967447697	0.00637505844583831	0.0449821988897616
SACI_RS05960	1116.03580362501	-0.30	0.127113946973925	-2.32471232234038	0.0200873479421625	0.101151309400455
SACI_RS05965	1399.4877150554	-0.06	0.107218729686553	-0.565016248370961	0.57206271248051	0.772042262394247
SACI_RS05970	49.7464305933602	-0.16	0.300763153988967	-0.529720247413045	0.59630590755094	0.787690410460429
SACI_RS05975	268.761902290385	-0.10	0.145791904432175	-0.661707309268232	0.508158819440407	0.72537180500513
SACI_RS05980	509.864271805513	-0.36	0.155044773378802	-2.33024376452537	0.019793271097155	0.100665179152796
SACI_RS05985	129.464284172639	-0.37	0.210229420407833	-1.76637336013391	0.077333231390554	0.248553893448067
SACI_RS05990	293.976051667323	-0.42	0.195830306918185	-2.16710700415281	0.0302266959841246	0.135118392389609
SACI_RS05995	595.126201500786	-0.23	0.126620946444225	-1.7788601894082	0.0752626863444942	0.245152848786349
SACI_RS06000	97.292048786822	-0.19	0.242085209505582	-0.787584625952776	0.430939710323547	0.667498104501154
SACI_RS06005	16.2705895535663	0.31	0.754728945972534	0.41115624833757	0.680957967372117	0.835658264367888
SACI_RS06010	305.14619149199	-1.21	0.213674023090959	-5.67553907371426	1.38252580446427e-08	9.27019934151304e-07
SACI_RS06015	1985.7916905127	-0.21	0.122663076893765	-1.67383974884423	0.0941620980780248	0.282863283643632
SACI_RS06020	325.810354910094	0.11	0.164395702652289	0.641783743773427	0.521013606098359	0.735514194294828
thrS	2765.05912990255	0.00	0.142017750669525	0.0336094562009672	0.973188581571744	0.985958054013839
SACI_RS06030	156.472137806769	-0.36	0.169773105919684	-2.10288903877115	0.0354754702259136	0.149202857346326
SACI_RS06035	146.346947679002	-0.33	0.220235093219527	-1.51931575239812	0.128683036538183	0.338105633847273
SACI_RS06040	3445.36740207629	0.32	0.231163266240329	1.39638178042118	0.162599558651926	0.387626357368709
sucD	2975.99639642373	0.44	0.225803864686984	1.96809476517065	0.0490571350661959	0.184090692413354
SACI_RS06050	367.616574518131	0.24	0.22874710086222	1.05134429397499	0.293100490576593	0.545875515976683
SACI_RS06055	2.90576735628235	-0.22	1.3146723351123	-0.16386617809766	0.869836493105832	NA
SACI_RS06060	94.9898359481506	0.10	0.222607302095655	0.445790843744902	0.655748336409895	0.825891204737228
SACI_RS06065	33.6060449610045	-0.36	0.369229431256842	-0.983860972165193	0.325183875318344	0.573855327356156
SACI_RS06070	44820.0409952734	0.05	0.155615592694761	0.34365604415603	0.731104971601853	0.861635276429936
SACI_RS06075	74703.2903692578	0.06	0.149515073057774	0.414784968496269	0.678299324369281	0.835658264367888
SACI_RS06080	86.898395233209	0.88	0.285720941757824	3.07615343795621	0.00209689907737393	0.01957105805549
SACI_RS06085	9312.15536590707	0.07	0.143263144517959	0.479336101105965	0.631699543529152	0.812407280051703
SACI_RS11640	135.996812748332	-0.80	0.187147679170096	-4.26828769037615	1.96979182116771e-05	0.000492061721601503
SACI_RS06090	1825.83778152912	-0.36	0.103538026634833	-3.48831357615493	0.000486077650710371	0.00662313290914453
SACI_RS06095	436.10015436217	-0.57	0.178356915145258	-3.1868907347939	0.00143811092367256	0.0147160908976614
SACI_RS06100	880.274136257079	-0.31	0.181782194678077	-1.70104539814062	0.0889344627179293	0.275562010323006
SACI_RS06105	125.082221410873	-0.08	0.225875865816229	-0.333666997088095	0.738630856163089	0.864506854158728
priS	339.579137935356	-0.08	0.146986031760008	-0.570294279301759	0.568478120302308	0.769241768736208
SACI_RS06115	702.937555234688	0.09	0.144967667037873	0.650932787371008	0.515089875245831	0.731319310605986
SACI_RS06120	660.762953923353	-0.37	0.129423666876357	-2.84108899900509	0.0044959763247655	0.0349260599862881
SACI_RS06125	650.598356866695	-0.24	0.145073377830882	-1.68113754983337	0.0927362002689895	0.281635087348493
SACI_RS06130	169.521753287517	-0.08	0.211661481336173	-0.368488165831475	0.712509267645147	0.851136246582201
rnz	487.091391033277	-0.53	0.257142994986016	-2.0738995215078	0.0380886435055909	0.156878851944088
SACI_RS06140	109.81271743164	-0.08	0.250190087695764	-0.320261196959982	0.748770335587893	0.870774447776336
SACI_RS06145	168.453380778962	0.56	0.253317193727789	2.19693044781155	0.0280254139128418	0.127972678584088
thpR	350.478599605847	-0.16	0.148732894459836	-1.06866325705103	0.285221433607268	0.53945053195673
SACI_RS06155	632.516240746902	-0.10	0.141496312704774	-0.680847839786684	0.495967775567518	0.718463075618625
SACI_RS06160	194.737187140341	-0.23	0.173602655828437	-1.30102414640953	0.193250189740047	0.429295103276059
SACI_RS06165	507.929742160109	-0.11	0.236529778600588	-0.477799994509793	0.632792565066968	0.812407280051703
SACI_RS06170	4.66719633572906	-0.88	1.12494991881584	-0.780028910159046	0.435373858552893	NA
SACI_RS12235	12.896454786572	-0.52	0.719075908124121	-0.72813343598562	0.466531907864479	0.695600386785293
SACI_RS06180	478.779699506919	-0.08	0.139385397512393	-0.598795605256713	0.549309193314681	0.753304534211952
SACI_RS06185	514.82209311486	-0.06	0.121982846531043	-0.50886613308653	0.610846060092061	0.800721851129474
SACI_RS06190	330.63991002509	-0.28	0.213102000283928	-1.32837336097828	0.18405479531978	0.416493444471403
SACI_RS06195	628.334479897019	-0.05	0.117285616917515	-0.395334181890085	0.692596276144463	0.839943517724978
SACI_RS06200	616.436177473875	-0.36	0.120332407979463	-3.00636408053241	0.00264392223732922	0.023554943568933
SACI_RS06205	230.806127456069	1.38	0.271798869167092	5.06061502819584	4.17906246131724e-07	1.71745986313489e-05
SACI_RS06210	803575.221305172	3.11	1.01855991340335	3.05199158248069	0.00227328475663513	0.020910937039373
SACI_RS06215	596188.633698691	3.06	0.986480263954938	3.10398255106326	0.0019093459118417	0.0184981497466641
rpiA	455.869665953146	-0.14	0.140692188250034	-1.02333897777042	0.306147600593593	0.558385172736203
SACI_RS06225	1677.16676933127	-0.39	0.264213164185196	-1.46427278629218	0.1431194296813	0.360344176707463
SACI_RS06230	5.10568753943519	0.98	1.13983875753909	0.861024287531104	0.389224666546812	NA
SACI_RS06240	121.886526603593	-0.11	0.22207628100711	-0.480240230731036	0.631056583203922	0.812407280051703
pyrH	577.066035230272	0.02	0.15307562917201	0.142031663493958	0.887054995359761	0.9500698310957
SACI_RS06250	3173.78782012005	0.36	0.143296076489604	2.48265746706311	0.0130406416630558	0.0728876398483907
SACI_RS06255	230.596336770054	0.13	0.160595174093546	0.778991330778381	0.435984821537978	0.672794188589823
SACI_RS06260	609.25193825714	-0.38	0.140168324599611	-2.72136919264484	0.00650121088995468	0.0456338439327948
SACI_RS06265	2652.26795941916	-0.17	0.153543223166314	-1.11478658529431	0.26494188635874	0.515510308201779
SACI_RS06270	1749.21584818189	-0.23	0.116309581834256	-2.01969683100326	0.043414844022847	0.17018618856956
SACI_RS06275	3026.08130214475	0.19	0.0869340879580747	2.19707638470192	0.0280149913713084	0.127972678584088
SACI_RS06280	3375.58907286346	0.08	0.0785240985916931	1.07463375513731	0.282538733036092	0.538450779189201
SACI_RS06285	1600.0699347477	0.15	0.117162623763732	1.3110520836949	0.189840167710042	0.423937552432242
SACI_RS06290	4027.88020330216	0.30	0.110622376330843	2.75188834483676	0.00592527194486499	0.0424089688638089
SACI_RS06295	118.300864327277	0.21	0.22569987274738	0.931277723600493	0.351709922003788	0.59850400101438
SACI_RS06300	4040.28962953985	0.11	0.13831416212022	0.822217837368463	0.410952928606446	0.651997548000762
SACI_RS06305	341.816476829631	0.25	0.183024474822184	1.36182190348546	0.173254097301732	0.399602954564574
rgy	7912.31730250186	-0.08	0.128174659900004	-0.630332248237166	0.528477228274365	0.741906323770293
albA	10128.7691811393	-0.25	0.275536865576829	-0.91846426393256	0.358375859714264	0.603530529115627
SACI_RS06320	2112.09596850435	-0.28	0.127576620419485	-2.20797186522891	0.0272462344771316	0.125995291193705
SACI_RS06325	84.4988539352968	-0.39	0.24686304824982	-1.59575847855417	0.110542726831248	0.308502593610097
SACI_RS06330	112.444797562704	-0.14	0.22316709432445	-0.610788515807876	0.541339597198133	0.750045292909648
SACI_RS06335	771.895132996385	0.00	0.12906012714721	0.0205174691262173	0.983630576662081	0.990628738867582
SACI_RS06340	108.438397057108	0.01	0.213254271699818	0.023620517017812	0.981155306502546	0.988917611142598
SACI_RS06345	157.475608803818	0.03	0.191472133439842	0.151013336152836	0.879965195818809	0.945656397699842
gatC	463.863205778998	0.12	0.126546178482148	0.919572549223721	0.35779617721375	0.603351859391551
gatA	2641.31493437647	-0.03	0.0976764763880288	-0.328720667477181	0.742366831322164	0.866888490471528
twy1	5488.70480098066	-0.14	0.0938582087430326	-1.50792576854852	0.131573526666365	0.341742452544239
SACI_RS06365	1561.91964123715	-0.04	0.111160234331389	-0.348958561038152	0.727120419803768	0.860913897700975
SACI_RS06370	414.915045318375	-0.23	0.11874461481098	-1.95333850172797	0.0507794981402108	0.187788332744931
dph5	169.083197422628	0.08	0.180338376910881	0.415910152744588	0.677475749976249	0.835658264367888
SACI_RS06380	541.065895266417	-0.15	0.112798133699882	-1.36741369093133	0.171495673398665	0.398696145820985
SACI_RS06385	1384.06775874106	-0.55	0.132301677866489	-4.14114918618145	3.45570096893475e-05	0.000772379479723311
SACI_RS06390	386.920021738002	-0.39	0.15622603411819	-2.49734281694909	0.0125127924353555	0.0711665069760843
SACI_RS06395	956.54173741508	0.01	0.129398116433309	0.0430750925534776	0.965641674128668	0.981433979130373
SACI_RS06400	8771.7970739341	-0.16	0.129176970510233	-1.27031034060643	0.203974106226531	0.445734153229161
SACI_RS06405	760.312635020641	-0.15	0.151717578940873	-0.994091029499839	0.320178552193317	0.569718161588139
SACI_RS06410	3417.40126344783	-0.20	0.10847255280074	-1.88561770058341	0.0593464903841398	0.206860270176181
SACI_RS06415	2612.90748543028	-0.04	0.151128609156407	-0.273698955494008	0.784315980512618	0.893721995294937
SACI_RS06420	434.040796519273	-0.18	0.157472361422433	-1.16047030786192	0.2458573758838	0.499557092306159
SACI_RS06425	1803.59409885627	-0.11	0.0991325788359003	-1.11621505956402	0.264330089782733	0.515510308201779
SACI_RS06430	304.810920487167	-0.11	0.144200621609551	-0.785356907202939	0.432244339070058	0.668705874894054
SACI_RS06435	2417.87051095373	0.13	0.101357615552212	1.25064177315849	0.211065202799036	0.455369846152611
SACI_RS06440	4759.23048024781	0.12	0.132457971447665	0.898579846403505	0.368876497479646	0.613653498124717
SACI_RS06445	1498.06047078975	-0.81	0.177359959278749	-4.56270833341825	5.0497944040979e-06	0.000142965290462683
gatD	1607.51057587283	0.16	0.121013196805219	1.30216908441833	0.192858591042612	0.429173528363822
gatE	2703.00455502541	0.26	0.102773593570393	2.51272611945191	0.0119802302000425	0.0696932113007038
SACI_RS06460	394.627756813668	-0.02	0.133111313258653	-0.178058131043367	0.858677323106312	0.934604792513833
SACI_RS06465	1374.70005494482	0.65	0.110540470989168	5.91785271810556	3.26171839168381e-09	2.44437013588539e-07
SACI_RS06470	18608.7330987005	0.46	0.182598131021922	2.52346015162688	0.0116206230025089	0.0679339710788457
SACI_RS06475	821.593158375468	-0.26	0.119065904654169	-2.1735182551617	0.0297413333830767	0.133652411746172
SACI_RS06480	3682.31427672053	0.22	0.163262433572693	1.37353900311931	0.169584844672544	0.39642402222536
SACI_RS06485	4658.16247749986	0.16	0.121425478252869	1.28431896000274	0.199030375447862	0.437935575683206
SACI_RS06490	1305.78323235784	0.19	0.100880588482661	1.91497917240418	0.055495159806337	0.198237280386741
SACI_RS06495	4490.06090705089	-0.05	0.146567499212023	-0.368617401182714	0.712412923344553	0.851136246582201
hmgA	2479.51467851843	-0.01	0.143289824060223	-0.0435974481773598	0.965225285824834	0.981402245922457
SACI_RS06505	605.56334293694	0.12	0.187856941910292	0.653560819396716	0.513394793745213	0.730150286990657
SACI_RS06510	3254.63026637223	0.11	0.144293241326635	0.770235330551516	0.441160309718963	0.674311019294492
SACI_RS06515	4213.69605785465	-0.17	0.167754314776911	-0.985379747334608	0.324437573950171	0.573278043290594
speD	6373.52021887004	0.17	0.108603819383444	1.56238046250113	0.118198386905934	0.322451273914688
SACI_RS06525	529.895978302971	-0.14	0.216729626967747	-0.63988843154517	0.522245135364269	0.735514194294828
SACI_RS06530	25.5810113091752	1.18	0.504547358675563	2.34746245640121	0.018901777957238	0.0977602229419797
SACI_RS06535	707.627820163125	0.08	0.151531780656258	0.55100420116354	0.581630794628204	0.778767874257837
SACI_RS06540	318.582840955818	-0.06	0.214723888269059	-0.279510293691466	0.779853239475265	0.890262569078394
SACI_RS06545	1697.02793117953	-0.01	0.444014525692472	-0.014595270170546	0.988355072709087	0.992298304664098
SACI_RS06550	1209.54876278881	0.27	0.450488171827204	0.606455571684414	0.544212276089059	0.751980954162105
SACI_RS06555	183.971409854122	-0.20	0.211274649607106	-0.946228022370773	0.344032296290352	0.592293439829605
SACI_RS06560	627.532585551595	-0.12	0.1175081858998	-1.03784627655519	0.299341628350809	0.551498531480738
SACI_RS06565	8621.82248482215	0.03	0.109910707546683	0.254052587243399	0.799454931722393	0.901470235452465
SACI_RS06570	7548.89332429368	-0.04	0.129413273105798	-0.291530437431987	0.770645668609001	0.885507751097837
cdvA	7493.27064004332	0.03	0.126149806432476	0.260834794081644	0.794219911159845	0.899348769696736
SACI_RS06580	777.368438999242	-0.60	0.187134962258551	-3.2207474562848	0.00127856760216473	0.0134619431831229
eno	1340.37751971505	0.06	0.134481626379072	0.473850440919563	0.635606562040093	0.813484915042396
SACI_RS06590	25.6443976754198	-0.36	0.444353283178442	-0.818800214455369	0.412900408573638	0.652649032906718
SACI_RS06595	678.186201956424	-0.74	0.183840147587613	-4.00244642364899	6.26908669204104e-05	0.0013170434500987
SACI_RS06600	338.93394491195	-0.85	0.171543278734838	-4.9828785405714	6.26452760991147e-07	2.49406505469601e-05
gcvPB	889.054138053807	0.14	0.0990965659948832	1.37166856381661	0.170166638889748	0.397419427947825
gcvPA	1050.01866951645	0.18	0.095053470177281	1.92447694504548	0.0542948278567686	0.195621326299489
gcvT	730.693328203222	0.17	0.161993174737249	1.03209669371542	0.302026822570508	0.554441169963727
gcvH	591.747286180115	0.34	0.139939756153304	2.4333330231239	0.0149605339394301	0.0814517958924527
SACI_RS06625	1174.96829640701	0.13	0.123959417888719	1.05981567722439	0.289228463187871	0.54227676541773
SACI_RS06630	385.61232521666	0.08	0.216788568077286	0.375400030046621	0.707362982554954	0.849368934754959
SACI_RS06635	2002.59376576587	0.59	0.104800472240895	5.64089557882379	1.69167936830632e-08	1.07759975761112e-06
sufC	3400.74320597697	0.06	0.115898667349971	0.554779350636457	0.579045592869973	0.776495625289564
sufB	6730.7039072479	0.88	0.152888893053278	5.73588977626809	9.70017334205563e-09	6.86556713209937e-07
SACI_RS06650	2043.34040518892	-0.25	0.180922427840337	-1.38930384923935	0.16474037390345	0.389747885520882
SACI_RS06655	207.149323072005	-0.17	0.289023327401921	-0.598924695993963	0.549223102092808	0.753304534211952
SACI_RS06660	7.43994581735186	-0.16	0.932649218433229	-0.17347885624927	0.862275046168441	NA
SACI_RS06665	2446.12378100142	0.04	0.126557771073956	0.346646440501704	0.728856952195308	0.860913897700975
SACI_RS06670	12.9490155694091	0.34	0.576985758452912	0.594176279085182	0.552394216519448	0.756314058942265
SACI_RS06675	1654.31771349586	0.04	0.104259323926324	0.386062799070088	0.699450160132979	0.8430458883722
SACI_RS06680	136.173479353878	-0.12	0.230599836275521	-0.532626706921741	0.594292010975775	0.786626516346116
SACI_RS06685	1405.60464292125	-0.44	0.141830425379745	-3.09833385239532	0.00194612058875893	0.0186088181113543
SACI_RS06690	1683.30522232543	0.09	0.159800998033235	0.544324875516075	0.586217931958597	0.781802749910026
SACI_RS06695	683.455641559541	-0.10	0.158532844378687	-0.657855352092153	0.510631082556901	0.728085057837148
SACI_RS06700	40889.2202918033	0.52	0.164334631310327	3.17874642156011	0.00147913429883695	0.0150152756710619
SACI_RS06705	119.9848036565	-0.19	0.235641086779976	-0.786526828822865	0.43155890771901	0.668051091657374
SACI_RS06710	921.022420848115	-0.63	0.132554607069511	-4.73587896501372	2.18107732236333e-06	7.10439330990195e-05
SACI_RS06715	1087.11738609025	-0.08	0.121252455267897	-0.698502011758524	0.484863300190209	0.709515857841671
SACI_RS06720	448.171213448282	0.26	0.210337434389699	1.25015481900942	0.211242997705018	0.455369846152611
SACI_RS06725	292.028639267095	-0.12	0.149515501586479	-0.791196460591992	0.428829356586843	0.665037857932608
SACI_RS06730	370.782360267118	-0.03	0.135436057251643	-0.218542419667023	0.82700651084879	0.914816113603912
argF	622.990021474019	-0.01	0.122970974286123	-0.0847468919809981	0.932462615622	0.970376794572639
SACI_RS06740	1225.13837524764	-0.17	0.117748373896253	-1.44357037056159	0.14885986447614	0.370216946105134
SACI_RS06745	382.132302920535	0.09	0.134449184914442	0.680184266220452	0.496387793460178	0.718463075618625
asd	3839.73588780962	0.01	0.111855486189148	0.0669934212666107	0.946586940504484	0.975294591348737
SACI_RS06755	3077.11130842143	0.31	0.152369892606064	2.04701736898156	0.0406563791894231	0.162116516705243
thrC	2529.79101683966	0.30	0.190085227435782	1.5579087376036	0.119254883646501	0.324638294371032
SACI_RS06765	512.370077911316	-0.09	0.122443676007229	-0.773666620117385	0.43912796440713	0.673399329944259
SACI_RS06770	192.805697145231	0.03	0.204189726382643	0.150202182212352	0.880605104271685	0.945945112008539
SACI_RS06775	10701.8109620523	0.09	0.189883343211249	0.464070511244552	0.64259722829954	0.818361541708006
ppsA	4782.59689434254	-0.01	0.141797658345289	-0.0981413066833518	0.921820087835532	0.966635131866584
SACI_RS06785	159.864302160404	-0.10	0.206598759776805	-0.466405883874297	0.640925000679271	0.817355806672063
SACI_RS06790	1616.00635775289	-0.39	0.115509158521181	-3.34288032339438	0.000829136497664541	0.00969100823875803
SACI_RS06795	155.345896335256	-0.29	0.217838482020624	-1.32378311049684	0.18557508692699	0.418077207329771
SACI_RS06800	5046.157190041	0.07	0.162601810202755	0.442002428742916	0.65848744841376	0.828147097017898
trpA	1238.05238457744	0.21	0.191170049986933	1.09345197681188	0.274195403160514	0.528818285309922
trpD	1745.82728971484	0.08	0.186293005081437	0.451135109971891	0.651892174253931	0.822695027240721
SACI_RS06815	634.204687597054	0.17	0.211152974116005	0.781553264017318	0.43447716232752	0.670959946498678
SACI_RS06820	884.585427106425	0.07	0.174571063116108	0.420851348051112	0.673863633620199	0.835118938941764
SACI_RS06825	273.046287515651	0.01	0.1932935927084	0.0506692300812907	0.959589095979456	0.980759332753973
trpC	666.293320582049	0.02	0.109640739056772	0.144315976904207	0.885250962628346	0.948935402935224
SACI_RS06835	858.393668718108	-0.03	0.124945811964021	-0.233931289921678	0.815038321226522	0.908847983582135
SACI_RS06840	3609.1934649707	0.11	0.10880640533448	1.02041158071388	0.307533303842294	0.559311105060788
SACI_RS06845	281.057974087745	-0.12	0.139937010058206	-0.89055440393981	0.373168269661891	0.617825049446717
SACI_RS06850	58.9949048503951	-0.26	0.305403374223485	-0.855179365530886	0.392451857709492	0.633251464652239
SACI_RS06855	63.4358216519727	-0.04	0.323657235204625	-0.137777916518408	0.890415937954806	0.951318557389523
SACI_RS11925	177.850441111074	-0.41	0.297199474654748	-1.37019227873871	0.170626887935112	0.397765151380298
SACI_RS06865	235.387715933609	0.13	0.201425003249553	0.640319703353823	0.521964773659557	0.735514194294828
SACI_RS12245	110.271096872762	-0.57	0.209326029229826	-2.73463727403145	0.00624490500030405	0.0443231697514616
SACI_RS12250	107.927075883497	-0.37	0.24752461286695	-1.48419385342226	0.137757499978025	0.349956241220348
SACI_RS06870	1006.26312515632	-0.12	0.121034171633559	-0.966861546818123	0.333613251827769	0.58222367510764
glgX	1126.62821854774	0.25	0.15002985778226	1.66924165125791	0.0950694986527243	0.283982511802041
treZ	956.549162103457	0.14	0.125812061413705	1.07822445934922	0.280933599001538	0.536595809787046
SACI_RS06885	48.7989262469402	-0.49	0.406791717392852	-1.20045307875253	0.229963425124766	0.48088145495765
SACI_RS06890	5.32968044413127	0.20	1.08748272697989	0.183084210620548	0.854731944474467	NA
SACI_RS06895	801.192880912137	0.17	0.103406433770929	1.67625042454089	0.0936891510349151	0.282492327910934
SACI_RS06900	19.1598285864109	-0.64	0.648144333924697	-0.983798260987019	0.325214714561338	0.573855327356156
SACI_RS11930	1.6829335796413	-0.22	1.68314157676759	-0.132941026923979	0.894240020058062	NA
SACI_RS06905	21.7694075614891	-0.12	0.519167851341845	-0.239234698347936	0.810923598306916	0.907835381584368
SACI_RS12065	19.4779984434756	0.57	0.485103290239755	1.17184889210746	0.241257729182802	0.492996378337961
SACI_RS06910	709.943608910563	-0.28	0.126667501372149	-2.23158589371664	0.0256423448124149	0.119664275791269
SACI_RS06915	278.225054359676	0.11	0.154572031135513	0.709123395850294	0.478247905575508	0.703972075913573
SACI_RS06920	3193.79151670366	-0.09	0.12167729228583	-0.727204689807149	0.467100573700799	0.695600386785293
SACI_RS11660	13.412901469217	-1.85	0.806862179541924	-2.29146020811662	0.0219368107728523	0.107697483331845
SACI_RS06925	81.2306365320516	-0.43	0.267480064256562	-1.59862740500897	0.109903416675195	0.307729566690547
SACI_RS06930	502.821455443321	-0.22	0.164502271789323	-1.34447477883697	0.178794906841614	0.409041192539717
SACI_RS06935	4.06645783369498	-1.48	1.15374565537091	-1.28437620629746	0.199010354137795	NA
SACI_RS06940	137.065372756586	0.07	0.189821681157002	0.344947094323553	0.730134144830203	0.860913897700975
alaS	3514.22335659399	0.13	0.0996073839283638	1.26220630772025	0.20687455957479	0.448991803915302
rpl12p	5134.29262259193	0.21	0.14244685144374	1.50315102440494	0.132800103600038	0.342821003127979
SACI_RS06955	9637.43162487279	0.08	0.103945175078448	0.754554321363402	0.450516440210371	0.683690226120325
SACI_RS06960	5489.27542006289	0.16	0.105208358326482	1.51287809760654	0.13031062631777	0.339847979383499
SACI_RS06965	3551.56946654619	0.08	0.151923699578929	0.544129934681478	0.586352062432519	0.781802749910026
SACI_RS06970	1791.75176890199	0.10	0.106454472944057	0.937545028188682	0.348478273104926	0.594723804334461
SACI_RS06975	293.06519731826	0.09	0.162996456167017	0.554134585247229	0.579486742397958	0.776495625289564
ftsY	1965.77648964543	-0.04	0.0916391398082617	-0.410598489440729	0.681366971527127	0.835658264367888
pfdA	2808.56764364323	0.20	0.0818231140095042	2.4906495965343	0.0127509804325988	0.0720387985416001
SACI_RS06990	725.340082977057	-0.04	0.145937232598172	-0.291298961938033	0.770822681293172	0.885507751097837
SACI_RS06995	1266.55709833353	0.04	0.124440833688427	0.337285759232851	0.735901493892567	0.863692771275108
SACI_RS07000	3095.65185753585	-0.21	0.14048984998798	-1.52395153532829	0.127520818299424	0.336531340028107
SACI_RS07005	145.90982720514	-0.16	0.205009139135277	-0.80165695559612	0.422751421524554	0.660031018409659
SACI_RS07010	3813.88307697404	-0.08	0.134121381680396	-0.571716068968223	0.567514346307708	0.768761035735174
SACI_RS07015	2840.18362358481	-0.29	0.112673174486995	-2.53370748905458	0.011286290048103	0.0672141698360746
SACI_RS07020	1143.80823407619	0.12	0.134852652728993	0.895919353034192	0.370295837161304	0.614923486590591
SACI_RS07025	3768.36633920744	-0.07	0.147941032623108	-0.479279596379665	0.631739735406785	0.812407280051703
SACI_RS07030	501.52315077586	-0.18	0.138265625875827	-1.28529984476829	0.198687524410452	0.437686403598243
SACI_RS07035	106.265281507028	0.06	0.217890779269941	0.284647150241116	0.775914484178612	0.889592522592797
SACI_RS07040	81.9486464456205	-0.35	0.351691524478446	-0.987563049583227	0.32336669018574	0.57289674363125
SACI_RS07045	2087.15972212894	-0.60	0.108426087340029	-5.49381857436119	3.93334575416552e-08	2.27776476854858e-06
SACI_RS12070	52.1743171511537	-0.39	0.506785081221796	-0.775794288652744	0.437870456728352	0.673399329944259
SACI_RS07050	543.612308048582	-0.86	0.152533616697646	-5.6131412540577	1.98686277292687e-08	1.2347625232726e-06
SACI_RS12075	97.867587637038	-0.03	0.255847477202492	-0.12013918075734	0.904372895392203	0.96096835799618
moaA	1315.26112463792	-0.26	0.120396634380515	-2.15911035669929	0.0308416063635657	0.136092728176582
SACI_RS07060	1356.56216900974	-0.18	0.108906467135127	-1.67338892532381	0.0942507565986826	0.282863283643632
folE	1859.08123588231	0.41	0.182604530170581	2.22225955098136	0.0262657700296512	0.121903792414483
SACI_RS07070	608.298539388217	0.05	0.134339612796782	0.365632463237685	0.714639347823258	0.853280720831144
glnA	2682.34588088207	0.40	0.274161954034333	1.45824920254002	0.1447718662495	0.363069601578471
SACI_RS07080	531.994335987569	-0.29	0.122513594660117	-2.40590243136844	0.01613257267228	0.0869044295327051
SACI_RS07085	577.003891408883	-0.32	0.124896575334293	-2.58245495044717	0.00981001688096975	0.061264517188017
SACI_RS07090	202.048852601087	0.01	0.223880250323898	0.0319817415191404	0.97448661160587	0.986096857177028
SACI_RS07095	175.157132900041	-0.14	0.220945297062873	-0.612297379373641	0.540341023218777	0.749885036580307
SACI_RS07100	508.823147537011	-0.48	0.188204325462727	-2.57555902283629	0.0100078191007051	0.0618930171567881
SACI_RS07105	1589.56682916447	-0.21	0.135467603225905	-1.53837379083766	0.123957246758487	0.332766793680883
SACI_RS07110	666.979389706632	0.28	0.248677302522036	1.12358315492133	0.26118990559078	0.513938906654882
SACI_RS07115	157.397440715733	-0.14	0.168556960878317	-0.835645945510657	0.403354113037506	0.643951303270404
SACI_RS07120	173.664861168462	-0.02	0.169691941903852	-0.141408064657828	0.887547583614674	0.950198001281592
SACI_RS07125	1132.16003827102	-0.04	0.165548341380533	-0.235820224892086	0.813572173511906	0.908318091771193
SACI_RS07130	697.516486539104	-0.06	0.179003929872339	-0.323616780638841	0.746228181980558	0.869007955981015
SACI_RS07135	445.64951271874	0.07	0.203165733499332	0.335651840842909	0.737133426266413	0.864309595464783
SACI_RS07140	2043.17798655981	-0.12	0.230291057174035	-0.514482905885739	0.606914408720264	0.79712263578311
SACI_RS11670	256.616244783898	-0.18	0.199705480644327	-0.904842412312755	0.365548879081768	0.609966302488766
SACI_RS07145	183.297992849108	-0.19	0.197010936806145	-0.972522194481041	0.330790828874326	0.57888395053007
SACI_RS07150	93.0605004402899	-0.82	0.251549975382973	-3.25174215049196	0.00114700025108471	0.0123837145752705
SACI_RS07155	677.383606284339	-0.38	0.122414254673254	-3.13201532049259	0.00173610815598806	0.0172797014900686
SACI_RS07160	1754.72637097064	0.18	0.136016289376495	1.30675433949797	0.191296157106765	0.426441477084896
SACI_RS11675	211.247250565377	0.00	0.155440291731466	0.015819325996488	0.987378530450011	0.992050668606714
SACI_RS07165	915.040855595829	-0.06	0.149607325574387	-0.429241615217262	0.667747400818649	0.831516112976047
SACI_RS07170	728.984557772796	0.10	0.112812937921281	0.912950449400651	0.36126860257115	0.606797890145874
SACI_RS07175	1682.06122113995	-0.33	0.204898877707865	-1.59680846329706	0.110308408830307	0.308502593610097
SACI_RS07180	548.663974446738	0.40	0.169603010301522	2.34112615419516	0.0192256695605504	0.0983674820085994
SACI_RS07185	462.21495280964	-0.19	0.127856482985416	-1.49742827701236	0.134281855108498	0.344215459573896
SACI_RS07190	7442.32390891885	0.03	0.145587150806259	0.198807931674049	0.842412991265386	0.924308060572808
SACI_RS07195	376.343071650643	-0.39	0.129857203146011	-3.01024736649889	0.00261035001478547	0.0235023739847116
SACI_RS07200	366.896600205741	0.03	0.174133321932139	0.183898575008961	0.854093022722826	0.931206256695661
pheT	1603.98492619859	0.18	0.151822941405261	1.17466526155697	0.240128662537423	0.491853585049686
SACI_RS07210	2201.87470392674	0.10	0.126423323449942	0.75481830477735	0.450358009204279	0.683690226120325
SACI_RS07215	2103.65541422089	-0.05	0.130746167250418	-0.358847427070972	0.719709230697423	0.855548169106139
map	981.771769359406	-0.03	0.115826042370515	-0.248596016811757	0.803673289917527	0.903290490829228
SACI_RS07225	10619.6578292167	0.05	0.107591727747164	0.489084698919824	0.624781733699435	0.810149545784306
SACI_RS07230	765.544676734308	0.04	0.181878217763829	0.205058192883939	0.837526659549491	0.9226190784834
rrf	13108.8436403955	0.75	0.698538919498032	1.06702166076936	0.285962054807994	0.53972690048205
SACI_RS07240	1057.13330728583	-0.06	0.108143144669984	-0.527349508174151	0.597950899914059	0.788193943601149
SACI_RS07245	691.5222619	0.00	0.120528218091853	0.0379107291369464	0.969758858585569	0.984048415641589
SACI_RS07250	3341.01457733199	0.10	0.0981884335996568	1.02386194441937	0.305900487181576	0.558334127033421
rpl7ae	2342.831532108	0.13	0.164769739375412	0.813766919615702	0.415778489340459	0.653650834467779
SACI_RS07260	1764.74923548842	0.28	0.120270797308611	2.34719908173225	0.0189151451767645	0.0977602229419797
SACI_RS07265	13.6703003130163	0.31	0.570215834160757	0.543547932331132	0.586752598064277	0.781927625453859
SACI_RS07270	414.745355648966	0.09	0.149412036327508	0.619457093085606	0.535615279580271	0.74630951000285
SACI_RS07275	67.5529794700554	0.06	0.316179168232768	0.197926531486395	0.843102545672568	0.924308060572808
SACI_RS07280	59.6006774671248	0.03	0.381776783770809	0.067417547393222	0.946249300169668	0.975294591348737
SACI_RS07285	9.91614889049808	1.14	0.688767022423971	1.65008877185256	0.098924780903368	NA
SACI_RS11860	28.6219074717567	0.64	0.426711924363912	1.49788407978022	0.134163370646085	0.344215459573896
SACI_RS07290	128.578284233313	0.58	0.257507312640053	2.23654674897208	0.0253159786295982	0.118358006510489
SACI_RS07295	75.9153967249436	0.45	0.253317399762822	1.76523765297254	0.0775238329176569	0.248553893448067
SACI_RS07300	3.64415878839754	-0.81	1.60259170867719	-0.505501623610073	0.613206558376054	NA
SACI_RS12255	316.367302600567	-0.49	0.225338634347297	-2.15801490881138	0.0309266726760523	0.136092728176582
SACI_RS12260	232.498349102392	-1.00	0.218255318817891	-4.57844078080914	4.68454744645818e-06	0.000134114908916578
SACI_RS07310	507.556257430795	0.27	0.254035682118679	1.04412439614212	0.296427840049525	0.549653507558556
SACI_RS07315	649.22293092853	-0.32	0.135859790112129	-2.37979382544593	0.0173223269147726	0.0919526853725843
SACI_RS07320	1351.55502635603	-0.34	0.116147537922185	-2.92479407497499	0.00344684230931145	0.0290813053116741
SACI_RS07325	5931.92063422035	0.10	0.101574941300546	0.943434328116955	0.345458791399214	0.593025772955852
SACI_RS07330	1738.1249928558	-0.45	0.115369909737462	-3.87271129729728	0.000107631294495819	0.00212592665407245
SACI_RS07335	2479.28727113622	-0.20	0.112692417064464	-1.77240331797018	0.0763276314223798	0.246901843896767
SACI_RS07340	340.299636532399	-0.17	0.198980060443253	-0.838212171372607	0.401911552444493	0.642673425620818
SACI_RS07345	55.1750757507025	-0.45	0.326699280373573	-1.36949272201857	0.170845308260568	0.39791027920286
priL	400.477864627322	-0.40	0.141166017945618	-2.82854730310553	0.00467597902114721	0.0357789626002495
metG	2201.28342151989	-0.15	0.119144939250245	-1.26677161813878	0.205236963251457	0.446578806460046
SACI_RS07360	8625.68362561893	0.26	0.103988140540729	2.50456498114391	0.0122602081991143	0.0705788059548889
SACI_RS07365	467.621141700246	0.34	0.157622553847749	2.16612600459447	0.0303015595448391	0.135118392389609
SACI_RS07370	1944.0366352348	0.47	0.137152292797782	3.4182606759314	0.00063022715367256	0.00787166072332197
SACI_RS07375	14712.1994400431	0.29	0.0899408047808311	3.2619088203929	0.00110664732572269	0.0120501597689804
SACI_RS07380	9377.41840032059	0.20	0.0872654253859975	2.24115158199661	0.0250162579155254	0.117573250572644
SACI_RS07385	2666.46034362129	0.19	0.108104498449602	1.79471299808477	0.0726994385381362	0.239640717860943
SACI_RS07390	284.87736908494	0.09	0.161588157548921	0.536868150209857	0.59135869265347	0.785007623844149
SACI_RS07395	3208.2128987885	0.26	0.14116569374166	1.80787829594238	0.0706254444247507	0.234926413047343
proS	2182.89095826865	0.05	0.115029213042333	0.408609926987999	0.682825944432474	0.835658264367888
SACI_RS07405	892.541356993947	-0.14	0.13820535343733	-1.02267502806913	0.306461522227034	0.558557910325095
pdxS	3389.49554131265	0.23	0.108771606717261	2.07015614210998	0.0384377248477194	0.157458718508021
pdxT	1679.29332477023	0.24	0.11214343089929	2.15427039312694	0.0312189732915553	0.136245216669796
SACI_RS07420	3509.0104764284	0.25	0.101817993071872	2.44554033303123	0.0144635270151791	0.0795962566623679
SACI_RS07425	360.670305075031	0.33	0.150268079642662	2.18669641479489	0.0287646935174027	0.130646058970307
ilvC	3311.73704257086	0.09	0.184394305341628	0.473371644760643	0.635948055962242	0.813484915042396
SACI_RS07435	866.460634457726	0.19	0.258953192912584	0.714915387694602	0.474661328100988	0.701155613027016
SACI_RS07440	6284.22039156234	0.14	0.200507725679434	0.67908668225779	0.497082940281539	0.718463075618625
SACI_RS07445	166.992471202729	-0.15	0.209563245191791	-0.704009365439664	0.481426941237732	0.707627037527843
SACI_RS07450	160.931620542219	0.20	0.185339020565803	1.06950316679712	0.284843002653525	0.539298870279618
SACI_RS07455	887.939775333948	-0.22	0.100651468065567	-2.22372424331316	0.0261670030831423	0.121667014335487
SACI_RS07460	228.327916872672	-0.26	0.161920077123467	-1.621404192687	0.104930982178514	0.299399935712043
SACI_RS07465	47.8748237092324	-0.24	0.367607677045017	-0.639818903142464	0.522290341717291	0.735514194294828
SACI_RS07470	1060.64059338944	-0.05	0.160478894295765	-0.339885788420937	0.7339425394054	0.863631790463311
SACI_RS07480	211.274125392915	0.09	0.222287533930117	0.38776523433623	0.698189775357127	0.842722665850289
SACI_RS07485	508.951679413104	0.21	0.168765805679596	1.21889500376294	0.222884046241299	0.471684842045541
SACI_RS07490	1146.97634767496	0.07	0.140635027214462	0.477649481884651	0.632899706005742	0.812407280051703
SACI_RS07500	165.742880400282	-0.58	0.194423397584179	-2.99679110495227	0.00272837603163577	0.0241385490576665
hisC	1232.48241354612	-0.21	0.135850963435679	-1.53791560208804	0.124069251961083	0.332766793680883
hisG	483.612742318739	0.37	0.17860122092786	2.08005410182489	0.0375205708132427	0.15494718708613
hisA	243.190636404416	0.34	0.175832284372693	1.93985913076717	0.0523968121058437	0.192373310152291
hisBd	543.437760915881	0.31	0.137841815265532	2.27407882022718	0.0229612478813674	0.110805415912356
hisF	539.437179009538	0.32	0.151746403881839	2.12344494595997	0.0337165842441401	0.144144054788706
hisD	930.787281559191	0.16	0.155155402934119	1.04575960932646	0.295672033674368	0.549105205395255
hisE	94.8425831198205	0.08	0.223499704296849	0.37444477151048	0.708073438708619	0.849421432123146
hisH	261.956041836264	-0.08	0.219766230560353	-0.344919357811632	0.730154997225984	0.860913897700975
hisI	88.8892625081531	0.07	0.22868278930658	0.288306344878972	0.773112250754515	0.887737726418433
SACI_RS07550	2779.25220996235	0.45	0.129572172991344	3.50991378676504	0.000448252006822372	0.00627839794913605
serS	2644.64791186411	0.09	0.106450887706319	0.880579183136862	0.37854562982638	0.622260422670339
SACI_RS07560	12630.633767458	-0.13	0.0987829024142503	-1.33442701947551	0.182063949878442	0.412721480685293
SACI_RS07565	1295.7049200899	0.14	0.147275635787869	0.935864414151666	0.349343001332198	0.595401984879225
SACI_RS07570	2001.21002591337	0.21	0.189794322187209	1.12044230809503	0.262525324353238	0.514945747846075
SACI_RS07575	748.007552043166	0.01	0.13401708117578	0.105592819958311	0.915905421745507	0.963951678896139
SACI_RS07580	645.700384053275	0.06	0.128863392452514	0.478727615103203	0.632132417568825	0.812407280051703
SACI_RS07585	364.089459833416	-0.17	0.179483504524835	-0.928128465280467	0.353340935568719	0.598813420330774
SACI_RS07590	453.499303936566	-0.10	0.13413212403014	-0.710247414856406	0.477550722614897	0.703804803655567
SACI_RS07595	417.660894471744	0.16	0.183558492646258	0.874035886734926	0.382098710620625	0.626482432558229
SACI_RS07600	914.07770033864	0.10	0.174060281926011	0.572307807479432	0.567113461292099	0.768761035735174
SACI_RS07605	478.043025294344	0.12	0.193956748822579	0.643628619672578	0.519816287017718	0.735458957252624
pyrI	650.938413744741	0.22	0.188189185663264	1.15641173022564	0.247512785799084	0.500498673539582
pyrB	1588.96301669084	0.29	0.159476704653962	1.79147711784262	0.0732167633499211	0.240605780475165
pyrE	8.02054115653322	-0.80	0.860416264660344	-0.929410756520489	0.352676255429782	NA
SACI_RS07625	36.3570994176647	-0.87	0.439779828683879	-1.98017169958129	0.0476842387183746	0.181279807686473
SACI_RS07630	166.22248742531	-0.15	0.228114244762967	-0.650092169588608	0.515632686936155	0.731532342045279
SACI_RS07635	2539.85429520072	0.92	0.136058522805335	6.79177926954647	1.10758924733948e-11	1.12885496088839e-09
SACI_RS07640	418.134464007272	-0.07	0.140034397048501	-0.470904730898118	0.63770876948432	0.814885629210656
SACI_RS07645	112.489677999634	-0.58	0.208341145912387	-2.79345029935085	0.00521490419739953	0.0388525610964152
SACI_RS07650	591.275485359391	-0.91	0.19763068276261	-4.60782978642735	4.06893532263679e-06	0.000120554037233471
SACI_RS07655	401.890859468027	-0.49	0.172328243515955	-2.82533870249968	0.0047230660915071	0.0359642201955964
SACI_RS07660	453.463803744492	-0.50	0.154465534347749	-3.23988037653138	0.00119579854760677	0.012802078568496
SACI_RS07670	110.915773669912	-0.11	0.360343783098203	-0.313464890443222	0.753927490877973	0.874322203199981
purS	22.9898812039922	1.26	0.702170681724984	1.79470289034729	0.0727010498063223	0.239640717860943
purQ	93.2585303995427	0.82	0.493847791111679	1.65314303215212	0.0983017572471296	0.291586586106736
purL	659.465474982763	0.60	0.428605962199048	1.40870467890246	0.15892251083059	0.383460755299567
purF	434.363724372243	0.35	0.288992147565689	1.2256932288675	0.220314139246856	0.467800355667492
SACI_RS07695	782.571525363922	0.40	0.194172349236497	2.03454706511537	0.0418964683142349	0.166022085948166
purD	1017.64661728952	0.27	0.205903720423318	1.32086445921377	0.186546562102984	0.419523954314565
purM	504.331554135153	0.27	0.181537596849881	1.49677549386532	0.134451684886342	0.344232875766741
SACI_RS07710	4709.51711069193	-0.33	0.180660071244931	-1.82907101199297	0.0673889708885615	0.227728246451001
SACI_RS07715	312.332761123569	-0.35	0.151252477469282	-2.32143307878155	0.0202634819799898	0.101836986360974
SACI_RS07720	4281.3323863785	0.09	0.43855068052404	0.213906803317053	0.830619734745707	0.916595532322245
argH	5441.96555706836	0.49	0.37118002477769	1.32716869308157	0.184452886050897	0.417019198549539
carA	5084.23316896256	0.47	0.233938458849643	2.02003068858851	0.0433802043940312	0.17018618856956
carB	15745.3802648337	0.44	0.206248977377183	2.13125272698759	0.033068327291481	0.14161024863646
SACI_RS07745	322.919416627374	-0.59	0.156244955490022	-3.74637400114791	0.000179409051439172	0.0031967430983707
SACI_RS07750	155.956823378357	-0.63	0.224084595261699	-2.81562589889994	0.00486823181851447	0.0368078773696583
SACI_RS07755	338.505476648994	-0.37	0.165511898993187	-2.20837867120764	0.0272178873404118	0.125995291193705
SACI_RS07760	80.504061053742	-0.33	0.284704807873163	-1.15906658111876	0.246429046621093	0.499580751574946
SACI_RS07765	125.768486967405	-0.10	0.207258102771321	-0.484996106553493	0.627679107339252	0.811918949078121
SACI_RS07770	570.852731544736	-0.10	0.152872433896396	-0.654943408641051	0.512504190557981	0.729938891862345
SACI_RS07775	962.269869597494	-0.15	0.116131744092859	-1.31668015665385	0.187945857782822	0.421554617632597
SACI_RS11685	115.483296734102	-0.49	0.210759857789662	-2.32533759247694	0.02005391565991	0.101151309400455
SACI_RS07780	37.7431043952998	0.05	0.412872066248954	0.115382660710394	0.908141821914487	0.962106214528467
amrS	1275.83252994802	0.33	0.095805941509087	3.47345600867314	0.000513801583288523	0.00685427452470762
SACI_RS07790	808.333817246558	-0.40	0.127355928059389	-3.11085829708784	0.00186544433310505	0.0182113109607344
SACI_RS07795	289.722971438109	0.51	0.179410080311249	2.85396882081055	0.00431767686435204	0.0341659647526988
cyoE	2022.3940049149	0.54	0.112532364326428	4.78088202824269	1.74527761913231e-06	6.17634357437379e-05
SACI_RS07805	301.347174819647	-0.12	0.160063344791583	-0.742368380616286	0.457864171654927	0.690318289572043
SACI_RS07810	249.449132910651	-0.32	0.176374689642682	-1.79255791456143	0.073043640905295	0.240458910887199
SACI_RS07815	818.317390095085	0.19	0.116873987138394	1.62199380594615	0.10480467439208	0.299399935712043
SACI_RS07820	647.408208878635	0.03	0.1313900634538	0.231358305804628	0.817036453629535	0.909484003428596
SACI_RS07825	2267.65669376272	0.35	0.138242439818242	2.56380989560246	0.0103530232587382	0.0635650681042527
SACI_RS07830	379.309709939098	-0.03	0.132152931544974	-0.223845784579677	0.822877302829649	0.911606627674203
SACI_RS07835	674.512259887295	0.14	0.115638216359199	1.22929249148424	0.218962161448989	0.465920202093271
SACI_RS07840	2483.78053292132	0.50	0.153402485461985	3.22896944854514	0.00124237166315471	0.0131898458238259
SACI_RS07845	1664.62362675149	0.05	0.0995318031412225	0.454228464811663	0.64966439744693	0.822442076114168
SACI_RS07850	2492.4950778348	0.15	0.155087170957335	0.992448420199379	0.320978828911846	0.569933140116644
SACI_RS07855	645.791162371263	0.07	0.124991872220783	0.554597044713606	0.5791703108862	0.776495625289564
pyk	1203.87630662098	-0.21	0.160336652879599	-1.31488076334853	0.18854997875988	0.42216638478047
SACI_RS07865	349.426857395994	-0.14	0.165301016678443	-0.867468658616861	0.385685276970471	0.629585649327597
SACI_RS07870	58.2009167112508	-0.18	0.299784787558093	-0.602850722446064	0.546608000227554	0.752028717375706
SACI_RS07875	52.4181325772818	-0.23	0.302405646889848	-0.750890515885178	0.452718548556485	0.684992198172164
SACI_RS07880	73.9010208884648	-0.38	0.269280192711154	-1.39444759338741	0.163182484565513	0.387809212294596
SACI_RS07885	318.520698624423	-0.39	0.157657085968066	-2.48305213085343	0.0130262022867094	0.0728876398483907
SACI_RS07890	623.010217094353	-0.24	0.15052209175629	-1.5784970404191	0.114451467515063	0.315267393760412
SACI_RS07895	744.849609980654	-0.16	0.11419387565657	-1.43574397194515	0.151075207945969	0.373003517292954
SACI_RS07900	406.409277038796	0.31	0.151649311892838	2.04799609913536	0.0405603816239232	0.162116516705243
SACI_RS07905	586.576965480749	0.09	0.115683162837588	0.799243483063102	0.424149242920531	0.661402858605577
SACI_RS07910	2752.04144434155	-0.16	0.102285267899142	-1.56746986891461	0.117004903778522	0.319794038016917
SACI_RS07915	298.860490428341	-0.57	0.169618582193709	-3.38357272848777	0.000715492546770599	0.00872284693383486
SACI_RS07920	489.82015160762	-0.26	0.146610555844648	-1.77841676063017	0.0753354319465114	0.245152848786349
SACI_RS07925	1199.01992744678	0.45	0.20419389915892	2.18948027079051	0.0285619509837514	0.130189357972448
SACI_RS07930	1898.28916664674	0.20	0.125480211437292	1.6331120161076	0.10244543984888	0.295979613293998
SACI_RS07935	196.409491180458	-0.08	0.179758688038781	-0.437661534885949	0.661631656987837	0.829095977959655
SACI_RS07940	810.444525205588	0.03	0.149329810571062	0.178481202237249	0.858345082616017	0.934604792513833
SACI_RS07945	4191.99070782996	-0.16	0.133843359794361	-1.17555929065859	0.239771031241476	0.491853585049686
SACI_RS07950	622.848441546133	0.35	0.129512958527303	2.70970943658838	0.00673421740328938	0.0468819288075993
SACI_RS07955	1024.42050009266	0.13	0.132903026411837	0.962961104943638	0.335567042691577	0.584033350258291
SACI_RS07960	17262.0891916349	0.34	0.16789541643995	2.04793985348142	0.0405658932021217	0.162116516705243
SACI_RS07965	385.269463976279	-0.12	0.278826480322239	-0.439048037743082	0.66062672911556	0.828474139488314
SACI_RS07970	382.362246735889	-0.00	0.145416629306942	-0.0312728022496781	0.975051980456164	0.986277271219653
SACI_RS07975	741.790334016333	0.82	0.152111743364257	5.36960066169294	7.89111815475545e-08	3.86664789583017e-06
SACI_RS07980	318.154176504892	0.18	0.187889645868914	0.944753425171747	0.344784774793862	0.593025772955852
SACI_RS07985	504.055127477468	-0.33	0.121672212602744	-2.67654879919345	0.00743847325672944	0.0500085220531573
SACI_RS07990	339.043667791823	-0.01	0.156511819538358	-0.0468063970155698	0.962667530542366	0.980916976275444
SACI_RS07995	218.809570760491	-0.23	0.175240994786527	-1.29469515546163	0.195425411827397	0.431868126050484
SACI_RS08000	815.487055686229	-0.02	0.160004962565046	-0.113498391309749	0.909635438390507	0.962106214528467
SACI_RS08005	178.432227144967	-0.19	0.213471554593321	-0.910012317330302	0.362816013954577	0.608027740275456
SACI_RS08010	2474.5459342508	-0.00	0.0845069625610693	-0.0534128837769777	0.957402940097454	0.980759332753973
SACI_RS08015	1703.11648698613	-0.02	0.151305995507274	-0.10671523036512	0.91501489952292	0.963951678896139
SACI_RS08020	11778.5558351592	0.38	0.133241631560862	2.82497572317008	0.00472841984518241	0.0359642201955964
SACI_RS12080	32141.4655480986	0.13	0.138807159798461	0.929352470636016	0.352706450947721	0.59877875131414
SACI_RS08030	1360.19581139608	-0.34	0.170771996882099	-2.00019071022085	0.045479674565033	0.174258963596548
SACI_RS08035	3125.59678189191	-0.26	0.128237409676395	-2.01008962429647	0.0444217040161154	0.17259728977884
SACI_RS08050	460.378068928949	0.01	0.123969670830261	0.0776058458489372	0.938141592093781	0.973502672455547
SACI_RS08055	87.5386617191317	-0.08	0.238032446457196	-0.337977155085314	0.735380403430652	0.863692771275108
SACI_RS08060	144.517035885447	-0.09	0.227672179462813	-0.399366479488271	0.689623189250436	0.839244644524184
SACI_RS08065	461.504834850604	-0.31	0.160831384394305	-1.90636794907495	0.0566024840346315	0.199478740415271
SACI_RS08070	1196.30362594531	0.06	0.133936913208674	0.414511246540592	0.678499732301249	0.835658264367888
SACI_RS08075	514.839001562027	-0.11	0.13488263421148	-0.837263894791533	0.40244424921001	0.642901534161194
SACI_RS08080	208.032175454961	0.18	0.206313280917285	0.855706856342806	0.392159946805248	0.633251464652239
SACI_RS08085	270.409520798057	0.11	0.185668782511219	0.568771435285551	0.569511262043825	0.770230730195151
SACI_RS08090	2335.09685093266	0.12	0.127134191165455	0.947865625257536	0.343197866513383	0.592056982989912
SACI_RS08095	212.010005775939	-0.34	0.273076702343912	-1.23734793771482	0.215957938064741	0.463048236950308
SACI_RS08100	96.0472104142113	-0.45	0.275760836526221	-1.62855564531016	0.103407120372175	0.297383005314109
SACI_RS08105	380.846046534554	-0.16	0.158252097464813	-0.996297410056348	0.319105661816206	0.569576797511484
SACI_RS08110	136.072801831345	-0.07	0.221751950010274	-0.309354942887383	0.757051540799903	0.875212035371212
SACI_RS08115	459.120496428598	-0.02	0.13743084944318	-0.176982889269202	0.859521829794917	0.93472540431816
SACI_RS08120	99.112279872779	-0.09	0.316764461936382	-0.297464077130338	0.766112229701776	0.882084935056542
SACI_RS08125	1222.62780973176	0.25	0.555330275703407	0.458652315885307	0.646483861602269	0.821566523372858
SACI_RS08130	637.347207071535	-0.01	0.137167122122531	-0.0697545040878031	0.944389059401789	0.975294591348737
SACI_RS08135	993.292927280591	0.29	0.149224495881061	1.95648430531717	0.0504081295170363	0.186685921525303
SACI_RS08140	555.623456921326	-0.01	0.157161344460073	-0.0368879580300303	0.970574341313731	0.984092089799995
SACI_RS08145	381.034624721938	0.06	0.154976786459565	0.373835524073718	0.708526688184943	0.849565177174228
rfbC	238.29222752627	-0.13	0.169094152459494	-0.794108270540246	0.427132403242412	0.66442818282153
SACI_RS08155	107.533922956671	-0.58	0.256291965118657	-2.27908188486807	0.0226621981483214	0.1101971009197
merA	215.518562783105	-0.33	0.184922412945642	-1.81069679491058	0.070187799271204	0.234926413047343
SACI_RS11700	9.8269554972205	0.13	0.626223674173395	0.20909866135108	0.834371219695169	NA
SACI_RS08165	318.211396294726	-0.52	0.136319166660142	-3.78973878706914	0.000150805783214019	0.00278444301180668
SACI_RS08170	589.77008010243	-0.22	0.143557977860689	-1.52223357341397	0.127950565563855	0.336795496959402
SACI_RS08175	433.157152520773	-0.12	0.138376110069394	-0.847335676927249	0.396808046160898	0.637494893832262
SACI_RS08180	262.768282282958	0.11	0.179337303466665	0.616105339541734	0.537824998224486	0.74843151036373
SACI_RS08185	493.651000463471	-0.13	0.197665489521354	-0.682878669432314	0.49468351360077	0.718207175301859
ilvD	2526.79933425247	0.10	0.149369836633965	0.651612817479014	0.514650977009483	0.731319310605986
SACI_RS08195	78.1295797035308	0.10	0.258789418112493	0.392441272010436	0.694732196121288	0.840939494402395
SACI_RS08200	109.162336140473	-1.01	0.23350654368616	-4.31092555387997	1.62572636304648e-05	0.000410133739905191
SACI_RS08205	5550.70027307366	5.61	0.187184984700753	29.9497373554935	4.43468162897393e-197	5.64978439531279e-194
SACI_RS08210	4369.82640531575	-0.01	0.111762146706158	-0.0526227172864111	0.95803251626851	0.980759332753973
SACI_RS08215	120.44015644473	-0.08	0.233736501538325	-0.339603939643382	0.734154810888356	0.863631790463311
SACI_RS08220	100.504363613874	0.06	0.258180747210035	0.235478565352659	0.813837313532628	0.908318091771193
SACI_RS08225	174.09909838378	0.36	0.21411931447121	1.67274107010259	0.0943782803564761	0.282912774527413
SACI_RS08230	311.508298940239	-0.15	0.160888656833763	-0.930972601831984	0.351867736860103	0.59850400101438
SACI_RS08235	421.604288724355	0.12	0.165450535189958	0.727380586678892	0.466992843579461	0.695600386785293
SACI_RS08240	406.613764354395	-0.18	0.213033152854515	-0.840850951066933	0.400431439329557	0.641294347838914
SACI_RS08245	814.242098878305	-0.09	0.152045263841143	-0.571895708122665	0.567392631848814	0.768761035735174
SACI_RS08250	612.083838666147	0.23	0.121273925577162	1.88190950042704	0.0598483042978187	0.208040217395419
SACI_RS08255	661.517158974009	-0.27	0.239371933595398	-1.11114822133487	0.266504554453536	0.516783565256933
SACI_RS08260	88.4986581307302	-0.37	0.315948689645276	-1.17611299825397	0.239549724419328	0.491853585049686
SACI_RS08265	267.47024801032	0.19	0.16425746450859	1.17378792146599	0.240479983181245	0.492163049916315
SACI_RS08270	843.093714790745	-0.32	0.243848777205662	-1.32235353845786	0.186050452540529	0.418777873739636
SACI_RS08275	161.152488063767	-0.03	0.259428190329998	-0.112874931085667	0.910129711387353	0.962106214528467
SACI_RS08280	117.687769470057	0.66	0.255719365631766	2.59961841099369	0.00933274741467998	0.0585843577608848
SACI_RS08285	40.4463016275991	-0.42	0.356427083957236	-1.17180804946894	0.24127413021485	0.492996378337961
SACI_RS08290	16.3504181058721	-0.86	0.651395749203647	-1.32668028688051	0.184614464664003	0.417019198549539
SACI_RS08295	26.3496918473863	-0.18	0.513396295222621	-0.359359372786986	0.719326263397046	0.855548169106139
SACI_RS08300	7027.81373177101	0.16	0.169486557941834	0.929619623799438	0.35256806332186	0.59877875131414
SACI_RS08305	1052.77933555741	-0.04	0.141483645539163	-0.260447159189586	0.794518869932242	0.899348769696736
SACI_RS08310	775.066319768572	0.00	0.164949922554337	0.0259284393406332	0.979314416354731	0.988234904107666
SACI_RS08315	106.527719722368	-0.39	0.23032179890694	-1.69715048842483	0.0896682129652213	0.275935515260125
SACI_RS08320	76.5758777853259	-1.40	0.297636611510846	-4.71594839706564	2.4058741150115e-06	7.5681077099374e-05
SACI_RS08325	2981.00225408819	0.01	0.130102033569264	0.0618964024786076	0.95064533241288	0.978684568480007
SACI_RS08330	1634.95963466894	-0.01	0.109441311697954	-0.0903121894467274	0.928039133958295	0.968719259863062
SACI_RS08335	8.84167189367883	-0.79	0.651659602679852	-1.21789230704259	0.22326490000822	NA
SACI_RS08340	165.928532660351	-0.05	0.207585643867936	-0.232672171533239	0.816015980090595	0.909484003428596
SACI_RS08345	35.5467791145452	-0.07	0.333233664399418	-0.22384382965813	0.822878824038723	0.911606627674203
SACI_RS08350	38.0810078707473	-0.20	0.325789548961317	-0.625145279063457	0.531875712590112	0.744290477378967
SACI_RS08355	1354.52008814845	-0.07	0.135669311112417	-0.534162574366321	0.593229059991447	0.786262773682131
SACI_RS08360	12062.2787797358	0.13	0.111125867054071	1.13946260299964	0.254510257672397	0.506949197462271
SACI_RS08365	958.678815177672	0.14	0.122146301853152	1.15596426982854	0.247695772108875	0.500498673539582
SACI_RS08370	137.473080216143	1.89	0.20968929271844	9.0049469440098	2.15770117693893e-19	3.43613912427524e-17
SACI_RS08375	195.55585369578	0.01	0.19876663334525	0.0437828489235172	0.965077498549781	0.981402245922457
SACI_RS08380	2591.47197047912	4.26	0.422218597358859	10.0980850052531	5.63314305940026e-24	1.10409603964245e-21
SACI_RS08385	500.187219932995	-0.29	0.214146200135893	-1.33177282855501	0.182934849147985	0.414327107225835
SACI_RS08390	71.6123325427015	0.04	0.269139697355926	0.137720836012321	0.890461051559659	0.951318557389523
SACI_RS08395	90.6472116592495	-0.04	0.231664222728506	-0.158055390777132	0.874413151679618	0.942162657634398
SACI_RS08400	993.376734238142	-0.05	0.174679822194171	-0.284268475952403	0.776204642571777	0.889592522592797
SACI_RS08405	98.9426682906491	-0.28	0.214166995492712	-1.3152109719331	0.188439008707902	0.42216638478047
SACI_RS08410	479.461710052596	-0.02	0.149605891089073	-0.157901740413195	0.874534226619286	0.942162657634398
SACI_RS08415	51524.3823339229	0.24	0.133887807336443	1.8030514285968	0.0713801382293032	0.236510523027652
SACI_RS08420	1187.74178556079	-0.35	0.127020695164891	-2.73345174412198	0.00626743064607907	0.0443594813505819
SACI_RS08425	12576.1220199463	0.10	0.112365363705826	0.856270509221011	0.391848169574386	0.633251464652239
SACI_RS08430	8101.51053793693	0.08	0.141092938807654	0.587273013877106	0.557020362264183	0.76142053811649
SACI_RS08435	5458.45480497758	0.14	0.151206028860799	0.943116379295859	0.345621378665401	0.593025772955852
SACI_RS08440	4380.28528826809	0.10	0.158418133992902	0.64087110114424	0.521606433071814	0.735514194294828
SACI_RS08445	337.947341404105	-0.22	0.191982279399035	-1.16889017758536	0.242447881443509	0.4946014426886
SACI_RS08450	1753.34917085058	-0.18	0.111018794133412	-1.64123522462588	0.100748596367346	0.294052031550972
SACI_RS08455	141.623669687482	-0.17	0.195988794500774	-0.843081326460265	0.399182961582634	0.640502636091027
SACI_RS08460	1498.26459299259	-0.04	0.100823616899853	-0.356913128406226	0.721156841070591	0.856247731149984
SACI_RS08465	254.324755852889	-0.86	0.458859463778942	-1.88234200549738	0.0597895946517371	0.208040217395419
SACI_RS08470	457.640233741263	-1.35	0.440245621238492	-3.05614480023364	0.00224202951643415	0.0206981565502689
SACI_RS08475	311.95398354632	-0.88	0.252321750497585	-3.4777446900834	0.000505651298701342	0.00678105004784747
SACI_RS08480	204.798112885311	-0.15	0.226376889139513	-0.673113436457193	0.500875126380771	0.719002716629974
SACI_RS08485	203.711034129378	-0.63	0.293263963156559	-2.14389606118489	0.0320412158770731	0.138140470481865
SACI_RS08490	492.101979388591	-0.17	0.158635899626886	-1.06489711007246	0.286922492960838	0.540338885487226
SACI_RS08495	79.9605669640018	0.30	0.249880093219176	1.20576038736115	0.227909893365219	0.478347947524364
SACI_RS08500	1165.81786441842	0.02	0.123266979587353	0.162428425025905	0.870968488114677	0.940243101405616
SACI_RS08505	406.454816344545	0.19	0.170883204737695	1.09166961550649	0.274978345041032	0.529288387214672
SACI_RS08510	333.144850683246	-0.08	0.154640620021735	-0.497263146535235	0.619003496613364	0.805883362702411
SACI_RS08515	216.155425911647	-0.04	0.18567054690346	-0.202450788140576	0.839564327118232	0.923489368910796
SACI_RS08520	384.766444022303	-0.23	0.188666735150887	-1.21445857146612	0.224572660715892	0.474077166117725
SACI_RS08525	522.396437287901	-0.43	0.278823834640838	-1.54895405835512	0.121392764389616	0.328005051606302
SACI_RS08530	2379.34782602868	0.07	0.120966315254056	0.537892329347085	0.590651384392033	0.784677826492981
SACI_RS08535	1404.43093923285	0.00	0.291953291494652	0.0125855594882858	0.989958441486896	0.992685599727906
SACI_RS08540	72.5379155410295	0.42	0.322707291017716	1.29876684512407	0.194023956048616	0.429516107742723
SACI_RS08545	111.606832338083	0.20	0.304422937741489	0.644219043258128	0.519433403845452	0.735458957252624
SACI_RS08550	2439.81150901249	0.08	0.152757790016242	0.549523098429915	0.582646517392471	0.77930883271182
SACI_RS08555	592.298822058351	0.06	0.126788387280109	0.466914669220541	0.640560929664893	0.817300575255957
SACI_RS08560	792.587320547696	-0.74	0.155567554362753	-4.75225788385226	2.01157577643153e-06	6.85514554148671e-05
SACI_RS08565	775.613868644145	-0.76	0.224451864021375	-3.38540210968959	0.000710740546648352	0.00870657169644231
SACI_RS08570	244.892231620429	-0.23	0.191484823673403	-1.22406958882154	0.220925977110683	0.468708900647811
SACI_RS08575	34.5875902214228	0.18	0.467533957491804	0.394834419576666	0.692965091249633	0.839943517724978
SACI_RS08580	23.1261662748325	0.22	0.447437817907559	0.494541827614857	0.620923573895436	0.806772560868445
SACI_RS08585	32.5601167608223	0.66	0.418894536866987	1.58097552277799	0.113883634510054	0.31438299104184
SACI_RS08590	11.788488846758	-0.26	0.673473275776903	-0.38548046540787	0.699881476713242	NA
SACI_RS08595	86.4444285674294	0.02	0.246522958034871	0.0841305502223031	0.932952635175589	0.970376794572639
SACI_RS08600	194.159213872106	-0.59	0.232815725755441	-2.53264969285403	0.0113204022442923	0.0672141698360746
SACI_RS08605	71.2120726674807	-0.40	0.345618692988101	-1.15357181307235	0.248675759946046	0.501636525690574
SACI_RS08610	7914.66124261451	-0.76	0.605966296221093	-1.25468003933344	0.209594934653172	0.45296683078565
SACI_RS08615	1108.19593794546	0.30	0.146020094527166	2.08532701744621	0.0370396266071709	0.153708417907282
SACI_RS08620	595.325881195336	0.07	0.151158668530637	0.453654053336735	0.650077841952093	0.822442076114168
SACI_RS08625	4190.94574496921	-0.31	0.203579777638721	-1.52568016514332	0.127089536595056	0.336531340028107
SACI_RS08630	1346.78319300347	-0.15	0.144727085493952	-1.00288154428434	0.315918018298609	0.568154008191137
SACI_RS08635	2232.9358484856	-0.40	0.14125732091405	-2.85753374337272	0.00426947236546405	0.033919418627452
SACI_RS08640	85.9173820122218	-0.95	0.265869383558733	-3.56184011892387	0.000368264633111537	0.00572157490956218
SACI_RS08645	523.024287733053	0.18	0.116330847009559	1.51874164176163	0.128827540467296	0.338105633847273
SACI_RS08650	63.4978803460729	0.06	0.247747638239753	0.252414697495517	0.800720540910783	0.901470235452465
SACI_RS08655	239.152009470716	-0.26	0.168249825068965	-1.53227742873737	0.125453988542131	0.335207659663932
SACI_RS08660	1671.2760525757	-0.02	0.103728322360083	-0.15740383625807	0.874926590248501	0.942162657634398
SACI_RS08665	716.848103291442	0.22	0.147835271511631	1.50630854837412	0.1319879847042	0.342469842185644
SACI_RS08670	1358.36185157542	0.36	0.125788128628727	2.83004828080062	0.00465409802993706	0.035769915724684
SACI_RS08675	1010.63810846114	0.14	0.133870362500997	1.07689471455005	0.281527304646892	0.536924829521168
SACI_RS08680	80.300183127235	-0.34	0.274503405883671	-1.22310467644349	0.221290162565205	0.469090960246375
SACI_RS08685	184.077834538232	-0.61	0.184045311536158	-3.32459542754356	0.000885469246872976	0.0102089395521825
SACI_RS08690	280.51973650386	-0.28	0.186467982613384	-1.50424379137574	0.132518605970466	0.342821003127979
SACI_RS08695	151.224024127611	-0.16	0.26197544598626	-0.603153388988778	0.546406652261495	0.752028717375706
SACI_RS08705	849.236666570938	-0.15	0.119672498357913	-1.26321832569223	0.206510728716758	0.448584259821226
SACI_RS08710	294.022837533318	-0.16	0.185964973806839	-0.872435762945179	0.382970697600932	0.626724044628885
SACI_RS08715	321.905978107418	-0.54	0.170243825011024	-3.17990705648689	0.00147322295974252	0.0150150884056958
SACI_RS08720	185.221027676054	-0.36	0.175578685678356	-2.05884231961671	0.0395093461272891	0.159730348769017
SACI_RS08725	422.157991667653	0.28	0.149430602075104	1.86988675504853	0.061499545468134	0.212908752517399
SACI_RS08730	438.279514769503	-0.04	0.257598485972341	-0.1675549301076	0.8669334303736	0.937733467978653
SACI_RS08735	22.4099810490624	-0.55	0.47616014300451	-1.15296833205475	0.248923382916374	0.501636525690574
SACI_RS08745	582.069657925669	-0.23	0.161494578076141	-1.44210473069349	0.149272830714192	0.370347782531414
SACI_RS08750	618.450449397146	0.08	0.161647379588362	0.502366551690479	0.615409702911561	0.803481660967261
SACI_RS08755	422.409350792043	0.05	0.162168093370806	0.325762182676972	0.744604293107914	0.868307431962913
SACI_RS08760	1006.3204523969	0.10	0.175297662642181	0.544156530270334	0.586333762303901	0.781802749910026
SACI_RS08765	265.282582134796	-0.35	0.163855320490269	-2.13980476119118	0.0323705482862443	0.139089640865684
SACI_RS08770	45.3182052998109	-0.35	0.363050527272228	-0.951638488060275	0.341280355146725	0.589947316766523
SACI_RS08775	525.896436453969	0.29	0.164817248772155	1.73588875142809	0.0825835071134743	0.260746934479718
SACI_RS08780	434.075304984572	-0.41	0.206372203603311	-1.96838535367911	0.0490237158056151	0.184090692413354
SACI_RS08785	428.282169320947	0.22	0.195496085840219	1.10509978505152	0.269116353737502	0.520870405961518
SACI_RS08790	303.19982476962	-0.39	0.189190050176484	-2.0615813593774	0.0392476102389839	0.159730348769017
SACI_RS08795	484.003069717888	-0.20	0.177897949012788	-1.11456084010076	0.265038659240318	0.515510308201779
SACI_RS08800	673.258225280666	0.25	0.171112163885865	1.44516681463459	0.148411035270255	0.370200332129699
SACI_RS08805	858.352113407993	0.57	0.149310646804167	3.83054719045019	0.000127858608195424	0.00241321284208845
SACI_RS08810	179.559376002468	0.25	0.238272376167334	1.06404224391963	0.287309563022708	0.540668217564151
SACI_RS08815	354.120241491221	0.21	0.204198512532596	1.03945636397842	0.298592542101151	0.550915131986772
SACI_RS08820	626.597921628358	0.11	0.120590525243759	0.911917422617603	0.361812189258586	0.606919141887681
SACI_RS08825	166.008609323709	-0.05	0.17799719565692	-0.28178781791381	0.778106212472678	0.889862939578269
SACI_RS08830	430.032998991233	0.05	0.149270562130199	0.350181314825463	0.726202628691018	0.860234448119347
SACI_RS08835	1580.31852295612	0.16	0.139628740490837	1.12857212772257	0.259078374044888	0.512013768875177
SACI_RS08850	124.965286550417	3.45	0.354077740233963	9.73861647739373	2.06344447192449e-22	3.75546893890258e-20
SACI_RS08855	172.001924913502	0.18	0.207176572939699	0.845482027692319	0.397841763001144	0.638752874686147
SACI_RS08860	492.714338372598	0.14	0.122173892696295	1.1666498463003	0.24335180459923	0.49604831849507
SACI_RS08865	609.825366016061	0.32	0.165961894196473	1.93610732350566	0.0528545577686887	0.193774695244056
SACI_RS08870	216.80645201251	0.30	0.187515660187474	1.59922537152782	0.109770534792069	0.307729566690547
SACI_RS08875	852.316055258335	0.10	0.121918158748122	0.856057408357288	0.391966025849775	0.633251464652239
SACI_RS08880	406.203023490907	0.36	0.14724628344032	2.45198077856476	0.0142072250882008	0.0783549989712893
SACI_RS08890	61.6530042642267	0.52	0.364162393996417	1.41705616324777	0.156466507689169	0.380780001520538
SACI_RS08900	1543.81966416423	-0.34	0.183211556423808	-1.83536487386542	0.0664516446698483	0.225758387491698
SACI_RS08905	297.543374223485	-0.78	0.171022256255716	-4.58201388080784	4.60519318119346e-06	0.000133341275291829
SACI_RS08910	536.326548119927	-0.26	0.205214442393896	-1.24942440754417	0.211509885852544	0.45555975414394
SACI_RS08915	1484.51818947506	-0.10	0.123334506671054	-0.847978099229381	0.396450167704501	0.637494893832262
SACI_RS08920	2490.62251764958	0.31	0.184180489528474	1.67620603358823	0.0936978427804783	0.282492327910934
cbsA	7068.5602571944	1.13	0.418294663054951	2.70444732118143	0.00684181170275	0.0475011886065586
cbsB	1633.92047270349	0.84	0.451223167458514	1.85220965431592	0.0639957229869186	0.219158332946978
soxL2	2850.21108947159	1.02	0.371193316508522	2.75729083990256	0.00582824866748263	0.0420690583703845
SACI_RS08940	5130.36486933158	1.07	0.458538385946171	2.33355984239334	0.0196187814050877	0.0999773100403267
SACI_RS08945	586.281528629649	0.79	0.497500487702772	1.58162733196613	0.113734670693477	0.314312300354641
SACI_RS08950	667.632882459533	0.26	0.151254071631762	1.73251368245243	0.0831821430991806	0.262312005713753
cas6	791.076777655583	0.09	0.101062735164056	0.912979152721353	0.361253505977937	0.606797890145874
SACI_RS08960	474.021704754586	0.29	0.18111232988222	1.60361891236596	0.108798079388059	0.306818918462794
SACI_RS08965	194.855023802825	0.67	0.221806374271612	3.01403349075511	0.00257799345941262	0.0233762538597273
SACI_RS08970	1804.64644717642	0.20	0.127299765553191	1.56706783172172	0.117098837311532	0.319794038016917
SACI_RS08975	2267.90209057388	0.12	0.281573730779501	0.417344639593477	0.676426341581778	0.835658264367888
SACI_RS08985	12.3727189509528	1.03	0.653613050200351	1.58007304171823	0.114090140185986	0.314612204755295
SACI_RS12265	271.634538841621	-0.05	0.206983983577821	-0.227829274900446	0.819778967040941	0.910944966428398
SACI_RS12270	1.13636122770319	0.00	2.55982524664445	0	1	NA
SACI_RS08995	76.6320867578934	-0.28	0.277295931251933	-1.01717110769615	0.309072037956621	0.560912868789509
SACI_RS09000	1711.82491210941	-0.15	0.132728133882496	-1.11176205136956	0.266240472241381	0.516664678805056
SACI_RS09010	1608.56766261936	0.38	0.231633437394426	1.63886888548816	0.10124056897637	0.294790238148901
SACI_RS09015	843.916991827068	0.34	0.179746195788108	1.89405481237983	0.0582177347896605	0.203809632380392
cas7d	2149.88313790152	0.39	0.175351512576687	2.25054913949658	0.0244141078453681	0.11629922714173
SACI_RS09025	3197.71900824952	0.21	0.139049189767016	1.51020221320214	0.13099183414094	0.340578768766444
csa3	184.994340313314	-0.26	0.194654135829574	-1.34335766089273	0.179156189511116	0.409041192539717
cas2	153.010397272539	-0.25	0.192358014211506	-1.30147882109983	0.193094609262504	0.429295103276059
SACI_RS09045	158.571203850686	-0.47	0.214758265838116	-2.17903221466834	0.0293292751510708	0.132737110275184
cas1	673.215066158599	0.14	0.162712508755751	0.881380555006041	0.378111878680958	0.622260422670339
SACI_RS09055	103.913481482137	-0.39	0.233941649623538	-1.64635077415437	0.0996915615785344	0.292819010394124
SACI_RS09060	123.846718641604	-0.26	0.221967246139425	-1.18868896071187	0.234562086260555	0.486301217080467
SACI_RS09065	420.241727384873	0.18	0.173564030847815	1.0112226551239	0.311909874967829	0.563798525865542
SACI_RS09070	794.364013191009	0.33	0.176166307736529	1.89127103220662	0.058588173523376	0.204777319804612
SACI_RS09075	15.9572614139671	-0.27	0.781162422997638	-0.342697465991888	0.731826069261603	0.862086372851855
SACI_RS11985	193.508553872199	0.77	0.267837814510919	2.87610663434147	0.0040261367263408	0.0325669726308455
SACI_RS09085	770.476198424348	0.28	0.142591399813963	1.96737613270946	0.0491398638305439	0.184129960353273
SACI_RS09090	252.399804833139	0.08	0.188474387603522	0.400075235337904	0.68910110375632	0.839244644524184
SACI_RS12275	21.4529024461465	-0.20	0.566980608419524	-0.347145569645752	0.728481960047328	0.860913897700975
SACI_RS12280	2.42431165125442	-0.64	1.78967622677016	-0.357270775205462	0.720889106196047	NA
SACI_RS09105	12.7409508486711	0.61	0.619853669679604	0.979981399673785	0.327095300213141	0.575810228453548
SACI_RS09110	318.400181401508	0.38	0.202171963360619	1.86200281151667	0.0626026939355195	0.215556302902302
SACI_RS09115	1147.78298719816	0.33	0.126220157223153	2.65222368264024	0.00799635481777928	0.0525121445250041
SACI_RS09120	198.584435090105	0.25	0.164568013000741	1.5035922098888	0.132686398195459	0.342821003127979
SACI_RS09125	407.504822914737	0.08	0.135515612587518	0.608146641331112	0.543090220319982	0.751367589140437
SACI_RS09130	371.945851342631	0.10	0.148963577845923	0.684716618515218	0.493522760192049	0.716930440689476
SACI_RS09135	363.747394655484	0.12	0.122155477930479	1.00793836504368	0.313484052244685	0.565640353440997
SACI_RS09140	2912.62483726352	0.12	0.116937916802464	0.998061386129843	0.318249592847915	0.569576797511484
SACI_RS09145	229.340652197978	0.15	0.200953122142917	0.729726122879029	0.465557610046152	0.695600386785293
SACI_RS09155	685.007735654225	0.12	0.191613593759943	0.645833545509987	0.518387160659786	0.734622071947238
tsaA	44.9485878308729	-0.17	0.374596310387514	-0.454054701119212	0.649789456074071	0.822442076114168
SACI_RS09165	64.7883592210946	-0.30	0.310092718223895	-0.967572553877783	0.333257889967966	0.582002127236722
SACI_RS09170	1950.47496061531	-0.28	0.108058411368697	-2.61720726946611	0.00886524915561301	0.0566131700463708
SACI_RS12090	891.709733537838	-0.34	0.167651665008957	-2.01399001626302	0.0440105816936781	0.17199227324462
SACI_RS09180	241.224368981764	-0.25	0.224244871047195	-1.12278487071669	0.261528872392035	0.514178678128786
SACI_RS12095	1.54746776115817	-0.30	1.70415497048056	-0.174540116583071	0.861441006115654	NA
SACI_RS09185	300.694553280454	-0.21	0.196858418213257	-1.07234227412385	0.283566325611662	0.539163554146502
SACI_RS09190	404.76048506264	-0.07	0.157060563955937	-0.429888472975677	0.667276770927196	0.831516112976047
SACI_RS09195	559.963921598538	0.14	0.165556696360153	0.862578486257452	0.388369263113466	0.632309829017962
SACI_RS09200	419.179562358202	-0.41	0.14025026226175	-2.9132457519255	0.00357692981245307	0.0296053558113981
SACI_RS09205	153.024243800432	0.19	0.191084572229004	0.985891790144304	0.324186216018238	0.573231421522879
SACI_RS09210	668.265613582732	-0.37	0.10218590535565	-3.57997163023777	0.000343631512910063	0.00537161407910945
SACI_RS09215	15.5024822755932	-0.49	0.674091283760927	-0.721924302060057	0.470341019047663	0.6979784021744
SACI_RS09220	308.969296093635	-0.03	0.158013345908289	-0.218278585137557	0.827212058769	0.914816113603912
SACI_RS09225	348.387039911441	-0.50	0.137101908715882	-3.66470942780207	0.000247619549641288	0.00423446048648324
SACI_RS09230	906.350282499665	-0.20	0.11198674045031	-1.74618198929506	0.0807793334267074	0.256320973314135
SACI_RS09235	247.398004469271	-0.46	0.175723397523939	-2.64299348943327	0.00821766154130155	0.0535514107601953
SACI_RS09240	334.778785699971	-0.11	0.149058927210353	-0.76580733703364	0.443790947919765	0.675899184279474
SACI_RS09245	1060.44935585877	-0.07	0.248959159034079	-0.264045894651153	0.79174455443951	0.897815762618662
SACI_RS09250	1206.94849974492	0.07	0.163853159188685	0.422360708120591	0.672761752846769	0.834815725029704
SACI_RS12100	4.72872393027776	0.27	0.965958464127834	0.279193878370447	0.780096041283647	NA
SACI_RS09255	769.072943128817	-0.40	0.162434412947464	-2.44039925130548	0.0146710375699365	0.0802184629360474
SACI_RS09260	900.157534961207	-0.27	0.117772701328524	-2.30524977261348	0.0211525887796564	0.104920204786501
SACI_RS09265	484.337699102196	0.00	0.181156766056054	0.026916317350414	0.978526478868966	0.987831009571365
SACI_RS12105	6.83001929975165	-0.54	0.823816035489988	-0.657006227052322	0.511176912497529	NA
SACI_RS09270	12.6800043171806	-0.04	0.658096279079431	-0.0585920965233674	0.953277005929967	0.979020480092525
SACI_RS09275	4.92923859594857	-0.96	1.30958328887172	-0.736025106801933	0.461715418622788	NA
SACI_RS09280	2.76470513706805	0.34	1.55016748937729	0.217994065903484	0.827433734972363	NA
SACI_RS11720	3.51015812749714	-0.20	1.19892831384537	-0.164916199325204	0.869009941767355	NA
SACI_RS09285	54.5243754424845	-0.26	0.398491286361649	-0.656224162680995	0.511679904328436	0.729172481112335
SACI_RS09290	16.8816494599882	-0.05	0.568764647658662	-0.0947258159790684	0.92453261198944	0.967269254885541
SACI_RS09295	121.544536663394	-0.44	0.271028383624055	-1.61734648146865	0.105803511162958	0.300378253498788
SACI_RS09300	101.168767883656	-0.03	0.238260065236638	-0.145017944691002	0.884696703744091	0.948740404520178
SACI_RS09305	63.5530933792166	-0.32	0.241672873156835	-1.34258293115614	0.179407060370177	0.409247260360976
SACI_RS09310	48.8856463615843	-0.39	0.344141094193562	-1.12118871720614	0.262207541339611	0.514945747846075
SACI_RS09315	81.0222994883092	0.32	0.260625701350277	1.21766829820308	0.223350048758372	0.472228460345161
SACI_RS09320	45.1722012167058	-0.63	0.359122405534714	-1.76458544386415	0.0776334636266557	0.248553893448067
SACI_RS09325	35.7992605528685	0.16	0.380579330433311	0.420975764088457	0.673772779456385	0.835118938941764
SACI_RS12110	14.2912331849628	-1.08	0.670851298993727	-1.60286355180281	0.108964782200836	0.306818918462794
SACI_RS09330	816.365452621501	0.46	0.250701686914613	1.84368538848143	0.0652290036669234	0.222494647045945
SACI_RS09335	1740.73719740408	0.33	0.267346992461658	1.22902361494145	0.219062952161593	0.465920202093271
SACI_RS09340	1010.90238320761	-0.28	0.158352985158826	-1.78665977529105	0.0739924941394508	0.242330173608381
SACI_RS09345	904.148380104616	-0.39	0.187718043846172	-2.05103472571096	0.040263565132529	0.16181634693641
SACI_RS09350	439.994263417464	-0.05	0.162428424215885	-0.295233408865504	0.767815582223027	0.883646839884495
SACI_RS09355	462.270900420425	0.15	0.138019983818383	1.0896633833428	0.275861451421148	0.529288387214672
SACI_RS09365	3077.93051592545	0.71	0.236491859433404	3.01258498400389	0.00259032896271259	0.0234048163013889
SACI_RS11500	2628.04085702312	-0.40	0.155822937191021	-2.54140546382397	0.0110407799208297	0.066513306473839
SACI_RS09380	1778.38784267445	-0.01	0.234962396712907	-0.0527696308087253	0.957915458877829	0.980759332753973
SACI_RS09385	2718.63786645861	0.46	0.224859578717513	2.05769787399697	0.0396191445926291	0.159730348769017
SACI_RS09390	107.340748608389	-0.08	0.216949254194269	-0.35944892392816	0.719259280799469	0.855548169106139
SACI_RS09395	99.9390115845926	0.32	0.209682584471648	1.51372319435277	0.130096059675528	0.339847979383499
SACI_RS09400	220.087131631609	-0.65	0.198849281968434	-3.28749356151799	0.00101083500489247	0.0113283127320186
SACI_RS09405	157.418136383998	-0.81	0.197556481372984	-4.12122306728886	3.76866299721889e-05	0.000835004636253369
SACI_RS09410	1119.94128085196	0.22	0.143699153790422	1.52890316380895	0.126288451820193	0.336531340028107
SACI_RS09415	534.910419740263	-0.44	0.143338242436476	-3.09114264522687	0.00199387822841728	0.0188163026889157
SACI_RS09420	396.340967337768	-0.24	0.144251572698967	-1.69599495154086	0.0898868361442975	0.276274618209493
SACI_RS09430	105.104893190758	-0.01	0.311609215089636	-0.0458360789463328	0.963440902178186	0.981154044264595
SACI_RS09435	92.570768874579	-0.11	0.245602252268227	-0.451401900741462	0.651699913656573	0.822695027240721
SACI_RS09440	704.11062437171	-0.00	0.180431174281653	-0.00685629964015805	0.994529507233171	0.995310755864147
SACI_RS09445	554.022214787733	0.40	0.205853790501404	1.93334277835859	0.0531939852793283	0.19391240596853
SACI_RS09450	556.637779318336	0.29	0.181113439981678	1.57469866910822	0.115326015176278	0.316649446841764
SACI_RS09455	3928.32606128515	0.52	0.168095305175949	3.07226195957022	0.00212443198428611	0.0197556667735803
SACI_RS09460	885.093574758009	0.10	0.155896768539045	0.613325614809586	0.539661059734288	0.749465562405932
SACI_RS09465	734.293423520952	-0.20	0.142646449976452	-1.39629194084845	0.162626599696684	0.387626357368709
SACI_RS11995	585.344031798512	-0.31	0.144134752982642	-2.14172124835805	0.032215919817607	0.138659060296052
SACI_RS09475	565.070636551061	0.30	0.122603897583524	2.47541562340663	0.0133081203522893	0.0740373158463604
SACI_RS09480	149.274751955997	-0.33	0.19666763791547	-1.69779400567016	0.0895466476744538	0.275894629110651
SACI_RS09485	209.633784538775	-0.91	0.198032482664001	-4.59422578793477	4.34358877694357e-06	0.000127212232225888
SACI_RS09490	178.966855054544	1.05	0.209489075234448	5.03485793274686	4.78203353383054e-07	1.9340668959048e-05
SACI_RS09495	1475.8909912485	0.25	0.150697201769046	1.68845814815712	0.0913233163903509	0.278672826542053
SACI_RS09500	1920.90517391347	0.38	0.121255231245213	3.12440979467581	0.00178162139553866	0.0175273023777317
SACI_RS09505	890.88891060035	0.51	0.160926404974659	3.18997502958757	0.00142285087101407	0.0146186452392897
SACI_RS09510	802.836926485215	0.55	0.140278985678716	3.93518649002927	8.31321188830873e-05	0.00168111618185799
SACI_RS09515	143.649160876824	0.26	0.209307590265416	1.2598183445786	0.207734900541677	0.450092284506966
SACI_RS09520	150.826692863002	-0.23	0.213259114887237	-1.06170291819858	0.288370574152617	0.541836049380068
SACI_RS12000	59.6601256278883	0.31	0.341859796637576	0.919811180829543	0.357671439524273	0.603351859391551
SACI_RS09525	2679.15134418193	0.07	0.0905503486766343	0.737805873659742	0.460632423507529	0.692081705236025
SACI_RS09530	168.914444686139	-0.13	0.22439846977656	-0.561590364292742	0.574395146974875	0.77377920867972
SACI_RS09535	758.369110125714	-0.01	0.149991849448327	-0.0751026238816009	0.940133060167492	0.974159836236995
SACI_RS09540	12.4188213606651	0.74	0.640569939484189	1.16135402229037	0.245497958588155	0.499224899028426
SACI_RS09545	559.107431265133	-0.04	0.134160381917275	-0.327569535592058	0.743237159171947	0.867507229303766
SACI_RS09550	364.178556623664	-0.05	0.162165271898669	-0.304238363726877	0.760946299199355	0.878518880996808
SACI_RS09555	83.3501978248778	-0.43	0.291091367146507	-1.47574875339946	0.140011352647152	0.354269043242247
SACI_RS09560	33.7368188649728	-0.13	0.388689715022348	-0.331353136192507	0.740377759134392	0.865527887804148
SACI_RS09565	82.2013869519845	-0.12	0.275981741367357	-0.432163164415094	0.665622829379843	0.831516112976047
SACI_RS09570	420.774499173701	0.11	0.181800694597004	0.614298928710135	0.539017810338739	0.749272984584346
SACI_RS09575	132.97439913159	-0.27	0.214884705877268	-1.27103701819361	0.203715479514355	0.445551108843413
SACI_RS09580	165.882709746161	-0.59	0.193387381840661	-3.05767130097909	0.00223064107031506	0.0206679034442282
SACI_RS09585	299.504336099145	-0.12	0.18475692438871	-0.671927145522065	0.501630078026406	0.719187782579177
SACI_RS09590	181.034833011376	-0.06	0.18595196168285	-0.311369635797681	0.755519634509741	0.874631544175747
SACI_RS09595	276.505764856504	0.02	0.194326169426371	0.114421197019856	0.908903911552292	0.962106214528467
SACI_RS09600	585.945086433343	-0.17	0.147157900459923	-1.13688476722624	0.25558646083829	0.507983075051453
SACI_RS09605	217.767551534874	-0.53	0.167735140706273	-3.15318418909183	0.00161499870668062	0.0162648881605622
SACI_RS09610	65.5423562930373	-0.02	0.308263957708208	-0.0487700102716497	0.961102582059824	0.980916976275444
SACI_RS12115	5.83648457364808	0.55	0.929394581057876	0.593053291319722	0.553145488254203	NA
SACI_RS09615	900.570267694998	-0.11	0.15742462446062	-0.679957096961321	0.496531626898932	0.718463075618625
SACI_RS09620	979.19502418561	-0.05	0.139319534380491	-0.334524476445625	0.737983824167583	0.864309595464783
SACI_RS12120	83.4714616360874	-0.77	0.328738769835411	-2.32737549135439	0.0199452890260481	0.101026189995426
SACI_RS09625	23.5145078877183	0.51	0.518422350536433	0.977577856878222	0.328283153444398	0.576037024815793
SACI_RS09630	97.3881785402639	0.28	0.253005508367721	1.11938202868095	0.262977194465991	0.515039117217022
SACI_RS09635	30.0237241565119	0.20	0.424497299404708	0.468406558328446	0.639493878925381	0.816757094487154
SACI_RS09640	94.5108312141212	-0.01	0.254421180464051	-0.0349602490770022	0.972111438123764	0.98525852996792
SACI_RS09645	4.34102929928159	0.01	1.17521247924974	0.0120568288821074	0.990380275448569	NA
SACI_RS12285	2.70486612910273	0.58	1.46282626501091	0.396200871648069	0.691956848332819	NA
SACI_RS12290	4.16819549344274	-0.85	1.24945502916821	-0.682939197242038	0.494645264147524	NA
SACI_RS12295	16.1785638159897	0.03	0.61986543073302	0.0522039758803811	0.958366164961033	0.980759332753973
SACI_RS09655	1386.25305062759	0.34	0.132856316533488	2.54526542413192	0.0109194702388238	0.0662447861155312
SACI_RS09660	825.935881570147	0.07	0.154759233824187	0.481559568938986	0.630118853479683	0.812407280051703
SACI_RS09665	518.165420578018	0.19	0.191526836932118	0.997690289458133	0.318429563384673	0.569576797511484
SACI_RS09670	203.599461757242	-0.19	0.201731586096665	-0.939704213008043	0.347369303514734	0.59402482238627
SACI_RS09675	57.1867900772449	-0.08	0.304227040742757	-0.257427501985235	0.796848774570058	0.901470235452465
SACI_RS09680	91.9724302394841	-0.02	0.272543068395793	-0.056759737953801	0.954736586662607	0.979729691025502
SACI_RS09685	40.492550364179	0.13	0.458331875309396	0.280322416513694	0.779230154051164	0.89023188760905
SACI_RS09695	157.799228945057	0.04	0.176115993242697	0.20359078358495	0.838673295938533	0.923113795934408
SACI_RS09700	142.94971415944	-0.18	0.185571635349709	-0.974714037711184	0.329702127739393	0.577375272494827
SACI_RS12005	117.101495500651	-0.29	0.209196017084181	-1.3629404375456	0.172901283057832	0.399602954564574
SACI_RS09715	700.746663949895	0.08	0.207768752365811	0.404388358410953	0.685927159558074	0.83824575662061
SACI_RS11955	2.95209702324517	-0.08	1.23143335300623	-0.0609609740612106	0.951390289409409	NA
SACI_RS09740	355.40775254038	0.25	0.174504654695031	1.44663263547039	0.147999840745174	0.369709406096768
sixA	954.239602259712	0.34	0.0961468346815068	3.50445275905173	0.000457546738109093	0.00637065075793425
SACI_RS09750	974.889408963725	0.20	0.14150509528387	1.41484098926298	0.15711512306213	0.381266031964103
SACI_RS09760	196.753501346204	0.23	0.175716832937375	1.29937946911558	0.193813733971635	0.429423821008457
SACI_RS09765	183.523127869972	0.18	0.197556578487574	0.891616085236077	0.372598745481934	0.617283227235349
SACI_RS09770	455.660727693115	0.73	0.163147679945413	4.44546623493231	8.77014553556696e-06	0.000237726923666219
SACI_RS09775	621.018609687826	0.25	0.113910433235351	2.22614732568817	0.0260043148468518	0.121131616507822
SACI_RS09780	682.50446665793	0.16	0.224935123895701	0.720544671841521	0.47118970549777	0.698555179690306
SACI_RS09785	454.56337806356	1.37	0.2247574887153	6.08020211070401	1.20031152886769e-09	9.86578637275762e-08
SACI_RS09790	99.0527119175335	0.69	0.272161287514163	2.53124226781502	0.0113659313119048	0.0672141698360746
SACI_RS09795	4490.83404413036	-0.04	0.115009234142396	-0.388922618460927	0.69733338973309	0.842087903810386
SACI_RS09800	273.313439781737	0.15	0.214754105088717	0.67590261218036	0.499102479139672	0.719002716629974
SACI_RS09805	37.4297751252471	-0.19	0.335752235180476	-0.555131260224676	0.578804882304349	0.776495625289564
SACI_RS09810	72.026591373159	-0.08	0.272955426675838	-0.280000686085754	0.779476978514832	0.89023188760905
SACI_RS09815	85.1539970135839	-0.64	0.276054836493493	-2.30301957068238	0.0212777419888391	0.105215360377332
SACI_RS09820	433.499068840321	-0.08	0.151891929811889	-0.54759189420142	0.583972156430819	0.780312986631602
SACI_RS09825	1204.34195752349	0.11	0.125895368152885	0.864545271492504	0.38728842216245	0.631356941567448
SACI_RS09835	447.936178446211	0.47	0.243812707652174	1.9313030516408	0.0534455862325262	0.193987683362503
SACI_RS09840	501.867723243959	0.12	0.202371390906954	0.573366395529798	0.56639663845943	0.768761035735174
SACI_RS09845	6685.98881982468	0.21	0.270296425245042	0.774947783905199	0.438370514844266	0.673399329944259
SACI_RS09850	4564.99318212137	0.18	0.264243597242609	0.672466734013132	0.501286611014014	0.719187782579177
SACI_RS09855	904.909714943231	0.24	0.276032234926729	0.860821674404647	0.389336265630258	0.633243893414422
SACI_RS09860	7643.38167612199	0.06	0.337707796433154	0.169827489246091	0.865145807655971	0.93701422386996
SACI_RS09865	280.286225819583	0.10	0.185526413367428	0.553926723992133	0.579628995015993	0.776495625289564
SACI_RS09870	24538.8200564832	0.18	0.280619886398023	0.643586456384349	0.519843635012549	0.735458957252624
SACI_RS09875	15943.1274911281	0.30	0.280774792203096	1.0516097604355	0.292978627854157	0.545875515976683
SACI_RS09880	42.7526814713218	0.26	0.380605282588968	0.678919877814708	0.497188630045355	0.718463075618625
SACI_RS09885	54.4713181731711	0.03	0.308235350869873	0.0848337151000412	0.932393589370837	0.970376794572639
SACI_RS09890	21.0509480527199	0.43	0.458194514971966	0.937835609047874	0.348328898248342	0.594723804334461
SACI_RS09895	156.835832220277	0.68	0.246041738831021	2.75409738583908	0.0058854252727495	0.0422424326618753
SACI_RS09900	7.41821801161882	-1.94	1.05870049781011	-1.83119270211384	0.0670717856164404	NA
SACI_RS09905	27.4454317075507	0.65	0.455232629567869	1.42095719493196	0.155329203898824	0.379532363574191
csx7	54.131799526569	0.42	0.372121226604248	1.14178899957654	0.25354173593995	0.506288670199838
SACI_RS09920	209.454706910432	-0.05	0.199776046756581	-0.252062970429695	0.800992391312551	0.901470235452465
SACI_RS09925	3.95250867007944	1.25	1.53476131118726	0.811534794797708	0.417058619594843	NA
SACI_RS09930	24.7117474939007	0.69	0.479981829275977	1.43486418011658	0.151325804704426	0.373184358619954
SACI_RS09935	463.439559043655	0.41	0.239165916979563	1.70245150653072	0.0886707616701999	0.275192570932606
SACI_RS09940	262.366649690931	0.37	0.179878800252623	2.03623713582184	0.041726548921322	0.165606303195527
SACI_RS09945	190.485252637145	0.98	0.291982725324872	3.35479676923939	0.00079423310595552	0.00932583388928417
SACI_RS09950	175.979680322057	0.35	0.567772444241016	0.611667103247916	0.540758031267592	0.750045292909648
SACI_RS09955	198.840170460633	-0.08	0.440997849200462	-0.186652970353874	0.851932732167274	0.930044816436253
SACI_RS09960	41.7215881690828	0.23	0.504519146479764	0.45202791253288	0.651248874271968	0.822695027240721
SACI_RS09965	332.642234164651	0.42	0.168359486498775	2.48823485684387	0.0128378923690842	0.0722096021113168
SACI_RS09970	1792.43171738809	0.78	0.177072708683787	4.42512592440329	9.63860425704291e-06	0.000255824621322347
SACI_RS09975	1143.51523160741	0.73	0.154236945046262	4.70779766499349	2.50407467430219e-06	7.7804738346259e-05
SACI_RS09980	1047.27155693629	0.50	0.166755969873486	2.98233784792954	0.00286056135754042	0.025047114567055
SACI_RS09985	20.7094894416787	2.07	0.616294778530188	3.35995725477271	0.000779545326852636	0.00928168921878746
SACI_RS09990	169.467341429799	3.20	0.295131980658255	10.848145621554	2.03512289845657e-27	4.32124428772278e-25
SACI_RS09995	36.0074903484534	1.53	0.42201677732894	3.6336315951039	0.000279459811402874	0.00465373651284425
SACI_RS10000	221.512165865297	2.66	0.283009936236271	9.41617850667263	4.67804631146571e-21	7.94644133440976e-19
SACI_RS10005	48.5876927857928	1.53	0.387103079325532	3.93967086118414	8.15934740263983e-05	0.0016632013745541
SACI_RS10010	60.7760432681094	0.74	0.411912699713966	1.80805827211633	0.0705974317110571	0.234926413047343
SACI_RS11900	23.0486973137842	2.61	0.541202470004381	4.82898612623853	1.37229968072685e-06	5.14208762719414e-05
SACI_RS10015	86.8613417413509	0.84	0.233618468336287	3.61349249686371	0.000302100101500188	0.00490287298485656
SACI_RS10020	161.966718182345	0.28	0.232930168510332	1.20322047207985	0.228891014739061	0.480011774119447
SACI_RS10025	555.634642988369	-0.10	0.13542401983286	-0.767482444454703	0.442794727060667	0.674831098525371
SACI_RS10030	374.434474499322	-0.07	0.189303687633939	-0.374494142892426	0.708036713408152	0.849421432123146
SACI_RS10035	60.1849441983302	0.09	0.352414445939747	0.268041026896396	0.788667738891236	0.895909673961154
SACI_RS11960	82.2152988356922	-0.05	0.617876340688464	-0.0736321482173365	0.941303089984709	0.974579550297049
SACI_RS10040	1361.34939920217	0.44	0.159900715199949	2.76104995927582	0.00576158621295727	0.0419395690206628
SACI_RS10045	95.327661649919	0.16	0.296972672753404	0.549906587056675	0.582383446012299	0.77930883271182
SACI_RS10050	182.927666034683	0.54	0.255525696774173	2.10792048915835	0.0350378676108314	0.148150637871157
SACI_RS10055	235.395314096223	0.27	0.220178928511868	1.20782010008932	0.227116468235081	0.477075648032141
SACI_RS10060	1084.81083517605	1.10	0.132212797258146	8.3481524726684	6.93390262700661e-17	9.81532438534046e-15
SACI_RS10065	992.015194309412	0.20	0.140242848020901	1.44100283313127	0.149583882396046	0.370398184980686
SACI_RS10070	363.387439727711	0.37	0.173201130264759	2.1519840043257	0.0313986142137091	0.136525032451418
SACI_RS10075	1529.36472209478	0.15	0.111041920355434	1.3631217492268	0.172844143348281	0.399602954564574
SACI_RS11755	987.609616771664	0.57	0.157531670740017	3.63375987119772	0.000279320838840857	0.00465373651284425
SACI_RS10080	8982.75257591101	0.32	0.166829986274944	1.91819759119758	0.0550859615599965	0.19741073144145
SACI_RS10085	7694.85713070413	0.33	0.154058444649987	2.13425870884468	0.0328216092771712	0.140790337438101
SACI_RS10090	4165.0605516156	0.31	0.187600291276042	1.63123342915953	0.102841074087121	0.296089329688118
SACI_RS10095	5130.31483752975	0.27	0.202252318280061	1.31210148746156	0.189485894183449	0.423572086248939
SACI_RS10100	722.842663427778	0.28	0.199995333843651	1.39945181693032	0.161677537590214	0.387539384553024
SACI_RS10105	572.350555995101	0.05	0.204564127899376	0.240398585925343	0.810021274337108	0.907223827257561
SACI_RS10110	153.307021587068	0.63	0.242065592425003	2.60636970345932	0.00915076322252274	0.0580003599278307
SACI_RS10115	175.129114559966	0.48	0.325280134160728	1.46293373212428	0.143485512753683	0.360909266037892
SACI_RS10120	178.339643349396	0.47	0.284731291982813	1.64488654549261	0.099993210034187	0.292853677203573
SACI_RS11760	508.423968480722	0.08	0.242032587327875	0.324794948910882	0.745336267660905	0.868366168267026
SACI_RS10135	161.092468265681	-0.20	0.213044726884297	-0.94001934864183	0.347207636025072	0.59402482238627
SACI_RS10140	176.162746961047	0.03	0.200096336585858	0.166267873029973	0.867946147709051	0.93788243611648
SACI_RS10145	1620.43274467671	0.34	0.135560669959139	2.54343851587605	0.0109767373380526	0.0664340302550073
SACI_RS10150	52.5655632329417	-0.08	0.326473790349438	-0.243775620031616	0.807404603182562	0.90507202083042
SACI_RS10155	116.711378716063	0.09	0.212445773010686	0.427084775042845	0.669317581814427	0.831912779738126
SACI_RS10160	664.107578896411	0.27	0.148695133266398	1.82634054755562	0.0677989811400386	0.228810336350753
SACI_RS10165	66.6899587561604	-0.26	0.284486559902406	-0.926848078743258	0.354005418162912	0.599090162653572
SACI_RS10170	37.633649605684	-0.02	0.405857266690665	-0.0608281577541542	0.951496065192098	0.979020480092525
SACI_RS10175	127.361514074278	-0.04	0.180165253629939	-0.235462014194977	0.813850158364848	0.908318091771193
SACI_RS10180	81.1334532904519	-0.45	0.322270910864765	-1.39472221541926	0.163099623040169	0.387809212294596
SACI_RS10185	15.4903773444204	-0.35	0.578024487082785	-0.600846430596391	0.547942275786729	0.752645239193847
SACI_RS10190	17.3085781326702	-0.43	0.566185302689007	-0.751912124253919	0.452103906452911	0.684683231942672
nrfD	385.324867885392	0.30	0.203559867200918	1.47996251219113	0.13888325133854	0.351763940766005
SACI_RS10200	1922.10910701633	0.23	0.156636874701798	1.49636391433476	0.134558847827188	0.344232875766741
SACI_RS10205	1358.5342079593	0.09	0.198747736925048	0.431602158272626	0.666030589546484	0.831516112976047
SACI_RS10210	242.24786022093	0.01	0.227671125130959	0.0298483771444602	0.976187976554189	0.98692307325284
SACI_RS10215	26.5612479151533	0.19	0.473096790563422	0.405918041053312	0.684802821692073	0.837273315581287
SACI_RS10220	354.877099555772	0.13	0.128949139376761	1.02441972058033	0.305637071278859	0.558253231267765
SACI_RS10225	76.6290735054371	-1.02	0.242038203067001	-4.20260216412983	2.63864095104446e-05	0.000622523809561229
SACI_RS10230	1093.24203215145	-0.22	0.191626123273214	-1.13144187093444	0.257869156630178	0.510925825111738
SACI_RS10235	3288.88570426879	0.26	0.119420530645978	2.14540541155781	0.0319204468059281	0.137989841685819
SACI_RS10240	1541.0804276535	0.03	0.132406979498365	0.229266231500171	0.818661997855619	0.910690591198804
SACI_RS10245	1385.64277040572	0.34	0.170534314546015	1.99806453785781	0.045709663733147	0.174877212000088
SACI_RS10250	1143.0045650988	0.17	0.12478471559631	1.36380880174802	0.172627749390527	0.399602954564574
SACI_RS10255	327.533132156254	0.31	0.204349573684685	1.5320386209286	0.125512904596593	0.335207659663932
SACI_RS10260	1279.99373088788	0.23	0.168202510660745	1.35193411067993	0.176396394288973	0.404552666650139
SACI_RS10265	1343.5120289916	-0.14	0.0991579237995259	-1.41113169361835	0.158205786340566	0.382818939787049
SACI_RS10270	106.997872305688	0.18	0.28329166856419	0.650769159685429	0.515195511200057	0.731319310605986
SACI_RS10275	26.7868078446891	0.13	0.411056956993093	0.314053719523616	0.753480238902616	0.874256670639283
SACI_RS10280	604.549851778734	0.33	0.152370235398703	2.1541639343843	0.0312273181064211	0.136245216669796
SACI_RS10285	143.273959132205	-0.53	0.240160899638621	-2.19698642352602	0.0280214158362631	0.127972678584088
SACI_RS10290	377.393953262599	0.06	0.142173301579518	0.406416343280377	0.684436713271971	0.837227434189621
SACI_RS10295	226.574795593742	-0.40	0.171963130078371	-2.34737003942891	0.0189064675126032	0.0977602229419797
SACI_RS10300	461.072564826612	0.09	0.137257711757085	0.687759947117792	0.491603962468506	0.715366588446462
SACI_RS10305	841.774668849336	0.08	0.114503979206869	0.722086753998034	0.470241141506489	0.6979784021744
SACI_RS10310	683.786720260235	-0.01	0.13593098001057	-0.075806539416331	0.939573013396559	0.973975605424912
SACI_RS10315	181.428134125628	-0.57	0.180108495955388	-3.17722005741427	0.00148694164109852	0.015034632148885
SACI_RS10325	2042.11339748696	0.08	0.108956632210849	0.733987074400978	0.46295661585574	0.693315524347192
SACI_RS10330	138.434161022106	-0.63	0.212078487934545	-2.97600329262158	0.00292031726559083	0.0254827684682378
SACI_RS10335	736.774869963167	-0.32	0.209979822135836	-1.52683327692709	0.126802474544135	0.336531340028107
SACI_RS10340	396.748459895004	0.05	0.203732315485116	0.228250533743482	0.819451477861328	0.910944966428398
SACI_RS10345	714.362902669247	-0.45	0.154195108437719	-2.91700933208508	0.00353405199000782	0.0295954820687919
SACI_RS10350	421.58736395766	0.05	0.156954114174285	0.33225214916215	0.739698868815201	0.865359374536792
SACI_RS10355	407.925512814414	0.06	0.16027489952274	0.358597650588888	0.719896104616782	0.855548169106139
SACI_RS10360	204.083071954363	-0.03	0.173431135852488	-0.173800839855255	0.862021984330929	0.936129624946214
SACI_RS10365	368.604957538308	-0.03	0.19177470648737	-0.162382567154649	0.871004598038754	0.940243101405616
SACI_RS10370	67.2790404825828	0.13	0.329180812042362	0.394541029431992	0.693181641520712	0.839943517724978
SACI_RS10375	38.0216539781273	0.19	0.424676430933339	0.440501355311813	0.659574030890755	0.828474139488314
SACI_RS10380	48.0795437545626	-0.05	0.35161108739274	-0.139030747166285	0.889425852267603	0.951010101375515
SACI_RS10390	1454.83985748061	0.02	0.184666362083134	0.132019636630824	0.894968759909082	0.954134058681314
SACI_RS10395	415.78064023513	0.07	0.152420598916513	0.447224059113212	0.654713291769913	0.825267459216323
SACI_RS10400	461.120404790212	-0.26	0.132489344219464	-1.92782138303804	0.05387734705745	0.194619212084889
SACI_RS10405	43.3963403284847	0.38	0.351645139988073	1.07096879917557	0.284183458963806	0.539165639195664
SACI_RS10410	2307.10149151376	0.04	0.123855793838513	0.359932538495781	0.718897583320355	0.855548169106139
SACI_RS10415	542.198727986208	0.13	0.182801103048053	0.727467104406705	0.466939859829585	0.695600386785293
SACI_RS10420	1867.18489999228	-0.01	0.168747900600315	-0.0452108294606359	0.963939262416616	0.981269373007406
SACI_RS10425	417.628828600016	-0.36	0.184923959555397	-1.97107052371053	0.0487158097360141	0.183893160307206
SACI_RS10430	5.68139115245619	0.07	0.801688554247784	0.0811779452488706	0.935300438761473	NA
SACI_RS10435	360.607518256862	0.17	0.198447548955557	0.832361672782676	0.405204828996961	0.64448308631976
SACI_RS10440	117.701944593314	-0.17	0.226712444920618	-0.744804458596543	0.456389939153977	0.68850299879475
SACI_RS10445	1203.8507958211	-0.31	0.136387366439926	-2.25022005127998	0.0244349800656661	0.11629922714173
SACI_RS10450	162.419635153979	-0.23	0.233719522929722	-0.979328721869579	0.327417583272762	0.575810228453548
SACI_RS10455	573.517167156102	-0.32	0.127808133583445	-2.50932740125402	0.0120961312887824	0.0702071583686047
SACI_RS10460	780.423056406397	0.02	0.150794887931216	0.156572681099493	0.87558163427743	0.942162657634398
SACI_RS10465	237.344518107495	-0.80	0.183497309064352	-4.36306131167503	1.28254980120448e-05	0.000330094635703942
SACI_RS10470	233.75721549271	-0.34	0.197274044869611	-1.71243199147143	0.0868170876730577	0.271423238516504
SACI_RS10475	58.3995356047361	2.55	0.37429185801738	6.80056416466907	1.04210243716614e-11	1.10636542079138e-09
SACI_RS10480	1363.98282577771	-0.07	0.141290027638908	-0.480487959185538	0.630880462950768	0.812407280051703
SACI_RS10485	525.916447878885	-0.11	0.175412545773136	-0.618970980872545	0.535935476159672	0.74630951000285
SACI_RS10490	693.213432745151	0.26	0.127062974702688	2.00758436591461	0.0446874772814571	0.17259728977884
SACI_RS10495	543.263653282387	0.03	0.189769815193105	0.177367684481328	0.859219588896447	0.93472540431816
SACI_RS10500	2599.53613395398	0.28	0.101938975679084	2.76440792526923	0.00570261986722161	0.0417536650048295
SACI_RS10505	192.322770128409	-0.47	0.16592620142739	-2.83628866633443	0.00456411730383473	0.0353476318850179
SACI_RS12300	152.920519610076	-0.12	0.189667981740256	-0.62047998295122	0.534941828587394	0.74604914025215
SACI_RS12305	299.609352150259	-0.26	0.175201796812457	-1.46726385300731	0.142304292796699	0.358646229521255
SACI_RS10515	906.287164488822	1.41	0.266162558476817	5.30565267425989	1.12270552933531e-07	5.39745979008749e-06
SACI_RS10520	970.245284389417	-0.12	0.19036613089103	-0.607568805186286	0.543473495598832	0.751367589140437
SACI_RS10525	949.830684549266	-0.08	0.143191909397497	-0.557687646467071	0.577057694796694	0.776316265228076
SACI_RS10535	134.191939698956	-0.38	0.214912571715231	-1.783379205333	0.0745245959218404	0.243447013344679
SACI_RS10540	90.5033231037477	-0.11	0.263696103812732	-0.415225922503356	0.677976523877965	0.835658264367888
SACI_RS10545	233.946843745459	-0.10	0.212560979915908	-0.475306459796032	0.634568555442856	0.813320261201407
SACI_RS10550	614.898435873558	1.81	0.239800072866429	7.56786442841713	3.7940963387841e-14	4.83367873561094e-12
SACI_RS10555	1079.07037943962	2.96	0.231863857501346	12.7524574780302	3.02070394443959e-37	8.55194850048009e-35
SACI_RS10560	188.526847132118	-0.50	0.18654473852874	-2.6632174861162	0.00773973725271068	0.0516252631411173
SACI_RS10565	842.81956035408	-0.13	0.0972283782062629	-1.37413238836836	0.169400586064357	0.396356926806228
SACI_RS10570	86.9646473964375	0.24	0.259472349085884	0.936596083367373	0.348966367433001	0.595158168821477
SACI_RS10575	974.55425660515	0.06	0.18386280902742	0.326733046891878	0.743869803037099	0.867848103543282
SACI_RS10580	2804.33639508677	-0.64	0.274144174182946	-2.34429258722817	0.0190632101918515	0.097929555582334
SACI_RS10585	3299.61451770465	0.20	0.16158712568315	1.21066452061154	0.226024005339478	0.475564959211388
aceA	2367.44299479489	0.32	0.126845930905031	2.50353951231487	0.0122957950151178	0.0705788059548889
SACI_RS10595	120.654719593703	-0.01	0.245657171764384	-0.055665835094844	0.955608016926814	0.980229157459549
SACI_RS10600	38.1417688163842	-0.68	0.370973513894396	-1.8230739523839	0.0682921910669254	0.230169977299637
SACI_RS10605	278.5688037185	0.08	0.249127070694427	0.309795019617451	0.756716839194825	0.875212035371212
SACI_RS10610	252.576440437327	1.11	0.15172705782369	7.30213195969193	2.83243263943932e-13	3.43668493585304e-11
SACI_RS10615	496.416562773433	0.00	0.149649198720911	0.0140102214441954	0.988821826304512	0.992298304664098
SACI_RS10620	801.354676413823	0.84	0.280772822642786	2.98596327172809	0.00282686592938284	0.0249233715850086
SACI_RS10625	6468.93941302079	1.27	0.231726016606817	5.46007908712997	4.75922529764272e-08	2.69477912408748e-06
SACI_RS10630	403.405734834935	0.40	0.138732312087746	2.90942317940836	0.00362096363012612	0.0298583020374154
SACI_RS10635	58.9880969560698	1.36	0.39975065507226	3.39086174885978	0.000696732377668056	0.00858237798843977
SACI_RS10640	362.329841004	1.33	0.402605075898522	3.30175159566275	0.00096083120619363	0.0108808796150283
SACI_RS10645	397.271336425573	2.18	0.4007901723321	5.44049442296379	5.31329032970548e-08	2.88048165108288e-06
sat	545.894073277982	1.83	0.304088636187219	6.02518505951482	1.68916236164321e-09	1.30423809014149e-07
SACI_RS10655	57.3374749640412	0.75	0.35790474802504	2.08585558264669	0.0369917067814191	0.153708417907282
SACI_RS10660	2128.0411305069	0.24	0.215303959838768	1.12528859189165	0.260466762361147	0.513278662410056
SACI_RS10665	110.59887446921	0.42	0.204103385138343	2.08133046751399	0.0374036682617342	0.154715173264446
SACI_RS10670	278.300762501805	1.01	0.212183652867406	4.73816788669439	2.15659113342456e-06	7.10439330990195e-05
SACI_RS10675	464.997059836306	0.80	0.18814931819874	4.23287868901112	2.30718969344071e-05	0.000561434387685913
SACI_RS10680	1177.76075953321	0.41	0.191325664765755	2.16571855409851	0.0303327003323612	0.135118392389609
SACI_RS10685	355.117028043776	0.09	0.257672169244919	0.344973918335564	0.730113978644456	0.860913897700975
SACI_RS10690	175.396439646673	0.11	0.229726543852796	0.465124816866536	0.641842075005339	0.818115861487546
SACI_RS10695	311.527411172171	0.30	0.184119962473028	1.61981850571256	0.10527126981851	0.300034894292576
SACI_RS10700	231.865781880475	0.71	0.218679582310851	3.26364900638918	0.00109987331033142	0.0120277991189891
SACI_RS10705	479.567583278866	1.05	0.171350819862707	6.10102103906171	1.05393033087023e-09	9.26004994157703e-08
SACI_RS10710	1353.69187583761	0.18	0.176877682245022	0.995658210450415	0.319416241197771	0.569576797511484
SACI_RS10715	67.4734290366774	1.12	0.348362737846351	3.21384921314862	0.00130968431113367	0.0136765394457729
SACI_RS10720	1262.36393982988	1.18	0.166262645161426	7.11219440693314	1.1421222478904e-12	1.32278522164761e-10
SACI_RS10725	1685.58546121266	0.70	0.172736783849548	4.03964709164744	5.35316876005715e-05	0.00114620789921224
SACI_RS10730	2490.40265248617	0.49	0.188453063399337	2.60279459193735	0.0092467335730546	0.0583185077825325
SACI_RS10735	741.685581385014	0.96	0.188830171772948	5.10839490185207	3.2490704345862e-07	1.40315787581791e-05
SACI_RS10740	341.605523850969	0.72	0.202122797731489	3.54538609114279	0.000392038390487306	0.00594591558905747
SACI_RS10745	120.140717418482	-0.12	0.289109739703389	-0.399006087782143	0.689888718581869	0.839244644524184
SACI_RS10750	993.580109688849	0.23	0.1560952369944	1.44327602474854	0.148942730795438	0.370216946105134
SACI_RS10755	1109.91727325926	0.15	0.156371030788021	0.965092420226413	0.334498523104179	0.582916242856346
SACI_RS10760	1838.08379587371	0.61	0.162616404667217	3.78054571010489	0.000156484984656911	0.00284802672075577
SACI_RS10765	728.807708786416	0.07	0.152863193917055	0.428433036546418	0.668335876662022	0.831516112976047
SACI_RS10770	995.432792246669	0.10	0.116410825763819	0.901687170770339	0.367223069943327	0.611558419748757
SACI_RS10775	4867.08594686976	0.29	0.108311818158284	2.6605808316168	0.00780060010450406	0.051760231943428
SACI_RS10780	1502.3605757098	0.20	0.155451486299163	1.25534301281183	0.209354267064908	0.452830791580124
SACI_RS10785	1645.68910134267	0.39	0.192459971655587	2.00123701500441	0.0453668537574368	0.17408846893667
SACI_RS10790	4313.35462671182	0.29	0.163493235081992	1.77382382042028	0.0760922966911015	0.246670702250543
SACI_RS10795	4818.42177976846	0.37	0.154891733862437	2.35820797495009	0.0183634016557401	0.0960779207778766
SACI_RS10800	420.762267659286	-0.09	0.195837190343145	-0.440750333134789	0.659393753467245	0.828474139488314
SACI_RS10805	1950.39976602182	-0.09	0.199983629059967	-0.434287020758888	0.664080027801172	0.831078541668657
SACI_RS10810	270.089516637851	-0.03	0.176558910036931	-0.172066997200009	0.863384858172528	0.936129624946214
SACI_RS10815	2276.94511814677	0.19	0.175026097191826	1.07110104794602	0.284123997078916	0.539165639195664
SACI_RS10820	834.134461647811	0.16	0.152462074589196	1.07915680052162	0.280517833780587	0.536203631262518
SACI_RS10825	448.118926027713	1.29	0.250011971610445	5.1708120827746	2.33078863823469e-07	1.04359803006675e-05
SACI_RS10830	166.27132679844	-0.01	0.211197532507723	-0.0515784499234307	0.958864590949085	0.980759332753973
SACI_RS10835	1203.01550146044	0.20	0.131579757991923	1.51488935954315	0.129800425439833	0.339560045195784
SACI_RS10840	620.964373646761	0.15	0.15349781610082	0.964697367545523	0.334696414167518	0.582916242856346
SACI_RS10845	343.343496866279	0.04	0.244073886477611	0.181234389151552	0.856183602886681	0.933086321708838
SACI_RS10850	1644.73992412936	0.02	0.104064509388833	0.232102442320898	0.816458447975899	0.909484003428596
SACI_RS10855	252.873790292976	-0.14	0.154087504956123	-0.903591419383658	0.366212092859519	0.610328884207764
SACI_RS10860	786.815305074811	0.10	0.124593888774219	0.83972177707807	0.401064400897416	0.641904581335814
SACI_RS10865	1815.11354864764	0.30	0.109768974644924	2.69529656080503	0.00703260079671122	0.0479549116007702
SACI_RS10870	89.1686882151955	0.18	0.249107060219991	0.718816562909592	0.472253951106511	0.699594806639181
SACI_RS10875	2605.08018626738	0.78	0.139866947633649	5.57585387670206	2.46318626580712e-08	1.49433300125632e-06
SACI_RS10880	1992.26047814292	0.74	0.156369529990268	4.70289436943907	2.56499137405249e-06	7.7804738346259e-05
SACI_RS10885	593.444575972101	0.54	0.238213619488302	2.2506605069642	0.0244070479313901	0.11629922714173
SACI_RS10890	4709.51903379935	0.26	0.183904501780059	1.38664395651465	0.165550357677022	0.390576214223195
SACI_RS10895	1742.02390564663	0.01	0.205466370236421	0.0509854392679964	0.959337123238199	0.980759332753973
SACI_RS10900	887.84486327397	0.12	0.205026198947238	0.581768813789999	0.560722413003443	0.765249442063617
SACI_RS10905	2395.17806355159	0.18	0.157458370442721	1.14670280537802	0.251504470639084	0.504370156182838
SACI_RS10910	191.198941184653	0.41	0.189970756582696	2.16188087857639	0.0306273592364862	0.135719150147073
SACI_RS10915	217.221122880672	0.21	0.198745624134945	1.06124035372855	0.288580684650641	0.541836049380068
SACI_RS10920	1209.32946108385	0.12	0.158290372141111	0.774211059336036	0.43880598928345	0.673399329944259
SACI_RS10925	1104.90333892889	0.21	0.137855925889776	1.49884273203116	0.133914435939447	0.344215459573896
SACI_RS10930	6315.75222592084	-0.07	0.145027674192078	-0.508679144997826	0.610977142837086	0.800721851129474
SACI_RS10935	4237.38192812556	-0.17	0.153273380272929	-1.13176033442054	0.257735208056756	0.510925825111738
SACI_RS10940	1168.61075951268	-0.59	0.148597866445829	-3.95620200754007	7.61507742480865e-05	0.00156477558696874
SACI_RS10945	15817.2243202242	-0.15	0.158884352661336	-0.946845255686031	0.343717637156461	0.592151818441287
SACI_RS10950	92.0141876377681	-1.02	0.218033053064946	-4.69000278997173	2.73201323764101e-06	8.18961144648153e-05
SACI_RS10955	244.671310829854	-0.57	0.205352774804679	-2.78313858149306	0.00538358056630197	0.0398760560550506
SACI_RS10960	809.59244493071	0.73	0.1964259452916	3.7018670571876	0.000214018755910534	0.00376082613834511
SACI_RS10965	696.783062881752	-0.61	0.197697762853017	-3.08957072735349	0.00200445974786943	0.0188463595482336
SACI_RS10970	3886.55929290408	-0.06	0.108340725457828	-0.575185142565423	0.565166089906983	0.768708167845622
SACI_RS10975	7744.9452528248	0.29	0.126674638030202	2.29998887633825	0.0214488502521859	0.105709227161644
SACI_RS10980	3538.93230632815	0.40	0.141876824561138	2.85088087111561	0.0043598300538711	0.0343927150998872
SACI_RS10985	32001.4420305428	0.35	0.107450960269589	3.25506324954521	0.00113367115214901	0.0122918897688327
SACI_RS10990	4284.31866668313	0.67	0.346420892446606	1.93993206789832	0.052387946236205	0.192373310152291
SACI_RS10995	1419.63130382907	0.54	0.215997514747638	2.47956540547035	0.0131542602432847	0.0733414772426467
SACI_RS11005	33.7154610044659	-0.04	0.506816856380527	-0.0745323449138781	0.940586805211878	0.974233812877994
SACI_RS11010	1019.17551333329	0.05	0.128269068988391	0.410775663035216	0.681237040113892	0.835658264367888
SACI_RS11015	12163.0543531976	-0.06	0.246569485420679	-0.254426640612916	0.799165971731782	0.901470235452465
SACI_RS11020	2689.86461849354	0.05	0.158381682967315	0.307563179486514	0.75841474138346	0.876390367820887
SACI_RS11025	255.53396395787	0.68	0.237775672613301	2.84742482545677	0.00440745023070612	0.0344728887343937
SACI_RS11030	153.019979222787	0.19	0.191610475963368	0.996506276375518	0.319004219050286	0.569576797511484
SACI_RS11035	809.326023039753	-0.04	0.155415260855218	-0.268829992937883	0.788060511648175	0.895619172024777
SACI_RS11040	4522.12604615461	0.17	0.232207558368043	0.729607252922741	0.46563028755742	0.695600386785293
SACI_RS11045	1618.49444181242	2.05	0.174196071031362	11.7720334790316	5.43972545688783e-32	1.26003822401365e-29
SACI_RS11050	5866.60628383645	5.37	0.128855789741318	41.7081210865849	0	0
SACI_RS11055	3003.02909738521	0.15	0.106275028638349	1.38406612404428	0.166338208534751	0.391709570560579
SACI_RS11060	2279.1310820001	0.28	0.144742800796668	1.91454929246283	0.0555500071413394	0.198237280386741
SACI_RS11065	1878.19102328159	0.14	0.161220873509365	0.880150413309966	0.378777831853099	0.622260422670339
SACI_RS11070	1603.68234732146	0.12	0.108302238147465	1.06991419037361	0.284657935102994	0.539298870279618
SACI_RS11075	199.038999972556	-0.18	0.220523088938817	-0.804837307813824	0.420913569574007	0.658371869413487
SACI_RS11080	1465.30290432422	0.09	0.20685545810322	0.450283741426548	0.652505860770334	0.823061848140006
SACI_RS11085	538.899819563929	0.19	0.16465988090606	1.17969241409803	0.238122572095873	0.490490148504677
SACI_RS11090	2896.56289317207	0.47	0.190169679900932	2.48940883828928	0.0127955728659475	0.0721307957133499
SACI_RS11095	909.000925877371	0.19	0.179620616252896	1.06940181534139	0.284888649684602	0.539298870279618
SACI_RS11100	3079.14007128082	0.29	0.190592252501656	1.52707188291962	0.126743137714603	0.336531340028107
hpaD	1136.94080919739	0.17	0.155747053202388	1.07191290187943	0.283759154674434	0.539163554146502
SACI_RS11110	949.463549522741	-0.01	0.141835974906054	-0.0491970208326624	0.960762285424747	0.980916976275444
SACI_RS11115	1445.2737017942	-0.01	0.356399632504072	-0.0325463334819712	0.974036366807787	0.986096857177028
SACI_RS11120	1043.31381859026	0.22	0.122204152339418	1.76449483281036	0.0776487045465704	0.248553893448067
SACI_RS11125	200.810466614091	-0.03	0.242270848085569	-0.106957717703268	0.9148225236511	0.963951678896139
SACI_RS11130	2756.57495143715	0.34	0.151519558625581	2.25723633471143	0.0239933111411654	0.114915332307687
SACI_RS11135	3668.00128801426	0.26	0.159913431861935	1.60684607509019	0.108088138103541	0.305407633290212
SACI_RS11140	1010.34909590984	0.45	0.13621598008811	3.28670226376767	0.00101367947523557	0.0113283127320186
SACI_RS12125	473.198470789027	-0.02	0.141117185058456	-0.172167995592327	0.863305457961206	0.936129624946214
SACI_RS11150	623.052553937079	-0.46	0.132409304510789	-3.44429920595296	0.000572541725081367	0.00740526048480875
SACI_RS11155	1225.12072707049	0.05	0.0983081872239377	0.474574193998279	0.635090503477654	0.813484915042396
SACI_RS11160	8083.80557674302	0.13	0.137300592290814	0.969255891474338	0.332417530823936	0.580932694471461
SACI_RS11165	5563.85824572492	-0.07	0.101291779359227	-0.642861650941215	0.520313875061825	0.735514194294828
SACI_RS11170	7389.89091592335	1.63	0.12404803456495	13.1001752606522	3.2849823093953e-39	1.19573356061989e-36
SACI_RS11175	87.9207494778886	-1.12	0.290898331223008	-3.8463806784299	0.000119875467678813	0.00233245076827714
SACI_RS11180	488.894973610024	-0.40	0.132883022973402	-3.00339358295083	0.00266986902872505	0.0237032274745346
SACI_RS11185	1898.78601320736	0.68	0.142740086613341	4.78335767789778	1.72390966148389e-06	6.17634357437379e-05
SACI_RS11190	119.471859671216	0.10	0.22134526507778	0.446962413095967	0.654902198797255	0.825267459216323
SACI_RS11195	64.1255316125804	0.15	0.281992601241502	0.546709017645671	0.584578657932135	0.780663742353816
SACI_RS11200	2903.4021636312	0.15	0.211154390978855	0.694061691182567	0.487643521664115	0.712043377192071
SACI_RS11205	54.4925965254082	0.20	0.350956794400037	0.561809665778197	0.574245705832091	0.77377920867972
SACI_RS11210	5771.58234103111	-0.09	0.0696608806644868	-1.22626391035625	0.220099377734289	0.467734123825662
SACI_RS11215	11587.6261917561	0.12	0.0913133008518528	1.36291698670133	0.172908674536513	0.399602954564574
SACI_RS11220	8567.45740514415	0.06	0.114598609076991	0.507956504103079	0.611483847105729	0.800721851129474
SACI_RS12130	41964.0889701337	0.09	0.183806628433554	0.497091481919865	0.619124541164394	0.805883362702411
SACI_RS11230	4054.9784492843	0.26	0.197085092071183	1.30859675501012	0.190670980708373	0.425420016501693
SACI_RS11235	3034.26225981717	0.17	0.226128160459402	0.75001228765891	0.453247304239734	0.685385241069936
SACI_RS11240	450.546550802806	-0.14	0.136434488530536	-1.03379149518268	0.301233648434679	0.553383804045827
SACI_RS11245	211.852063807851	-0.67	0.166552765997353	-4.03460589596364	5.46940195112557e-05	0.00116133634762233
SACI_RS11250	131.636512138428	0.39	0.254229879039216	1.52427689872054	0.127439555424635	0.336531340028107
cimA	2115.60974150461	-0.10	0.183320321031939	-0.533469490744148	0.593708625025283	0.786262773682131
ubiA	1313.4325849737	0.13	0.095310217601638	1.40161684148037	0.161029695090126	0.386349965244484
SACI_RS11265	304.940112384034	-0.01	0.155419960930243	-0.0719493866905208	0.942642186965622	0.974777716066723
SACI_RS11270	127.198059089733	0.18	0.239762552127657	0.740256798580784	0.459144189260668	0.691643750102196
SACI_RS11275	257.723270036384	0.02	0.185702627564271	0.119454964182827	0.904914917860907	0.961118470491701
SACI_RS11280	860.677252353013	-0.26	0.127087926631452	-2.07165088293686	0.0382980110001086	0.157139020979512
SACI_RS11285	1364.48264074466	-0.38	0.13353640735457	-2.81212234827982	0.00492157790342014	0.0369916828847036
SACI_RS11290	120.270078139365	-0.15	0.297680919914396	-0.495977509301151	0.619910279001855	0.805883362702411
SACI_RS11295	11.422502553816	1.03	0.865058835599898	1.19170056015358	0.23337867835157	NA
SACI_RS11300	101.108450573535	-0.02	0.233510167683278	-0.0683783319631455	0.945484470041117	0.975294591348737
SACI_RS11305	1294.43982179123	-0.12	0.116249567354582	-1.06604375952029	0.286403861012484	0.539761122677374
nuoN	1777.11710350751	0.03	0.134854043144703	0.199784466430259	0.841649150409204	0.924308060572808
SACI_RS11315	5411.88404900122	0.08	0.120131360888014	0.700499661999076	0.483615316174218	0.70819070437466
SACI_RS11320	164.943193542334	-0.04	0.263680205880806	-0.156543218020434	0.875604856074668	0.942162657634398
SACI_RS11325	941.881037557645	0.14	0.170556598188008	0.834212244710375	0.404161392314806	0.644029535721155
nuoI	997.123176351347	0.20	0.130123878440854	1.55444593207327	0.120078084149332	0.326530371838313
nuoH	2067.73489612655	0.23	0.152631197686841	1.52467416023585	0.127340389879307	0.336531340028107
SACI_RS11340	2655.36649416568	0.28	0.138621313767136	2.05030240183578	0.0403349303648372	0.16184787806237
SACI_RS11345	814.11056606347	0.44	0.125664884135145	3.46451490840748	0.000531188695902299	0.00704931665187009
ndhC	551.895217116521	0.34	0.148334143287488	2.27653846272199	0.0228138012506956	0.110541124755905
thyX	2026.86417972921	0.38	0.149081594640218	2.53113432656639	0.0113694298270597	0.0672141698360746
SACI_RS11360	703.313544658108	0.30	0.154747171065612	1.9331373773861	0.0532192766709299	0.19391240596853
SACI_RS11365	737.14989568168	-0.30	0.128955891505337	-2.3058259319858	0.0211203606190507	0.104920204786501
SACI_RS11370	428.735434914477	-0.11	0.135096626302136	-0.837967011712495	0.402049230941752	0.642673425620818
SACI_RS11375	1225.81747867187	-0.05	0.115211454316606	-0.408987415611509	0.682548896398938	0.835658264367888
SACI_RS11380	216.161476936595	-0.29	0.170091510310791	-1.70513679803017	0.088168914049411	0.274303288153723
SACI_RS11385	61065.7130867913	0.37	0.17946248049108	2.06445542908281	0.0389745556757091	0.158891468578731
SACI_RS11390	639496.928139489	0.19	0.210574296362031	0.896314689715851	0.370084715713784	0.614923486590591
SACI_RS11910	11846.8194670719	0.16	0.216009154028126	0.727953136577732	0.466642274070217	0.695600386785293
SACI_RS11400	9.28767506754823	-0.37	0.745694915035953	-0.496579245971083	0.619485791549708	NA
SACI_RS11405	6.41967473338562	0.85	1.12573276128414	0.752885287304269	0.451518849986108	NA
SACI_RS11410	237.559816961548	-0.31	0.163036498293981	-1.88562112187012	0.0593460290141251	0.206860270176181
SACI_RS11415	1.86485827105767	2.06	1.87935364449076	1.09543817657077	0.273324716565568	NA
SACI_RS11420	461.202910581409	0.12	0.179781775538494	0.678590263275965	0.497397513889817	0.718463075618625
SACI_RS11425	946.230056522921	0.04	0.131445613803251	0.283040695105057	0.777145641741603	0.889592522592797
SACI_RS11430	668.021031895941	-0.06	0.135029740886333	-0.428855235875759	0.668028578560722	0.831516112976047
glmS	4057.62091694893	-0.06	0.102349929817838	-0.624807723968793	0.532097260656772	0.744290477378967
mvk	155.686122401334	-0.61	0.218903487170626	-2.78684674700216	0.00532236429594872	0.0395375633413333
SACI_RS11445	364.209279122369	-0.23	0.141686523941502	-1.5905478789427	0.111711362297035	0.311082569544093
SACI_RS11450	692.75108741549	-0.78	0.132881845362319	-5.89110434480664	3.83623214812565e-09	2.79277700383548e-07
SACI_RS11455	340.449483301835	-0.03	0.160464920024235	-0.195675706239647	0.844864000421535	0.924308060572808
SACI_RS11465	1298.28783910471	-0.10	0.112703247347066	-0.854775299523681	0.392675555004136	0.633251464652239
SACI_RS11470	216.047811715805	0.10	0.249059044403747	0.417489001764999	0.676320767229289	0.835658264367888
SACI_RS11475	228.052113050294	-0.43	0.184192179536253	-2.34746118483842	0.0189018424738094	0.0977602229419797
SACI_RS11480	2120.14136944595	0.17	0.149589674353662	1.14609017977031	0.251757840466135	0.504370156182838
SACI_RS11485	4341.24018199058	0.07	0.173350379666497	0.430072258052669	0.667143079534552	0.831516112976047
Sac_sR101-sno	33.6482779887812	-0.97	0.465568357909875	-2.07296294529958	0.0381757281981004	0.156889928143161
Sac_sR9-sno	3.06531461170673	-3.79	1.82128258213541	-2.08143356626132	0.0373942389760961	NA
Sac_sR102-sno	3.10675204709065	-0.96	1.84054715812252	-0.522595733664535	0.601255610083861	NA
Sac_sR12-sno	0.284977447968272	0.00	5.07626254468477	0	1	NA
Sac_sR24-sno	1.47120757876575	-2.70	2.14622485783514	-1.25742340243892	0.208600359441338	NA
Sac_sR103-sno	341.077696632628	0.40	0.257716997619047	1.56899788589439	0.116648431625629	0.319591616970003
Sac_sR11-sno	0	NA	NA	NA	NA	NA
Sac_sR104-sno	1.55066596341104	0.78	1.42871165362211	0.543258225520671	0.586952022342194	NA
Sac_sR10-sno	13.6154662046203	-0.00	0.730759898739223	-0.00446838572240764	0.996434755884607	0.996434755884607
Sac_sR105-sno	21.5703106204226	0.07	0.499258879114393	0.134209855075444	0.893236633194179	0.953035258732371
Sac_sR106-sno	22.8314473380991	-0.80	0.430926968978257	-1.85163071771359	0.064078868934654	0.219158332946978
Sac_sR107-sno	0.151571615085789	0.52	7.33236550239951	0.0715499566375423	0.942960066756916	NA
Sac_sR36-sno	15.5948005607494	0.57	0.564790872780219	1.01218175965751	0.311451155867119	0.563620415589075
Sac_sR13-sno	18.5283624279051	0.54	0.523423414995847	1.02561131657303	0.305074831112118	0.558026324245281
Sac_sR6-sno	18.4468533400962	-0.18	0.51208699136832	-0.359846619757319	0.718961837729128	0.855548169106139
Sac_sR108-sno	21.6215619220319	-0.60	0.593614048409222	-1.01716606190578	0.309074437904423	0.560912868789509
Sac_sR7-sno	5.79270934473576	-3.55	1.48655322629739	-2.385684762648	0.0170473567718606	NA
Sac_sR5-sno	95.5799123271448	0.45	0.280591777057867	1.5962794001464	0.110426427190195	0.308502593610097
Sac_sR109-sno	7.65099893078209	-0.11	0.902205250966855	-0.12195561664863	0.902934168593165	NA
Sac_sR20-sno	20.4173656405852	-0.46	0.667742535494401	-0.688808681052669	0.490943671952433	0.714813986362742
Sac_sR110-sno	1.1722489171922	-0.39	1.84395764371166	-0.210946274889851	0.832929194342739	NA
Sac_sR111-sno	37.4487930193736	0.78	0.355228811234747	2.18703074163812	0.0287402798870549	0.130646058970307
Sac_sR112-sno	0	NA	NA	NA	NA	NA
Sac_sR113-sno	3.73947253750775	0.95	1.15528332436121	0.819381798204198	0.412568616466971	NA
Sac_sR114-sno	21.9296599503708	-0.44	0.417995319460709	-1.05186237103476	0.292862698215781	0.545875515976683
Sac_sR115-sno	1.35794752421829	-2.63	2.17327949980346	-1.20785775844025	0.227101980159436	NA
Sac_sR22-sno	0.0334678255462857	0.00	7.3561311249555	0	1	NA
Sac_sR116-sno	0	NA	NA	NA	NA	NA
Sac_sR117-sno	0	NA	NA	NA	NA	NA
Sac_sR118-sno	98.7199769722929	-0.45	0.266637831861944	-1.68030916714135	0.0928971783852163	0.28178810776849
Sac_sR27-sno	133.77743639442	0.23	0.244330653602941	0.952350877076171	0.340919063383459	0.589947316766523
Sac_sR17-sno	90.9333239591896	-0.40	0.230071724023595	-1.75113204408026	0.0799231676767728	0.254555289050521
Sac_sR28-sno	0.108754343800079	0.00	7.3561311249555	0	1	NA
Sac_sR119-sno	53.2735380104057	-0.10	0.358786326707104	-0.277777959319781	0.781182811499498	0.891381013748643
Sac_sR23-sno	6.0040282940027	0.65	0.816528922205497	0.790495920066971	0.429238203997349	NA
Sac_sR120-sno	2.46605794875977	0.18	1.49862733065061	0.120809218849152	0.903842148005532	NA
Sac_sR121-sno	1.63541756379924	-0.40	1.46174072554977	-0.272207373975094	0.78546257223894	NA
Sac_sR2-sno	0	NA	NA	NA	NA	NA
Sac_sR122-sno	7.86111573568422	-0.10	0.725392608007027	-0.136087379388813	0.891752204495965	NA
Sac_sR14-sno	11.1212850258937	-0.47	0.845729645764301	-0.551654248167281	0.581185261613235	NA
Sac_sR3-sno	0	NA	NA	NA	NA	NA
Sac_sR25-sno	12.0836632245242	-0.27	0.560260036535522	-0.490533186648497	0.623756652070777	NA
Sac_sR123-sno	3.92012683071203	0.22	1.2284602321019	0.17840398100078	0.858405723072609	NA
Sac_sR124-sno	0.285163001373866	0.00	6.51761218964152	0	1	NA
Sac_sR125-sno	0	NA	NA	NA	NA	NA
Sac_sR126-sno	0	NA	NA	NA	NA	NA
Sac_sR127-sno	0.634720426875992	1.11	2.88112303599289	0.384820990478587	0.70037004636635	NA
Sac_sR128-sno	32.878388423082	0.05	0.486770124268931	0.106185893694401	0.915434862867534	0.963951678896139
Sac_sR26-sno	25.6802817483504	0.53	0.462557089398947	1.13908343318981	0.254668356652946	0.506949197462271
Sac_sR129-sno	1.44458834607463	1.39	2.18882920037365	0.637221306847905	0.523980700888865	NA
Sac_sR1-sno	1.87873002086708	-1.64	1.77750855119184	-0.922638281546205	0.356195739014328	NA
Sac_sR19-sno	1.10187906156497	-2.29	2.29223653185852	-0.998200937235573	0.318181932072558	NA
Sac_sR15-sno	65.4401121078039	0.05	0.385182121766223	0.118174614445553	0.90592930373152	0.961690393759657
Sac_sR29-sno	1.6602169558093	3.30	1.85495151996863	1.77917784746189	0.0752106090095709	NA
Sac_sR130-sno	26.2091501915442	-0.68	0.363434882700842	-1.86792163885999	0.0617729942270977	0.213275866247486
Sac_sR21-sno	11.3178290517135	0.70	0.666035097162091	1.04796259126653	0.294655842540854	NA
Sac_sR8-sno	18.3390367984234	-0.34	0.490873960936399	-0.70074252834928	0.483463710184949	0.70819070437466
Sac_sR131-sno	4.38499890448902	0.61	1.35148281573538	0.447685588545638	0.654380123872932	NA
Sac_sR18-sno	65.9760611304903	-0.28	0.234051824872613	-1.19952780397029	0.230322780171777	0.48088145495765
Sac_sR16-sno	13.8307480716924	0.48	0.703888366404276	0.680395767072446	0.496253900534316	0.718463075618625
Sac_sR132-sno	57.6526162183509	-0.11	0.397765473870108	-0.273280760883874	0.784637403247557	0.893721995294937
Sac_sR4-sno	0.888187487693037	1.67	3.00622991915469	0.554125264158133	0.57949312105856	NA
asRNA_2	18.5603752334015	-0.16	0.507544148018733	-0.320610892752227	0.748505281840734	0.870774447776336
asRNA_3	18.5971412807255	-0.33	0.559255324515637	-0.582385991304895	0.560306715319581	0.7650919135232
asRNA_4	15.4752339768749	-0.32	0.55969089848397	-0.574439755456186	0.565670256950762	0.768708167845622
asRNA_5	1.03147823690614	2.11	1.99646046358966	1.05795418070141	0.290076332104097	NA
asRNA_6	4.97297966766695	0.57	1.08706535245118	0.525255206226744	0.599405791997109	NA
asRNA_7	16.5444154127126	-0.55	0.546538637557508	-0.997266607575029	0.318635117619926	0.569576797511484
asRNA_8	3.81348148683059	-0.58	1.05851561293462	-0.549399347518904	0.582731421764844	NA
asRNA_9	9.84450464249231	-0.08	0.682196515853773	-0.113087296644768	0.909961346191574	NA
asRNA_10	2.34282912169188	0.79	1.83316473530463	0.433295110486538	0.664800389843143	NA
asRNA_11	9.86801555364553	-0.83	0.760162455959364	-1.09404803534779	0.273933911343844	NA
asRNA_12	2.58355032119921	-1.94	1.4179042536768	-1.36932270444411	0.170898423916144	NA
asRNA_13	1.35651672473537	-1.74	2.26765087294148	-0.767332336389724	0.442883947224273	NA
asRNA_14	43.0827676976363	-0.53	0.459544246568891	-1.15523644620768	0.247993613559739	0.500703428962136
asRNA_15	0.731819729729265	1.90	2.42500428349025	0.783559442048132	0.433298661914001	NA
asRNA_16	3.22570622263072	0.82	1.24302611882171	0.660945865103097	0.508647031106465	NA
asRNA_17	1.77947217155406	-1.97	1.83245875978572	-1.07370400239154	0.282955366957066	NA
asRNA_18	1.9809325978829	1.27	1.58719260111039	0.800209953246678	0.423589164018808	NA
asRNA_19	3.54538079191889	-0.27	1.13010826980068	-0.238482752201972	0.811506691244783	NA
asRNA_20	5.12959060984308	-0.52	0.86462332763887	-0.600495443407927	0.548176096719887	NA
asRNA_21	7.71956193023346	-0.44	1.14906998853594	-0.3854561827579	0.699899464226967	NA
asRNA_22	5.26263601356818	0.40	0.910237304292704	0.440233350969378	0.659768106947165	NA
asRNA_23	1.26291257634991	2.45	2.0363066283739	1.20257009248337	0.229142726924164	NA
asRNA_24	25.631477446453	-0.43	0.506204666812673	-0.858819328060085	0.390440202344156	0.633251464652239
asRNA_25	28.8592440751107	0.04	0.444699599890653	0.0922181534339791	0.926524715147477	0.968328537405976
asRNA_26	0.751956350909147	-0.81	3.09385959379414	-0.263069104626283	0.792497316390178	NA
asRNA_27	11.8784185652937	-0.42	0.651812515569892	-0.639582066263624	0.52244434469225	NA
asRNA_28	12.7903358107444	0.06	0.665789912128678	0.0966670448413036	0.922990811634794	0.966635131866584
asRNA_29	7.74191940811949	-0.28	1.0023422427703	-0.279508440482525	0.779854661475652	NA
asRNA_30	4.16582499014801	0.33	0.957298960732795	0.34863300314323	0.727364847539315	NA
asRNA_31	4.60502908329038	0.56	0.842687552362636	0.65911999108544	0.509818719314959	NA
asRNA_32	4.68634247741586	-0.55	0.873529001704753	-0.634997560419866	0.525430006093857	NA
asRNA_33	0.665329060702977	2.65	3.56310975906514	0.744666571426539	0.456473312519107	NA
asRNA_34	0.924611757043508	0.44	2.40739902908039	0.18408054102648	0.853950271627719	NA
asRNA_35	12.0933927320303	-0.12	0.807355490753315	-0.1534171121101	0.878069351118297	NA
asRNA_36	13.2419071995058	0.22	0.734283389717187	0.29905401591347	0.764898831522154	0.881085995804
asRNA_37	2.47277547056135	-0.58	1.55849609880171	-0.374056749668615	0.708362095513928	NA
asRNA_38	2.22918590481827	3.77	1.89397890475481	1.98808920067936	0.046801825530262	NA
asRNA_39	0.244790296895976	-0.58	5.93374437957106	-0.0969491537559166	0.922766773572488	NA
asRNA_40	8.49504340753968	-0.52	0.894793765049279	-0.584214174577325	0.559076226150768	NA
asRNA_41	17.0030300673237	-0.20	0.462929073742023	-0.439261536485974	0.660472040969878	0.828474139488314
asRNA_42	40.5571076572369	0.28	0.367119303995479	0.767601972245621	0.442723690333267	0.674831098525371
asRNA_43	3.41768826569874	-0.09	1.09398671311844	-0.0856719585118421	0.9317271940155	NA
asRNA_44	2.09302192811413	1.28	1.53236805913341	0.83627648101645	0.402999381051674	NA
asRNA_45	13.3205626290157	-0.24	0.654985839409862	-0.361197599153502	0.717951736761747	0.855548169106139
asRNA_46	1.18881106393235	0.13	1.90478414062779	0.0659544986060134	0.947414051384356	NA
asRNA_47	31.0113662807525	0.46	0.385417295640955	1.18384529991911	0.236474306488885	0.488675209191953
asRNA_48	9.51745974632162	0.09	0.744524935869333	0.123349200879136	0.901830581605633	NA
asRNA_49	3.11241516762935	-3.50	1.57836088467202	-2.21655870874672	0.0266532618438572	NA
asRNA_50	8.47820346848921	0.06	0.883832615827307	0.0631030922212059	0.949684411972303	NA
asRNA_51	10.435698862857	-0.85	0.710402484455877	-1.20090597302327	0.229787677030094	NA
asRNA_52	7.69737883291381	0.75	0.872304338161216	0.863729682329505	0.387736403960525	NA
asRNA_53	8.18204032388912	0.80	0.698079534796704	1.14903661417526	0.250540883260005	NA
asRNA_54	18.1696380971368	-0.05	0.525961135955582	-0.0964365568382512	0.923173859254072	0.966635131866584
asRNA_55	6.53657953557777	-0.47	0.939661341797269	-0.499200617067885	0.61763805992058	NA
asRNA_56	4.09249018475757	-0.82	1.2887293257598	-0.63560262440616	0.52503545851067	NA
asRNA_57	3.9187653420994	-0.03	1.00142174323061	-0.0302628790284215	0.97585740124772	NA
asRNA_58	3.02595278335976	0.18	1.17011768140576	0.155878240389488	0.876128997286286	NA
asRNA_59	4.27443225519463	0.06	1.04384089282266	0.0564014300367864	0.95502201776601	NA
asRNA_60	0.201911339036575	-2.73	7.25378767976836	-0.375916016391095	0.706979333021114	NA
asRNA_61	7.72722666314542	0.76	0.785222601466115	0.97096582665308	0.331565296222816	NA
asRNA_62	0	NA	NA	NA	NA	NA
asRNA_63	2.34750176421746	-0.23	1.34067523809617	-0.173854190485758	0.861980054964928	NA
asRNA_64	2.61124892044058	0.01	1.3348096712132	0.00632493251497607	0.994953467645765	NA
asRNA_65	11.6612569025424	0.11	0.63624416579301	0.1679991770389	0.866583926505575	NA
asRNA_66	16.5426157961983	0.37	0.566103832823826	0.66192433786903	0.508019713236279	0.72537180500513
asRNA_67	9.47941346455267	1.31	0.794043886961528	1.65094146753173	0.0987505273680983	NA
asRNA_68	12.4826740314464	-0.15	0.523430460497631	-0.284351430971287	0.776141075786363	0.889592522592797
asRNA_69	2.27726974446087	-1.65	1.32847342010271	-1.2440823521549	0.213469255464102	NA
asRNA_70	746.122450729251	0.12	0.179209819181324	0.677988376526925	0.497779063064837	0.718606828719096
asRNA_71	2.28587013435051	1.44	1.96916448330871	0.729985105706635	0.4653992888599	NA
asRNA_72	21.7103080070174	-0.62	0.442791310421559	-1.40539497512124	0.159903860128199	0.384934343609385
asRNA_73	1.8224695793116	1.99	1.58149755443616	1.25717571903944	0.208690013535897	NA
asRNA_74	26.9417070078299	0.24	0.48126638718019	0.507875988515126	0.61154031487361	0.800721851129474
asRNA_75	3.4542080473739	0.14	1.00701969512896	0.137436779798371	0.890685560793017	NA
asRNA_76	2.87990313320194	-2.70	1.37265790485818	-1.96515597883581	0.049396187228347	NA
asRNA_77	9.13141550605229	1.53	0.767745181253225	1.99141804381688	0.0464349471546711	NA
asRNA_78	75.1294486946128	-0.66	0.250261327966915	-2.64507361182008	0.00816731474292434	0.0533597896537724
asRNA_79	63.8650493287142	-0.18	0.297642053651927	-0.613199211646003	0.539744625987004	0.749465562405932
asRNA_80	8.05152289172895	0.21	0.854912532784462	0.244286599989164	0.807008860814744	NA
asRNA_81	2.1965066014338	1.52	1.90884722770297	0.797068208830548	0.425411418571596	NA
asRNA_82	1.59054060277935	0.48	2.21983605351461	0.21509772418475	0.829691128217568	NA
asRNA_83	2.82142525938424	2.07	1.7908627844538	1.15596859626249	0.24769400238579	NA
asRNA_84	1.23000843691838	-0.19	2.29059848697985	-0.0836491082356167	0.933335420999193	NA
asRNA_85	61.7658707882002	0.19	0.38101943435176	0.494111357773273	0.621227537058041	0.806772560868445
asRNA_86	9.5669607759157	-2.20	0.722547534025515	-3.03805587247104	0.00238109802375336	NA
asRNA_87	2.37532899508612	2.24	1.88612864087396	1.18624233940914	0.235526610251731	NA
asRNA_88	14.7431622234348	0.11	0.633938618858488	0.166816392532134	0.867514520044627	0.937813745046122
asRNA_89	1.82373234968793	-2.80	1.90855658004613	-1.46959334029634	0.141671925044201	NA
asRNA_90	6.95182805546583	-0.03	0.861579177201608	-0.0385767053797809	0.969227874878953	NA
asRNA_91	22.3181903033032	0.27	0.475297214400834	0.575208392882089	0.565150367266564	0.768708167845622
asRNA_92	4.16586531631731	0.25	1.08963412573663	0.232830146951633	0.815893302274623	NA
asRNA_93	31.5059991550206	-0.07	0.379744827302073	-0.17125980437473	0.864019484928379	0.936419246106979
asRNA_94	1.17770332228534	1.38	2.30275493926199	0.598044422100615	0.549810292913247	NA
asRNA_95	21.3339797985713	-0.13	0.418517412463267	-0.312577428716295	0.754601728693301	0.874363440068454
asRNA_96	1.82434550661477	2.42	1.96571270138207	1.23051541811387	0.218504156975256	NA
asRNA_97	15.199008050737	-0.68	0.544158409493278	-1.24418227575957	0.21343248547566	0.458151620043792
asRNA_98	7.43175942909882	-0.61	0.887434978069084	-0.686358530691777	0.492487048072159	NA
asRNA_99	3.48972603904701	-1.65	1.40031203826687	-1.17622245281965	0.239505994482269	NA
asRNA_100	2.80912347981602	-0.97	1.77238577091059	-0.549108406763655	0.582931056303917	NA
asRNA_101	37.6331481226821	-0.80	0.421067999005632	-1.90951937796997	0.0561951243770586	0.199478740415271
asRNA_102	10.5542039112607	-0.71	0.707451423816871	-1.0092686496802	0.312845810997768	NA
asRNA_103	0.807201643465482	1.93	2.61035081990124	0.73933199635204	0.45970542479452	NA
asRNA_104	3.69184270070208	0.39	1.09338341797364	0.357865084162928	0.720444281378197	NA
asRNA_105	94.495351471099	-0.39	0.262596709399942	-1.50418093477388	0.132534785344158	0.342821003127979
asRNA_106	29.2559653314003	0.33	0.400299608996471	0.815805209741799	0.414611553111558	0.653426931812784
asRNA_107	100.485617074033	-0.33	0.298564544072552	-1.09034620805756	0.275560667658472	0.529288387214672
asRNA_108	8.20400173834768	0.70	0.77585836508254	0.904586253942573	0.365684620334658	NA
asRNA_109	8.30935650306489	-0.28	0.822444010468052	-0.341326452147551	0.732857836385685	NA
asRNA_110	2.85170703325145	-1.11	1.43439753056853	-0.774493543284274	0.438638984971637	NA
asRNA_111	1.73891563417241	0.54	1.61557983298612	0.332092784670016	0.739819198260013	NA
asRNA_112	2.96470827619673	-0.21	1.25315962688716	-0.171108069887594	0.864138790600682	NA
asRNA_113	11.1658988480084	-0.34	0.652063379783673	-0.52808196514485	0.597442447679048	NA
asRNA_114	3.56922796936439	1.24	1.29166650687339	0.959406654201134	0.337353924207461	NA
asRNA_115	6.70377272436756	-0.36	0.81379999527049	-0.441996759416205	0.658491550916417	NA
asRNA_116	2.80517924454653	-0.54	1.22421556225826	-0.441914472006037	0.658551097825216	NA
asRNA_117	2.35781755185363	2.98	2.00115040200433	1.49036042846748	0.136129491449093	NA
asRNA_118	9.04257219161958	0.81	0.765738634614093	1.06205128377601	0.288212404280186	NA
asRNA_119	13.873733556664	-0.51	0.658448914056651	-0.767431842257846	0.442824802486036	0.674831098525371
asRNA_120	39.8223290281339	0.27	0.346871471926749	0.771014201375393	0.440698514020922	0.674311019294492
asRNA_121	26.9499620677242	-0.35	0.552309659077407	-0.64015716871902	0.522070425285678	0.735514194294828
asRNA_122	8.09547487662237	0.67	0.888366083242126	0.75134876956162	0.452442785723874	NA
asRNA_123	5.36900133855472	-0.05	0.87793753194429	-0.0614283407251862	0.951018082338162	NA
asRNA_124	3.23386987788745	-2.10	1.63868225765402	-1.28368043416888	0.199253793163194	NA
asRNA_125	12.3728080971937	-0.01	0.629926397611456	-0.0135578046498799	0.989182768385717	0.992298304664098
asRNA_126	1.96296509270847	0.22	1.50493511407329	0.143869493335393	0.885603525822626	NA
asRNA_127	1.62342589709313	-3.29	1.89023036520449	-1.7420465712431	0.0815002954720697	NA
asRNA_128	0.982924382485084	-0.64	2.68651628008717	-0.23708044004717	0.812594386420496	NA
asRNA_129	2.8679651993985	-0.98	1.50013318255669	-0.65360264025505	0.513367842774202	NA
asRNA_130	1.45277128662227	-2.50	2.02953353533177	-1.23368816102602	0.217319127153334	NA
asRNA_131	5.31457499990508	-0.57	0.902320897066982	-0.636735395829406	0.524297213614799	NA
asRNA_132	8.96016594740761	-0.49	0.679687728675011	-0.717362200010593	0.473150637010889	NA
asRNA_133	4.34324371902208	-0.16	0.922209750485538	-0.170836959108196	0.864351967079442	NA
asRNA_134	0.217477207250657	1.89	7.17050157445745	0.263286296410106	0.792329921077968	NA
asRNA_135	94.7837873624735	0.77	0.307375643466748	2.50595495593852	0.012212117624223	0.0705589018288443
asRNA_136	17.5414698858568	-0.72	0.603431446564177	-1.19204065095072	0.233245306178832	0.484754518877376
asRNA_137	6.32928002888629	-0.49	1.05908895402195	-0.462829183060343	0.64348681139258	NA
asRNA_138	6.73032599307356	-0.04	0.773455884291101	-0.0535820051859924	0.957268193695011	NA
asRNA_139	0.49138103530375	0.55	2.8378889458548	0.192808670794726	0.847108812596041	NA
asRNA_140	22.9527959562074	-0.26	0.572494444350474	-0.456608317962205	0.647952599431645	0.821793540742574
asRNA_141	3.07691052556989	-0.51	1.50374683303267	-0.342236293737374	0.732173074017247	NA
asRNA_142	1.36823676558376	-0.92	2.4562826317042	-0.376254918941352	0.706727390465544	NA
asRNA_143	1.44585733487219	-0.62	1.71155400190697	-0.363414201118109	0.71629549495554	NA
asRNA_144	5.04952636128886	-0.93	1.20062817811288	-0.770634229214277	0.440923766443003	NA
asRNA_145	7.50304900690636	0.48	0.695703751946448	0.694078241570228	0.487633143005792	NA
asRNA_146	25.8440426628127	-0.11	0.41478167355832	-0.255262083778926	0.798520682835657	0.901470235452465
asRNA_147	3.24379962894155	0.78	1.09927630097405	0.712572080747355	0.476110593248387	NA
asRNA_148	5.11715343992095	1.63	0.990149692659897	1.64524776170818	0.0999187276680778	NA
asRNA_149	2.60786437986013	0.47	1.3119130467955	0.358168158701203	0.720217474370486	NA
asRNA_150	6.31432499384456	-1.41	1.14276185137606	-1.23127443367122	0.218220240590542	NA
asRNA_151	12.6268503411014	-0.37	0.655894486430408	-0.556587398224214	0.5778093657092	0.776495625289564
asRNA_152	52.4422357951337	0.01	0.336285885761257	0.0439788283741795	0.964921280046088	0.981402245922457
asRNA_153	216.25868660575	-0.13	0.158626944102551	-0.798243051782617	0.424729458483698	0.6619025444749
asRNA_154	2.64975967198205	-0.46	1.2236395833379	-0.376614255369505	0.706460292308835	NA
asRNA_155	1.17389363722722	0.54	2.36320219356215	0.227799463448433	0.819802143836098	NA
asRNA_156	4.39544210193036	0.25	1.11721880788632	0.228009309403564	0.819639003276916	NA
asRNA_157	42.6940252123955	-0.21	0.388207158145947	-0.547537144454834	0.584009758832993	0.780312986631602
asRNA_158	1.98946498266043	-3.00	1.86305349189264	-1.61084941354627	0.107212547983556	NA
asRNA_159	0.378028751154085	2.32	4.17229729507294	0.555449641621519	0.578587145954338	NA
asRNA_160	2.3863431603767	1.25	1.19594899801391	1.04394610306759	0.296510326375076	NA
asRNA_161	7.70847946385854	-0.47	0.840690657485628	-0.554926278385925	0.578945086733046	NA
asRNA_162	17.59258207462	0.74	0.60224196533775	1.22145732283591	0.221912914765477	0.470020038921394
asRNA_163	9.29851640430774	0.48	0.764216130221586	0.630108696569435	0.528623470201724	NA
asRNA_164	2.1835698585885	0.63	1.72905175978519	0.363544137921369	0.716198447674136	NA
asRNA_165	1.48736189221763	0.56	1.80358591278327	0.308366425219696	0.757803526768599	NA
asRNA_166	5.00058888964907	0.90	1.0002424746489	0.897875859353234	0.369251736033381	NA
asRNA_167	6.57701897877769	0.02	0.877779878603413	0.0272113703635963	0.978291146826438	NA
asRNA_168	6.9162616468761	-0.09	0.948016913918888	-0.0992408143593862	0.920947069615589	NA
asRNA_169	1.85682347823961	1.94	1.8811647142447	1.03276751698609	0.301712708455718	NA
asRNA_170	14.3025649271879	-0.60	0.595082149275716	-1.01469374900168	0.310251834798962	0.562248702039655
asRNA_171	7.42703472443229	-1.76	0.837634076449439	-2.09996870904604	0.0357315937934259	NA
asRNA_172	1.86997544360328	-0.21	1.65376240851902	-0.129265047676241	0.897147927266054	NA
asRNA_173	1.71655458855006	-0.14	1.64212906017193	-0.0829604306211387	0.933883002901317	NA
asRNA_174	2.65311221699305	0.16	1.09304188052557	0.142056428364055	0.887035434189102	NA
asRNA_175	38.7084494982018	-0.39	0.360709308358135	-1.06765516329896	0.285676090501781	0.539586863305069
asRNA_176	5.12247815575506	0.13	0.912940605022872	0.147703128211232	0.882577062762887	NA
asRNA_177	8.28915443187276	0.14	0.967424433527079	0.14459024945531	0.885034396137498	NA
asRNA_178	18.0359520966613	0.40	0.486071836910117	0.812966597502433	0.416237209424147	0.653650834467779
asRNA_179	3.26803089726385	0.87	1.07199057888921	0.813131058093697	0.416142921283149	NA
asRNA_180	3.14159772611134	0.95	1.32944003141356	0.712345278227236	0.476250992427492	NA
asRNA_181	0.400750346195016	1.90	4.18996771999235	0.453276003129121	0.650350010187572	NA
asRNA_182	2.14926789472486	0.89	1.54659767100142	0.573728206095734	0.566151738164829	NA
asRNA_183	31.1110370359972	1.53	0.46197523435675	3.31902442036164	0.000903325293139346	0.0103214029009823
asRNA_184	8.42048020826524	-1.05	0.76754851218917	-1.36726335458411	0.171542773560121	NA
asRNA_185	7.71604374195641	-0.20	0.730377458466312	-0.276127383183885	0.782450229235386	NA
asRNA_186	14.0277792340626	1.30	0.716190377632829	1.81690354580755	0.0692318836689813	0.232414808417081
asRNA_187	25.6324439491991	0.33	0.398127685887158	0.831392064253916	0.405752180657071	0.644951064450541
asRNA_188	4.05595068702629	-0.16	1.05423460526146	-0.152772582704972	0.878577619724574	NA
asRNA_189	5.92548804007375	-0.15	0.892659289630897	-0.165306296656321	0.868702902988827	NA
asRNA_190	7.64227360480615	-0.80	0.807182989912722	-0.996791612050444	0.318865670558951	NA
asRNA_191	17.42582183264	-1.01	0.489637729713999	-2.06685622018372	0.0387477040831477	0.158473756025458
asRNA_192	9.44642431678979	0.10	0.775366342623467	0.130133871449664	0.896460512425318	NA
asRNA_193	186.866713547341	0.51	0.553084440586784	0.929298785581155	0.352734264412294	0.59877875131414
asRNA_194	7.18183187826131	0.98	0.844343310474879	1.16325671594834	0.244725361492823	NA
asRNA_195	2.00814692306607	-0.03	1.31498648730149	-0.019291188713214	0.984608813010388	NA
asRNA_196	14.9037727766061	-0.56	0.692673435669783	-0.812759282163749	0.416356084906281	0.653650834467779
asRNA_197	5.97208053067068	-0.89	0.909946176326944	-0.981814225931439	0.326191378424156	NA
asRNA_198	4.12566471594291	0.56	1.29569973532818	0.430683642954351	0.666698413836721	NA
asRNA_199	1.01685996802031	0.59	2.24414261768322	0.260830951285183	0.79422287472237	NA
asRNA_200	8.22607773513326	0.26	0.794492068394575	0.322922564117091	0.746753887334235	NA
asRNA_201	30.0338156036785	-0.44	0.354338291935294	-1.25358043680109	0.209994545587051	0.453445849284581
asRNA_202	2.16996447582632	-1.84	1.41600296541591	-1.29734967491871	0.194510899709659	NA
asRNA_203	15.9938702951587	-1.22	0.619944063692954	-1.96496731644882	0.0494180204801017	0.184629202614808
asRNA_204	2.77139083795353	-0.63	1.52013914287699	-0.413731510887292	0.679070747212979	NA
asRNA_205	0.375339139181471	-1.89	3.71615287954653	-0.508852275787743	0.610855773934117	NA
asRNA_206	33.9866895015872	1.92	0.4556926367692	4.22028884675781	2.43989496017158e-05	0.000581014239113756
asRNA_207	2.66999694138528	0.43	1.46911250034131	0.29530025613631	0.767764520871897	NA
asRNA_208	0	NA	NA	NA	NA	NA
asRNA_209	12.2787089590439	0.63	0.773035682936026	0.815246491486521	0.414931230640928	0.653426931812784
asRNA_210	9.65505516589829	-0.54	1.07632218568887	-0.506123600320024	0.612769883868159	NA
asRNA_211	8.49814886137696	-0.10	0.664923982337122	-0.15062006175703	0.880275434946295	NA
asRNA_212	1.39651913122549	-0.62	2.12225179320913	-0.294273290064699	0.768549080956884	NA
asRNA_213	1.66826728487177	-2.49	1.94994234371436	-1.27916518684763	0.200838892290348	NA
asRNA_214	10.4573034114244	-0.04	0.651585542997592	-0.0585429559390699	0.953316147255473	NA
asRNA_215	7.66993479866319	0.67	0.890358457429582	0.756331862460273	0.449450249234755	NA
asRNA_216	1.26319429393365	-2.79	2.12119531506696	-1.31598827069303	0.188177979511459	NA
asRNA_217	7.97083128913974	-0.99	0.823589810967837	-1.19909999263565	0.230489066975173	NA
asRNA_218	0.233750079369454	0.00	6.15847045561138	0	1	NA
asRNA_219	0	NA	NA	NA	NA	NA
asRNA_220	12.4975923326327	1.60	0.661299856730645	2.41844960225685	0.0155868045620295	0.0841423263221422
asRNA_221	5.23812569199686	2.60	1.264153423433	2.05670862603817	0.039714261923381	NA
asRNA_222	5.43884652212016	0.84	0.971849279030852	0.866964029359408	0.385961718841385	NA
asRNA_223	2.45182167054376	-1.78	1.67255486796998	-1.06166342190027	0.288388510514177	NA
asRNA_224	1.88650226429649	2.83	1.80781144414965	1.5634980516366	0.11793549360542	NA
asRNA_225	3.36034933465554	-0.35	1.1905061191773	-0.296449743878703	0.766886641433747	NA
asRNA_226	1.17342976085315	-1.39	1.9138776585879	-0.724329090585145	0.468863721568053	NA
asRNA_227	0.924692345930455	2.12	2.57461284152703	0.824743265167114	0.409517362994462	NA
asRNA_228	1.73260567770238	-0.48	1.92965540718865	-0.247116185607031	0.804818307815925	NA
asRNA_229	2.99519498944495	-0.05	1.44972874503894	-0.0336700827995773	0.973140235907288	NA
asRNA_230	4.97118534843519	-1.92	0.996943638045929	-1.92208132487971	0.0545955255430289	NA
asRNA_231	9.15483609970901	-0.53	0.965597881898902	-0.550381286781601	0.582057881084985	NA
asRNA_232	5.98061448084207	0.58	0.826687501659755	0.70012361114718	0.483850111652223	NA
asRNA_233	2.88586187550851	-1.10	1.30268591450532	-0.845943757850921	0.397584120197284	NA
asRNA_234	3.04114063840301	0.35	1.50523589975473	0.235663772072159	0.813693583845581	NA
asRNA_235	2.76103415019871	-0.76	1.47528213353913	-0.515738406104366	0.606037126749697	NA
asRNA_236	1.95151457630596	-1.38	1.51494197779099	-0.9120250691603	0.361755520901562	NA
asRNA_237	7.40532965101097	-0.33	0.724734723462908	-0.456269899486372	0.64819590631413	NA
asRNA_238	12.3217185803536	0.32	0.710897191133682	0.452405574893574	0.650976831522324	0.822695027240721
asRNA_239	3.45816636645665	-0.47	1.15924098217554	-0.404942935083542	0.68551945753808	NA
asRNA_240	0.374012193709877	2.37	5.31773976827608	0.44637768478271	0.655324449359492	NA
asRNA_241	0.966450782539522	-0.37	2.23007007054529	-0.165062612745616	0.868894700009814	NA
asRNA_242	6.11566281451797	-0.09	0.906461070224863	-0.101101662409085	0.919469758398126	NA
asRNA_243	1.16106337027644	1.52	2.11111663662053	0.72080752118385	0.471027947293645	NA
asRNA_244	6.1159165012385	1.16	1.06972209370032	1.0861998737027	0.277390573164698	NA
asRNA_245	26.6385421545932	1.23	0.520398345589855	2.35642454941135	0.0184518156731578	0.0962395295157441
asRNA_246	5.07201963864623	-0.32	0.908799161616636	-0.355014580279323	0.722578668311426	NA
asRNA_247	5.55909923081413	0.01	0.995514074153431	0.0122863313198171	0.990197172560863	NA
asRNA_248	3.57345251129783	-0.36	1.48770268521937	-0.243391854109382	0.807701853591796	NA
asRNA_249	10.0173776411349	0.49	0.716991862053166	0.677742911542326	0.497934713398172	NA
asRNA_250	11.224185115487	-0.44	0.644338336321988	-0.680890141699898	0.495941006429145	NA
asRNA_251	2.4821827404481	1.31	1.52465617081083	0.856016981064286	0.391988386750586	NA
asRNA_252	3.21882954764117	3.52	1.82628388177082	1.92852881489299	0.0537893836938847	NA
asRNA_253	0.726604338765648	-0.46	2.61319591570023	-0.17693419535764	0.859560078338658	NA
asRNA_254	2.66392245141926	-0.24	1.17328206081665	-0.204861395812006	0.837680417173618	NA
asRNA_255	0.585714647448352	-1.68	2.88897595291176	-0.582784901986581	0.560038109949146	NA
asRNA_256	0.593698304554761	0.00	2.87270323520005	0	1	NA
asRNA_257	1.80785903691578	-0.39	1.57430862815129	-0.250345225893954	0.802320384467416	NA
asRNA_258	4.072980764057	0.23	1.04003080852748	0.222983967761692	0.823547984259124	NA
asRNA_259	67.7284935011475	-0.32	0.32380764378792	-0.993155539166128	0.320634161584534	0.569718161588139
asRNA_260	3.93141572510276	0.87	1.11493374704411	0.779924827855441	0.435435123549135	NA
asRNA_261	2.36822660682318	-1.05	1.45362090613636	-0.723356736364961	0.469460743893672	NA
asRNA_262	6.91250472744903	-0.31	1.05168444559041	-0.290344242775586	0.77155289499745	NA
asRNA_263	1.17118074479317	-0.49	2.09800247773095	-0.235708837991598	0.81365861138454	NA
asRNA_264	0.92820474831513	-2.27	2.44228813506825	-0.930892981593088	0.351908925357747	NA
asRNA_265	0.925709185851232	1.61	2.25960004149821	0.714105202340243	0.475162129296585	NA
asRNA_266	2.19755224955362	0.77	1.27835714186181	0.598988895125063	0.549180289867402	NA
asRNA_267	1.80996095363686	2.27	1.99088672892449	1.14092437065455	0.253901396802307	NA
asRNA_268	36.4081555180124	0.48	0.366865470072362	1.30398115385507	0.192240008173939	0.4281709272965
asRNA_269	0.880493655340409	-2.65	2.37801986029457	-1.11473366714564	0.264964569226903	NA
asRNA_270	2.62115194026856	-0.47	1.87872203423084	-0.250421631259493	0.802261303097802	NA
asRNA_271	1.46463278227791	-2.80	1.94842426971848	-1.43793246900875	0.150453216003286	NA
asRNA_272	6.73609452148828	0.12	0.793529255480151	0.145347643057848	0.884436400358682	NA
asRNA_273	1.16939878651971	0.59	2.29363071854399	0.257460741756153	0.79682311755598	NA
asRNA_274	2.82649224089179	1.01	1.53429829358417	0.657512873470036	0.510851196137166	NA
asRNA_275	9.30769309743881	0.72	1.04536307249444	0.693310624592356	0.488114636891815	NA
asRNA_276	3.51808727159466	0.88	1.1601986006223	0.762276534725119	0.445894975744011	NA
asRNA_277	26.3891325581221	0.78	0.465425627293497	1.68592418923585	0.0918104021820682	0.27948973089595
asRNA_278	15.5322637618939	0.95	0.573998951457535	1.64935933374266	0.0990740407143929	0.292819010394124
asRNA_279	2.02105053686871	-1.56	1.8215533105836	-0.855353793771809	0.392355315374556	NA
asRNA_280	10.7900410591063	0.53	0.766550769969234	0.695267898458377	0.486887428001833	NA
asRNA_281	8.78669756903697	-0.08	0.77676025831451	-0.10430415432202	0.916927981226126	NA
asRNA_282	1.94752712323815	0.42	1.53684523449439	0.271864129455002	0.785726493286844	NA
asRNA_283	5.34085176936064	-0.35	1.02453318656642	-0.345972423435376	0.729363439344161	NA
asRNA_284	0.538144648110702	1.92	3.06458694663974	0.625025475826365	0.531954337886807	NA
asRNA_285	0.169380537642972	-1.90	7.28506209459384	-0.260434546690808	0.794528597678267	NA
asRNA_286	12.9507315056885	-0.52	0.599053308490702	-0.86742773343958	0.38570769175839	0.629585649327597
asRNA_287	5.3779006737003	0.53	0.867521624041855	0.611454543343666	0.540898703019663	NA
asRNA_288	1.37557277063412	-1.50	1.89195752328031	-0.790903898806275	0.429000073094401	NA
asRNA_289	1.61017165159826	0.31	1.62772909217416	0.191397620969175	0.848214083804749	NA
asRNA_290	9.45525705520662	-0.14	0.761000191959609	-0.18711490854278	0.851570539272917	NA
asRNA_291	2.73187409976765	4.01	1.88498380053374	2.12666394974799	0.0334480148933768	NA
asRNA_292	1.0027626850315	-1.87	2.22759602886573	-0.840253396398786	0.400766325417843	NA
asRNA_293	1.26419715879063	0.24	1.93856650309678	0.124712945165911	0.900750808656958	NA
asRNA_294	2.9241025935768	-1.84	1.41614659813318	-1.297235055644	0.19455032237402	NA
asRNA_295	11.4197006727353	-0.76	0.724764104316013	-1.04519263176523	0.295933948201361	NA
asRNA_296	5.55497367331466	0.03	0.954333092933766	0.0287319725948281	0.977078356444963	NA
asRNA_297	0.596915221170394	0.80	2.92082842540138	0.275205373070067	0.783158459187117	NA
asRNA_298	1.80229253210495	2.18	1.52764431028756	1.42403284482946	0.154436964468094	NA
asRNA_299	7.71544980782561	0.08	0.898907160900343	0.0899609360438766	0.928318257434432	NA
asRNA_300	1.88658199818246	2.11	1.95522983297795	1.07949646631471	0.280366468221831	NA
asRNA_301	62.8598796668438	0.04	0.287079561883283	0.139257431610158	0.889246726702359	0.951010101375515
asRNA_302	0.818133375565067	2.73	2.63513807643265	1.03638119736859	0.300024338762247	NA
asRNA_303	5.97444341238036	0.52	1.06854130681796	0.485471510298149	0.627341917144428	NA
asRNA_304	32.1631505395456	-0.75	0.448887296283458	-1.67866876181315	0.0932166172478393	0.282264269461517
asRNA_305	6.21226802332176	-0.57	0.811764296741959	-0.706483205378089	0.479887693319981	NA
asRNA_306	2.70293156909087	-1.48	1.73351068363127	-0.852691925064386	0.393830170025166	NA
asRNA_307	4.08790422470929	-0.77	1.37064416600873	-0.564630905276274	0.572324839684971	NA
asRNA_308	1.05762868306061	0.54	2.49414403730305	0.215160434305844	0.829642237319655	NA
asRNA_309	29.005158410895	1.02	0.439049289451083	2.31493555322481	0.0206164592909032	0.103406965104766
asRNA_310	9.59979316687909	1.21	0.804891045139163	1.50927676186542	0.131228070679001	NA
asRNA_311	2.8941248389547	2.59	1.91195019629128	1.35513616239299	0.175374179040466	NA
asRNA_312	2.21718663303251	-2.48	1.87410028070607	-1.32489830706198	0.18520488245133	NA
asRNA_313	7.84094007202767	-0.17	0.847011889648167	-0.19823454977218	0.84286155702089	NA
asRNA_314	3.0911633558879	0.19	1.08263822605552	0.176020764911182	0.860277629102749	NA
asRNA_315	6.33426210165168	-0.89	0.915662001479877	-0.969307980233346	0.332391548821633	NA
asRNA_316	0.971215150318547	-1.04	2.1727800818783	-0.478792051553236	0.632086571813109	NA
asRNA_317	9.25675009446337	-0.14	0.744366664368156	-0.194287001069467	0.84595116335171	NA
asRNA_318	7.89475058079082	0.37	0.795099867972889	0.46453006545847	0.64226802411466	NA
asRNA_319	0.350224405412063	1.89	5.45815590806082	0.346650054660278	0.728854236670558	NA
asRNA_320	4.16564949746082	-0.62	1.00008572389156	-0.618030540015247	0.536555207332446	NA
asRNA_321	4.4218624889627	1.20	1.29057267042411	0.93214090767435	0.35126370942055	NA
asRNA_322	6.29913738348248	-0.13	0.796446856207706	-0.167260022361547	0.867165458498996	NA
asRNA_323	0.795258436380233	0.78	2.80356930891725	0.279166909069435	0.780116737212782	NA
asRNA_324	0.53761206798653	1.92	3.02539396334007	0.633439383729358	0.526446753181358	NA
asRNA_325	1.48396077897941	-0.39	2.00664890905051	-0.19365703336432	0.846444437260712	NA
asRNA_326	0.826209291349988	-2.03	2.40660554969686	-0.844967230805066	0.398129135343904	NA
asRNA_327	0.706102138811317	0.00	3.39061970495446	0	1	NA
asRNA_328	1.15955480663234	-0.84	2.32153539876861	-0.360684637512627	0.718335210239733	NA
asRNA_329	1.10913474024855	-1.01	1.98960642042681	-0.507668740050534	0.611685674469579	NA
asRNA_330	0.172389860439292	-0.79	7.3471345095857	-0.10802785895062	0.913973593274971	NA
asRNA_331	4.4510137656643	-1.05	1.05714067899545	-0.997463581271753	0.31853954271525	NA
asRNA_332	1.32824508678051	-1.12	1.93715372226911	-0.579293915219991	0.56239087052351	NA
asRNA_333	44.3509751160087	-0.14	0.355556541774338	-0.400089446065326	0.689090637327924	0.839244644524184
asRNA_334	7.7663438141606	-1.48	0.722822433775706	-2.04437064571045	0.040916944943317	NA
asRNA_335	5.58749966987004	0.26	0.857442787549421	0.308579794966398	0.757641192535582	NA
asRNA_336	6.18107096735273	1.73	1.04115688179846	1.66066906784637	0.0967799290519472	NA
asRNA_337	1.16824431365005	1.94	2.32610518366212	0.836060141932833	0.403121069847583	NA
asRNA_338	6.0706961152411	0.50	1.04845546378961	0.477550748134489	0.632969992843174	NA
asRNA_339	1.9193848231168	-0.63	1.41690296779767	-0.442845900159463	0.657877200636114	NA
asRNA_340	0.820641224715944	-0.98	3.03423336355979	-0.323895788368752	0.746016932656653	NA
asRNA_341	1.20141374797176	-0.38	2.10692122765479	-0.179637745372935	0.857436970156269	NA
asRNA_342	5.59898909756	0.59	1.21231106254371	0.485187493086343	0.627543353025658	NA
asRNA_343	5.69363332794662	-1.26	0.964168371006891	-1.30803683870297	0.19086081462317	NA
asRNA_344	2.57708852752483	-1.63	1.37955332112333	-1.17862540785045	0.238547369731378	NA
asRNA_345	0.857100914308556	-2.27	2.4572846699295	-0.924691423035564	0.355126442150463	NA
asRNA_346	5.62462889205447	1.14	1.00894142991391	1.12707784587766	0.259709569185811	NA
asRNA_347	1.1707644162484	2.63	2.02560990617209	1.2959920605433	0.194978220216665	NA
asRNA_348	10.449809063559	-0.86	0.61594699506762	-1.39979977855983	0.161573284168847	NA
asRNA_349	6.2430050783628	-0.36	0.787856984009882	-0.454739823833188	0.649296426991919	NA
asRNA_350	23.520484619833	1.62	0.472863716588607	3.43494559097529	0.000592672811022693	0.00756177384017765
asRNA_351	10.132319217276	-0.22	0.634526107408496	-0.344680139247548	0.730334850763656	NA
asRNA_352	8.42340884421776	-0.49	0.793828225045659	-0.616718636349935	0.537420326663929	NA
asRNA_353	9.28769122844296	0.09	0.756766492733647	0.115975852089216	0.907671679873211	NA
asRNA_354	3.40888883807853	0.48	1.15289565274157	0.413908167443311	0.678941362181011	NA
asRNA_355	2.13142134814204	-0.63	1.4103044748539	-0.446271702618366	0.655400994190843	NA
asRNA_356	4.27975199046875	0.38	1.20331470072187	0.312294288453726	0.754816880307902	NA
asRNA_357	2.49212909182887	-0.44	1.46850711861424	-0.297199442372444	0.766314247572055	NA
asRNA_358	17.1766587507865	-0.12	0.536182810442979	-0.225940842824632	0.821247431085225	0.911384344253116
asRNA_359	2.20556131496702	-0.22	1.35813808386887	-0.162459086050663	0.870944344813525	NA
asRNA_360	2.78890548886791	-1.11	1.42718646561041	-0.777432944869523	0.436903381727283	NA
asRNA_361	19.8456426966462	0.33	0.490991945432708	0.682036711329493	0.495215737697914	0.718463075618625
asRNA_362	3.3730220855538	0.32	1.04986492882256	0.309203395691959	0.757166811000356	NA
asRNA_363	4.62384029622973	0.72	1.0172027268348	0.711982357088172	0.476475701275627	NA
asRNA_364	16.3362253781658	0.58	0.592272974636377	0.971800834792094	0.331149640499167	0.579114127653999
asRNA_365	2.23693960758797	-0.71	1.48186117542103	-0.47893454734623	0.631985192800515	NA
asRNA_366	6.21094627673361	0.46	0.878967066542489	0.525085902091962	0.599523476024937	NA
asRNA_367	16.8638428660783	0.02	0.590408078484277	0.0373616349533169	0.970196662171296	0.984092089799995
asRNA_368	61.8671424723669	-0.22	0.309914258135892	-0.701625722885868	0.482912605638075	0.70819070437466
asRNA_369	1.85457561973278	-0.22	1.41208146272453	-0.153054028720441	0.878355668408856	NA
asRNA_370	0.694546144050045	0.39	2.74641903490895	0.143136181270488	0.886182630609994	NA
asRNA_371	155.442486638103	0.18	0.244600373826125	0.748735947251962	0.454016372736896	0.686140995097041
asRNA_372	41.3000203368778	-0.67	0.408854035413208	-1.64927304131932	0.0990917100114625	0.292819010394124
asRNA_373	0.828177817973627	1.48	3.09138131472323	0.479067757981292	0.631890425995261	NA
asRNA_374	2.77632198969586	0.36	1.27066718690889	0.280932839106254	0.778761912549365	NA
asRNA_375	3.5229890438971	0.83	1.38781830724633	0.599671367532606	0.548725273937327	NA
asRNA_376	2.75060542075221	2.21	1.43668608293617	1.53926507107184	0.123739597477038	NA
asRNA_377	4.64482194475488	1.18	1.05350487077161	1.11757682286484	0.263747772139044	NA
asRNA_378	2.30126000969151	-2.42	1.67245286955598	-1.44774944690366	0.147687135599842	NA
asRNA_379	1.01966456327745	0.48	2.03898358462756	0.234984529417192	0.81422074080296	NA
asRNA_380	2.37382340798405	-0.97	1.62755545429299	-0.595872457418089	0.5512604341742	NA
asRNA_381	17.292822314826	-0.29	0.581501169892473	-0.490180964544846	0.624005849523622	0.809555450400301
asRNA_382	0.745750288404681	1.32	2.83392402479178	0.465691076626785	0.641436640529584	NA
asRNA_383	7.14202347493679	0.08	0.733893945086984	0.108568620921916	0.913544650471912	NA
asRNA_384	10.2164517318129	-1.55	0.777209343414522	-1.98967469305072	0.0466267822008152	NA
asRNA_385	6.80594103639473	-1.28	0.825080859685005	-1.55168505791707	0.120737599673886	NA
asRNA_386	3.84513418151855	-0.02	1.2980879149717	-0.0150797589401851	0.987968549152967	NA
asRNA_387	6.71048350399954	-2.21	1.06200609801984	-2.08406134040955	0.0371545880078436	NA
asRNA_388	3.11036717601141	-0.68	1.16801367641325	-0.585015989442288	0.55853696553449	NA
asRNA_389	3.32638078152282	-0.12	1.15172003846822	-0.101247191122277	0.919354236059089	NA
asRNA_390	2.58574704419894	-3.36	1.82024808058008	-1.84526021366491	0.0649996951140459	NA
asRNA_391	1.23846390232104	-1.42	1.99301604685485	-0.712706841715573	0.476027181951923	NA
asRNA_392	30.0274264890895	-0.70	0.425765464507792	-1.64560504780044	0.0998450992203251	0.292819010394124
asRNA_393	20.55453404079	0.29	0.444049819759836	0.654172128008221	0.513000916271756	0.730150286990657
asRNA_394	17.2094040492066	0.05	0.504132424344418	0.0917199288006975	0.926920563239243	0.968345057455347
asRNA_395	4.11711134025712	0.11	1.10891777362115	0.101238300417821	0.919361293552083	NA
asRNA_396	1.56118830450479	1.76	1.56609727482271	1.12158113499764	0.262040576434775	NA
asRNA_397	2.05637995812342	-1.38	1.50825363125212	-0.911847773155538	0.36184885778103	NA
asRNA_398	44.5196922227056	0.32	0.370266422479144	0.87468919379562	0.381743041462807	0.626324062876517
asRNA_399	0.621012539133997	0.66	3.20736210531314	0.205985154424323	0.836802507697769	NA
asRNA_400	1.81639524922978	-3.56	1.89528970352834	-1.87639169202393	0.0606015145504453	NA
asRNA_401	2.37175811883515	-0.55	1.32298790506085	-0.417569867959296	0.676261631275231	NA
asRNA_402	0.881760582233307	-1.71	2.58338978686659	-0.660330505936485	0.509041757693485	NA
asRNA_403	8.90759658226782	-0.71	0.896522096563677	-0.793113487390302	0.427711705451886	NA
asRNA_404	9.97224175389727	0.49	0.68313701640758	0.711194117951027	0.476963953068623	NA
asRNA_405	2.17020294877914	3.90	1.87114473413903	2.08431952919596	0.0371311120971155	NA
asRNA_406	7.99155065504148	-0.67	0.805947886388547	-0.831633857114966	0.405615645361302	NA
asRNA_407	2.01020324948904	-1.64	1.78635815948335	-0.916541249371181	0.359383082682512	NA
asRNA_408	26.9041648027884	-0.52	0.399453045095313	-1.30024118542304	0.193518318917084	0.429423821008457
asRNA_409	32.3055281520105	0.37	0.551121425570295	0.674834669026164	0.499780811254476	0.719002716629974
asRNA_410	4.00405475844885	0.05	1.0392500467634	0.0486561284785131	0.961193338839124	NA
asRNA_411	5.04214005882095	1.70	1.14457629084633	1.48580073845675	0.137331834780799	NA
asRNA_412	11.5353767016512	1.07	0.642890188378435	1.66929135600931	0.0950596524699192	NA
asRNA_413	2.27394023606683	1.13	1.44173461114102	0.783657033137229	0.433241380632143	NA
asRNA_414	3.17396386880328	-0.85	1.41090116711172	-0.602864233350892	0.54659901135704	NA
asRNA_415	4.69296590701076	-1.73	1.07423381803059	-1.60620062497761	0.108229836093309	NA
asRNA_416	1.5366223681828	-0.38	1.67251291344421	-0.22581562629854	0.821344822942453	NA
asRNA_417	10.5637614647954	-0.07	0.624760665616154	-0.119423391609201	0.904939930083503	NA
asRNA_418	2.2781866015279	-1.24	1.54800584899381	-0.800172605827508	0.423610799171171	NA
asRNA_419	2.48970883478779	0.86	1.35042309375038	0.639580726241614	0.522445216106777	NA
asRNA_420	9.65771527215053	0.47	0.794326096291671	0.591289952374703	0.554326160632127	NA
asRNA_421	4.31391770814366	-1.26	1.1775885877996	-1.06678800911318	0.286067574442187	NA
asRNA_422	83.3007951698467	0.14	0.263434482734321	0.526703418701907	0.598399561180064	0.788377498390281
asRNA_423	8.56137188506309	0.80	0.85012039806245	0.94408935153075	0.345123990367064	NA
asRNA_424	5.44947053754211	-0.23	0.999442245365903	-0.234832685310536	0.814338597799993	NA
asRNA_425	1.36887882825792	-2.79	2.08037312107534	-1.34279295796946	0.179339024273648	NA
asRNA_426	0.908054836152348	0.45	2.60564109595684	0.173751643265033	0.862060649295156	NA
asRNA_427	0.542444744540558	-1.66	3.28669051250043	-0.506247176797578	0.612683140233629	NA
asRNA_428	3.71242482192253	-0.06	1.11414734462502	-0.0544296238802563	0.956592877387263	NA
asRNA_429	1.63359943145035	0.14	1.43670506131551	0.098591292043178	0.921462784277499	NA
asRNA_430	9.09727941335578	0.79	0.658199066251549	1.20143372256388	0.229583001495509	NA
asRNA_431	0.948317788561291	0.00	2.90260449983957	0	1	NA
asRNA_432	1.10822599609932	-0.09	2.11121180202231	-0.0428273742866878	0.965839142478991	NA
asRNA_433	5.6517490062812	0.03	0.920384834373701	0.0347147975929667	0.972307161266774	NA
asRNA_434	3.01685618282514	-0.32	1.34940599861205	-0.240448717757957	0.809982414429402	NA
asRNA_435	7.43175327492653	-0.74	0.797354719379457	-0.933095798949986	0.35077050800943	NA
asRNA_436	1.17485738589981	-1.13	1.95680549972993	-0.575140239608774	0.565196455380668	NA
asRNA_437	56.2670645112206	-0.82	0.385052717279132	-2.11967779790404	0.0340332265931649	0.145254039127947
asRNA_438	7.7068960724493	-0.29	0.663215771239672	-0.432887473703178	0.665096520613684	NA
asRNA_439	1.67369401978715	-3.89	1.962291574597	-1.98161871288923	0.0475219311805992	NA
asRNA_440	1.20062910455191	-0.94	2.55135821694737	-0.366600357040465	0.713917141854098	NA
asRNA_441	1.61968448757932	0.48	1.6090105566833	0.300294235707028	0.763952729703529	NA
asRNA_442	25.8708581619364	-0.44	0.491155781763836	-0.898417935064453	0.368962778307326	0.613653498124717
asRNA_443	5.44254125292093	-0.87	1.09002439214033	-0.796336295915336	0.425836594459979	NA
asRNA_444	2.70484351102134	0.51	1.32636887727472	0.386291052958753	0.699281125961496	NA
asRNA_445	2.76800473717046	-1.40	1.41790249456376	-0.986770410795034	0.323755203401864	NA
asRNA_446	5.50128260649553	-1.66	1.15289833715765	-1.43722460465883	0.150654183889259	NA
asRNA_447	67.2950972209989	-0.65	0.321289150152925	-2.00829278609677	0.044612188025343	0.17259728977884
asRNA_448	67.1799366907845	-0.77	0.359342630068075	-2.1550576168272	0.0311573257897505	0.136245216669796
asRNA_449	0.773113750640132	-0.01	2.64619537013592	-0.00229500111183525	0.99816885565329	NA
asRNA_450	1.65905789739987	3.01	1.81875938038914	1.65695882738009	0.0975277994997741	NA
asRNA_451	4.04440151201047	-0.20	1.15857043232015	-0.174994399177862	0.861084034488918	NA
asRNA_452	35.1725290539606	0.20	0.475679870792782	0.410117944186155	0.681719430107384	0.835658264367888
asRNA_453	5.07742810626781	-1.30	1.3005682324891	-0.997690817362431	0.318429307319898	NA
asRNA_454	1.98000116096796	-0.31	1.68370285684354	-0.18232816805653	0.855325194254616	NA
asRNA_455	10.2678275910253	-1.39	0.944815484170466	-1.46812536576021	0.142070172561547	NA
asRNA_456	0	NA	NA	NA	NA	NA
asRNA_457	3.97329269176053	0.46	1.38618389782827	0.328677092823072	0.742399770501941	NA
asRNA_458	0.442835612575011	0.53	3.66290057689315	0.144455331993881	0.885140926327878	NA
asRNA_459	1.20694085227696	0.47	2.26219204873504	0.207424217386887	0.835678571110901	NA
asRNA_460	0.870944908269257	-0.51	2.24146919337282	-0.225909649861591	0.821271692326426	NA
asRNA_461	4.33764143397321	0.78	0.904126295809586	0.866650015392445	0.386133800462394	NA
asRNA_462	0.328073037478266	0.00	5.5580899568294	0	1	NA
asRNA_463	2.77341120499114	-0.42	1.41492596327576	-0.298759580480249	0.765123493228649	NA
asRNA_464	5.93796674412575	-0.44	0.853311553116425	-0.517231539784572	0.604994537514714	NA
asRNA_465	2.94876087925664	-3.11	1.89338997457147	-1.64005421144761	0.100993895686321	NA
asRNA_466	1.78827639995343	-1.50	1.93485243964556	-0.77546487281854	0.438065014453948	NA
asRNA_467	12.0277232644684	-2.19	0.85923844629377	-2.54826339658274	0.0108260696443218	NA
asRNA_468	5.30243086725607	-1.39	0.933869665153146	-1.48537908199627	0.137443433645104	NA
asRNA_469	14.3596838162457	-0.67	0.546762743746389	-1.21724349268127	0.223511586803871	0.472228460345161
asRNA_470	1.52755675144718	1.59	2.08246005581758	0.763723476958255	0.445032047180724	NA
asRNA_471	3.72372930560674	1.67	1.26571111065324	1.32263491534663	0.185956817172885	NA
asRNA_472	3.19250903155578	-0.54	1.23596939724065	-0.439406113826174	0.660367297299357	NA
asRNA_473	4.77674136641304	-0.65	0.975829425725079	-0.663398256814847	0.507075522042845	NA
asRNA_474	0.78240229033569	-1.88	2.72118822023332	-0.691766843479	0.489083761890501	NA
asRNA_475	1.33900895860757	1.86	1.68696335928835	1.10047582270369	0.271124858123002	NA
asRNA_476	6.39697627647868	0.35	0.819207087729777	0.428534618297042	0.668261935227758	NA
asRNA_477	3.3090865511477	-1.16	1.35662661890923	-0.854785035791161	0.39267016394477	NA
asRNA_478	6.01066130980386	-0.81	0.928560328224369	-0.873535596233528	0.382371212855754	NA
asRNA_479	2.07720294703887	0.10	1.37064588607848	0.0696807878911157	0.94444773364902	NA
asRNA_480	49.307185377846	0.25	0.344890313660045	0.739076860512251	0.459860326872296	0.692081705236025
asRNA_481	2.69155310648258	-1.68	1.72603602560083	-0.971095048105233	0.33150094948695	NA
asRNA_482	36.2518839730847	-0.95	0.397507374450309	-2.39865861667704	0.0164552479411622	0.08808397427328
asRNA_483	1.23219339342393	-2.50	2.03799616723378	-1.22900625534311	0.219069460702916	NA
asRNA_484	20.7891904214728	-0.26	0.516993539418493	-0.501708422029656	0.615872639357829	0.803504088624552
asRNA_485	4.58101737898095	-0.69	0.922491179231796	-0.746013044823752	0.45565953496463	NA
asRNA_486	2.34861227906418	-0.00	1.18421981402598	-0.00257979525660593	0.997941623477922	NA
asRNA_487	1.91184630297436	2.86	1.99586113424669	1.43116048995702	0.152384224181872	NA
asRNA_488	1.51734938633624	-0.49	2.02389653468063	-0.240781573756183	0.809724411541696	NA
asRNA_489	0.986837082240169	1.07	2.13369694644734	0.50184189486924	0.615778740567808	NA
asRNA_490	2.57626128166738	0.06	1.55816356077039	0.0356579605924072	0.971555091804748	NA
asRNA_491	1.13259540792625	-0.96	1.96767693481896	-0.488883736578755	0.624924010348643	NA
asRNA_492	0.0769312853423235	0.00	7.3561311249555	0	1	NA
asRNA_493	1.82137328479448	-0.84	2.29383201721766	-0.365676445739149	0.714606524185537	NA
asRNA_494	2.27883860272359	-2.27	1.67459372601097	-1.35676086279933	0.174857206754485	NA
asRNA_495	1.5497238444398	-2.50	1.99324344428469	-1.2541006130526	0.209805437579152	NA
asRNA_496	3.8000568342258	1.80	1.3889436397545	1.29624711260213	0.194890362967002	NA
asRNA_497	13.5056981955257	0.28	0.728987668503272	0.386430959790482	0.699177524861606	0.8430458883722
asRNA_498	14.0546219308655	0.42	0.566145089008475	0.740022741941834	0.459286195122808	0.691643750102196
asRNA_499	3.70488756334452	-0.45	1.17162649165015	-0.384823536999081	0.7003681595471	NA
asRNA_500	14.6855214752904	-0.38	0.517308757026458	-0.738193420974433	0.460396920225791	0.692081705236025
asRNA_501	1.28756957142038	1.37	2.32924185929233	0.589634630574759	0.555435629213478	NA
asRNA_502	6.81516741836165	-0.37	1.01307477759449	-0.365806942557336	0.714509139009913	NA
asRNA_503	5.99543986563521	-0.04	1.18099306347808	-0.0297713986803063	0.97624936919852	NA
asRNA_504	4.04078445464729	-0.45	1.24828396538474	-0.357682436963915	0.720580978000162	NA
asRNA_505	17.856153089198	-0.32	0.650917229377405	-0.496701579074065	0.619399508732439	0.805883362702411
asRNA_506	2.46649824806256	3.52	1.97052408658401	1.78638708788806	0.0740366048121046	NA
asRNA_507	1.39034660919296	0.02	1.62081802855254	0.0107073544705641	0.991456930421381	NA
asRNA_508	53.0569816622449	0.69	0.375913654911964	1.84851641042445	0.0645276726163598	0.220397466255341
asRNA_509	9.39641626109607	1.26	0.802174312608431	1.56965676044977	0.116494985779545	NA
asRNA_510	4.97010207895106	0.46	0.963303262328531	0.48042843804182	0.630922777044384	NA
asRNA_511	6.94494189908453	-0.18	0.825236726118864	-0.219696659683757	0.826107406301672	NA
asRNA_512	1.18528231045822	-1.88	2.44900128014969	-0.766665639048493	0.443280338224254	NA
asRNA_513	6.84133231626092	0.17	0.899526898022797	0.187818298906855	0.85101909058987	NA
asRNA_514	5.88929220331289	0.06	0.908899206432738	0.0682345284837837	0.945598941257161	NA
asRNA_515	12.7120355855088	1.32	0.652020068177586	2.02379523672983	0.0429912245318783	0.169307017167273
asRNA_516	3.19939999003407	-0.97	1.42992350654541	-0.675104350413534	0.499609469874317	NA
asRNA_517	2.10586866505733	3.68	2.05996816368662	1.78676162875475	0.0739760235516642	NA
asRNA_518	14.9639245767977	-2.55	0.778280614379193	-3.27763882946049	0.00104679240182411	0.0116472796499906
asRNA_519	258.226426144602	0.40	0.27952673194347	1.41983427472795	0.155655934040435	0.379532363574191
asRNA_520	1.17274418740156	1.29	1.72355786353981	0.747690848036891	0.45464665268683	NA
asRNA_521	1.48090916162857	-0.84	2.29855150531677	-0.364815375875723	0.715249226707402	NA
asRNA_522	6.20567059871683	-0.14	1.09178721290794	-0.130969233603542	0.895799645753396	NA
asRNA_523	5.56373767001953	0.75	0.895534818892196	0.840876929515724	0.400416884107027	NA
asRNA_524	2.27886204274544	1.01	1.60100917935514	0.629423541557419	0.529071809837503	NA
asRNA_525	9.02344856979302	-0.06	0.813089405373239	-0.0689278567633047	0.945047044755185	NA
asRNA_526	24.9597234471446	-0.78	0.452756794393926	-1.73102114650675	0.0834479929219138	0.262500599956835
asRNA_527	14.2099697299811	-0.66	0.637366618838958	-1.04287915561286	0.297004264718405	0.549653507558556
asRNA_528	2.32857697949453	0.30	1.37529548770335	0.22075936043227	0.825279808543445	NA
asRNA_529	8.02978079564909	-0.77	0.898747264165847	-0.853448622880135	0.393410567379446	NA
asRNA_530	83.0223690211053	-0.17	0.365797215465796	-0.457636354757769	0.647213720237112	0.821674419115177
asRNA_531	2.74446115592877	0.47	1.34906929124246	0.344744980062446	0.730286099528316	NA
asRNA_532	1.97127869915744	-0.40	1.51868349341672	-0.261426216441905	0.79376384199326	NA
asRNA_533	9.70515486732767	3.07	0.944314759469671	3.25207158783213	0.00114567162456426	NA
asRNA_534	13.6647924146897	-2.08	1.02634988520149	-2.02877091018841	0.0424816295213398	0.167559120774572
asRNA_535	5.97849983476811	0.16	0.940873793414047	0.167844034182381	0.866705979601307	NA
asRNA_536	1096.55039377478	2.85	0.230481073729767	12.3697355998196	3.81073723904235e-35	9.7097584850799e-33
asRNA_537	3.12741164152576	0.11	1.18495689487967	0.0949854118333669	0.924326414196928	NA
asRNA_538	79.7995692171441	-0.14	0.229050687170014	-0.603127728523864	0.546423721379357	0.752028717375706
asRNA_539	7.14337676880404	-2.84	0.837861038164094	-3.39019384896984	0.000698432172848605	NA
asRNA_540	2.65243957682887	0.68	1.43762321415255	0.4697992849246	0.638498425344481	NA
asRNA_541	1.5665068780837	-1.84	1.91158869777808	-0.963387541828832	0.335353075941165	NA
asRNA_542	0.684242699585843	2.25	3.40520520135828	0.660736866925605	0.508781076502989	NA
asRNA_543	1.39337789681668	1.32	1.73708163512935	0.759470461623359	0.447571177379481	NA
asRNA_544	3.0707535918618	-0.02	1.50553987733925	-0.0149178577561543	0.98809771307849	NA
asRNA_545	2.01956721328389	-1.12	1.49626910580277	-0.750348917555768	0.45304458797818	NA
asRNA_546	0.902908183910234	1.62	2.32692708429736	0.696546194243032	0.486086838482695	NA
asRNA_547	39.1981465239115	0.02	0.358114895987214	0.0580179127776256	0.953734360226518	0.979095547887659
asRNA_548	3.76234638309106	0.39	0.992038020226234	0.389968965986391	0.696559495334867	NA
asRNA_549	0.742475366411375	1.93	2.63488809822384	0.732061392646523	0.464131096888285	NA
asRNA_550	0.848693212070755	0.00	2.85065403958063	0	1	NA
asRNA_551	3.51292905897825	-0.17	1.30626430819403	-0.131194042018067	0.895621809003174	NA
asRNA_552	2.71711291302172	-0.50	1.28815460523014	-0.391164245038637	0.695675835298995	NA
asRNA_553	8.74026152369293	-0.88	0.775090803647533	-1.14041803612923	0.254112182258633	NA
asRNA_554	1.77005911821248	1.09	1.65931484383843	0.655107231790314	0.512398716286656	NA
asRNA_555	28.9488620906381	0.45	0.449751260271948	0.993272925120323	0.320576968176274	0.569718161588139
asRNA_556	0.752262653627788	-1.00	3.32442181669069	-0.302300585615252	0.762422931956522	NA
asRNA_557	8.90595259738207	-0.59	0.66513148478278	-0.891025960287364	0.372915243301869	NA
asRNA_558	9.21476803914176	-0.10	0.607400217948795	-0.169651051513852	0.865284571143931	NA
asRNA_559	19.8262309938331	-0.98	0.568658340920475	-1.72572049659554	0.084397708779173	0.264834189617405
asRNA_560	50.2453532028161	0.03	0.344879037791822	0.0962036438828851	0.923358836840982	0.966635131866584
asRNA_561	7.16104260834724	-1.37	0.938492090176685	-1.46402470805608	0.143187197473307	NA
asRNA_562	28.5551559110339	-0.62	0.412375379105324	-1.49216540786184	0.135655788363945	0.34599694569703
asRNA_563	13.8370204162419	-0.80	0.607610069308925	-1.31202922480661	0.189510274067422	0.423572086248939
asRNA_564	4.41952605935278	-1.64	1.03865146072548	-1.57733542606983	0.114718365073514	NA
asRNA_565	10.3219671621567	0.49	0.609826464957362	0.806033284782622	0.420223657406772	NA
asRNA_566	2.93003223133205	1.66	1.21434241989319	1.3652567266189	0.172172374699314	NA
asRNA_567	1.88597405280687	-0.62	1.49688360093518	-0.411652467938827	0.680594168764372	NA
asRNA_568	3.75973801454668	-0.93	1.11278292911617	-0.838444582426613	0.401781059520718	NA
asRNA_569	12.3838950135987	0.46	0.621239607447059	0.745463141336881	0.455991785322412	0.688309875000893
asRNA_570	17.7871839210197	-0.27	0.643705621198538	-0.423690824182873	0.671791307904497	0.834173612349249
asRNA_571	29.481445665486	-0.13	0.518718825709927	-0.246449066848578	0.80533462737605	0.903563465677752
asRNA_572	1.79826846718794	-1.42	1.85956503718132	-0.764191245744989	0.444753282678601	NA
asRNA_573	11.7197080103131	0.42	0.686303039753544	0.615669873316138	0.538112424705894	NA
asRNA_574	27.5054026407289	0.72	0.423268262462595	1.68926039507604	0.0911695395724565	0.278537154473165
asRNA_575	3.02692923641238	-0.32	1.09172951237573	-0.288786708832836	0.772744603789592	NA
asRNA_576	13.4779322929988	-0.82	0.633036861086258	-1.28772668355583	0.197841121586415	0.436449504590637
asRNA_577	57.5384790568283	0.21	0.368801299103248	0.57319526067696	0.566512492954557	0.768761035735174
asRNA_578	3.42431766845105	0.45	1.14202018614081	0.394961108086024	0.692871590643747	NA
asRNA_579	9.27001910931724	0.97	0.694667592468029	1.39531595301305	0.162920583442203	NA
asRNA_580	22.6944798357989	-0.41	0.486250078473696	-0.848603652550743	0.396101873857999	0.637494893832262
asRNA_581	3.75652303741109	0.95	1.19300755677801	0.793300494248908	0.427602768937591	NA
asRNA_582	1.3788199966764	-2.00	2.18102329613012	-0.915322987150317	0.360022094870627	NA
asRNA_583	69.9182067248306	-0.04	0.31849535713761	-0.127446860959943	0.898586728918165	0.957543852435074
asRNA_584	7.52257928740601	0.08	0.892320034184509	0.0884764796543759	0.929497977532028	NA
asRNA_585	1.9896392815561	-0.16	1.70351764487479	-0.0956074537161379	0.923832345113481	NA
asRNA_586	3.68616836831243	-0.95	1.8390560943279	-0.517194356780749	0.605020490997209	NA
asRNA_587	1.67633724826974	-2.08	1.78939232162969	-1.16291155511861	0.244865388705149	NA
asRNA_588	9.41801344591638	-0.41	0.691612265827732	-0.594944066250104	0.551880860141548	NA
asRNA_589	23.5587974144598	0.07	0.457180011492171	0.160199631372521	0.872723819766401	0.9413183509356
asRNA_590	4.9556201501612	0.03	0.898162968452402	0.0327577375980374	0.973867780621298	NA
asRNA_591	2.38430514933078	0.16	1.38178467994927	0.116893974189799	0.906944073317133	NA
asRNA_592	11.4404654914624	-0.41	0.638300866762429	-0.639415941373167	0.52255238117965	NA
asRNA_593	7.95676361913075	-1.07	1.00802693197704	-1.06466817314648	0.287026117497681	NA
asRNA_594	0.257634474348761	1.06	7.31456292895564	0.144306294271804	0.885258608222867	NA
asRNA_595	44.3714898948528	0.48	0.405378487786639	1.1779077352449	0.238833390973953	0.491383481787489
asRNA_596	14.3257231269752	0.32	0.562523076061074	0.570296731154373	0.568476457616796	0.769241768736208
asRNA_597	5.02773090837334	-0.91	0.946217627294152	-0.962929618014598	0.335582844893165	NA
asRNA_598	1.26784950976765	-2.65	2.41617833836563	-1.09866144845329	0.271915764029439	NA
asRNA_599	1.37579532694535	-2.50	1.98352528008744	-1.25965870137245	0.207792509578141	NA
asRNA_600	2.60073912156349	0.54	1.64168528584072	0.331301866416	0.740416481645657	NA
asRNA_601	14.5646180128362	0.36	0.597983188207407	0.601808774208884	0.547301433904791	0.752301158417787
asRNA_602	12.7562250461546	0.31	0.637191012548306	0.490369990416579	0.623872108199475	0.809555450400301
asRNA_603	0.800775476837502	-1.16	2.18060930108204	-0.529689361953183	0.596327324884547	NA
asRNA_604	0.688221103395597	0.00	3.58152334897809	0	1	NA
asRNA_605	0.724966327410325	1.92	2.84869868235592	0.674453800986455	0.500022847910247	NA
asRNA_606	7.37078065589984	-0.35	0.722851896679122	-0.478310607206772	0.632429147834512	NA
asRNA_607	2.9813951155555	-2.28	1.422175507661	-1.60254248229751	0.109035701159707	NA
asRNA_608	10.6064772475997	-0.40	0.649685679391858	-0.620624676920761	0.534846599350308	NA
asRNA_609	22.9463028573639	0.47	0.500406270228659	0.947867383401646	0.343196971358067	0.592056982989912
asRNA_610	3.26632587341727	-2.31	1.62360028737853	-1.42009821729391	0.155579089217131	NA
asRNA_611	1.60801763192379	1.07	1.50377730442898	0.71217325683342	0.476357495183879	NA
asRNA_612	1.62581017410076	0.34	1.7140785871906	0.200265154086559	0.841273213486057	NA
asRNA_613	4.15812256093209	0.07	1.06493735758022	0.0629336447328978	0.949819343313335	NA
asRNA_614	9.60922330420529	1.77	0.763784328077275	2.31185786991504	0.0207855170815788	NA
asRNA_615	1.7341669563926	0.22	1.54771262194373	0.143396109572817	0.885977355335027	NA
asRNA_616	0.721037635164592	-0.82	2.95341599876642	-0.276486097462427	0.782174736261498	NA
asRNA_617	2.02921910230931	-1.42	1.89360703421769	-0.750291304322753	0.45307927864885	NA
asRNA_618	96.1067364387257	-0.68	0.297255771902201	-2.27571458861732	0.0228630976241608	0.110541124755905
asRNA_619	11.166103208988	-0.76	0.633726153562365	-1.20125478664973	0.229652383141056	NA
asRNA_620	1.63597758014741	-0.01	1.49458276196354	-0.00910832812285258	0.992732706100626	NA
asRNA_621	1.5005651237767	-2.09	1.84153380233982	-1.13277917817892	0.257306997533196	NA
asRNA_622	2.36437289544574	-0.67	1.61957503170796	-0.412610388583215	0.679892088735755	NA
asRNA_623	28.1541423902661	-0.01	0.425626620725166	-0.0251967140690997	0.97989805791854	0.988294666304576
asRNA_624	41.0112139002172	-0.01	0.338108515622455	-0.0173380367408733	0.986166941226874	0.99200685599924
asRNA_625	6.77297752146273	0.80	0.8881955607886	0.901469276935382	0.367338861882022	NA
asRNA_626	27.5315791715487	-0.67	0.398083561758418	-1.67516721123133	0.0939014288581982	0.282492327910934
asRNA_627	36.4527486857776	0.41	0.36822933542055	1.11611422324365	0.264373244662777	0.515510308201779
asRNA_628	1.35519079222583	1.94	2.34859434935892	0.827446715453568	0.40798391172732	NA
asRNA_629	3.65054108349615	-0.17	1.28873149311786	-0.131970509338914	0.895007617833136	NA
asRNA_630	4.02408432515897	-0.72	1.43175776989434	-0.504174900841897	0.614138476399823	NA
asRNA_631	0.296454221853793	0.00	5.76085506348425	0	1	NA
asRNA_632	3.98797887932393	-2.24	1.29099962430622	-1.73883720677867	0.0820634019543939	NA
asRNA_633	20.6163235053274	0.36	0.569527094078963	0.623962849112365	0.532651983525643	0.744290477378967
asRNA_634	42.4282164952057	-1.23	0.443195156469386	-2.76772594361905	0.00564489017968548	0.0414500869678346
asRNA_635	1.20057574249806	2.67	2.57953556066877	1.03433108380516	0.300981410125499	NA
asRNA_636	0.558257942224483	0.00	2.91432821833649	0	1	NA
asRNA_637	6.12415169042884	-1.26	1.35473877623932	-0.931939354373628	0.351367867851066	NA
asRNA_638	8.40203219888905	-0.27	0.88098237405	-0.308236177849268	0.757902625762827	NA
asRNA_639	8.44051771256063	0.46	0.770809131879269	0.591209860520562	0.554379816700551	NA
asRNA_640	11.5465516060596	-0.69	0.595947016665477	-1.15552371324328	0.2478760276392	NA
asRNA_641	1.59474720803447	0.66	1.86362828099032	0.356578675916128	0.721407243580011	NA
asRNA_642	7.14964690693207	-1.85	1.02817627865707	-1.79628097297049	0.0724498423544492	NA
asRNA_643	2.35838632515919	-0.71	1.32781553565317	-0.534551450295444	0.592960062977489	NA
asRNA_644	1.89627642739794	-0.91	2.00487238523151	-0.454801921386327	0.649251747841458	NA
asRNA_645	2.67238902314787	-0.28	1.21685551951177	-0.232282742924165	0.816318415072098	NA
asRNA_646	0.709188863929547	1.92	2.8848994764117	0.665611642441986	0.505659362839654	NA
asRNA_647	2.95442631091334	0.50	1.33177741918455	0.377033967521274	0.706148362073235	NA
asRNA_648	22.0786410039098	0.02	0.488783566579234	0.0475290650093295	0.962091565978065	0.980916976275444
asRNA_649	7.65814908652872	-1.19	0.8758574437054	-1.36184534419364	0.173246697986832	NA
asRNA_650	1.36555389016995	-0.22	1.63750962870146	-0.132794523778865	0.894355885394063	NA
asRNA_651	9.786943325098	0.31	0.779382545433333	0.395495689038237	0.692477102507526	NA
asRNA_652	0.709264176297913	-2.53	2.48034503722558	-1.02162930573222	0.306956381923222	NA
asRNA_653	0.512483234250231	-1.89	3.20164124492772	-0.589604243495283	0.555456006087021	NA
asRNA_654	12.4909189926605	-0.27	0.58259344628597	-0.45507750143513	0.649053483396738	0.822442076114168
asRNA_655	3.7369108929111	-0.90	1.26957229666443	-0.709385923192107	0.478085020841749	NA
asRNA_656	0.942403777588222	-1.04	2.10947407174896	-0.492363206186628	0.622462605066761	NA
asRNA_657	0.715003216420664	1.92	3.03655773272734	0.631019168332187	0.528027991230195	NA
asRNA_658	9.88148351138985	0.61	0.672417058580388	0.913760013614211	0.360842961749779	NA
asRNA_659	8.85800177359576	0.50	0.886931872675212	0.564647703769219	0.572313411427065	NA
asRNA_660	5.36742582378094	0.35	0.94166283007388	0.37505677017745	0.707618246544656	NA
asRNA_661	0.841521935360323	-2.07	2.74805385262966	-0.752322554001465	0.451857107716062	NA
asRNA_662	18.5247835111605	0.24	0.582164527490554	0.411012695977019	0.681063225245426	0.835658264367888
asRNA_663	14.8118282775832	-1.07	0.624907034771563	-1.70946221870679	0.0873653643673205	0.272663772664404
asRNA_664	5.00577857082334	0.65	0.942848858462267	0.691064870179693	0.489524775643646	NA
asRNA_665	1.98425615719923	-0.52	1.56846583638466	-0.333867556683534	0.738479502417201	NA
asRNA_666	12.4323250002226	-0.68	0.563797163256477	-1.19809337117541	0.230880669193922	0.481056934965828
asRNA_667	1.93093661233011	0.47	1.6867563583946	0.278779913336133	0.780413730408183	NA
asRNA_668	1.31347728258362	2.08	2.35575678929487	0.881530458680253	0.378030775704805	NA
asRNA_669	20.052999893092	0.91	0.664837245951043	1.3616920207969	0.173295100467735	0.399602954564574
asRNA_670	35.0554361377634	0.28	0.525596926946846	0.534363885644236	0.593089800031324	0.786262773682131
asRNA_671	10.0461441654079	0.12	0.675222276142762	0.182572893713712	0.855133154508165	NA
asRNA_672	0.106531555055844	0.00	7.3561311249555	0	1	NA
asRNA_673	8.96213509263196	-1.77	1.02338374676057	-1.72717706294265	0.0841358688772449	NA
asRNA_674	7.33648218688284	-0.16	0.794915610082753	-0.207348814804406	0.835737453708392	NA
asRNA_675	6.86692634067224	0.66	0.888915950054963	0.736980620703172	0.461134134472697	NA
asRNA_676	9.6563397754397	-0.52	0.804382627541069	-0.652026038583029	0.514384374939951	NA
asRNA_677	10.6511606885299	0.10	0.674109657008988	0.143242179157785	0.886098919120419	NA
asRNA_678	18.4577537575392	0.88	0.461876873150136	1.9065248728108	0.0565821417924505	0.199478740415271
asRNA_679	2.52167212086897	0.98	1.40427069264831	0.695363564634669	0.486827488157483	NA
asRNA_680	0.324867939320569	-1.06	4.39822524649703	-0.240867312512258	0.809657957181858	NA
asRNA_681	4.5717179414934	-0.82	1.11586061689822	-0.7387845526768	0.460037833301499	NA
asRNA_682	6.78798585074664	-0.52	0.913881188478003	-0.571925261343787	0.567372609269753	NA
asRNA_683	0.912528400785513	-1.04	2.08759650376586	-0.497236367918744	0.619022378133321	NA
asRNA_684	4.59601049393017	-0.54	1.01811892051155	-0.527574455980353	0.597794726194057	NA
asRNA_685	12.8161180498893	0.52	0.643503878282848	0.802262633407679	0.422401052460904	0.65988833946682
asRNA_686	11.8296737323045	-0.65	0.629166636176435	-1.03230706265229	0.301928293550876	NA
asRNA_687	1.19968396151468	-1.04	2.06834091028921	-0.501607457484153	0.615943672582691	NA
asRNA_688	1.03798513290576	-0.50	2.10566192548162	-0.235182967112034	0.814066725551583	NA
asRNA_689	0.696275543336023	0.40	2.6990692424704	0.147946920285976	0.882384658588316	NA
asRNA_690	12.7974403990955	0.49	0.707398042512124	0.690490914172174	0.489885521728012	0.714089421832366
asRNA_691	27.4215055673539	0.12	0.400106634379709	0.299828741402895	0.764307790861746	0.881085995804
asRNA_692	9.25806667974118	-0.46	0.76565047232185	-0.606410381607504	0.544242276338462	NA
asRNA_693	11.7091670784384	0.55	0.648900281052916	0.843517484284868	0.39893909144461	NA
asRNA_694	1.12910267394443	1.03	1.91851163622954	0.536841785046605	0.59137690583486	NA
asRNA_695	3.55140963938076	-1.07	1.71118384386408	-0.626766048954826	0.530812601487291	NA
asRNA_696	4.67703267374405	-1.51	1.19017807148971	-1.26540928389074	0.205724648904762	NA
asRNA_697	4.89412547680448	-2.14	1.30900870961691	-1.63822869183121	0.101373996485726	NA
asRNA_698	3.20050641177671	-2.25	1.63293471042425	-1.37617045929592	0.168768865533687	NA
asRNA_699	0.335562987060155	0.00	4.89101163403783	0	1	NA
asRNA_700	7.5024830553492	-0.26	0.831749252053325	-0.311864073443388	0.755143826968633	NA
asRNA_701	1.56596497122794	2.82	2.15172206058548	1.30831281372738	0.190767230725803	NA
asRNA_702	0.770576751676428	0.00	3.09072888039883	0	1	NA
asRNA_703	2.78892831196304	0.33	1.3071382644669	0.256124932053477	0.797854370923585	NA
asRNA_704	22.8931214765901	0.97	0.625500994786653	1.54612820255749	0.122073608843155	0.329495291665635
asRNA_705	9.74858978807447	-0.01	0.700493917162867	-0.00996204018278125	0.992051573414228	NA
asRNA_706	3.17557546081159	-0.37	1.81624207232724	-0.203430026732016	0.838798932511417	NA
asRNA_707	3.78849852895532	1.17	0.996856402879868	1.17671321880096	0.239309989953572	NA
asRNA_708	1.86662900211098	1.01	1.26538426168938	0.800893620337754	0.42319323373337	NA
asRNA_709	9.31947061642215	-0.74	0.637078381642694	-1.16725348050301	0.243108019048035	NA
asRNA_710	0.872000982529065	1.28	2.2976296406168	0.55663567168468	0.57777637643832	NA
asRNA_711	3.83598369106172	1.07	1.17027015341671	0.913757566837242	0.360844247706176	NA
asRNA_712	1.62111189436786	0.91	1.47261833589457	0.620075454737749	0.535208111121126	NA
asRNA_713	1.82059419063535	-0.61	1.67039820241234	-0.366495106644206	0.713995663337762	NA
asRNA_714	64.1338222426768	0.42	0.417011841433712	1.01105079314664	0.311992119886348	0.563798525865542
asRNA_715	5.54060825373787	-0.54	0.997239486237898	-0.540401760826474	0.58891999376134	NA
asRNA_716	2.55264563225274	-0.40	1.53645233909978	-0.261154327865379	0.793973497277544	NA
asRNA_717	8.0514368706178	-0.49	0.762998701147176	-0.636717771784903	0.524308695406047	NA
asRNA_718	0.150819966212362	1.89	7.3413802358435	0.257123426152631	0.797083493893317	NA
asRNA_719	1.45336752178262	-2.18	1.8088402887241	-1.20320095626069	0.22889856495385	NA
asRNA_720	7.90053564848345	-0.72	0.790627053915718	-0.90769787413732	0.364037867436362	NA
asRNA_721	5.02740528743275	0.47	1.05273836345527	0.446560834621132	0.655192179284723	NA
asRNA_722	4.02064420733428	0.11	1.20776094724368	0.088330771835685	0.929613782147389	NA
asRNA_723	3.90624152870909	0.44	1.12990416957094	0.391885502398692	0.695142815383707	NA
asRNA_724	6.26356368261123	-1.45	0.884403658733514	-1.64081060853391	0.100836735445579	NA
asRNA_725	2.3074278166301	-2.02	1.72932836606843	-1.17009871923463	0.24196124384242	NA
asRNA_726	1.24260405237261	-0.49	2.10236184014901	-0.233046343466869	0.815725419440644	NA
asRNA_727	1.31655012214714	-1.00	2.10475245342355	-0.473609085960671	0.635778695035899	NA
asRNA_728	1.65549909435169	-2.31	2.11498711880262	-1.09267577247441	0.274536180786801	NA
asRNA_729	1.13219278037629	-1.50	1.69798159638821	-0.885611076556545	0.375827140722142	NA
asRNA_730	1.03662574872191	-0.57	1.88435481232935	-0.301864138270202	0.762755634724108	NA
asRNA_731	37.6045792565718	-0.53	0.393439404218028	-1.34407666262005	0.178923597819592	0.409041192539717
asRNA_732	5.81190499611802	-0.32	0.96667392391303	-0.331032906260531	0.74061962988863	NA
asRNA_733	0.658476920424263	0.00	3.06873268333786	0	1	NA
asRNA_734	1.68400591959825	4.68	2.00853404364626	2.3301652422538	0.0197974192553759	NA
asRNA_735	49.5111778622875	-0.53	0.33297451646629	-1.58442738238365	0.11309649473979	0.313160990173014
asRNA_736	2.0140715204236	-0.97	1.63817817535494	-0.591575293167855	0.55413502245578	NA
asRNA_737	2.72728556958413	-0.80	1.34716513987854	-0.594676478568138	0.552059747497433	NA
asRNA_738	4.70731107017157	-0.44	1.17423739124585	-0.375675935219506	0.707157830489551	NA
asRNA_739	8.67657429572696	-1.06	0.835767098513733	-1.26769100999933	0.204908316491066	NA
asRNA_740	8.84416592024414	-1.34	0.96581808605769	-1.38323652835495	0.166592352687909	NA
asRNA_741	19.6482728284453	-0.30	0.483051481244938	-0.610916055635839	0.541255155014616	0.750045292909648
asRNA_742	4.62464188956813	-0.73	1.04813070925014	-0.700923622156515	0.483350681649153	NA
asRNA_743	8.14265550975504	-0.41	0.738208497428358	-0.552785827043502	0.580410074607956	NA
asRNA_744	3.0964734164624	0.35	1.26144512380453	0.278934334506168	0.780295218702423	NA
asRNA_745	0.390572360356922	1.90	4.19690655287394	0.452511705477853	0.650900390499538	NA
asRNA_746	53.4797148237055	0.29	0.299152296130899	0.978800616191521	0.327678505203157	0.575810228453548
asRNA_747	2.86690088416925	-1.37	1.44905559401709	-0.943824038597253	0.345259574389018	NA
asRNA_748	31.5728824084009	-1.26	0.405495895579048	-3.09774640850204	0.00194998211763406	0.0186088181113543
asRNA_749	6.31944353890781	1.03	0.793912919807622	1.30034414319406	0.193483044885104	NA
asRNA_750	48.6263197520386	0.44	0.383156022644255	1.14601442585405	0.25178918314936	0.504370156182838
asRNA_751	5.54578424583128	0.11	0.951095648170862	0.116952649311291	0.906897576264371	NA
asRNA_752	7.59196897215568	0.67	0.934482781707695	0.713436095784958	0.475575943749245	NA
asRNA_753	1.40021498989608	2.11	1.9434303731565	1.08582426668195	0.277556748086501	NA
asRNA_754	1.78670872827068	0.46	1.50012255989605	0.309542172651243	0.756909137099094	NA
asRNA_755	5.52431465542812	-0.24	0.946742208178114	-0.253528557050604	0.799859796493113	NA
asRNA_756	19.7526719392011	0.24	0.449141284236482	0.536622342554852	0.591528507763252	0.785007623844149
asRNA_757	2.63949940670883	1.29	1.54286435009976	0.839008652231428	0.401464454348093	NA
asRNA_758	1.072267225072	-0.37	2.20438300819621	-0.167896237858055	0.866664909870906	NA
asRNA_759	9.53081873679506	0.20	0.629940522354266	0.311365946765611	0.755522438652298	NA
asRNA_760	1.95986137872371	-1.78	1.81382082823881	-0.984007046526086	0.325112048250593	NA
asRNA_761	11.3675931526981	0.71	0.65993371206147	1.08306164117207	0.278781063623365	NA
asRNA_762	1.17658220151183	4.22	2.37904151743872	1.77194149168299	0.0764042699535982	NA
asRNA_763	1.11747612405622	0.54	2.31023842542073	0.233359848101511	0.81548198907107	NA
asRNA_764	0.994003048249554	0.72	2.5191426244135	0.287049258401693	0.774074603758117	NA
asRNA_765	63.3322180764412	0.08	0.348081166559508	0.236577429402092	0.812984631908803	0.908318091771193
asRNA_766	6.22328538446256	-0.38	0.895045969503961	-0.424044120587955	0.671533636742757	NA
asRNA_767	6.15456422882027	0.50	0.87658043641884	0.572624531493409	0.566898946078175	NA
asRNA_768	2.58283813058388	-0.19	1.58525823443038	-0.119089811882459	0.905204202240997	NA
asRNA_769	1.7823415961881	-0.76	1.37052103865587	-0.552667453785217	0.580491143402964	NA
asRNA_770	4.12075346026699	-2.87	1.77996141588589	-1.61199291667891	0.10696348111679	NA
asRNA_771	0.650797094048776	-0.82	2.85338902169839	-0.286951120288637	0.774149747278952	NA
asRNA_772	0.0661804039258738	0.00	7.35613112495549	0	1	NA
asRNA_773	5.70729076153684	-0.55	0.880783242730569	-0.620914217980122	0.534656065778833	NA
asRNA_774	4.69396033653462	-0.43	0.858989233379637	-0.4994512932303	0.617461491693533	NA
asRNA_775	15.9202716749448	-0.06	0.543835885622145	-0.10734355999914	0.914516428275736	0.963951678896139
asRNA_776	12.134886630733	0.98	0.633367024552875	1.54432888780172	0.122508677733128	0.33031969403599
asRNA_777	0	NA	NA	NA	NA	NA
asRNA_778	9.4784469709752	-1.50	1.04671822558668	-1.4310758457299	0.152408479016213	NA
asRNA_779	4.88352840389426	-1.33	1.15986925457112	-1.14702884660166	0.251369698989246	NA
asRNA_780	6.47985204520578	-1.59	0.940041179162515	-1.69501589387642	0.0900724057315573	NA
asRNA_781	25.9504331348705	-0.43	0.419556184994116	-1.02776590513933	0.30405995789971	0.556569520638262
asRNA_782	10.7210401623667	-0.08	0.673050953124146	-0.123974466483893	0.901335491868223	NA
asRNA_783	0.769144995585758	-2.53	2.4529514364217	-1.03256576505169	0.301807156260068	NA
asRNA_784	10.4444017462119	2.03	0.786102243555798	2.58186327490188	0.00982685077419036	NA
asRNA_785	6.39611766501205	0.66	0.949920218569208	0.689917784048041	0.490245891411124	NA
asRNA_786	25.4793348544289	-0.35	0.372614579689649	-0.941012426114381	0.346698491327092	0.593674567138058
asRNA_787	4.46436367111684	0.74	1.00404974207702	0.733244544909442	0.463409291181249	NA
asRNA_788	1.35795954548019	1.60	2.13598714147218	0.748203368030866	0.454337499802074	NA
asRNA_789	0.508596355525654	1.91	3.57645907977443	0.532921902793279	0.59408764272403	NA
asRNA_790	28.570896311806	0.66	0.493430034545071	1.34348024663206	0.179116518048505	0.409041192539717
asRNA_791	13.6026029256523	1.28	0.671792937790334	1.90709587662059	0.0565081731196995	0.199478740415271
asRNA_792	34.6135075559056	0.15	0.35872885732119	0.409805033610924	0.681948973452748	0.835658264367888
asRNA_793	6.20277375770091	0.29	0.83142270718147	0.350086177076925	0.7262740243917	NA
asRNA_794	0.867612747989335	-0.36	2.3761974973692	-0.150663089208813	0.88024149133927	NA
asRNA_795	5.01608732978661	-0.06	0.926707965854013	-0.0597130675364679	0.952384163918954	NA
asRNA_796	7.17916494567811	-0.81	0.843328913017904	-0.961861473720084	0.336119193410196	NA
asRNA_797	0.496029932238066	-2.22	3.73733176369954	-0.593652751739939	0.552744390696187	NA
asRNA_798	1.81289728401368	0.54	2.35304346311056	0.228844528069976	0.818989756583427	NA
asRNA_799	3.9477581950116	-1.03	1.69865318222721	-0.606443943187022	0.544219995798686	NA
asRNA_800	7.19639852260504	-1.43	0.870220939830765	-1.63832854510368	0.101353176110917	NA
asRNA_801	24.6698634145101	-1.01	0.486137496080898	-2.08421172545406	0.037140912656026	0.15387812267895
asRNA_802	2.90920111533018	-3.51	1.81614539404885	-1.93426426148657	0.0530806449354145	NA
asRNA_803	5.79314760125339	2.48	1.64234480136735	1.51145133165714	0.130673499452686	NA
asRNA_804	2.99365817795293	1.49	1.44382499036862	1.02880576464381	0.303570957326353	NA
asRNA_805	0.754323052140706	-0.53	2.59480665752906	-0.203207721208869	0.838972678088634	NA
asRNA_806	4.70231840010171	-0.24	0.967681520421235	-0.245006683085745	0.806451256691133	NA
asRNA_807	1.29555443373658	-1.03	1.97531021956607	-0.523884946397134	0.600358565650283	NA
asRNA_808	6.79402704313265	0.69	0.856110045961562	0.809742302428723	0.418088299733991	NA
asRNA_809	17.22765920605	-0.19	0.597146644086821	-0.324913532504339	0.745246514643235	0.868366168267026
asRNA_810	7.50521215679803	-0.08	0.81584023900091	-0.0986737325884839	0.921397325418958	NA
asRNA_811	0.904263641529795	-1.73	2.31653299777529	-0.748410912253224	0.454212342508438	NA
asRNA_812	0.591627978299795	0.69	3.80677430147983	0.180361352992391	0.856868892578038	NA
asRNA_813	0.419411027872645	0.00	4.54161088073369	0	1	NA
asRNA_814	63.2196980562624	0.44	0.319356706643789	1.36622182679123	0.171869348673245	0.399200638486261
asRNA_815	0.81138445513398	1.93	2.65400673292886	0.726498358954467	0.467533313155601	NA
asRNA_816	3.03649036612925	0.61	1.29794134363655	0.469326263907758	0.63883644493743	NA
asRNA_817	65.5195835612761	-0.39	0.284644750735465	-1.36802749564503	0.171303469713094	0.398613005323253
asRNA_818	0.966858357384349	2.09	2.41540240614933	0.865293841378007	0.386877530210694	NA
asRNA_819	5.23712994582069	-0.23	0.872575858425111	-0.25910218208131	0.795556401220844	NA
asRNA_820	16.2693721172735	0.09	0.553474404865775	0.167378509784803	0.867072233342899	0.937733467978653
asRNA_821	11.8969674069273	1.05	0.658536380751451	1.59719722818979	0.11022175039293	NA
asRNA_822	2.33643298210208	2.11	1.89708862768538	1.11140674100702	0.266393312051751	NA
asRNA_823	5.45361830347775	2.78	1.24689248725405	2.23296432620686	0.0255512969676212	NA
asRNA_824	45.2576593204646	-0.54	0.515355591162048	-1.03977313475675	0.298445313329067	0.550915131986772
asRNA_825	1.47880243677792	-1.13	1.99861693731292	-0.566366633633595	0.571144572004466	NA
asRNA_826	31.2798078764933	0.22	0.701719929804631	0.318947482748202	0.749766337120468	0.8711375408039
asRNA_827	8.22670033701998	-0.01	0.812764952330638	-0.00935291658366568	0.992537561058264	NA
asRNA_828	19.930894632919	-0.91	0.561919059948337	-1.6260535601342	0.103938261984648	0.298237265244239
asRNA_829	9.6736501181451	0.60	0.741945315520757	0.802953757778655	0.422001462678467	NA
asRNA_830	4.24969802379488	0.35	1.03545267961383	0.334452231931775	0.738038330877337	NA
asRNA_831	1.87622419451107	-0.14	1.65426323801742	-0.0838001236513179	0.933215349707587	NA
asRNA_832	8.57708126390894	-0.21	0.790257667726545	-0.268895668292605	0.788009970451823	NA
asRNA_833	7.46881736035493	0.62	0.776410101182753	0.80251721352593	0.422253835202401	NA
asRNA_834	14.4308089627447	-0.39	0.608086184261438	-0.638153002896646	0.523374086809255	0.736365087349521
asRNA_835	6.65461824111224	1.08	0.856227574088622	1.26354060743054	0.206394962713747	NA
asRNA_836	4.21538312769051	-1.22	1.32814440908882	-0.915202387153468	0.360085391685643	NA
asRNA_837	24.1890004664158	-0.41	0.453207970729453	-0.915638183561736	0.359856697271252	0.605224333100428
asRNA_838	15.078875492246	-0.54	0.551664611585304	-0.986735952655001	0.323772100011381	0.57289674363125
asRNA_839	7.8848102837343	1.21	0.704083924275627	1.72416346789711	0.0846783370823984	NA
asRNA_840	8.14074128085815	1.15	0.781366667853839	1.46561937981613	0.14275200858644	NA
asRNA_841	5.3068886470082	-0.16	0.898260012466713	-0.174935197760233	0.861130552882483	NA
asRNA_842	5.86008792126156	1.53	0.892540666930936	1.71088425732147	0.087102481299909	NA
asRNA_843	4.74549004883998	-1.13	1.05018450001736	-1.07560972875169	0.282101834569963	NA
asRNA_844	11.6863200493321	0.62	0.724122602150858	0.862194744534297	0.38858036123132	NA
asRNA_845	2.09464006780534	-2.74	1.90300520080608	-1.43955022963679	0.149994689280775	NA
asRNA_846	0.421673473499657	-0.81	3.80577218400769	-0.211539477678356	0.832466330392007	NA
asRNA_847	5.09025015073257	-1.02	0.935985396791728	-1.09115887590132	0.275202979847893	NA
asRNA_848	6.98011552360685	0.28	0.964537050926428	0.287368224291012	0.773830388905844	NA
asRNA_849	7.55650264703969	0.96	0.727623999537701	1.31335469113812	0.189063457459713	NA
asRNA_850	0.655560768652326	0.36	3.05896778824848	0.116782890808063	0.907032102126786	NA
asRNA_851	0.33651557046669	-1.07	4.8715347549031	-0.220538636816464	0.825451685175981	NA
asRNA_852	2.11849666297201	0.61	2.10609342622978	0.29036032983977	0.771540589182579	NA
asRNA_853	4.54172844095458	0.57	0.96656259072494	0.586547892494994	0.557507387410749	NA
asRNA_854	3.83672811919272	0.56	1.11318311654417	0.503766271146632	0.614425632170006	NA
asRNA_855	172.311597326178	0.02	0.229525229444478	0.0719756426849315	0.942621291886824	0.974777716066723
asRNA_856	16.0859370162174	-0.39	0.625170078922563	-0.623457976610205	0.532983609326612	0.744290477378967
asRNA_857	4.03872849935996	-1.39	0.973468864466533	-1.4294104723602	0.152886290201468	NA
asRNA_858	1.65025205612689	-0.83	2.39126986888142	-0.348753721700747	0.727274209228376	NA
asRNA_859	3.52804924472717	-0.00	1.14706107814813	-0.00228962814558755	0.998173142648841	NA
asRNA_860	2.8147822388792	1.29	1.29736726256569	0.994242753438397	0.320104698396577	NA
asRNA_861	22.5349533338819	0.67	0.482696944429824	1.37931189145761	0.167798611700579	0.394630792636981
asRNA_862	1.31129748440492	-1.88	2.10505696222233	-0.893001607998987	0.371856311550317	NA
asRNA_863	4.17677126984471	0.59	1.04898775956886	0.562860709585604	0.573529736570084	NA
asRNA_864	1.90745931488569	-0.49	2.01086408544227	-0.243234984412661	0.807823366857546	NA
asRNA_865	3.3850659985537	-1.15	1.04193687006855	-1.10802614952467	0.267850522785444	NA
asRNA_866	0.771195721859241	0.79	2.54253677919061	0.309219126852826	0.757154845274802	NA
asRNA_867	0.750744941275178	2.22	3.16782564268873	0.701061820789322	0.483264435512059	NA
asRNA_868	3.33744701046811	-0.46	1.0461023792243	-0.43768711846959	0.661613108651104	NA
asRNA_869	1.0396264432384	2.21	2.04416461672319	1.07887323297724	0.280644242731234	NA
asRNA_870	35.1625894678266	-0.41	0.375480559649681	-1.09002874078995	0.275700483900334	0.529288387214672
asRNA_871	11.3235893203684	-0.33	0.676583736809069	-0.488202642505308	0.62540631301013	NA
asRNA_872	81.6562749835353	0.17	0.350247426091713	0.482454960461499	0.629482786292466	0.812407280051703
asRNA_873	4.69523987970522	1.24	1.06979835723047	1.15853283280336	0.24664666101894	NA
asRNA_874	2.9256164073921	-1.78	1.7009981420393	-1.04505909127671	0.295995659641594	NA
asRNA_875	6.87208495258376	0.48	0.926435946243522	0.518024395944576	0.604441248171298	NA
asRNA_876	0.552289323826364	0.00	3.54283459095079	0	1	NA
asRNA_877	9.56706060905776	2.13	0.841568168554118	2.52844747771201	0.0114568226903563	NA
asRNA_878	2.31572446840092	1.35	1.80068832910678	0.751583670549349	0.452301466404968	NA
asRNA_879	3.62900564023721	2.02	1.41048349267486	1.43428340372018	0.151491404416435	NA
asRNA_880	3.46428179173283	-0.67	1.13158387193434	-0.594386261643271	0.552253795105276	NA
asRNA_881	2.85976618289819	-0.13	1.59733380611509	-0.0796037688145207	0.936552397651275	NA
asRNA_882	4.96149798406016	0.35	1.02055329115768	0.346463580475212	0.728994349867264	NA
asRNA_883	0.831374209414227	-2.67	2.38599400580785	-1.1209811232757	0.262295897582986	NA
asRNA_884	9.51069130392455	-0.48	0.805846726954806	-0.591935850406671	0.553893545985746	NA
asRNA_885	6.3307030029894	1.49	0.914349801160145	1.63096740059608	0.102897198341161	NA
asRNA_886	4.74589169424404	-0.11	1.1769600062172	-0.0942470145938062	0.92491293870588	NA
asRNA_887	15.0319165898949	-1.07	0.653668607392351	-1.63227518949072	0.102621527413293	0.296089329688118
asRNA_888	2.19340983783125	0.94	1.65219924036683	0.567388921041634	0.570449975322788	NA
asRNA_889	3.70191820350119	0.54	1.14011184888411	0.475608549065332	0.634353283669378	NA
asRNA_890	11.4212828789439	0.29	0.637157200414931	0.454394909196713	0.649544615818506	NA
asRNA_891	4.3587629160957	0.75	1.06975605144638	0.700587217869745	0.483560657648783	NA
asRNA_892	0.90968353401427	2.75	2.47628155902843	1.11188195860406	0.266188906735404	NA
asRNA_893	17.2726675115521	0.51	0.598726579094762	0.856387919250528	0.391783244680726	0.633251464652239
asRNA_894	28.7447640501892	-0.92	0.380737821399282	-2.42681963342308	0.0152318263184574	0.0824006230561136
asRNA_895	1.6881102143995	1.52	2.01970371831541	0.75386741970007	0.450928835678468	NA
asRNA_896	2.84706870868665	-0.58	1.19227017594167	-0.48864883742956	0.625090331185246	NA
asRNA_897	11.511709734269	0.76	0.800033850611497	0.948436579237012	0.342907244935955	NA
asRNA_898	29.4869493036606	-0.86	0.436029809475139	-1.97771237528677	0.0479611633836508	0.181582532394565
asRNA_899	34.5578412993711	-0.08	0.408853746424252	-0.195931932579332	0.844663443065645	0.924308060572808
asRNA_900	37.5107498839608	0.64	0.425913629860488	1.51302412054796	0.130273532071832	0.339847979383499
asRNA_901	8.76367671709428	-1.90	0.91888135075398	-2.06556329351376	0.0388697333806631	NA
asRNA_902	1.52575959537549	-0.84	2.29083422619883	-0.366225806016804	0.714196587389041	NA
asRNA_903	3.88914513407798	-1.51	1.15704607081208	-1.30189116188377	0.192953594173808	NA
asRNA_904	14.9701440651827	1.98	0.809238434654633	2.44134042014832	0.0146328538744217	0.0802184629360474
asRNA_905	4.85149936538668	-0.47	0.999914430117369	-0.465817491978278	0.641346143407847	NA
asRNA_906	0.679385675242107	-0.82	2.75306247256586	-0.298320380306186	0.765458650827858	NA
asRNA_907	2.64455820146672	1.07	1.3530049302468	0.79201768277157	0.428350365757207	NA
asRNA_908	16.5942933039889	-0.07	0.589982890201758	-0.126946383830368	0.898982834600118	0.957543852435074
asRNA_909	3.28592543861487	-0.64	1.17447930180287	-0.545193982861711	0.585620109479138	NA
asRNA_910	2.33591106363826	-1.78	1.80336599228237	-0.989366754409375	0.32248373426597	NA
asRNA_911	1.78513063601686	4.43	1.81857845111118	2.43785194768557	0.0147748238530955	NA
asRNA_912	5.90636803513128	1.12	0.978064155302667	1.14404316194846	0.25260573745522	NA
asRNA_913	6.89214800173239	-0.54	1.05900454358528	-0.509183455674827	0.610623638552386	NA
asRNA_914	1.82035432610682	0.49	2.13657612282023	0.231514331894065	0.816915252608885	NA
asRNA_915	12.2489563321062	-0.19	0.691760213763343	-0.271194016547694	0.786241814709601	0.895022340863596
asRNA_916	16.2434004688386	-0.21	0.566184510716994	-0.376685224452029	0.706407544593581	0.848621604726282
asRNA_917	164.889800502142	-0.23	0.212210847184045	-1.08543128929698	0.277730680514323	0.531673759542071
asRNA_918	0.591846803569848	-1.20	2.84021248845583	-0.42266326334436	0.672540962349907	NA
asRNA_919	3.51210940410327	-0.29	1.20153894722589	-0.240905328187042	0.809628492447385	NA
asRNA_920	18.3300639294168	-0.06	0.508579196973745	-0.113871742894725	0.909339465738812	0.962106214528467
asRNA_921	6.52584502821648	0.87	0.923568059287097	0.946771197478953	0.343755381555865	NA
asRNA_922	1.73882389617322	0.77	1.63307768225823	0.472044979055545	0.636894683871897	NA
asRNA_923	0.476876964486998	-1.89	3.31598167231738	-0.569538916940302	0.568990468132363	NA
asRNA_924	85.8934847687194	-0.06	0.342283928028344	-0.172294384331329	0.863206098992091	0.936129624946214
asRNA_925	4.89761390333074	-0.30	0.999005073522125	-0.297092581856059	0.766395827656543	NA
asRNA_926	6.48058774889227	-0.40	0.70229118065159	-0.562468088830066	0.57379713964856	NA
asRNA_927	3.76207099277391	-1.84	1.17681935942489	-1.5602682325036	0.118696507196318	NA
asRNA_928	6.82246629774316	-0.55	0.781428473625487	-0.709570973560041	0.47797022481657	NA
asRNA_929	3.53650010487651	-0.46	1.28686964536369	-0.358621831821344	0.719878012342933	NA
asRNA_930	2.63365888699988	1.65	1.35398048417731	1.2198919781255	0.222505827208487	NA
asRNA_931	9.04921053257819	0.45	0.755957991436741	0.589467391976808	0.55554778007829	NA
asRNA_932	193.589485914473	0.51	0.259706993408959	1.96889754433046	0.0489648576137514	0.184090692413354
asRNA_933	4.47936286476812	-1.63	1.12297716555969	-1.44812659262241	0.147581649621858	NA
asRNA_934	1.86585550390015	-1.35	1.86650222731314	-0.723221537237585	0.46954378898826	NA
asRNA_935	0.726723070538345	-0.20	2.3911011607885	-0.0847750064342637	0.932440263970001	NA
asRNA_936	2.24238808998777	-0.23	1.62745520452673	-0.141948045325456	0.887121043832689	NA
asRNA_937	0.506883928022707	-0.80	3.9296272125726	-0.204614148260088	0.837873600561972	NA
asRNA_938	40.9116720971137	0.77	0.357367553879796	2.15202742832235	0.0313951941589838	0.136525032451418
asRNA_939	18.3813674976527	0.13	0.52986821637317	0.243336398350471	0.807744809799205	0.90507202083042
asRNA_940	5.58119963373999	-1.32	0.737638757153605	-1.78572872652821	0.0741431917768859	NA
asRNA_941	9.76222701044568	-1.18	0.674629106205724	-1.74453805368633	0.081065311883726	NA
asRNA_942	3.34358579076147	0.27	1.32766994997212	0.200313887503808	0.841235102001	NA
asRNA_943	7.2807370196804	-0.13	0.914203139277561	-0.143486803976574	0.885905732311788	NA
asRNA_944	22.3839671035763	-0.10	0.415204144844577	-0.231689864978734	0.816778903793404	0.909484003428596
asRNA_945	19.4646498922935	-0.26	0.55514504115449	-0.476040156373834	0.634045769735152	0.813059195412766
asRNA_946	2.07142499846007	0.54	2.16463245847306	0.250211072870419	0.802424122643349	NA
asRNA_947	16.0841602116158	-0.06	0.586739319429006	-0.0981695396182881	0.921797669467914	0.966635131866584
asRNA_948	3.36544557081974	-0.95	1.21871678657868	-0.783557210348688	0.433299971865614	NA
asRNA_949	4.11928335465304	0.68	1.3031863908676	0.521503368054182	0.602016159929421	NA
asRNA_950	1.05899297779726	-1.87	2.10071151831332	-0.888846261070837	0.374085709768571	NA
asRNA_951	54.5062584823884	-1.41	0.295320671127483	-4.76996570460474	1.84257286880191e-06	6.43133653384558e-05
asRNA_952	83.1034065393286	-1.54	0.283197200111203	-5.45110796071779	5.0056968889334e-08	2.77272079847876e-06
asRNA_953	7.93029666630948	0.18	0.778922180265464	0.229990369428559	0.818099253228872	NA
asRNA_954	21.7752150968644	-0.40	0.493845888362387	-0.816912610662091	0.413978370585991	0.653426931812784
asRNA_955	10.0151466758877	0.26	0.744976890477098	0.347635639013339	0.728113837655208	NA
asRNA_956	18.6895105063188	-1.16	0.497052678672457	-2.33563713626661	0.0195101613893502	0.0996230284971228
asRNA_957	3.7568750825164	0.52	1.22546996949635	0.426825584808202	0.669506369980304	NA
asRNA_958	3.83179899455038	0.35	1.01502325146049	0.341598701449486	0.732652914574671	NA
asRNA_959	26.8613226453014	0.48	0.480012013649169	0.99025230241657	0.322050813870913	0.57143835218878
asRNA_960	5.18752155458847	0.51	1.23584296671467	0.416200865772698	0.677263026269142	NA
asRNA_961	21.8289233376282	0.77	0.45002332172942	1.7003112871477	0.0890723884698732	0.275562010323006
asRNA_962	15.4643431246119	-0.57	0.542651020434046	-1.05093104757044	0.29329025956518	0.545875515976683
asRNA_963	39.2033664711424	-1.21	0.412501285955533	-2.9424569748564	0.003256190300382	0.0278415197495749
asRNA_964	14.145528625727	-1.30	0.598749766646597	-2.16329461013004	0.0305185273836006	0.135708914089728
asRNA_965	38.1953787460434	-1.09	0.405133121192019	-2.69945422936269	0.00694533087100646	0.0475717824175389
asRNA_966	14.9746474925304	-1.90	0.966742071028744	-1.96865300811206	0.0489929509959839	0.184090692413354
asRNA_967	2.25560824749202	-1.46	1.40319660020544	-1.04393308653008	0.296516349007082	NA
asRNA_968	1.20263361856364	0.44	2.44408771919188	0.178821546223236	0.858077826531821	NA
asRNA_969	13.2260736125597	-0.35	0.579264465991153	-0.603304048123761	0.546306440445663	0.752028717375706
asRNA_970	1.36608550800561	-1.50	1.90093707812483	-0.787628264733284	0.430914176782906	NA
asRNA_971	2.23714939288957	-0.71	1.29373000647777	-0.548067345203907	0.583645661694472	NA
asRNA_972	37.5610684497209	-0.45	0.373959383803615	-1.20812856512642	0.226997813705274	0.477075648032141
asRNA_973	11.0944490895721	-0.18	0.650938018904999	-0.283226731675646	0.777003038025587	NA
asRNA_974	3.45777310363934	-2.67	1.26699203567201	-2.10710375919408	0.0351085865618521	NA
asRNA_975	4.71149566610215	-0.05	1.06054516264562	-0.0471487294999572	0.962394689970671	NA
asRNA_976	40.5908492318106	0.06	0.317570228014334	0.20219224999448	0.839766431619433	0.923489368910796
asRNA_977	2.13504021302471	0.49	2.14921010935217	0.228901680320053	0.818945334533808	NA
asRNA_978	9.04507624617181	-0.02	0.682569522539082	-0.0357096080659336	0.971513909310872	NA
asRNA_979	2.43663070228257	0.70	1.24189035242041	0.5612213959488	0.574646618864882	NA
asRNA_980	8.84752246631942	-0.78	0.695444665721681	-1.11455673754423	0.265040418157397	NA
asRNA_981	104.329948519744	-0.31	0.222521903140785	-1.39709646442056	0.16238456487877	0.387626357368709
asRNA_982	2.35204066635099	-1.36	1.78683602613645	-0.762057158669573	0.446025890566437	NA
asRNA_983	5.78094492405407	-0.05	0.906689584529287	-0.0499780164383629	0.96013990676557	NA
asRNA_984	4.92495148051779	-4.33	1.82152108559799	-2.37736804915484	0.0174366802427947	NA
asRNA_985	14.7032796153574	-1.22	0.822428213658516	-1.48759191889586	0.136858545888991	0.348367207717432
asRNA_986	21.8620586987574	-0.80	0.695407481746158	-1.15228675130546	0.249203259367688	0.501636525690574
asRNA_987	0.615366789084214	-0.88	3.80581989103589	-0.232495316247305	0.816153324657024	NA
asRNA_988	10.4598291294449	-1.09	0.588803011348387	-1.84333356732861	0.0652803230244168	NA
asRNA_989	2.77786647645372	-1.10	1.44003015151835	-0.762642387915018	0.44567669794425	NA
asRNA_990	0.88305361180497	-1.04	2.21067155989976	-0.471025416451708	0.637622584753188	NA
SACI_small_CDS_1	3.02079235855328	1.29	1.16890632299828	1.1011538766004	0.27082969187113	NA
SACI_small_CDS_2	19.1665937640686	0.43	0.617275128652126	0.701082288333569	0.483251662965613	0.70819070437466
SACI_small_CDS_3	78.4955362724067	-0.02	0.217478383224495	-0.107782207105877	0.914168457330638	0.963951678896139
SACI_small_CDS_4	107.275209177844	-0.02	0.197521557615853	-0.0835179856018035	0.933439676910605	0.970376794572639
SACI_small_CDS_5	70.5653649326529	1.04	0.398404650511367	2.62121336261648	0.00876174073220868	0.0560927522252958
SACI_small_CDS_6	3.80035071323189	2.07	1.75909121288489	1.17924881258539	0.238299114280125	NA
SACI_small_CDS_7	2.97566701726853	2.58	1.9373834977967	1.33256516944854	0.182674541741044	NA
SACI_small_CDS_8	0	NA	NA	NA	NA	NA
SACI_small_CDS_9	5.98438634327378	-1.01	0.742845066910179	-1.35981261763675	0.173889228520387	NA
SACI_small_CDS_10	1.06545940232633	0.71	2.46237541264796	0.288212696635579	0.773183930451614	NA
SACI_small_CDS_11	9.9238249582427	0.34	0.648790316987166	0.519597960069602	0.603343820190637	NA
SACI_small_CDS_12	33.9461974221494	0.03	0.39499962650129	0.0830443346303849	0.933816287398788	0.970376794572639
SACI_small_CDS_13	1.55126735529792	1.52	2.06977459758587	0.73547674053808	0.462049200380424	NA
SACI_small_CDS_14	2.63330746580747	2.06	1.30214392040538	1.584616236432	0.113053553680846	NA
SACI_small_CDS_15	0.222691769895356	-0.79	7.34713190532957	-0.108024993288516	0.913975866440161	NA
SACI_small_CDS_16	6.14347802213928	-1.40	0.788473894501619	-1.7778787151515	0.0754237767229913	NA
SACI_small_CDS_17	3.05436887421263	0.99	1.13489585667758	0.87178640492825	0.383324912567969	NA
SACI_small_CDS_18	2.30472277657717	0.05	1.20672652049746	0.0452676114762189	0.963894003260164	NA
SACI_small_CDS_19	0	NA	NA	NA	NA	NA
SACI_small_CDS_20	0	NA	NA	NA	NA	NA
SACI_small_CDS_21	2.38360526454574	0.27	1.30886519794545	0.20499188941506	0.837578461781131	NA
SACI_small_CDS_22	7.01431267867769	1.21	0.872362363198289	1.38478210741748	0.166119103648957	NA
SACI_small_CDS_23	9.27650127059109	-0.15	0.701551722161515	-0.215700131788244	0.829221498484493	NA
SACI_small_CDS_24	2.10050735239285	0.58	1.4123680607715	0.413954663207064	0.678907309790183	NA
SACI_small_CDS_25	0.482298329216805	3.06	3.97645535127384	0.770551947389892	0.440972552864728	NA
SACI_small_CDS_26	10.6284681105274	-1.24	0.70017677145362	-1.76504094471972	0.0775568845831934	NA
SACI_small_CDS_27	1.47478765495389	1.52	1.98152622711435	0.768355146481014	0.442276220245198	NA
SACI_small_CDS_28	2.019876981675	-0.22	1.4197743141778	-0.152260686133163	0.878981331247706	NA
SACI_small_CDS_29	18.7388385966101	0.08	0.476397014442647	0.159883275490987	0.872973023257779	0.9413183509356
SACI_small_CDS_30	93.1442207411688	0.91	0.267756763018052	3.4003450505104	0.00067300867427625	0.00836500537588236
SACI_small_CDS_31	1.18464430790436	-0.36	2.27654333930235	-0.160181840019222	0.872737834240797	NA
SACI_small_CDS_32	27.9920317299089	-1.35	0.371365076051872	-3.6319663647277	0.000281269789237839	0.00465373651284425
SACI_small_CDS_33	19.1804548140579	1.41	0.632002555663708	2.23855128121368	0.0251851272022435	0.117962691381096
SACI_small_CDS_34	13.2587963173002	-0.98	0.686896071404145	-1.42185028037567	0.155069719482914	0.379532363574191
SACI_small_CDS_35	14.0170825523867	-0.49	0.653793241921633	-0.753017622657994	0.451439324308395	0.684682975201066
SACI_small_CDS_36	1.52662972217769	-1.34	1.92332904823582	-0.698299521976408	0.484989898132694	NA
SACI_small_CDS_37	0.857699141329538	0.00	2.65801415611612	0	1	NA
SACI_small_CDS_38	0	NA	NA	NA	NA	NA
SACI_small_CDS_39	0.933368182824331	2.76	2.46409043512836	1.11814913765153	0.263503303020639	NA
SACI_small_CDS_40	2.256039695903	0.47	1.30854939971696	0.359434518377041	0.719270055739804	NA
SACI_small_CDS_41	24.1464667694034	-0.71	0.469775631066793	-1.51752970935829	0.1291329984261	0.338509135791875
SACI_small_CDS_42	3.99754707719119	-0.38	1.0334968705986	-0.364483338334301	0.715497113486406	NA
SACI_small_CDS_43	0	NA	NA	NA	NA	NA
SACI_small_CDS_44	3.29942861576523	-1.06	1.38979155670072	-0.759170910338682	0.44775032503033	NA
SACI_small_CDS_45	45.8972460281939	0.32	0.30835621307491	1.04834746639539	0.29447854787862	0.547687109485201
SACI_small_CDS_46	11.2027228164044	-0.88	0.824121716191574	-1.07356223775045	0.283018930039354	NA
SACI_small_CDS_47	12.4235102576298	-0.61	0.788974350545636	-0.768543328964983	0.442164459131193	0.674831098525371
SACI_small_CDS_48	0	NA	NA	NA	NA	NA
SACI_small_CDS_49	2.13768149267283	-0.13	1.49875624072108	-0.0899585686863491	0.92832013868478	NA
SACI_small_CDS_50	4.69233753802361	-0.81	1.34525435570439	-0.60515285307184	0.545077439004734	NA
SACI_small_CDS_51	6.0597767004664	0.28	1.0389255703042	0.270107534963709	0.787077525434423	NA
SACI_small_CDS_52	10.9273270069465	0.36	0.63479658292586	0.56452727429064	0.572395343741458	NA
SACI_small_CDS_53	21.5958460240234	-0.20	0.82746764303971	-0.244094277847697	0.807157804152019	0.90507202083042
SACI_small_CDS_54	0	NA	NA	NA	NA	NA
SACI_small_CDS_55	0.755021492112819	2.76	2.45627279972058	1.12220716730409	0.261774365925008	NA
SACI_small_CDS_56	0	NA	NA	NA	NA	NA
SACI_small_CDS_57	166.250321673612	0.48	0.171558236494563	2.80952744536963	0.00496142887013789	0.0371815316503275
SACI_small_CDS_58	38.3252087040216	0.12	0.359288188806543	0.334993148251149	0.737630254814276	0.864309595464783
SACI_small_CDS_59	5.48114311496958	0.19	0.910952737190465	0.212826063018472	0.831462634074292	NA
SACI_small_CDS_60	0.762306631907269	2.76	2.41881528518501	1.14208423853697	0.253419006274922	NA
SACI_small_CDS_61	1.16159499792526	2.10	2.44464292486445	0.8575526287028	0.391139542256709	NA
SACI_small_CDS_62	10.2309295088622	-1.58	0.781024773796725	-2.02428012316608	0.0429413375979061	NA
SACI_small_CDS_63	7.21399739429907	0.36	0.791269171255211	0.458465625267371	0.646617953219722	NA
SACI_small_CDS_64	5.19383765424612	2.34	1.33604065861037	1.75446025336837	0.0793516747415585	NA
SACI_small_CDS_65	0.54268087491701	-0.04	3.70174162269445	-0.011049857319824	0.991183668857182	NA
SACI_small_CDS_66	4.19626371568848	-0.11	0.944718699854211	-0.111164977944855	0.911485523010729	NA
SACI_small_CDS_67	12.5370041573376	-0.13	0.56141132918864	-0.223178641054699	0.823396474696184	0.91178366689521
SACI_small_CDS_68	22.876576435184	0.43	0.460105709401386	0.937648111470905	0.348425277858989	0.594723804334461
SACI_small_CDS_69	0	NA	NA	NA	NA	NA
SACI_small_CDS_70	3.84639518548347	0.56	0.946823310948528	0.592085364997458	0.553793426497791	NA
SACI_small_CDS_71	2.1617949304376	-1.39	1.53372284814271	-0.903592781333483	0.366211370414042	NA
SACI_small_CDS_72	10.7206860569316	0.54	0.682039907543525	0.791659252508343	0.428559387584493	NA
SACI_small_CDS_73	70.9481343167758	0.82	0.298040740916991	2.76320505850149	0.00572367951633159	0.0417877805375728
SACI_small_CDS_74	5.45770197116362	2.18	1.09632047780669	1.9871119732191	0.046909989699455	NA
SACI_small_CDS_75	2.91560210171545	0.40	1.27193047898616	0.316152255172457	0.751886945291628	NA
SACI_small_CDS_76	3.64247810736797	-0.55	1.01132249247888	-0.542615324394533	0.587394685629485	NA
SACI_small_CDS_77	4.90025739456697	1.36	0.999194541051616	1.36249979744014	0.17304020803431	NA
SACI_small_CDS_78	15.2114338634605	0.67	0.622936706123885	1.08324605954874	0.278699220484175	0.533127337682942
SACI_small_CDS_79	0.368451715189991	0.00	4.75962356289676	0	1	NA
SACI_small_CDS_80	9.06382069059809	0.69	0.889268020347548	0.772653385750689	0.439727540726617	NA
SACI_small_CDS_81	4.64566779272615	-0.99	0.931932399093048	-1.05694930953809	0.290534722480946	NA
SACI_small_CDS_82	2.35846347632551	1.37	1.39540843229752	0.984322657759784	0.324956892477152	NA
SACI_small_CDS_83	6.33950570073064	-0.56	0.786481181815189	-0.716166062265737	0.473888815985106	NA
SACI_small_CDS_84	7.57057342223808	0.04	0.918303587616671	0.0427015283984732	0.965939461196869	NA
SACI_small_CDS_85	12.5558751801891	0.77	0.565657580505115	1.36057039209267	0.173649493557325	0.399924851352417
SACI_small_CDS_86	3.68986167569505	-0.95	1.17901900176973	-0.806629674497974	0.419879871962995	NA
SACI_small_CDS_87	3.51208733387298	3.45	1.80087651425012	1.91784412083787	0.0551307794008289	NA
SACI_small_CDS_88	2.93519064219766	0.37	1.37738982224439	0.265309068678607	0.790771378971834	NA
SACI_small_CDS_89	7.78643759008946	-0.10	1.0795359700901	-0.0947426119147117	0.924519270772078	NA
SACI_small_CDS_90	367.235572106292	0.24	0.173068593153732	1.37463207095079	0.169245540589249	0.396356926806228
SACI_small_CDS_91	0	NA	NA	NA	NA	NA
SACI_small_CDS_92	7.92811700065827	1.35	0.782384563264177	1.72825586494435	0.0839423619908435	NA
SACI_small_CDS_93	0.431049337210904	0.00	4.10730634194814	0	1	NA
SACI_small_CDS_94	2.3597382701322	-1.25	1.45917273666501	-0.858122840119215	0.390824636612255	NA
SACI_small_CDS_95	8.33116493084772	-0.08	0.735173380216508	-0.112592882004835	0.910353328501738	NA
ncRNA_1	7.42669942614424	0.13	0.813727865825034	0.162299073632633	0.871070344143394	NA
ncRNA_2	6.88143179247547	-0.38	0.811521815597701	-0.462407273216719	0.643789284532396	NA
ncRNA_3	4.81936423946385	-0.64	1.17385807905764	-0.543433143771567	0.586831610834521	NA
ncRNA_4	8.51979301003155	1.04	0.930181489213981	1.12071510157425	0.262409151946372	NA
ncRNA_5	5.47400790368918	-0.34	1.10611113017029	-0.305393510863847	0.760066463464363	NA
ncRNA_6	0.807596577855951	0.00	2.67017182638904	0	1	NA
ncRNA_7	0.573525900825808	-1.88	2.69838873993352	-0.697486852907177	0.485498164248519	NA
ncRNA_8	5.60876049400601	0.48	1.07644043630916	0.442464479462524	0.658153128588993	NA
ncRNA_9	16.7805008961192	-1.18	0.527428502746977	-2.2429783430434	0.0248982110965116	0.117394005467431
ncRNA_10	8.06348951221264	-0.19	0.719153387240247	-0.260502156462484	0.794476452105162	NA
ncRNA_11	268.558469925856	-0.32	0.198514282466098	-1.60672247511372	0.108115261078403	0.305407633290212
ncRNA_12	4.03855591800875	0.02	1.3155982971138	0.0116988391934022	0.990665889744225	NA
ncRNA_13	19.3390894479578	0.78	0.485336224389662	1.61706943614909	0.105863293423042	0.300378253498788
ncRNA_14	0	NA	NA	NA	NA	NA
ncRNA_15	2.65750427638982	0.42	1.29997825524624	0.326864113592377	0.743770664687187	NA
ncRNA_16	8.2561815238325	0.50	0.675312895266873	0.747724849298895	0.454626139400794	NA
ncRNA_17	0.086593113821284	-0.79	7.34713449478102	-0.108027905989054	0.913973555962088	NA
ncRNA_18	15.1366764940517	0.96	0.542593966118539	1.77633369854399	0.0756779320402142	0.245953279130696
ncRNA_19	11.913588537546	-0.24	0.728048679692145	-0.336078899690839	0.736811369543534	NA
ncRNA_20	2.19361088701416	-0.98	1.58986795153894	-0.617198164844352	0.53710402603294	NA
ncRNA_21	19.6406163177217	0.19	0.470734282574027	0.39788939888072	0.690711714753744	0.839460109131417
ncRNA_22	0.0331082459993873	0.00	7.3561311249555	0	1	NA
ncRNA_23	10.3451704997758	0.65	0.667249345119771	0.975351581531642	0.3293858922457	NA
ncRNA_24	0.746084840391449	-2.54	2.57474220946813	-0.985569867196941	0.324344230745142	NA
ncRNA_25	4.80838537676314	-0.61	1.16176692975288	-0.527255277741689	0.598016326450485	NA
ncRNA_26	70.8465251670672	0.06	0.817095264158661	0.0695645560232912	0.944540248764815	0.975294591348737
ncRNA_27	2.26223775488765	0.66	1.3710891371121	0.479576799771446	0.631528346484328	NA
ncRNA_28	8.85669727555101	-0.14	0.708847788308741	-0.196791648048338	0.843990587209319	NA
ncRNA_29	5.43807567316924	0.50	0.938510418068869	0.527997563486775	0.59750102705554	NA
ncRNA_30	29.908230064724	0.11	0.530983912142289	0.215168991761073	0.829635565693844	0.916519626953573
ncRNA_31	6.2261245583372	-1.48	1.2933607075782	-1.14793199455453	0.250996638943876	NA
ncRNA_32	0.145381702553536	0.00	7.3561311249555	0	1	NA
ncRNA_33	14.0449968322133	-0.78	0.677034784993265	-1.14873972867233	0.250663318616152	0.503301919490902
ncRNA_34	27.4056884608275	-0.45	0.47280181359949	-0.951654115525655	0.341272426968533	0.589947316766523
ncRNA_35	1.97987443712671	-1.12	1.95024914151042	-0.576523437391382	0.564261432713239	NA
ncRNA_36	1.88387739695173	0.53	1.51763315906729	0.352190657435497	0.724695282959589	NA
ncRNA_37	10.5828195361532	1.76	0.766165157851928	2.29658884807857	0.0216422354193793	NA
ncRNA_38	0.113852130872302	-1.11	7.33460439811603	-0.151878682717609	0.879282621952933	NA
ncRNA_39	0.696858147214067	1.49	2.85025200009601	0.523508559038455	0.600620396405089	NA
ncRNA_40	1.50242764406429	-0.91	2.3188465553383	-0.391121595698734	0.695707358507483	NA
ncRNA_41	3.03713798851865	0.09	1.30374206165081	0.0687752232488702	0.945168540361075	NA
ncRNA_42	1.3502303165448	-1.03	1.95271329935128	-0.529608290627854	0.596383544967129	NA
ncRNA_43	13.8282891558444	-0.30	0.653560290216196	-0.452367789888116	0.651004047225654	0.822695027240721
ncRNA_44	5.15007988860876	0.81	0.994958538756993	0.817619483990191	0.41357449849311	NA
ncRNA_45	9.52248548969344	0.20	0.688786328505885	0.29646819876215	0.766872549624734	NA
ncRNA_46	117.870179121383	-0.06	0.227668998283338	-0.247659147700175	0.804398142680131	0.903441411471939
ncRNA_47	4.7287670029914	0.95	1.27899698015282	0.739673546946846	0.459498102970125	NA
ncRNA_48	8.147961741948	-1.11	0.650572998806896	-1.70981884289968	0.0872993774941024	NA
ncRNA_49	5.47409890308778	3.66	1.5739717783283	2.32687158698049	0.0199721008565441	NA
ncRNA_50	2.90285069905705	1.56	1.89834175127269	0.820448732248427	0.411960344226363	NA
ncRNA_51	0	NA	NA	NA	NA	NA
ncRNA_52	1.67703112673567	-1.03	1.82066330209453	-0.565859940545901	0.571488995497205	NA
ncRNA_53	3.15682859968573	-0.77	1.06114358376138	-0.721601248566212	0.470539671299617	NA
ncRNA_54	2.53888680725176	-1.86	1.35403924250031	-1.37319524721168	0.169691656840922	NA
ncRNA_55	6.32456203556823	0.28	0.891701443239558	0.316924344315726	0.751301009395501	NA
ncRNA_56	0.734769398447963	-0.51	2.32859171882627	-0.220075718385766	0.825812185146727	NA
ncRNA_57	27.7299629376611	-0.74	0.451040778066493	-1.63761746772635	0.101501516884422	0.294898363764548
ncRNA_58	3.89499889433101	-0.37	1.04844064894461	-0.356211318514525	0.721682316208373	NA
ncRNA_59	0	NA	NA	NA	NA	NA
ncRNA_60	8.24114599538599	0.44	0.784667513196152	0.565620131914128	0.571652039315584	NA
ncRNA_61	14.2800253962594	1.42	0.797507015002111	1.77936868436695	0.0751793370718705	0.245152848786349
ncRNA_62	4.73968299455491	1.61	1.15314405909773	1.39205128358789	0.163906868916548	NA
ncRNA_63	5.3978772942819	1.76	1.03753196629836	1.69903882771733	0.0893118680111218	NA
ncRNA_64	1553.99475614933	0.62	0.200168819349252	3.08588641735895	0.00202946330614761	0.019011295970824
ncRNA_65	1.60668605037831	4.06	1.97365903796827	2.05774920445627	0.0396142143909771	NA
ncRNA_66	1.24159956090853	-0.84	2.33087637208452	-0.359034988080399	0.719568915201861	NA
ncRNA_67	12.3223988551009	0.03	0.550119377244115	0.047765942924747	0.961902779168572	0.980916976275444
ncRNA_68	16.841554875309	-0.51	0.482049646684481	-1.05563759931179	0.291133816056619	0.545447767141372
ncRNA_69	4.86444477072666	-0.90	1.42299564921456	-0.632195943774512	0.527258847497105	NA
ncRNA_70	108.132735183316	0.09	0.325414397672617	0.265249112257511	0.790817563281951	0.897551515030028
ncRNA_71	1.06100041180683	0.44	2.43115167112101	0.180650230668263	0.856642126089044	NA
ncRNA_72	22.0607294349398	-0.40	0.54194835396478	-0.733812193046855	0.46306320824119	0.693315524347192
ncRNA_73	4.22989871209628	-0.25	0.93915307637019	-0.271194714753633	0.786241277735666	NA
ncRNA_74	103.648776667226	0.03	0.227774185646739	0.120109461586194	0.904396437392009	0.96096835799618
ncRNA_75	0	NA	NA	NA	NA	NA
ncRNA_76	267.346187110034	1.11	0.316390892180396	3.50102838284176	0.000463466480929229	0.00641800322504171
ncRNA_77	28.4505231262656	0.37	0.468427916307708	0.796927339098939	0.425493232008483	0.662459309482157
ncRNA_78	1.00858966590257	0.72	1.82991718687816	0.394777370260241	0.693007197192612	NA
ncRNA_79	2.46541294227994	1.21	1.37671619454246	0.879697976962782	0.379022945614463	NA
ncRNA_80	0.360807788233538	0.00	4.31757726581336	0	1	NA
ncRNA_81	3.08692611881946	0.09	1.32807878067558	0.0662167274978275	0.947205279384727	NA
ncRNA_82	8.59420297133776	-0.10	0.776247303610953	-0.128167120563279	0.898016719422436	NA
ncRNA_83	0.330976001879784	-1.89	4.7187713742603	-0.401444333108712	0.688093014875769	NA
ncRNA_84	3.81827023337631	-0.14	1.646399488425	-0.0832589854857364	0.933645611859047	NA
ncRNA_85	12.0361353516598	0.96	0.643101059745717	1.49766970698762	0.134219086088967	NA
ncRNA_86	16.6112442669278	0.83	0.549201664556121	1.51173007683212	0.130602543916066	0.339913464655911
ncRNA_87	14.7317372824477	0.67	0.591721715338113	1.13946394814244	0.254509696922031	0.506949197462271
ncRNA_88	25.5993162095058	-0.72	0.435756212299894	-1.64704982894637	0.0995478042203002	0.292819010394124
ncRNA_89	0.902782502944024	1.27	2.33439302220167	0.543465394561887	0.586809411048675	NA
ncRNA_90	2.85882397114308	0.79	1.38377901035664	0.571528105991069	0.567641713953642	NA
ncRNA_91	1.75575448419737	-0.61	1.66566810680693	-0.366841542304807	0.713737218331227	NA
ncRNA_92	13.1084893844076	-0.62	0.558070405999305	-1.11457319289771	0.265033363189883	0.515510308201779
ncRNA_93	5.02618338211632	-0.70	0.968778358374717	-0.722061940339332	0.470256396505016	NA
ncRNA_94	7.17518281756714	-0.42	0.898499041231635	-0.470079083815473	0.638298517131816	NA
ncRNA_95	4.90021888891026	-2.05	1.30956514945104	-1.56309157132288	0.118031057857946	NA
ncRNA_96	58.1246848965305	-0.29	0.330816917899243	-0.873157595925469	0.382577184089719	0.626482432558229
ncRNA_97	15.717750191215	-0.70	0.496109568878567	-1.42075051526527	0.155389301258063	0.379532363574191
ncRNA_98	11.1126631529693	0.23	0.666924655259883	0.338640924117537	0.734880249269159	NA
ncRNA_99	0.263371335164163	0.00	6.75517732097864	0	1	NA
ncRNA_100	0.0997737778931145	0.00	7.3561311249555	0	1	NA
ncRNA_101	1.32677486482252	0.24	1.71050473663157	0.140307788158029	0.888416811136128	NA
ncRNA_102	0.189112199507097	2.42	7.32360416950664	0.330231278309424	0.741225214585328	NA
ncRNA_103	0.183102174476573	0.00	7.3561311249555	0	1	NA
ncRNA_104	0.0812058982431278	0.00	7.3561311249555	0	1	NA
ncRNA_105	46.3229750151238	-0.60	0.327581221703973	-1.83026938735356	0.0672096665961156	0.227584024898189
ncRNA_106	1.60614262187399	0.45	1.82326801493728	0.247280761958469	0.804690946289317	NA
ncRNA_107	15.6361811835105	-0.76	0.506215055298103	-1.50348816507422	0.132713206556448	0.342821003127979
ncRNA_108	3.66503396228102	-0.74	1.19122817622154	-0.620903898326642	0.534662856076638	NA
ncRNA_109	10.0744212554334	-0.19	0.623910568652268	-0.306248882812805	0.759415156069258	NA
ncRNA_110	3.99225991813352	0.13	1.2360333447156	0.102901454958923	0.918041182942356	NA
ncRNA_111	2.50885482309988	-0.13	1.59531445058686	-0.0794438587909963	0.936679584586088	NA
ncRNA_112	2.67621328715403	-0.11	1.34421502779231	-0.082413438840899	0.934317949753925	NA
ncRNA_113	13.6865032035599	-0.59	0.636319053701397	-0.926678810908011	0.354093322196342	0.599090162653572
ncRNA_114	0.544061398817639	0.32	3.54446833324229	0.0889650450328683	0.929109689952911	NA
ncRNA_115	5.18422498071467	-1.46	1.15814962830405	-1.26184636167453	0.207004075981134	NA
ncRNA_116	8.63068131163906	-2.24	1.0047006111963	-2.2253905729152	0.0260550298428582	NA
ncRNA_117	4.14715027233798	0.92	1.29017079470913	0.715339100473099	0.474399533305759	NA
ncRNA_118	0.482275948000084	1.90	3.72487676214784	0.511157481472563	0.609240788557221	NA
ncRNA_119	4.213716929463	-1.50	1.64486216942454	-0.914779091071843	0.360307613603055	NA
ncRNA_120	16.4418142820352	-0.19	0.609238589496801	-0.313075898582511	0.75422299946372	0.874322203199981
ncRNA_121	0.478707685948824	-1.01	3.38649497517646	-0.298011134274288	0.76569466560407	NA
ncRNA_122	9.54641875530513	-0.08	0.818575843540303	-0.0923559624716339	0.926415226689426	NA
ncRNA_123	3.62747114421783	-1.80	1.29633055522474	-1.38912012220244	0.164796225875747	NA
ncRNA_124	13.91386716754	1.07	0.608923743903339	1.7612759597365	0.0781917069235017	0.249664748422409
ncRNA_125	24.2336308694852	-0.03	0.521052675447938	-0.0506696570967487	0.959588755707501	0.980759332753973
ncRNA_126	6.62731066613538	0.18	0.925563712179357	0.193397307662556	0.846647823808093	NA
ncRNA_127	15.3704968460588	-0.51	0.523558372816903	-0.977709521103239	0.328218011412777	0.576037024815793
ncRNA_128	14.8745636966625	-0.40	0.544687735325092	-0.734029623992637	0.462930683413598	0.693315524347192
ncRNA_129	5.8778976238941	-0.49	1.08174165696522	-0.454687704720429	0.649333927634661	NA
ncRNA_130	4.73148671249687	0.75	1.15631212007809	0.650031480077637	0.515671887429859	NA
ncRNA_131	13.8119602710182	-0.05	0.557412872345275	-0.0884340082751031	0.929531732476261	0.968948670630799
ncRNA_132	139.797843348072	-0.54	0.266915580817402	-2.00874689996542	0.0445639821614065	0.17259728977884
ncRNA_133	14.6287631336072	0.60	0.502926484118911	1.18869506980415	0.234559681398621	0.486301217080467
ncRNA_134	34.1033932283633	-0.95	0.353291549592156	-2.67920028107204	0.0073798237953835	0.0497454789170295
ncRNA_135	20.0118343139164	-0.27	0.537721035564299	-0.500191866127349	0.616939985111177	0.804484688875782
ncRNA_136	3.69629350993848	-0.52	1.51142960449903	-0.341297170377175	0.732879877883084	NA
ncRNA_137	0.165380104869347	0.00	7.3561311249555	0	1	NA
ncRNA_138	7.66216037790986	0.50	0.866144434565293	0.580819437767148	0.561362153194782	NA
ncRNA_139	19.6036793537209	0.52	0.532675163882411	0.974886709593494	0.329616459348548	0.577375272494827
ncRNA_140	3.30475995571791	0.50	1.29916347373281	0.388615496281087	0.697560601755818	NA
ncRNA_141	2.40858449776589	0.51	1.17505385309257	0.437176127354632	0.661983621316476	NA
ncRNA_142	0.895798773141027	-2.40	2.42747491311965	-0.990471809377055	0.321943561561659	NA
ncRNA_143	32.0381824842215	-0.23	0.345319328922341	-0.674275293990067	0.500136308173381	0.719002716629974
ncRNA_144	3.50201300179028	-1.81	1.63733721251997	-1.10647654018568	0.268520312656835	NA
ncRNA_145	264.670314592563	1.49	0.17254769555664	8.65244860541551	5.04060590223455e-18	7.55497872876096e-16
ncRNA_146	18.5742989428746	2.15	0.708827879781063	3.02672580568791	0.00247218097375789	0.0224968468611968
ncRNA_147	1.84125082040039	2.24	1.90223814659829	1.17896955335051	0.238410299774125	NA
ncRNA_148	87.7471255016428	-0.50	0.231705253492757	-2.15071219875242	0.0314989229152062	0.136727863011832
ncRNA_149	13.0779648729258	-0.29	0.576666309822712	-0.50218113648378	0.615540110756708	0.803481660967261
ncRNA_150	15.6865490434555	-0.46	0.474493091284578	-0.977168395539481	0.328485791623762	0.576037024815793
ncRNA_151	1.70803829556298	-0.38	1.41477242832106	-0.27048550963449	0.786786763242929	NA
ncRNA_152	5.45502621051601	-0.32	0.986016257065136	-0.324158469671936	0.745818062252527	NA
ncRNA_153	2.3363885535925	-0.08	1.26899915069117	-0.060203520767932	0.951993541636084	NA
ncRNA_154	5.69096502262038	3.43	1.59828003716529	2.14885401435361	0.0316459740858884	NA
ncRNA_155	9.49143585094475	-1.16	1.03528252586916	-1.12439845841856	0.260844025754388	NA
ncRNA_156	0.953263041212865	-0.73	1.77254332812727	-0.413164290752471	0.679486248838341	NA
ncRNA_157	4.20569569224363	-0.25	0.983243299259731	-0.249277955015235	0.803145782534927	NA
ncRNA_158	3.21073277711449	-0.14	1.2668888014769	-0.111402345812148	0.911297299952633	NA
ncRNA_159	5.80936849150805	0.88	0.848082916211812	1.04028326886202	0.298208315030843	NA
ncRNA_160	17.5145290810143	-0.52	0.539790276643332	-0.959444837431532	0.337334696425873	0.586308872096265
