Gene	baseMean	log2FoldChange	lfcSE	stat	pvalue	padj
SACI_RS00005	5906.4520419938	-0.49	0.139339601221398	-3.4978107861319	0.000469093809220276	0.000854247076852899
SACI_RS00010	1052.37832437959	-0.94	0.161095482764693	-5.80612895993421	6.39337260758515e-09	1.59766058542573e-08
SACI_RS00015	87165.1709518887	1.49	0.132106063471894	11.2851046432989	1.55456472180618e-29	9.06657265491944e-29
SACI_RS00020	664.011887476305	-0.48	0.0971949729034228	-4.97387392388861	6.56279999310591e-07	1.45559006795925e-06
SACI_RS00025	7073.76561049587	0.65	0.0651577255495612	10.023154437749	1.20591421269515e-23	5.69847214101301e-23
SACI_RS00030	161.977199136077	-2.12	0.192531293076981	-11.030301384791	2.72948805946622e-28	1.50917048453321e-27
SACI_RS11965	17.3957901416247	-1.13	0.370462732274719	-3.0530676317136	0.00226514881046291	0.00387004256619721
SACI_RS00035	2596.72564764315	0.06	0.075566780206004	0.787450114116718	0.431018420231179	0.512116979164693
SACI_RS00040	3235.57520538683	0.50	0.0783247788824832	6.33583903101164	2.36053135715769e-10	6.31694024007671e-10
SACI_RS00045	2490.21863215224	-1.79	0.122187540564653	-14.668281519127	1.02918720999176e-48	1.13631330008838e-47
SACI_RS00050	393.274763798431	0.43	0.147000493611268	2.93245776546274	0.0033629065922808	0.00563050312136285
SACI_RS00055	1753.21893725417	0.36	0.118327593351484	3.07083221333341	0.00213463069043739	0.00365772979703547
SACI_RS00060	1246.52548019075	0.20	0.0693260935877578	2.83970945578137	0.0045154640160168	0.00747820479256367
SACI_RS00065	878.875755341969	0.45	0.167131900267822	2.67272708645153	0.00752374322260261	0.0122069604688345
SACI_RS00070	4683.02379951652	0.64	0.0877485830273064	7.24061548344377	4.46653077265553e-13	1.37803071553546e-12
SACI_RS00075	391.776396621922	-1.59	0.10009734539354	-15.8491049027338	1.42597472784277e-56	1.94809232274551e-55
SACI_RS00080	285.35026981973	-0.89	0.132203585940296	-6.76389427715491	1.34331124584694e-11	3.81582992246652e-11
SACI_RS00085	1329.02518179069	-1.78	0.0807874964102537	-22.0286053143315	1.53218597446836e-107	6.89680122610054e-106
SACI_RS00090	1005.60965822049	-0.98	0.118598083333852	-8.22410165340801	1.96659251860986e-16	7.06002692519347e-16
SACI_RS00095	1891.04309114091	-0.41	0.139717185555828	-2.91536981789396	0.00355267287725977	0.0059367816594907
SACI_RS00100	582.955631578543	0.95	0.159641138384791	5.96176344088834	2.4953021769466e-09	6.35776918959326e-09
nadA	12210.8503005416	1.86	0.170727125908453	10.8697019293803	1.60725074383567e-27	8.65499595338501e-27
SACI_RS00110	4307.43480692953	-1.59	0.0738946281492724	-21.5033107815526	1.44967999668429e-102	5.98803113924532e-101
SACI_RS00115	2290.92507657368	-1.60	0.0904255523048827	-17.7024222386407	4.0165411724993e-70	7.30677515888345e-69
SACI_RS00120	134.469388890483	-1.13	0.151037221709482	-7.4739536049945	7.78205874856776e-14	2.47938369021973e-13
SACI_RS00125	4274.73233233156	-0.06	0.0966663882373915	-0.616208778185653	0.537756735591814	0.614604133679316
SACI_RS00130	1016.10436161082	-0.14	0.103122206470332	-1.31299320862948	0.18918523663852	0.246741963535603
SACI_RS00135	19434.7406945321	1.02	0.147353386195702	6.94200874140693	3.86563289330509e-12	1.13007802567812e-11
SACI_RS00140	1271.27725549335	-0.53	0.100983290400551	-5.24911090497701	1.52835046848664e-07	3.52102263442033e-07
SACI_RS11510	4684.02624598699	0.33	0.115313986618043	2.85021908073371	0.00436891246823986	0.00724574949267366
SACI_RS00145	1815.50335061902	0.42	0.169654393830709	2.44924139730451	0.0143157467951207	0.0224386549096736
SACI_RS11515	391.41891809904	0.20	0.105983086242928	1.91563102535649	0.0554120775724598	0.0792471708174771
SACI_RS00150	296.722540571468	-0.50	0.128919401301482	-3.9030690796473	9.4980579598601e-05	0.000183632607362714
SACI_RS00155	9785.19427056326	0.17	0.0800166269373593	2.11568302616151	0.0343717751473656	0.0512438651984715
SACI_RS00160	310.639965980335	-1.95	0.137700459780467	-14.1406031376166	2.13447117638022e-45	2.14117951436313e-44
SACI_RS00165	13356.2363888238	1.59	0.0693358051956757	23.0000369310316	4.65730889000794e-117	2.68062483816686e-115
SACI_RS00170	748.035761873101	0.16	0.0911870812658539	1.74153926043089	0.0815890976562146	0.113855056387508
SACI_RS00175	1412.69857563109	0.10	0.111760668867694	0.890524452075517	0.373184344737608	0.451188097236138
trxA	3010.93960059609	1.80	0.193190921534592	9.29240683179575	1.50838144977824e-20	6.36529719972524e-20
SACI_RS00185	959.166910975222	0.06	0.0673527621192207	0.943268557973504	0.345543554034619	0.42218773079617
SACI_RS00190	2400.85711760397	1.03	0.0816380501825238	12.6123238119421	1.80588534007413e-36	1.32092988104172e-35
SACI_RS00195	36524.3808878683	2.29	0.156681027966179	14.6210657020799	2.06148029230352e-48	2.26183040821176e-47
SACI_RS00200	4650.82977075855	1.40	0.129609834323197	10.7782386444884	4.36157244257931e-27	2.30277907457082e-26
SACI_RS00205	96668.41686402	0.66	0.139172451609885	4.75748456836026	1.96020236491602e-06	4.22743888404186e-06
SACI_RS00210	1553.06730560056	0.25	0.0658168854640979	3.74393993379846	0.000181156978328372	0.000342510582073729
SACI_RS00215	18191.2002406017	0.80	0.0729612605761244	10.985904276969	4.4674204272875e-28	2.46234114916898e-27
SACI_RS00220	954.297816364792	-1.27	0.118055660694998	-10.7533183860876	5.71671918419499e-27	3.0002094253675e-26
SACI_RS00225	1628.8400451396	-1.13	0.119210717731367	-9.46147529055577	3.03628647130595e-21	1.30642178930824e-20
SACI_RS00230	7589.83661180493	-1.60	0.202321695462958	-7.90275142344767	2.72813304052608e-15	9.32665540923766e-15
SACI_RS00235	5521.95536179562	-1.30	0.183591564020766	-7.09992020398542	1.2482894223491e-12	3.72682326689430e-12
SACI_RS00240	10480.6226849671	-0.76	0.126681578848122	-5.97345221238703	2.3228485087322e-09	5.94425737183582e-09
SACI_RS00245	65148.0772261978	0.45	0.0848713765795882	5.24410647356385	1.57041497934508e-07	3.61555868359382e-07
SACI_RS00250	5291.74992248695	-0.23	0.0852894094928185	-2.64098538224563	0.00826652859506692	0.0133626988477348
SACI_RS00255	4594.41895989237	0.60	0.0731530063794749	8.19534885248222	2.4986742301493e-16	8.9154931118437e-16
SACI_RS00260	4225.02668891452	-1.39	0.10725405574034	-12.9174907891236	3.58647569888567e-38	2.77359387197964e-37
SACI_RS00265	4188.51122604108	-2.18	0.159622952562117	-13.6612378742704	1.73017349586079e-42	1.53013580452575e-41
SACI_RS00270	254.392435145922	-1.16	0.131931198370704	-8.75594815950511	2.02394735047721e-18	7.94863439320523e-18
meaB	1129.31429418821	0.17	0.108491387334286	1.58617628276306	0.112699326326797	0.153605331806439
SACI_RS00280	1355.67872659918	1.41	0.105829067018156	13.3388278837247	1.37606095612189e-40	1.13946934361886e-39
SACI_RS00285	1.04288317279481	2.54	1.44367553713913	1.75997846139263	0.0784114585737051	0.109769789095805
SACI_RS00290	162515.719010128	0.76	0.141125024030051	5.40173523451461	6.5999316203495e-08	1.54895454004325e-07
SACI_RS00295	659.477356366915	1.00	0.109405828415083	9.11360075285271	7.9692150532594e-20	3.30731844586215e-19
SACI_RS00300	182.262496709612	1.11	0.308116409378904	3.59499015873774	0.000324403839455925	0.000600095827360249
lysS	7785.33392146109	-1.70	0.0868448773861137	-19.5996002280863	1.55843384517266e-85	4.0833292764188e-84
SACI_RS00310	2007.77834342538	-0.77	0.0763792946103507	-10.0506306829246	9.12813352163923e-24	4.3250845876485e-23
SACI_RS00315	453.273902437023	-0.90	0.126351054491576	-7.14168947525832	9.21906813754804e-13	2.78940623897659e-12
SACI_RS00320	517.078960706267	-1.23	0.0917175684489884	-13.4554986277909	2.85804807801222e-41	2.41216509661079e-40
SACI_RS00325	1813.67522813699	-1.00	0.0700428864004108	-14.2368043813319	5.41470638918661e-46	5.52646341059134e-45
SACI_RS00330	2524.28786183643	0.59	0.0817754855305857	7.18233307271077	6.85317121896603e-13	2.09412394689206e-12
rimI	3917.85155512565	-0.05	0.0753407344564093	-0.729959641384395	0.465414854363513	0.546512225307791
SACI_RS00340	2755.30698399449	-1.17	0.0881600513907959	-13.2882281349511	2.70917759647173e-40	2.22761652019022e-39
dnaG	41090.1040412698	0.83	0.105610362268885	7.82789365241074	4.96111302163737e-15	1.68131928754525e-14
SACI_RS00350	12430.5707004683	0.68	0.0676515882437642	9.98563500317682	1.76169435031436e-23	8.20332740577418e-23
SACI_RS00355	10004.2331862559	1.88	0.128836515873391	14.5716421463714	4.25537540009692e-48	4.61130340424082e-47
SACI_RS00360	2923.06023237704	0.60	0.0823413771383476	7.24985432807908	4.17220112073336e-13	1.29176350395898e-12
SACI_RS00365	1547.69891838763	0.06	0.0914966949831844	0.625718109285607	0.531499853011168	0.609039159243542
SACI_RS00370	9047.49793066015	-0.07	0.157873914764664	-0.453350352562623	0.650296480399674	0.718399818664991
SACI_RS00375	8177.0433562799	-0.73	0.172193711834154	-4.22265783105125	2.41438214797075e-05	4.86060534491129e-05
SACI_RS00380	3778.73987120828	-1.13	0.173685724421785	-6.50924825344484	7.55278150104562e-11	2.0700871077417e-10
SACI_RS00385	4935.64448975962	-2.76	0.202934049996352	-13.6001281922545	3.99732199964164e-42	3.48253040713196e-41
SACI_RS00390	10034.902437288	-0.19	0.119137667393597	-1.55923083035571	0.118941756275438	0.161549132024396
SACI_RS00395	8239.29546129685	-0.54	0.115873625815611	-4.64350384846951	3.42549608863893e-06	7.30231740571419e-06
SACI_RS00400	13410.334345773	0.10	0.0613229497633692	1.70398975301586	0.0883830016186355	0.122411328869045
SACI_RS00405	5581.66493956443	-0.06	0.0931643377670851	-0.623637217230485	0.532865863063779	0.610405234981053
rpsB	17587.5347487315	-0.49	0.0674205910320613	-7.26381530988788	3.76321754340155e-13	1.16719582993665e-12
amrB	3195.55949415867	-2.01	0.103257800383309	-19.4811639073215	1.58632024159218e-84	4.06537983082492e-83
SACI_RS00420	386.630044028329	-2.90	0.146932487521999	-19.74161246864	9.47069197585152e-87	2.51906057024354e-85
fni	3038.0199139282	-1.29	0.148227160518416	-8.6827654880181	3.86260259323168e-18	1.49686508883404e-17
SACI_RS00430	4036.14671807923	-0.54	0.142988939086375	-3.75496197347108	0.000173367797689986	0.000328846211609692
SACI_RS00435	759.12369785312	-1.76	0.11344499982238	-15.4761414072574	5.02736102997359e-54	6.41856893681356e-53
SACI_RS00440	1007.06450438566	-0.71	0.103711270103596	-6.83797934820436	8.03179719281373e-12	2.30955282096388e-11
ffs	104438.619670509	0.34	0.358210104639245	0.945679224589648	0.344312222085414	0.420919293781995
SACI_RS00450	20.5195268631756	1.83	0.355491492304479	5.15506209922886	2.53546890270657e-07	5.75066622571238e-07
SACI_RS00455	14979.3574152959	-0.58	0.118069620885486	-4.94861169474769	7.4744693414613e-07	1.65049445646985e-06
SACI_RS00460	6420.00620446911	-1.13	0.133841005865943	-8.44683796701198	2.99298674978047e-17	1.12149161990173e-16
SACI_RS00465	244.879293237508	-1.51	0.214839086526415	-7.02376439568239	2.15968874652898e-12	6.38809367233634e-12
SACI_RS00470	2647.04065479831	0.83	0.149828434267231	5.53955159979633	3.03247088363579e-08	7.29746763018867e-08
SACI_RS00475	19347.5005821046	2.50	0.133176230863505	18.7943993504552	8.39249072285328e-79	1.88884839281653e-77
SACI_RS00480	11209.17608212	1.16	0.12152404210297	9.5419372409354	1.40188697365517e-21	6.12192184639716e-21
SACI_RS00485	260.960605263981	-0.73	0.127055664481407	-5.77084934709714	7.88729666753215e-09	1.95705290457282e-08
SACI_RS00490	551.422375483927	-0.46	0.0906980863549263	-5.04691961161369	4.48990150603483e-07	1.00600154356658e-06
SACI_RS00495	954.745250546708	-0.67	0.0977108941508557	-6.80929539506026	9.8077911535938e-12	2.79960607644454e-11
SACI_RS00500	5212.94170162896	0.15	0.109477772124981	1.36803332701334	0.171301644481794	0.226020320847643
mobB	692.894530756073	0.85	0.0945158709497707	9.03906608671199	1.58016008910808e-19	6.49641928906145e-19
SACI_RS00510	1465.71832654773	0.32	0.0922641566023989	3.44361282568017	0.000573997042667074	0.00103561336937518
SACI_RS00515	2175.184320068	-0.10	0.109509821393308	-0.878908681315596	0.379450791235101	0.458133331508405
SACI_RS00520	2593.8814700764	-0.18	0.0897658197968175	-2.04530424508038	0.0408248724645164	0.0600738169417088
SACI_RS00525	1585.13908296708	1.63	0.120596422779681	13.5575284655403	7.150505763132e-42	6.1532906211658e-41
SACI_RS00530	8015.32473476705	1.00	0.0931118832382343	10.7501154897763	5.918746331908e-27	3.09236880525729e-26
SACI_RS00535	2096.85850764835	0.61	0.0881715404588319	6.90069309656305	5.1749425662789e-12	1.50034874898474e-11
SACI_RS00545	1124.91894468453	-2.94	0.11018152212715	-26.645040256327	2.04294294689094e-156	2.75875872559004e-154
SACI_RS00550	3437.59809310726	1.60	0.143711573026279	11.1106581725924	1.11335845552539e-28	6.24441140151701e-28
tpiA	2440.00588175679	1.13	0.0864223539760218	13.0271968725382	8.56985453546541e-39	6.73126605682753e-38
SACI_RS00560	112.877293222421	-0.30	0.133854306267688	-2.22907134338795	0.0258091582573597	0.0390754440024105
SACI_RS00565	644.808603939374	-1.18	0.1098413693425	-10.7751014548244	4.51284331414708e-27	2.37906799939496e-26
SACI_RS00570	487.464887100223	-1.31	0.100820674350608	-12.9999336670172	1.22449450978787e-38	9.57505617787356e-38
SACI_RS00575	1073.85571303205	-0.49	0.137350721905409	-3.53947749138893	0.000400919958353282	0.00073582330045916
SACI_RS00580	13294.6691618585	0.16	0.0920173319776408	1.75615666724023	0.0790616614321943	0.110635908046407
SACI_RS00585	1610.40313191538	0.16	0.0917986295190303	1.73988908914396	0.0818784949115899	0.11416814759118
SACI_RS00590	7702.04233841415	-0.61	0.14055535350478	-4.30765560937827	1.64994015277776e-05	3.35822601530592e-05
SACI_RS00595	617.816969658593	-2.65	0.17480016345467	-15.185066796108	4.44110604955257e-52	5.50979623320816e-51
SACI_RS00600	962.514541070118	-1.99	0.0836916327997997	-23.7440289188913	1.26643832947851e-124	8.71855877411575e-123
SACI_RS00605	2903.09429121342	-0.85	0.0818224562076417	-10.4123984272795	2.1766745030417e-25	1.08094825745112e-24
SACI_RS00610	432.335645708096	-0.98	0.156842947380629	-6.21927589046724	4.99454434301265e-10	1.32346001421264e-09
SACI_RS00615	4748.37926159261	0.55	0.0906800092929784	6.0625745904442	1.33959647659575e-09	3.47878937080449e-09
SACI_RS00620	35082.8865124609	0.10	0.0940954702222434	1.04583447321243	0.295637462005332	0.368471114341754
SACI_RS00625	465.391561117764	-0.90	0.0941229214802806	-9.53070359263921	1.56220804747283e-21	6.8135558443194e-21
SACI_RS00630	12116.8715554796	-0.52	0.0906880191012669	-5.76996591503804	7.92875680946399e-09	1.96595092923927e-08
SACI_RS00635	3719.26355525792	0.99	0.102438051984976	9.68797583226014	3.39184056948317e-22	1.52091344054348e-21
SACI_RS00640	5638.40087440541	0.68	0.0764232896240877	8.91776252069226	4.75803359823786e-19	1.91576329855655e-18
SACI_RS00645	2409.96805102301	-0.49	0.119162257137865	-4.10450808423177	4.05176103631205e-05	8.01901521899189e-05
thiC	20582.6117615754	2.42	0.1144281658295	21.1739133267845	1.66170132823627e-99	6.34155800373645e-98
SACI_RS00655	4225.2409866676	0.05	0.109800259570427	0.440093375877377	0.659869479385807	0.726953794202563
SACI_RS00660	759.665652923606	0.54	0.104918959544269	5.17834120161947	2.23867514091816e-07	5.09726875471054e-07
SACI_RS00665	2400.92683098842	-1.49	0.0870866890658296	-17.0998393972052	1.48813811819151e-65	2.45298259763868e-64
SACI_RS00670	464.8864334529	-1.21	0.141939485209899	-8.5484663322966	1.24734836591785e-17	4.76026099210605e-17
SACI_RS00685	501.893527772892	-2.96	0.195495361772917	-15.1605960292228	6.44815060474332e-52	7.97163970889218e-51
SACI_RS00690	5857.40714395166	0.18	0.0757692024540756	2.36014353281813	0.01826786546761	0.0281927365524302
SACI_RS00695	1316.19936502317	-1.24	0.103652232296452	-11.9972068873137	3.67489793235881e-33	2.48604366869206e-32
SACI_RS00700	8240.32521874078	-2.86	0.134202833895977	-21.3209259066452	7.26076648086176e-101	2.8325056793673e-99
SACI_RS00705	9392.561965738	-1.44	0.0676498356619926	-21.2542527408472	3.01117277356415e-100	1.16178325362459e-98
SACI_RS00710	15473.4845634551	1.89	0.160660108697183	11.7920747916948	4.28844169732744e-32	2.77287639029772e-31
SACI_RS11970	3195.95718783364	-0.38	0.0870332187963719	-4.33421934074647	1.46278273913051e-05	2.9911649371504e-05
SACI_RS00720	4685.71848182399	-1.50	0.12555800499813	-11.9234384031528	8.93436118778357e-33	5.92978112104123e-32
cysS	9289.69656724456	-1.13	0.101033390512087	-11.1508102532976	7.09572670608813e-29	4.01824136533475e-28
SACI_RS00730	1650.49781495495	0.73	0.106851286165799	6.83101090166892	8.43183248031536e-12	2.41864083646954e-11
SACI_RS00735	3556.06348801479	-1.24	0.149544012213973	-8.28817082164511	1.15003335066683e-16	4.19290456302311e-16
SACI_RS00740	63970.4211371201	0.15	0.109289169950514	1.38165989780931	0.167076153121122	0.220943266895767
SACI_RS00745	1994.98828549935	1.08	0.12828853375131	8.4436277679986	3.07637765586072e-17	1.15150980274275e-16
SACI_RS00750	8636.09703362054	-0.51	0.0946238556149202	-5.37675539949124	7.58400921736869e-08	1.77753380254883e-07
SACI_RS00755	6819.90208591047	-0.33	0.0996225967559951	-3.3108878218486	0.000930004824556717	0.00165412712209657
SACI_RS00760	1373.86163539761	-0.39	0.0941465086439382	-4.15617751247068	3.23616420478187e-05	6.4631243020416e-05
SACI_RS00765	387.959214782442	-1.38	0.104465310891024	-13.198104284105	8.99708024722394e-40	7.21204309315143e-39
SACI_RS00770	2176.97192864494	-0.10	0.086472234304166	-1.18604790772238	0.235603380670783	0.301020185420349
SACI_RS00775	2273.74910425126	-1.04	0.0815779761321104	-12.7989629794514	1.66155220910245e-37	1.25726504443075e-36
SACI_RS00780	2513.40441801246	0.00	0.0677105673502124	0.0366235266494596	0.970785184557965	0.977747212559672
SACI_RS00785	1551.64118905733	-2.52	0.0823750332386881	-30.6088282018327	9.3390344844787e-206	3.64326111944497e-203
SACI_RS00790	23573.0165910867	0.08	0.110210974268815	0.753542670119451	0.451123880105247	0.532581016492778
SACI_RS00795	3906.60799237254	0.51	0.0876946358849217	5.77736381529167	7.588009408849e-09	1.8841231283217e-08
SACI_RS00800	12720.0461001454	-0.24	0.107318774956199	-2.25772323424569	0.0239629197614619	0.0364373370647435
SACI_RS00805	2457.62944411193	-1.01	0.0905584092959518	-11.1601830198708	6.38599724100024e-29	3.62803176588217e-28
SACI_RS00810	374.180839402684	1.39	0.184863892861899	7.51870034452931	5.53234204710372e-14	1.77550758019937e-13
SACI_RS00815	11564.3757564817	1.59	0.0802165704278916	19.7737132536512	5.01457654582665e-87	1.35432140403057e-85
SACI_RS00820	1941.90415759722	0.88	0.100826215272439	8.70207867945497	3.25859528143763e-18	1.26980333331049e-17
SACI_RS00825	2662.28400573903	0.66	0.086439832149443	7.61152347964549	2.70883677270569e-14	8.83896459941419e-14
SACI_RS00830	7993.48426908935	0.78	0.0887288534886692	8.77353287503577	1.73146365301655e-18	6.81521175531512e-18
dph2	7078.3573277508	-0.24	0.0651343412448553	-3.62479596618393	0.000289189671060161	0.000538930432639186
SACI_RS00840	39937.0526170541	1.21	0.0735413595472224	16.4138431021338	1.52255301042714e-60	2.29428481528312e-59
SACI_RS00845	190.224879528398	-1.59	0.133575513493894	-11.8905204191333	1.32577901363515e-32	8.71687287803932e-32
SACI_RS00850	774.102205442137	-2.42	0.104850487619469	-23.0483351393696	1.52855214911032e-117	9.09618067038362e-116
SACI_RS00855	616.734947707361	-2.37	0.116264567304219	-20.3579386077697	3.94849939782856e-92	1.21606854261194e-90
SACI_RS00860	1687.78552002522	-0.95	0.0800528009104592	-11.9179671551146	9.54081106397576e-33	6.30843458486231e-32
SACI_RS00865	9617.4338125369	-1.51	0.133785142652359	-11.3240072513753	9.98031355478659e-30	5.84014681514262e-29
SACI_RS00870	7212.74015240201	-2.13	0.153912609113552	-13.8676965585998	9.94184621218169e-44	9.28346331142817e-43
SACI_RS00875	3938.29015324301	-2.93	0.135441406191572	-21.6134721400901	1.34170082463576e-103	5.60798999440016e-102
aroF	2879.22644202165	-2.12	0.0980965242040938	-21.6221604887838	1.11150477468572e-103	4.7017991131585e-102
aroB	1693.76122343844	-3.30	0.110237373659693	-29.9188589104293	1.11876406845746e-196	3.27331720362845e-194
SACI_RS00890	607.23597305145	-3.30	0.153512535899548	-21.4702122215506	2.95665191899933e-102	1.20707033576821e-100
aroC	1140.82596161312	-2.63	0.141131422831937	-18.6339443783232	1.70484609105926e-77	3.6722175617847e-76
SACI_RS00900	808.991038121296	-2.46	0.116382369617136	-21.1306173091219	4.16072214700786e-99	1.57078445786501e-97
aroA	977.783872308117	-2.91	0.117791480672541	-24.6842184320545	1.58010717857188e-134	1.35311129365021e-132
SACI_RS00910	265.76512340869	-3.27	0.159798349565426	-20.4512750769533	5.85253069357364e-93	1.88515919863643e-91
SACI_RS00915	300.155696594807	0.79	0.166734950782382	4.7369196101228	2.16991189809006e-06	4.67109789956726e-06
SACI_RS00920	3065.25458584355	-0.43	0.106621763403477	-4.06044887526451	4.89784615001508e-05	9.63380270739662e-05
SACI_RS00925	989.813426478063	-1.49	0.0942463220329177	-15.8118270706843	2.57878263262958e-56	3.48234839352402e-55
SACI_RS00930	11176.1049267331	0.22	0.0826562289927724	2.66138422216877	0.00778200988204089	0.0126026922028808
SACI_RS00935	3591.58157394083	0.11	0.0952917047411024	1.11819013312541	0.26348579745883	0.332171861715602
SACI_RS00940	63723.631134335	0.35	0.0760998306723703	4.61704212167705	3.892482851216e-06	8.26270090122089e-06
SACI_RS00945	15530.8828330427	-0.62	0.0779676340273495	-7.97179649750432	1.56384171571237e-15	5.40418136207295e-15
SACI_RS00950	999.443412613093	-0.70	0.106932018704789	-6.58566981179984	4.52839191908738e-11	1.25387886655487e-10
SACI_RS00955	8896.8532035314	-1.64	0.104689394037131	-15.6481866271032	3.41821461371624e-55	4.49488820552724e-54
SACI_RS00960	4169.57140549096	-1.21	0.110587050283258	-10.9812445727	4.70397948633026e-28	2.5886633192015e-27
nucS	906.459329190876	0.36	0.0851615983663884	4.25482354999677	2.09213933416905e-05	4.2288435246215e-05
SACI_RS00970	1457.01866571985	0.56	0.102460376874114	5.49398780084941	3.92957646657938e-08	9.35372405027811e-08
SACI_RS00975	971.563684641507	-1.36	0.112501282984802	-12.0499649677099	1.94032379200176e-33	1.32281103567343e-32
SACI_RS00980	3444.53158393102	-0.59	0.138421991589175	-4.261727243813	2.02852937416493e-05	4.1049951773447e-05
SACI_RS00985	3033.13164612986	-0.47	0.133602627409645	-3.55236404794076	0.000381786250414243	0.000702542728094552
SACI_RS00990	2437.56069078783	-3.40	0.13247944291767	-25.69510225413	1.32590851264998e-145	1.41068629936791e-143
SACI_RS00995	5536.07293653986	-2.97	0.124785484441148	-23.7993125220626	3.39496186110155e-125	2.38394221886551e-123
SACI_RS01000	1652.47335492866	-0.51	0.12414376837844	-4.12187656689462	3.75798554124766e-05	7.46283214667451e-05
SACI_RS01005	69864.3459712026	1.14	0.0686701870437734	16.5947870486942	7.60129281212048e-62	1.17053241505943e-60
SACI_RS01010	106949.267518964	1.07	0.0956979343559681	11.2130585932339	3.51821822399256e-29	2.02167989925334e-28
SACI_RS01015	6161.58263758662	0.36	0.086432599776949	4.1671783885165	3.08393160244323e-05	6.16962043087075e-05
SACI_RS01020	3253.41131645304	-0.31	0.138555278275412	-2.21475312464006	0.0267770142730374	0.0404361708011331
SACI_RS01025	15792.1941563075	0.14	0.127053495400123	1.13995061497211	0.254306876276804	0.322336260869263
SACI_RS01030	3082.18877966809	0.07	0.0694620406206649	1.04405322953709	0.296460763052787	0.369366124584222
purT	2940.18660187348	-1.10	0.199410895273326	-5.50984112176411	3.59157726781943e-08	8.59579262938925e-08
SACI_RS01040	277.410582029456	-1.01	0.114217460452528	-8.85589970298324	8.30114974218566e-19	3.30445994839159e-18
SACI_RS01045	500.215798206651	-0.03	0.159450557625468	-0.212902099915966	0.831403324437357	0.870580695526264
SACI_RS01050	3287.81785552509	0.19	0.0962959753843214	1.9674504442915	0.0491313036785541	0.0709001262702028
SACI_RS01055	280.415556585672	-0.99	0.145887456480396	-6.8088155533165	9.84055458650618e-12	2.80667645436419e-11
SACI_RS01060	866.006457214259	0.45	0.107334582965019	4.21781331824954	2.46682914511968e-05	4.96050236455623e-05
SACI_RS01065	504.645801238815	-0.28	0.09664028058136	-2.89015466378859	0.00385052332126449	0.00641936722742622
SACI_RS01070	999.009169355313	-1.64	0.118656540779007	-13.8082587765749	2.27258485034945e-43	2.08875534282118e-42
SACI_RS01075	185.688971748903	-3.85	0.159659963605389	-24.1237219677557	1.40946903481069e-128	1.09969906249341e-126
SACI_RS01080	126.042008065154	-1.46	0.180444407899618	-8.07713715799416	6.6304955839789e-16	2.33263226406312e-15
SACI_RS01085	542.787339851469	-1.57	0.111969913628479	-14.0647211139159	6.25690321571679e-45	6.17078291864653e-44
SACI_RS01090	6127.0957975253	-0.20	0.0900356391209365	-2.20188919995918	0.0276731360676439	0.0416639711550162
SACI_RS01095	6847.7460383506	0.46	0.0675040220385245	6.81873345682478	9.1846626806185e-12	2.63028961432721e-11
SACI_RS01100	7289.25754837756	-0.46	0.11220745467276	-4.10675735412837	4.01252352872304e-05	7.94583762512499e-05
SACI_RS01105	580.420266286454	0.71	0.110286656903821	6.44572237318459	1.15051098993717e-10	3.12892647999178e-10
SACI_RS01110	122.42761994565	0.36	0.156464196566978	2.30873824318553	0.020958110817725	0.0321748697337265
SACI_RS01115	38.3671898816618	-0.74	0.212127533405445	-3.50791407119875	0.000451634903285558	0.000824163277253428
SACI_RS01120	825.786101802608	-1.12	0.122938790599278	-9.13396752988599	6.6033844802238e-20	2.74697664811206e-19
SACI_RS01125	6857.04994080527	0.24	0.106210469489432	2.26787081601959	0.0233370815784461	0.0355627141588212
SACI_RS01130	1025.28406210957	1.73	0.134991736240003	12.8450926373266	9.16421630650129e-38	6.99468770698392e-37
SACI_RS01135	2004.84504457607	-0.33	0.13298066905349	-2.47646965913795	0.0132688902435281	0.0209474252001021
SACI_RS01140	934.207903249621	-1.59	0.122994538331523	-12.9384391134716	2.73122237083454e-38	2.12153135929205e-37
SACI_RS01145	152583.683133966	6.59	0.190683834490956	34.5779040550299	5.42885957541902e-262	3.81214519385923e-259
SACI_RS01150	2381.04005614229	0.04	0.124651207006384	0.30591019589356	0.759673022680212	0.812882477930653
SACI_RS01155	8095.83967859747	1.55	0.113447027435107	13.6770177784621	1.3928914717285e-42	1.23496009021181e-41
SACI_RS01160	791.80295615811	-0.88	0.10688794534525	-8.19580398830766	2.48923688328654e-16	8.89085523623502e-16
SACI_RS01165	17974.1170339326	1.58	0.129366060211341	12.2071647909842	2.84635981949929e-34	1.97111821030809e-33
SACI_RS01170	5322.53797319744	0.67	0.180134357705738	3.70950637073494	0.000207663732273074	0.000390732778140816
SACI_RS01175	1293.93070032762	-0.91	0.101647101433226	-8.98170607080626	2.66600235790731e-19	1.08337202298756e-18
SACI_RS01180	42502.6719624543	0.83	0.0647288239308683	12.878600758941	5.94027479917853e-38	4.5637428489969e-37
prpB	15741.402019348	1.16	0.066275167245809	17.5285686841901	8.67251956037097e-69	1.51488637693843e-67
SACI_RS01195	11215.8987795786	0.59	0.101557118155026	5.76257758048994	8.28389438251381e-09	2.04966548111388e-08
SACI_RS01200	77885.0960691824	0.89	0.101635419217108	8.7673128925649	1.82980760128673e-18	7.19423794862006e-18
SACI_RS01205	9957.53029520038	0.09	0.0936870634082041	0.979565102795878	0.327300837916758	0.402223745861302
SACI_RS01210	1880.98459449565	0.83	0.0996993128430543	8.34896848385216	6.8861707771879e-17	2.53697225589787e-16
SACI_RS01215	3220.81724952281	-0.43	0.142628017793193	-3.01378048789901	0.00258014415598403	0.00438050586637328
bluB	2200.43224318726	0.13	0.107902953885275	1.21794211192502	0.223245971663811	0.286482677818582
SACI_RS01225	20.0404753702567	-0.39	0.287992586619631	-1.33904606803074	0.180555676110826	0.236629704675293
SACI_RS01230	5168.32016172564	-1.19	0.15872594401015	-7.48426114272808	7.19507623619691e-14	2.2986271760953e-13
SACI_RS01235	16548.2091989962	-0.90	0.129436956614899	-6.96894769804033	3.19320375437596e-12	9.36619747837427e-12
tatC	2777.1113469074	-2.10	0.0916579182632509	-22.8588690250585	1.19280050007492e-115	6.34533720570158e-114
SACI_RS01245	7906.25113771719	-0.38	0.0868514331239887	-4.39491692501359	1.10815124689179e-05	2.29135396221265e-05
SACI_RS01250	19975.2207065956	-0.09	0.0780908555667551	-1.15094138249142	0.249756351536427	0.31760034416675
SACI_RS01255	4950.68793540441	0.13	0.105608156295104	1.19536442500787	0.231944678640396	0.296561459106493
SACI_RS01260	4149.51124261871	-0.29	0.131219322156801	-2.21758415819416	0.0265831990265929	0.0401607623848399
SACI_RS01265	2930.62824403846	-0.77	0.133694220489317	-5.7963755121041	6.77634427365097e-09	1.68735778331834e-08
SACI_RS01270	840.803163459701	-0.50	0.207666163988801	-2.39053153749407	0.0168240041548012	0.0261021116162206
SACI_RS01275	3428.18644944281	-0.52	0.113581879897357	-4.60905885072008	4.04495834505154e-06	8.57082000571875e-06
SACI_RS01280	5484.91570827529	-1.90	0.108597074077789	-17.5242485968505	9.35695467369603e-69	1.62634989402707e-67
SACI_RS01285	1287.01374043369	0.92	0.228359506543244	4.04380748028451	5.25901078686821e-05	0.000103210658874759
SACI_RS01290	1873.60256137551	-1.33	0.100004536299232	-13.2704977368263	3.43292945187408e-40	2.80302681523951e-39
SACI_RS01295	5028.9570181589	0.06	0.0928404726196532	0.664671835800824	0.50626041157008	0.586046918899621
SACI_RS01300	4553.94754525168	-0.90	0.0915725401603318	-9.8334250693701	8.08222478097065e-23	3.69007687984238e-22
SACI_RS01305	917.848723686747	-0.99	0.0881043713211143	-11.1803416181207	5.08936972327203e-29	2.90549221112327e-28
SACI_RS01310	7674.84642286444	0.20	0.151947581675719	1.32298302850098	0.18584102181857	0.242921752645197
SACI_RS01315	1257.83716697125	-2.35	0.0911806576664013	-25.8253525627807	4.60410993318727e-147	5.0515718673189e-145
SACI_RS01320	1732.99087845969	-1.34	0.100909205220401	-13.2711075946077	3.40510308860488e-40	2.78678716645495e-39
SACI_RS01325	1620.6876437735	-2.20	0.139828780558187	-15.7310184289982	9.27078488217319e-56	1.23294415611023e-54
thiD	4892.59330652023	-0.87	0.0960235073317604	-9.01336362816347	1.99831365459155e-19	8.16772903523972e-19
cas4	1200.60817251069	-1.38	0.0955544226737604	-14.440858241274	2.86255324739129e-47	3.07352429712258e-46
SACI_RS01340	2879.18264895981	-1.79	0.131644899903603	-13.5966891634362	4.18974633431108e-42	3.64113846033817e-41
SACI_RS01345	22578.2902650791	-0.55	0.196660632481676	-2.7773508469437	0.00548039866330702	0.00899143911536025
SACI_RS01350	67091.810298935	-0.47	0.130324938663194	-3.64260375423566	0.000269894135998043	0.000504041655047408
SACI_RS01355	7084.05887431559	0.11	0.0771797034410513	1.40612361702531	0.159687420540954	0.212050882571593
SACI_RS01360	4109.49557947177	0.33	0.0734333859240777	4.52310706272077	6.09383957271354e-06	1.28039920645106e-05
queC	12807.2178894619	1.73	0.111740663838547	15.4924707442581	3.90009453846444e-54	4.99752989947031e-53
SACI_RS01370	3397.45935269796	-0.90	0.0992634758269876	-9.10724506668696	8.45003630939021e-20	3.50272461419941e-19
SACI_RS01375	6613.00651956652	0.15	0.0959345935359965	1.56577437001517	0.117401448450862	0.159580520910173
SACI_RS01380	1129.49023258299	0.07	0.122886717378612	0.584955209029386	0.558577834547691	0.635298599642677
SACI_RS01385	914.500069141886	0.27	0.0948521898892994	2.79473064183704	0.00519429739526881	0.00854600663298444
SACI_RS01390	227.369876645617	-1.54	0.131373053494078	-11.7286401590211	9.09073725279512e-32	5.76129575714146e-31
SACI_RS01395	505.950626979426	-0.81	0.0949884525674363	-8.47559637313972	2.33878310848617e-17	8.82005101385063e-17
SACI_RS01400	526.348583463636	0.75	0.0958673307390263	7.87203490147927	3.4891878470177e-15	1.18706768710069e-14
SACI_RS01405	665.563709488246	-1.08	0.106593506731369	-10.0902935510618	6.09868630467571e-24	2.9053578854432e-23
SACI_RS01410	729.295508723441	1.06	0.100262189270629	10.561820515426	4.47889885063686e-26	2.27904548762116e-25
SACI_RS01415	21310.0004436068	0.29	0.093328395191816	3.06037091370517	0.0022106303184054	0.00378057625324957
SACI_RS01420	19037.7808480846	0.06	0.111474592074171	0.548662811801987	0.583236871601559	0.658227147603045
SACI_RS01425	12847.658907514	-0.91	0.124205294917829	-7.36015711856767	1.83693888560234e-13	5.75333847221215e-13
SACI_RS01430	2729.13487382067	0.58	0.130785477858295	4.4115169716123	1.02648906655483e-05	2.13002548030378e-05
SACI_RS01435	1351.64582504337	1.36	0.167361640600134	8.14347519251911	3.8409123455501e-16	1.35805067927758e-15
SACI_RS01440	1011.52560913517	-0.93	0.136457382268045	-6.81814080836878	9.22262272279227e-12	2.63900801790739e-11
SACI_RS01445	838.986584487719	-1.36	0.18938644682013	-7.20532632882338	5.79050041981902e-13	1.7740355125641e-12
SACI_RS01450	939.48105173699	-1.23	0.102095524155534	-12.0427687670277	2.11728021561401e-33	1.43786669961718e-32
SACI_RS01455	10758.887409552	-0.40	0.0802432470998253	-5.00507399596006	5.58405762624121e-07	1.2448016714751e-06
SACI_RS01460	5319.23642806898	-1.22	0.152752071460323	-7.99654802975888	1.27955871414829e-15	4.43487724123856e-15
SACI_RS01465	1845.0025966266	-1.79	0.142077474227871	-12.6301836704413	1.43941866846239e-36	1.05728011401076e-35
SACI_RS01470	511.698870907459	1.38	0.136022613074283	10.1431061325159	3.55608906782257e-24	1.71033270097603e-23
SACI_RS01475	914.1713527395	-0.18	0.094790533443679	-1.86952212159195	0.0615502088773491	0.0872789916673557
SACI_RS01480	1363.70957778759	0.83	0.146831159398511	5.63235487704116	1.77765415832441e-08	4.33727849192287e-08
SACI_RS01485	30.0784411226373	-3.26	0.313709297805862	-10.3793132117267	3.07982748550871e-25	1.51871830078948e-24
SACI_RS01490	7334.57364413257	-1.56	0.131627157505243	-11.8824939237153	1.45946983199041e-32	9.56007197783271e-32
acs	147279.26558773	0.49	0.0628507997079824	7.78225881482962	7.12409336607958e-15	2.40275617755095e-14
SACI_RS01500	362.51582953536	0.01	0.121887504800141	0.0544165825988835	0.956603267425931	0.967627217497103
SACI_RS01505	1105.92479014172	-0.93	0.163280917797609	-5.69897336258201	1.20531054657666e-08	2.95933239792354e-08
lipA	3078.1482166426	-1.90	0.135270834420067	-14.0252743381176	1.09189091061503e-44	1.06786322762378e-43
SACI_RS01515	1192.45879840348	-2.76	0.121786748080706	-22.6447518260176	1.57155046377956e-113	8.11428482107357e-112
SACI_RS01520	98.1131695599924	-0.67	0.160402602998354	-4.1787525746209	2.93112355313399e-05	5.8806713114591e-05
SACI_RS01525	2197.13289867315	0.67	0.0961046896761347	7.00490760636982	2.47148877229543e-12	7.29193031893215e-12
SACI_RS01530	1180.57630214532	0.98	0.11731982645347	8.3643379864637	6.04533936565407e-17	2.23188081102118e-16
SACI_RS01535	10054.5213486781	0.53	0.171767457978761	3.10756020308135	0.00188638559575178	0.00324907814646105
SACI_RS01540	86516.1792114705	1.27	0.141595084171866	8.99106699668454	2.44841741224478e-19	9.96105855665287e-19
SACI_RS01545	42688.5605684977	0.83	0.165408155441462	5.04277160515197	4.58836797455326e-07	1.0274081606286e-06
SACI_RS01550	7580.58074647037	0.68	0.146001230419904	4.68480737644411	2.80223342276825e-06	5.99551587284541e-06
fdhD	1290.39408568892	-1.09	0.113893079618643	-9.55483032763618	1.23786590587334e-21	5.41913615401657e-21
SACI_RS01560	761.085166579253	-0.81	0.105430741535827	-7.64544446794125	2.08224803178929e-14	6.83888946642863e-14
fdhF	16472.1501065479	-0.33	0.104637315672077	-3.13409876758035	0.00172382822778594	0.00298292799790854
SACI_RS01570	1391.6912086016	-1.90	0.143360378120657	-13.2268034622868	6.14455061236717e-40	4.97085649770072e-39
SACI_RS01575	13957.694734995	3.02	0.243528053373622	12.3880511975254	3.0332509541129e-35	2.1471258265908e-34
SACI_RS01580	7803.84602135487	2.67	0.218353316071002	12.2152999387517	2.57549871127168e-34	1.79060910401483e-33
SACI_RS01585	749.068829524401	2.33	0.341410589695803	6.8124706427475	9.59366384827702e-12	2.74071226780314e-11
SACI_RS01590	6871.17495983554	-2.11	0.116310068624398	-18.1534766327329	1.20525317141812e-73	2.39075925697685e-72
SACI_RS01595	5883.52063887859	-2.20	0.122928832591597	-17.8652260681545	2.20038837529814e-71	4.10934233280413e-70
SACI_RS01600	11415.7138637416	-0.91	0.113159441058707	-8.05839705693135	7.73013804788631e-16	2.70863420021246e-15
SACI_RS01605	33296.899288808	-0.10	0.111993702199068	-0.909311414818039	0.363185766910658	0.441074101564621
SACI_RS01610	120581.285045569	0.31	0.132711769210343	2.30288799221865	0.0212851459410989	0.0326483824373954
SACI_RS01615	49383.8193345504	1.16	0.176065020827121	6.57651394767098	4.81605842703474e-11	1.32829388352859e-10
SACI_RS01620	180052.191710201	0.95	0.137772571421344	6.92068244730273	4.49473022342961e-12	1.30854044896031e-11
SACI_RS01625	68599.1229731389	0.64	0.134305073266646	4.79821151891361	1.60088670792988e-06	3.47601313020519e-06
SACI_RS01630	93741.0076617431	0.11	0.13171873499156	0.80449429559467	0.421111562477735	0.50204505801675
SACI_RS01635	31535.2508899534	0.81	0.0903582606016342	8.94613686017779	3.68140559668121e-19	1.48738953394105e-18
SACI_RS01640	30841.4963800331	0.72	0.0987803138474084	7.28774462230248	3.15186683831537e-13	9.79310130028785e-13
SACI_RS01645	51835.8284384749	0.76	0.125282291903539	6.05963545664582	1.36430393618443e-09	3.54033342198341e-09
SACI_RS01650	23174.2462628282	1.59	0.113434924342126	14.0073005126648	1.40650358208613e-44	1.37173168797344e-43
SACI_RS01655	14072.8428133784	1.22	0.131354962133571	9.29669903537112	1.4487359208714e-20	6.12095284979479e-20
SACI_RS01660	995.429708799543	0.03	0.128123583675191	0.250135994070979	0.802482181279611	0.848389072566547
SACI_RS01665	2164.31862290608	-0.01	0.0876805984521994	-0.062818459476027	0.949911066363201	0.963634138688587
SACI_RS01670	393.108319713634	0.08	0.119607145691822	0.660392094281208	0.509002244178397	0.588638629548864
SACI_RS01675	303.297564720616	-2.58	0.143481091832188	-17.9620224026025	3.86466675614081e-72	7.41466938842097e-71
SACI_RS01680	2678.94830636551	-1.22	0.120640428825854	-10.088659782388	6.20103461480455e-24	2.94612077572108e-23
SACI_RS01685	3080.71244901004	-0.87	0.116507436238139	-7.49910776415393	6.42536877000307e-14	2.05646943951511e-13
SACI_RS01690	4469.38447004764	-0.28	0.0737118889323515	-3.80537062376386	0.000141592010965663	0.000271210884070072
SACI_RS01695	1228.52704762233	1.12	0.098292531658744	11.4294196663831	2.98094366723543e-30	1.79521324453921e-29
SACI_RS01700	542.675407049698	0.34	0.132343066785497	2.58974340214597	0.00960474955114825	0.0154123746225235
SACI_RS01705	1930.60870209903	0.02	0.083145140145384	0.236699923401904	0.812889594388628	0.856302239993541
SACI_RS01710	9282.36931255831	0.85	0.141391677110054	5.99710966182242	2.00860427056949e-09	5.16645391499595e-09
SACI_RS01715	13634.7627301154	0.30	0.0931115015893202	3.20651315885736	0.00134354159999584	0.00234720836929581
SACI_RS01720	2069.00849308617	0.95	0.115127988673243	8.27336137628841	1.30234201108399e-16	4.71880578009894e-16
SACI_RS01725	1351.05882807146	-0.06	0.110266269786241	-0.507871327558496	0.61154358379975	0.685108335265131
SACI_RS01730	3678.18013348176	2.17	0.134826326162731	16.0956622771499	2.73627843382631e-58	3.87381999240491e-57
SACI_RS01735	3516.30600729198	-3.18	0.0942293939289906	-33.7193818217313	3.00594260669139e-249	1.75897741534891e-246
SACI_RS01740	1963.58650293952	-0.42	0.111203759916866	-3.76712097987482	0.000165140985746974	0.000313919870578032
SACI_RS01745	11477.6072154574	0.49	0.112657717085906	4.38159179992873	1.17815384510804e-05	2.43466636266882e-05
SACI_RS01750	29.4752480390743	-0.25	0.262117819624648	-0.955338802972367	0.339406390676411	0.415935719952837
SACI_RS01755	1934.67141402442	0.09	0.104729815899397	0.814601311292474	0.415300559626775	0.496296890690812
SACI_RS01760	49128.3087350538	0.11	0.149794560116417	0.728036875486124	0.466591013389136	0.547344152358588
SACI_RS01765	4041.00759212218	0.22	0.112375505864807	1.92479779191031	0.0542546603607594	0.0777502500108679
SACI_RS01770	31166.4768079516	-0.06	0.152072276124659	-0.374126511841202	0.708310195020577	0.766844617550801
SACI_RS01775	2445.954969824	-2.33	0.112755340181226	-20.7075523690925	2.96125394230134e-95	1.00941384382719e-93
SACI_RS01780	945.543722465218	-0.27	0.0955381272578782	-2.78028477347789	0.00543112480090901	0.0089147635231377
SACI_RS01785	3753.60981733774	-0.67	0.0942207546635945	-7.16113485158558	8.00118916766551e-13	2.43433060378454e-12
SACI_RS01790	1400.42652479835	-1.17	0.0856313938108629	-13.6365420855532	2.42803486541573e-42	2.13654897555755e-41
SACI_RS01795	6335.25190406965	0.06	0.0771985853019647	0.742185693019123	0.457974835659153	0.539187210087972
SACI_RS01800	5485.73465172169	0.39	0.154215570705107	2.55113353655089	0.010737317687462	0.0171124477533723
SACI_RS01805	10404.418373697	0.42	0.113270552617593	3.73794376272101	0.000185531431615496	0.000350403903389998
SACI_RS01810	1280.65424900582	0.52	0.0966431436756759	5.36385717309251	8.14633275569269e-08	1.90171371710353e-07
SACI_RS01815	3809.39212161446	0.61	0.0877104569873198	6.90101475290339	5.16323698278548e-12	1.49819215260825e-11
SACI_RS01820	22859.4020486921	-0.66	0.149191821795918	-4.43203348477272	9.33485163537459e-06	1.94047744770872e-05
leuS	38944.8287140246	-0.47	0.0850442902421848	-5.50887031762669	3.61143830293005e-08	8.63743861143555e-08
SACI_RS01830	1652.60455248172	-1.58	0.114546832882434	-13.8279434962481	1.7289294839885e-43	1.60165472777932e-42
SACI_RS01835	2265.59166732714	-1.46	0.129838978940201	-11.2200442254841	3.25107822739019e-29	1.87430798955122e-28
SACI_RS01840	1178.96231206352	0.61	0.11804961250073	5.14191473687607	2.71952538102519e-07	6.15619188444838e-07
priX	721.642992810113	-1.53	0.118875775751031	-12.861890839007	7.37502495507594e-38	5.65364904307241e-37
SACI_RS01850	4550.55452630753	-0.29	0.111854834753714	-2.59075050378152	0.00957668938301307	0.015374374222112
SACI_RS01855	3646.26810818403	-0.18	0.098283393673475	-1.81586878894145	0.0693905020442279	0.0980008256948046
sfsA	497.446937678917	-2.57	0.123327635717276	-20.8632404786565	1.15569605415243e-96	4.05764884612918e-95
SACI_RS01865	1642.43202826006	-1.33	0.107151486247652	-12.4246947856898	1.91957636920566e-35	1.36706544265336e-34
SACI_RS01870	1.00584313261934	-2.31	1.46841723155407	-1.57051213908267	0.116296012544438	0.15820042620826
SACI_RS01875	4242.81059792878	-1.24	0.140815175165027	-8.80997250470539	1.25176558742471e-18	4.96604404231431e-18
SACI_RS01880	17280.2178072579	3.04	0.425792613655796	7.14891985923792	8.74633708015767e-13	2.65184710608235e-12
SACI_RS01885	10817.5384996289	0.37	0.119525212093936	3.09880071396817	0.00194305670927828	0.00334415299327257
SACI_RS01890	60707.5407810359	0.80	0.104915177042493	7.65230611698364	1.97406614621847e-14	6.50182574050004e-14
SACI_RS01895	8931.92392188729	0.48	0.130237593807203	3.70052306861109	0.000215155518260241	0.000404612225287471
SACI_RS01900	1677.37453301282	0.64	0.130218272041688	4.95074713008648	7.39291120048998e-07	1.6335123489566e-06
SACI_RS01905	2129.35847151465	0.20	0.123463050375845	1.66021891804864	0.0968704201920544	0.133377272664433
SACI_RS01910	1319.58739612699	-0.19	0.0735659121547628	-2.59188133945822	0.00954526883656752	0.015330941850498
SACI_RS01915	210.909758552443	-0.82	0.115614812770343	-7.11396054006832	1.12759402557266e-12	3.37797152200138e-12
SACI_RS01920	292.000658421825	-2.26	0.130212609689306	-17.3560156149016	1.77631163608433e-67	2.99837988187119e-66
SACI_RS01925	5880.3389698058	0.56	0.0986458932169264	5.68867415661644	1.28029498107664e-08	3.13904726156429e-08
cobM	2767.42711923313	-1.00	0.0921253062841983	-10.8139555896962	2.95640850332809e-27	1.56796831649319e-26
SACI_RS01935	2045.52975352436	-0.88	0.100609867118501	-8.73650722343638	2.40428540053148e-18	9.42125674248441e-18
cbiT	2133.84612066958	-0.62	0.134059699269769	-4.66009462195812	3.16064054346974e-06	6.75411378461488e-06
cbiD	2382.03082152141	-1.85	0.132993100450119	-13.9256745054249	4.42345691590977e-44	4.20887729857973e-43
SACI_RS01950	3277.91934754734	-0.97	0.0900482276549736	-10.8172060149211	2.85343733875405e-27	1.52255600248716e-26
SACI_RS01955	3099.01858134113	-2.18	0.182566029389417	-11.9471636237625	6.71790371059748e-33	4.48413686842353e-32
SACI_RS01960	398.255381084571	-1.68	0.0882134748498357	-19.0763303971079	3.97185332164741e-81	9.42241690020545e-80
cbiG	514.271994628337	-2.17	0.144418170823502	-15.0326072598163	4.48980356781054e-51	5.38010250054021e-50
SACI_RS01970	1047.77202498936	-0.83	0.128971321972846	-6.43616548300847	1.22529444565953e-10	3.32715297657433e-10
SACI_RS01975	372.619192275946	-3.00	0.135049693121699	-22.2503839189091	1.11831431240496e-109	5.3786322614436e-108
SACI_RS01980	355.445314626739	-2.29	0.201162034517323	-11.4062576719694	3.89112540228805e-30	2.33534039101425e-29
SACI_RS01985	20267.3667687723	-0.44	0.101466615321159	-4.3673937900051	1.25737906170767e-05	2.59228296280424e-05
SACI_RS01990	71.7508872094881	-1.49	0.184535971866552	-8.04979631207691	8.29319404828281e-16	2.89725415955432e-15
SACI_RS01995	210.618307139898	-2.04	0.135703070924799	-15.0383943964984	4.11407856348257e-51	4.96375595752141e-50
SACI_RS02000	3248.99637126241	-0.63	0.0849861277814298	-7.41811169126145	1.18801898535425e-13	3.74428604809585e-13
SACI_RS02005	3784.99244968656	-0.91	0.117555601650766	-7.71525196783888	1.20743455784204e-14	4.02975544922378e-14
SACI_RS11520	295.620276718182	-0.70	0.10973173994273	-6.36831886552303	1.91111289613243e-10	5.13383119993954e-10
cobS	112.250410544632	-1.11	0.139892076221153	-7.94971522127627	1.86940746167472e-15	6.44110853576049e-15
SACI_RS02015	1271.33278225457	-0.85	0.0760387856784458	-11.2121626631884	3.5540189804205e-29	2.03558901146107e-28
SACI_RS02020	1524.40054332004	-0.51	0.180595236732159	-2.80157606398252	0.00508536512702121	0.00837194561936242
htpX	60309.5341704962	0.50	0.0922842647634812	5.47013237103207	4.49699582341794e-08	1.06754241622856e-07
SACI_RS02030	3813.39291513377	0.90	0.0999334911291787	8.96150411320241	3.2027925357736e-19	1.29550744160151e-18
SACI_RS02035	502.776522661424	0.30	0.120485139632608	2.51189938513358	0.0120083320244506	0.019086126635512
SACI_RS02040	1500.43066293122	-0.71	0.0708124756114027	-10.0888545084981	6.18874715275061e-24	2.94426710749423e-23
SACI_RS02050	1608.24507781549	-1.92	0.0750541034337249	-25.6121979640675	1.11575620172805e-144	1.15218236007858e-142
SACI_RS02055	2986.41075811824	-0.56	0.0722146942081116	-7.73045210877543	1.07165301143763e-14	3.58681956449715e-14
SACI_RS02060	33853.5012447557	0.89	0.0778940303064176	11.38391747196	5.02888542365134e-30	2.99261300380337e-29
SACI_RS02065	3643.10117535105	-0.16	0.0820224161310735	-1.97836855595298	0.0478871443098076	0.0693326860501998
SACI_RS02070	8710.60888489964	-0.79	0.0681214599427099	-11.5360140262083	8.68575928557419e-31	5.33141623280611e-30
SACI_RS02075	561.981991242786	-1.04	0.0990217518261952	-10.4653267661756	1.2464572498417e-25	6.27878250243069e-25
SACI_RS02080	294.641551437162	-1.60	0.128022859711606	-12.4910059649511	8.35899741420225e-36	5.98947753495186e-35
SACI_RS02085	5685.31167386988	-0.94	0.116577275060359	-8.02141855559179	1.04530880017286e-15	3.64095158472907e-15
SACI_RS02090	6625.72825891843	1.23	0.0928347983624169	13.2014237920457	8.60922851481837e-40	6.93279846686406e-39
SACI_RS02095	3902.0798208241	1.19	0.095076417204788	12.559764531253	3.513769039963e-36	2.55421182180333e-35
SACI_RS02100	123535.172421479	0.91	0.0939453814060551	9.63463864867263	5.70925153021935e-22	2.54703711850065e-21
SACI_RS02105	231.962136457701	1.03	0.144044459219702	7.14951136464382	8.70873387848996e-13	2.64272814584082e-12
SACI_RS02110	275.602977254394	-1.79	0.128138813880981	-13.9785267940561	2.108065865973e-44	2.02778609737841e-43
SACI_RS02115	2257.60399423953	-1.80	0.10076085487585	-17.882233147933	1.62207839461554e-71	3.04551724251078e-70
SACI_RS02120	827.155447308146	-2.78	0.1232506782427	-22.5176882995339	2.78523475470997e-112	1.37731820053334e-110
SACI_RS02125	796.752328028076	0.13	0.0983709719346877	1.32893725457171	0.183868671571909	0.240702052904166
SACI_RS12010	347.382973568847	-0.71	0.141737632538895	-4.99898952791622	5.76315323279348e-07	1.28391059646814e-06
SACI_RS02130	1253.67229601932	0.40	0.110959271246983	3.61613269377077	0.000299037128901728	0.000555512888663474
SACI_RS02135	2673.9711966027	-0.60	0.0907919282981121	-6.58666843090352	4.49805235115406e-11	1.24646107378863e-10
SACI_RS02140	57.0211321914752	-3.02	0.251766334436377	-11.9964543663167	3.70845411622922e-33	2.50391969270784e-32
SACI_RS12015	17.8449611535914	-1.17	0.293526084042108	-3.97864148253795	6.93101623068841e-05	0.000135043274061859
SACI_RS02145	459.47162532971	-0.96	0.114829755716172	-8.39657761548002	4.59679924221024e-17	1.70246436069622e-16
SACI_RS02150	12492.6845222805	-0.89	0.0724487777892157	-12.2237695152355	2.32069051078207e-34	1.61665563161822e-33
SACI_RS02155	829.745386009534	1.20	0.113270545535026	10.6048696483303	2.82858149293174e-26	1.44980286447932e-25
abfR1	49284.9605191339	3.17	0.101801938277956	31.1109735703613	1.71141239583784e-212	8.58395560255236e-210
SACI_RS02165	719.893102291987	-0.97	0.114911226272767	-8.4257438789732	3.58465517037588e-17	1.33606415108171e-16
SACI_RS02170	380.850709802775	0.10	0.108625114678099	0.950529780361048	0.34184312936161	0.418337827531757
cbp1	23811.5401030675	2.04	0.135085456688355	15.0921595709425	1.82374048240139e-51	2.21562381789318e-50
SACI_RS02180	6674.60947703074	0.69	0.0834299298527295	8.2308660394879	1.85864733189424e-16	6.67933549875197e-16
SACI_RS02185	74623.8833191454	-0.52	0.176852687538155	-2.94127805644569	0.00326860982185283	0.00548308126350946
SACI_RS02190	3028.22304770722	-1.18	0.0820822803809684	-14.3759196781924	7.32899677008283e-47	7.70422385022778e-46
SACI_RS02195	1810.45977355054	0.84	0.137502955669124	6.13067281845361	8.7508202284411e-10	2.29113570634278e-09
SACI_RS02200	340.984910640694	-1.42	0.120478544365693	-11.7840945202514	4.71459543665409e-32	3.03723753726468e-31
SACI_RS02205	472.548494074467	-0.42	0.141203392582006	-2.96048543246329	0.00307154647385874	0.00517475991829081
SACI_RS02210	31421.9185803795	1.07	0.163779085638193	6.56086231975413	5.34974988162166e-11	1.4743305992444e-10
SACI_RS02215	27.6108307917882	0.03	0.299737757275576	0.115969547664626	0.907676676362465	0.92955127328595
coaBC	4448.23873475018	-0.80	0.0782239893858672	-10.1815719122066	2.39658288148823e-24	1.16542970871263e-23
SACI_RS02230	190.67278586019	-0.52	0.148218656534375	-3.52822314898942	0.000418359315487601	0.000766628161104888
SACI_RS02235	430.903415124862	-0.60	0.110258349760106	-5.41820120331754	6.0201645634107e-08	1.41572657616443e-07
SACI_RS02240	541.035646145074	-0.88	0.0998546189460774	-8.77523236012613	1.70551344505708e-18	6.72060348551672e-18
SACI_RS02245	715.688454375084	-0.84	0.100208161973295	-8.41397110971771	3.96358380456562e-17	1.47105102936891e-16
SACI_RS02250	410.456465063106	-1.77	0.126810053793964	-13.9846368490724	1.93461820149465e-44	1.86605618281531e-43
SACI_RS02255	562.288311683423	-0.93	0.105321174389618	-8.79780777332513	1.3951475474804e-18	5.51617459369784e-18
SACI_RS02260	149.50866510185	0.21	0.12831734928908	1.65123623304323	0.0986903472747824	0.135723387889448
SACI_RS02265	128.642703851849	0.28	0.155168658908375	1.79146787093878	0.0732182459695962	0.103033772184069
SACI_RS02270	67.1266849305993	1.11	0.326399312531734	3.3938629069969	0.000689141820113366	0.00123510818295969
SACI_RS02275	22524.5141638665	-0.48	0.0981945204442619	-4.91865809975355	8.71395202333912e-07	1.91336369943362e-06
SACI_RS02280	7574.25456014032	-2.03	0.109997959859972	-18.4479392813192	5.41717305246133e-76	1.14576473416818e-74
SACI_RS02285	2208.87604082491	-0.44	0.138530292497533	-3.1829974646258	0.00145758890581608	0.00253723086183454
SACI_RS02290	306.864338127126	0.11	0.135014167804698	0.838020260791913	0.402019324541982	0.482066205077493
SACI_RS02295	55.1428609097164	2.01	0.231655441971778	8.69508658110957	3.46565416816869e-18	1.34749853648286e-17
SACI_RS02300	27.435847314629	1.72	0.326504875752624	5.26243197570216	1.42162269017796e-07	3.28592315024017e-07
SACI_RS02305	61.0723582012304	2.59	0.291387247104173	8.90294381276169	5.43847128416341e-19	2.18222544899403e-18
SACI_RS02310	92.2913954374985	3.45	0.298965219786647	11.5494918707287	7.42581653339669e-31	4.58208116849838e-30
SACI_RS02315	5695.28893566407	2.52	0.123534460986082	20.4257368164597	9.87574409161324e-93	3.15215795505946e-91
SACI_RS02320	46.1874845925757	1.35	0.255453022200546	5.28591952813427	1.25074871692896e-07	2.90435102191638e-07
SACI_RS02325	39.6068601454804	0.73	0.259795553972377	2.82227350594595	0.00476844910555441	0.00788602204879959
SACI_RS02330	688.598482489099	2.63	0.193969087631116	13.5717730580522	5.88802812254611e-42	5.09183909809345e-41
SACI_RS02335	866.146020902365	2.37	0.170154117385114	13.9553211064598	2.91983705373141e-44	2.7933373012673e-43
SACI_RS02340	4107.97444841449	1.55	0.0958459315140983	16.1490031934448	1.15411662811657e-58	1.64719653712085e-57
SACI_RS11795	1680.54873954198	3.42	0.205087083864031	16.6520987906525	2.921732411986e-62	4.51903193765764e-61
SACI_RS02345	287.918999808608	4.88	0.298825416532026	16.3390158822016	5.20868269907611e-60	7.74901904934585e-59
SACI_RS02350	1011.56728624711	2.96	0.251241266421883	11.7877006392518	4.51705415371116e-32	2.91532667898527e-31
SACI_RS02355	1105.18190508468	1.28	0.16571486804164	7.7333922685068	1.04717990870795e-14	3.50825253766566e-14
SACI_RS02360	1934.0837385161	3.68	0.194567441417209	18.9300740892723	6.44716381184554e-80	1.48921000943353e-78
SACI_RS02370	1237.8339864558	-0.85	0.0943197648683045	-8.97180269812611	2.91700572175081e-19	1.18263361305625e-18
SACI_RS02375	1010.62241345369	-0.59	0.112825706544526	-5.26913548127413	1.37067773115561e-07	3.1744389934613e-07
SACI_RS02380	1183.60325015939	0.40	0.110823919086241	3.60927056384181	0.000307059218379049	0.000569717767126482
SACI_RS02385	11848.6465341062	-0.27	0.0901632053913907	-2.95356045931132	0.00314131069056117	0.00528215605103461
SACI_RS02390	1678.29998185704	-2.66	0.100210343648571	-26.5629773898172	1.81863000523618e-155	2.28043212442293e-153
SACI_RS02395	1124.17414115889	0.11	0.122104660521434	0.922304472405298	0.356369781827425	0.433928985875229
SACI_RS02400	1237.04994546395	-0.58	0.13662619220158	-4.27111777571866	1.94495652147662e-05	3.94496958226713e-05
SACI_RS02405	4472.97086084242	0.51	0.12450158152191	4.12226256397588	3.75169227640197e-05	7.45455098044556e-05
SACI_RS12020	43.5807522092115	-0.11	0.327841858255157	-0.324169539783	0.745809681679638	0.801297099317263
SACI_RS02410	2146.90614787711	0.79	0.123545276239229	6.38393112879488	1.72598739184265e-10	4.66149364058427e-10
SACI_RS02415	3091.15703482026	1.05	0.0739287974214571	14.140894426887	2.1256539087907e-45	2.13844437643672e-44
SACI_RS12025	173.634723969453	0.57	0.229684511397869	2.46872657775216	0.0135594780218826	0.0213581549281426
SACI_RS02420	208.955640754952	1.24	0.15957822403048	7.75697116848399	8.6981693720082e-15	2.92521768822996e-14
SACI_RS02425	157.21510997049	2.25	0.173652902313421	12.9671057802023	1.87995701630164e-38	1.46678424094112e-37
SACI_RS02435	15.6760699472655	0.31	0.349151693167612	0.893515175962782	0.371581348770509	0.449869695011468
SACI_RS02440	85.8988277938629	0.11	0.199607115066097	0.536906640117541	0.591332104103293	0.666078606835631
SACI_RS11495	19.2119307614267	1.20	0.349799382000024	3.42866630010163	0.000606554805848406	0.00109043211640233
SACI_RS12030	1383.20282529268	1.93	0.172555237058943	11.1559783707446	6.69522428102956e-29	3.79756582402177e-28
SACI_RS02455	8785.54368121244	0.40	0.0827743445149671	4.79614505787826	1.6174816981542e-06	3.5098753042147e-06
SACI_RS12035	1204.02670192971	0.93	0.0973806023065526	9.59656084630686	8.26564266291973e-22	3.6412385683201e-21
SACI_RS02465	4157.63104937012	0.60	0.117573897726404	5.1308762639081	2.88396451676878e-07	6.52002538208319e-07
SACI_RS02470	122.337046873035	0.02	0.15692841494534	0.129711733344539	0.896794499133589	0.922815207051006
SACI_RS12165	12.2733198873208	1.41	0.420869836167383	3.36190074383954	0.000774079428323593	0.00138239718862876
SACI_RS02475	195.766069684519	0.87	0.12694987412503	6.83104418420067	8.42987621241104e-12	2.41864083646954e-11
SACI_RS11530	8.90760843687267	1.14	0.444755466014817	2.55693230214239	0.010559976648267	0.0168451058664541
SACI_RS02480	172.909829309214	0.92	0.127662389778913	7.16971995434189	7.51513358483785e-13	2.28843313238211e-12
SACI_RS11535	32.7537908856781	1.15	0.303061769269918	3.7928509831913	0.000148927535084751	0.000284176399827478
SACI_RS02495	2567.75209875762	1.16	0.103166048329905	11.2648942891492	1.95586521129003e-29	1.13692760874823e-28
SACI_RS02500	99.5238565291446	0.33	0.552494975632897	0.600030041309806	0.548486214673526	0.625441734237983
SACI_RS02505	29.9947677307066	2.45	0.369509519935056	6.62251218825543	3.53144931379157e-11	9.83260788320554e-11
SACI_RS02510	77.5571153386745	-1.82	0.171804363029943	-10.6044933330837	2.83999113619508e-26	1.45352899113425e-25
SACI_RS02515	89.5221195848345	-2.17	0.2227493803937	-9.74155675527894	2.00459546521665e-22	9.04644560202527e-22
SACI_RS02520	577.204047788981	-1.16	0.130509386423133	-8.90770361917585	5.21004556276583e-19	2.09295995090055e-18
SACI_RS02525	1985.58091501287	-0.48	0.109430658649958	-4.37482038149296	1.21532507677511e-05	2.5087576281404e-05
SACI_RS02530	2559.18493846567	0.51	0.115743849240966	4.40191786359675	1.07298178962422e-05	2.2251855070116e-05
SACI_RS02535	125.53047680994	-1.79	0.166827637107274	-10.7382037503047	6.73418325710932e-27	3.5079699429838e-26
SACI_RS02540	386.320730065559	-2.06	0.114858079525469	-17.9278609864255	7.14771063860301e-72	1.36389195935517e-70
SACI_RS02545	289.296687782457	-3.09	0.165631820714714	-18.6401761133756	1.51740424397063e-77	3.2886458645561e-76
SACI_RS02550	14.9070351752773	-0.57	0.336427484002337	-1.68231057484035	0.0925086316059301	0.127722298689902
SACI_RS02555	37.680234554701	1.13	0.251859701964316	4.47907870763774	7.49658901430859e-06	1.56576585539783e-05
SACI_RS02560	390.823810494178	1.41	0.185989674923422	7.58637380333799	3.28982454381472e-14	1.0675206999384e-13
SACI_RS02565	125.6123396941	1.21	0.400652510272676	3.01724873930296	0.00255080408068746	0.00433278816027755
SACI_RS02570	7592.8610770643	-0.80	0.114332502375927	-6.99004000228412	2.74807877838211e-12	8.08759814828128e-12
SACI_RS02575	5723.55235977558	-0.34	0.0980240632612345	-3.46287323357746	0.000534440122363229	0.000968224597325747
SACI_RS02580	219.602928985913	1.45	0.253928101459919	5.69329912394427	1.24607799456936e-08	3.05728849680854e-08
SACI_RS02585	13019.9352709571	0.52	0.0974289183416408	5.30336999562639	1.13684173850066e-07	2.64216944431564e-07
SACI_RS02590	14228.2604975227	2.20	0.116251461062458	18.9295798887486	6.50792983970826e-80	1.49342102400103e-78
SACI_RS02595	326.002849113184	0.86	0.149421674069999	5.73656313017981	9.66170468105116e-09	2.38385419080609e-08
SACI_RS02600	2588.42015177373	1.37	0.171803076759226	7.98619841628501	1.39163634497211e-15	4.8185751550267e-15
SACI_RS02605	883.42960578968	-1.45	0.103427714117602	-14.0574632971014	6.93269945638673e-45	6.81812543175737e-44
nadC	2163.37995725194	-0.18	0.0762007055873637	-2.39817086551366	0.0164771771048024	0.0255753177784974
SACI_RS02615	1884.92832249049	-0.40	0.0941231748296501	-4.25298498286899	2.10939727368813e-05	4.2612737790098e-05
SACI_RS02620	664.052527798473	0.06	0.0981605130730446	0.633912880641338	0.526137679001476	0.604077629487961
SACI_RS02625	765.115879045077	0.45	0.0907750668806445	4.92067368577543	8.62468233797691e-07	1.89494741480832e-06
SACI_RS12170	25711.7228708309	2.58	0.11871806458351	21.7121442715781	1.5753413928339e-104	6.82842423486399e-103
SACI_RS02635	6932.3182812238	1.01	0.0666524281220661	15.1019640136912	1.57180945444347e-51	1.91618853977466e-50
SACI_RS02640	2139.60588782412	0.52	0.0902963404416245	5.75495411391916	8.6665332055605e-09	2.14283085103682e-08
SACI_RS02645	1051.6876710563	2.87	0.138559953083131	20.7440804522412	1.38650214128181e-95	4.77255786082395e-94
SACI_RS02650	688.123646381079	-0.09	0.0962045647958383	-0.924160128607178	0.355402951182159	0.433120361541326
SACI_RS02655	769.871861602879	-2.21	0.0827462832974532	-26.683622304158	7.29193589502551e-157	1.02407947709738e-154
SACI_RS02660	3708.66552723094	-1.34	0.118505576255188	-11.3455765234865	7.80103878704393e-30	4.59554482907907e-29
SACI_RS02665	2430.90674275543	0.24	0.128519879465313	1.8883450665271	0.0589796409008377	0.0839390025143256
SACI_RS02670	6109.26456800197	0.87	0.107425894123117	8.06943841824535	7.06222429869302e-16	2.47954695127112e-15
SACI_RS02675	15.8772673321101	1.59	0.407149016634138	3.89989220103285	9.62355267488025e-05	0.00018585419934821
SACI_RS02680	26.9113755763843	1.52	0.376576338971702	4.02823071476801	5.61981808492321e-05	0.000110230063107069
SACI_RS02685	692.057640570309	1.13	0.12833681001037	8.8073321090129	1.28159555847717e-18	5.0786478620918e-18
SACI_RS02690	814.145611563849	1.12	0.107314819081902	10.4784801815678	1.08472868099402e-25	5.4719574697845e-25
cedA2	33.8230911349263	-1.82	0.294295332954157	-6.19874419503853	5.69154476344277e-10	1.50248223040959e-09
cedA	1059.87866931877	-1.88	0.186146524778294	-10.096155790602	5.74502669608237e-24	2.74059629482951e-23
cedA1	1174.90498979697	-0.31	0.156715789280291	-2.0030025036152	0.045177019751539	0.0656797169141422
SACI_RS02705	4703.2434875811	0.56	0.0941816044516459	5.97181922028676	2.34622436282344e-09	5.99533750936905e-09
SACI_RS02710	4435.08753396715	0.94	0.114689484319442	8.23135728187412	1.8510396873227e-16	6.65881182601433e-16
SACI_RS02715	773.064662890736	-1.63	0.106442913014085	-15.278669033144	1.06085292918707e-52	1.3350016610666e-51
SACI_RS02720	11397.2740168347	-0.78	0.0867439567986667	-9.00134897936706	2.22961009520444e-19	9.10251284216603e-19
secY	31076.1793018778	-0.95	0.114849520351554	-8.27845377345617	1.24784920789907e-16	4.5260315794769e-16
SACI_RS02730	10000.21551605	-0.69	0.209208240017383	-3.28660415166833	0.00101403267364738	0.00179811551372522
SACI_RS02735	7743.60590536961	-0.61	0.177519246180329	-3.45499166428553	0.000550309836068128	0.000994409590548224
SACI_RS02740	13536.6379664789	-0.48	0.157310711820411	-3.07606299237084	0.00209753526368143	0.00359592105018822
SACI_RS02745	9464.60018332	-0.31	0.14478038645722	-2.15924881846278	0.030830868516429	0.0461411676731383
SACI_RS02750	9281.69944570371	-0.37	0.20724126851061	-1.80090977916592	0.0717171013875435	0.101083397419376
SACI_RS02755	5120.26257146448	-1.06	0.180021267679127	-5.90423114037469	3.5429514332003e-09	8.91706271108692e-09
SACI_RS02760	8784.1368641064	-1.04	0.16229796690914	-6.39382488955784	1.61786701611042e-10	4.37621809981793e-10
SACI_RS02765	5886.68980418809	-0.99	0.156033933664756	-6.37415054763484	1.83979799321405e-10	4.94983199553603e-10
SACI_RS11545	1325.20557117142	-1.06	0.173198570929388	-6.1237992485701	9.13700054966103e-10	2.39046266243367e-09
SACI_RS02770	8326.01961101203	-1.26	0.179189612086182	-7.00790106179077	2.41919772109559e-12	7.14365281645636e-12
SACI_RS02775	11617.1495764375	-0.94	0.191971926507515	-4.88376357414439	1.04079862494233e-06	2.27820696519484e-06
rplX	5313.26320147036	-0.81	0.219705877683329	-3.69225845008102	0.000222271414711282	0.000417323495749365
SACI_RS02785	3682.54180012725	-0.79	0.186654589138203	-4.23976946198276	2.23749458956922e-05	4.51225933600087e-05
SACI_RS02790	4700.66702916077	-0.45	0.213928763915969	-2.10999622144566	0.0348586813417691	0.0518596738097252
SACI_RS02795	2248.33679967186	-0.22	0.202128379358028	-1.08054762535873	0.279898390885385	0.350972589428067
rpmC	3036.29589481496	-0.24	0.191317931312479	-1.24563582357811	0.212898124260518	0.27501299274418
SACI_RS02805	11026.6008052329	-0.14	0.150890548792681	-0.952202238246222	0.340994426103943	0.417444710617484
SACI_RS02810	10852.0396120603	0.17	0.119350865210126	1.42831934583974	0.153199961990482	0.204363627108124
SACI_RS02815	12832.9993512014	0.43	0.112379638246881	3.86039544970153	0.000113203670028679	0.00021790465212209
SACI_RS02820	10427.113856609	-0.09	0.157024459249925	-0.566972997630184	0.570732527338024	0.646456351272576
SACI_RS02825	4154.37302959842	0.17	0.140427530137711	1.22193355141397	0.221732756318179	0.284853167739892
rpl4p	16322.2794177649	-0.20	0.127684720077435	-1.5363297994931	0.124457514446113	0.168584233495488
rpl3p	47739.4765459114	0.62	0.133195500389852	4.62805825879834	3.69110192480947e-06	7.84470875181965e-06
SACI_RS02840	213.859135246673	-2.22	0.153017270245613	-14.5184376561877	9.25967121880562e-48	9.97260909485476e-47
ileS	20960.8724446262	-1.33	0.159978575772554	-8.30355798460728	1.01039029011191e-16	3.69144673109566e-16
SACI_RS02850	4734.77334204879	-0.28	0.103545341540715	-2.7465259002324	0.00602301301462321	0.00985405344563937
SACI_RS02855	795.537443605826	0.67	0.138974649031178	4.82811835233552	1.37829175393065e-06	3.00011304900838e-06
SACI_RS02860	5089.55108250086	-2.19	0.15263393177032	-14.3751506903938	7.4108581224649e-47	7.76702175163411e-46
SACI_RS02865	116303.869334461	0.06	0.0991254887505075	0.575559840235909	0.564912732446132	0.640842844464739
SACI_RS02870	4264.89371204442	1.01	0.0766354442939039	13.1225093553062	2.44696175069738e-39	1.94372911916256e-38
SACI_RS02875	29537.3537761573	1.18	0.117873611767681	10.0074323829377	1.41374033734801e-23	6.66260714688437e-23
SACI_RS02880	278.051372485696	-0.07	0.100004671815474	-0.676888875641504	0.498476462754559	0.578753591511658
SACI_RS02885	1455.98065499065	1.26	0.140586305890504	8.96736595401135	3.03689754813459e-19	1.22982091020768e-18
SACI_RS02890	4498.77265936588	0.44	0.108846549990152	4.07308977063762	4.63935319888778e-05	9.14072339017677e-05
rrp42	18682.9049623113	0.05	0.0715347246123274	0.69493405824292	0.487096627522636	0.567982816085013
rrp41	29140.7752050731	0.77	0.0740305109292435	10.4101453416393	2.22881115709555e-25	1.10527626731109e-24
rrp4	8127.4278283039	-0.93	0.123754970017659	-7.50277772435613	6.24794505276931e-14	2.00150867520739e-13
SACI_RS02910	15255.9271470415	-0.14	0.113625655214777	-1.22637539183679	0.220057442047091	0.283133344900113
psmA	21681.3378682381	-0.03	0.0952743728284426	-0.266955204770216	0.789503651171603	0.837952635811215
SACI_RS02920	364.921163381897	-3.70	0.181248614864916	-20.4163130108196	1.19769589585105e-92	3.78838764894869e-91
SACI_RS02925	1355.66529985075	-3.00	0.132711076506159	-22.6368203788269	1.88134293890265e-113	9.57303631664814e-112
SACI_RS02930	2224.44796196065	-1.41	0.122983557642067	-11.4534428614266	2.25987936386116e-30	1.37036898903567e-29
SACI_RS02935	44968.3216247921	0.04	0.0909747292181324	0.385357481810973	0.699972579258417	0.760397192381282
SACI_RS02940	4259.60965632695	-0.07	0.0637952490945521	-1.03655208877682	0.299944651845865	0.373044871636852
SACI_RS02945	4060.38966606675	-0.03	0.090824568938975	-0.294351770217861	0.768489116950939	0.820609881269692
SACI_RS02950	14583.482296632	-0.35	0.117370785714943	-2.98519610178148	0.00283396578294232	0.00479289685159465
SACI_RS02955	2134.24400370127	0.41	0.0778814785743632	5.30333037960125	1.13708858739987e-07	2.64216944431564e-07
SACI_RS02960	188.015330660284	-0.16	0.123974164911531	-1.29635829264538	0.194852074099131	0.253473742927769
SACI_RS02965	581.310216151929	0.64	0.155135492239052	4.11568529467384	3.8603072672566e-05	7.6573665623378e-05
SACI_RS02970	6019.96794652201	-0.05	0.112754586580823	-0.400742494611608	0.688609720842641	0.750596624815844
SACI_RS02975	1201.16789608226	-2.04	0.143201330077653	-14.2391059347742	5.23930654171594e-46	5.37871499063294e-45
SACI_RS02980	5664.23099210414	0.24	0.17418752977285	1.35909231961143	0.174117336294076	0.229046821929
SACI_RS02985	0	NA	NA	NA	NA	NA
SACI_RS11555	3.39197981708765	0.28	0.691328363040831	0.4087863157015	0.682696483166988	0.745783245923862
SACI_RS02995	2275.62598690866	-0.14	0.119189785428292	-1.14521704390115	0.252119259750403	0.320025567962279
SACI_RS03000	162.838917587941	2.62	0.222481206867623	11.776329474663	5.16955689368801e-32	3.3242333798056e-31
SACI_RS03005	76.6736401592329	0.63	0.180399089235347	3.50842451498653	0.000450769133813955	0.000823011143432552
SACI_RS03010	258.198619971415	-0.60	0.114519858952552	-5.22852568560025	1.70867098525849e-07	3.91844796162153e-07
SACI_RS03015	754.252539659492	1.54	0.163923430697446	9.42180044517513	4.43418338895054e-21	1.88708095498247e-20
SACI_RS03020	76.5319386876988	-0.08	0.186324843275114	-0.437787508120284	0.661540327224725	0.728565899901508
SACI_RS03025	148.090493876086	0.51	0.146746864644455	3.486406699233	0.000489556118953301	0.000890586286862715
SACI_RS03030	4334.34130298315	1.15	0.0986548568442756	11.6822189813338	1.57139011078102e-31	9.90511791553349e-31
SACI_RS03035	91.2724576031656	0.45	0.197441308819344	2.2884619347361	0.0221106344168173	0.0337964464246607
SACI_RS03040	17172.5788594708	0.82	0.141908865236399	5.81177433889702	6.18141301390445e-09	1.54689530233917e-08
SACI_RS03045	4184.5947225966	-0.58	0.0762983878793648	-7.59602000839552	3.05377332046845e-14	9.92759085941178e-14
SACI_RS03050	8162.85192157113	-0.08	0.168989170608945	-0.48091376674793	0.630577787989554	0.701730146951291
SACI_RS03055	2911.48945411557	-0.50	0.178860767823011	-2.80808539551922	0.00498370093904653	0.00821403853221689
speE	10292.8419632249	-1.54	0.135528739249605	-11.327351618128	9.60656218727469e-30	5.64968841533022e-29
SACI_RS03065	138.840349178837	-1.22	0.181087010199887	-6.7626868106798	1.35455847993827e-11	3.84466840991372e-11
SACI_RS03070	30.2673622196762	1.54	0.374764838416874	4.11188759444435	3.92437365833208e-05	7.78005415833085e-05
ahcY	15642.582843898	0.39	0.149622497002836	2.62398913593671	0.00869065571832579	0.0140224688543391
SACI_RS03080	474.984713471233	-1.30	0.11303462436173	-11.4583056909767	2.1365347076113e-30	1.29781545993482e-29
SACI_RS03085	108.257919458366	1.12	0.255193672030727	4.40096819890301	1.07768920080332e-05	2.23231078703272e-05
SACI_RS03090	90.2671908954585	0.98	0.321418361650432	3.06279131516569	0.00219282922417036	0.00375379005658808
SACI_RS03095	649.791782555725	1.04	0.0972066317434571	10.7383362437508	6.72452741744096e-27	3.5079699429838e-26
SACI_RS03100	3137.24121579079	-0.70	0.0982882400610361	-7.13209824352092	9.88502745891267e-13	2.97908424105085e-12
SACI_RS03105	7989.142188893	-1.26	0.0904140312136578	-13.9119564382313	5.35931623960111e-44	5.07184887257129e-43
SACI_RS03110	649.723324047752	-0.73	0.132351217334008	-5.54650086995293	2.91443178390973e-08	7.02786400639221e-08
hflX	1350.36810142275	-2.48	0.100446966752006	-24.6877618052837	1.44755790366427e-134	1.27059394994131e-132
SACI_RS03120	4870.31781868794	-0.27	0.116979314612693	-2.29277372699427	0.0218610353625459	0.0334878251125213
SACI_RS03125	15700.4383796946	-1.14	0.131668145033292	-8.62965278099098	6.1538500295311e-18	2.37691611151636e-17
SACI_RS03130	943.462748717751	-0.69	0.113304973571077	-6.0517951599028	1.43240539148099e-09	3.70883136393049e-09
SACI_RS03135	8186.58896605932	0.35	0.0641059010485006	5.49505384399978	3.9059122266914e-08	9.30370273264147e-08
tgtA	8300.4794108652	-1.74	0.0913754956851706	-19.0189643057745	1.18807237619902e-80	2.78088140855651e-79
SACI_RS03145	6883.34518006381	-0.48	0.08195509085664	-5.91490522441949	3.32066734896572e-09	8.36360334448971e-09
SACI_RS03150	2068.3395441117	0.64	0.117846904753941	5.4112526417348	6.25854007528895e-08	1.47079880885807e-07
psmB	32879.0189000724	1.00	0.0563605313816911	17.6607432856688	8.41245492577044e-70	1.51467329458359e-68
hisS	4143.6155821459	-1.40	0.101325821175835	-13.8218096346232	1.88276503293813e-43	1.73957579753836e-42
SACI_RS03165	51.9017513427288	0.64	0.317221206740293	2.0053698555113	0.0449235218622664	0.065338229187414
SACI_RS03170	828.229168585002	0.62	0.193309565857157	3.19190660488312	0.00141337025220344	0.00246147964061819
SACI_RS03175	1279935.08233718	3.90	0.146684924003077	26.6183538520194	4.16241266047307e-156	5.41267809293369e-154
SACI_RS03180	938.949185125614	-1.37	0.182142388886974	-7.52259411094219	5.36999365339979e-14	1.72498149287161e-13
SACI_RS03190	9408.49825751025	1.60	0.115240821808074	13.8469095702505	1.32803988753306e-43	1.23680319499432e-42
SACI_RS03195	20115.8774686075	1.28	0.0909414557230397	14.0737592962655	5.50627821930037e-45	5.44578671210242e-44
fbp	30430.0926898007	-0.66	0.119398664805449	-5.50448909229804	3.70240382880401e-08	8.84295227410264e-08
SACI_RS03205	7987.70985653847	-0.01	0.112883010840778	-0.0491737585954352	0.960780823567351	0.96933950331752
SACI_RS03210	1.99277347895354	2.04	0.982610985968613	2.07154669109126	0.03830773582371	0.0567983363501039
SACI_RS03215	556.730684003932	-2.97	0.218976505606803	-13.5813165748483	5.1688884269369e-42	4.4809795720927e-41
SACI_RS12185	2.97002063679444	1.17	0.960528758208225	1.21551582800189	0.224169415690773	0.287457567016181
SACI_RS12190	2.62794873706147	1.19	0.779748090376637	1.53170839159926	0.125594410690098	0.169993051631817
SACI_RS12195	54.5640701943367	1.60	0.247900209496314	6.45531141483392	1.07996590509061e-10	2.94162939703115e-10
SACI_RS03230	164.417194962558	-2.32	0.175236897764846	-13.2536689736989	4.29672595288221e-40	3.48401958904606e-39
SACI_RS03235	348.358894854826	0.81	0.14383034650658	5.63026816329642	1.7992964793039e-08	4.38095002693203e-08
SACI_RS03240	6.36687033026176	0.84	0.588859780501311	1.42181694733285	0.155079398423162	0.206556816336768
SACI_RS11570	20.1770939738788	-0.47	0.293516627724361	-1.58775105624578	0.112342642881522	0.153238158180662
SACI_RS03245	101.769858068142	1.29	0.247501936285694	5.22654636495783	1.72705526291298e-07	3.95802286428687e-07
rpsJ	27284.7969576399	1.01	0.0810063997274797	12.503509589613	7.14268948205129e-36	5.12842183465891e-35
tuf	385377.200019961	0.94	0.0692183131745038	13.6343166103283	2.50324789189302e-42	2.1972258371091e-41
SACI_RS03260	29821.4895704052	-0.23	0.0877283637981894	-2.63797636701898	0.00834023939971946	0.0134756468165739
SACI_RS03265	2013.25565664877	-1.82	0.12318197180587	-14.7597627728874	2.66215546909538e-49	3.03468436753048e-48
SACI_RS03270	29014.5326105509	0.81	0.0843104462683051	9.55354575346149	1.25331691833074e-21	5.47994483220328e-21
SACI_RS03275	19394.015091991	0.20	0.0895885677965698	2.22178908931232	0.0262975624253161	0.0397805866761244
SACI_RS03280	17394.4061406774	0.77	0.129957099792542	5.94748573423433	2.72292489166709e-09	6.91764782535685e-09
rpoA2	15358.941488218	-0.65	0.163918380534085	-3.97002551630837	7.18649351872715e-05	0.000139865735832877
rpoA1	33459.3381953634	-1.07	0.139388044172634	-7.68624566673008	1.51515441399355e-14	5.01859164861449e-14
SACI_RS03295	84489.2004074364	-0.36	0.106913362947806	-3.37805304107397	0.000730009984318107	0.00130568775086137
SACI_RS03300	4868.90420663468	0.77	0.0711615318973603	10.7694219045779	4.80005570358638e-27	2.52668599329712e-26
infB	47272.6063218652	1.32	0.0552717478570474	23.9315427226672	1.43853603252871e-126	1.03075510412414e-124
ndk	9782.75994702948	0.11	0.0948646892420983	1.1465037264096	0.251586786243635	0.319580754884733
SACI_RS03315	962.283550133719	-0.01	0.106830955923505	-0.0520512681324243	0.9584878426862	0.968235834897739
SACI_RS03320	10874.3135703978	-0.18	0.107615108581976	-1.69048390103952	0.0909354156445292	0.125698521388954
upp	1467.14235950392	-1.83	0.0915178225545014	-20.0168924985402	3.92447401955185e-89	1.12941215431529e-87
gatB	5590.31573451094	-0.73	0.0761929795779337	-9.55700881499917	1.21209245829425e-21	5.31292961432101e-21
SACI_RS03335	3621.79052886804	-0.36	0.0614656629796554	-5.79928676316578	6.65975631960135e-09	1.66068213338923e-08
SACI_RS03340	539.283704545541	0.06	0.0929464124924181	0.618306307307553	0.536373445010246	0.613422529456343
SACI_RS03345	237541.499504922	-0.80	0.114731809826423	-6.99773427093414	2.6013486507014e-12	7.66862729858323e-12
SACI_RS03350	857.831717401414	0.14	0.102885023805038	1.34901853029275	0.177331014238596	0.232925249155148
SACI_RS03355	58.4804929433192	-0.25	0.198868830493704	-1.27331208190563	0.202907321118239	0.263366951736095
purB	5056.25846019952	-0.72	0.100704216152842	-7.15348518021327	8.46019213517677e-13	2.56952721337419e-12
SACI_RS03365	7811.16262168343	1.33	0.080880045489248	16.471064215205	5.92193542381644e-61	8.96203244526703e-60
SACI_RS03370	5168.92995191568	0.61	0.0993119324049656	6.11120521662076	9.8881514343338e-10	2.58121187256104e-09
SACI_RS03375	5118.52262756276	-0.16	0.150470163676551	-1.03861607476001	0.298983326757534	0.372112889133535
SACI_RS03380	5443.55593903765	-0.23	0.152058571078671	-1.54222027417965	0.123020074963225	0.166765823627754
SACI_RS03385	5547.01615344765	0.26	0.0754069859193946	3.43738381990361	0.000587362637099564	0.00105701190100285
SACI_RS03390	2324.55595720441	-1.04	0.0752148007644543	-13.8706943144322	9.53493406262141e-44	8.927240931697e-43
ilvA	3794.23801269389	-0.45	0.0813279223340675	-5.48045086928866	4.24243316312706e-08	1.0084754797386e-07
SACI_RS03400	2295.43744236943	0.55	0.104143763364879	5.27939474400842	1.29611307290855e-07	3.00770191604886e-07
radA	76793.9268257978	1.33	0.14900086443886	8.94215161276478	3.81665479983164e-19	1.54026149450677e-18
SACI_RS03410	55.4349856787839	-2.24	0.226828871965769	-9.87202888505501	5.50398891671805e-23	2.53270053559594e-22
SACI_RS03415	578.434139167329	-1.12	0.0877121851398169	-12.7992472236566	1.65548201608686e-37	1.25537739923995e-36
cyaB	975.319382934313	-0.18	0.0908306232535029	-1.96250774802907	0.0497033994437336	0.0716373708731317
SACI_RS03425	3691.18041035863	-0.27	0.0964784452170967	-2.74869567716988	0.00598329094049798	0.00979819705787705
SACI_RS03430	3102.68241127865	-0.06	0.0684879828928701	-0.865745792702674	0.386629581762687	0.465520048548969
SACI_RS03435	185.821242589075	-1.45	0.152839791026575	-9.48576366394605	2.40614721295654e-21	1.04167482918501e-20
SACI_RS03440	1271.87880888	-1.27	0.111921165403203	-11.3036969735159	1.25807786545034e-29	7.34960297104184e-29
SACI_RS03445	73.5098905765549	1.10	0.243687177869245	4.50406811017205	6.666482487707e-06	1.39654057364793e-05
SACI_RS03450	915.303029924873	-2.11	0.0919871635081479	-22.896952738676	4.98261493797416e-116	2.69137862265035e-114
SACI_RS11915	6.96800835888547	1.02	0.505836358279161	2.01185967715116	0.0442347310185588	0.0644699628917226
SACI_RS03455	463.512249177947	-0.40	0.113237986317351	-3.57097763832625	0.000355651261376902	0.0006558254089781
SACI_RS03460	0.168179059663605	-0.54	3.53430805826348	-0.151686332178042	0.879434337765302	NA
SACI_RS03465	35.6972584284561	-1.40	0.26686568752462	-5.26060453306151	1.43582547935219e-07	3.31438741486228e-07
SACI_RS03470	4741.24809813561	-0.63	0.0709334376384218	-8.89077575113349	6.06837384711087e-19	2.42942537938498e-18
SACI_RS03475	1835.72580473765	-2.30	0.10927642725299	-21.0432671554997	2.63576948499736e-98	9.74124911771129e-97
SACI_RS03480	11836.2977330319	1.76	0.137377009852605	12.8273846832745	1.15187156769286e-37	8.75372526876542e-37
rnpB	16728.3273024692	1.06	0.396310214422791	2.67872442266735	0.00739031890507611	0.0119960285139724
SACI_RS03485	1410.40343839089	0.43	0.10640060605893	4.02589638633963	5.67586793002876e-05	0.000111267293703691
SACI_RS03490	9013.36632973196	0.65	0.0850724038972142	7.58253838094093	3.38858794069541e-14	1.09855330191889e-13
SACI_RS03495	5185.84105849149	1.35	0.100793432000313	13.4292521769548	4.07505819261905e-41	3.42285390293912e-40
SACI_RS03500	326.362259162884	0.71	0.120193270935756	5.88083488741359	4.08202210791754e-09	1.0259112112311e-08
SACI_RS03505	1527.41065944122	1.39	0.106680424823973	13.0509686623753	6.27445197380656e-39	4.93937239462664e-38
SACI_RS03510	19.5242268818611	-1.02	0.29926557298522	-3.39588175505925	0.000684079050315877	0.00122666064640401
SACI_RS11815	4.16705917975819	0.26	0.624454349781719	0.412459771969895	0.6800024604262	0.743350699110386
SACI_RS03515	181.93833062656	-1.98	0.153742217444764	-12.8959344935135	4.7447636496425e-38	3.65325990655588e-37
SACI_RS03520	85.0837915878337	-3.27	0.202167074514006	-16.1816460343868	6.79531941719809e-59	9.89973712605083e-58
SACI_RS03525	677.042712322322	-0.80	0.100259260099695	-7.93510239309626	2.10321733787219e-15	7.21837348315667e-15
SACI_RS03530	160.221235436468	-1.67	0.144613090836916	-11.5400896667863	8.28388243457904e-31	5.09364469839002e-30
SACI_RS03535	67.6395927769517	-1.98	0.187115432871268	-10.5625021973315	4.44648438470185e-26	2.26583551156577e-25
SACI_RS03540	71.0626873230256	1.93	0.25412186105525	7.60033605862263	2.95362723711408e-14	9.61092236284293e-14
SACI_RS03545	119.219023330622	-0.10	0.264848021372493	-0.359372594671608	0.719316373536204	0.778280365943178
SACI_RS03550	819.170611491965	-0.89	0.355778404978088	-2.49779906725009	0.0124967004724008	0.0197996007935916
SACI_RS03555	691.162302905138	-0.30	0.153668034542238	-1.96529117156978	0.049380546814139	0.0712305258276261
SACI_RS03560	298.945248666017	-3.08	0.157962046693751	-19.4787543050491	1.66276025771439e-84	4.23039946727191e-83
SACI_RS03565	390.668891445211	-2.26	0.109589907048321	-20.6284879145733	1.52339470324946e-94	5.04588566331025e-93
hxlB	6986.13543265193	0.09	0.0865078736664187	1.02034763073696	0.30756362126471	0.380901542948994
SACI_RS03575	1840.66769832061	-0.95	0.158460861114065	-5.97568965420853	2.29118813141525e-09	5.86751387994087e-09
SACI_RS03580	318.290978797669	-0.48	0.148527943707348	-3.22278794755714	0.00126949496853	0.00222796578092696
argC	3891.63453489935	-1.84	0.142550561014101	-12.9341507969738	2.88796423677605e-38	2.2383316634262e-37
SACI_RS03590	2496.2638166403	-2.45	0.130050327758212	-18.8041254212869	6.98650135621377e-79	1.58255524268816e-77
SACI_RS03595	3507.37337658042	-0.90	0.0653606510188575	-13.6932649422794	1.11389422779258e-42	9.90096869311331e-42
SACI_RS03600	190.744338030338	-1.19	0.143000175844574	-8.3315322488116	7.98026923791367e-17	2.93082900568148e-16
lysX	9731.03867724436	-0.39	0.118081169324201	-3.32137827239144	0.000895740457844458	0.00159641865354918
SACI_RS03610	1932.37541243431	-1.12	0.0985072764474457	-11.4036529836553	4.00935257048644e-30	2.398098275124e-29
SACI_RS03615	667.433767683193	-1.10	0.100671145437141	-10.9521067674694	6.49198409514798e-28	3.56146189969759e-27
uppS	1209.61717260268	-1.16	0.0848161391452013	-13.7197767237787	7.73030883023855e-43	6.95926007768399e-42
SACI_RS03625	9446.85175461598	-0.15	0.121024092385664	-1.28065413998791	0.2003151745401	0.260194812360448
SACI_RS03630	2111.95192314599	-0.69	0.146971265666168	-4.70445164920576	2.54549181192253e-06	5.45617933556776e-06
SACI_RS03635	148.050840771961	1.92	0.279253106958952	6.88209310425998	5.8979442623185e-12	1.70573989332786e-11
SACI_RS03640	32.2738351244529	-1.56	0.281581863610164	-5.52284758778318	3.33549060254256e-08	8.00472146652558e-08
SACI_RS03645	1934.97023848124	-0.43	0.0885865425770444	-4.85607554766302	1.1973503529154e-06	2.61111620440122e-06
SACI_RS03650	42.3124991234804	0.23	0.62502215884592	0.373360717863886	0.708879991735061	0.767224923237299
SACI_RS03655	33784.693292696	0.82	0.0817364006279425	9.98700058918635	1.737599803498e-23	8.10187637461018e-23
SACI_RS03660	9.2260927988102	1.17	0.574247921476169	2.04009120949242	0.0413412420958139	0.0606810622903021
SACI_RS03665	948.776167249847	-0.22	0.111262596379568	-1.97589660371525	0.0481664889435665	0.0696796632389213
SACI_RS03670	3036.05681903913	2.41	0.206633872358248	11.6718328251294	1.77556187752135e-31	1.10925226903514e-30
SACI_RS03675	7108.92034824827	0.11	0.0912893764370512	1.22612376912908	0.2201521024145	0.283133344900113
aspS	34819.9401547589	0.71	0.0820431089130689	8.69947502201722	3.33423032251408e-18	1.2978362153378e-17
SACI_RS03685	360.266123511692	-2.02	0.0911319517288053	-22.2178885870303	2.30662118366631e-109	1.09439823998005e-107
pth2	249.28188094562	-1.23	0.114702929182149	-10.7341685626821	7.03493642442286e-27	3.6592091535035e-26
SACI_RS11585	1008.98789190542	-0.32	0.164426906649004	-1.95297613422516	0.0508224232002873	0.0731301343672986
SACI_RS03695	3724.57914112993	-0.93	0.12207872585418	-7.59506622650285	3.07635060329158e-14	9.9917363257694e-14
SACI_RS03700	62967.7324853941	-0.01	0.0920706848058538	-0.136780501083304	0.891204296650945	0.918408654400196
SACI_RS03705	1729.31050757302	-1.11	0.129622866607841	-8.59708442306139	8.17668370083334e-18	3.14439610883087e-17
fen	2321.4958661872	-2.65	0.141826339931598	-18.6694788979874	8.77043102853542e-78	1.91260766094335e-76
SACI_RS03715	510.294694461722	0.59	0.101196946606216	5.85762711608987	4.69527407791407e-09	1.17750766339688e-08
SACI_RS03720	4573.23066369589	2.02	0.110785637569397	18.232424214531	2.85385771831626e-74	5.75856002816575e-73
hemB	9359.95920349985	1.40	0.0824334828571663	17.0264426622441	5.22877499974107e-65	8.38275297903694e-64
hemL	3459.24288764268	0.00	0.079699693631898	0.0107670026157615	0.991409340830564	0.994241129864642
hemC	1332.10626626544	-1.68	0.0965645229013701	-17.4002877824073	8.20894793595001e-68	1.3923486088464e-66
SACI_RS03740	330.917231947763	-1.63	0.104875007860544	-15.5230324587746	2.42323309053005e-54	3.1511005114263e-53
SACI_RS03745	2483.78530724558	-0.47	0.189747557329595	-2.48007769363576	0.0131353757989025	0.0207459759019103
SACI_RS03750	3516.77381460833	-2.32	0.121706943065079	-19.0843867775156	3.40448692166947e-81	8.13139699454526e-80
SACI_RS12200	3030.97475666712	-0.26	0.0890997737285126	-2.9558518301584	0.00311806844206961	0.0052455861524228
SACI_RS12205	1905.16261236382	-0.82	0.109859473681493	-7.43352381731626	1.05742141644235e-13	3.34469062444063e-13
SACI_RS03765	3544.84559521113	0.05	0.0744699511917619	0.607957794746949	0.543215466326819	0.619834092386565
SACI_RS03770	4745.51240789658	-0.80	0.0698853309883522	-11.4390130272057	2.66904496938201e-30	1.61014035867702e-29
dcd	2041.07561243581	-0.40	0.139942264044601	-2.84484017389179	0.00444337121005092	0.00736228235889041
SACI_RS03780	15554.9214870375	0.97	0.101927540018586	9.50584889992364	1.98422940285602e-21	8.62206613047957e-21
SACI_RS03785	79664.4695031662	1.12	0.0956512871811676	11.746328336105	7.37543919011442e-32	4.70821218118031e-31
SACI_RS03790	3785.31401531445	0.15	0.0742518992216954	1.97234952340097	0.0485697198346128	0.0702051405266882
SACI_RS03795	1155.39911845815	-0.76	0.0682039459487511	-11.1033491614772	1.20829477692394e-28	6.75529134041394e-28
SACI_RS03800	49.0830013194264	-0.52	0.270176555786355	-1.92600336927181	0.0541039531454999	0.0775976223422591
SACI_RS03805	3890.6202182926	-0.59	0.0739617614290415	-7.93772112517611	2.05929701227366e-15	7.07455167328063e-15
SACI_RS03810	548.255964474483	-0.94	0.121955816781509	-7.70132575048719	1.34661713815726e-14	4.4814907792134e-14
SACI_RS03815	4137.12942087045	-0.94	0.135145938981863	-6.9847003772169	2.85464546237147e-12	8.38716336266631e-12
SACI_RS03820	34777.6452561904	-1.31	0.111386478481538	-11.7589834050525	6.34941735008813e-32	4.06062009401811e-31
SACI_RS03825	9849.66784760067	-0.59	0.10170320470766	-5.78912377411069	7.07545468313155e-09	1.76058975141565e-08
SACI_RS03830	641.111643221598	0.06	0.122303436697963	0.476548330759781	0.633683783855744	0.70429368949589
SACI_RS03835	88664.2630944389	2.24	0.188775413212431	11.8620288528734	1.86402858117842e-32	1.2164692097616e-31
SACI_RS03840	10250.233473554	1.97	0.0973480279455589	20.2027006188355	9.26871190864881e-91	2.80538340614362e-89
SACI_RS03845	14017.3105570781	-0.19	0.0787168248195095	-2.3685797000114	0.0178565326373497	0.0275943160606227
SACI_RS03850	19410.5021218889	-1.15	0.0954016476993922	-12.0202179541037	2.78236580615146e-33	1.88588539486444e-32
SACI_RS03855	1212.72016477396	-0.44	0.111896993096619	-3.96896693261649	7.2184896992909e-05	0.000140410622350196
glmM	15847.5477895888	-0.41	0.118563574474384	-3.44283630767363	0.000575647629768219	0.00103805794972584
SACI_RS03865	696.360329062113	-0.92	0.0957110604312888	-9.5977640176818	8.16974479986378e-22	3.60351432064343e-21
SACI_RS11590	5.04971762029355	0.46	0.54084844462887	0.84953183979629	0.395585420952578	0.47532526111037
SACI_RS03870	17.1446925358524	0.73	0.424697862623038	1.71972995585037	0.0854815399776126	0.118814602874663
SACI_RS03875	1435.7168503002	0.44	0.13780899390812	3.19633425344701	0.00139185768188864	0.00242642121207101
SACI_RS03880	5370.59266703389	0.06	0.0967846560857491	0.635844986720223	0.5248774624596	0.603617677921931
SACI_RS03885	4224.89805476674	0.37	0.069375300108838	5.36985743021596	7.87989123812437e-08	1.84319108174914e-07
SACI_RS03890	21654.0593007545	0.81	0.111417034926923	7.31459168407727	2.58165190393853e-13	8.03562042085832e-13
SACI_RS03895	4655.64646135959	-0.61	0.0622125866207974	-9.72593755219387	2.33742076340753e-22	1.05213901286203e-21
SACI_RS03900	476.326883566834	-1.48	0.142657977572	-10.4064347414812	2.31738533625841e-25	1.14757967780018e-24
SACI_RS03905	1235.94552329208	-1.23	0.148304769105493	-8.31830280713895	8.92318045569395e-17	3.26687034201683e-16
SACI_RS03910	4599.30517851094	-0.73	0.0978687242966858	-7.44735899682618	9.52272374933281e-14	3.01753457435988e-13
SACI_RS03915	727.400178591082	0.52	0.228250651514862	2.25733876381329	0.0239869149289155	0.0364580339027803
SACI_RS03920	2251.01350610255	1.05	0.20834210005052	5.06008758886311	4.19063928882308e-07	9.40149172080373e-07
ribH	4103.95507872674	1.68	0.194759238809548	8.61201402469458	7.17880592562492e-18	2.76368285141109e-17
ribC	5168.79326413497	1.84	0.228922895581295	8.05179180124312	8.15906163535803e-16	2.8532336057512e-15
SACI_RS03935	8537.72708379843	2.02	0.238955132136732	8.46644302688424	2.53000497820908e-17	9.5207368472584e-17
SACI_RS03940	39.4093016089784	-1.74	0.257788348440614	-6.73102933987251	1.68466988321583e-11	4.75472344049099e-11
SACI_RS03945	9745.64055234343	-0.39	0.0824854701594049	-4.77914169000493	1.76045103225634e-06	3.81304353747811e-06
SACI_RS03950	1781.66929107452	0.70	0.0935347171854266	7.48026507404994	7.41728492254363e-14	2.36746248755006e-13
pcn	7165.76967187474	1.12	0.0809559747492082	13.8280116166735	1.72729323265263e-43	1.60165472777932e-42
SACI_RS03960	7514.30129228918	0.24	0.089866652565736	2.68767326433011	0.00719517628107528	0.01169008048258
SACI_RS03965	6701.65461252262	-0.38	0.132487335117145	-2.85815641521893	0.00426110290716601	0.0070769783855534
SACI_RS03970	18190.6090618289	0.53	0.113352133446395	4.71329243739658	2.43745994657956e-06	5.23100358951152e-06
SACI_RS03975	1344.22864206501	0.13	0.0956517418362158	1.32839228369498	0.184048547257827	0.240847726210298
SACI_RS03980	26326.9449473308	1.07	0.0903030562451427	11.9027873210944	1.14459183123958e-32	7.53970341366257e-32
SACI_RS03985	28020.1710472078	0.55	0.118765086855021	4.6329130455625	3.60556007121768e-06	7.68150570997892e-06
SACI_RS03990	2188.78859870292	0.46	0.120463240056034	3.77796914183303	0.000158112464387975	0.000301375061056557
SACI_RS03995	4470.80622130972	0.00	0.0840068663555045	0.0280148715644931	0.977650290009146	0.983251265603584
SACI_RS04000	337.271615020785	-0.39	0.124230183630515	-3.16635760406301	0.00154360900610154	0.00268164830302944
SACI_RS04005	501.758745909402	-0.56	0.114578646675522	-4.88815587961496	1.01784925188532e-06	2.22936289667459e-06
SACI_RS04010	27266.4597511292	0.92	0.101892380126718	9.03019314402599	1.71369063145428e-19	7.03715532986663e-19
SACI_RS04015	88294.5529627687	1.36	0.0959725598133341	14.1524196853158	1.80440129723795e-45	1.82047498695472e-44
SACI_RS04025	8589.0759127057	-1.94	0.127803381245711	-15.1598299804919	6.52379931626931e-52	8.03686294716546e-51
SACI_RS04030	31153.6709029328	1.93	0.0919389719521569	20.9716445641398	1.19076101484892e-97	4.31006383828304e-96
SACI_RS04035	1843.78084760879	1.15	0.0873907146261528	13.196723846368	9.16344085394356e-40	7.32866533899677e-39
SACI_RS04040	1161.72515646592	-0.40	0.163581436770403	-2.46422527394893	0.0137309780722828	0.0215992222275022
SACI_RS04045	2349.91954222067	0.93	0.0823430147211409	11.237845760277	2.65789146478053e-29	1.53737346504851e-28
SACI_RS04050	6099.65925543159	-0.63	0.0908842565392406	-6.94568218916529	3.766358064439e-12	1.10197359702044e-11
SACI_RS04055	10318.3258573399	-1.53	0.117203834787231	-13.0747907099725	4.58825021023832e-39	3.63642132915277e-38
SACI_RS04060	353.408498192644	0.54	0.153115509845511	3.53196722661943	0.000412480472943312	0.000756645214474383
SACI_RS04065	4339.14817705407	1.18	0.0815150092823901	14.4310562473726	3.29988549203571e-47	3.52154953268613e-46
SACI_RS04070	359.757447698838	-1.13	0.156439257223472	-7.20896397653716	5.63791729046679e-13	1.72879717090209e-12
SACI_RS04075	1438.71212668536	-0.70	0.120436576171778	-5.79826586165545	6.70041688082907e-09	1.66963546263952e-08
kae1	5026.46730606706	0.22	0.109250648088895	1.99125870716163	0.0464524526295122	0.0673666093276404
SACI_RS11595	1199.22666928663	0.60	0.102149636087047	5.92209492539476	3.17866042903321e-09	8.03475649124234e-09
SACI_RS04085	2915.95655917137	0.58	0.114189248033519	5.08958978654395	3.58838923785644e-07	8.06583522030343e-07
SACI_RS04090	52143.2260023481	1.39	0.0676040907520554	20.5766302628421	4.44529780212077e-94	1.45863930684542e-92
SACI_RS11600	113.668048971177	0.84	0.187114574596504	4.50379680450206	6.6750032543139e-06	1.39749173678569e-05
SACI_RS04095	1579.93867715196	0.69	0.0891441878451414	7.68778481486807	1.49704316687082e-14	4.96797595357604e-14
SACI_RS04100	4339.77691921497	-0.86	0.112429223434397	-7.64912902189594	2.02345139479575e-14	6.65200172952049e-14
endA	1304.08309914573	-1.92	0.0787910599328143	-24.3090556704361	1.57246248605003e-130	1.28393390430736e-128
SACI_RS04110	6201.54102691011	-0.94	0.0923905562613838	-10.219786032215	1.61697397759599e-24	7.88499393797154e-24
SACI_RS04115	6889.28805119741	-0.22	0.0870945885569651	-2.56731815511595	0.0102488529176546	0.0163785719589828
SACI_RS04120	8599.27339222829	0.04	0.0826954208809079	0.43155924559313	0.666061784147571	0.730566361806349
glyS	6373.1257714995	-1.14	0.131385175053559	-8.68908417036776	3.65372888732866e-18	1.41905333223572e-17
speB	22255.5514641849	0.90	0.0907519275321918	9.86531054603187	5.88520525682746e-23	2.70457534773838e-22
SACI_RS11605	4727.87502844618	1.44	0.150075071145301	9.62842609016518	6.06513138286513e-22	2.70237008695932e-21
yciH	7625.88605677604	0.22	0.205027638232689	1.08596641204653	0.277493852591997	0.348455263394314
SACI_RS04140	35839.309333744	1.26	0.0693097406120145	18.2409459895706	2.44195321672608e-74	4.98470799065423e-73
SACI_RS04145	2185.11023270192	1.07	0.163826447892658	6.50529193696422	7.75426409578182e-11	2.12365220283073e-10
SACI_RS04150	39.1181076442236	1.98	0.324859217342871	6.09753437294909	1.07716962515151e-09	2.80976415594871e-09
SACI_RS04155	1302.74350969498	-0.38	0.107950552878409	-3.47882455326243	0.000503618188259093	0.000914745710800661
SACI_RS04160	2548.73948785305	0.14	0.100610990659852	1.42988174271914	0.152750962859276	0.203842124895065
SACI_RS04165	1933.31058516082	-0.51	0.116019641751627	-4.39610357116798	1.10211362029534e-05	2.2802126817071e-05
cadA	8319.3796042461	-0.13	0.110576795502464	-1.2150905506344	0.224331557175309	0.287560459015155
SACI_RS11610	630.093491163317	1.35	0.13323086478982	10.139164448138	3.70252858026045e-24	1.77589861274514e-23
SACI_RS04175	1128.47947040566	2.17	0.170013041642614	12.7736385473131	2.30139419053298e-37	1.73023447600884e-36
SACI_RS04180	800.048950027152	-0.54	0.108662879290624	-4.9317906244383	8.14792271051267e-07	1.79581648691839e-06
SACI_RS04185	4279.7177192512	-0.02	0.0966275077423543	-0.226497933758353	0.820814166101663	0.862579628010457
SACI_RS04190	1091.78205613787	-0.10	0.100567405638125	-1.02477846921449	0.305467727819778	0.378706635725721
SACI_RS04195	59.9706012737414	-0.68	0.184000610972734	-3.68437073010925	0.000229268344542918	0.000430230442378505
SACI_RS04200	693.337735184299	-0.86	0.0882569108116538	-9.7592664249324	1.68368652830929e-22	7.60800952495999e-22
SACI_RS04205	4406.79510152244	-0.35	0.109517118506624	-3.20320641291278	0.00135906532709782	0.00237160952457278
SACI_RS04210	77178.5115431004	0.85	0.11761416021473	7.19466572130701	6.26139752766258e-13	1.91663179770038e-12
SACI_RS04215	364.858640124284	-1.83	0.16034939315647	-11.405489867522	3.92561184142871e-30	2.35201760669901e-29
SACI_RS04220	3215.70575391147	-1.46	0.127987474525515	-11.4141568430966	3.55333003102057e-30	2.13625714707418e-29
SACI_RS04225	7482.64899250989	-0.64	0.123562641296173	-5.1393395138652	2.75705850464416e-07	6.23713428466859e-07
SACI_RS04230	2685.84399576908	1.21	0.0880258506540214	13.7806294046414	3.33353108136709e-43	3.040007175761e-42
SACI_RS04235	3566.09990912574	1.06	0.0913074632218274	11.6512024662312	2.26243621882637e-31	1.40840666033677e-30
SACI_RS04240	1669.79622685105	0.08	0.0975489296128369	0.801671130426213	0.422743219804527	0.503795388788591
SACI_RS04245	129.780173552645	0.78	0.324531972404687	2.41255967976765	0.0158409438303236	0.024664103675506
SACI_RS04250	146.505511316245	2.57	0.219198295861752	11.7295341297495	8.99523867989375e-32	5.71108191774086e-31
SACI_RS04255	3922.23309861969	2.02	0.117824569377638	17.1749274542794	4.0916398111242e-66	6.80841107907917e-65
SACI_RS04260	1699.87694501923	0.64	0.0954226468028015	6.74398710147756	1.54098225761384e-11	4.35619058492931e-11
tmk	963.499422860351	-2.05	0.0871879216390455	-23.512338997964	3.05024312903459e-122	1.94716429564372e-120
SACI_RS04270	1088.13488925477	-2.60	0.0937234358501032	-27.7685534447134	1.0404072934548e-169	1.66039545787264e-167
SACI_RS04275	1394.22051830034	-1.89	0.0993029702079366	-19.0452604050395	7.19274424749693e-81	1.6948808760377e-79
SACI_RS04280	114.204571710465	-2.15	0.160485008688539	-13.3901977939161	6.89967583986953e-41	5.74046489900045e-40
SACI_RS04285	1119.10530339597	0.67	0.102369962145465	6.58135966160332	4.66165391084614e-11	1.28713966855837e-10
SACI_RS04290	2195.35267546517	-0.31	0.088585140146461	-3.49914476619089	0.000466753089666678	0.000850425582677586
SACI_RS04295	2730.51224184334	-0.01	0.135770489677415	-0.0722892830210899	0.942371693293605	0.957368927995904
SACI_RS04300	8334.22084495714	-2.02	0.101417169402224	-19.8938562926113	4.59981367514165e-88	1.30241498495341e-86
SACI_RS04305	871.290594782157	-1.42	0.171413080048991	-8.28745392599787	1.15698396204036e-16	4.21093355395492e-16
SACI_RS04310	372.290506854075	-1.36	0.0896090752053246	-15.1232995780266	1.13699779619878e-51	1.39094050956582e-50
SACI_RS04315	11635.9056936724	1.06	0.146833575547031	7.23597260807019	4.6220461375403e-13	1.42350912183368e-12
SACI_RS04320	1537.62721150779	0.99	0.156500583845912	6.29831407511145	3.00900355992007e-10	8.01563846652456e-10
moaC	5120.08350519727	1.38	0.127755143804628	10.8151833686048	2.91708730766886e-27	1.54945439292366e-26
SACI_RS04330	4061.8124451158	-3.52	0.121318806669465	-29.0293746702206	2.80292239875258e-185	5.46725585667795e-183
SACI_RS04335	4933.71057776191	-2.71	0.144412043942056	-18.7696241553933	1.33828905482916e-78	2.99282348503514e-77
SACI_RS04340	2242.23617771382	-1.22	0.090418421711074	-13.5399085826493	9.09019726898945e-42	7.80334538176576e-41
SACI_RS04350	8078.2308714974	-0.04	0.061876223174855	-0.593259703668714	0.553007362132502	0.629779062097702
SACI_RS04355	7327.07355526109	-0.24	0.0992702354756607	-2.43363846674853	0.0149479169098186	0.0233773435502776
SACI_RS04360	1607.06723845013	-0.98	0.100388205873461	-9.72221567118818	2.42447496266746e-22	1.08992722073309e-21
SACI_RS04365	1751.65635778252	-1.26	0.12423476617544	-10.1716448933529	2.65388550078508e-24	1.28521268872502e-23
cobA	2213.30541612132	1.35	0.157014826256363	8.62430773101781	6.44815144049804e-18	2.48785271511963e-17
SACI_RS11615	292.166007615789	-0.05	0.189079575312575	-0.250114060000342	0.80249914316087	0.848389072566547
SACI_RS04375	26398.2434469035	0.41	0.086820899594987	4.73098826899788	2.23429434198335e-06	4.80674475165659e-06
SACI_RS04380	17786.7970374942	0.54	0.0735739096853071	7.37276973650629	1.67119000043442e-13	5.24356397812801e-13
SACI_RS04385	447.895228014919	0.00	0.0884762188254074	0.0244820882574748	0.980468070933302	0.985802805568964
SACI_RS04390	8897.66592798947	0.18	0.0925143888452323	1.95505777633296	0.0505762512291034	0.0728329841191284
SACI_RS04395	8545.88158904895	-0.80	0.116369917320105	-6.86247379309809	6.76781576572308e-12	1.95409548959323e-11
SACI_RS04400	1433.67640682279	-0.67	0.0736134895629762	-9.05520785440074	1.36307931753948e-19	5.62370327130567e-19
SACI_RS04405	709134.039432749	4.39	0.194130615467608	22.5977069718628	4.56467242929871e-113	2.28950927132397e-111
mce	1772.7893420539	1.00	0.0901999261911772	11.0896531094384	1.40832821235644e-28	7.86111343971934e-28
SACI_RS04415	4913.98698664172	0.85	0.0629400307013046	13.519276861685	1.2035301235846e-41	1.02562967570523e-40
SACI_RS04420	4440.06313295261	1.12	0.101079023558648	11.081339889496	1.54542304600227e-28	8.61266716589519e-28
SACI_RS04425	1347.19445910662	-0.95	0.100941772421196	-9.43765461962888	3.81216579176717e-21	1.62828638624021e-20
SACI_RS12040	10.1047060936895	0.31	0.425102032024671	0.724067587566228	0.469024242260136	0.549464169027473
SACI_RS04430	1970.8740251087	-0.66	0.110094497992044	-6.02403308761429	1.7012356369954e-09	4.39193994227268e-09
SACI_RS04435	18212.9221736868	-1.45	0.0886789326574606	-16.3165150425477	7.53141800622907e-60	1.11104237898615e-58
SACI_RS04440	9738.84704800999	0.04	0.101680732885589	0.432203682744677	0.665593382974426	0.730566361806349
trxB	37078.3299075487	0.62	0.102909685761338	6.06517084159233	1.31813462722603e-09	3.42812642680784e-09
SACI_RS04450	3916.60209663187	-0.09	0.0996035604304511	-0.855515357666996	0.392265906031011	0.471982726550678
SACI_RS04455	303.341950107046	-0.28	0.120229082243458	-2.36344523264225	0.0181059026016152	0.0279550677371464
SACI_RS04460	2605.70157417315	0.61	0.0760438009745719	8.0456207899837	8.5809317765238e-16	2.99479636852635e-15
SACI_RS04465	745.742356916651	-0.18	0.0850655335182344	-2.07445973384536	0.038036634649544	0.0564202045857832
SACI_RS04470	672.292734790636	-1.79	0.115266403229312	-15.5154049596272	2.72907562248576e-54	3.52271489358365e-53
SACI_RS04475	998.350681184267	-0.41	0.0874927503554769	-4.71023946984938	2.47425900733221e-06	5.30673388805339e-06
SACI_RS04480	935.288804385914	0.21	0.152936972249129	1.3988466449751	0.161858975231028	0.214609842158663
SACI_RS04485	643.532929150983	-0.30	0.11647820458157	-2.54977342269721	0.010779294873745	0.0171715536759159
SACI_RS04490	17111.3486290839	0.21	0.0779125930519156	2.66013258589954	0.00781098966337772	0.0126437919355091
SACI_RS04495	1730.33205167375	1.26	0.0783497212342828	16.0641990137835	4.54700003899951e-58	6.38580685477091e-57
SACI_RS04500	13729.9921678074	-0.59	0.166867753437723	-3.5426005108899	0.000396202404874785	0.000727926030097001
SACI_RS04505	5456.27737962046	-0.23	0.139436476824515	-1.68053016095022	0.092854211134495	0.128149031168715
SACI_RS04510	5642.53600573004	0.57	0.159144025077708	3.57897643924799	0.000344942560651806	0.000636412680214656
SACI_RS04515	708.627623570102	-1.50	0.0803561896447368	-18.6918499186226	5.76779374999433e-78	1.27363043120944e-76
SACI_RS04520	1092.63790743414	-1.07	0.0782555242248608	-13.7112661957787	8.69274890162382e-43	7.8056883359594e-42
SACI_RS11620	2543.61489288454	-0.14	0.133425274565102	-1.06607627686336	0.286389162588939	0.35859926884799
panB	1048.4888338443	-0.75	0.104673968203822	-7.14092831479164	9.27026911464221e-13	2.79861692704289e-12
SACI_RS04530	4532.97646262118	0.20	0.0957803397861795	2.04058996247808	0.0412916007147662	0.0606335466790231
SACI_RS04535	920.33654213855	-0.61	0.162351592077514	-3.7752516528991	0.000159846208381798	0.000304349261186819
SACI_RS04540	1015.46998509561	-0.31	0.197777808620106	-1.54295457682653	0.122841797349186	0.16658847064233
SACI_RS04545	2343.86875191075	0.40	0.174442398966087	2.28345916717649	0.0224033354676556	0.0342140542961891
SACI_RS04555	1244.55692938357	0.06	0.0962713331878557	0.666868239635287	0.50485629958188	0.584910938268827
ppa	24332.9658341067	1.63	0.0734559996452656	22.1326027710495	1.53458978295977e-108	7.18392630396234e-107
SACI_RS04565	1505.69608418576	-1.06	0.0831367737850265	-12.7620872010834	2.66951033496596e-37	1.99843300342548e-36
SACI_RS04570	4814.910695259	0.78	0.10639145664121	7.32790894628562	2.33771452856812e-13	7.29574729760238e-13
rnhB	823.593706066745	-0.16	0.109013228294339	-1.48623971517629	0.137215726062278	0.184654815716618
SACI_RS04580	3364.36978769924	-0.92	0.0974185135684465	-9.43749972624195	3.81780388548861e-21	1.62871317642169e-20
SACI_RS04585	1610.40313417476	-1.42	0.131425372832199	-10.7909781430207	3.79726232252524e-27	2.0078596407208e-26
SACI_RS04590	5456.31375262585	-0.67	0.109894939783884	-6.07165226146587	1.26600844217576e-09	3.29500047478065e-09
SACI_RS04595	15004.309477056	1.21	0.075726294259959	16.016602301959	9.78531395308751e-58	1.36877439399563e-56
SACI_RS04600	6631.11908369184	0.82	0.0823955024338004	9.99422226895343	1.61550354770687e-23	7.57280768491164e-23
SACI_RS04605	3886.58654486001	-0.61	0.104547148996374	-5.80113694567694	6.58667778707132e-09	1.64362656079654e-08
SACI_RS04610	1482.85140282919	-2.39	0.144838093337645	-16.4918334088694	4.20008968589323e-61	6.38377267842906e-60
SACI_RS04615	8924.59114821394	0.97	0.112383215412219	8.65736682340311	4.82787089283363e-18	1.86887041948609e-17
SACI_RS04620	7218.06808090384	-0.17	0.117795227104114	-1.40428883182818	0.160232858579522	0.212694732125786
SACI_RS04625	890.635332324838	-0.57	0.0803984198051962	-7.13698115003814	9.54029220986341e-13	2.87766030488234e-12
SACI_RS04630	3429.79679183437	-2.07	0.349504851339965	-5.92017703157731	3.21595253546367e-09	8.11733238821923e-09
SACI_RS04635	1399.70234340641	-1.88	0.243315340101097	-7.73554030692504	1.02964871236439e-14	3.45281435445212e-14
SACI_RS04640	5532.46441972015	-0.02	0.0983075109876912	-0.208811178296269	0.834595644674493	0.873142225402903
SACI_RS04645	2982.78494183445	0.09	0.0760646910264031	1.14934841703453	0.250412340956993	0.318319235734975
SACI_RS04650	8410.03171742431	0.68	0.106235290198427	6.39979390103096	1.55586822108638e-10	4.21176046587068e-10
SACI_RS04655	10065.5184883758	-4.45	0.164398726958405	-27.0505038052831	3.76769324456423e-161	5.75146564420218e-159
SACI_RS04660	36949.7647487064	-2.33	0.173572125635695	-13.4522677450873	2.98573032561754e-41	2.5138846938233e-40
SACI_RS04665	32013.1730455522	-0.64	0.0641564041824563	-9.98715045781114	1.73497545960524e-23	8.10039739185373e-23
SACI_RS04670	12602.9302817456	-1.73	0.141519277165543	-12.1964381839793	3.24719816052237e-34	2.23986497870217e-33
SACI_RS04675	11763.1022901172	-0.05	0.0785852160213696	-0.67978008513687	0.496643718290114	0.577389435402845
SACI_RS11825	43291.8926935501	0.18	0.0858774984919069	2.04324269079091	0.0410284196181434	0.0603227727300258
SACI_RS11830	30480.0388239499	-0.45	0.118200751148536	-3.80119271151478	0.000144001246899543	0.000275225028777515
SACI_RS04690	59692.8154486251	-0.23	0.112153986998467	-2.02277424667594	0.0430964280019577	0.0630727631158289
SACI_RS04695	1624.22842064976	-0.20	0.0724906806101051	-2.81144551548896	0.00493194429087287	0.00813342245432346
SACI_RS04700	570.432597989797	1.10	0.104232909731143	10.5423304662703	5.5115889163199e-26	2.79237931965356e-25
SACI_RS04705	1746.71229163662	-1.25	0.114720301866166	-10.9029429322531	1.11588615423547e-27	6.06482397449029e-27
SACI_RS04710	82404.844428452	0.44	0.0571340359783845	7.74015241160974	9.92977087543907e-15	3.33302347453791e-14
SACI_RS04715	606.481992318213	-1.47	0.15450662805626	-9.51805144028625	1.76456590711943e-21	7.68658920582670e-21
SACI_RS04720	308.038719891687	-1.79	0.235701010353666	-7.60430145465445	2.86446856158309e-14	9.32945187357907e-14
SACI_RS04725	5410.00866646221	0.23	0.138035983804418	1.69285443659434	0.0904831779221678	0.125122661553655
SACI_RS04730	2739.27274054917	-1.31	0.138759467286602	-9.40874181531468	5.0211114503591e-21	2.13169556254061e-20
SACI_RS04735	4751.5497330746	-2.31	0.186210023576632	-12.4227118269793	1.96776389237093e-35	1.39854636156161e-34
SACI_RS04740	1105.51533346297	-3.07	0.172793797135216	-17.7417309884117	1.99687665938748e-70	3.67069840372222e-69
SACI_RS04745	21476.647000766	0.92	0.0738884600569	12.5158021392349	6.1186614068499e-36	4.4249197128596e-35
SACI_RS04750	5804.79263514914	-1.47	0.0987538429296507	-14.8789051808406	4.51832785845845e-50	5.23559376602232e-49
SACI_RS04755	1942.2773330009	-1.15	0.122444903819172	-9.36413941442892	7.66725520201922e-21	3.24725368085518e-20
SACI_RS04760	3402.59621848133	-0.29	0.103775831822734	-2.83900630507291	0.00452542627104214	0.00749117003188541
SACI_RS04765	4755.79361682923	-0.29	0.105689763816305	-2.76911996557184	0.00562079348458226	0.00921747123977969
prf1	34916.2867620079	-0.11	0.0741995806708928	-1.51651950243021	0.129388042748501	0.174790849592145
SACI_RS04775	76.9883198863599	1.62	0.317762723817422	5.08403423476724	3.69501293858825e-07	8.30018581406484e-07
SACI_RS11975	72.7389716214351	-0.00	0.182844327007054	-0.0233861455519941	0.981342256232925	0.986116960971322
SACI_RS04785	1744.64586450727	-0.03	0.0903295947777964	-0.378029422150444	0.705408737245423	0.764410517428605
SACI_RS04790	1428.30804803185	4.72	0.195048265771873	24.2154953091145	1.52789082941056e-129	1.21918743228647e-127
SACI_RS04795	65.9937136260743	0.54	0.314425388369482	1.72722989590438	0.0841263837218258	0.117023666104331
SACI_RS04800	9190.42063283376	2.82	0.15350944465547	18.3812370705065	1.85685453926917e-75	3.88060493296074e-74
SACI_RS04805	24919.0658909664	2.39	0.124061014370514	19.2267177425257	2.21191963558076e-82	5.43080408428254e-81
SACI_RS04810	10011.4399813784	1.80	0.102602085885535	17.5357657787428	7.6413234196725e-69	1.34143432632351e-67
SACI_RS04815	15980.21218382	0.36	0.0961701545935554	3.75098001117556	0.000176144743441669	0.000333572920293257
SACI_RS04820	539.327263154697	-0.62	0.185256280397094	-3.34863952749679	0.000812093787365662	0.00144881162979717
SACI_RS04825	1135.49048697719	-0.22	0.108641672087771	-2.00184329640138	0.0453015877444617	0.0658335573554656
SACI_RS04830	1507.50886384758	-1.12	0.214776533209351	-5.20271238548554	1.96400704379101e-07	4.48642077472365e-07
SACI_RS04835	1376.72488306039	-1.68	0.0716045821880782	-23.4560401076519	1.14701018312026e-121	7.06518026830744e-120
SACI_RS04840	2563.89548706572	-0.25	0.0791610687030976	-3.11294337292369	0.00185231554581019	0.00319581320950347
SACI_RS04845	8529.41040975739	0.09	0.0639538890293337	1.43328830281321	0.151775463398651	0.202617358172116
SACI_RS04850	1132.84187237502	-0.40	0.0879107606418088	-4.50299895028258	6.70012149028562e-06	1.4019145740401e-05
SACI_RS04855	5585.59604504418	-0.58	0.145284019557651	-4.00556560526667	6.18692585203432e-05	0.000121150567018921
SACI_RS04860	6481.91512474345	-1.04	0.14095245243254	-7.39032354823521	1.46471957649642e-13	4.59984833012426e-13
SACI_RS04865	160.7071209046	0.33	0.143530564470564	2.30115181934773	0.0213830511578165	0.0327699225731531
SACI_RS04870	4306.47680323962	-1.51	0.144766194027344	-10.4274114528373	1.85883239812024e-25	9.27039850823886e-25
SACI_RS04875	26016.5968184951	1.18	0.12028407182305	9.78032224435822	1.36774375782046e-22	6.20432601254218e-22
SACI_RS04880	4163.19165658916	1.14	0.124310667985769	9.20745366293117	3.33952710930474e-20	1.39917418624928e-19
SACI_RS04885	2062.4953857418	-0.11	0.0785134008904507	-1.44497185903078	0.148465790222404	0.19872794108687
SACI_RS04890	32875.3089452825	1.52	0.118864786316813	12.7584263451427	2.79796396412057e-37	2.09013861234624e-36
SACI_RS04895	1038.53806376761	-1.53	0.11004479550978	-13.9014732474568	6.20508653952274e-44	5.84076644511109e-43
SACI_RS04900	1205.39513571857	-1.55	0.0893056668164308	-17.4028803046116	7.8456776644842e-68	1.33719292621379e-66
SACI_RS04905	8552.95160024259	0.06	0.098945864924829	0.627364605491802	0.530420263311596	0.608000504239965
SACI_RS04910	4441.20448628451	-0.88	0.110629269705653	-7.94935621848777	1.87483237093087e-15	6.45346711209638e-15
SACI_RS04915	1371.39962904852	0.45	0.14102116103178	3.2227260827632	0.00126976916195809	0.00222796578092696
SACI_RS04920	1594.19817530395	0.21	0.077232577259518	2.67947460786303	0.00737377956501066	0.0119747178782389
SACI_RS04925	1605.42027320147	-0.26	0.0772019755585227	-3.37978247992991	0.000725432179418839	0.00129816125481118
SACI_RS04930	3328.43661507394	0.50	0.0731080006951829	6.867498478845	6.53374490831893e-12	1.88806406363027e-11
SACI_RS04935	9689.25560793408	-0.36	0.0773833038477518	-4.65684020932371	3.21099468238227e-06	6.85754399625556e-06
SACI_RS04940	14042.9176470997	-0.94	0.11709292442062	-8.06374834511797	7.39899937350273e-16	2.59519348655026e-15
SACI_RS04945	19448.3982348212	-0.61	0.118204500136961	-5.14792862390281	2.63378666970151e-07	5.96595161117548e-07
SACI_RS04950	11717.722831141	-0.35	0.107057962085512	-3.22960016669755	0.001239634484467	0.00217944750874494
SACI_RS04955	19215.3216636318	-0.04	0.0968748572066039	-0.416855854580246	0.676783845055263	0.741000772009479
SACI_RS04960	21382.4082398191	0.66	0.0954270581083072	6.91652969702325	4.62841428698504e-12	1.34634321140054e-11
SACI_RS04965	1611.65224986461	0.23	0.135795509579967	1.68845646706259	0.091323638845797	0.126185476579139
SACI_RS04970	2240.5120041601	-0.57	0.116113268466006	-4.92412946381538	8.47367252065168e-07	1.86410176817093e-06
SACI_RS04975	17381.8116308981	0.46	0.0948529253759133	4.88192957336317	1.05052777826289e-06	2.29807042335266e-06
SACI_RS04980	495.574887476324	-1.32	0.104412527439496	-12.6202517281962	1.63298456657065e-36	1.1969538232212e-35
SACI_RS04985	2051.84629809627	-0.59	0.0692927697792646	-8.47397360427698	2.37161192104622e-17	8.93425907166662e-17
SACI_RS04990	18109.3345965984	2.93	0.234205936924862	12.5157190622876	6.12506687681505e-36	4.4249197128596e-35
SACI_RS12045	396.463014229421	-0.08	0.145248059740186	-0.54133905352551	0.588273906977451	0.663272218175283
SACI_RS04995	1796.23152236438	-0.18	0.119704579781488	-1.52262674257493	0.127852115267318	0.172972260228441
SACI_RS05000	24885.4816143717	-0.05	0.082181867031742	-0.572466282652524	0.567006122176617	0.643009849793961
SACI_RS05005	104.47780098643	-1.51	0.181923137227198	-8.28078611264167	1.22364796595021e-16	4.44284178743661e-16
SACI_RS05010	941.334451855526	-2.07	0.14084620515067	-14.7175838699067	4.9710606016412e-49	5.6120237210168e-48
SACI_RS05015	4572.94804933243	-1.02	0.117942830125382	-8.63751783006494	5.74474945931744e-18	2.22134530304664e-17
SACI_RS05020	1147.53952951888	-3.61	0.123445817942505	-29.2423388448228	5.61943945689683e-188	1.31532346221098e-185
SACI_RS05025	498.782327390008	0.21	0.141888659920803	1.45555346552504	0.14551609999504	0.195002682092591
SACI_RS05030	2126.8309343157	-0.51	0.106588232340251	-4.79860511706835	1.59774447600215e-06	3.47133716289824e-06
SACI_RS05035	2095.1929790877	-1.02	0.143454691787426	-7.1412929184376	9.24570859412038e-13	2.79360437813741e-12
SACI_RS05040	505.447389994242	-0.66	0.114023528938621	-5.81279826664126	6.14370827278869e-09	1.53855632994016e-08
SACI_RS11835	14504.4772361024	0.87	0.14641459934831	5.95238530034544	2.64262331813055e-09	6.71850142647093e-09
SACI_RS05045	6745.46119201755	0.26	0.0648564494518496	3.99630362137302	6.43392061467306e-05	0.000125706707168153
SACI_RS05050	689.139070935418	-3.22	0.201343737735535	-15.9982221287053	1.31476249760847e-57	1.82455775853888e-56
SACI_RS05055	617.608544474085	-3.45	0.264176979122857	-13.0700733998717	4.88184002905067e-39	3.86039196891822e-38
SACI_RS05060	5674.21842630868	-0.45	0.0790494003293211	-5.7037041902174	1.17231452446783e-08	2.88033330679255e-08
SACI_RS05065	1587.47342962423	-1.87	0.138078942587161	-13.5110917991576	1.34511673338134e-41	1.14351207043629e-40
SACI_RS05070	496.289987432354	-0.47	0.122009245555455	-3.86426416943487	0.00011142458276286	0.000214597756489524
crn1	2106.60737801379	-0.80	0.122553696322184	-6.4905838936253	8.55043362757442e-11	2.33260081324116e-10
SACI_RS05080	1722.58385066181	-0.87	0.0882733100600187	-9.90810150347531	3.83870935753104e-23	1.77338270451203e-22
SACI_RS05085	446.749166487107	-1.85	0.132413469331254	-14.0051154026596	1.45043927605345e-44	1.41066268648854e-43
SACI_RS05090	624.613092477653	-2.72	0.118553010740852	-22.9825279882374	6.97093618302157e-117	3.94757369977238e-115
SACI_RS05095	144.097308684375	-1.63	0.211259960827986	-7.71388808574124	1.22041500619432e-14	4.06920900925762e-14
SACI_RS05100	56.9217789772851	-3.85	0.269416028828855	-14.3079261526885	1.95249362000881e-46	2.02218439523626e-45
SACI_RS05105	4843.79009050515	-2.12	0.123733874064746	-17.1602703694967	5.26678880030332e-66	8.72249786691742e-65
SACI_RS05110	3023.9236786554	-0.05	0.102258471561952	-0.536378984540459	0.591696652617228	0.66627548022421
SACI_RS05115	4541.83425122545	-0.80	0.0788649783612345	-10.1526962999215	3.22332609412218e-24	1.55668472028377e-23
SACI_RS05120	2079.620528999	0.38	0.0999647783505544	3.80819856366956	0.000139982850732579	0.000268274993953104
SACI_RS05125	994.911788145229	0.42	0.145638034369599	2.86129322515255	0.00421916625556712	0.00701064492347191
SACI_RS05130	52333.0243702977	4.69	0.433119090814591	10.835796871471	2.32928505401415e-27	1.2466646074152e-26
SACI_RS05135	21608.8249273014	1.21	0.110816564031634	10.9279293689481	8.47604455750685e-28	4.62821033303368e-27
SACI_RS05140	6004.39245000853	0.73	0.16784799874243	4.35388094342865	1.33748362958173e-05	2.7466263341426e-05
SACI_RS05145	1912.85344215497	0.40	0.124774481756326	3.24513315866226	0.00117395713866197	0.00206812017754249
SACI_RS05150	15642.1193103255	0.54	0.101124343478296	5.30872439437257	1.10395114397161e-07	2.57027351888882e-07
SACI_RS12050	17155.5878408113	6.29	0.318457476879082	19.7484767432228	8.2674050620583e-87	2.21579077655624e-85
SACI_RS05155	31415.8101138573	0.38	0.100721900185136	3.79442112089543	0.000147988317982385	0.000282656392357596
SACI_RS05160	6785.59252035412	2.30	0.110664492007062	20.8175848306836	2.99926153759728e-96	1.04261458004991e-94
SACI_RS12215	66.5123054034973	0.41	0.209245378090612	1.98127239502876	0.0475607343700479	0.0689169370091779
SACI_RS12220	26.2104687236894	-0.04	0.249727498779927	-0.157971599929817	0.874479177659269	0.905158134658518
SACI_RS05170	2204.65004361889	-1.42	0.124282148978825	-11.4513426412469	2.31531250773595e-30	1.40156245080361e-29
SACI_RS05175	1504.24809218334	0.72	0.11635967528837	6.21301354000233	5.19779685560664e-10	1.37627939366779e-09
SACI_RS05180	3034.79617037898	-0.34	0.0802292102570307	-4.26435477419918	2.00480687051679e-05	4.06167162284157e-05
SACI_RS05185	3383.49980441311	-0.01	0.0707480719829555	-0.0948077721980146	0.924467513362083	0.943328647055493
SACI_RS05190	136.716993172112	0.78	0.15029939144761	5.21636318318041	1.82470239698709e-07	4.17363525460696e-07
SACI_RS11920	93.1654107664027	0.90	0.16457077390017	5.46830153224972	4.54368445080678e-08	1.07716921720342e-07
SACI_RS12135	23.9226742224864	1.57	0.323575137418662	4.83865240196402	1.30722438226195e-06	2.84718660429386e-06
SACI_RS05195	2500.55850284871	-1.34	0.157020082392481	-8.52162100005633	1.57335522087878e-17	5.97194614108691e-17
SACI_RS05200	194.839325900022	-0.27	0.120558821867239	-2.23542490869582	0.0253894663456271	0.0384898170723215
SACI_RS05205	1233.55786848524	1.12	0.103145902876616	10.8274087071181	2.55277342386896e-27	1.36419900931566e-26
SACI_RS05210	628.966684244925	-0.27	0.116269301503422	-2.29029484330208	0.0220042305518191	0.0336631169792753
SACI_RS05215	1163.51079986162	0.86	0.0953201616493399	9.01902796995195	1.89765550623216e-19	7.77440896427202e-19
SACI_RS05220	6519.16291995981	2.73	0.215258641546122	12.6614986257183	9.66367693230245e-37	7.15805268128986e-36
uvsE	284.738039792453	-0.85	0.177508920619332	-4.77518282143366	1.79544067571525e-06	3.88555425404664e-06
SACI_RS05235	594.878663704177	-0.45	0.130991861891953	-3.45891558603001	0.000542354854322524	0.000981044767401535
SACI_RS05240	22299.0902308998	-0.50	0.0521670996735802	-9.66842202930684	4.10660931934858e-22	1.83672679238635e-21
folK	407.905479657427	-0.55	0.10691338955099	-5.17891189178261	2.23183841222838e-07	5.08830173073627e-07
SACI_RS05250	305.301090988145	-0.73	0.148121076046399	-4.89631295057229	9.76515096970393e-07	2.14150187724113e-06
SACI_RS05255	11727.3565346422	-0.86	0.106919937586613	-8.04041170552085	8.95371276137488e-16	3.12179597866804e-15
SACI_RS05260	17552.4222422221	1.62	0.0816553519238811	19.8898730769038	4.98009331600248e-88	1.39880861059878e-86
SACI_RS05265	6428.22808487392	2.49	0.0825036344147174	30.1529605798701	9.80930483732688e-200	3.1309517530777e-197
SACI_RS05270	4204.2272147739	0.92	0.118085461566147	7.78628741557316	6.90068742467802e-15	2.32964553346582e-14
SACI_RS05275	7819.16038448266	2.12	0.0879217179046676	24.0681531914483	5.38971818902184e-128	3.94235428367827e-126
SACI_RS05280	13315.7940228581	-0.45	0.146913758844075	-3.04038508827832	0.00236275834644594	0.00402896772917518
SACI_RS05285	25371.6990342306	0.01	0.0860616659022731	0.169945064088479	0.865053340541637	0.899287576926753
SACI_RS05290	4053.66422465065	0.51	0.0713578764634187	7.11710882747369	1.10214463068208e-12	3.30455149301862e-12
SACI_RS05295	3773.65313074096	-1.16	0.103861388722698	-11.2123034136452	3.54837084866791e-29	2.03558901146107e-28
SACI_RS05300	13127.8870874067	-0.16	0.106561486319207	-1.51904555341175	0.12875103005756	0.17406425357416
SACI_RS05305	11079.5885679906	-0.47	0.111927775214796	-4.19837597215691	2.68836027342051e-05	5.39670264149766e-05
SACI_RS05310	50714.2634937255	0.80	0.103678073350289	7.69816795729408	1.38030867879548e-14	4.58492315160921e-14
SACI_RS05315	6800.88169456023	0.59	0.0910098103898091	6.51024084605182	7.50304075916748e-11	2.05806063323727e-10
SACI_RS05320	5693.33112616709	0.24	0.114172075141131	2.05846574499163	0.0395454462653277	0.0584606576158171
glpK	23212.0290598925	-0.19	0.161299453167034	-1.18259152969495	0.236971071070515	0.302327554697884
SACI_RS05330	2063.83474797437	-0.27	0.0849306911418734	-3.1782006963276	0.00148192133100268	0.00257703110111461
SACI_RS05335	366.832359014035	-0.55	0.107040957001834	-5.15582807460545	2.52512504747141e-07	5.73090758996258e-07
SACI_RS05340	2328.38020193585	-0.45	0.166426145858906	-2.7043632423064	0.00684354332733091	0.0111290785651963
SACI_RS05345	8210.19840307608	0.20	0.1445784316684	1.38378155270464	0.166425353241407	0.220331604536417
SACI_RS05350	18865.7511646368	1.13	0.105466819549993	10.7509586950449	5.86488349209262e-27	3.06879373185353e-26
SACI_RS05355	34717.5025067504	1.27	0.134928817713792	9.44610102209121	3.51687227625791e-21	1.50398764457266e-20
SACI_RS05360	89.1248353015975	2.01	0.263801140258495	7.62763404086335	2.3910115189916e-14	7.8277372967208e-14
SACI_RS05365	18706.3435808109	0.11	0.0850436388264098	1.31855643079671	0.187317447655792	0.244487568297206
SACI_RS05370	1354.88553996615	-0.22	0.106547291816824	-2.01956870934062	0.0434281435793388	0.0634524394952386
SACI_RS05375	39710.9699147641	-1.74	0.125320427185418	-13.9102252448432	5.49062658491324e-44	5.18214783323398e-43
SACI_RS05380	5804.1430433866	-0.24	0.114799807059261	-2.05247152966279	0.0401238591732645	0.0591911216627445
SACI_RS05385	1154.63174999529	-1.63	0.0843280818497487	-19.3648766352343	1.52720267528499e-83	3.85756013879539e-82
SACI_RS05390	3802.84434976549	-0.08	0.154729287196305	-0.508140399416065	0.611354884991101	0.685108335265131
SACI_RS05395	574.998215280957	-0.86	0.157170726866318	-5.49138295092156	3.98798584013923e-08	9.48632675117131e-08
SACI_RS05400	1708.03313352435	0.49	0.0662214732242756	7.42558291087869	1.12284305626284e-13	3.54523558501695e-13
SACI_RS05405	980.102364731583	2.45	0.128068426095555	19.1241394135709	1.58975489439298e-81	3.8230338590505e-80
SACI_RS05410	12795.4858256875	-0.39	0.0800521905639329	-4.92577751832044	8.402556048208e-07	1.84961594264942e-06
SACI_RS05415	320.886083876576	-1.68	0.190148936615962	-8.85773473445098	8.16567404237334e-19	3.25422038169952e-18
SACI_RS05420	4232.985214889	0.96	0.0609618511680076	15.7123317557743	1.24513993546029e-55	1.64969294845323e-54
SACI_RS05425	454.786497872834	-0.14	0.109072257226679	-1.26281088627607	0.206657151462073	0.26783804310939
SACI_RS05430	255.178995699152	-1.96	0.107534743595286	-18.2470900260365	2.18228289789254e-74	4.53372500266313e-73
SACI_RS11980	19259.6508449556	-1.16	0.166559968017655	-6.93575095920205	4.04068886219627e-12	1.17831051454909e-11
SACI_RS05440	1071.80679696129	-1.17	0.162457285666895	-7.22718947172587	4.93091942534055e-13	1.5159770667575e-12
SACI_RS05445	5419.52636353767	0.32	0.154460776043564	2.05005624029874	0.0403589429723693	0.0594629663348673
SACI_RS05450	4.18181321821508	0.32	0.719400513049588	0.448976613031347	0.653448527577877	0.721037184811464
SACI_RS05455	3.6592808267983	-0.27	0.688887924628404	-0.387774804936739	0.698182692185298	0.758687537066723
SACI_RS11845	1.81010862203659	0.53	1.04900928190405	0.504388449543098	0.613988433154111	0.686751637083174
SACI_RS05460	24.7659440406781	1.01	0.288088550076184	3.50462519101231	0.000457250527726526	0.00083354444592307
SACI_RS05465	32100.8910052913	-0.07	0.130474817722004	-0.546905267178614	0.584443816892904	0.659377326835149
SACI_RS05470	17024.393328868	-0.04	0.125827331437286	-0.34574124966119	0.729537181070759	0.78667231042366
SACI_RS05475	10178.317391053	-0.35	0.0984327809396882	-3.51538956677512	0.000439109341769987	0.000803393902529664
SACI_RS12225	2225.88276755732	0.09	0.0941883822446801	0.988727217221852	0.322796622625211	0.397244634432918
SACI_RS05480	1436.52253949192	1.09	0.113193684843835	9.59851180354947	8.1106986980415e-22	3.58197020488348e-21
SACI_RS05485	1140.11246439861	0.92	0.0818426995675464	11.2296288029039	2.91701420907671e-29	1.68447975132703e-28
SACI_RS05490	1419.46900857337	0.51	0.0769473140545367	6.58444958202846	4.56573624079361e-11	1.2622283418446e-10
SACI_RS05495	452.479084246282	-1.11	0.111401983735523	-10.0079803178477	1.40593369423525e-23	6.63472204362896e-23
SACI_RS05500	5246.30955542354	-1.16	0.114498170680087	-10.1491999826814	3.3409084473505e-24	1.61125406025379e-23
SACI_RS05505	11335.6149041981	-2.62	0.179717284562198	-14.5940429374365	3.06483516116287e-48	3.34181250026175e-47
SACI_RS05510	11685.6078971808	-1.08	0.0847876988829513	-12.7671318834208	2.50205191259167e-37	1.8770735609208e-36
SACI_RS12055	67.361171113289	0.65	0.202316855849101	3.20737382451863	0.00133952806752462	0.00234217283121461
SACI_RS05515	1256.13705686469	0.09	0.0754396028917121	1.2328554305462	0.217629706383187	0.280402898756466
SACI_RS05520	1007.4883906836	1.10	0.100946656613873	10.8844003821102	1.36795905982837e-27	7.41188928866883e-27
SACI_RS05525	3361.35530055148	-1.64	0.139524412699196	-11.7719311794777	5.44632696243968e-32	3.49580511245443e-31
SACI_RS05530	5514.08184890365	-1.23	0.0975391224816007	-12.5858845899395	2.52498301202096e-36	1.8392562977605e-35
SACI_RS05535	15155.3877704563	-0.30	0.174310828401554	-1.71645973090829	0.0860779322482785	0.119454395305813
SACI_RS05540	597.273161787059	-3.12	0.182900056939076	-17.0483191830445	3.59729823839834e-65	5.79363032798926e-64
SACI_RS05545	931.286799241952	-2.93	0.220668170574567	-13.278335474054	3.09190886150929e-40	2.53637663849512e-39
SACI_RS05550	13213.4562727099	-0.46	0.126555998932248	-3.64967023451974	0.000262577178984897	0.000490637826192641
SACI_RS05555	4378.99692384352	-1.47	0.194134589756206	-7.58140770264236	3.41825576411046e-14	1.10714907636456e-13
SACI_RS05560	2628.10276959565	-0.30	0.119379536840622	-2.47339096728087	0.0133837636499023	0.0211097907344147
SACI_RS05565	564.916306598139	-0.42	0.122394749646585	-3.41198668339545	0.00064491263676911	0.00115820371749174
SACI_RS05570	1244.80111443005	3.45	0.375737934424968	9.17645039859291	4.45535666893884e-20	1.85780965138293e-19
msrA	4490.31816950469	-0.23	0.069377992124693	-3.29282256388434	0.00099187049066627	0.00176059519349306
SACI_RS05580	1251.20100637393	-0.70	0.19643558057576	-3.58540159779945	0.000336559890444491	0.000621600092241245
SACI_RS05585	309.817206609608	-0.37	0.124352516635596	-2.96484015726574	0.00302840235682249	0.00510942848380767
SACI_RS05590	370.762879172179	-1.74	0.112242225812972	-15.5068303421248	3.11900223723524e-54	4.01128822525015e-53
SACI_RS05595	157.671649008046	-2.02	0.169241780496278	-11.9534906917294	6.22543516747425e-33	4.17127917423704e-32
SACI_RS05600	72.6645889293834	-1.63	0.200707797379674	-8.12262169233697	4.56219679403772e-16	1.61145603057007e-15
SACI_RS05605	215.363155016736	-0.47	0.125351518897482	-3.75310555856101	0.000174657263727476	0.000330934513193291
SACI_RS05610	495.180533669661	-0.03	0.102133665915365	-0.247750182639336	0.804327701838897	0.849090190437056
SACI_RS05615	5359.51272513367	0.33	0.0928712213330178	3.56872662907533	0.000358720479816152	0.000661137850201843
SACI_RS05620	0.123422154029876	0.00	4.32794324778021	0	1	NA
SACI_RS05625	2721.45120924703	0.12	0.124197178419187	0.95420329774286	0.339980745709873	0.416494207322877
arnS	589.672650372208	-0.15	0.112625570400254	-1.31802502872142	0.187495269534987	0.244628722161776
SACI_RS05635	6125.61291065907	0.20	0.112531822571092	1.73778802379845	0.0822481716926991	0.114592591592487
SACI_RS05640	44795.8918658263	0.55	0.0944823328305216	5.87126974346001	4.324699399033e-09	1.08534807648355e-08
SACI_RS05650	575.880647447808	-0.04	0.0903977379445152	-0.400466481491743	0.688812966435958	0.750596624815844
SACI_RS05655	727.279552100982	0.00	0.151609403997387	0.00896194446662383	0.992849498592583	0.994832166371382
SACI_RS05660	2423.02879828785	0.31	0.090516922675489	3.44807572118331	0.000564595729826618	0.00101969938653357
SACI_RS05665	7486.14345142698	-0.12	0.0710502165353108	-1.74982437113561	0.0801486239602285	0.112023017008106
SACI_RS05670	3287.38915774223	-1.94	0.193453559934305	-10.0439789205737	9.76537589807257e-24	4.62078635823892e-23
purE	1192.63462090525	0.25	0.0910021980452348	2.71092053700217	0.0067096703939035	0.010926555080239
SACI_RS05680	7371.10552896881	0.57	0.0845230419967472	6.75881424464756	1.39125625405774e-11	3.93927476451348e-11
SACI_RS05685	2150.74169635825	-0.36	0.0739829710531293	-4.86064190115718	1.17005738564117e-06	2.55318302112253e-06
SACI_RS05690	5892.51907109984	-2.52	0.246222077284086	-10.2452959955629	1.2424400275342e-24	6.07549712628494e-24
SACI_RS12060	12531.7008986734	1.85	0.312531970096943	5.91832529752075	3.25236221646032e-09	8.19744705096351e-09
SACI_RS05695	4958.07184943331	-0.02	0.0888355409834273	-0.222256695040964	0.824114061342871	0.865270475291514
SACI_RS05700	2569.10323743549	-1.04	0.0678853622193671	-15.270972831808	1.19378741135857e-52	1.49692414331426e-51
SACI_RS05705	2185.49882948383	-1.51	0.107503903276795	-14.0831744245336	4.81952891338822e-45	4.78004689686611e-44
SACI_RS05710	4705.88758670436	-1.07	0.0885787121554169	-12.1004207195792	1.05071291592958e-33	7.19113654547515e-33
SACI_RS05715	13310.7721637851	-0.40	0.10972210468488	-3.64050498519889	0.000272103838877331	0.00050789823407672
SACI_RS05720	3786.74042204616	-0.50	0.0907641376095464	-5.50257589927309	3.7428201009277e-08	8.92733789018828e-08
SACI_RS05725	7183.10256582433	-0.63	0.0736866319262982	-8.53928234725466	1.35057997412996e-17	5.14304369758165e-17
SACI_RS05730	2837.72024910271	-1.43	0.102269996215423	-13.9446608310702	3.39055991805568e-44	3.23485213921019e-43
SACI_RS05735	43259.7751800778	-0.60	0.148263221494501	-4.06252972678463	4.85437635056736e-05	9.55901030108917e-05
SACI_RS05740	6011.38808094836	1.81	0.0822372055676425	22.0384470047786	1.23294234833339e-107	5.69586919078753e-106
SACI_RS05745	5978.89573125259	0.10	0.0649568848226236	1.50440608802778	0.132476837668207	0.178757177960444
SACI_RS05750	3398.73249413669	1.54	0.104480213553524	14.7114094362288	5.44611618469134e-49	6.12862625783695e-48
SACI_RS05755	7808.61906261931	0.94	0.0997509887933307	9.43174545520971	4.03320623572273e-21	1.71851785116778e-20
SACI_RS05760	7525.92331581058	-0.86	0.127746991167334	-6.7595605729262	1.38410885322961e-11	3.92220030967648e-11
SACI_RS05765	38295.3706718658	-0.39	0.0780012211429574	-4.95495462895001	7.2347168861889e-07	1.60057284104658e-06
SACI_RS05770	47716.9532618728	-1.32	0.0899510129216664	-14.7025004215969	6.21227701215704e-49	6.92422367926456e-48
SACI_RS05775	1985.8063586891	2.23	0.21721523416877	10.247019434771	1.2204912461498e-24	5.97649200171822e-24
SACI_RS05780	7452.18728120687	-0.04	0.073626162103968	-0.499843643081754	0.617185177454222	0.689887665724856
acnA	95396.3839872919	-0.50	0.104454176396145	-4.7645373532214	1.89287451409736e-06	4.09229212992355e-06
SACI_RS05790	2250.0104723293	-0.97	0.0943735468494462	-10.2571915941329	1.09855230356416e-24	5.38689544387396e-24
SACI_RS05795	42072.6232753886	2.57	0.190263119747494	13.4953070356393	1.66659411238486e-41	1.41338452381238e-40
SACI_RS05800	7861.22884849975	0.35	0.123652406032477	2.80796869503021	0.00498550729483173	0.00821403853221689
SACI_RS05805	8591.21261506833	1.35	0.0826506084737512	16.2804131235174	1.35948065513042e-59	1.98880690840121e-58
SACI_RS05810	10992.0317638581	1.24	0.149585852042152	8.30887211310687	9.66159774534609e-17	3.53352809207397e-16
SACI_RS05815	27195.7607410691	1.89	0.133007729884265	14.1811413977066	1.1988070865543e-45	1.21647736441969e-44
SACI_RS05820	3178.80164345375	-0.40	0.135698272661804	-2.96237495606379	0.00305275777774313	0.00514804637735645
SACI_RS05825	1391.91891290872	-0.87	0.125209965714963	-6.91097785747665	4.81324189528539e-12	1.39779092591786e-11
SACI_RS05830	41443.7137618524	1.78	0.130181619053289	13.7094531497386	8.91270333465618e-43	7.9624685516483e-42
SACI_RS05835	5153.73011163237	0.38	0.0698880049928295	5.46779988097492	4.55655897328631e-08	1.07949248010852e-07
SACI_RS05840	439.522942790993	-0.53	0.149689274563287	-3.54061766551923	0.000399191591203502	0.000733034349746597
SACI_RS05845	5344.5462671595	0.76	0.11984450353715	6.37157481962521	1.87096977799858e-10	5.02984294835605e-10
SACI_RS05850	1373.31945114817	-2.17	0.168623378402335	-12.8473672443741	8.89875396108071e-38	6.80686822600313e-37
SACI_RS05855	13621.6386153767	-0.03	0.144960556649744	-0.219992878782626	0.825876700765541	0.865844493605709
SACI_RS05860	5278.92322304364	0.57	0.169545295256329	3.34460945248104	0.000823985099735085	0.00146927967758755
tenA	544.62006167741	-0.81	0.0989534687336043	-8.16245306242997	3.28288166222879e-16	1.16426237536215e-15
SACI_RS05870	667.871882092971	-1.70	0.176363137641915	-9.61217321330168	7.10336422857932e-22	3.1410468270204e-21
SACI_RS05875	2515.50155717797	0.34	0.104997469287964	3.21904661138494	0.00128617576500442	0.00225449980575663
SACI_RS05880	235.967228141299	-0.27	0.108317600140561	-2.50711043941694	0.0121722673219542	0.0193117173824587
SACI_RS05885	377.624308502295	-0.60	0.120149336766434	-4.97987788691971	6.36244057053529e-07	1.41293667572102e-06
SACI_RS05890	3311.95439410352	3.59	0.192450714329714	18.6727258592227	8.25309835686855e-78	1.81103927068534e-76
SACI_RS05895	7661.33402938788	3.58	0.152482634845179	23.4733962614058	7.62741920536799e-122	4.78211943393696e-120
SACI_RS05900	7574.75938496948	-0.86	0.19106853952463	-4.5006016126631	6.77614021807389e-06	1.41697607538162e-05
SACI_RS05905	159.533828075458	-0.10	0.141189917075856	-0.703686954310183	0.481627746392742	0.562352849213475
SACI_RS05910	5442.35124292729	1.09	0.111365210287142	9.79339676777616	1.201889114575e-22	5.45903322286265e-22
SACI_RS05915	5197.26124805336	-2.33	0.103899566849958	-22.465854717363	8.95719200209792e-112	4.36787515546747e-110
SACI_RS05920	2996.34903981054	-1.13	0.100867781380743	-11.2380372665289	2.6521329650208e-29	1.53657406603763e-28
SACI_RS05925	4457.03343423389	0.03	0.169725932074587	0.20450313230096	0.837960344496302	0.876140193426598
SACI_RS05930	849.464934848323	-0.96	0.0828497684019569	-11.5350666267385	8.78191526988498e-31	5.38103045594523e-30
SACI_RS05935	385.300615694226	-2.05	0.10257040353783	-19.9894521113785	6.80387400301876e-89	1.94214647354462e-87
mvaD	831.873549785586	-0.74	0.112206565507487	-6.59767967427439	4.17642401093427e-11	1.16191954852537e-10
SACI_RS05945	1748.60894327027	-1.42	0.0735078015437763	-19.359217834062	1.70453857655391e-83	4.27473924448628e-82
SACI_RS05950	1027.37414254183	-0.68	0.119611301268988	-5.67705378662528	1.37034394741625e-08	3.3574861126158e-08
SACI_RS05955	10717.9675659661	1.87	0.139770988839569	13.3909099608992	6.83383161071228e-41	5.69918831002632e-40
SACI_RS05960	6327.41934284044	-0.09	0.0596689449749624	-1.47572800333871	0.140016925214885	0.188208049169013
SACI_RS05965	4146.40328441318	-1.08	0.119531174139915	-8.99695251148206	2.3206988379659e-19	9.45240559176132e-19
SACI_RS05970	132.319855034114	0.11	0.131356915736834	0.873386234939105	0.382452591251338	0.461281706589986
SACI_RS05975	1704.11429516528	0.79	0.0961357285940658	8.22216873307437	1.9985573502953e-16	7.16013760906815e-16
SACI_RS05980	2004.63970944909	-0.41	0.0784919400645178	-5.26125110180739	1.4307847627149e-07	3.30492454071844e-07
SACI_RS05985	431.145107920726	1.02	0.172420098764587	5.93264955457538	2.9808465410406e-09	7.5619596861225e-09
SACI_RS05990	6654.13576796936	1.04	0.171268402165891	6.05377322209638	1.41491765718111e-09	3.66896299435957e-09
SACI_RS05995	2776.2814028881	0.34	0.107477612410393	3.15038793654446	0.00163053795990639	0.00282707100110189
SACI_RS06000	406.507718249011	-0.65	0.112843827554301	-5.72794923342275	1.01651974305223e-08	2.50280562262019e-08
SACI_RS06005	1.85036186405101	0.83	0.99642049053715	0.834762322277717	0.40385154382663	0.484097907263673
SACI_RS06010	1921.21551570252	0.17	0.230395692871946	0.746196062222848	0.455548986516477	0.536722312637366
SACI_RS06015	8649.93358182691	-0.77	0.153405421906625	-4.98728794440394	6.12327700563378e-07	1.36240973173512e-06
SACI_RS06020	690.905966014532	-0.59	0.0878795790884686	-6.71844725959968	1.83671196704444e-11	5.16722413164504e-11
thrS	5028.41135003897	-0.88	0.117481207266656	-7.45361879605481	9.08141503599233e-14	2.88812030718923e-13
SACI_RS06030	589.851787777399	-0.07	0.0900489578198421	-0.722275448476727	0.470125144420803	0.550570174136571
SACI_RS06035	726.320652388409	0.31	0.101875277350421	3.08773187743654	0.00201690354189359	0.00346615190190328
SACI_RS06040	9920.57232281564	-0.59	0.13924850617625	-4.24624064441135	2.1738714848289e-05	4.38899527500532e-05
sucD	11470.9362270019	0.07	0.116429863585108	0.570362045943766	0.568432166269561	0.64421088953274
SACI_RS06050	1517.52282636865	0.65	0.088855486646177	7.29839296083795	2.91225049334524e-13	9.05660893014628e-13
SACI_RS06055	50.3878840743684	2.08	0.257807973199057	8.0521932748906	8.13233487659264e-16	2.84672260734963e-15
SACI_RS06060	1111.23356950761	0.93	0.104810526597195	8.88117168304737	6.61597507426394e-19	2.64563650179279e-18
SACI_RS06065	72.5125569839294	-1.72	0.183353905374352	-9.37856189397239	6.68786562819095e-21	2.8358811860602e-20
SACI_RS06070	79468.3002836778	-0.89	0.14408522002043	-6.14915901983537	7.78948526485264e-10	2.04401216479055e-09
SACI_RS06075	261190.104197169	-0.31	0.0877868922178779	-3.54501790785564	0.000392586412941069	0.000722038185351542
SACI_RS06080	295.984757603818	0.68	0.246505631719666	2.75775442060988	0.00581999032686182	0.00953522446925424
SACI_RS06085	17154.1891790106	-1.95	0.203073885164745	-9.6155340703421	6.87516277401947e-22	3.04781521459373e-21
SACI_RS11640	752.309740236374	-0.73	0.0947285900476216	-7.67890345526793	1.60456100607381e-14	5.30472099088997e-14
SACI_RS06090	10177.9828436011	-0.28	0.0793688971841517	-3.49744942775852	0.000469729763068427	0.000854961740867418
SACI_RS06095	6900.4340618916	-0.00	0.119004409789969	-0.0123405918171936	0.990153882229743	0.993394885398361
SACI_RS06100	8032.13914375426	0.25	0.115774616962446	2.12039985742959	0.0339723387223839	0.0506698730901827
SACI_RS06105	172.484838363908	-0.52	0.219258613394049	-2.36606787894375	0.0179781478650684	0.0277700295443269
priS	700.902231139366	-1.70	0.152370141139099	-11.140865241673	7.93447080310725e-29	4.46441137655602e-28
SACI_RS06115	2662.93594501694	-0.59	0.074020042645437	-7.91880140806893	2.39811013735397e-15	8.2224264572752e-15
SACI_RS06120	1381.55423865553	-0.95	0.0632700078324443	-14.948961677617	1.58196536858766e-50	1.84527588342568e-49
SACI_RS06125	3624.8194358088	0.24	0.0971768863273337	2.46760087839033	0.0136021888553131	0.0214158229017957
SACI_RS06130	413.505112330989	-0.41	0.104749429782879	-3.95037518229027	7.80287820989567e-05	0.00015144226310085
rnz	489.348439048767	-0.87	0.17436833876079	-4.9845314438201	6.21121448357087e-07	1.38110031993777e-06
SACI_RS06140	537.474584091242	0.77	0.139168191041395	5.55223671345699	2.8203731773457e-08	6.8104059323664e-08
SACI_RS06145	519.544738433333	1.56	0.339647976837534	4.59924904081698	4.2401664724658e-06	8.979025624142e-06
thpR	1470.32771135812	0.30	0.0684727079463259	4.39734109230359	1.09585060374903e-05	2.26859166849225e-05
SACI_RS06155	2172.23249531745	-0.39	0.074199285100141	-5.27295439562874	1.34244930798101e-07	3.11111519493156e-07
SACI_RS06160	516.259721134643	0.09	0.146646946422041	0.614524595777902	0.538868725057296	0.61547433105926
SACI_RS06165	1452.86207916919	-1.81	0.181441177228907	-9.99105761752039	1.66792539495271e-23	7.80811474890527e-23
SACI_RS06170	5.8573219908871	-0.73	0.692359407428374	-1.05206495845171	0.292769747784546	0.365805901947167
SACI_RS12235	8.53444901901223	0.30	0.455963687587931	0.653133319093073	0.513670333645077	0.592865398234013
SACI_RS06180	4404.76470545089	1.81	0.188881979851635	9.59204189118928	8.63587457020158e-22	3.79956837292954e-21
SACI_RS06185	6065.16969769903	2.32	0.166146266876538	13.9582278764923	2.80317441143014e-44	2.68905610888832e-43
SACI_RS06190	978.033402458268	-0.33	0.172690374838308	-1.92162974111164	0.0546523635485837	0.0782563003340447
SACI_RS06195	1458.40202142506	-1.45	0.0817876759921435	-17.7276960226518	2.56325213146993e-70	4.68728032999527e-69
SACI_RS06200	907.414538992271	-3.37	0.129393240105644	-26.0397151697343	1.75929327691244e-149	1.99254151459342e-147
SACI_RS06205	1772.5830825397	3.06	0.250879388786156	12.1905672436046	3.48983710184248e-34	2.39781175431878e-33
SACI_RS06210	390716.933916117	-2.42	0.998355360629664	-2.41938183657201	NA	NA
SACI_RS06215	213910.825232583	-3.25	1.02117983111264	-3.17938915361318	NA	NA
rpiA	3656.57843413964	0.14	0.0843775400903373	1.63588954200388	0.101862707125146	0.13970311121734
SACI_RS06225	7706.51881186819	-0.50	0.155054619189763	-3.25494235308689	0.00113415384318735	0.00200201817165952
SACI_RS06230	5.31579143175169	1.20	0.69773684974152	1.72255003805303	0.084969926626346	0.118150262330733
SACI_RS06240	877.888899150918	0.65	0.176121251761057	3.67994664571603	0.000233282757830665	0.000437296189398539
pyrH	3305.18658523701	0.57	0.109700869645702	5.23825294285568	1.62103791463616e-07	3.72478018212537e-07
SACI_RS06250	14098.3440077948	1.12	0.182687435591764	6.11157839939501	9.86505177419666e-10	2.57709797464319e-09
SACI_RS06255	1461.25793764373	0.13	0.0887031171779765	1.41960944778213	0.155721413372014	0.207192539323709
SACI_RS06260	1937.98908252471	-1.83	0.0903788733327268	-20.1931898168678	1.12369973979702e-90	3.37205964651909e-89
SACI_RS06265	12720.9483815717	0.10	0.0919189079737898	1.06679032108301	0.286066530202564	0.358323077966893
SACI_RS06270	15483.6557565915	1.21	0.0916564287013621	13.1751679081045	1.21955808827882e-39	9.70945226291819e-39
SACI_RS06275	42762.4018921933	1.44	0.125946452130249	11.4720036620777	1.82386639086599e-30	1.11366867797052e-29
SACI_RS06280	19376.9954204167	0.17	0.0952379606105027	1.81598972954139	0.0693719476132551	0.0980008256948046
SACI_RS06285	14320.4859485216	0.72	0.128948771410695	5.61549178061424	1.96003974395314e-08	4.75255493164327e-08
SACI_RS06290	46177.5715467857	2.00	0.150670026268267	13.2560581381391	4.16204702010045e-40	3.38262664064182e-39
SACI_RS06295	477.265383872875	0.28	0.122957933321507	2.26237903187187	0.0236739952873343	0.0360448384448529
SACI_RS06300	23465.5278770952	0.07	0.143628876262768	0.465183149524323	0.641800304660356	0.71151274697269
SACI_RS06305	4000.12490130093	1.21	0.121597097729918	9.91560095259735	3.56106920960091e-23	1.64728774636479e-22
rgy	18754.0906021818	-1.41	0.192367422037726	-7.31590367265316	2.55655013529009e-13	7.9645497116269e-13
albA	97026.6971085246	0.44	0.0979589281968656	4.47510621757108	7.63733354205582e-06	1.59326667059762e-05
SACI_RS06320	6411.47805429828	0.31	0.107218738817847	2.8536550555388	0.00432194310296264	0.00717462989810961
SACI_RS06325	110.905183502143	0.82	0.226854269738569	3.59731276611807	0.000321521782201911	0.000595078005962525
SACI_RS06330	336.772659855394	-0.39	0.120943775162084	-3.2217046712059	0.00127430411131661	0.00223480606135495
SACI_RS06335	2990.68767445341	-0.27	0.110516510050233	-2.48673711808383	0.012892062389128	0.0203800229843442
SACI_RS06340	145.427448189595	0.02	0.169810143785161	0.140053437610908	0.88861776930371	0.916550231499802
SACI_RS06345	379.944640907866	-0.42	0.136973323756239	-3.0492332597254	0.00229426269403151	0.00391597293084328
gatC	1874.46780668536	0.22	0.0846107786325448	2.60285792569064	0.0092450256555479	0.0148759326657327
gatA	11064.9150514583	-0.44	0.0977378255466972	-4.52728234147612	5.97470890592027e-06	1.256872556542e-05
twy1	18696.1480192973	-0.48	0.108916202486585	-4.36337921148446	1.28068664925087e-05	2.63569216032814e-05
SACI_RS06365	5740.10971533424	-0.60	0.0996467051863836	-6.04461711680203	1.49765231661424e-09	3.87491325249269e-09
SACI_RS06370	1938.3591245399	-0.12	0.10738046649383	-1.08386964004906	0.278422602424046	0.349496516664578
dph5	622.025979311765	-0.96	0.125223604894669	-7.62756768621562	2.39224213027098e-14	7.8277372967208e-14
SACI_RS06380	1437.00175780731	-0.23	0.0877466023724716	-2.6715595983881	0.00754996640228458	0.0122438485165918
SACI_RS06385	6204.23216551157	-1.55	0.146622213450774	-10.5456375095052	5.32107473970459e-26	2.69975338310734e-25
SACI_RS06390	4277.70314320676	0.57	0.0817271917544719	6.95660214349294	3.48577552651252e-12	1.0207304314917e-11
SACI_RS06395	2467.3054853899	-1.34	0.0830864056187409	-16.0785120246318	3.60944626857407e-58	5.0894641963709e-57
SACI_RS06400	30706.8446089778	-0.83	0.0996645599130729	-8.28330126535133	1.1980683024979e-16	4.3544697826813e-16
SACI_RS06405	1393.76708710544	-3.75	0.223732290593691	-16.7822325433117	3.29222815146457e-63	5.23032264243987e-62
SACI_RS06410	5438.3245107518	-3.77	0.163784423595467	-23.0412704338582	1.79936017789995e-117	1.05292559743445e-115
SACI_RS06415	14664.8509612527	0.64	0.185392324032117	3.45656305990816	0.000547111180392807	0.000989138699464029
SACI_RS06420	812.38583968036	-0.62	0.0851557364214681	-7.24135739074321	4.44216101878829e-13	1.3717174438844e-12
SACI_RS06425	6913.2204106376	-0.78	0.078789490812106	-9.94164543143667	2.74258952558896e-23	1.27034720637768e-22
SACI_RS06430	847.574565876568	-1.91	0.102680073883384	-18.6143510739683	2.45820028198046e-77	5.26264706709354e-76
SACI_RS06435	8490.5185836188	-0.62	0.0933892398681969	-6.65902786296597	2.75644681472249e-11	7.69919233611031e-11
SACI_RS06440	15449.9884273658	-0.59	0.106795630958646	-5.50316432667532	3.73034420629584e-08	8.90362916947975e-08
SACI_RS06445	26251.2963628582	1.10	0.0938366478341706	11.7308812276063	8.85321292668529e-32	5.63109249738987e-31
gatD	5424.12211639858	-0.37	0.0859173336603917	-4.3250499751263	1.52497286548415e-05	3.11470606789695e-05
gatE	11722.3179636261	0.01	0.0902289660804527	0.164516000545385	0.86932495174623	0.902216939279046
SACI_RS06460	916.68667739152	-1.27	0.0842491689866399	-15.0822149352896	2.12034679653567e-51	2.5670819319437e-50
SACI_RS06465	6114.76908106365	-0.23	0.0845422097883151	-2.70725549010337	0.00678420247663393	0.01103768994229
SACI_RS06470	90050.3011519475	-0.24	0.136014528679489	-1.80040393418395	0.0717968800735502	0.101155235127703
SACI_RS06475	1001.44455211504	-1.67	0.113055018618566	-14.7494700391282	3.1009012266656e-49	3.52338647469998e-48
SACI_RS06480	23635.4579081329	0.36	0.108647755052527	3.29417627175733	0.000987105751144497	0.00175302392122829
SACI_RS06485	29479.9239607639	0.72	0.0732181137913389	9.80841651789773	1.03581161614986e-22	4.71079609365566e-22
SACI_RS06490	9479.95652234327	0.69	0.0746569882611575	9.20236143730853	3.50168239950994e-20	1.4653643509749e-19
SACI_RS06495	14793.4464345756	-0.93	0.108699913749915	-8.54002697029279	1.34190511691246e-17	5.11555794297463e-17
hmgA	14112.7481990211	-4.31	0.197147042039491	-21.8848861390948	3.61913286005518e-106	1.58834693395672e-104
SACI_RS06505	5341.8508971985	-4.82	0.395540060422783	-12.1967943942329	3.23302792016336e-34	2.23448051726251e-33
SACI_RS06510	22297.2529073846	-4.75	0.468035232697838	-10.1437126499134	3.53407121676598e-24	1.7020746285412e-23
SACI_RS06515	33310.3848327026	-4.24	0.53264960387885	-7.95992701568808	1.72140787444122e-15	5.94283485463433e-15
speD	15248.8138681628	-0.47	0.07977684837763	-5.91948723267737	3.22946907044958e-09	8.14559332352621e-09
SACI_RS06525	571.374999943402	-1.78	0.184551630202261	-9.62293317580847	6.39801757933741e-22	2.83987859937467e-21
SACI_RS06530	16.5449115622669	0.82	0.388771268638808	2.11343920115452	0.0345631936807292	0.0514855210068054
SACI_RS06535	4714.30077890919	0.11	0.149119903010188	0.76828839456025	0.442315867929707	0.523591035839919
SACI_RS06540	828.080026265091	-0.93	0.137687095563166	-6.76059451933165	1.37426639609225e-11	3.89745502155079e-11
SACI_RS06545	17780.0648160552	-0.04	0.133838657924802	-0.278874240722226	0.78034133752908	0.830235889716546
SACI_RS06550	15733.7628261928	-0.32	0.146035869981213	-2.18570741916144	0.0288370177548207	0.0433233929555736
SACI_RS06555	2790.08099070376	0.88	0.0692670404695947	12.668866683012	8.79762412772613e-37	6.5303294529485e-36
SACI_RS06560	3291.79106162983	-0.01	0.0841670021079062	-0.176777089937997	0.859683485202163	0.895121208939738
SACI_RS06565	23896.984185095	-1.22	0.146244925703663	-8.35606816219923	6.48432516867903e-17	2.39143546924707e-16
SACI_RS06570	19092.6606338611	-1.15	0.165950501575145	-6.91127081697713	4.80331061674556e-12	1.39606155425444e-11
cdvA	22265.6893921129	-0.83	0.150354034118041	-5.51765291493443	3.43557109221649e-08	8.23926919724871e-08
SACI_RS06580	1413.69186884065	-0.66	0.234536297307941	-2.81743193690184	0.00484093738467674	0.00799460543631234
eno	8390.51363327436	0.39	0.0921032772921491	4.25722871555699	2.06976582221555e-05	4.18602983974584e-05
SACI_RS06590	53.7944566646369	0.18	0.225477591861158	0.779906176275629	0.435446102780199	0.516678359872011
SACI_RS06595	3056.46102833763	-0.26	0.102071951641615	-2.52043017527264	0.0117211490716872	0.0186465584008581
SACI_RS06600	1502.99566575413	-0.90	0.0979745914385972	-9.19354612868444	3.80099667716842e-20	1.58872611113551e-19
gcvPB	3006.87846273574	-1.31	0.105161443783872	-12.4105675327129	2.29023610585131e-35	1.62444827629171e-34
gcvPA	3119.37383672872	-1.23	0.0978183605566598	-12.5413125486361	4.43586969382585e-36	3.21783853202946e-35
gcvT	6481.15180602795	0.29	0.086584154855642	3.31798704003618	0.000906686912640089	0.00161510794027364
gcvH	3849.74670217471	0.40	0.0839894899908318	4.72061194844964	2.35136151673132e-06	5.05549925611982e-06
SACI_RS06625	5121.66609058938	-0.27	0.0800848089939899	-3.31136061557117	0.000928434792349725	0.00165217159449563
SACI_RS06630	2616.62759584027	-0.68	0.11573103766953	-5.85073906224005	4.89393491242371e-09	1.22645292487649e-08
SACI_RS06635	12980.3791358927	0.25	0.103365193538451	2.45534809987732	0.0140748222243358	0.0221004923209494
sufC	59667.9989269862	1.21	0.112910728703788	10.7245591575351	7.80583984068188e-27	4.04819847572143e-26
sufB	65467.5922931883	0.14	0.0964144923309611	1.42203450164469	0.155016235289971	0.206551044441399
SACI_RS06650	8170.34902801721	-2.35	0.106793485247324	-22.0305983444706	1.46623764591864e-107	6.68566282444199e-106
SACI_RS06655	1038.16285846452	1.12	0.198358645226059	5.64213565352918	1.67953684315225e-08	4.10073286252263e-08
SACI_RS06660	11.359829099605	1.25	0.508624468307569	2.45424881251936	0.0141179259123653	0.0221483636632326
SACI_RS06665	8414.07385421879	-0.34	0.112207693347226	-3.02544928187793	0.00248264038508877	0.00422108977823084
SACI_RS06670	14.621664698257	0.67	0.394707993144668	1.69469807361459	0.0901327113073001	0.124745314766818
SACI_RS06675	5599.27397236393	-0.52	0.118748779670753	-4.35403478983379	1.33654481845752e-05	2.7466263341426e-05
SACI_RS06680	383.192535517945	-0.72	0.196194305487739	-3.66995014499697	0.000242597778692523	0.000454272427194372
SACI_RS06685	7778.189278252	-0.29	0.122856089823687	-2.35199604484615	0.0186729734863823	0.0287673584513771
SACI_RS06690	17494.1082180106	0.70	0.116753135751882	6.01758253667537	1.7704105166821e-09	4.56716482297639e-09
SACI_RS06695	1879.10775992001	-1.87	0.0907746511145866	-20.5712974537764	4.96206446115878e-94	1.61313040028967e-92
SACI_RS06700	1993022.98448239	4.83	0.136205911532021	35.4626724808127	1.85014724168469e-275	3.24793348277748e-272
SACI_RS06705	446.980424138761	0.62	0.14307996601598	4.31582850718876	1.5900539094893e-05	3.24197402800055e-05
SACI_RS06710	7047.47095615099	-0.00	0.0987072175389708	-0.0362382077750508	0.971092420586208	0.97777616537946
SACI_RS06715	8162.68251906263	0.62	0.0746710319121759	8.25837872194475	1.47664395037127e-16	5.33384455735959e-16
SACI_RS06720	1191.61892083926	-0.01	0.12891579348388	-0.0587858503034274	0.953122678791355	0.965218842006475
SACI_RS06725	1328.06992578981	0.06	0.0624784122977998	1.02539580512481	0.30517646671572	0.378479185672516
SACI_RS06730	1211.53917493468	-0.08	0.11408456813407	-0.669319631114994	0.50329160668968	0.583572269183443
argF	3421.73211927563	0.65	0.0918401668051387	7.12403789776276	1.04810204650573e-12	3.14789245960788e-12
SACI_RS06740	2403.12968653922	-1.11	0.116554504061541	-9.50638771677393	1.97398251050938e-21	8.58816926195594e-21
SACI_RS06745	1184.54288789182	-0.89	0.110580580028869	-8.0874552618478	6.092419779803e-16	2.14548503980826e-15
asd	18032.9204157532	-0.04	0.0791456658049196	-0.532069617349553	0.594677779454725	0.669203103738955
SACI_RS06755	8048.41075739453	-0.73	0.0913101160120188	-7.99676526592079	1.27730415110723e-15	4.43143762306075e-15
thrC	4510.94709156377	-1.63	0.101579291287887	-16.0090481988192	1.10487065008611e-57	1.53936541763981e-56
SACI_RS06765	1387.33894230889	-0.80	0.126128602250735	-6.31319283262059	2.73336558757615e-10	7.28689945176906e-10
SACI_RS06770	682.346693781194	0.39	0.132995900943496	2.96782088978149	0.00299919041748494	0.00506501084934566
SACI_RS06775	37070.8921401849	-1.08	0.201044130435732	-5.36851230290349	7.93887764870989e-08	1.8557522919188e-07
ppsA	26219.4391578398	-0.32	0.0867836945035136	-3.73265283174263	0.000189473661675574	0.000357657003302657
SACI_RS06785	645.430165084215	-0.11	0.112941322375647	-0.99772218267494	0.318414093532195	0.392677162764853
SACI_RS06790	5390.5830541289	-0.47	0.0753245431804637	-6.18616157929791	6.16468210409505e-10	1.62493985491574e-09
SACI_RS06795	2889.435839091	1.27	0.117197729550315	10.8780113384609	1.46729127436564e-27	7.92563025276576e-27
SACI_RS06800	12169.2902709637	-2.21	0.0728949941915274	-30.313332564712	7.64964233731204e-202	2.68578942463026e-199
trpA	3555.82546323574	-3.95	0.132141819637251	-29.8888729138916	2.74538769483839e-196	7.414658612752e-194
trpD	4264.65252683366	-4.94	0.139535556432912	-35.3722265273788	4.56580472118677e-274	5.34351345869559e-271
SACI_RS06815	1750.27300725113	-4.56	0.126408900822712	-36.0837993851356	4.07169985506509e-285	1.42957381911335e-281
SACI_RS06820	2727.97837968819	-3.38	0.115772393114513	-29.2291418448074	8.2689400553391e-188	1.81451553339347e-185
SACI_RS06825	1065.88672568859	-1.75	0.150236536093151	-11.6806329234262	1.60098957385632e-31	1.00376328460885e-30
trpC	3186.69821069084	-0.49	0.0976179326871832	-4.98858162512654	6.08242112842694e-07	1.35417758921414e-06
SACI_RS06835	7581.99865270994	0.10	0.0780967007846131	1.22970162998278	0.218808856224463	0.281715399414774
SACI_RS06840	10788.4751119434	-0.77	0.099894613430228	-7.68693165336555	1.50705589389999e-14	4.99648087203291e-14
SACI_RS06845	1064.30344023502	-1.10	0.111307102909446	-9.88121791481828	5.02187959102195e-23	2.31388703990526e-22
SACI_RS06850	316.891758136965	-0.70	0.124059123186703	-5.65967777146778	1.51657479135133e-08	3.7131757966768e-08
SACI_RS06855	238.197142292963	-0.77	0.128483906826309	-5.99016731178823	2.0962527093881e-09	5.37614555344166e-09
SACI_RS11925	342.546671129153	0.02	0.125253846514119	0.141041777801837	0.887836938290789	0.916351123258346
SACI_RS06865	1970.21565839343	0.42	0.15289869270803	2.73525838129323	0.00623313277778261	0.0101788507826952
SACI_RS12245	456.956545097097	-2.54	0.121884188701404	-20.870634814433	9.90102224471849e-97	3.51136253547542e-95
SACI_RS12250	306.366343149604	-2.13	0.127989493778378	-16.6580224687642	2.6463050995931e-62	4.14784696637115e-61
SACI_RS06870	2350.26027133021	-2.08	0.0882089264179158	-23.5973233555695	4.10587611901136e-123	2.71994925544319e-121
glgX	3458.99126988327	-2.21	0.121913509396517	-18.1338960552279	1.7212077735628e-73	3.3760673145134e-72
treZ	3907.89306207751	-1.38	0.0995800998400492	-13.8180330958534	1.98417538701759e-43	1.82846188551674e-42
SACI_RS06885	131.81899158242	-0.58	0.143469239638187	-4.07492112981631	4.60299446309514e-05	9.07417942724707e-05
SACI_RS06890	7.19124481660221	0.20	0.492056403510391	0.402673403894263	0.687188501917046	0.749577057978731
SACI_RS06895	7441.7503231665	0.21	0.0971312133409592	2.16626211672563	0.0302911628356097	0.0454302745475548
SACI_RS06900	50.5572690298239	1.36	0.236823140374763	5.74035106939196	9.44804793041726e-09	2.33441916141414e-08
SACI_RS11930	4.08522959455973	0.74	0.73615453452004	1.00532369533865	0.31474100886357	0.388283795544621
SACI_RS06905	87.8531299787774	1.52	0.198017163069284	7.67591343643702	1.6424401624239e-14	5.42484234268138e-14
SACI_RS12065	26.0042708471531	0.95	0.305658575163728	3.10748119874212	0.00188688987201199	0.00324907814646105
SACI_RS06910	3597.2909438839	-0.76	0.0768784660805944	-9.84738979394609	7.03471642819742e-23	3.22019418245126e-22
SACI_RS06915	2595.48015038006	0.44	0.143169862320993	3.04946280031402	0.00229251022296127	0.00391488491868532
SACI_RS06920	14226.0923127787	-0.40	0.102339761461857	-3.93126656726578	8.4499516902918e-05	0.000163819880643923
SACI_RS11660	23.3613583760528	0.96	0.36531481804196	2.63550845542922	0.00840113326577784	0.0135615535154694
SACI_RS06925	181.828369911865	0.16	0.130366510424729	1.25876040684612	0.208116885245511	0.269431557557887
SACI_RS06930	1157.91307322649	-0.06	0.144151294820012	-0.396020164402691	0.692090152723892	0.753232649167262
SACI_RS06935	12.8847543574034	-0.11	0.428769889716296	-0.258091128661952	0.796336578011188	0.843674630475945
SACI_RS06940	447.786452720589	-0.19	0.1159112940511	-1.65038947809545	0.0988633017639985	0.135854815065909
alaS	13378.5121334639	-0.30	0.074707799373781	-4.0010970966699	6.30494777169719e-05	0.000123324075913253
rpl12p	60955.434366619	0.97	0.0719176657194512	13.5351674845407	9.69612094158546e-42	8.30319039656257e-41
SACI_RS06955	56166.1663871229	0.51	0.0972913621624604	5.26627766859078	1.3921766717055e-07	3.22210434697297e-07
SACI_RS06960	53144.9127505145	0.76	0.0981095860481462	7.70006853884195	1.35993267877533e-14	4.52151859392064e-14
SACI_RS06965	33290.807342051	1.06	0.0959159940691032	11.0687883537114	1.77788116660589e-28	9.87680502524252e-28
SACI_RS06970	5852.68438032769	-0.80	0.132500809143761	-6.06319115428847	1.33446903261228e-09	3.46803906254753e-09
SACI_RS06975	832.839039102438	-0.53	0.123365486646461	-4.31790565395972	1.57516730480262e-05	3.21348774384775e-05
ftsY	7915.30612256664	-1.56	0.0990901262014355	-15.7409475453973	7.92480451876767e-56	1.0579463370872e-54
pfdA	12224.1368464062	-0.27	0.0891247883020468	-3.03249548944825	0.00242540722115021	0.00412777738897644
SACI_RS06990	4735.32672488864	0.22	0.0956896078556092	2.28961146922902	0.0220438495359954	0.0337090399481184
SACI_RS06995	6677.59261073275	0.10	0.136174039519615	0.720404793716084	0.471275799369917	0.551365988533082
SACI_RS07000	14876.0381029792	-0.30	0.184891092804585	-1.61941466746831	0.105358073074023	0.144271526740598
SACI_RS07005	1322.63314812298	-0.18	0.162609384062721	-1.11555938443386	0.264610785701421	0.333350724290524
SACI_RS07010	20282.3047791106	0.27	0.0998544734625571	2.66315169943317	0.0077412506394199	0.0125482599238242
SACI_RS07015	15784.7692949628	-0.02	0.142665001663896	-0.115929456175143	0.907708450433574	0.92955127328595
SACI_RS07020	6803.68140412991	0.42	0.0975659573674661	4.34506336214322	1.39235467236936e-05	2.85546568615001e-05
SACI_RS07025	42073.8447548264	1.23	0.0876539253763135	14.0505604450399	7.6426801606157e-45	7.49537710724071e-44
SACI_RS07030	1159.2482387309	-2.21	0.145355958974287	-15.1933641356988	3.91310723496066e-52	4.87195727019393e-51
SACI_RS07035	609.099311118589	-0.99	0.113758083613839	-8.70501897690012	3.17521624682664e-18	1.23868713806759e-17
SACI_RS07040	507.819757004939	-0.52	0.119873734819876	-4.35384240618675	1.33771889244769e-05	2.7466263341426e-05
SACI_RS07045	5904.74864157816	-1.10	0.0949514141055383	-11.6052115094754	3.87727755693502e-31	2.40090326320967e-30
SACI_RS12070	11.2443180654731	-0.14	0.394846535200544	-0.359060345894926	0.719549945596477	0.778293240600502
SACI_RS07050	2161.70559681403	0.59	0.171543612087522	3.43011613267146	0.000603322968248094	0.00108517773643394
SACI_RS12075	622.270680522692	0.21	0.0994913975363035	2.06949515484839	0.038499645525038	0.0570347069360373
moaA	2475.61952885424	-2.32	0.108306417751725	-21.4509120731542	4.47785895863701e-102	1.80709917284765e-100
SACI_RS07060	5689.88393259791	-0.43	0.0822105095400905	-5.23292737897415	1.66846302969995e-07	3.82874097861211e-07
folE	6949.19316871244	-1.05	0.139620586365491	-7.54489312597736	4.52658557458163e-14	1.46208297629771e-13
SACI_RS07070	2263.90620948815	-0.49	0.0890376047502954	-5.47097616894174	4.4756348415112e-08	1.06319038758767e-07
glnA	7988.81578756082	-0.81	0.178970722059442	-4.51655912975789	6.28525722978719e-06	1.31982883575256e-05
SACI_RS07080	3528.93629320659	0.01	0.115685098857353	0.0652625356944625	0.947964970909924	0.96221596208868
SACI_RS07085	6772.47857405361	0.16	0.0892437038005779	1.78622810081591	0.0740623329211279	0.104096417488423
SACI_RS07090	384.099939551997	-1.15	0.1036757601828	-11.0809447934075	1.55225839798489e-28	8.63705108609342e-28
SACI_RS07095	347.273289502775	-1.48	0.102763920253077	-14.4120824342176	4.34412009369532e-47	4.59403784607357e-46
SACI_RS07100	2258.83940509205	-1.67	0.118364849367841	-14.0967443311059	3.97698156655023e-45	3.9555757167586e-44
SACI_RS07105	8632.89182702545	-0.97	0.0824034132798862	-11.7592534050613	6.32914686440699e-32	4.0550428176885e-31
SACI_RS07110	2283.49978624808	0.17	0.155403480132811	1.06391777709622	0.28736594903495	0.359565875645656
SACI_RS07115	720.025138238115	0.05	0.0964998869706223	0.554042836098849	0.579549530129853	0.654697039989033
SACI_RS07120	356.015761899924	-1.15	0.114656297242817	-9.99546239657192	1.59540897452666e-23	7.48861084166189e-23
SACI_RS07125	4016.2141794358	-1.27	0.194047941823606	-6.54930208722685	5.78065933564054e-11	1.58809819463489e-10
SACI_RS07130	3442.96916701394	-0.56	0.173941895890288	-3.21645573724935	0.00129784552121145	0.00227382017214241
SACI_RS07135	832.819257355852	-1.94	0.170606490806111	-11.350332542999	7.38811753619624e-30	4.36694960767424e-29
SACI_RS07140	8169.62691032864	0.11	0.187467257458699	0.580537404386503	0.561552270326668	0.638061495507098
SACI_RS11670	759.337901704261	-1.64	0.177441292046345	-9.25820410097328	2.07899445896939e-20	8.75221768038553e-20
SACI_RS07145	599.973256522093	-0.60	0.0843773481084993	-7.14852635474365	8.77144118467639e-13	2.65716393437436e-12
SACI_RS07150	212.821563418331	-1.18	0.154786730507011	-7.60523675437759	2.84382801931948e-14	9.27082653280472e-14
SACI_RS07155	2226.06359755189	-1.57	0.12316842560447	-12.7434998316801	3.38846176484542e-37	2.52587882300898e-36
SACI_RS07160	3626.22673383752	-2.21	0.114345159983373	-19.3123818631044	4.22624908866015e-83	1.04846020655632e-81
SACI_RS11675	1604.13776555765	0.74	0.123690969677942	5.99419962525936	2.04490054702104e-09	5.24827910861907e-09
SACI_RS07165	12440.799163538	1.00	0.0959609367093111	10.4638708567385	1.26576607321939e-25	6.36691215340011e-25
SACI_RS07170	4040.11222931265	-0.32	0.0920230255934533	-3.52153078830982	0.000429062840239601	0.000785422123087195
SACI_RS07175	9489.26474280982	-1.04	0.130461536406778	-7.98195069491469	1.44038568453629e-15	4.98245727921862e-15
SACI_RS07180	2049.42650208431	0.55	0.169698216580843	3.23312638158116	0.00122443381397818	0.00215380116276422
SACI_RS07185	1946.94291909641	-0.61	0.122328935244365	-5.02687742887989	4.98530768110304e-07	1.11486721454476e-06
SACI_RS07190	44510.4831101097	0.24	0.0523778124347658	4.64607113855379	3.3831637912578e-06	7.22084381222257e-06
SACI_RS07195	1667.25333657608	-0.37	0.0847461060480082	-4.31899828562435	1.56738999542437e-05	3.19948039182265e-05
SACI_RS07200	1343.24735127681	-3.06	0.113184513763575	-27.0137289607432	1.01952460221758e-160	1.4914795326608e-158
pheT	6636.06172984213	-2.61	0.136205819465771	-19.130583230192	1.40493574418065e-81	3.40188234332294e-80
SACI_RS07210	13477.9822660626	-1.24	0.0727680397389128	-17.0524141094269	3.35390230885404e-65	5.47700046808677e-64
SACI_RS07215	17122.36183459	0.63	0.0766961195632401	8.18357059300592	2.75554731563962e-16	9.81209596877355e-16
map	6526.78154452722	0.31	0.0677744991201082	4.54638618611746	5.45748596293009e-06	1.15013404656948e-05
SACI_RS07225	50323.7901504017	-0.90	0.0848572568280501	-10.6282519240238	2.20201095423109e-26	1.13195614352933e-25
SACI_RS07230	5733.97683290619	-1.13	0.105164231637948	-10.7262637213147	7.66323122546511e-27	3.98011905807811e-26
rrf	1610.4829804435	0.21	0.424330563139937	0.484255724966294	0.628204393510635	0.699687365407406
SACI_RS07240	2888.43026773394	-1.91	0.0947131203072577	-20.1838814675303	1.35663498585836e-90	4.0365639282616e-89
SACI_RS07245	1696.33929766801	-2.44	0.114111205515746	-21.4215364490799	8.41665060978511e-102	3.3580523057904e-100
SACI_RS07250	11542.2515866513	-0.83	0.120876343296788	-6.82774230380712	8.62613547982021e-12	2.4723560546652e-11
rpl7ae	37138.4876635946	2.02	0.094304121371565	21.390090731013	1.65237017938954e-101	6.51850752790638e-100
SACI_RS07260	25610.2743005671	0.86	0.124876691516191	6.88957449255198	5.59595156635603e-12	1.61973503293289e-11
SACI_RS07265	27.1581641145213	1.62	0.294365372195838	5.5130162608768	3.52735628017494e-08	8.44784986336578e-08
SACI_RS07270	2849.20564044989	0.13	0.0959771324865947	1.35264277029481	0.176169781684596	0.231486565679123
SACI_RS07275	971.137109506549	0.47	0.103995011125315	4.53140016993211	5.85940251685257e-06	1.23335505016004e-05
SACI_RS07280	778.472148056265	0.81	0.120556067892096	6.7065326476856	1.99303273504754e-11	5.59355550180009e-11
SACI_RS07285	459.019802044126	2.61	0.177513500238195	14.68416234607	8.14343164936234e-49	9.01942855549249e-48
SACI_RS11860	357.853580203118	1.02	0.12417894658559	8.23369139714024	1.8153097216503e-16	6.54368832927538e-16
SACI_RS07290	551.889068308603	1.44	0.218065705409038	6.58483302569595	4.55396885463485e-11	1.25996726939503e-10
SACI_RS07295	1153.21403068032	2.24	0.178899637733805	12.5068415546354	6.84938887319118e-36	4.92791072413406e-35
SACI_RS07300	5.52880169595198	1.31	0.632168503830517	2.07531642623554	0.0379572180513004	0.0563262014277751
SACI_RS12255	1440.90636340841	0.80	0.145889142425888	5.46011618701702	4.75823086713933e-08	1.12499317000176e-07
SACI_RS12260	1193.28882222995	1.24	0.16655215045418	7.41924823131366	1.17786973154922e-13	3.71563398694457e-13
SACI_RS07310	3611.30529182142	-0.25	0.120999096867757	-2.06368340182497	0.039047744102894	0.0577735480595283
SACI_RS07315	1773.3654659704	-3.88	0.19037558525108	-20.3687585289524	3.16602535633435e-92	9.92492413043742e-91
SACI_RS07320	5064.26766394529	-2.35	0.134370334461765	-17.4930734110759	1.61791725246218e-68	2.78456248695819e-67
SACI_RS07325	15854.1952353054	-1.02	0.0971012281478849	-10.5536167646186	4.88785618749021e-26	2.48354024229785e-25
SACI_RS07330	7822.35789390938	-1.18	0.077990557166719	-15.1471488792873	7.9125457172237e-52	9.71361818642391e-51
SACI_RS07335	13649.9650950233	-0.70	0.0821194534565391	-8.53120687197779	1.44828782430338e-17	5.50318025013981e-17
SACI_RS07340	1093.44626526409	-1.21	0.155920463892004	-7.77922521891707	7.2970054693187e-15	2.45871268740671e-14
SACI_RS07345	407.543050781938	0.64	0.123069345023905	5.21851583540684	1.80362560519247e-07	4.13080854522554e-07
priL	722.00018371194	-0.87	0.136128711100947	-6.41092277596201	1.44641453644785e-10	3.91848876347871e-10
metG	17411.6440685228	0.48	0.0753720722495762	6.38236122394529	1.7437803205804e-10	4.70231390595836e-10
SACI_RS07360	25920.3780116192	-1.21	0.150832753253445	-8.01684540210909	1.08495536738238e-15	3.77530058957339e-15
SACI_RS07365	1961.41724939016	0.03	0.105501682312529	0.280591814656658	0.779023494880352	0.829338112066951
SACI_RS07370	11334.440849826	0.08	0.103055988676461	0.759989400727141	0.447260920561075	0.528375872170233
SACI_RS07375	66636.5236257316	0.29	0.092454373486634	3.09504422463453	0.00196783553335297	0.00338348215357604
SACI_RS07380	52087.8623900323	-0.18	0.0937028349623131	-1.91112475486131	0.0559885506119987	0.0800064310943131
SACI_RS07385	9088.30917076538	-0.66	0.0987983699842137	-6.71239585394737	1.91454447582445e-11	5.37757252369571e-11
SACI_RS07390	1075.76707587978	-0.87	0.151147463261062	-5.72767834614058	1.01814377449974e-08	2.50504750684553e-08
SACI_RS07395	27489.0957770034	0.52	0.0929266919316957	5.62809497565013	1.82210759414284e-08	4.43165624448328e-08
proS	12131.8577217591	-0.09	0.0982489060640272	-0.892152649730588	0.372311117892621	0.450442568890762
SACI_RS07405	6717.13048357531	-0.57	0.0876273968737777	-6.54934017799651	5.77918522075602e-11	1.58809819463489e-10
pdxS	23118.7505066615	0.54	0.104812676974724	5.12477230537569	2.97897527401445e-07	6.72616217817667e-07
pdxT	14312.8555863994	0.40	0.126607731942816	3.13877471509902	0.00169655825821543	0.00294008689269219
SACI_RS07420	16051.3689414513	-0.21	0.0680810414340097	-3.11689049277823	0.00182769449037956	0.00315488463899835
SACI_RS07425	1446.95290737351	0.67	0.0956920041825916	6.98951409541482	2.75839902422751e-12	8.11117167006935e-12
ilvC	10150.7906067773	0.07	0.100602717055566	0.740823591294507	0.458800409093634	0.539828497428871
SACI_RS07435	2255.11010689336	-0.35	0.157619876881966	-2.21809225268405	0.026548542953817	0.0401256712487522
SACI_RS07440	9593.7676126974	-0.32	0.14325299854548	-2.24808073234689	0.0245710424488738	0.0373135510544966
SACI_RS07445	337.916746340324	-1.70	0.137759725983689	-12.3409546774529	5.45057314607548e-35	3.8273924631742e-34
SACI_RS07450	746.103683457594	-0.38	0.0881331745102694	-4.33434811827276	1.46192678848808e-05	2.99115673332265e-05
SACI_RS07455	8497.58671117488	0.91	0.0758318705103184	12.0467217712263	2.01817896424748e-33	1.37322215958777e-32
SACI_RS07460	499.43350891995	-0.72	0.116266167983338	-6.2088661784662	5.33682437537753e-10	1.41096313117097e-09
SACI_RS07465	333.384666375157	1.39	0.182181313889849	7.62140296685472	2.50933235435227e-14	8.20322709136948e-14
SACI_RS07470	5292.01594626417	1.37	0.103599898932767	13.2640258105288	3.7425272738687e-40	3.04872697414223e-39
SACI_RS07480	749.449193987572	-0.89	0.142584841356622	-6.22661012295479	4.76635241483951e-10	1.26490274591848e-09
SACI_RS07485	1317.98338121237	-1.95	0.137183823507964	-14.2265205962253	6.27259189517067e-46	6.3834985924476e-45
SACI_RS07490	2830.77823528481	-0.75	0.097564472566505	-7.63847343553361	2.19812293568254e-14	7.20598471258767e-14
SACI_RS07500	897.207346215536	0.24	0.0834721409248222	2.86455624918379	0.00417593980991111	0.00694539302349498
hisC	2477.87782244473	-1.40	0.0985754684229558	-14.2404840192821	5.13700212005649e-46	5.28915379575317e-45
hisG	1848.83443411717	-1.56	0.081473500200291	-19.1717097279057	6.37778694222903e-82	1.55502846903931e-80
hisA	1088.45129502653	-1.84	0.115948155849944	-15.8442122611361	1.54140441409685e-56	2.08952544320233e-55
hisBd	995.439952844425	-1.03	0.0862997241391322	-11.9190454548536	9.41813923121311e-33	6.23907298882816e-32
hisF	907.356279672028	-1.98	0.173841833584357	-11.3932973543058	4.51571345471499e-30	2.69637243869121e-29
hisD	1494.28995345507	-1.80	0.0923435440896308	-19.5056222040267	9.83530776427127e-85	2.5579085600264e-83
hisE	191.282329905904	-2.34	0.141395188685115	-16.524736519776	2.43501565550683e-61	3.73333622990589e-60
hisH	491.249980416605	-2.68	0.131589155799157	-20.3646733318057	3.44140096775079e-92	1.06927069006841e-90
hisI	239.252573938102	-2.88	0.131556725417057	-21.9096542318832	2.10171651972951e-106	9.34066670983584e-105
SACI_RS07550	12759.4146014394	0.17	0.100698994884941	1.6643823768817	0.0960360395883216	0.132332235084222
serS	22926.20691059	0.51	0.0793553548987648	6.46237899677742	1.03069557741722e-10	2.80960572384462e-10
SACI_RS07560	92442.3694304502	0.17	0.104652653223536	1.61108120991908	0.107162023233518	0.146627382530351
SACI_RS07565	14430.450414249	1.14	0.088921192519835	12.8422970923991	9.50128061297446e-38	7.23622477920897e-37
SACI_RS07570	17486.6224066237	0.84	0.112843438323345	7.47531424689215	7.70195804878078e-14	2.45609216251311e-13
SACI_RS07575	2416.57539699895	-0.35	0.143033266135112	-2.43390152531651	0.0149370582037149	0.023370771547791
SACI_RS07580	2187.83157937556	-0.89	0.107071221950959	-8.32667255076586	8.31463163350756e-17	3.05043591068391e-16
SACI_RS07585	2913.14367991392	-0.34	0.114528654872343	-2.92907499539208	0.00339972384937354	0.00568943300054838
SACI_RS07590	2260.43878357047	0.02	0.131253378399916	0.116538399370324	0.907225855112968	0.92955127328595
SACI_RS07595	565.581443818424	-1.52	0.122829571049576	-12.3554501013276	4.55201214995348e-35	3.20282858887508e-34
SACI_RS07600	1483.69405258228	-1.09	0.0919830938573272	-11.7961647039054	4.08509323574413e-32	2.64626611636488e-31
SACI_RS07605	1041.28732322169	-1.00	0.102288278274477	-9.81795803642649	9.42329275665091e-23	4.29120374430627e-22
pyrI	1700.21305719954	-0.66	0.102329787614803	-6.4445050874099	1.15978244365988e-10	3.15169981400143e-10
pyrB	3136.76988535965	-0.25	0.0731055471930244	-3.46489244922212	0.000530443567256959	0.000961480312152392
pyrE	59.9912161434984	-0.74	0.194918376819447	-3.7720999251665	0.000161879397826597	0.000308053423181129
SACI_RS07625	74.9007737226511	-0.67	0.193483068804514	-3.4749756876524	0.000510899652726747	0.000927491561904657
SACI_RS07630	443.750560509499	-0.17	0.125353423174257	-1.38833657584498	0.165034579570908	0.218572768341554
SACI_RS07635	7233.86208098404	-0.19	0.0984172926564544	-1.88975278450167	0.0587910309458439	0.0837384623330052
SACI_RS07640	1129.67038819874	-1.16	0.0990923379783208	-11.6935128125208	1.37576127528882e-31	8.70323934691719e-31
SACI_RS07645	169.769667575731	-1.10	0.170246978573362	-6.44636327689701	1.14565870278178e-10	3.11814550811381e-10
SACI_RS07650	1755.20388888669	-0.90	0.104600167547033	-8.57622271220891	9.80396265133837e-18	3.75782891581321e-17
SACI_RS07655	1248.06962673521	-0.08	0.122210750832804	-0.629841422067134	0.52879834155626	0.606351103875095
SACI_RS07660	1583.02050743601	-0.58	0.0878007666748184	-6.62333656342479	3.51180176298011e-11	9.78566348398665e-11
SACI_RS07670	472.435577422167	-1.45	0.343077698017912	-4.21960849729197	2.44726927023228e-05	4.92398991850174e-05
purS	99.3329375253716	-1.67	0.312531964300898	-5.34328283665451	9.12781684151862e-08	2.1280056394802e-07
purQ	212.794370075676	-2.06	0.286328393191944	-7.18349914247417	6.79494622361868e-13	2.07814078319906e-12
purL	1344.69199469572	-2.08	0.236961085793387	-8.78784254011139	1.52459451823254e-18	6.0212051220635e-18
purF	1121.21305881031	-1.91	0.171047959192227	-11.1632527063134	6.16922928407884e-29	3.51056142891423e-28
SACI_RS07695	2330.20992226331	-1.17	0.124034298880835	-9.44780226396866	3.4601925225486e-21	1.48155316422782e-20
purD	3394.41460622069	-1.08	0.146454824171812	-7.34304503262412	2.08788237786699e-13	6.52765363195993e-13
purM	1893.39771280124	-1.25	0.186312880357877	-6.71723113795469	1.85210065136418e-11	5.20634538586039e-11
SACI_RS07710	58648.7036039147	0.70	0.099669977664903	7.03072117705186	2.05468734934838e-12	6.08776985954614e-12
SACI_RS07715	1288.47527369765	-0.68	0.224566794327402	-3.03402157966212	0.00241317167783695	0.00410894556783973
SACI_RS07720	3955.04653257164	-2.34	0.190491485851332	-12.2755063229666	1.22622283039392e-34	8.57623178787464e-34
argH	3721.90424786327	-2.36	0.174699760348531	-13.5279546495286	1.0695832595639e-41	9.13699957257632e-41
carA	10562.5866543105	-0.10	0.148454497012132	-0.688238515614492	0.491302593139096	0.572127165675412
carB	24136.2041525719	-0.86	0.156202874936042	-5.52980387593248	3.20589006600359e-08	7.69896034318647e-08
SACI_RS07745	2555.36186000659	-0.22	0.0948268049409617	-2.31328938676435	0.0207067338229601	0.031802861965185
SACI_RS07750	849.980732083843	-0.38	0.10485360347027	-3.61270562401772	0.000303018644293885	0.000562611560082406
SACI_RS07755	3785.90187407927	0.63	0.0737953226420422	8.58245142305472	9.28723558791878e-18	3.56365946985605e-17
SACI_RS07760	372.091366379665	-0.92	0.113457026857095	-8.10801614490099	5.14529020235657e-16	1.81558933673105e-15
SACI_RS07765	283.242602946547	-1.77	0.128553174562373	-13.7888044420356	2.97651925835548e-43	2.72860551333841e-42
SACI_RS07770	1487.61793685928	-0.59	0.112251562385572	-5.26504043709969	1.40158504047301e-07	3.24174247503343e-07
SACI_RS07775	8841.59848820349	0.97	0.0744459633974946	13.062226228269	5.41215991625628e-39	4.27013336314063e-38
SACI_RS11685	403.630651014397	-0.05	0.179959761947255	-0.291949111486706	0.770325532803647	0.822070804156111
SACI_RS07780	298.318160135854	0.17	0.107450504564088	1.5631125243287	0.118026130284065	0.160367547766003
amrS	5511.56729424919	0.48	0.11790433889464	4.11066227299559	3.94525899950463e-05	7.81704534269795e-05
SACI_RS07790	4743.61371511577	-0.35	0.0831002200526006	-4.21497047891712	2.49810863972944e-05	5.02052629312539e-05
SACI_RS07795	1651.13848865439	0.27	0.184539409390886	1.46531980582116	0.142833685348936	0.191627462460876
cyoE	9524.79670763748	0.66	0.152949739097682	4.34425411055866	1.39749676130344e-05	2.86433807877196e-05
SACI_RS07805	1286.31621311578	-0.10	0.111475847589199	-0.935305804247046	0.349630724927846	0.426826660369147
SACI_RS07810	633.689415049108	-0.47	0.148949144516319	-3.16490597972645	0.00155133071391578	0.00269373003786266
SACI_RS07815	6265.09330649519	0.28	0.0762484600930743	3.60917653298118	0.000307170530666599	0.000569717767126482
SACI_RS07820	3756.26625882639	-0.31	0.102899351048114	-3.05397162911176	0.00225833436735362	0.00386027846337807
SACI_RS07825	16611.8708027063	0.94	0.113851427286854	8.26416650417473	1.40674150819241e-16	5.09182416006552e-16
SACI_RS07830	2191.07971363408	0.14	0.0953682097209087	1.5121189881805	0.130503595152057	0.176162292417867
SACI_RS07835	3535.21217444586	0.47	0.0663766416397917	7.07982864042653	1.4433282377648e-12	4.29087675088247e-12
SACI_RS07840	18639.1125860023	1.31	0.118128017905098	11.063697343367	1.88177123791389e-28	1.04374388883344e-27
SACI_RS07845	16600.1201923363	0.82	0.0940661555912484	8.68810572809953	3.68532735735736e-18	1.42974412725765e-17
SACI_RS07850	38534.9733567148	1.56	0.209633954093209	7.44973340152242	9.35290371436718e-14	2.9663997236805e-13
SACI_RS07855	5094.00441336026	0.61	0.106173662916205	5.76485294989606	8.17290694477989e-09	2.02505831214694e-08
pyk	7972.13662328806	-0.31	0.0980158869929969	-3.21301664912921	0.00131348675291476	0.00230007580522879
SACI_RS07865	1801.16548312747	-0.63	0.0912281177038846	-6.85507295079637	7.12761369755057e-12	2.05460194516421e-11
SACI_RS07870	33.3470767095997	-0.39	0.265859389752265	-1.48041121882816	0.138763537839098	0.18659470752703
SACI_RS07875	154.238986963197	-0.76	0.126494979093891	-5.99448842594371	2.04127002678139e-09	5.24279375569091e-09
SACI_RS07880	550.059091305899	0.42	0.11524144628312	3.66400344535935	0.000248303441980059	0.000464708627287839
SACI_RS07885	2076.67888835853	-0.85	0.0935634038151965	-9.12628820314539	7.08881070495496e-20	2.94542182072152e-19
SACI_RS07890	2480.2399024171	-0.93	0.117035958543751	-7.90431826688014	2.69403899168536e-15	9.21907495107923e-15
SACI_RS07895	9736.04233253553	1.50	0.0979532646593351	15.2636088784121	1.33647674000957e-52	1.66988250326462e-51
SACI_RS07900	2229.92752312387	0.56	0.109783760393299	5.12670715658108	2.94853596682742e-07	6.66171800484624e-07
SACI_RS07905	1420.45881753755	-1.03	0.0925764388115324	-11.1457192814032	7.51347311428909e-29	4.24112606177958e-28
SACI_RS07910	8395.83596825434	-1.58	0.116062988457116	-13.6004230710163	3.98123770017996e-42	3.47714566301787e-41
SACI_RS07915	767.408922240598	-2.56	0.143274988841132	-17.8943174009612	1.30587127183449e-71	2.46500754591983e-70
SACI_RS07920	1313.84799766976	-1.75	0.112678846922793	-15.5198099242242	2.54804623223992e-54	3.30117724036692e-53
SACI_RS07925	8275.11073375427	-0.05	0.105546973477444	-0.462625331154233	0.643632948338603	0.71286917401162
SACI_RS07930	12718.6072984791	1.35	0.113769092527194	11.8679407607359	1.73690349456529e-32	1.13561790864408e-31
SACI_RS07935	1355.95021800777	-0.10	0.0941700775384993	-1.01790632529028	0.308722475366567	0.382201907973207
SACI_RS07940	2126.19024279998	-1.52	0.0850785625658875	-17.8187960441716	5.05119611599152e-71	9.33407871749801e-70
SACI_RS07945	19676.7399468095	1.06	0.115021610406533	9.24944864770815	2.2565362938456e-20	9.48826218885258e-20
SACI_RS07950	2709.08426440228	-0.44	0.0794225755773325	-5.54625219743532	2.91857770384607e-08	7.03303110377733e-08
SACI_RS07955	4311.79266789831	-0.48	0.0883112214857408	-5.44591290285377	5.15403533336777e-08	1.21693463721952e-07
SACI_RS07960	22264.4926831202	-0.71	0.133874022850411	-5.32251844551761	1.02340403175459e-07	2.38432087291995e-07
SACI_RS07965	4347.41590351409	1.34	0.105848135742564	12.6947420875211	6.32379272199094e-37	4.70399073027758e-36
SACI_RS07970	3383.47219312739	0.74	0.101856137338039	7.23900962110372	4.51972970782726e-13	1.39321957894482e-12
SACI_RS07975	71179.0674229166	5.87	0.19111773854479	30.7096330193674	4.23299111735297e-207	1.85775397662828e-204
SACI_RS07980	1625.85163795558	0.65	0.102000602384563	6.33743703222522	2.33618635500433e-10	6.25656010100702e-10
SACI_RS07985	411.99050138001	-1.84	0.122491078533581	-15.0100068603827	6.31411749262107e-51	7.51487000562461e-50
SACI_RS07990	5786.80042664756	1.57	0.120950869361105	12.9512434815414	2.31178758414201e-38	1.79970869355268e-37
SACI_RS07995	687.03953416587	-0.77	0.112122081201193	-6.85400217615812	7.18119883284841e-12	2.06835021346438e-11
SACI_RS08000	2804.42929628154	-0.56	0.0855568459570099	-6.58979182579415	4.40443700625808e-11	1.22148328032955e-10
SACI_RS08005	445.18217344959	-0.81	0.102743507144129	-7.85608577990626	3.96323702131544e-15	1.34573744505208e-14
SACI_RS08010	11776.0539558385	0.93	0.0831407865654808	11.2446651249396	2.46028577206925e-29	1.42777906541076e-28
SACI_RS08015	7638.06051491204	-0.96	0.110475336396096	-8.71066830399987	3.02088429253369e-18	1.1797914072398e-17
SACI_RS08020	49956.6908469426	-0.11	0.0763039924054101	-1.38199143969784	0.166974329539455	0.220891812740402
SACI_RS12080	123979.48445896	-0.40	0.0653202112640176	-6.17170710571733	6.75565630838592e-10	1.7793780419162e-09
SACI_RS08030	4118.29351347055	-1.94	0.120275815736464	-16.1651265028161	8.88553396503971e-59	1.28913676658076e-57
SACI_RS08035	7369.98140989735	-1.96	0.12609783648959	-15.531277277865	2.13092759631959e-54	2.78129620471304e-53
SACI_RS08050	2007.47236306729	0.29	0.0793653191586875	3.60833410965276	0.000308169465405945	0.000571268739725592
SACI_RS08055	331.986532465514	0.05	0.109745385882227	0.41588246493356	0.67749601134506	0.741024453530375
SACI_RS08060	1307.37612324762	-0.33	0.133108311787403	-2.4479953528517	0.0143653508395975	0.0225063573395033
SACI_RS08065	559.679517714377	-0.60	0.142662279654561	-4.20957652959727	2.55849771414279e-05	5.13895050020329e-05
SACI_RS08070	14559.7417065891	1.27	0.102612362034266	12.3832958891388	3.21848821281932e-35	2.27366440949872e-34
SACI_RS08075	2120.93940255812	-0.59	0.0793840080211513	-7.45126292068742	9.24509082129149e-14	2.93751256774248e-13
SACI_RS08080	844.756298394925	-0.16	0.113448109695648	-1.44585584502737	0.148217638758187	0.198471445339434
SACI_RS08085	1370.80932730065	0.74	0.14274748618155	5.15593792000716	2.52364502358151e-07	5.73090758996258e-07
SACI_RS08090	12720.6953113175	-1.05	0.0849381000440208	-12.3562433809454	4.5073271880684e-35	3.1777561761663e-34
SACI_RS08095	544.830825339853	0.35	0.170025408835345	2.05668439339752	0.0397165943492991	0.058654680896156
SACI_RS08100	385.130949224228	0.56	0.153521638489836	3.62080648353386	0.000293686125439165	0.000546642759153807
SACI_RS08105	3326.84542116158	0.86	0.0966478702255046	8.86348856152729	7.75488567677407e-19	3.09402313763111e-18
SACI_RS08110	346.785842630055	-1.53	0.140825445093891	-10.8531292692541	1.92712383359595e-27	1.03616106887525e-26
SACI_RS08115	2555.55477020957	-0.26	0.139742572895934	-1.89069784419334	0.0586646904051797	0.08359242208303
SACI_RS08120	100349.12863843	0.08	0.091587893684032	0.829372686688919	0.406893552006608	0.487411552744866
SACI_RS08125	3906.3425292806	-1.36	0.416009863166006	-3.26472536268903	0.00109570259757853	0.00193511660970735
SACI_RS08130	5833.86568948784	0.99	0.100548901860364	9.86313417743711	6.01421669868409e-23	2.7566468445274e-22
SACI_RS08135	3123.75556933415	-1.63	0.123566070743421	-13.1868658152292	1.04437718447174e-39	8.33365521518249e-39
SACI_RS08140	1860.51197061609	-1.77	0.120039215532602	-14.7457445972086	3.27685618980662e-49	3.71130389755195e-48
SACI_RS08145	1526.4484540327	-1.79	0.101724297191225	-17.6039661002663	2.29663127456691e-69	4.09313320050985e-68
rfbC	526.034305460496	-1.81	0.135947380062486	-13.2947310857814	2.48364542853872e-40	2.0469669247886e-39
SACI_RS08155	94048.0946484608	0.18	0.0865115616910895	2.08611549721521	0.0369681622445184	0.0549281496574288
merA	1535.28364712986	1.30	0.118654956991816	10.9467595990643	6.8867356212167e-28	3.76625058661866e-27
SACI_RS11700	71.4843281362979	1.45	0.203538882696204	7.13165664411278	9.91680072351409e-13	2.98609668441321e-12
SACI_RS08165	1533.25456447888	-0.30	0.131167238815592	-2.29058900431109	0.0219871954875026	0.0336517189871934
SACI_RS08170	2208.42405605368	-0.06	0.10206050979908	-0.560823794565512	0.574917664017145	0.650720798956865
SACI_RS08175	3080.51057252488	0.31	0.0597766878879911	5.10815901078632	3.25312836242561e-07	7.33102290146104e-07
SACI_RS08180	1184.41934406687	-0.97	0.0858978266476843	-11.3262012720223	9.73352560506888e-30	5.7052434723534e-29
SACI_RS08185	2877.06986017894	-1.16	0.194761843445654	-5.94432056100102	2.77605875711204e-09	7.04753600594386e-09
ilvD	10068.3242283173	-0.57	0.101798631937753	-5.57604684819604	2.46045691054064e-08	5.95769945717806e-08
SACI_RS08195	552.260037667347	0.89	0.112650523560737	7.88289042984608	3.19893563003924e-15	1.08937565441976e-14
SACI_RS08200	863.14777855767	0.37	0.199285349421087	1.87978430357275	0.06013748053078	0.0854828721229022
SACI_RS08205	11982.6778694804	5.90	0.36528005753065	16.1403586112462	1.32767681744347e-58	1.88723615629312e-57
SACI_RS08210	50105.3350345152	0.20	0.0877645618452732	2.30269545653043	0.0212959840152725	0.0326507423046384
SACI_RS08215	425.63731587257	0.31	0.108955383100393	2.87935223853434	0.00398492984388451	0.00663713884339588
SACI_RS08220	538.610968449043	0.53	0.122213373095559	4.31430793537144	1.6010365445255e-05	3.26247203008069e-05
SACI_RS08225	1640.60818921501	1.28	0.12109309063954	10.5885390947249	3.36807105281297e-26	1.72129511883935e-25
SACI_RS08230	358.500982833289	-1.80	0.102918766251669	-17.4489833922127	3.50413950432539e-68	6.00147990228607e-67
SACI_RS08235	1806.9787058446	-0.02	0.0745724662088402	-0.223727513711578	0.822969335709313	0.864585678538419
SACI_RS08240	1922.4688513773	-0.97	0.162482078445055	-5.96219203961524	2.48876404627374e-09	6.34571573454401e-09
SACI_RS08245	4465.29014563648	0.46	0.0771310820724502	5.92949717178276	3.03863745845838e-09	7.69744308560416e-09
SACI_RS08250	2929.22226178441	0.28	0.0988558509978455	2.81164860047371	0.00492883176440616	0.00813210917520208
SACI_RS08255	2652.65322349186	-0.37	0.13051356304877	-2.81262350543812	0.00491391487147358	0.00811130940937646
SACI_RS08260	476.174022198502	-0.66	0.131738002923221	-5.02731785583418	4.97387542926394e-07	1.11301954315779e-06
SACI_RS08265	505.18881705681	-1.39	0.13114101579002	-10.5882746517876	3.37759787818904e-26	1.72365496370955e-25
SACI_RS08270	7399.48970587969	2.21	0.161226410977752	13.7361181077092	6.16961903535636e-43	5.59729520236077e-42
SACI_RS08275	926.967084618394	-4.16	0.266631603982206	-15.6008934793575	7.17824268411026e-55	9.40403360593699e-54
SACI_RS08280	655.458403884126	-3.07	0.269514661604588	-11.3875620233294	4.82295649449071e-30	2.87494062006059e-29
SACI_RS08285	153.951618961828	-2.30	0.262049587268152	-8.7759943578492	1.69400322276391e-18	6.68274754508325e-18
SACI_RS08290	40.6357983725666	-3.41	0.337175547521942	-10.1061928546344	5.18605533590476e-24	2.47731160331451e-23
SACI_RS08295	70.3738503284513	-1.68	0.249332961971568	-6.72855993798233	1.71350413429417e-11	4.82834110393806e-11
SACI_RS08300	32478.1852239348	0.86	0.100906287775735	8.54932776834648	1.23807466429769e-17	4.73001104064114e-17
SACI_RS08305	5648.38393396943	0.44	0.087897034228451	4.97400090817648	6.55850011924665e-07	1.45555587349399e-06
SACI_RS08310	5436.85393233121	0.38	0.108581406912992	3.46140474046712	0.00053736425677936	0.000973020064751075
SACI_RS08315	285.952451000398	-1.06	0.0978458423040018	-10.7915983426535	3.77171983675906e-27	1.997361741608e-26
SACI_RS08320	211.540078643071	-2.70	0.18726907559582	-14.4102647117406	4.45997735506943e-47	4.70239654463927e-46
SACI_RS08325	23852.614874809	0.40	0.125667179194052	3.20646959698525	0.00134374503625308	0.00234720836929581
SACI_RS08330	7904.69060594841	-0.21	0.117534677964518	-1.76481530907839	0.077594810871597	0.108930580156008
SACI_RS08335	16.9136106743789	-1.72	0.343110123919175	-5.0187270799262	5.20149837433885e-07	1.16247363413773e-06
SACI_RS08340	508.434578290017	-1.37	0.13124945027373	-10.4263660788734	1.87938959085149e-25	9.35962674252422e-25
SACI_RS08345	64.4059762176851	-0.15	0.172454951725998	-0.878004719050044	0.379941157783992	0.458567688201993
SACI_RS08350	109.287077012624	-0.15	0.146114245655023	-1.0321595041382	0.301997402254139	0.375066458901409
SACI_RS08355	4330.05949738108	-0.91	0.0876032292427551	-10.403705093664	2.38476221237489e-25	1.17928170811947e-24
SACI_RS08360	90015.5667567007	0.24	0.0539889500765986	4.36628571049409	1.26377151857751e-05	2.60240574881269e-05
SACI_RS08365	4298.72817217936	-0.06	0.111558171807814	-0.539380658537232	0.589624224006819	0.664581268214427
SACI_RS08370	331.702586370587	0.46	0.120885466376905	3.79431697384356	0.000148050443049165	0.000282656392357596
SACI_RS08375	928.516793930958	-0.18	0.0924495427296956	-1.93561347937845	0.0529150582223641	0.0759855907643029
SACI_RS08380	1079.61253833203	2.87	0.208007661324467	13.7867522460213	3.06239448963851e-43	2.80001746175021e-42
SACI_RS08385	1064.60527578955	-2.75	0.117615339055827	-23.4067990794126	3.64384637455743e-121	2.20578355535709e-119
SACI_RS08390	131.793023517032	-0.57	0.126182666378103	-4.50556439943362	6.61967587557114e-06	1.38756310442569e-05
SACI_RS08395	494.207136247784	0.76	0.111950882836096	6.77070517358829	1.28156197218464e-11	3.64337172821073e-11
SACI_RS08400	4909.6095138814	-1.48	0.116728025055645	-12.660423815155	9.79690196438647e-37	7.24145743093914e-36
SACI_RS08405	778.636081815	0.05	0.0986553091570095	0.497360320532649	0.618934981638929	0.69118343528444
SACI_RS08410	2866.87869052131	0.32	0.0843542934765827	3.73885792298981	0.000184858159316806	0.000349320235393599
SACI_RS08415	266837.020367539	-0.71	0.122464392663648	-5.80889747168149	6.28855833403254e-09	1.57258748652338e-08
SACI_RS08420	6387.42010202672	-0.81	0.127212370273547	-6.3565974353145	2.06271624004877e-10	5.53261781421789e-10
SACI_RS08425	31058.3524127686	-1.43	0.0894150720655117	-15.9954441176056	1.37474429657939e-57	1.89283420599618e-56
SACI_RS08430	19742.9247545753	-2.11	0.112846589978149	-18.7129745732075	3.88096756914383e-78	8.62409945269872e-77
SACI_RS08435	15207.7905242491	-1.95	0.135466139104528	-14.3633285594486	8.79018912041299e-47	9.18522440528869e-46
SACI_RS08440	11400.5179847989	-2.25	0.164052696376106	-13.7448842062388	5.46604387860635e-43	4.97183421186189e-42
SACI_RS08445	405.191396408098	-3.29	0.161708135251933	-20.3483874567036	4.797998129548e-92	1.46484968981244e-90
SACI_RS08450	27195.7742862453	1.27	0.0922288265550727	13.7330361481431	6.43781101944582e-43	5.81057956022475e-42
SACI_RS08455	1499.25541288545	1.06	0.102679135285743	10.3471090758296	4.31313079706854e-25	2.12389933078649e-24
SACI_RS08460	2547.96006072366	-2.86	0.125434796858865	-22.8164915674745	3.14544469556674e-115	1.64830691434848e-113
SACI_RS08465	1118.41171450148	-3.59	0.13673948800248	-26.243617031881	8.4532907676269e-152	9.89316796171268e-150
SACI_RS08470	2228.28735165013	-3.35	0.1666433072309	-20.1040590086458	6.79979118357382e-90	2.00622410466619e-88
SACI_RS08475	3025.82721973366	-1.27	0.177343953632474	-7.1593237665102	8.10759985344764e-13	2.46456996410863e-12
SACI_RS08480	8386.74471054037	3.60	0.125575231847142	28.706542401534	3.16131241517364e-181	5.84177257351297e-179
SACI_RS08485	945.364265443328	-1.94	0.0965191347908367	-20.0966415384895	7.8959728928931e-90	2.31023006891231e-88
SACI_RS08490	2655.30085397307	1.26	0.0850572290777281	14.8454141170924	7.44933679894405e-50	8.57528573806314e-49
SACI_RS08495	230.764553188548	-0.36	0.160686385326758	-2.25007190066279	0.0244443814752563	0.0371372667068909
SACI_RS08500	4096.94590635194	0.01	0.103978732309562	0.126140986162294	0.899620324301179	0.92460772373583
SACI_RS08505	1309.49726953599	-1.38	0.135076176612213	-10.1800521182265	2.43430961292637e-24	1.18050567002548e-23
SACI_RS08510	980.667430013352	-2.44	0.193098282886414	-12.6497522951038	1.1222809597249e-36	8.26064664485139e-36
SACI_RS08515	1746.65276179994	1.02	0.100620669695894	10.1588092738106	3.0275119524886e-24	1.46413146903409e-23
SACI_RS08520	3016.59074091306	0.46	0.15961616943279	2.90609786538608	0.00365966967730968	0.00610698680467408
SACI_RS08525	1350.67997909725	-3.31	0.393397815465943	-8.42488486807484	3.61105143645774e-17	1.3444752485051e-16
SACI_RS08530	16041.2682660096	-0.04	0.0721862634258256	-0.502097928842259	0.615598637030662	0.688333380450527
SACI_RS08535	7049.72800277893	1.18	0.100845138311994	11.6737315211957	1.73636440041362e-31	1.08669793402e-30
SACI_RS08540	104.059075705698	-1.13	0.180780329139363	-6.24808743054265	4.15509082222368e-10	1.10435457053954e-09
SACI_RS08545	167.394105961218	0.33	0.146480227731376	2.24702322792244	0.0246385426771156	0.0373837179513193
SACI_RS08550	8864.83720914468	0.49	0.107503127006863	4.55859286929179	5.14974917981677e-06	1.08789226054974e-05
SACI_RS08555	2808.41301923786	0.32	0.130565165614281	2.42178431836449	0.0154445140714061	0.0240895996911181
SACI_RS08560	1625.04646310324	-1.52	0.111871858609779	-13.6271364885787	2.76207044069629e-42	2.41836142575678e-41
SACI_RS08565	3705.36830843126	-0.12	0.160243936300232	-0.746542422646763	0.455339814900812	0.536655955057654
SACI_RS08570	2446.85830238542	0.94	0.133299009696351	7.05826452629708	1.68594889834861e-12	5.00369110913099e-12
SACI_RS08575	162.499663902742	0.30	0.133877213145732	2.26917531362425	0.0232576668568264	0.0354724884162977
SACI_RS08580	131.862477564546	0.35	0.13483333711272	2.61875489014139	0.00882513333655446	0.0142329091155915
SACI_RS08585	67.0346844455064	-0.19	0.179716843794057	-1.08266549165973	0.278956926326212	0.349917030486364
SACI_RS08590	27.2136023839028	0.33	0.241995195285825	1.36385533732817	0.172613099880714	0.227579644641827
SACI_RS08595	152.29223465772	-0.92	0.138491604105495	-6.66258496308074	2.69052679823437e-11	7.52105062786694e-11
SACI_RS08600	352.401179841102	-0.50	0.263601943030224	-1.89865363332225	0.0576100316542363	0.0821229480868955
SACI_RS08605	168.840982024687	-1.20	0.224158261156085	-5.37307218437626	7.74063228317294e-08	1.81303268487126e-07
SACI_RS08610	5237.85812945483	0.81	0.10736755575959	7.54234523733352	4.61593769078133e-14	1.48957327503063e-13
SACI_RS08615	4183.98489996141	0.33	0.0946254773996249	3.51010387041761	0.000447931678266255	0.000818682000204489
SACI_RS08620	1957.11690449432	-0.26	0.107246447391165	-2.40200158739804	0.0163056376741028	0.0253426710375276
SACI_RS08625	32072.3042485167	-0.58	0.0705116910002442	-8.15767522128339	3.41534394141402e-16	1.21001741456152e-15
SACI_RS08630	6638.32463476019	-0.05	0.0812610324132855	-0.617617822569585	0.536827293413681	0.613741656520819
SACI_RS08635	22600.4506182581	-0.62	0.107095026369974	-5.80570813318856	6.40945291820116e-09	1.60053977210557e-08
SACI_RS08640	501.760206293454	-1.84	0.184510858143701	-9.96775760068941	2.10937365333049e-23	9.79631071011025e-23
SACI_RS08645	9865.8441903894	1.26	0.104587888024956	12.0540697321666	1.84604981000068e-33	1.26098849862109e-32
SACI_RS08650	67.6208324160558	-2.08	0.180250443420589	-11.5433661642168	7.974233549594e-31	4.91184806888149e-30
SACI_RS08655	1086.62157008438	0.12	0.0701162286499162	1.68672573364215	0.0916561015071494	0.126595032412117
SACI_RS08660	11540.2240155068	0.78	0.0688318143507964	11.369245288642	5.9499817014804e-30	3.52283064989843e-29
SACI_RS08665	1202.47290540547	-1.83	0.0731822348574644	-25.0003836787541	6.05494119379333e-138	6.07397100897382e-136
SACI_RS08670	1773.19083700218	-2.49	0.136747604772106	-18.2419211297974	2.39877243534223e-74	4.9251988423898e-73
SACI_RS08675	2268.68130548337	-1.26	0.108116508986594	-11.6820373116915	1.57475273708547e-31	9.90852483854318e-31
SACI_RS08680	3342.79819081003	3.05	0.161739942098478	18.8472415771985	3.09569137625597e-79	7.05777430002255e-78
SACI_RS08685	5458.31381323085	2.85	0.177913687062121	15.9960843795827	1.36068268493822e-57	1.88084917591264e-56
SACI_RS08690	3205.77721569469	0.20	0.073943514276715	2.68771870843278	0.00719419722185895	0.01169008048258
SACI_RS08695	863.59814810689	-0.78	0.110709334288228	-7.06295313507219	1.63000709739917e-12	4.84175543059941e-12
SACI_RS08705	6940.32053695938	0.27	0.113352675233447	2.38138300928483	0.0172477683898366	0.02671235766066
SACI_RS08710	1151.20804828062	-0.12	0.122292327155651	-1.00618754963098	0.314325360105073	0.388043719876551
SACI_RS08715	1322.53727482569	-0.88	0.12291380986863	-7.17834019221626	7.05628051984355e-13	2.15431312218876e-12
SACI_RS08720	393.618145882264	-0.96	0.115385316144943	-8.29616354371056	1.07527480073862e-16	3.92441769791403e-16
SACI_RS08725	2035.37410771853	1.42	0.0853362126902849	16.6564041235419	2.7188743544228e-62	4.24265238150153e-61
SACI_RS08730	2536.65161193109	0.15	0.0986748541988174	1.54073201044581	0.123382022713761	0.167191926571986
SACI_RS08735	339.885592209668	0.95	0.148461407865742	6.41472535396617	1.41076961195866e-10	3.8278300676869e-10
SACI_RS08745	2374.46151303713	-0.50	0.0979586948342815	-5.11246233496976	3.17986403092362e-07	7.17052190916687e-07
SACI_RS08750	2126.90832946267	0.42	0.115780577617765	3.63474131764482	0.000278259694496756	0.000518836849377647
SACI_RS08755	2647.5309160694	-0.21	0.10299909497809	-2.05778234465286	0.0396110316091589	0.0585329680049481
SACI_RS08760	5952.6219330694	-0.35	0.0918293237028201	-3.81552623104696	0.000135893018441335	0.000260864072032547
SACI_RS08765	874.013403115123	-1.77	0.133084608064808	-13.3313947437527	1.52028542716612e-40	1.2559346199483e-39
SACI_RS08770	114.542305784525	-1.51	0.149325581601826	-10.1415002772008	3.61504328697968e-24	1.7363087524741e-23
SACI_RS08775	1283.49049149773	-0.32	0.166519601960651	-1.91072658930583	0.0560397259681038	0.0800339749526573
SACI_RS08780	518.906410784308	-2.23	0.112377187999209	-19.8778031252693	6.33474514883072e-88	1.76518176329719e-86
SACI_RS08785	700.316248553472	-1.15	0.154710208661864	-7.44165769947612	9.94295919326556e-14	3.14785660302573e-13
SACI_RS08790	1235.41847897867	-0.83	0.128189239957937	-6.499486665098	8.05945447411318e-11	2.20379631297597e-10
SACI_RS08795	8282.94658165075	0.97	0.102122624592094	9.50460482275424	2.00808995470821e-21	8.71496147216381e-21
SACI_RS08800	2699.18516453915	-3.85	0.214606415677495	-17.9188932066595	8.39824105550439e-72	1.59384996464194e-70
SACI_RS08805	3173.04315229337	-2.40	0.159874178011831	-15.0083121702701	6.47750756913871e-51	7.68328684974528e-50
SACI_RS08810	1161.9953114746	-0.70	0.14326121990908	-4.89555204335899	9.80301431453159e-07	2.14846337442699e-06
SACI_RS08815	10974.279127243	2.52	0.119592194937482	21.1048421961167	7.17939884689348e-99	2.68158184589819e-97
SACI_RS08820	1644.61903146818	-0.74	0.10426370502099	-7.08572051391247	1.38322720369105e-12	4.12267462831856e-12
SACI_RS08825	198.162555662086	-1.65	0.152384605053156	-10.8383504712593	2.26518411828868e-27	1.21420785333001e-26
SACI_RS08830	1074.647672607	-0.29	0.151678191530949	-1.94027209296184	0.0523466310577064	0.0752616796247367
SACI_RS08835	6195.91512682633	-0.24	0.0783633170445989	-3.12223186523664	0.00179485519047423	0.00310277527018957
SACI_RS08850	96.8606289213396	0.01	0.223740357184885	0.0607495565658096	0.951558664099401	0.965026709893991
SACI_RS08855	548.801183550038	-0.75	0.106670720028395	-7.01003711992237	2.38254904919737e-12	7.04135497620536e-12
SACI_RS08860	1603.63674014535	-0.95	0.0936864773431941	-10.0875545100796	6.27123788185782e-24	2.97544813556795e-23
SACI_RS08865	4214.95783978735	1.28	0.13185284952342	9.73052412500893	2.23438684636613e-22	1.00705163255346e-21
SACI_RS08870	847.311140123773	-0.33	0.127379792100732	-2.55908644263299	0.0104947641707718	0.0167486895470817
SACI_RS08875	9234.70270105566	1.91	0.114910357175885	16.6635025825953	2.4146030253236e-62	3.80164628785253e-61
SACI_RS08880	10009.1391754506	2.75	0.159594791149215	17.2185608977559	1.92720780740587e-66	3.23752469464212e-65
SACI_RS08890	199.874809800149	-0.43	0.135030290716718	-3.19301473620704	0.00140795761233446	0.00245327006298078
SACI_RS08900	3691.82724560644	-1.87	0.128081618262653	-14.6158000704987	2.22722519867662e-48	2.43607092602916e-47
SACI_RS08905	2074.93107282149	0.53	0.139757426785878	3.77030212508982	0.000163050038120411	0.000310113046500956
SACI_RS08910	1701.85302476885	-1.32	0.123471878622222	-10.7218237332299	8.04021213950246e-27	4.16359658138542e-26
SACI_RS08915	5420.54106708047	-0.84	0.125573556528875	-6.72906969709853	1.70751256274835e-11	4.81532257655379e-11
SACI_RS08920	34709.0885655296	-0.14	0.0790096237079972	-1.80987780029235	0.0703147394793685	0.0991864404628617
cbsA	1245.81951979922	-0.31	0.0939518550415653	-3.3146115240382	0.000917705641071956	0.00163390695020468
cbsB	287.893709403681	-1.48	0.13828374255714	-10.7037119315174	9.77810217263008e-27	5.05609966540563e-26
soxL2	973.126933052298	1.02	0.0914610023609598	11.1482105846244	7.30608322074584e-29	4.13070180161653e-28
SACI_RS08940	902.40660190075	-0.30	0.127153635995134	-2.34625715816362	0.0189630188873139	0.0291894850621276
SACI_RS08945	327.051480956286	0.78	0.109994170744297	7.10238627804732	1.22620922743427e-12	3.66713849874083e-12
SACI_RS08950	1328.14032655229	-0.36	0.124576858453139	-2.86745426184676	0.00413788609918599	0.00688536402570711
cas6	4225.69214284367	-0.29	0.0645430344149756	-4.45952031313388	8.21432883569862e-06	1.71160288083904e-05
SACI_RS08960	1435.01376124401	-0.52	0.0782031565116634	-6.67280728565511	2.50955849565537e-11	7.02076484322391e-11
SACI_RS08965	473.826727396731	0.67	0.155809710508326	4.27461970912897	1.91463813010207e-05	3.88571934958865e-05
SACI_RS08970	7591.31726509309	0.02	0.145197294408987	0.16510284908642	0.86886303054123	0.902004169198775
SACI_RS08975	7722.76576409273	0.90	0.161665385749573	5.54105427806455	3.0065600055012e-08	7.24007694054508e-08
SACI_RS08985	29.7250300179402	0.37	0.256403717993144	1.43526753724877	0.15121087461807	0.201940426315725
SACI_RS12265	599.830439907958	-2.21	0.161254528936815	-13.7047161582194	9.51386250822702e-43	8.47796225035154e-42
SACI_RS12270	0.731228668646122	-0.20	1.57708724299966	-0.127174322317998	0.898802428164703	0.924438735424227
SACI_RS08995	160.884241403945	0.67	0.16576637867685	4.05915830719886	4.92499175269832e-05	9.68177270085319e-05
SACI_RS09000	3347.2800246427	0.14	0.08669761829556	1.59296511058557	0.111168018172224	0.151812878958646
SACI_RS09010	6917.35650196405	-2.95	0.167440110333039	-17.6373748492344	1.27236179210952e-69	2.27921543474313e-68
SACI_RS09015	3515.07688011419	-2.02	0.156196528236083	-12.9060486340701	4.16112032319227e-38	3.21092163840177e-37
cas7d	12784.7602522788	-0.95	0.156814330953238	-6.07708634037141	1.22385874576805e-09	3.1876617629018e-09
SACI_RS09025	21086.1135405491	-0.36	0.120452522113457	-3.02879713925312	0.00245529491672855	0.00417661843635365
csa3	1824.99234058474	-0.30	0.140960399701933	-2.13983774563132	0.0323678816253496	0.0483795795600691
cas2	738.256404861128	-0.18	0.100690626268158	-1.7622452273472	0.0780278736507688	0.109276371913781
SACI_RS09045	894.750232951312	-0.05	0.0914097486894158	-0.498122193610268	0.618397918627859	0.690803401941589
cas1	5011.57873478713	1.06	0.104767905339162	10.1362469053201	3.81475186966444e-24	1.82722971546956e-23
SACI_RS09055	2642.15466438192	2.97	0.212050194969718	13.987022470408	1.87081886067237e-44	1.8094889861765e-43
SACI_RS09060	2008.32970339133	2.06	0.137317168028581	15.0157761509823	5.78803764119518e-51	6.91217692457016e-50
SACI_RS09065	2295.77802230831	-0.34	0.138446081364636	-2.46676856396196	0.0136338445752868	0.0214560413732999
SACI_RS09070	4267.76261008826	0.27	0.118358374626331	2.2665360693486	0.0234185813341459	0.0356714269258943
SACI_RS09075	27.2497051885668	0.99	0.305298935891261	3.23775232763218	0.00120475348985076	0.0021213086774654
SACI_RS11985	184.64203998485	-0.00	0.123508431686961	-0.00860776386594543	0.993132082919879	0.994832166371382
SACI_RS09085	5336.06349959269	0.34	0.0839552762839721	4.05244963967616	5.0684136330196e-05	9.95814228625171e-05
SACI_RS09090	2018.10522833847	0.23	0.103528399726221	2.21104961025096	0.0270324018053643	0.0408042832066354
SACI_RS12275	163.200470954261	1.59	0.180445365901743	8.82728632032396	1.07246002552601e-18	4.25951035025092e-18
SACI_RS12280	15.0688820044936	1.56	0.452874985705244	3.43931064756698	0.000583197601997548	0.00105005475928892
SACI_RS09105	36.2830832537459	0.26	0.23510925881269	1.12249492170714	0.26165206555552	0.330215816738113
SACI_RS09110	2513.23403452061	0.75	0.0899130877570431	8.34416738498121	7.1717352584279e-17	2.63940906628306e-16
SACI_RS09115	4553.89561096309	-0.34	0.0951973047542722	-3.58141209460599	0.0003417421241279	0.000630839431026844
SACI_RS09120	801.164647686318	-1.02	0.141189492115706	-7.25895975146001	3.90078513224562e-13	1.20879581635608e-12
SACI_RS09125	1556.64253594068	-1.24	0.130326875875511	-9.48512141019148	2.42101081294626e-21	1.04681883796236e-20
SACI_RS09130	1028.50108484428	-0.92	0.0843964059475486	-10.8426143676766	2.1620275131038e-27	1.16068480099502e-26
SACI_RS09135	1487.40780733818	-1.65	0.114843823171663	-14.3308602274373	1.403710300799e-46	1.4581144574276e-45
SACI_RS09140	9049.96292366169	-1.34	0.12279708115597	-10.8828803528773	1.39096915885991e-27	7.52495025694477e-27
SACI_RS09145	1009.33670335758	-0.55	0.106024572826536	-5.17356650618702	2.29667321682265e-07	5.22593626977597e-07
SACI_RS09155	1403.3385046753	-0.87	0.111022783087214	-7.83433923202491	4.71314701480733e-15	1.59882697284913e-14
tsaA	115.438502624478	-0.32	0.181609543224978	-1.78698006281774	0.0739407109764197	0.103967095009295
SACI_RS09165	273.673057943264	0.02	0.155080885117563	0.130847677170356	0.895895806262058	0.92243113659416
SACI_RS09170	6260.16624195762	-1.41	0.184411248957083	-7.65748741027605	1.89605928088138e-14	6.25663922478809e-14
SACI_RS12090	1977.43963610266	-1.08	0.145079009825814	-7.44997941533075	9.33547965069562e-14	2.96355054734108e-13
SACI_RS09180	526.021946733658	-1.42	0.115963478569422	-12.2334767276151	2.05931911428928e-34	1.43742930621663e-33
SACI_RS12095	3.13708926328375	0.53	0.812167399942965	0.656076726812194	0.511774757984104	0.591066176079668
SACI_RS09185	498.852484439575	-1.45	0.123966728868577	-11.7338741785414	8.54558249140557e-32	5.44528858935117e-31
SACI_RS09190	428.409259834666	-1.37	0.132863481826501	-10.3165811971081	5.9297091538802e-25	2.91585557973016e-24
SACI_RS09195	1785.23458566061	-0.38	0.0923338452828491	-4.09881779983894	4.15265763766886e-05	8.20944874203568e-05
SACI_RS09200	1547.07391823085	-0.55	0.0900563677097236	-6.14948339615783	7.77357231663697e-10	2.04136218427168e-09
SACI_RS09205	786.700487157579	-0.05	0.0951775842841362	-0.561959366069065	0.57414370440783	0.65005435220119
SACI_RS09210	1328.43813827369	-1.36	0.117954479872536	-11.4923809388256	1.44085126718387e-30	8.81329059073618e-30
SACI_RS09215	86.6193490176124	2.01	0.278997656461581	7.21251550021953	5.49275758010132e-13	1.68723288396638e-12
SACI_RS09220	1730.67282607637	-0.11	0.0697460313834043	-1.54439677917849	0.122492239837235	0.166178614400515
SACI_RS09225	589.940386187345	-3.00	0.121162697623019	-24.7321569719037	4.82431833543327e-135	4.457416230449e-133
SACI_RS09230	1722.37243933997	-2.19	0.0909099867239409	-24.0735016307246	4.73759823263482e-128	3.53908667974061e-126
SACI_RS09235	565.94358630249	-2.35	0.17174465438912	-13.7099296126735	8.8543693304771e-43	7.9305333467615e-42
SACI_RS09240	1403.41819720611	-0.49	0.101173873861546	-4.88122024305096	1.05431411471178e-06	2.30491709635932e-06
SACI_RS09245	1460.72034842096	-2.08	0.178937413580581	-11.6024450202411	4.00470575344675e-31	2.47544399654076e-30
SACI_RS09250	1736.96960151265	-2.90	0.194507598425506	-14.9002025657803	3.28581817990487e-50	3.82003563895563e-49
SACI_RS12100	13.1878420124947	1.22	0.375517654261274	3.2506135139962	0.00115156286665505	0.00203070679298135
SACI_RS09255	3438.76118453655	-0.49	0.119984645190853	-4.11686102687154	3.84067501447094e-05	7.62273034245759e-05
SACI_RS09260	2717.21238010491	-1.22	0.0972222121909815	-12.5996374549797	2.12117255131354e-36	1.54832366479456e-35
SACI_RS09265	3794.45236092508	0.99	0.0665195225330494	14.8405048885467	8.0150441678476e-50	9.19634642918723e-49
SACI_RS12105	51.7259787384244	1.77	0.257174839679668	6.89912360149809	5.23243313358864e-12	1.51576507690014e-11
SACI_RS09270	56.3378538453876	-0.27	0.212180299257174	-1.28222954938772	0.19976213330387	0.259572483356731
SACI_RS09275	7.4663391204715	0.47	0.453253148752583	1.03561336116051	0.300382556105954	0.373325010438232
SACI_RS09280	7.26711653697399	0.51	0.530291632445521	0.967586893896919	0.333250725329827	0.409138914816504
SACI_RS11720	16.3371056041497	0.54	0.332466344305712	1.61397842592429	0.106532105923476	0.145822309511627
SACI_RS09285	297.656266654957	1.69	0.13212752346141	12.7881445528396	1.90979124161616e-37	1.4389006543593e-36
SACI_RS09290	246.406998549732	2.20	0.180515147138253	12.2090905747442	2.77978895863058e-34	1.92882194342924e-33
SACI_RS09295	3315.44110942178	1.75	0.14004133845329	12.5072923651306	6.81063606874771e-36	4.91009101383433e-35
SACI_RS09300	705.373249126029	0.06	0.108751803107975	0.529247772015814	0.596633581042036	0.671188882742259
SACI_RS09305	610.101000201529	0.09	0.101371453181865	0.929564268208405	0.352596735169437	0.42999900561997
SACI_RS09310	522.458456446183	-0.26	0.133153946631749	-1.95659686064244	0.0503948844126571	0.072604201548149
SACI_RS09315	425.902964285925	0.19	0.0945006238637533	2.01631319350876	0.0437672361629341	0.0638617548805177
SACI_RS09320	161.055992877213	0.46	0.16816354410762	2.7102931275811	0.0067223768899639	0.0109421721189909
SACI_RS09325	97.1741712742466	-1.32	0.169457719541475	-7.77012498228332	7.84087213262976e-15	2.63943452134833e-14
SACI_RS12110	27.2171819097493	-1.86	0.3299534836983	-5.62804396138724	1.82264643037136e-08	4.43165624448328e-08
SACI_RS09330	867.435562739063	-1.14	0.184714583853536	-6.1680119119739	6.91539358964413e-10	1.82008597400604e-09
SACI_RS09335	2448.96441666048	0.09	0.1544755823779	0.598815547608271	0.549295893231659	0.626161649719596
SACI_RS09340	4290.80477452407	-0.65	0.163979301020639	-3.97505362847777	7.03633989095193e-05	0.000137019353062297
SACI_RS09345	2629.79699528893	-1.45	0.122813307690143	-11.8023030608483	3.79773040946325e-32	2.46922804956027e-31
SACI_RS09350	1836.24652988955	-0.24	0.092017054927841	-2.65178895489895	0.00800665704277092	0.0129485826242141
SACI_RS09355	1698.67760787593	-0.26	0.15256807583842	-1.71924701735091	0.0855694028783825	0.118842631924842
SACI_RS09365	5264.78865507274	0.78	0.177684087886702	4.40098088837291	1.07762617034003e-05	2.23231078703272e-05
SACI_RS11500	9551.14353192798	-0.24	0.0464845087989338	-5.15352450813999	2.55635646863697e-07	5.79429797377948e-07
SACI_RS09380	17186.0637168068	0.80	0.107653446842021	7.39376455943816	1.42729045479602e-13	4.48631762469905e-13
SACI_RS09385	15229.5442656186	0.56	0.102229582700991	5.4378701362659	5.39212515016828e-08	1.27144065831033e-07
SACI_RS09390	786.889511945778	-0.67	0.101737654549721	-6.58131108031705	4.66317760867628e-11	1.28713966855837e-10
SACI_RS09395	579.438527164425	-0.04	0.0966803633106984	-0.433760915206871	0.664462066571875	0.730132229653977
SACI_RS09400	1546.09296340092	0.84	0.2095401179084	3.99869525290108	6.36926256634049e-05	0.00012451269972395
SACI_RS09405	994.950760859503	0.62	0.14167006311458	4.37011317436707	1.24182157927571e-05	2.56171302281847e-05
SACI_RS09410	4617.39669204934	0.01	0.0761131702267866	0.0804729195520458	0.935861133434811	0.952684383731407
SACI_RS09415	1414.49185171887	-2.15	0.117954841885099	-18.2462787134705	2.21492710764454e-74	4.57447592643528e-73
SACI_RS09420	3010.00382859757	-0.01	0.0713354219085017	-0.104245147131505	0.916974806886696	0.937487568793557
SACI_RS09430	1081.21343735984	2.13	0.172632084655661	12.3165245829141	7.38070634171777e-35	5.17238721871679e-34
SACI_RS09435	661.666466514378	1.36	0.14382477805919	9.4605611345197	3.06295040538969e-21	1.31628137984372e-20
SACI_RS09440	22374.9852482744	3.22	0.243961712381112	13.1994991597151	8.83203028905103e-40	7.0959401246815e-39
SACI_RS09445	22340.6621363604	3.42	0.246038012288928	13.9178949521951	4.93217439588467e-44	4.68023359566245e-43
SACI_RS09450	6448.96283147381	2.19	0.135293676698199	16.158276684942	9.92989510976681e-59	1.43472682018071e-57
SACI_RS09455	34294.5055931271	2.61	0.133290053260912	19.6101945017875	1.26547065199827e-85	3.34065222493679e-84
SACI_RS09460	6041.33872055422	-0.97	0.0808809904102299	-11.9343209243974	7.83960518565654e-33	5.2229324111651e-32
SACI_RS09465	2601.65363205579	-3.00	0.165905960620646	-18.1051733324232	2.90096743142458e-73	5.65849813985095e-72
SACI_RS11995	1897.28576366524	-3.21	0.174596133564355	-18.3951754354923	1.43595313030751e-75	3.01894098234112e-74
SACI_RS09475	2824.42298442563	-1.82	0.0841364075713406	-21.6427106726345	7.11925696532003e-104	3.04825746405349e-102
SACI_RS09480	437.732974787188	-3.05	0.122622531476699	-24.8743647268294	1.4096247641162e-136	1.33761960724648e-134
SACI_RS09485	1403.94283279363	-0.35	0.124254430207102	-2.78653421153397	0.00532749942370311	0.00875695247032847
SACI_RS09490	544.280317060338	-0.18	0.153042045320738	-1.20281615812672	0.22904747058022	0.293177422241033
SACI_RS09495	7711.48060372021	-0.05	0.0817659738457011	-0.605217840494998	0.545034263308207	0.621707374423364
SACI_RS09500	4793.44765039609	-1.21	0.0945995418347165	-12.7895914897652	1.874566543334e-37	1.41539852336466e-36
SACI_RS09505	2020.6842614221	-1.86	0.15655189284571	-11.8860273764014	1.39904171756895e-32	9.18137471099924e-32
SACI_RS09510	1267.29070054149	-2.29	0.158926445046334	-14.4255260729651	3.57533338006191e-47	3.80393802951436e-46
SACI_RS09515	451.935886615758	-2.62	0.174300608204293	-15.0377640684441	4.15343359145328e-51	4.99407717109331e-50
SACI_RS09520	1188.60190247638	1.01	0.0957599194000286	10.5261661594094	6.54459645706398e-26	3.31096227100168e-25
SACI_RS12000	377.244674488265	1.61	0.143947384139114	11.2114599855999	3.58235022397103e-29	2.0484742078766e-28
SACI_RS09525	5686.51487249866	-0.99	0.121508157689733	-8.17730998578853	2.90250626680824e-16	1.0314473180935e-15
SACI_RS09530	345.837619547991	-0.66	0.123092137869985	-5.37042651314381	7.85506382882297e-08	1.8386086068665e-07
SACI_RS09535	3240.97708738744	-0.36	0.0851408597979076	-4.26437992836228	2.00458104942131e-05	4.06167162284157e-05
SACI_RS09540	5.89436405230154	2.85	0.729680204965234	3.90812241762444	9.30161753323934e-05	0.000179933769472195
SACI_RS09545	1955.82740414557	-0.74	0.12342386185314	-5.97307433960175	2.32823740139854e-09	5.95370831486545e-09
SACI_RS09550	1765.92570778695	-0.88	0.0907824163592228	-9.68197063060185	3.59714479757881e-22	1.61091522758918e-21
SACI_RS09555	299.622849250681	-0.98	0.130182254637147	-7.5171542983956	5.59813354796e-14	1.79498145085731e-13
SACI_RS09560	220.602201725262	-0.51	0.115688151507569	-4.37480042467225	1.21543626472994e-05	2.5087576281404e-05
SACI_RS09565	421.553979188496	-0.13	0.112515133691303	-1.14624927459681	0.251692024889092	0.31959880628774
SACI_RS09570	2414.57589379805	0.67	0.112813783507484	5.95806014501284	2.55249584082157e-09	6.4987765751447e-09
SACI_RS09575	10121.4500845804	4.32	0.179144173128426	24.1174205456071	1.64126505705938e-128	1.25271339463815e-126
SACI_RS09580	9907.57260044526	4.20	0.143181611983332	29.3228235828029	5.30831231598059e-189	1.33124889581485e-186
SACI_RS09585	705.825254415556	0.02	0.184488793691783	0.119888615381192	0.904571383035147	0.928640387671462
SACI_RS09590	1383.52591244342	1.49	0.114606570580333	13.0073493346836	1.11130356323206e-38	8.7093455591691e-38
SACI_RS09595	1828.63631080413	1.51	0.0955719571948145	15.8486557654666	1.43620187136293e-56	1.95445921331599e-55
SACI_RS09600	3765.92039151226	1.25	0.111708997693912	11.2167511595991	3.37440387202984e-29	1.94221835978636e-28
SACI_RS09605	2519.43881376886	2.25	0.121809667326856	18.4768964787144	3.16893273207001e-76	6.74310474078654e-75
SACI_RS09610	1153.59828617144	3.00	0.183263181734086	16.36716530221	3.28145937437528e-60	4.92359139462889e-59
SACI_RS12115	18.0759205809679	1.08	0.366291833065967	2.95884072835178	0.00308798655824802	0.0051999620172704
SACI_RS09615	9078.67472973226	1.59	0.0961533708028093	16.5115549727191	3.02975015908598e-61	4.62497948197864e-60
SACI_RS09620	7187.43325269679	-0.00	0.0881289463901473	-0.0121792950557567	0.990282568753706	0.993394885398361
SACI_RS12120	701.0097628165	0.56	0.189253117537267	2.98537062185872	0.00283234923969249	0.00479247141231824
SACI_RS09625	60.6841724766646	1.39	0.217263930545353	6.37998420880842	1.77106244941817e-10	4.76855848152392e-10
SACI_RS09630	1925.12841867713	3.53	0.142950209912203	24.6803875988314	1.73707239741865e-134	1.45210980650878e-132
SACI_RS09635	98.5000368085108	-0.04	0.178773698761441	-0.231870132444414	0.816638883224772	0.85947815317811
SACI_RS09640	736.935940427398	0.46	0.13682324760101	3.38744037060291	0.000705480508489196	0.0012631015121395
SACI_RS09645	10.7653286911652	0.27	0.415396743061709	0.657275763962337	0.511003617238384	0.590527273930745
SACI_RS12285	7.40916089224045	-0.07	0.451470475964096	-0.165798591597656	0.868315454525225	0.901702325003864
SACI_RS12290	5.33881683604525	-0.93	0.537593658091954	-1.72752173740178	0.0840740047145685	0.116997158364189
SACI_RS12295	24.6363875614492	0.30	0.289118662431585	1.03498364116747	0.300676551005991	0.37355816368791
SACI_RS09655	5965.65631181649	-1.33	0.11091557862401	-11.9751262836918	4.7970662398487e-33	3.22036320613935e-32
SACI_RS09660	2850.0782364253	-3.06	0.153841429944851	-19.8762080320069	6.53933258186154e-88	1.80784225944219e-86
SACI_RS09665	2973.52984717521	-4.05	0.176384276138386	-22.942545353076	1.74892591067898e-116	9.74679186094269e-115
SACI_RS09670	516.816900188727	-4.60	0.18439586213583	-24.9621924290171	1.5744092407033e-137	1.53548634558591e-135
SACI_RS09675	179.83419043126	0.09	0.154444355142723	0.610940080094858	0.541239249521437	0.617977588550228
SACI_RS09680	431.45167351691	0.25	0.106130293018326	2.34255012104082	0.0191524613263317	0.0294672619267093
SACI_RS09685	117.693756478714	-0.45	0.128432532289145	-3.48537970146109	0.000491439141975092	0.000893548849028767
SACI_RS09695	3107.48719365439	1.70	0.0878960422651926	19.3122089205208	4.24042578555958e-83	1.04846020655632e-81
SACI_RS09700	2681.11309835756	1.46	0.093229325269636	15.6867913805769	1.86234136617908e-55	2.45815057768976e-54
SACI_RS12005	500.29160905432	0.03	0.129308153011213	0.245783772367346	0.805849619576393	0.850161662960552
SACI_RS09715	5602.33301840148	1.14	0.148432535635272	7.65166918903408	1.98387067757744e-14	6.5279943289357e-14
SACI_RS11955	9.60102421885816	1.09	0.435771243652465	2.49914114570244	0.0124494715069388	0.0197336769574998
SACI_RS09740	444.70787296925	-1.29	0.116210859868587	-11.1316876374165	8.79543055841779e-29	4.94092107049678e-28
sixA	3637.05922213945	-0.07	0.0700146969846401	-1.01602933996246	0.309615415095511	0.383037252431409
SACI_RS09750	2231.18358272355	-0.92	0.112348111842618	-8.22370724282731	1.97307371779053e-16	7.07605906349597e-16
SACI_RS09760	323.20206371971	-2.76	0.152010197884676	-18.1818328517088	7.18903717978797e-74	1.44232625932775e-72
SACI_RS09765	232.323058050811	-3.45	0.166950336431326	-20.6924198282217	4.05351279332342e-95	1.35541746831986e-93
SACI_RS09770	695.055809625493	-0.76	0.105823251362486	-7.21162969230404	5.52861554824232e-13	1.69676304107332e-12
SACI_RS09775	2162.3670419685	-1.96	0.113669053211851	-17.2047080143136	2.44807622286615e-66	4.09295029451573e-65
SACI_RS09780	1658.19120884716	-2.06	0.227201788724973	-9.05096547461168	1.41709753932031e-19	5.83970593961693e-19
SACI_RS09785	1353.06898365785	1.39	0.195046971071249	7.13018424660387	1.0023466268461e-12	3.01562896902886e-12
SACI_RS09790	2099.87328588534	2.72	0.093431142500561	29.1435678072564	1.00788645289605e-186	2.08158196242236e-184
SACI_RS09795	12610.1950420328	-1.36	0.0966591210985756	-14.1032028572112	3.62917201596707e-45	3.6198928829717e-44
SACI_RS09800	727.193716755806	-0.86	0.113844055406974	-7.52694114866539	5.1942767085665e-14	1.67159537339844e-13
SACI_RS09805	3086.31377045977	-0.91	0.224908963106853	-4.04914707633522	5.14046334920546e-05	0.000100940530307944
SACI_RS09810	697.362519012365	1.44	0.157347403699471	9.16136271955493	5.12460352446119e-20	2.13433961736456e-19
SACI_RS09815	622.574420889317	1.16	0.150422007798427	7.71187879810892	1.2397884749704e-14	4.12988362013384e-14
SACI_RS09820	3155.92766999495	-0.02	0.118340288666527	-0.162073785452128	0.871247749419594	0.903678241717044
SACI_RS09825	6026.00686940979	-0.60	0.160300256574532	-3.71831419171703	0.000200556729779912	0.000377765385331153
SACI_RS09835	2072.05522897658	-0.20	0.189724597379697	-1.06985838260525	0.284683058344949	0.356717422501469
SACI_RS09840	4734.42112703453	-0.94	0.106934646990405	-8.75273144111457	2.08249857291754e-18	8.16944412236143e-18
SACI_RS09845	41343.4659590064	-3.19	0.21299427493621	-14.9651026969959	1.24132146707525e-50	1.4576186190305e-49
SACI_RS09850	28850.1654467588	-3.53	0.249316006403514	-14.1562679893408	1.70828406239485e-45	1.72846839857877e-44
SACI_RS09855	4595.00009253886	-3.51	0.31515496528632	-11.1453149833546	7.54767559511865e-29	4.25359374228918e-28
SACI_RS09860	47690.6787692932	-3.26	0.243162438191661	-13.4042944562306	5.70633625405888e-41	4.78161016420065e-40
SACI_RS09865	766.328703093681	-1.12	0.126406093266236	-8.84661773984093	9.02117453220719e-19	3.587015150915e-18
SACI_RS09870	126545.079751633	-1.65	0.193106948859582	-8.55241472368183	1.20539772508042e-17	4.61018672413655e-17
SACI_RS09875	62587.5695686255	-1.79	0.210236586555322	-8.53343415980655	1.42066318780196e-17	5.40406116183387e-17
SACI_RS09880	229.533253163427	1.35	0.143429420184403	9.41910726640981	4.54939481025973e-21	1.93376818145544e-20
SACI_RS09885	209.845445714494	1.19	0.118676493289084	9.98992845335182	1.68703465764468e-23	7.8870555033162e-23
SACI_RS09890	73.8662250107972	0.92	0.181888834493516	5.04920165230488	4.43660229005525e-07	9.94694166052617e-07
SACI_RS09895	609.176310739241	1.06	0.117684874141293	8.97507818988553	2.83150607232126e-19	1.14929685779421e-18
SACI_RS09900	61.3709753619219	1.04	0.191332984834057	5.44655994623202	5.1353301185219e-08	1.21333405424834e-07
SACI_RS09905	158.479960163929	1.06	0.143994478667905	7.32986963760726	2.30376716145439e-13	7.19619795717649e-13
csx7	521.865077177546	1.50	0.099805965589511	14.9858073758257	9.09140177296546e-51	1.07474449915427e-49
SACI_RS09920	909.891832225832	0.08	0.111048821942943	0.739705680977186	0.459478600251186	0.540445348570156
SACI_RS09925	4.0016776811848	1.16	0.655181051670651	1.76458468403898	0.0776335914202971	0.108941462620569
SACI_RS09930	63.9082898545831	1.00	0.216148759966714	4.62691668971278	3.7114972120891e-06	7.88328294715356e-06
SACI_RS09935	967.887367084971	-0.17	0.104476164920454	-1.59233787140956	0.111308807862068	0.15188698966332
SACI_RS09940	1355.53902690939	1.38	0.114796152834073	11.9888242066669	4.06636119422272e-33	2.73505635113332e-32
SACI_RS09945	539.597915543121	-0.39	0.118894906505086	-3.26922757937429	0.0010784152593861	0.00190650351243938
SACI_RS09950	288.774337611754	-3.18	0.401677122923564	-7.91678299955989	2.43734588091888e-15	8.34880135405482e-15
SACI_RS09955	236.186470242782	-2.52	0.22864385502879	-11.041408151481	2.41222815201432e-28	1.33585694664389e-27
SACI_RS09960	73.6700598016679	-2.80	0.229713258985441	-12.1815422598544	3.89839508037191e-34	2.67329397015347e-33
SACI_RS09965	616.690286764065	0.02	0.143790754364213	0.134073885430945	0.893344149582401	0.920073719326433
SACI_RS09970	4152.16440890569	0.50	0.0917249099954145	5.42070774550533	5.93635412132235e-08	1.39695303753102e-07
SACI_RS09975	10538.7167582309	1.92	0.11745687871729	16.3236773381493	6.69766097227841e-60	9.92214669775084e-59
SACI_RS09980	5479.08887554722	0.43	0.118929633632424	3.63496056484814	0.000278023160216942	0.000518671262232563
SACI_RS09985	12.0660014946316	-0.63	0.371078504913758	-1.69334226988457	0.0903903366412737	0.12504352716608
SACI_RS09990	251.51078125222	0.15	0.17013344560046	0.904231468111838	0.365872677364333	0.443876631038761
SACI_RS09995	178.95804277573	0.50	0.158672034151136	3.1542041401321	0.00160936467383936	0.00279173881909584
SACI_RS10000	507.187566872771	0.63	0.19182602963461	3.26488726092907	0.00109507653408078	0.00193498425322477
SACI_RS10005	190.632703297919	0.23	0.182116673056914	1.25452052240793	0.209652871162732	0.271120158619651
SACI_RS10010	72.7599492718116	-1.50	0.26697437222146	-5.62470483402165	1.85825437251032e-08	4.51198554763745e-08
SACI_RS11900	7.8170113433821	0.11	0.452922477427366	0.249828995688108	0.80271959529082	0.848389072566547
SACI_RS10015	156.118562176861	0.51	0.158075424568769	3.22288140226286	0.00126908086784406	0.00222796578092696
SACI_RS10020	503.649329113714	-0.72	0.144129251952398	-4.98144019105134	6.31127912522094e-07	1.40246208915511e-06
SACI_RS10025	1918.8251337961	-1.06	0.161199688439046	-6.59071706037396	4.37707346824711e-11	1.21485414600914e-10
SACI_RS10030	2803.92228412425	0.09	0.173345736059185	0.523003275335517	0.600971973958224	0.674772177987631
SACI_RS10035	197.157539719635	-0.94	0.199817903995562	-4.71722162944475	2.39087198196366e-06	5.13730203713245e-06
SACI_RS11960	286.959570144913	0.47	0.244015211384669	1.91402325806122	0.0556171840333267	0.0795081160997597
SACI_RS10040	8123.89416661185	1.28	0.0716292327151681	17.8449323066541	3.16486423435955e-71	5.87927953800866e-70
SACI_RS10045	768.719590425527	1.36	0.177215276704512	7.68526093534453	1.52685470850422e-14	5.05257953021518e-14
SACI_RS10050	1238.54669310313	1.87	0.220943391516999	8.46261869496705	2.61439428718967e-17	9.8277712444571e-17
SACI_RS10055	1016.1626643396	0.98	0.17301570813379	5.65471781682456	1.56102520761475e-08	3.81934460204556e-08
SACI_RS10060	2426.374087147	1.10	0.118147424088865	9.2683041905561	1.89128852382033e-20	7.97156543473372e-20
SACI_RS10065	4625.18008069822	-0.08	0.117591886705537	-0.720778205277179	0.471045986864575	0.551280819960508
SACI_RS10070	6391.87899833705	1.58	0.13245079427467	11.9265159632255	8.61022325947764e-33	5.7254723227322e-32
SACI_RS10075	5168.96877310342	0.34	0.0816264794272685	4.16293946786838	3.14176677351296e-05	6.27816911884121e-05
SACI_RS11755	1368.57348489966	-0.16	0.154559531037366	-1.00721187838371	0.313832966063962	0.387572122353349
SACI_RS10080	33381.4755553138	0.09	0.112564707930131	0.828309396441127	0.407495302732816	0.487965896280668
SACI_RS10085	35127.6578295335	0.59	0.108735912061643	5.46557755384571	4.61402003161613e-08	1.0923684646665e-07
SACI_RS10090	23281.4490143116	1.03	0.108642634604148	9.46630385460039	2.89921152365278e-21	1.25050757488267e-20
SACI_RS10095	15904.2084246167	0.83	0.113096672181071	7.36459901617772	1.77680130984206e-13	5.56995482040668e-13
SACI_RS10100	4157.74468894274	-0.15	0.125490284448998	-1.2202919296681	0.222354228059613	0.285442667172688
SACI_RS10105	2410.26686873928	-0.72	0.150622292183525	-4.7626704401141	1.91047713199994e-06	4.12526765710442e-06
SACI_RS10110	837.952750451149	1.94	0.132216350108963	14.6615610519496	1.13630139615952e-48	1.25064395044392e-47
SACI_RS10115	347.666873839092	-0.26	0.130688129664484	-2.00149017441967	0.0453395915901773	0.0658615250612795
SACI_RS10120	316.453803343208	0.72	0.109722930142887	6.52494602512384	6.80260264125662e-11	1.86739154600876e-10
SACI_RS11760	1887.86164227319	-0.48	0.137419275168188	-3.46055525841146	0.000539062585253202	0.000975592132383501
SACI_RS10135	564.139008060477	-0.36	0.116358209750953	-3.11875227499573	0.00181618589356308	0.00313707624470634
SACI_RS10140	756.154157564557	-0.75	0.0958084304265336	-7.80301375836096	6.04459569881212e-15	2.04259629437241e-14
SACI_RS10145	6875.19679644522	-0.35	0.165704186001946	-2.12078357712028	0.0339400193644686	0.050643182315618
SACI_RS10150	188.545242667312	-0.55	0.126840239265901	-4.34327887186222	1.40371762113796e-05	2.87540989954222e-05
SACI_RS10155	289.988738226964	-0.51	0.128035284685676	-3.95217121094634	7.74452968580041e-05	0.000150392940967064
SACI_RS10160	1103.30211364198	-1.01	0.150699821357169	-6.68560893220993	2.29966383927208e-11	6.43869197741969e-11
SACI_RS10165	178.891980534764	-0.89	0.154062894618011	-5.78684577106193	7.17203711414954e-09	1.78335852038095e-08
SACI_RS10170	90.0864211815707	-0.73	0.179285758628322	-4.06204601436675	4.86444854060981e-05	9.57347467829655e-05
SACI_RS10175	420.910516413329	-0.98	0.0828903569888619	-11.8029852249893	3.76706163714933e-32	2.45383180111898e-31
SACI_RS10180	147.693305236382	-0.26	0.131666740177446	-1.99618373043314	0.0459139277033725	0.0666406780349487
SACI_RS10185	85.1615355371039	0.80	0.185960735215428	4.27842869615411	1.88217262264296e-05	3.82425236001125e-05
SACI_RS10190	111.44288917369	1.19	0.168790240048453	7.04114965584667	1.90660087911754e-12	5.653780140694e-12
nrfD	438.285807365991	-1.48	0.141541644718077	-10.4421162599357	1.59220988327763e-25	7.96331752163497e-25
SACI_RS10200	18222.2233459621	1.92	0.0959456246917065	20.034204988696	2.77230736608894e-89	8.04427368788287e-88
SACI_RS10205	33194.6220890312	3.21	0.152925786244503	20.9882708834527	8.39443765442432e-98	3.07009068798789e-96
SACI_RS10210	6141.27379609238	2.48	0.146926756711446	16.85176772384	1.0182498920017e-63	1.62503425946271e-62
SACI_RS10215	66.6087410465285	-0.55	0.187047625357143	-2.94265865550725	0.00325406997210892	0.0054613000344524
SACI_RS10220	1817.14977699169	0.53	0.0803938608099904	6.55561178899999	5.54142185956082e-11	1.52475957279922e-10
SACI_RS10225	391.513168320332	-0.19	0.182765225594891	-1.04812968990039	0.29457885893016	0.367629618797835
SACI_RS10230	3303.33082153863	-2.47	0.198398591436677	-12.4476020725725	1.44110069506671e-35	1.02839523178439e-34
SACI_RS10235	17343.3102493021	0.52	0.0952027241249093	5.46243260889447	4.69653848161579e-08	1.11115543187015e-07
SACI_RS10240	3006.01004336523	-0.85	0.12671477849384	-6.69561611472509	2.14764835390504e-11	6.01787180411859e-11
SACI_RS10245	2260.92782181921	0.41	0.164025364038696	2.48795625331403	0.012847953591298	0.0203286007476554
SACI_RS10250	6704.72262007149	0.25	0.0803129787342741	3.10758278335709	0.00188624149101069	0.00324907814646105
SACI_RS10255	675.023259698627	-4.32	0.221738745728179	-19.488005119472	1.38786911637414e-84	3.58294740263942e-83
SACI_RS10260	3215.56706542162	-1.82	0.17131965281937	-10.6457016718029	1.82603283525635e-26	9.40058839381973e-26
SACI_RS10265	6345.13262304627	0.18	0.130541050496397	1.37428234148075	0.16935404624072	0.223702805248746
SACI_RS10270	153.429026678295	-0.60	0.1629230540806	-3.67097321876851	0.000241628660219611	0.00045269916010195
SACI_RS10275	50.3185846273615	-0.85	0.181672560916052	-4.68515739300864	2.79744876480522e-06	5.98892842270191e-06
SACI_RS10280	3581.89444271351	0.38	0.083277444490847	4.59508089592634	4.32581413841233e-06	9.15487247737534e-06
SACI_RS10285	424.915878835373	-0.98	0.114008422172337	-8.61808220637774	6.80847957592167e-18	2.62399251273996e-17
SACI_RS10290	1517.46678111262	-0.95	0.115714083911342	-8.20111566831012	2.38166230415459e-16	8.51529159866271e-16
SACI_RS10295	652.556627785888	-0.75	0.0906659529214134	-8.25867028812873	1.47304202466651e-16	5.3263136442885e-16
SACI_RS10300	2319.95106119578	-0.28	0.076330675818605	-3.69972064291303	0.000215836920406976	0.00040545929777897
SACI_RS10305	4144.00508982843	-0.53	0.0955051121150055	-5.51707623765833	3.44685933116755e-08	8.26069836978108e-08
SACI_RS10310	3012.86529766439	-0.86	0.118424705273862	-7.24262226211091	4.4009139358275e-13	1.36017683351148e-12
SACI_RS10315	362.537528506921	-1.69	0.115817793494838	-14.5708102103247	4.30751805504632e-48	4.6534448896208e-47
SACI_RS10325	14544.8583116837	1.00	0.119352361333217	8.38975165522668	4.87170182078828e-17	1.8023756683654e-16
SACI_RS10330	475.875648412436	-0.86	0.169370834722989	-5.10540563166774	3.30085684362547e-07	7.43380909427133e-07
SACI_RS10335	2245.98996812478	-2.46	0.107248781167013	-22.9129332285654	3.45294530589044e-116	1.89426421390334e-114
SACI_RS10340	752.179724996372	-0.90	0.133052790852871	-6.79865961431784	1.05596977845026e-11	3.00934244491791e-11
SACI_RS10345	397.447006491273	-4.03	0.356821409942811	-11.281646494766	1.61691016016315e-29	9.41454655444911e-29
SACI_RS10350	1544.73168826068	-0.54	0.122822359342396	-4.42119524580661	9.81564297555958e-06	2.03921434835442e-05
SACI_RS10355	1424.30144079602	-0.12	0.15705892185212	-0.7512759514592	0.452486599053464	0.533651477755026
SACI_RS10360	519.004061896251	-0.93	0.20099550426689	-4.6319821930452	3.62181311244516e-06	7.71145290345359e-06
SACI_RS10365	2316.28096646624	-0.47	0.084151553453771	-5.62736104899825	1.82987458338728e-08	4.44615201541367e-08
SACI_RS10370	242.82199596301	0.31	0.152601243622923	2.06280083222487	0.0391315549457664	0.0578731631906428
SACI_RS10375	148.597330017437	0.21	0.154989344777726	1.35952911827177	0.173978981937366	0.228950601792389
SACI_RS10380	100.416888967109	-0.10	0.154147461379098	-0.667354312983454	0.504545841326514	0.584833426509538
SACI_RS10390	3672.46088497469	-1.71	0.150901835464757	-11.3271460409601	9.62913045496978e-30	5.6534911417055e-29
SACI_RS10395	1786.59451818049	0.55	0.142219903303382	3.86665658074564	0.000110337631175272	0.000212620978625895
SACI_RS10400	2702.0236866888	0.37	0.0622173196415477	5.98547135574876	2.15764093450065e-09	5.52954548980421e-09
SACI_RS10405	305.784910383102	-3.04	0.167814450833846	-18.1431164386804	1.4553944559605e-73	2.87072468251534e-72
SACI_RS10410	9471.42574470986	-1.09	0.0951449682152798	-11.4699455260443	1.86776822727476e-30	1.13849552881279e-29
SACI_RS10415	7696.65638412592	0.47	0.0653638188016199	7.12786526749844	1.01937483005668e-12	3.064233757131e-12
SACI_RS10420	10299.188796695	-0.63	0.118386913923871	-5.30663111991159	1.11669841536041e-07	2.59822938126601e-07
SACI_RS10425	1853.06988917073	-0.97	0.108981750404135	-8.94021409155354	3.88417128511596e-19	1.56570899908635e-18
SACI_RS10430	23.364361834452	0.15	0.42799587724883	0.344078478908695	0.730787267231524	0.787294904955471
SACI_RS10435	680.719987025163	-1.92	0.137353449107721	-13.9943494080991	1.68766997130108e-44	1.63685338929229e-43
SACI_RS10440	780.889504361216	0.34	0.0948537877787752	3.55257208118211	0.000381484485841298	0.000702355547870371
SACI_RS10445	9191.86437404051	1.30	0.108944972427648	11.9531541457355	6.25070316074289e-33	4.18023215187967e-32
SACI_RS10450	212.218862935945	-0.93	0.1106098416059	-8.42711138389976	3.54302574629088e-17	1.32195147664477e-16
SACI_RS10455	888.478663153221	-1.98	0.132256230933668	-14.9496208456752	1.56638462205789e-50	1.83319213601509e-49
SACI_RS10460	1047.79182376561	-2.66	0.107779791213189	-24.689220798615	1.39626202577362e-134	1.2569938391003e-132
SACI_RS10465	683.023376846355	-1.97	0.11195115815642	-17.6001350943572	2.45737377498604e-69	4.35749460806868e-68
SACI_RS10470	910.039727389134	-1.80	0.113220384766917	-15.8950560055857	6.8567155182238e-57	9.40387819706397e-56
SACI_RS10475	78.0998906917348	0.25	0.278912435078125	0.901579565441038	0.367280250130332	0.445430382800551
SACI_RS10480	5530.0059167113	0.10	0.16966703050969	0.578780955085141	0.562736983276173	0.638896010205595
SACI_RS10485	1649.20171047184	-2.13	0.216840825108179	-9.82912741373672	8.43464095922208e-23	3.84597719582191e-22
SACI_RS10490	5785.72225257617	1.20	0.146186605794105	8.20824551951546	2.2444390572655e-16	8.03284967386255e-16
SACI_RS10495	1034.87719180329	-1.48	0.144705045446263	-10.2043597345513	1.89567293510564e-24	9.23121730257405e-24
SACI_RS10500	22504.4958219619	1.50	0.102067819464797	14.7104204699333	5.52629686378577e-49	6.19898667372264e-48
SACI_RS10505	441.290966270312	-1.47	0.140199424848836	-10.462510099116	1.28408085484522e-25	6.44979668292072e-25
SACI_RS12300	520.972177697323	-0.62	0.126252718578472	-4.9335456383389	8.07501629621209e-07	1.78086571708547e-06
SACI_RS12305	1462.1440050746	-0.03	0.0864070628893732	-0.348562738056063	0.727417605963436	0.785110118210152
SACI_RS10515	740.33416705838	0.89	0.492699996208397	1.80677813101325	0.0707968798230189	0.0998264437986423
SACI_RS10520	3384.91417530733	-0.65	0.0997947150222523	-6.56025737488014	5.37149859528225e-11	1.47916326023812e-10
SACI_RS10525	3894.86835128675	-1.01	0.0943872121754801	-10.6592147479037	1.57925177872988e-26	8.14207488270282e-26
SACI_RS10535	773.087443902396	-0.40	0.0931690760516551	-4.29635149420983	1.73632194171542e-05	3.52995155608735e-05
SACI_RS10540	283.559805341865	-1.04	0.135200266796303	-7.65705367561533	1.90247134993682e-14	6.27190320152879e-14
SACI_RS10545	895.639554123042	-0.57	0.111891561873324	-5.09182052579786	3.54641722627281e-07	7.97659889906717e-07
SACI_RS10550	634.043493002674	-1.02	0.107796356044882	-9.49988284789285	2.10126563228913e-21	9.10807856168783e-21
SACI_RS10555	1283.42080269436	-0.20	0.130131597019169	-1.5687715818104	0.11670117238587	0.158690091497595
SACI_RS10560	1544.56590801174	-0.01	0.137682635459937	-0.0601768844535772	0.95201475587712	0.965189237477078
SACI_RS10565	6189.95656615534	0.55	0.0818691501198563	6.77253802378581	1.26542531300934e-11	3.60041189139044e-11
SACI_RS10570	568.783293866631	-0.16	0.0960216363575018	-1.70412227067873	0.0883582467756954	0.122411328869045
SACI_RS10575	3217.80770342939	-0.83	0.149312254997399	-5.57518913947952	2.47261070690078e-08	5.98300219981297e-08
SACI_RS10580	7873.40263340326	1.30	0.154110881083083	8.44864456509489	2.94704179187894e-17	1.1054555268469e-16
SACI_RS10585	68345.6700601353	2.21	0.106568528256875	20.7062388785765	3.04309247184979e-95	1.02733631429467e-93
aceA	47294.1933370249	2.08	0.183263147671357	11.3459056410576	7.77174130932982e-30	4.58598046000958e-29
SACI_RS10595	334.929704712871	0.14	0.0984702631862733	1.45244608537573	0.14637761000621	0.196082330687449
SACI_RS10600	290.207657276998	0.93	0.167442801004717	5.53660044060594	3.08399011665342e-08	7.41128631045186e-08
SACI_RS10605	1073.28597253851	-1.06	0.178117005961817	-5.92848494952353	3.05742429826045e-09	7.73944968362828e-09
SACI_RS10610	975.275834771017	-0.31	0.0829202017999309	-3.76483375471995	0.000166659926766516	0.000316635824067769
SACI_RS10615	1787.45664917782	-0.52	0.0965929503629412	-5.41010231704228	6.29887508427385e-08	1.47928765357094e-07
SACI_RS10620	14602.5875540023	-0.75	0.127523294085895	-5.87661073211224	4.18751333670161e-09	1.0516709102403e-08
SACI_RS10625	75700.022069149	-0.74	0.120226503008842	-6.16320152611641	7.12886853180217e-10	1.87486572398183e-09
SACI_RS10630	1514.10624655837	-0.10	0.128077874092245	-0.794992545804363	0.426617838255198	0.507919711805358
SACI_RS10635	785.297516728673	-4.78	0.170509699388972	-28.012496360853	1.14447659707007e-172	1.91345587253001e-170
SACI_RS10640	2371.35253569139	-4.60	0.19574833443257	-23.5175834113067	2.69575119081152e-122	1.75273748721097e-120
SACI_RS10645	1238.74057047855	-3.68	0.247878195953346	-14.8523058409162	6.72163049885836e-50	7.76304101364858e-49
sat	1998.66738381777	-3.69	0.226217123430374	-16.2985364134543	1.01083784523359e-59	1.48495885967161e-58
SACI_RS10655	511.06297543538	-3.16	0.178430206070826	-17.6916907012135	4.85952327540072e-70	8.79473516491336e-69
SACI_RS10660	4233.51826619442	-0.97	0.144721839315025	-6.73163092097096	1.67771774860644e-11	4.73891151677973e-11
SACI_RS10665	501.129722901729	-0.63	0.133201456443325	-4.75885346418699	1.9469571128945e-06	4.20145447041954e-06
SACI_RS10670	488.132105314106	-2.39	0.155448290411544	-15.399351343223	1.65319359971398e-53	2.09543780815732e-52
SACI_RS10675	2003.37672091066	-2.65	0.327932379992754	-8.07484898191021	6.75602086026219e-16	2.37441333737543e-15
SACI_RS10680	2642.80241540917	-1.37	0.177677162512904	-7.72970414346476	1.07796814384503e-14	3.60452014575229e-14
SACI_RS10685	1106.0425265236	-1.83	0.201187663815361	-9.07173817211959	1.17133290631074e-19	4.8439927374052e-19
SACI_RS10690	756.204872605257	-2.04	0.186648745453107	-10.948808009631	6.73277589095927e-28	3.68779659175632e-27
SACI_RS10695	1541.10589759077	-0.66	0.173213460994417	-3.83616374760973	0.00012497110055563	0.000240292187322464
SACI_RS10700	723.95995855787	-1.13	0.152723769765759	-7.41346378609104	1.23042652556663e-13	3.87446415360038e-13
SACI_RS10705	874.991115636885	-4.09	0.205937025426718	-19.8727229596941	7.00955021330088e-88	1.92269771866401e-86
SACI_RS10710	8774.37390361923	-3.24	0.319529958424178	-10.1261619640884	4.22925199034574e-24	2.02301140846102e-23
SACI_RS10715	112.883555466969	-3.57	0.247308153631601	-14.4381226531233	2.97844736427879e-47	3.18820996828745e-46
SACI_RS10720	2853.07366779498	-1.29	0.136151154990814	-9.45605930668956	3.19767567724649e-21	1.37249869227536e-20
SACI_RS10725	6431.82949774844	-1.14	0.184554371933909	-6.20073168534322	5.62012581883416e-10	1.48474505266567e-09
SACI_RS10730	11798.2157016714	-0.72	0.159027777762344	-4.50907183427244	6.51118611908204e-06	1.36563766213244e-05
SACI_RS10735	1434.22058997689	-1.32	0.162554897446345	-8.09459085402645	5.74571450166702e-16	2.02542204973423e-15
SACI_RS10740	1177.84420753	-2.98	0.164557059617169	-18.0993962303203	3.22180011023812e-73	6.24958021383759e-72
SACI_RS10745	973.211531543029	-3.37	0.224775269899626	-14.9798958593573	9.93726263239754e-51	1.17079627860227e-49
SACI_RS10750	5422.48239275672	-1.90	0.167342824527322	-11.3818944565797	5.14693426241801e-30	3.05767955928082e-29
SACI_RS10755	7855.80575909792	-2.82	0.172597327130107	-16.3469084574478	4.57615689691023e-60	6.8369731340646e-59
SACI_RS10760	10171.0944444624	-1.11	0.130952005419612	-8.50391737768473	1.83298014181401e-17	6.92744163391711e-17
SACI_RS10765	1572.33947832308	-1.22	0.119634421985239	-10.1811900326558	2.40600765985945e-24	1.1683945911157e-23
SACI_RS10770	1977.49301511074	-1.95	0.18689621704693	-10.4433682409268	1.57134354473772e-25	7.87016716914997e-25
SACI_RS10775	7159.38157155494	-1.70	0.177135657853562	-9.62404727934363	6.32906952204621e-22	2.81283077112712e-21
SACI_RS10780	9749.11681242581	-0.34	0.180970837166612	-1.87112314849497	0.0613280137270075	0.0869990530082922
SACI_RS10785	8514.9726968527	-0.35	0.191125690914018	-1.83564107907815	0.0664107574647475	0.0939436621509784
SACI_RS10790	20054.5630171483	-0.38	0.183535667728227	-2.04934948362997	0.0404279531665317	0.0595396575367839
SACI_RS10795	21788.0059500729	-0.26	0.184153409304001	-1.38854720017197	0.16497048245837	0.218570326004278
SACI_RS10800	2269.57412337594	-0.33	0.205409628483932	-1.62441518794693	0.104287227778255	0.142916649777305
SACI_RS10805	4268.6263703712	-1.67	0.173399157957462	-9.61311490651079	7.03867818804074e-22	3.1163681107454e-21
SACI_RS10810	342.707924631546	-1.93	0.122585381651314	-15.7462177828458	7.29138218153697e-56	9.7710087173192e-55
SACI_RS10815	5714.7403923263	0.18	0.0930815305024509	1.91953383570715	0.0549168084320404	0.0785708697656454
SACI_RS10820	986.331419150408	-1.58	0.117241764594506	-13.4859066799431	1.89323677877445e-41	1.60172393500652e-40
SACI_RS10825	919.89317351903	-0.42	0.138192622834979	-3.06312338760852	0.00219039723876239	0.00375145595380231
SACI_RS10830	403.238166773406	-0.62	0.123982728285129	-5.01633110810217	5.26675319327776e-07	1.17556074136034e-06
SACI_RS10835	5602.31023615257	-0.29	0.0993639345677232	-2.94732727793345	0.00320533761862263	0.00538723809429585
SACI_RS10840	3664.52990842157	1.09	0.16399244450604	6.64465263942746	3.03932992691837e-11	8.48258137790969e-11
SACI_RS10845	1647.31503747983	-0.14	0.120944657549738	-1.13204126538402	0.257617086067766	0.326061135250153
SACI_RS10850	12006.8769911988	0.42	0.106736346864695	3.96194456984662	7.43418018607379e-05	0.000144526061092498
SACI_RS10855	1944.2586522723	1.00	0.0859135383050936	11.6818568623991	1.57809984737211e-31	9.91182211828885e-31
SACI_RS10860	2797.56766164262	-1.05	0.125385981142827	-8.40334997151984	4.3391906555803e-17	1.60875379004672e-16
SACI_RS10865	5731.07590296014	-0.35	0.0920299948704481	-3.75552104184865	0.000172981226325671	0.000328290316556449
SACI_RS10870	575.698069682262	-0.21	0.112510736068528	-1.88019778384437	0.0600811275404695	0.0854373587665404
SACI_RS10875	4130.23310867532	-0.60	0.0881687951523519	-6.85699302784642	7.03250618427566e-12	2.02885203064847e-11
SACI_RS10880	6882.69337905577	-0.26	0.083290413099835	-3.16431679909135	0.00155447491230155	0.00269785537177002
SACI_RS10885	2677.20432109329	-0.39	0.110822283376874	-3.50907605410219	0.000449666301168656	0.00082142475723369
SACI_RS10890	19831.3452596805	-0.70	0.117363734985699	-5.96969365319263	2.37699477019086e-09	6.06513709167159e-09
SACI_RS10895	7480.45677576538	-1.05	0.104958233550139	-10.003843566169	1.46594364682933e-23	6.89013138422728e-23
SACI_RS10900	2140.51598623493	-1.96	0.17945863114526	-10.92753965269	8.5125172884137e-28	4.64090810553114e-27
SACI_RS10905	7383.14441939919	-1.27	0.142784432735449	-8.86405981703758	7.71523288568269e-19	3.08170451213105e-18
SACI_RS10910	399.205682212119	-0.80	0.109140690391513	-7.32363852737901	2.41336217893352e-13	7.52514619026251e-13
SACI_RS10915	250.990275937993	-1.91	0.130031953205245	-14.6989437226892	6.547303535986e-49	7.27455149204015e-48
SACI_RS10920	4492.5316048088	-2.01	0.222864239912269	-9.01914862055609	1.89556691007599e-19	7.77440896427202e-19
SACI_RS10925	3188.49553167782	-2.01	0.245153665960103	-8.18028367244228	2.83176436216581e-16	1.00732772802068e-15
SACI_RS10930	17102.0939929957	-2.41	0.405340041938624	-5.95633176978892	2.579623903896e-09	6.56308661346295e-09
SACI_RS10935	13218.9135993421	-2.19	0.416527018656793	-5.25058276967308	1.51618756178636e-07	3.4952951604937e-07
SACI_RS10940	7899.10781508534	-0.75	0.209044608879427	-3.59918741094522	0.00031921308578876	0.000591116637238574
SACI_RS10945	69346.272159608	-1.38	0.183011070582776	-7.56648057325266	3.83471500872694e-14	1.24089257102675e-13
SACI_RS10950	104.529989961508	-2.90	0.210874400134459	-13.735556407874	6.21765595401779e-43	5.62633764292692e-42
SACI_RS10955	896.909970918175	-0.51	0.10250286352185	-4.96098316071594	7.01372726904295e-07	1.55364015404478e-06
SACI_RS10960	2815.91066463378	-1.40	0.17723468111075	-7.89585609721494	2.88329206415171e-15	9.83793822860704e-15
SACI_RS10965	3019.92974194932	-1.07	0.193940210383858	-5.53833598079136	3.05359035606619e-08	7.34325735626601e-08
SACI_RS10970	32545.1726630782	1.03	0.096554306799026	10.6266759933966	2.23952755508841e-26	1.14955866168354e-25
SACI_RS10975	10960.5106520196	-0.70	0.123100293080861	-5.716896423337	1.08487197160155e-08	2.66735678732005e-08
SACI_RS10980	4864.78498995923	-0.76	0.14662408889925	-5.16249945930848	2.43674079125773e-07	5.53747373340187e-07
SACI_RS10985	35602.4094628769	-0.68	0.138956144056036	-4.92871947602013	8.27703178646909e-07	1.82312789223921e-06
SACI_RS10990	135146.522693305	1.81	0.135317153209817	13.3922843636138	6.7085212600343e-41	5.60800431999534e-40
SACI_RS10995	6284.81318234284	-1.22	0.136892706478141	-8.90931578099519	5.13484660394909e-19	2.06511413819762e-18
SACI_RS11005	61.7775446057741	1.16	0.20596182133847	5.63220034927973	1.7792481356459e-08	4.33815291961997e-08
SACI_RS11010	4384.41888486375	0.23	0.116496084322887	2.00972614805655	0.0444601809037078	0.0647716577398
SACI_RS11015	197622.020389364	-0.74	0.171313634573217	-4.31227373541524	1.61584207559603e-05	3.2907317444418e-05
SACI_RS11020	121509.345629478	1.64	0.140991510912788	11.6560481837967	2.13734013045194e-31	1.33289541705449e-30
SACI_RS11025	256.633928479576	-0.36	0.139009318539137	-2.58097346236964	0.00985221549438616	0.0157806243616742
SACI_RS11030	326.2073875796	-0.70	0.140331859342825	-5.01719528375036	5.24312668452205e-07	1.17103166598962e-06
SACI_RS11035	3068.08961675655	-1.87	0.115959683698474	-16.1546270720619	1.05353777509022e-58	1.51597177391057e-57
SACI_RS11040	25858.6480805419	-0.20	0.0928424175011662	-2.20673395374166	0.0273326516499237	0.0412397679170099
SACI_RS11045	4767.25765518213	1.68	0.16377103617754	10.2751115961565	9.123878358516e-25	4.48027089744751e-24
SACI_RS11050	36566.616395705	5.29	0.200135634161064	26.450795776457	3.57263670164057e-154	4.32535429636553e-152
SACI_RS11055	14284.4723690748	-0.38	0.106026205992195	-3.6169301386295	0.000298117723467644	0.000554098108573265
SACI_RS11060	11372.826098742	-0.22	0.0917611533172512	-2.41229717890915	0.0158523545992293	0.0246709295203432
SACI_RS11065	5682.81366795149	-1.41	0.115368573024143	-12.1941296204126	3.34054158087057e-34	2.2997336255758e-33
SACI_RS11070	8009.81238443748	0.87	0.0917976640067381	9.47573545185922	2.64888074252002e-21	1.14393853468485e-20
SACI_RS11075	1102.27485479908	-2.21	0.136914651035843	-16.1517622777836	1.10363072927346e-58	1.58157040427719e-57
SACI_RS11080	7833.74097139082	-1.41	0.120240286375729	-11.6874388369003	1.47775955215712e-31	9.33167947414327e-31
SACI_RS11085	3403.87730127823	-0.39	0.0945605260759314	-4.13847304009255	3.49624946270327e-05	6.96670366830373e-05
SACI_RS11090	16114.4061212706	0.07	0.109867061310038	0.591785462199816	0.553994259412504	0.630493952932674
SACI_RS11095	4736.91328618754	-2.54	0.319476535241767	-7.95979368308738	1.72326380864324e-15	5.94339806694146e-15
SACI_RS11100	13417.0614082861	-1.53	0.331065052758557	-4.63065625661171	3.6450858071958e-06	7.75630076912997e-06
hpaD	4564.44927523296	-2.03	0.391072303019977	-5.18521869820686	2.15761525301697e-07	4.92227885207445e-07
SACI_RS11110	1005.40504454553	-1.00	0.14857954611882	-6.70127814105035	2.0660435491236e-11	5.79383298799757e-11
SACI_RS11115	5612.99365549255	-0.11	0.172288116691513	-0.635111494037282	0.52535570114944	0.603772133137703
SACI_RS11120	2922.35680343475	-0.91	0.0921043954954185	-9.84495191641147	7.20736826958059e-23	3.29493098886685e-22
SACI_RS11125	1469.05575362733	-0.34	0.107839537050008	-3.17493644549	0.00149869322154985	0.00260490688161462
SACI_RS11130	9288.90520946054	-0.13	0.122246480988886	-1.04693517877943	0.295129475578791	0.368099321050492
SACI_RS11135	35113.2123353872	1.21	0.112209423050462	10.815575216453	2.90464738808869e-27	1.54752913195439e-26
SACI_RS11140	5621.55600742288	0.00	0.107012203282772	0.0434675939182388	0.965328796406349	0.973368582476362
SACI_RS12125	2753.13532519053	-0.60	0.087889690547734	-6.78204819332767	1.18483932791931e-11	3.37386121680836e-11
SACI_RS11150	1642.67723297169	0.40	0.128272631176112	3.08054132400704	0.00206624679881284	0.00354401197392862
SACI_RS11155	3725.257960281	0.22	0.0901483101590414	2.42128999725832	0.0154655340408556	0.0241116740752415
SACI_RS11160	45533.3599402745	0.57	0.088846947411762	6.36147101073029	1.99830627738668e-10	5.36395515283229e-10
SACI_RS11165	32671.8800443635	0.44	0.0813505798300641	5.35122338132761	8.73616008003916e-08	2.03805036817392e-07
SACI_RS11170	53957.9192589846	2.62	0.138533658673664	18.9470766560907	4.66805774691397e-80	1.08540071188178e-78
SACI_RS11175	153.833921532824	-0.82	0.228371357874309	-3.59363876931197	0.00032609184869174	0.000602583410924578
SACI_RS11180	1090.00220994705	-1.04	0.0749656713001599	-13.8962215260149	6.67745067179714e-44	6.26859072424592e-43
SACI_RS11185	2673.07349504793	-0.87	0.167673907262778	-5.17174773691897	2.319145373137e-07	5.27365246443264e-07
SACI_RS11190	1173.10197264572	1.63	0.143229691682227	11.3734515275239	5.67002286384856e-30	3.36274497888046e-29
SACI_RS11195	403.21482989939	0.79	0.124767309818297	6.325346247578	2.52665377557686e-10	6.75120350536557e-10
SACI_RS11200	112023.139679807	3.66	0.208949163945777	17.5168057627808	1.06647545975893e-68	1.84452972375054e-67
SACI_RS11205	1277.31116560894	1.59	0.158958156929757	9.97124541962051	2.03658849470596e-23	9.47081086743392e-23
SACI_RS11210	20216.538276928	-1.08	0.126832268640315	-8.48573222131953	2.14364573265087e-17	8.09283888960988e-17
SACI_RS11215	62178.2405106195	-0.27	0.0811409761106245	-3.27998253482455	0.00103813513053571	0.00183714336860427
SACI_RS11220	16444.7679047973	-2.72	0.136972045260654	-19.8630631035544	8.49670376075719e-88	2.31255247317973e-86
SACI_RS12130	212950.800497313	-0.22	0.119645595334071	-1.83731739361402	0.0661630536179622	0.0936309880099416
SACI_RS11230	8430.61205237753	-0.64	0.187690253331572	-3.39332340142117	0.000690500650943641	0.00123691213544037
SACI_RS11235	3368.47558651796	-2.35	0.22479733911722	-10.4375672648855	1.67036436559314e-25	8.34231762104909e-25
SACI_RS11240	1386.61145137012	-1.61	0.120101268298915	-13.3795084388035	7.96725341801793e-41	6.61300868809952e-40
SACI_RS11245	461.219202109794	-2.79	0.0993736936956921	-28.0969518432049	1.06732387512989e-173	1.87368706279052e-171
SACI_RS11250	212.254782958907	-0.70	0.115345279264028	-6.09361531628387	1.10388748520367e-09	2.87731919862663e-09
cimA	2507.08093504789	-0.89	0.156692861012034	-5.65447154196612	1.56326495238923e-08	3.82216103609928e-08
ubiA	8288.20875916089	0.44	0.0731158052884248	5.99635473591606	2.01795955263138e-09	5.18671741529192e-09
SACI_RS11265	3123.1842565103	0.96	0.103038805555267	9.30283758717173	1.36746500192961e-20	5.78454171298175e-20
SACI_RS11270	794.682510258239	1.07	0.176420153028387	6.03949021488397	1.54601887743091e-09	3.99416650379686e-09
SACI_RS11275	420.795018264851	-0.28	0.169754856144636	-1.6783706131651	0.0932747707826269	0.128628326872664
SACI_RS11280	1336.22998639745	-1.14	0.101879308448862	-11.1635633098171	6.14770676951967e-29	3.50399325775707e-28
SACI_RS11285	5325.2185812498	-0.30	0.0652561985760747	-4.54537247909481	5.48381900558011e-06	1.15499031365277e-05
SACI_RS11290	654.861716897015	1.50	0.162890966883864	9.17893979954358	4.35356477923862e-20	1.81752270391282e-19
SACI_RS11295	18.1560943342868	1.95	0.455350866013041	4.27578648823022	1.90463696723868e-05	3.86765783225853e-05
SACI_RS11300	781.624191951883	1.59	0.103323320438912	15.4262946210439	1.08948299722959e-53	1.38593289973663e-52
SACI_RS11305	6481.41131287128	-1.50	0.176100806189934	-8.50526901328286	1.81174997016694e-17	6.86197858172184e-17
nuoN	8290.55427457458	-1.14	0.161297054505707	-7.08514268227658	1.38901115601477e-12	4.13640217876834e-12
SACI_RS11315	24537.9953149422	-0.82	0.159483726603923	-5.11349480552819	3.16252456768541e-07	7.13600498531071e-07
SACI_RS11320	524.305077788291	-0.42	0.172580291946991	-2.42998161889753	0.0150995885853835	0.0236040318447379
SACI_RS11325	2945.03921353868	-0.36	0.151769455091235	-2.40028464209739	0.0163823273508587	0.0254490131417036
nuoI	6957.05941278812	0.32	0.118798934812763	2.717206985482	0.00658354209417915	0.0107311124849875
nuoH	12802.1619354699	0.46	0.121876006712079	3.76292829919172	0.000167935361168618	0.000318886453792871
SACI_RS11340	45136.3642137549	1.66	0.117300315301851	14.1342913708838	2.33472308351091e-45	2.33538824678257e-44
SACI_RS11345	26469.9695444108	2.42	0.115461183557629	20.9527269611391	1.77188742634736e-97	6.34805791214854e-96
ndhC	10221.217113905	2.58	0.108880865250792	23.6577366722393	9.82606905862482e-124	6.63448624323687e-122
thyX	5814.56653789721	-1.18	0.112996861482564	-10.4158602983298	2.09891244349517e-25	1.04380759052571e-24
SACI_RS11360	9278.3821911911	1.17	0.11675981352201	10.0039373636502	1.46455526859214e-23	6.89013138422728e-23
SACI_RS11365	7987.99064707599	0.81	0.0709295179584623	11.4623898662449	2.03812039607103e-30	1.24018036578949e-29
SACI_RS11370	1526.04812832349	-0.46	0.0887404731290983	-5.20816609276223	1.90716175108069e-07	4.359404237008e-07
SACI_RS11375	15698.1753774603	1.73	0.121241599998485	14.2757129220564	3.10100244752351e-46	3.20224105683972e-45
SACI_RS11380	1628.59642545653	0.35	0.0886200968485073	3.91092254261543	9.19442572570068e-05	0.000177958261978694
SACI_RS11385	288068.531929043	-0.04	0.101961503630036	-0.356798267486934	0.721242833361469	0.779643961801761
SACI_RS11390	2811542.12246264	0.19	0.106512972400002	1.75089078255652	0.07996472483031	0.111810493380812
SACI_RS11910	23979.7757985706	-0.69	0.16280233201485	-4.22422382825539	2.39765668270479e-05	4.82970316292399e-05
SACI_RS11400	11.3323844511076	-0.95	0.403369221658425	-2.35258200138	0.0186435785478549	0.0287346814229669
SACI_RS11405	7.51929902835497	0.22	0.515942883410832	0.434873282571154	0.663654408558505	0.729978267057929
SACI_RS11410	652.060958570668	-0.92	0.0960142334529429	-9.56602414413486	1.1109601676439e-21	4.87572643574719e-21
SACI_RS11415	1.10695085112436	0.71	1.21139058065282	0.584410595759763	0.558944099702138	0.635509305069367
SACI_RS11420	2041.75977307733	0.22	0.146403256885461	1.51791388834412	0.129036108313267	0.174382515892179
SACI_RS11425	8149.81058377539	0.43	0.0765290140620094	5.57814389782784	2.43098522685873e-08	5.89039967667426e-08
SACI_RS11430	3530.58354720181	-0.70	0.11252147678036	-6.2096445171436	5.3104592795768e-10	1.40505068052707e-09
glmS	14024.5290199933	-0.58	0.0865496023858425	-6.72602928809513	1.74355484214791e-11	4.90907862933545e-11
mvk	866.764020780392	-0.49	0.0699838450639013	-6.95896623751036	3.4277864154652e-12	1.00458748787131e-11
SACI_RS11445	2037.24524889695	0.16	0.0668031567816039	2.45895283661778	0.0139342921969712	0.0218896196436536
SACI_RS11450	2713.46139057711	-0.34	0.0743745210548945	-4.62881788021291	3.67759010145513e-06	7.82072613337914e-06
SACI_RS11455	833.024196925104	-1.36	0.0956825040679233	-14.2384673349085	5.28739906518331e-46	5.41226184194129e-45
SACI_RS11465	3849.32505213382	-0.73	0.0968313511983773	-7.52776030627011	5.16180340768872e-14	1.66266896921056e-13
SACI_RS11470	1585.12610610646	-0.41	0.0747737271332385	-5.46895470413655	4.52697410228212e-08	1.07393284277787e-07
SACI_RS11475	1411.4126872305	-0.05	0.0876626802216946	-0.619312754060989	0.535710343991533	0.613063565108954
SACI_RS11480	4438.58319934651	-1.32	0.155049945670262	-8.50751930716954	1.77694151562798e-17	6.73741000147929e-17
SACI_RS11485	32958.6964954181	0.07	0.0898588397778923	0.76437336750397	0.444644775059413	0.525993195833422
Sac_sR101-sno	4405.14355183615	1.48	0.17935914923111	8.2525707217876	1.55023102412639e-16	5.59389632652389e-16
Sac_sR9-sno	1.09439242893246	-1.14	1.71300058516079	-0.662669897405853	0.507541993186523	0.587174561433132
Sac_sR102-sno	29.7760148127662	0.72	0.255572737133664	2.8199978122635	0.00480239768958613	0.00793469095912324
Sac_sR12-sno	14.4220824471901	0.55	0.380173725655212	1.4432271895125	0.148956482642529	0.199156972794333
Sac_sR24-sno	0.836531043475031	-2.48	1.83985315293428	-1.34812212425576	0.177619106617152	0.233168281055691
Sac_sR103-sno	250.70021788836	1.10	0.448808941355284	2.4547344686054	0.0140988687154426	0.0221283540723822
Sac_sR11-sno	0	NA	NA	NA	NA	NA
Sac_sR104-sno	3.00166203964651	1.92	0.878480813281638	2.1852806502534	0.0288682752519611	0.0433518025704172
Sac_sR10-sno	19.36564037563	-0.08	0.331693076925434	-0.25518701422352	0.798578660274599	0.845030041056093
Sac_sR105-sno	9.16552561061368	1.41	0.483986077272008	2.91522773273435	0.00355429081408415	0.0059367816594907
Sac_sR106-sno	44.8060092700763	0.79	0.283000671979078	2.80152830488914	0.00508611791686131	0.00837194561936242
Sac_sR107-sno	0.471426150896203	0.95	1.9269707925951	0.492017943233238	0.62270665898399	0.694688539509976
Sac_sR36-sno	8.99858809790642	0.54	0.479834677961753	1.12868344921535	0.259031393637466	0.327379129971614
Sac_sR13-sno	17.1277640038266	2.44	0.425861954316829	5.73440272470272	9.78565668262997e-09	2.41274161606136e-08
Sac_sR6-sno	65.375205707475	-0.36	0.166846054799175	-2.13861564950072	0.0324668090247148	0.0485067942492654
Sac_sR108-sno	5.69286777075637	0.64	0.632847373872011	1.01740519480027	0.308960711788726	0.382362022943326
Sac_sR7-sno	10.1186085614532	1.10	0.446275909550558	2.46980213449692	0.013518780411758	0.0213036077314552
Sac_sR5-sno	506.255604989042	2.33	0.147566707224838	15.7933493569161	3.45724919724664e-56	4.6507287093996e-55
Sac_sR109-sno	8.14046368813626	0.33	0.45563067483623	0.718163263583742	0.472656626261939	0.55279727341961
Sac_sR20-sno	29.1691292948117	1.06	0.309930953557428	3.40483103413055	0.000662050037549356	0.00118837304797331
Sac_sR110-sno	2.07923895339135	-0.61	0.984290817818919	-0.615163850561173	0.538446518349016	0.615192231019654
Sac_sR111-sno	10.3967148611865	1.64	0.503445916152213	3.2498070099508	0.00115483350260655	0.00203545202191345
Sac_sR112-sno	0	NA	NA	NA	NA	NA
Sac_sR113-sno	0.447672183276946	0.96	2.0578874956327	0.464437307515417	0.642334466117991	0.711880148529125
Sac_sR114-sno	62.6314280765839	0.51	0.212475348676139	2.40599469055543	0.0161284991164922	0.0250784589893729
Sac_sR115-sno	13.6591743132035	-0.31	0.340583869620977	-0.914696241855466	0.360351117844316	0.438086140841895
Sac_sR22-sno	0	NA	NA	NA	NA	NA
Sac_sR116-sno	0	NA	NA	NA	NA	NA
Sac_sR117-sno	0	NA	NA	NA	NA	NA
Sac_sR118-sno	21.5513334644558	0.68	0.326483980023203	2.0974897970963	0.0359502394238211	0.0534609447763812
Sac_sR27-sno	84.1226393103927	-1.23	0.258229771859396	-4.77510423132079	1.79614199781193e-06	3.88555425404664e-06
Sac_sR17-sno	381.642273505795	0.94	0.216692583429268	4.32715223085448	1.51049569553517e-05	3.08693270490336e-05
Sac_sR28-sno	0.25371244902998	0.96	2.7407641164259	0.348717134836436	0.72730167909721	NA
Sac_sR119-sno	174.481460167724	0.82	0.168960847458983	4.84839510898132	1.24464312341691e-06	2.71256487046354e-06
Sac_sR23-sno	1.35125919213644	2.94	1.34563042315912	2.18444142698618	0.0289298269020528	0.0434256615019698
Sac_sR120-sno	3.57012504616227	1.40	0.792789296166545	1.76392421223321	0.0777447398201177	0.108966779045283
Sac_sR121-sno	0	NA	NA	NA	NA	NA
Sac_sR2-sno	0	NA	NA	NA	NA	NA
Sac_sR122-sno	169.48859109456	1.29	0.143287807342524	9.0138149070887	1.99010441186489e-19	8.14365569936787e-19
Sac_sR14-sno	127.143621328816	1.73	0.232950207856028	7.43123562767499	1.07587859681402e-13	3.40000877895052e-13
Sac_sR3-sno	0	NA	NA	NA	NA	NA
Sac_sR25-sno	4.16418327932642	0.17	0.647592063499494	0.265795794346684	0.790396482375177	0.838393368465029
Sac_sR123-sno	96.8149229520821	0.28	0.160038657427527	1.7631761134488	0.0778707911421966	0.109099899321729
Sac_sR124-sno	0	NA	NA	NA	NA	NA
Sac_sR125-sno	0	NA	NA	NA	NA	NA
Sac_sR126-sno	0	NA	NA	NA	NA	NA
Sac_sR127-sno	0.543171019686556	0.25	1.65290816576923	0.153274772878872	0.878181593911155	0.908454795586937
Sac_sR128-sno	86.1439187966667	0.94	0.197545756715665	4.74679724995043	2.0666292421773e-06	4.45422668464364e-06
Sac_sR26-sno	58.7783955132981	1.94	0.233299203865157	8.32121098584905	8.70691018644546e-17	3.19101896290292e-16
Sac_sR129-sno	3.79531014233259	0.90	0.725058701944296	1.23914792423176	0.2152907218167	0.277491088215283
Sac_sR1-sno	1.41627124659084	-0.20	1.0651557014728	-0.185140418078558	0.853118900516273	0.889605126139778
Sac_sR19-sno	3.27072514076492	-0.48	0.711075523201958	-0.682047970956273	0.495208618171229	0.576102537574283
Sac_sR15-sno	521.099371769123	0.62	0.488928977113572	1.27267644457658	0.203132879635206	0.263562283961274
Sac_sR29-sno	6.12477238192453	2.12	0.679767938164944	3.11870388127929	0.00181648419410082	0.00313707624470634
Sac_sR130-sno	16.0390525170768	0.24	0.364316549715572	0.64595614237318	0.518307758941432	0.597432219843522
Sac_sR21-sno	22.4136461336926	1.35	0.354035378611173	3.80197525432784	0.000143547067390585	0.000274506401747463
Sac_sR8-sno	103.94493514353	1.12	0.205073645069336	5.44132957088713	5.28843723880045e-08	1.24782951246159e-07
Sac_sR131-sno	5.63813584255349	1.69	0.618021055243656	2.73632067532267	0.00621304477404303	0.0101507678928176
Sac_sR18-sno	79.7556854400852	0.89	0.194963775024205	4.58537796955363	4.53165890821331e-06	9.58473158237164e-06
Sac_sR16-sno	91.9935972773412	1.78	0.233006264192243	7.64333104037485	2.11672838326093e-14	6.94563864825151e-14
Sac_sR132-sno	1983.98039622629	1.98	0.247597380529547	8.01588718863665	1.0934483349598e-15	3.80108624162759e-15
Sac_sR4-sno	4.12773550042782	0.28	0.665429176200192	0.427665970191629	0.668894328705625	0.733215107113784
asRNA_2	12.4312255250883	0.46	0.355648504864845	1.29800692469448	0.194284955457446	0.252829680730575
asRNA_3	50.7949336001171	1.10	0.223897547701612	4.91689076123988	8.79295846517721e-07	1.92950482320232e-06
asRNA_4	31.5910310141795	1.69	0.287299645761644	5.8923681692165	3.80699789609203e-09	9.57476333322287e-09
asRNA_5	0.161247507695602	-1.17	3.57280872384265	-0.326154536451475	0.744307436822466	NA
asRNA_6	5.28683203744512	0.94	0.632111987058626	1.48219429389559	0.138288604433107	0.186027314239326
asRNA_7	35.3275241001453	-0.65	0.238024346575971	-2.7316838158092	0.00630115802197814	0.0102803744494262
asRNA_8	4.72551533236476	-0.03	0.589085946730883	-0.0510629632311633	0.959275348531544	0.9683771560363
asRNA_9	5.21017060651929	-0.48	0.545600635587475	-0.87482373287097	0.381669821808089	0.46049578844268
asRNA_10	1.77140477471174	1.22	1.00167543360847	1.21744503290801	0.22343493799089	0.286620411869205
asRNA_11	6.97685923500274	-0.69	0.555419255514885	-1.2429222206048	0.2138964965222	0.276099485032884
asRNA_12	1.67228140385739	0.65	1.16904524003668	0.559860142461735	0.575574837082412	0.651254673862826
asRNA_13	0.0428636563176922	-0.49	4.32794324778021	-0.112505577791176	0.910422547385392	NA
asRNA_14	26.4579968819859	-0.18	0.327954484453872	-0.535752893622157	0.59212934233658	0.666548932652688
asRNA_15	0.115343086992588	0.96	4.32794324778021	0.220826194504457	0.825227766759409	NA
asRNA_16	2.23148916069656	0.27	1.00945704673454	0.270709039977965	0.786614823450299	0.836265633026275
asRNA_17	1.38028311363459	0.43	1.03912097545413	0.411824183579514	0.680468294402845	0.74358051093943
asRNA_18	0.453709630941681	0.80	1.85130931261286	0.430920622219267	0.666526088177498	0.730847312801748
asRNA_19	1.80672251493968	0.37	0.99145174597552	0.375936965486026	0.706963758384577	0.765622996819325
asRNA_20	26.6785150321384	1.62	0.356306442243899	4.55206158746972	5.31227785568587e-06	1.12087785765103e-05
asRNA_21	11.2862614442736	0.24	0.389881660844054	0.619638300563154	0.535495944942135	0.613018018484459
asRNA_22	3.90608499259676	2.11	0.839990566970394	2.50913680459211	0.0121026602330736	0.0192099638690422
asRNA_23	0.865776592281221	-1.11	1.5012413484388	-0.737058075275086	0.461087033131166	0.542155583832393
asRNA_24	23.1513249784639	1.14	0.336819292594123	3.37180192750244	0.000746781344834243	0.00133500473610643
asRNA_25	181.631118704795	2.08	0.209771197856324	9.90481419630894	3.96706754520417e-23	1.83027255600681e-22
asRNA_26	2.91854370927504	1.56	0.915279996426808	1.70797575431248	0.087640841390895	0.121527248863915
asRNA_27	23.694618898808	0.35	0.299402687111021	1.15346469224097	0.248719701653742	0.316626132163266
asRNA_28	7.97499011485559	0.36	0.504820137194604	0.710913917675337	0.477137580942896	0.557480880762232
asRNA_29	0.809243016179066	-0.36	1.46597914671142	-0.247720951651045	0.804350319964012	0.849090190437056
asRNA_30	15.1542059983271	1.14	0.367164338422706	3.11047878480954	0.00186784312747149	0.00322102024585088
asRNA_31	7.87388887732886	1.57	0.53791640436671	2.92005349599572	0.0034997130390113	0.00585118689522319
asRNA_32	10.8884708982883	2.06	0.448713108274973	4.58222215404752	4.6006076219549e-06	9.72470401004435e-06
asRNA_33	0.53191062203585	0.20	1.76255034312387	0.116032428174787	0.907626841400066	0.92955127328595
asRNA_34	2.60653928573157	-1.03	0.785678224631672	-1.3085549751457	0.190685140944463	0.248605841015971
asRNA_35	23.8287533133368	0.71	0.298405879048173	2.37362456275112	0.0176144506122665	0.0272389869117008
asRNA_36	10.9155095213783	0.88	0.410861604472007	2.14930534704557	0.031610202936525	0.0472672157198209
asRNA_37	2.69976603060187	1.18	0.790459166259901	1.48952004018737	0.136350480190329	0.183631199059549
asRNA_38	5.32753167252087	1.75	0.677681683447774	2.57724142134317	0.009959236473749	0.0159375019413549
asRNA_39	2.9014609915751	0.86	0.921063351467266	0.92979968339562	0.352474810295415	0.42999900561997
asRNA_40	20.9785462423082	0.60	0.298270537338687	2.01618108504464	0.0437810435765896	0.0638617548805177
asRNA_41	29.0254168544393	2.67	0.395656784685691	6.74814949186927	1.49742625213946e-11	4.23647346596426e-11
asRNA_42	73.6841781559789	2.00	0.253352661860247	7.88924684516934	3.04015661931981e-15	1.03630969810018e-14
asRNA_43	1.0902358380364	0.29	1.33306358112393	0.215258985678386	0.829565404722041	0.86891531502956
asRNA_44	0.770305629289733	1.54	1.64326796820653	0.935424855558103	0.349569392476868	0.426826660369147
asRNA_45	45.4397728397978	2.09	0.266980192965572	7.8234326411815	5.14020663035758e-15	1.74033418314228e-14
asRNA_46	0.996860691249612	1.25	1.41024844177875	0.884675428327819	0.376331711908491	0.454523784145412
asRNA_47	148.897585231502	2.65	0.212581807257415	12.4861633646259	8.88352697059923e-36	6.35235502928185e-35
asRNA_48	38.8447825219427	2.69	0.308462929859039	8.73150602531708	2.51303635290886e-18	9.82546841321048e-18
asRNA_49	3.85334687637607	-1.13	0.770134174320469	-1.4628159290365	0.14351775319951	0.192471669779786
asRNA_50	15.793551870284	1.87	0.487137271789458	3.83836673626138	0.00012385540352445	0.000238277436588681
asRNA_51	19.4493865052929	2.19	0.363868126098853	6.01305101353038	1.82063711601981e-09	4.68984366423005e-09
asRNA_52	6.29909518926818	1.17	0.536140809789265	2.18986058412719	0.0285343493252115	0.0429053963515279
asRNA_53	15.2520082547055	0.73	0.374210898795668	1.93817560923918	0.0526018014132615	0.0755666631595586
asRNA_54	36.6211988467092	0.50	0.227289424440886	2.19103159344338	0.0284495062692151	0.0427961510330824
asRNA_55	11.8116528063268	2.12	0.472329663206673	4.48900807848348	7.15555840528147e-06	1.49542652148472e-05
asRNA_56	14.9899344444673	1.25	0.367705117924762	3.39709082106576	0.00068106358792561	0.00122187749474033
asRNA_57	7.54966759236705	0.24	0.450772113890512	0.525117259802585	0.599501678356713	0.673767731341363
asRNA_58	5.33126254502774	0.32	0.50630827946949	0.629825707191703	0.528808624342222	0.606351103875095
asRNA_59	6.41358222707179	0.13	0.529717149229609	0.248682060123485	0.803606726924986	0.848815649288094
asRNA_60	0.550812791701466	0.15	2.05229443814324	0.0728693170335354	0.941910110471826	0.957176960308707
asRNA_61	9.5827222259731	2.58	0.593408075199151	4.3517087456878	1.35080627965975e-05	2.77187659139999e-05
asRNA_62	0	NA	NA	NA	NA	NA
asRNA_63	4.61033830740067	0.26	0.571299785599547	0.459362421768719	0.645973928860092	0.714785522920827
asRNA_64	5.93750800693585	-0.16	0.632587526440793	-0.256653171392462	0.797446524603046	0.844340997551656
asRNA_65	5.85127791913546	0.33	0.49541976021309	0.65706370380794	0.511139955988475	0.590527273930745
asRNA_66	2.76222869422873	1.96	0.965105801601549	2.03556212830538	0.0417943439505781	0.0612948795365413
asRNA_67	3.64120484734057	1.76	0.758738043327288	2.32204151148881	0.0202307005236616	0.0310853345901863
asRNA_68	15.2201766142995	1.10	0.393346881080887	2.78545428797697	0.0053452776156237	0.00878206350419036
asRNA_69	17.7843709955804	0.37	0.327250535836025	1.12671574009658	0.259862685344412	0.328299477504706
asRNA_70	1899.97219331877	0.18	0.169316594064042	1.08294400407487	0.278833278399815	0.349886933688975
asRNA_71	2.58302737102597	0.51	0.868819939285121	0.582632603489898	0.560140652340837	0.636663590277979
asRNA_72	16.5734354589337	-0.77	0.345517440364976	-2.21847778642747	0.0265222725446667	0.0401032295022932
asRNA_73	0.373722598945856	2.99	2.35019846201818	1.27050348512522	0.203905342216579	NA
asRNA_74	31.8593101948142	0.39	0.227025757529395	1.71939684421534	0.0855421364807345	0.118842631924842
asRNA_75	2.02162376443891	1.01	1.23929050100929	0.812995032093843	0.416220906472793	0.496904986982995
asRNA_76	2.30639889034231	-0.60	0.848646404305142	-0.71128289057305	0.476908951767918	0.557399244226751
asRNA_77	6.91312831802468	2.84	0.680224502438965	4.1783142601515	2.93677688354314e-05	5.88528746468034e-05
asRNA_78	60.7072425725238	1.36	0.230122429231237	5.92456502400062	3.13125094819402e-09	7.92062109445908e-09
asRNA_79	317.215577018094	1.92	0.178616203758404	10.762788668627	5.15850888495486e-27	2.71130609207732e-26
asRNA_80	11.8758776442911	2.10	0.504182720883878	4.16850729564565	3.06600949083575e-05	6.14076401729854e-05
asRNA_81	1.14496548871867	3.10	1.52570726079195	2.03108335654701	0.0422465394948809	0.0619063439760129
asRNA_82	1.18750566680859	2.03	1.42173591012143	1.4268740877892	0.15361619104105	0.204841035603922
asRNA_83	3.31784140064028	-0.56	0.711616170903756	-0.793255254257272	0.427629120965191	0.508951133460605
asRNA_84	0.604671602107448	-0.28	1.99611725321458	-0.142068171717186	0.887026158423143	0.91625444019525
asRNA_85	14.637477630902	-0.68	0.351924908523508	-1.93261773054576	0.0532833065789158	0.0764518550872797
asRNA_86	50.1874200094673	0.08	0.230856724814131	0.347064640026068	0.72854275747952	0.786082858485124
asRNA_87	2.10927838727247	-0.36	0.891901050714497	-0.402607704042779	0.687236841251363	0.749577057978731
asRNA_88	14.8261598907416	1.09	0.362743742072326	3.01330905898666	0.00258415600001207	0.00438519657614422
asRNA_89	2.60423905033957	-0.34	1.048331025072	-0.319586625104626	0.749281714679383	0.804012255574362
asRNA_90	6.99700234555011	0.68	0.588840201148465	1.14819383050339	0.250888555605522	0.318809163492939
asRNA_91	26.6516945923561	1.99	0.38281803372314	5.19085256928698	2.0933333278388e-07	4.77873427440964e-07
asRNA_92	2.03606125097204	1.64	0.938524598656565	1.74360728837894	0.0812275915430546	0.113440761299787
asRNA_93	68.6370870359898	0.85	0.215592551167718	3.92958977617541	8.5090903528951e-05	0.000164784424870462
asRNA_94	1.1459453105399	1.81	1.3469284317772	1.34538200325252	0.178501903992687	0.234200368056175
asRNA_95	540.853880385772	4.43	0.252153329856104	17.5567279728853	5.28343224196463e-69	9.32167366911448e-68
asRNA_96	2.81352761351347	1.34	0.980314834866895	1.36662182695014	0.171743872072488	0.22651868326315
asRNA_97	150.735411739039	0.83	0.182032546424563	4.55539285539236	5.22877627878758e-06	1.10392264069893e-05
asRNA_98	7.92039668261448	0.37	0.472655301660641	0.783646486950476	0.433247570526106	0.514417389285478
asRNA_99	6.9869274863959	0.58	0.514582836565603	1.12651732875447	0.259946609929673	0.328299477504706
asRNA_100	9.79168725324323	1.61	0.537005157753508	3.00477251680201	0.00265779547152579	0.00450580391140852
asRNA_101	130.610390945403	1.88	0.193434880095209	9.72133420551741	2.44555782550396e-22	1.09799917203893e-21
asRNA_102	39.5062709349411	1.50	0.284715626009656	5.25671176340748	1.46653888621602e-07	3.38306046616586e-07
asRNA_103	0.605439915153906	1.53	1.61565516335193	0.946767826905518	0.343757099460446	0.42038703455438
asRNA_104	4.86958367264176	-0.69	0.597272346345141	-1.15437045987316	0.248348320624317	0.316268028187151
asRNA_105	152.222297248881	0.69	0.163637943103979	4.23712192182728	2.26403209657568e-05	4.56315539097429e-05
asRNA_106	27.1767101099746	-1.31	0.28000165902829	-4.66448582975874	3.09389649673061e-06	6.61551193667549e-06
asRNA_107	733.486129817629	0.58	0.173352554506897	3.3600814102393	0.00077919508163931	0.00139082558802014
asRNA_108	2.33137978566341	2.83	1.19956423673978	2.35668681783597	0.0184387902924512	0.0284440214045677
asRNA_109	5.05125713166251	-0.30	0.671236019466444	-0.45320270577091	0.650402784272709	0.718399818664991
asRNA_110	2.05849825437173	-1.25	0.86488071349437	-1.43998357300255	0.149872046648598	0.200304817580216
asRNA_111	1.34604833357406	1.29	1.24222582783581	1.03590777248665	0.300245171198513	0.373286400877472
asRNA_112	2.02516470477392	1.86	1.16560536546138	1.59248245773693	0.111276341636588	0.15188698966332
asRNA_113	20.8120760257939	1.57	0.35359062063934	4.43388815918328	9.25486494786869e-06	1.92498997819709e-05
asRNA_114	2.60561110966406	1.00	0.758167205988434	1.32401084439223	0.18549944317337	0.242565566101193
asRNA_115	2.73336549158746	-0.82	0.82308220121162	-0.992375221003817	0.32101452183606	0.39546736356716
asRNA_116	1.99164731366299	0.48	0.988733735753427	0.484059607124283	0.628343566826987	0.699687365407406
asRNA_117	3.03939644897149	-0.80	0.754657427543661	-1.05909468636602	0.289556659672323	0.362048943058948
asRNA_118	19.4878806722403	2.16	0.383190100790847	5.63128362710608	1.78873284281957e-08	4.35825191612734e-08
asRNA_119	64.4639195212422	0.70	0.190408691872535	3.69977339742315	0.000215792060287623	0.00040545929777897
asRNA_120	110.908904213813	1.23	0.192140476557327	6.38100721407945	1.75927019174757e-10	4.74044331790156e-10
asRNA_121	10.1340069122279	-1.17	0.395047360123099	-2.95847919023491	0.0030916111504614	0.00520356987021572
asRNA_122	2.28695007254154	-0.40	1.01440202674739	-0.395387525137499	0.692556914142124	0.753507073304307
asRNA_123	43.282289654079	1.93	0.267105249546869	7.22836492049913	4.88843718062445e-13	1.50423338660582e-12
asRNA_124	12.6273009472648	0.57	0.358455542172447	1.5788990833404	0.114359206311404	0.15568637974383
asRNA_125	16.0007194508412	2.38	0.459083028982347	5.17868517512897	2.23455200354191e-07	5.0911824039167e-07
asRNA_126	2.94188499910351	-1.12	0.795865748960127	-1.40835498992086	0.159025980098536	0.211252446510011
asRNA_127	10.2870662883804	0.37	0.404201565189882	0.910729663959224	0.362437830222749	0.440318069865769
asRNA_128	16.3074060459255	0.63	0.338293535647479	1.87275274139341	0.0611025366281477	0.0867142304371166
asRNA_129	0.249664903094035	2.25	3.69778556312051	0.608072214314669	0.543139579763681	NA
asRNA_130	1.92256427486172	0.49	1.050232623208	0.464000000894146	0.64264774499077	0.712002597873964
asRNA_131	1.28030010402105	1.55	1.36915100098186	1.12876000466312	0.258999088781295	0.327379129971614
asRNA_132	68.7224229088901	2.75	0.386901196566313	7.09637728311323	1.28069560705958e-12	3.82032478877332e-12
asRNA_133	1.90933258699184	0.58	0.974878356128667	0.595463797024949	0.551533491801105	0.628304376935004
asRNA_134	11.1421733886274	1.67	0.444670376317452	3.74907231043595	0.000177489908222848	0.00033593912009187
asRNA_135	107.686853510407	3.04	0.361078522228181	8.43014569484789	3.45235117708851e-17	1.28948989178274e-16
asRNA_136	54.2259539924809	1.28	0.263407337996079	4.87499038551684	1.08813754631917e-06	2.37738078725987e-06
asRNA_137	13.8737229497699	1.45	0.400659251715073	3.62071043484698	0.000293795182718096	0.000546642759153807
asRNA_138	6.97120265094438	1.42	0.586582265166917	2.41732164248052	0.015635194371091	0.0243653650407903
asRNA_139	0.290468224453422	1.49	2.61868349549935	0.570218073263592	0.568529799394558	NA
asRNA_140	210.489259779441	2.79	0.181987254537697	15.3153301677149	6.04043725721438e-53	7.62876806117974e-52
asRNA_141	1.50797826877415	-0.68	1.14750341605927	-0.592588812740151	0.553456367849499	0.630086027081579
asRNA_142	1.11455899136876	0.61	1.18506864234773	0.516175756612158	0.605731660976329	0.679681643236782
asRNA_143	2.4650748337768	1.26	0.855809392251153	1.47522392464667	0.140152351353678	0.188317989132324
asRNA_144	25.5870575850036	2.53	0.39490922007165	6.41312181242306	1.42569510449885e-10	3.86534016362584e-10
asRNA_145	0.133650262526817	0.00	4.32794324777715	0	1	NA
asRNA_146	5.80459138675061	-1.36	0.61512214800201	-2.2041927434798	0.0275107918931942	0.0414729026779755
asRNA_147	56.0091807668261	3.07	0.283793588405243	10.8152564278532	2.91476390932743e-27	1.54945439292366e-26
asRNA_148	17.5046349618778	1.77	0.415298296474626	4.26187730730875	2.02716736894403e-05	4.10460474761389e-05
asRNA_149	6.12843311071493	0.37	0.542125171139942	0.677408208628668	0.498146991589665	0.578562384211483
asRNA_150	44.030525074501	1.16	0.2777266162456	4.16371252882104	3.13114298747141e-05	6.26050286390211e-05
asRNA_151	19.168027633632	2.08	0.419247076054295	4.95941385043429	7.07061947334773e-07	1.56525504230289e-06
asRNA_152	336.319295249949	1.61	0.162900052039851	9.86453889931393	5.93063058464231e-23	2.721888102311e-22
asRNA_153	899.449437426852	0.86	0.105007241295994	8.14690036840049	3.7337105594277e-16	1.32147759820067e-15
asRNA_154	2.21095589858513	0.07	0.913982438134906	0.0782729941494437	0.937610899086617	0.953359938225633
asRNA_155	0.447035919405518	0.21	2.07687158661839	0.101558063494232	0.919107467757696	0.938623129522185
asRNA_156	4.18878314917544	1.60	0.674898258153066	2.37353259832156	0.0176188377318349	0.0272389869117008
asRNA_157	117.867816645342	1.52	0.180802359702535	8.41669295046026	3.87260936469843e-17	1.43880756396362e-16
asRNA_158	5.37805453548763	-0.58	0.602803928620792	-0.956654374917053	0.338741733960238	0.415266141038545
asRNA_159	1.02220213869074	-0.32	1.26666101788118	-0.255928183209955	0.798006292106988	0.844678954352618
asRNA_160	6.70291646263409	0.30	0.522420445701078	0.5774467828493	0.563637678652808	0.639603067146092
asRNA_161	28.0394576358965	1.84	0.294255916579495	6.23856998471843	4.41589054217906e-10	1.17278303279809e-09
asRNA_162	65.6930386817027	2.48	0.238167684692021	10.3929640666707	2.66926429174598e-25	1.31811349202815e-24
asRNA_163	11.9343901314614	2.12	0.473025746582666	4.47765124023576	7.54687599597691e-06	1.57533184434453e-05
asRNA_164	1.24078278770317	0.74	1.14649900885207	0.644294337207373	0.519384587017815	0.598476956028733
asRNA_165	3.99591808237976	1.95	0.750318786404121	2.60000390510942	0.00932226996201374	0.0149864880204351
asRNA_166	14.9074663423161	2.03	0.507485747296136	3.99165474321196	6.56138521186903e-05	0.000127983463771512
asRNA_167	24.0321052231729	1.11	0.322369302430586	3.43963908696691	0.000582490395542056	0.00104931953758243
asRNA_168	7.72858632767882	0.55	0.52334205439533	1.05131201128712	0.293115312306076	0.366107385808123
asRNA_169	1.65973919268429	-0.11	1.16418723680704	-0.0910644810898927	0.927441355323784	0.945758524119025
asRNA_170	17.4704430108525	0.90	0.328139612781932	2.7461927296536	0.00602913336007737	0.00985947239274879
asRNA_171	6.56987558340593	0.95	0.547498447148058	1.74307462569393	0.0813205802623511	0.113525470099847
asRNA_172	2.85664762990679	1.27	0.851185224552789	1.49317589244805	0.135391150815572	0.182549282071226
asRNA_173	0.80329214856466	-0.03	1.2344673605139	-0.0204224847999002	0.983706347313169	0.988209724010454
asRNA_174	0.519675360500339	1.69	2.0470216935726	0.827474422226166	0.407968213621883	0.48836563178535
asRNA_175	287.877959762821	2.79	0.272790547864649	10.2284316955257	1.47894962738151e-24	7.22196403579483e-24
asRNA_176	10.0743157015716	0.90	0.444339704250174	2.02688757167369	0.0426739118355834	0.0625065099936309
asRNA_177	6.8938872116311	1.16	0.614493444463464	1.8888712094899	0.0589090881057752	0.0838725905674683
asRNA_178	7.10877595122478	0.85	0.467742157592184	1.82302387066369	0.0682997756000326	0.0965380483622039
asRNA_179	2.99418124188971	0.78	0.728740518994284	1.06489768195079	0.286922234141137	0.35913866811748
asRNA_180	1.13881824624236	1.05	1.33494015019522	0.790267658567002	0.429371470227984	0.510678601616007
asRNA_181	0.122211178425477	1.66	4.3265187496084	0.384236547091853	0.700803132818596	NA
asRNA_182	72.1738605708177	-1.47	0.212180994435347	-6.92793528283805	4.27026999632771e-12	1.24422555660635e-11
asRNA_183	8.27630234866501	1.32	0.530880050118794	2.48745254032733	0.0128661619135154	0.0203482407560147
asRNA_184	9.66070426012706	-0.13	0.430494021132833	-0.295639386987515	0.767505490982034	0.82005836239742
asRNA_185	12.9551511379702	1.82	0.486909161917845	3.7300779192472	0.000191420563429512	0.000361137881892003
asRNA_186	60.6750220525587	1.85	0.245058914066844	7.54156701889924	4.64357321929286e-14	1.49711529595383e-13
asRNA_187	17.8992550486371	1.16	0.350902710811777	3.30931893106265	0.000935232368873895	0.00166258270740063
asRNA_188	5.01305643116467	-0.23	0.57803369618527	-0.392396624339355	0.694765179853556	0.75567551005757
asRNA_189	6.25280839002383	-0.73	0.516611874032699	-1.4092056921125	0.158774355127543	0.210998016976837
asRNA_190	25.2032769938039	-0.26	0.291690899131455	-0.896801277193703	0.369824966336497	0.448112493256979
asRNA_191	38.1593116228087	-1.64	0.231781610192733	-7.08186317028877	1.42229058887602e-12	4.23191716740993e-12
asRNA_192	45.2954178104227	2.31	0.268836378535578	8.58841774614799	8.81751618585713e-18	3.3871224648298e-17
asRNA_193	1122.80773256948	1.41	0.50098104174441	2.82173401524625	0.00477647747673171	0.00789558023578392
asRNA_194	84.668847148784	2.18	0.290222446327239	7.52307863539489	5.35012229208286e-14	1.72017210325118e-13
asRNA_195	1.7916673018283	2.01	1.05197198482922	1.90878925285414	0.0562892838171968	0.0803054349785364
asRNA_196	58.250804392143	1.87	0.293037233975199	6.38960664908998	1.66313010915026e-10	4.495188462838e-10
asRNA_197	51.2952554371931	2.20	0.261403440159045	8.43383634873941	3.34514408924206e-17	1.25077751835238e-16
asRNA_198	5.37923693535331	1.36	0.615861176194143	2.20597754076843	0.0273855722874292	0.0413018661087474
asRNA_199	2.28099834875136	-0.12	0.980552427299174	-0.118016486509292	0.906054594827198	0.929347847630235
asRNA_200	7.15354046180275	0.16	0.498118546198398	0.320422490982365	0.748648078253288	0.80357792807927
asRNA_201	13.1770271506416	-0.71	0.369312888264642	-1.9219969759869	0.0546061382609198	0.0782220120090124
asRNA_202	0.771891119406267	0.20	1.39464369525162	0.141238395515138	0.887681614845643	0.916351123258346
asRNA_203	24.9352362821593	0.60	0.283707681021748	2.11300540024869	0.0346003056713587	0.051518945382587
asRNA_204	0.891265359382834	1.28	1.74343667425201	0.731706291237595	0.464347855657699	0.545441726736093
asRNA_205	1.69546971800476	0.08	0.939835199091129	0.0814206443362809	0.935107431809311	0.952193211450839
asRNA_206	8.53515357009224	1.55	0.518839263137671	2.99463188783536	0.00274776234849578	0.00465158804511508
asRNA_207	1.90974195623809	3.06	1.26071543124615	2.42801604007004	0.0151816718233015	0.0237112321048094
asRNA_208	20.4280530911678	0.86	0.420017862603287	2.0516345218587	0.0402051945715567	0.059286198295143
asRNA_209	8.32521517564942	1.83	0.498311909535797	3.68068041388213	0.000232612405461891	0.000436272519004647
asRNA_210	3.53246598555029	0.90	0.778316176315482	1.15149499999766	0.249528651071267	0.317448569170925
asRNA_211	212.16302501696	2.89	0.268339788926956	10.7530217922098	5.73513632145886e-27	3.00538263054359e-26
asRNA_212	0.83605912287486	2.67	1.7251929337667	1.54939096216875	0.121287765057432	0.164671826417883
asRNA_213	2.77269156614634	-0.28	0.80512214992835	-0.350965219988584	0.725614441138084	0.783645740644668
asRNA_214	11.3564403337067	0.35	0.366356458283287	0.967334815113965	0.333376684784154	0.409138914816504
asRNA_215	10.8197051286309	0.00	0.451156790143597	0.0046722113323351	0.996272128276092	0.997124128385793
asRNA_216	2.06181342184467	1.42	0.966633853605257	1.47041787935598	0.14144861191611	0.189914369574555
asRNA_217	5.91964056798871	1.90	0.620793447573993	3.06216639018452	0.00219741267437613	0.00375980307004609
asRNA_218	1.39218987475654	0.43	1.04570185705653	0.412399993943637	0.680046267599704	0.743350699110386
asRNA_219	0	NA	NA	NA	NA	NA
asRNA_220	0.907460899193604	-1.90	1.4392794372633	-1.32209549822102	0.186136352670366	0.243217243850263
asRNA_221	1.26937414650386	-2.40	1.3713650088541	-1.75138183893666	0.0798801591573687	0.111736748526503
asRNA_222	1.05897179908377	-0.29	1.18233725363635	-0.249461853817247	0.803003544552317	0.848433778189342
asRNA_223	2.10445767253675	-1.27	0.984740906956694	-1.2922685544013	0.196264157873769	0.255216095664742
asRNA_224	5.27126650967833	-0.71	0.541600752071793	-1.30818750544853	0.190809718923654	0.248675918018169
asRNA_225	13.3337164087372	0.19	0.481729681874427	0.40142440254947	0.688107686100377	0.750293815496404
asRNA_226	16.1656440310968	1.33	0.34354733799597	3.87185141201125	0.000108011792870098	0.000208367804816986
asRNA_227	0.111166397655844	-0.49	4.32794324778021	-0.112507138781361	0.910421309753041	NA
asRNA_228	0.245569540722536	1.56	2.70659501612714	0.577696433403315	0.563469087542023	NA
asRNA_229	2.82402142363122	0.74	0.826353923653086	0.895487991987124	0.370526282005694	0.448747076965157
asRNA_230	13.8568653893789	0.96	0.399986355103279	2.40014551291149	0.0163885556005103	0.0254490131417036
asRNA_231	3.59424966860387	-1.02	0.716266319339453	-1.42389124071907	0.154477957820111	0.205911962758698
asRNA_232	9.47199635015627	-0.12	0.491218818692236	-0.237981564665988	0.81189539275035	0.855768455102516
asRNA_233	8.72444711023553	-0.12	0.470746106866124	-0.258501444135948	0.796019934532636	0.843593718727463
asRNA_234	1.59021838368941	1.25	1.12150510122127	1.11709131071896	0.263955285400044	0.332644295419797
asRNA_235	1.29448059780034	-1.42	1.23119294586105	-1.15145138994554	0.249546582430007	0.317448569170925
asRNA_236	3.97120788992146	-0.14	0.671484148779513	-0.215477684242497	0.82939490882235	0.86891531502956
asRNA_237	16.0197845848356	0.46	0.378332742804928	1.22124510712117	0.221993230257793	0.285083478944811
asRNA_238	4.15542406100505	1.22	0.699805139064824	1.74070902029439	0.0817345963413449	0.114012780196449
asRNA_239	7.73446244586445	-0.60	0.542572006734455	-1.11013273282606	0.266941833957531	0.336046173906379
asRNA_240	0.0676233166619397	-0.49	4.32794324778021	-0.112505577791176	0.910422547385392	NA
asRNA_241	0.578367551471093	-1.76	1.86432896763621	-0.943177150836198	0.345590298578238	0.42218773079617
asRNA_242	2.85406792370076	0.28	0.824982731893383	0.340994123121503	0.733108005961914	0.789341034284158
asRNA_243	0.63672212670692	-1.03	1.66155448629009	-0.62174116248551	0.534112080508558	0.611633240269258
asRNA_244	7.69049656080731	-0.24	0.526531335048072	-0.448944023950322	0.653472037046448	0.721037184811464
asRNA_245	14.1393646564596	2.96	0.496166570986048	5.97160728879777	2.34927485433885e-09	5.99876655533359e-09
asRNA_246	15.7030366073786	2.65	0.469449227038151	5.64345633654596	1.66669810072562e-08	4.07221783691555e-08
asRNA_247	3.0580063686367	-1.27	0.761007034372689	-1.6676491920561	0.0953853869120937	0.131487276579647
asRNA_248	2.64397926890602	-0.74	0.753263605112176	-0.980746992431619	0.326717523978463	0.401647488336269
asRNA_249	1.86252427265955	-1.02	0.986420584190083	-1.03784159271591	0.299343809314335	0.372429523211422
asRNA_250	11.9125312189446	2.17	0.45706949196529	4.74208275846802	2.11532172726471e-06	4.55637704566036e-06
asRNA_251	0.366895957747009	-1.30	2.21978562816005	-0.587021547466581	0.557189235289844	NA
asRNA_252	0.917605346276587	2.68	1.85747599442049	1.44460003391697	0.148570263263443	0.198791994785803
asRNA_253	0.562119190590315	0.81	1.9514152627962	0.416488941629942	0.677052257649219	0.741000772009479
asRNA_254	3.85694389050608	0.01	0.66699764048567	0.0149708342061642	0.988055448706734	0.991727467241093
asRNA_255	1.76515541500157	0.11	0.979630509141984	0.108699176600309	0.913441094964256	0.935012152891984
asRNA_256	1.90831321261645	-1.55	1.31322213173953	-1.1790638386785	0.238372756507232	0.304005357100215
asRNA_257	1.68220967360283	-0.26	1.0034807375849	-0.25768127450716	0.796652898963727	0.843755151813468
asRNA_258	2.03885109683077	-1.59	0.968446311600637	-1.64671451815094	0.0996167386706338	0.136836607774881
asRNA_259	63.930571218275	0.57	0.198367701109934	2.85323910451319	0.00432760464390248	0.00718063322530322
asRNA_260	4.43872192174225	1.71	0.694377606700721	2.4640087166286	0.013739277011035	0.021602598112738
asRNA_261	1.06587014286016	-2.10	1.45778283326518	-1.43942513168659	0.150030108099762	0.200439767708625
asRNA_262	536.088386963747	4.91	0.270201420961481	18.170152621437	8.89505779150639e-74	1.77446294920335e-72
asRNA_263	2.02478748736813	2.57	1.2283791251764	2.09175780687768	0.0364601864914094	0.0541963229345209
asRNA_264	22.1854584148619	1.89	0.343111855943197	5.50500153525687	3.69165052161078e-08	8.82327091992884e-08
asRNA_265	0.453540052479806	-1.89	2.08955696877898	-0.905706455071203	0.365091244962732	0.443081701024595
asRNA_266	7.38278080616432	1.08	0.536188854940952	2.02088326224648	0.0432918509522967	0.0633136907373748
asRNA_267	20.3665609399195	1.76	0.430531979047995	4.09659404781295	4.19273198122595e-05	8.27934869858511e-05
asRNA_268	96.8861327794764	2.88	0.265264827466405	10.8715578662253	1.57488452037103e-27	8.4937320292207e-27
asRNA_269	0.117961315601864	1.64	4.32690228866892	0.379924535965111	0.70400143349342	NA
asRNA_270	73.2460681557778	1.07	0.190701924896891	5.62161302223074	1.8918266509842e-08	4.59032714001763e-08
asRNA_271	9.09534389895244	0.06	0.436020839391093	0.126810044775736	0.899090745343792	0.924438735424227
asRNA_272	11.8085705261622	-0.15	0.38859788276958	-0.384510075496202	0.700600429648036	0.760467265531108
asRNA_273	4.21353610649232	-0.55	0.619188885606726	-0.887017068928167	0.375069710847258	0.45315545587912
asRNA_274	4.81587310084304	0.85	0.644229635462059	1.32585721112561	0.184886998429143	0.241854788183577
asRNA_275	12.6218531007196	1.88	0.460409390955536	4.0898311484953	4.31687336894998e-05	8.51969780684844e-05
asRNA_276	5.35419403398234	1.18	0.649058996771491	1.81387518165112	0.0696969444569937	0.0983940377919199
asRNA_277	28.3189593437473	0.34	0.266347936944171	1.26649594679976	0.205335579637546	0.2663218397146
asRNA_278	15.817159238683	0.46	0.406806335481728	1.12114266941924	0.262227138449374	0.330703837318876
asRNA_279	1.12311616271865	-0.26	1.10728356129257	-0.23114986166251	0.817198379804595	0.859809263258595
asRNA_280	0.412833587043017	0.22	2.06087533455529	0.106628812743346	0.915083459627365	NA
asRNA_281	1.23015968352091	-2.68	1.42390422148885	-1.88373655086633	0.0596006197648141	0.0847884019425698
asRNA_282	7.71978293817333	0.36	0.458947233209059	0.777106766276312	0.43709578229611	0.518460571500555
asRNA_283	23.241198632777	-0.86	0.332963223280426	-2.57812026518611	0.00993394172555397	0.0159042724115002
asRNA_284	0.217173492193166	0.23	3.26315850305071	0.0718380793074361	0.942730768186705	NA
asRNA_285	0.470733410684606	-0.30	1.76443777214356	-0.169850817941058	0.865127460581641	0.899287576926753
asRNA_286	7.56218263891621	1.17	0.48061314972997	2.4286609639214	0.015154696377378	0.0236796346154758
asRNA_287	4.22965121095615	0.06	0.615477776709381	0.099537721780332	0.920711338949803	0.93998764497027
asRNA_288	3.19220856663313	0.25	0.812789933039467	0.313080937114361	0.754219171571416	0.808075529870992
asRNA_289	1.15752254391942	0.56	1.11742128974292	0.505054159413175	0.613520796889619	0.68666608794372
asRNA_290	2.45664612715688	1.51	1.19439194450618	1.26075760095999	0.207396193936769	0.268696692587453
asRNA_291	1.58013781399411	0.98	1.24532912661885	0.789180340113217	0.430006610859438	0.511087749061438
asRNA_292	0.532320200276627	0.85	1.72200608771668	0.491793765247715	0.622865144510796	0.694688539509976
asRNA_293	0.793706264257605	2.96	1.47257094942751	2.00742685310311	0.0447042319353185	0.0650462322109006
asRNA_294	8.70307704510359	1.69	0.540211569381023	3.12418713356283	0.00178297022771274	0.00308374801453173
asRNA_295	0.69969953000902	1.79	1.56201101601907	1.14441356194373	0.252452166475772	0.320332329778256
asRNA_296	4.37737569519599	0.47	0.721015593921907	0.649989119794755	0.515699249647704	0.594620711170145
asRNA_297	0.692251054931625	-0.79	1.78375720619007	-0.443898870970368	0.657115700869457	0.72460214376654
asRNA_298	0.463362858448237	-0.39	1.97537194007865	-0.196536778860809	0.844190048594934	0.882128351374051
asRNA_299	35.7353972836426	2.73	0.374965920475583	7.27896827927421	3.36382758539097e-13	1.04424391267088e-12
asRNA_300	0.116144479659902	0.23	4.32794324778021	0.0541634303443192	0.956804956252413	NA
asRNA_301	14.6048078456376	0.87	0.384536749535878	2.26176190496697	0.0237121176857358	0.0360872324207275
asRNA_302	0.414220295104002	2.29	2.1084462039213	1.08441779365713	0.278179597816434	NA
asRNA_303	3.69073076523488	0.48	0.681891384389517	0.701106132122305	0.483236783741954	0.563856546267199
asRNA_304	145.07382672719	2.17	0.206368918810472	10.5102165128633	7.75153828010082e-26	3.91592099301208e-25
asRNA_305	2.98288000110336	-0.31	0.816108717227621	-0.379255947175371	0.704497809373639	0.763659095001806
asRNA_306	1.14856370510473	-0.90	1.1062372583962	-0.817992867931375	0.413361259749957	0.494315866138317
asRNA_307	1.99431224797239	0.50	0.909737220752489	0.550382492103553	0.582057054543157	0.65710685482348
asRNA_308	0.282229999990062	-0.49	2.40794781211145	-0.202215599150518	0.839748178677419	NA
asRNA_309	2.76703053927764	1.17	0.827008629587644	1.41455520037076	0.157198951868529	0.208983536543129
asRNA_310	7.12892926640582	0.46	0.475038730344258	0.958909534376412	0.33760432119653	0.4140163366123
asRNA_311	3.12423766686256	-0.20	0.747385069464069	-0.269577054100115	0.787485655164416	0.836774321441479
asRNA_312	0.991115888127776	-0.52	1.91641743729513	-0.269326453723785	0.787678476890939	0.836774321441479
asRNA_313	4.40260269648839	2.19	0.803451274123287	2.72397530697709	0.0064501328835435	0.0105185399694014
asRNA_314	0.754495718871903	-1.10	1.54775512765402	-0.708979122127241	0.478337432924395	0.558696848635246
asRNA_315	4.11565200760919	-0.46	0.67633972294656	-0.686316035966396	0.492513838889	0.573347509396313
asRNA_316	3.12103455215641	-0.27	0.706227288982205	-0.376488020278476	0.706554119925874	0.765415462838551
asRNA_317	3.17710240607126	-0.91	0.80034988047237	-1.13855076589404	0.254890573451736	0.322959510425495
asRNA_318	15.9857279694025	1.29	0.370963982336686	3.48339614013691	0.000495095179944752	0.000899730422767094
asRNA_319	1.67349775594616	-1.24	1.11976739106252	-1.10366355500094	0.26973911059693	0.339324262739456
asRNA_320	3.40765515824392	2.18	0.883572904834701	2.46355172885079	0.0137568042966491	0.0216204744339906
asRNA_321	72.7066932333567	2.61	0.28971919769379	9.00015896714629	2.25391085624863e-19	9.1910348621242e-19
asRNA_322	7.69909248718545	0.13	0.464485301297279	0.28023599620488	0.779296451613823	0.829375520344387
asRNA_323	3.26609581682888	-0.38	0.737505745620014	-0.510140233036419	0.609953220320926	0.683763012945968
asRNA_324	0.733704425201084	-2.20	1.77143396452191	-1.24023631852348	0.214887998745219	0.277073728826465
asRNA_325	0.910703808915066	1.55	1.56407581068628	0.990941170785504	0.321714307222671	0.396051519165076
asRNA_326	0	NA	NA	NA	NA	NA
asRNA_327	0.559172211959556	-1.02	2.18642812546211	-0.466476570641509	0.640874414250957	0.710935250690398
asRNA_328	1.03465276442826	1.03	1.17686762245059	0.871834715376334	0.383298553043367	0.462143276007989
asRNA_329	0.489572134421225	0.14	1.76974032218327	0.0795187124585917	0.936620048351094	0.953151366323024
asRNA_330	0.762226834245711	-1.12	1.42471984381218	-0.786633767828833	0.431496285947924	0.512511319338012
asRNA_331	0.504153297298835	-0.46	2.06934836995976	-0.22050839193756	0.825475237399074	0.865844493605709
asRNA_332	1.32063765812594	-0.60	1.28251122870214	-0.465776140645602	0.641375745053625	0.711266658522829
asRNA_333	64.8710475364078	1.49	0.241671056552733	6.14486929027458	8.00293896810463e-10	2.09688945649368e-09
asRNA_334	4.91118521275092	0.00	0.647176319779053	0.00493364750589281	0.996063534796114	0.997124128385793
asRNA_335	3.40349684298734	1.28	0.86529763290597	1.47375808525403	0.140546737388039	0.188775667547592
asRNA_336	16.4267819250931	1.20	0.401477216098907	2.97735997858694	0.00290742416042675	0.00491476467369202
asRNA_337	0.310914679212854	-0.53	2.36327432921247	-0.22356075713067	0.823099102049017	NA
asRNA_338	1.34282650017606	0.24	1.20921968761038	0.196110964742214	0.844523314277858	0.882214030475917
asRNA_339	2.33090947153367	1.65	0.937492784826079	1.76419678062948	0.0776988545793048	0.108945957838634
asRNA_340	0.554058790820339	-0.38	1.85639116897262	-0.206618058612288	0.836308155851136	0.874673200832094
asRNA_341	0.901352829758507	-0.07	1.28333422673471	-0.0519308264157784	0.958583811479505	0.968235834897739
asRNA_342	13.6152259520912	-0.13	0.402402101837882	-0.324131493013851	0.745838484924185	0.801297099317263
asRNA_343	7.44258540375919	-0.66	0.438776059748672	-1.49733704675696	0.134305579835072	0.181155163580844
asRNA_344	13.6514722966559	1.60	0.405396683806866	3.95586564127492	7.62580135524475e-05	0.000148169278130959
asRNA_345	0.791382847645494	-0.14	1.4068042569164	-0.101916070613297	0.918823293879347	0.938605930989347
asRNA_346	1.26224282562308	0.20	1.25579699578405	0.159915887756128	0.872947332966272	0.904372406622774
asRNA_347	3.12956285546918	-0.40	0.682633131756669	-0.580046431383298	0.561883306756324	0.638231087033793
asRNA_348	17.8351621576975	1.45	0.346533346155204	4.17843018344923	2.93528071074961e-05	5.88528746468034e-05
asRNA_349	10.7531196773457	1.19	0.542672515277984	2.18953950354525	0.0285576505901515	0.0429220510368245
asRNA_350	3.19679117630696	2.21	0.813684466890761	2.71337618288708	0.00666014522632386	0.0108509373037694
asRNA_351	3.39955961194863	1.63	0.850957088982391	1.91062012465843	0.0560534162371359	0.0800339749526573
asRNA_352	4.72638902511401	1.60	0.615868276402074	2.60097121197906	0.00929602545034267	0.0149511430857321
asRNA_353	2.34573657471966	-0.00	0.77902927204535	-0.0012215842509168	0.999025317028888	0.999337273267636
asRNA_354	3.25867863140015	0.56	0.815580822697861	0.683188132255383	0.494487970797606	0.575454844372023
asRNA_355	2.0429053205882	1.40	1.04131470253729	1.34186753151914	0.179638950967701	0.235516190010306
asRNA_356	1.32869528070774	0.61	1.37050322939221	0.446727780429522	0.655071621119333	0.722575074379509
asRNA_357	2.28565602929841	0.69	1.08407329565985	0.636616017604934	0.52437498919315	0.603237413845724
asRNA_358	9.62297220918366	-0.27	0.412842005385714	-0.652281324199228	0.51421970560779	0.593304431938531
asRNA_359	1.61432006542852	-1.47	1.15282124032419	-1.27644327010111	0.201798868609761	0.262025084204464
asRNA_360	4.7955059490469	-0.48	0.658755950844501	-0.721984315862685	0.470304120425347	0.550596120978123
asRNA_361	4.38493508571307	0.65	0.623738644116696	1.04820282909131	0.294545167390937	0.367629618797835
asRNA_362	2.00814268564723	-0.18	0.908836136199875	-0.194082325408951	0.846111420769943	0.883347367922471
asRNA_363	3.65991321137322	-0.45	0.702779330105606	-0.63771404200606	0.523659843116395	0.602809740715299
asRNA_364	7.37682368378606	1.45	0.51949109851278	2.78242749578644	0.00539539191750784	0.00886025305068757
asRNA_365	3.13730993035452	0.48	0.831499255048995	0.578639229528658	0.562832628757023	0.638896010205595
asRNA_366	16.4143133614726	1.48	0.425307231177047	3.47185606187607	0.000516873388830424	0.000937366977367572
asRNA_367	19.8381235199449	0.83	0.321459267696822	2.58364234819329	0.0097763114749042	0.0156661933310765
asRNA_368	85.3347764980319	-0.02	0.236191132428497	-0.0863197796548974	0.931212215269608	0.9487771583899
asRNA_369	3.25128844430435	-0.42	0.755936891439099	-0.557122327344369	0.577443853668239	0.652948589445793
asRNA_370	1.04600188502742	-0.07	1.2351486083624	-0.053463695139181	0.957362456341064	0.967837484656918
asRNA_371	434.471426739655	1.97	0.237780951235551	8.28741350766848	1.15737706623939e-16	4.21093355395492e-16
asRNA_372	19.139525655003	1.22	0.337591731735653	3.62364471422451	0.000290480556112078	0.000541048929713265
asRNA_373	9.12991242403484	-1.75	0.498842225314361	-3.50618748400225	0.000454574903025467	0.000829097394557098
asRNA_374	1.36081361263863	0.05	1.10945817209111	0.0439836383994462	0.964917445911262	0.973233310139167
asRNA_375	1.63671945442455	-0.28	1.04262946206235	-0.273087305595782	0.784786104652914	0.834711909553584
asRNA_376	1.78110287310736	-1.31	1.31934014886822	-0.99115471543774	0.32161003900562	0.396051519165076
asRNA_377	5.6223784620701	1.10	0.642710538981317	1.71707335911949	0.0859657691307367	0.119345913569797
asRNA_378	0.701830122142306	0.28	1.59143312363659	0.173775866106006	0.862041611851549	0.896778696062456
asRNA_379	0.372990418272122	-1.38	1.98296827777895	-0.695029905864298	0.487036560059116	NA
asRNA_380	0.557689691890967	0.30	1.65134642549713	0.184478463956643	0.853638120480353	0.889697493858072
asRNA_381	5.92464060661322	-0.41	0.625236990191984	-0.650276656958939	0.515513532579355	0.594601843917909
asRNA_382	1.21981262300728	1.38	1.10561924129224	1.24710107556948	0.212360438632283	0.274419396407047
asRNA_383	22.2863882464679	0.73	0.284245582880376	2.57216096338004	0.0101065890617938	0.016165938130277
asRNA_384	5.54003677132535	-0.07	0.515512052056061	-0.143498159461089	0.885896764744396	0.915357133907468
asRNA_385	16.9347133980251	0.57	0.320766732657232	1.7909700633944	0.0732980991354388	0.103104818134826
asRNA_386	10.8977324443654	-0.32	0.385333237313246	-0.822334315305225	0.410886651698149	0.491691559002114
asRNA_387	13.4985386536353	0.14	0.358876114694907	0.396520158158004	0.691721339913216	0.753232649167262
asRNA_388	1.01499092772795	0.65	1.33364744558912	0.484060483821555	0.62834294465701	0.699687365407406
asRNA_389	3.6298005355512	0.38	0.664687611883342	0.571748887841346	0.567492108956011	0.64335317873573
asRNA_390	1.60008808146393	0.42	0.958125522184502	0.434482981194682	0.663937750744189	0.730061209791058
asRNA_391	1.42875248853976	-0.45	1.12262534611448	-0.403240609649954	0.686771227706811	0.749534902231462
asRNA_392	48.5998247461457	0.73	0.247282592328677	2.93935793351697	0.00328893010088251	0.00551453370783118
asRNA_393	35.552573953	0.28	0.2416252946656	1.15482298417799	0.248162922909204	0.316146597363649
asRNA_394	7.05543454798562	-1.12	0.471697967878909	-2.38288504747214	0.0171775573136857	0.0266271098138413
asRNA_395	0.907460466883236	0.24	1.2726250726356	0.188148561641105	0.850760194117806	0.887409103252412
asRNA_396	3.13763791956172	0.59	0.809167199485575	0.729551058672048	0.465664647115166	0.546622726854345
asRNA_397	0.423577173817602	1.51	2.00366370082574	0.753487814085718	0.451156831323142	NA
asRNA_398	21.9132909671839	-2.42	0.32065491846392	-7.55007099913984	4.3502102748618e-14	1.40640776013258e-13
asRNA_399	1.05946862513049	-0.52	1.24111111493775	-0.416631866524841	0.676947697066399	0.741000772009479
asRNA_400	2.78355575436892	0.26	0.79483533889469	0.326077670043079	0.744365591234529	0.800204406253654
asRNA_401	7.71737604639193	3.36	0.742984456633568	4.52317250999664	6.09195479095498e-06	1.28039920645106e-05
asRNA_402	2.3107312438712	1.05	1.14350881485875	0.922283898483484	0.356380510498607	0.433928985875229
asRNA_403	8.86049438447829	1.57	0.545333588610768	2.88531307929799	0.00391024587175183	0.00651583922910331
asRNA_404	2.08375812693097	0.39	0.838002681747765	0.46110787402208	0.644721212796855	0.713824590354432
asRNA_405	2.95610020500169	1.32	0.860488234178196	1.5323231897435	0.125442701347523	0.169853191064849
asRNA_406	3.65730576930674	-0.02	0.695165694348068	-0.0310278597847411	0.975247321469835	0.981396774342387
asRNA_407	12.0892454087948	0.47	0.441575866979326	1.06138748414316	0.288513842465328	0.360873566403906
asRNA_408	16.6960478210215	0.72	0.362972934335414	1.9833740269374	0.0473256661073845	0.0686046299351886
asRNA_409	53.2373907751569	3.04	0.341494679627273	8.89579197326765	5.80041445518001e-19	2.324800816454e-18
asRNA_410	3.71882378111757	1.78	0.881092793163833	2.01690831647625	0.043705082032412	0.063803967989937
asRNA_411	8.04371803880377	2.54	0.613276672431331	4.14862768546924	3.34474273206588e-05	6.67617494729011e-05
asRNA_412	12.6488210557451	1.00	0.391852445923355	2.55601039859054	0.0105879954723037	0.0168821308370837
asRNA_413	3.86170804042059	0.61	0.637094876767626	0.953101155769099	0.340538820603979	0.417032368029497
asRNA_414	10.1848088532558	0.61	0.446178499683131	1.37155184234588	0.170202994258089	0.224655155203064
asRNA_415	16.9907177228385	1.30	0.402855899740256	3.22940096728079	0.00124049836406342	0.0021798747528662
asRNA_416	0.82076572181283	2.96	1.4858486604563	1.99483766034368	0.0460605884371694	0.0668259198359098
asRNA_417	22.0473260900189	2.33	0.405799958670861	5.7307650106042	9.99786929104163e-09	2.46333467234015e-08
asRNA_418	1.16209569276152	-0.31	1.17415345042878	-0.266045088148361	0.790204484571703	0.838393368465029
asRNA_419	3.04519799516464	0.04	0.716551118539937	0.0589418183932548	0.952998449671079	0.965218842006475
asRNA_420	8.42868932624028	1.87	0.586655387723359	3.17992193894399	0.0014731473020619	0.00256304270442979
asRNA_421	13.7047326819152	0.76	0.369497398516811	2.05657826882119	0.0397268103591737	0.058654680896156
asRNA_422	156.325726567617	0.22	0.182248244915957	1.19692453589627	0.231335969798049	0.295890925304535
asRNA_423	16.388129972679	0.08	0.320612371678048	0.263185232561394	0.792407812403725	0.840272977755807
asRNA_424	2.35741854859028	-0.04	0.825699773148263	-0.0493020492427403	0.96067858644615	0.96933950331752
asRNA_425	1.12774607547499	-0.23	1.30242087771608	-0.180417832454371	0.856824555756759	0.892409081952531
asRNA_426	0.973341311962161	2.24	1.40340653744962	1.59832194592503	0.109971345729912	0.150295599399658
asRNA_427	0.516791564026125	-0.70	1.79542289435097	-0.387955895199824	0.698048672796857	0.758687537066723
asRNA_428	7.51825871560267	0.06	0.476690453502716	0.115993671521673	0.907657557334833	0.92955127328595
asRNA_429	1.40581128101242	0.26	1.19240140355502	0.2213416193707	0.824826445948996	0.865759537138095
asRNA_430	7.33135829836389	0.55	0.503185604809694	1.09356061719623	0.274147729748694	0.344499885163803
asRNA_431	0.284911689134452	0.23	2.40468432751837	0.0974850488430472	0.92234120697055	NA
asRNA_432	1.6705930601696	-0.31	0.975927417432009	-0.313717742301186	0.753735424186394	0.807803746739447
asRNA_433	9.69243038201541	0.17	0.467322343362772	0.357579552192699	0.720657982843376	0.779251671623989
asRNA_434	5.95399632180392	-0.57	0.499537801887647	-1.14415535171783	0.252559215753861	0.320352386745594
asRNA_435	5.1898258450465	-0.23	0.53812813742973	-0.418245707902159	0.675767480121729	0.740286933762056
asRNA_436	4.17286165480579	-0.30	0.699996410916516	-0.431740674344082	0.665929901720434	0.730566361806349
asRNA_437	216.02619630153	2.88	0.211475146444174	13.6385090375739	2.3634328377259e-42	2.08492781237579e-41
asRNA_438	101.246429029652	1.54	0.220766053549587	6.98023613669715	2.94684333363522e-12	8.65080848193416e-12
asRNA_439	10.3650737173161	-0.24	0.382713325989383	-0.633337802764144	0.526513072037254	0.604113528079346
asRNA_440	5.6106196645238	0.19	0.550096608938452	0.354323648229161	0.723096347137503	0.781166546092238
asRNA_441	0.303407309811737	0.96	2.6432456234722	0.361582533590097	0.717664018921889	NA
asRNA_442	77.8144630384827	1.26	0.206745046735686	6.1181204002439	9.46855181484905e-10	2.47536004630938e-09
asRNA_443	7.20354967345702	-0.29	0.457945073552359	-0.635290152845241	0.525239194716524	0.603772133137703
asRNA_444	6.98956402559952	0.80	0.487839815963402	1.64082900158925	0.100832916260778	0.138398893272709
asRNA_445	15.460215980576	0.33	0.391517816201518	0.846520257825964	0.397262577727345	0.477013991245113
asRNA_446	12.1601080175404	0.57	0.451756063112083	1.2556609071309	0.209238938509136	0.27078433951551
asRNA_447	238.2345702482	-2.03	0.219946204007848	-9.23444585702793	2.59626377364956e-20	1.09036867335928e-19
asRNA_448	169.312573974734	-2.16	0.288504855629786	-7.49248507625559	6.7581615883023e-14	2.16101141498446e-13
asRNA_449	4.08169018351171	0.01	0.620714278662124	0.00969902306929876	0.992261420567706	0.994527504314364
asRNA_450	3.24697825074452	1.77	0.811496618978999	2.17995871726036	0.0292605218066293	0.0439032872064425
asRNA_451	1.30169905333924	-1.35	1.37128817591886	-0.982521881017396	0.32584280865373	0.400712469766461
asRNA_452	87.5786446592569	1.34	0.247807194846687	5.40060079025714	6.64180816359302e-08	1.55774138025218e-07
asRNA_453	4.41602967655339	-0.44	0.628777985433439	-0.697071532998807	0.485758028294455	0.566610112073698
asRNA_454	4.61095266300436	0.86	0.655151295317166	1.30739682184013	0.191077976169473	0.248933125911325
asRNA_455	7.13635214270469	1.25	0.51703217844873	2.42521389660327	0.0152993695937668	0.0238738162860957
asRNA_456	0	NA	NA	NA	NA	NA
asRNA_457	6.77518049299336	2.00	0.637528505934293	3.13798167223998	0.00170115513587283	0.00294659875779453
asRNA_458	1.34585466629035	0.89	1.18566601404292	0.748791513423144	0.453982875610046	0.535236358719568
asRNA_459	0.232231938178144	-0.53	2.8072588304012	-0.18925116723802	0.849895966516689	NA
asRNA_460	3.21719047239517	1.69	0.77898922609921	2.16453347379602	0.030423430449305	0.0455896988081562
asRNA_461	9.17386687090425	1.48	0.487979064022807	3.04086376604103	0.00235900541251982	0.00402452283933776
asRNA_462	4.32526587498583	-0.55	0.639031111191896	-0.854980089366135	0.392562170469265	0.472177382842614
asRNA_463	8.99224771740973	1.12	0.479200540096585	2.34624564885954	0.0189636045077508	0.0291894850621276
asRNA_464	7.15134946933817	0.26	0.502041814941997	0.523743704006161	0.600456813702173	0.674409428313605
asRNA_465	2.97569884518891	1.21	0.764228337026977	1.58712716561131	0.11248384640722	0.153371178538155
asRNA_466	5.17878538837143	0.55	0.599944540564146	0.912376048948985	0.361570793292569	0.439416772326137
asRNA_467	14.2698051967948	0.95	0.381646249934946	2.48545578435175	0.0129385659092835	0.0204443316415366
asRNA_468	2.20026171705503	0.47	1.0038993099219	0.468725306619578	0.63926599569215	0.709823817481069
asRNA_469	11.0863684249995	0.86	0.510459002205734	1.68016917650395	0.092924404656311	0.128195514635877
asRNA_470	2.17879918732207	-0.16	0.957449878285607	-0.167013221119302	0.867359646087933	0.900976247755838
asRNA_471	2.1159578570881	0.90	0.933036025134274	0.962372447835627	0.335862548602471	0.412024251622388
asRNA_472	2.58656305406487	0.21	1.01930484350701	0.21033856626188	0.833403436966288	0.872154833737299
asRNA_473	0.457493792855811	0.20	1.92276348561766	0.10396833902515	0.917194474168576	0.937487568793557
asRNA_474	0.672860401740848	-0.73	1.61082691145213	-0.454805710165558	0.649249021858024	0.717956949840479
asRNA_475	14.0339558961421	0.20	0.437942753877578	0.453112180946228	0.650467964550273	0.718399818664991
asRNA_476	23.038381015009	1.36	0.329045566741519	4.14399480008805	3.41307485645507e-05	6.80869648921235e-05
asRNA_477	3.81798299247899	1.83	0.757857031997785	2.40814390663713	0.0160338594488954	0.0249423484825307
asRNA_478	2.60442706908908	1.26	0.895526488984479	1.4033980178113	0.160498183759814	0.212966410877063
asRNA_479	0.809529424517351	1.79	1.63041972584129	1.09863002169013	0.27192947720762	0.341957161345255
asRNA_480	454.012362697024	3.07	0.183471201171073	16.7134463523211	1.04610942379094e-62	1.65445503915766e-61
asRNA_481	0.499093900905519	-0.49	2.03986386202893	-0.23870492063134	0.811334400931638	0.855504624208763
asRNA_482	400.375927718879	0.22	0.152261176164202	1.44397335528677	0.148746470449243	0.198951945808492
asRNA_483	2.24539951692751	0.23	0.974775929635275	0.238618493342834	0.811401423701276	0.855504624208763
asRNA_484	154.606206277407	1.78	0.238204503664671	7.4620113934233	8.52115148570658e-14	2.71239917192346e-13
asRNA_485	17.2946920979724	0.81	0.359796584093371	2.2586884869935	0.0239027691303958	0.0363616214977555
asRNA_486	2.8311010590555	0.95	0.935046770679382	1.01237552091251	0.311358538063998	0.38465159294254
asRNA_487	0.350022362052669	0.96	2.26730722711701	0.421539398514735	0.673361247974431	NA
asRNA_488	1.32613646771467	1.28	1.26311932662915	1.01453499828224	0.31032753816716	0.383647882572148
asRNA_489	1.90252949197906	-0.34	0.894804229695519	-0.381191903390049	0.703060856560774	0.762336833658085
asRNA_490	1.987759733883	0.16	0.935642365416528	0.16701652696375	0.867357044938049	0.900976247755838
asRNA_491	1.80802077373492	1.67	1.22705121892033	1.35806462214462	0.174443179748058	0.229389514642483
asRNA_492	0.427113012092291	1.56	2.02076398474788	0.771272165034294	0.440545627422506	0.521847401444136
asRNA_493	1.07518738933981	0.21	1.28489473872237	0.160535374200167	0.872459358381509	0.904372406622774
asRNA_494	9.74950008232976	-1.11	0.45768986395739	-2.41479276987801	0.0157441643689483	0.0245242950751452
asRNA_495	6.48453503020121	-0.24	0.522747020480922	-0.455105306433142	0.649033480635149	0.717944722908005
asRNA_496	2.19382418128449	1.25	1.00341271996634	1.24411274036153	0.213458072697596	0.275634900051953
asRNA_497	100.825704875221	1.74	0.178020168343645	9.7671157747704	1.55824957153787e-22	7.05027608978024e-22
asRNA_498	13.8980788910069	1.38	0.465244120286437	2.96181838397698	0.00305828119703138	0.00515488491731982
asRNA_499	4.42648675974193	0.29	0.589566403329389	0.492723839476728	0.622207730709413	0.694396485225921
asRNA_500	11.2346666161251	0.72	0.453691741186601	1.57759466519475	0.114658758756155	0.156033682942969
asRNA_501	2.3643327384081	0.79	0.776505086137663	1.01507633210569	0.31006944270726	0.383463829991261
asRNA_502	15.0001146143863	0.56	0.346811883048348	1.60878973940342	0.107662325233669	0.147254547680331
asRNA_503	3.88965397936681	-0.33	0.698119607227618	-0.471780962512654	0.637083140800019	0.707623823900306
asRNA_504	5.64366599684006	0.45	0.602213312299973	0.743125045021673	0.45740597790461	0.538729415774266
asRNA_505	25.4358735551405	0.95	0.345083051002471	2.74065152531458	0.00613175015966734	0.0100226139714116
asRNA_506	1.46248143526793	-0.18	1.11961363255329	-0.157105119126247	0.875162003205678	0.905597934941095
asRNA_507	0.524773755245477	0.77	1.74155621095355	0.44019165486928	0.659798303347559	0.726953794202563
asRNA_508	62.9292935399281	1.98	0.251596017805712	7.86873164594057	3.58254708455615e-15	1.21764983677412e-14
asRNA_509	6.15068768691352	1.56	0.720264976984074	2.1656219073817	0.0303400909189644	0.0454842268217268
asRNA_510	15.4428031668213	1.43	0.356720121699367	4.00302865621661	6.25367240040531e-05	0.000122389318828445
asRNA_511	13.327244511882	1.97	0.426048124712612	4.61580044130699	3.91583089926801e-06	8.30724005276735e-06
asRNA_512	1.77432803380247	1.78	1.40971710562114	1.25968359112446	0.207783527070398	0.269099211930715
asRNA_513	6.2100783002737	1.26	0.627132837094525	2.00827976092498	0.0446135713441522	0.0649412309242614
asRNA_514	14.4693909452512	0.72	0.385091855793529	1.87888617708929	0.0602600366655738	0.0856224155130837
asRNA_515	2.99826039692041	0.70	0.856530577506532	0.814280778173111	0.415484118811088	0.496347308998206
asRNA_516	6.88025590915667	0.84	0.564616442702175	1.48958105406833	0.136334426646469	0.183631199059549
asRNA_517	1.27639718294081	-0.73	1.31322793105924	-0.556038270929298	0.57818469244243	0.653365450648655
asRNA_518	151.0477792852	-0.55	0.210431513446511	-2.59349871466641	0.00950048943016689	0.0152660038395039
asRNA_519	510.504078146011	1.71	0.232492517802415	7.34892297537793	1.9981028085577e-13	6.25253026813376e-13
asRNA_520	0.804493701070247	-1.71	1.63777535320929	-1.04360850286165	0.296666557345427	0.369491409308192
asRNA_521	1.28333545334511	-1.03	1.48097418383683	-0.693319857609787	0.48810884388455	0.568785313932511
asRNA_522	2.22337778157177	0.11	0.851531030393213	0.126719840150632	0.899162142259679	0.924438735424227
asRNA_523	6.51352205939957	0.90	0.597450633732855	1.51362013597674	0.130122211089958	0.175715031975709
asRNA_524	1.79092650184329	-0.78	0.927590330874232	-0.843560836895309	0.398914856480005	0.478834208923521
asRNA_525	6.23983833848621	-0.63	0.610176566380766	-1.03093558480296	0.30257102792454	0.375645996832766
asRNA_526	87.9772226817497	-0.06	0.209292667905	-0.282237768721116	0.777761199750757	0.828495015875275
asRNA_527	35.3506057104844	0.43	0.23827111912807	1.82374486298818	0.0681906530116092	0.096422626952783
asRNA_528	6.7458884157331	-0.51	0.569089887198689	-0.899971801673931	0.368135257201215	0.446313151945258
asRNA_529	21.0783736308349	0.41	0.292919593206436	1.40091454140142	0.161239629820308	0.213869414544428
asRNA_530	153.26071090702	-0.65	0.181801972568779	-3.56750348800374	0.000360398583373693	0.000663882175354163
asRNA_531	15.6140002850034	1.17	0.447314740342108	2.61296192078188	0.00897613026575202	0.0144631451872672
asRNA_532	0.954892187210137	-0.72	1.69773929857407	-0.424485996940594	0.671211415525936	0.735525368262035
asRNA_533	11.7343091802507	2.60	0.613442613834852	4.24370613641232	2.19858224195717e-05	4.43633462730553e-05
asRNA_534	14.6682832456311	0.82	0.33815121118472	2.42692428246909	0.015227433516721	0.02377212942517
asRNA_535	6.27687722577476	2.05	0.582857467490546	3.52221673002204	0.000427954122520352	0.000783801212399038
asRNA_536	370.579506121168	2.68	0.186547053866231	14.3465970140419	1.11894508881481e-46	1.16576148570587e-45
asRNA_537	2.09947400020178	0.05	0.907104571334545	0.0598579985724562	0.952268732161948	0.965189237477078
asRNA_538	62.4625201374865	0.57	0.195764319387359	2.89286032724495	0.00381751018582599	0.00636735309379337
asRNA_539	15.8093607318241	0.03	0.344033072252537	0.094401956935069	0.924789861340076	0.943328647055493
asRNA_540	2.92434164349384	0.72	0.793340098017472	0.907125786363373	0.364340283257245	0.442323213871434
asRNA_541	2.75219582665344	2.82	1.18170688854719	2.38811912018571	0.0169348517877279	0.0262624843757564
asRNA_542	1.91455767040016	-0.05	0.972919551316275	-0.0523488364386619	0.958250740782918	0.968235834897739
asRNA_543	0.432495404432516	1.68	2.08028948090067	0.808098006565857	0.419034165086018	0.499907901330958
asRNA_544	1.83843693785162	0.43	0.981971507191896	0.44213685893146	0.658390173524373	0.725779560202221
asRNA_545	2.24567139024644	-0.21	0.785425191480481	-0.267429475094241	0.78913850774413	0.837818355213076
asRNA_546	1.01096076983368	0.47	1.17322868911039	0.399003598696886	0.689890552622433	0.751537614104053
asRNA_547	265.771372380493	2.03	0.149688348887988	13.5708568595142	5.96209525752657e-42	5.1432227147852e-41
asRNA_548	1.77640954945039	-0.39	1.02654462751356	-0.382730476661408	0.701919614806641	0.761569767486439
asRNA_549	1.73839902345231	1.81	1.33642042622669	1.35505713099983	0.1753993555234	0.230560515628101
asRNA_550	1.8656893751992	0.30	1.31937117273478	0.230422531752642	0.817763454351027	0.860146042009124
asRNA_551	13.6803947647191	3.21	0.515739136932915	6.22091878237663	4.94251975636428e-10	1.3106636604679e-09
asRNA_552	0.667567700384581	-0.55	1.70200653235711	-0.321041100057471	0.748179244740861	0.803320283879255
asRNA_553	3.42463819370941	-1.59	0.723491993947395	-2.20213181825131	0.0276559985014102	0.0416560320628276
asRNA_554	2.56113100424884	1.06	0.76399206338879	1.38258783192269	0.166791282184756	0.220732827648201
asRNA_555	51.549078535819	2.02	0.282116186358484	7.17632414660583	7.16106575227604e-13	2.18440502660653e-12
asRNA_556	0.723614360210997	0.80	1.58837212853104	0.506507766145225	0.612500239171774	0.685839425367894
asRNA_557	34.7733115162439	0.87	0.256963828753321	3.3674122857521	0.000758771594970106	0.00135574914500766
asRNA_558	25.024070427098	-0.64	0.24575375157195	-2.61387305478785	0.00895222919282216	0.0144312565179057
asRNA_559	109.301570997623	-0.11	0.214301830839201	-0.528320615214437	0.597276825580364	0.671482207688971
asRNA_560	59.878746356865	1.05	0.239990506032523	4.36681262577714	1.2607279125495e-05	2.59766179633879e-05
asRNA_561	27.1754240188741	1.19	0.320138137241893	3.7217838380166	0.000197820336621811	0.000372811165796661
asRNA_562	92.2327351064439	1.78	0.233822087016966	7.61935139518458	2.54953536703074e-14	8.32690109176272e-14
asRNA_563	50.5805897713094	1.92	0.290975343737806	6.59621250077399	4.21794244006547e-11	1.17254124363182e-10
asRNA_564	5.24680911372086	-0.08	0.568792744895731	-0.135976437247453	0.891839908286778	0.918793990021971
asRNA_565	3.62118818468983	3.05	1.18665697031518	2.5702158255281	0.0101635173731408	0.01624959448866
asRNA_566	15.0253641623915	4.06	0.732215538576778	5.54681587824886	2.90918810333945e-08	7.02004084592771e-08
asRNA_567	30.500736012707	5.15	0.718326712069789	7.1709835720121	7.44608400600724e-13	2.26937508203919e-12
asRNA_568	30.5591687411176	7.62	1.17328694308795	6.49332153621896	8.39642175786198e-11	2.29236678008191e-10
asRNA_569	23.6751828176337	0.04	0.295332318737399	0.124181514202968	0.901171558465337	0.925420690778532
asRNA_570	148.223759420107	2.33	0.291353006177063	7.99901738679853	1.25416009713564e-15	4.3554461929211e-15
asRNA_571	221.510860648687	2.12	0.230051084637811	9.21023336094928	3.25416687357044e-20	1.36503941375219e-19
asRNA_572	7.65607781332949	1.01	0.495477852207072	2.03277242390635	0.0420755203786726	0.0616814831104466
asRNA_573	7.98375735871501	0.16	0.485103469414866	0.329299953319334	0.741928979397822	0.79831831034807
asRNA_574	32.0702204956592	1.23	0.325441408932282	3.77734063729898	0.000158511866677959	0.000301972416661049
asRNA_575	2.6576063112273	1.70	0.830483330603976	2.04257923238553	0.0410941086697364	0.0603940625949956
asRNA_576	237.324487621943	4.72	0.429906679746327	10.9801004604355	4.76393736756775e-28	2.61755619679662e-27
asRNA_577	216.995360567584	4.30	0.411222532304021	10.4611666049066	1.30242090342324e-25	6.53257113131288e-25
asRNA_578	10.3604875434982	2.13	0.582851636615906	3.65729699839238	0.000254888982654731	0.000476525675240021
asRNA_579	0.705472965008735	0.18	1.55243375093523	0.115761649007093	0.90784144576973	0.92955127328595
asRNA_580	8.06547731487734	1.21	0.627841505989415	1.91957722317796	0.0549113233467658	0.0785708697656454
asRNA_581	3.27254261611111	1.06	0.712177415780266	1.49078981620687	0.13601668631069	0.183322297749264
asRNA_582	0.483579280543596	0.98	2.25492458395548	0.433697510796429	0.664508114444127	0.730132229653977
asRNA_583	368.435696319378	0.99	0.145468206120199	6.83101866783761	8.43137596364322e-12	2.41864083646954e-11
asRNA_584	12.3909230551486	1.35	0.43865994359706	3.08343462568361	0.00204626063448042	0.00351488311529391
asRNA_585	0.63992942137677	1.60	1.7092736941504	0.934512809599647	0.350039431474945	0.42717707469883
asRNA_586	5.55613299611296	2.24	0.69704390160333	3.20966031416047	0.00132891917260215	0.00232593978813866
asRNA_587	0.991359482428902	-2.28	1.60789089482745	-1.41720584546145	0.156422753254226	0.208030411619541
asRNA_588	3.96464248835993	0.18	0.558542135600116	0.323189345613859	0.746551849287689	0.801818153211709
asRNA_589	44.5080507347602	2.88	0.340337197687933	8.45903435252093	2.69600620639585e-17	1.01237195621987e-16
asRNA_590	38.392081768838	0.25	0.317885624927229	0.798120137231623	0.424800776653066	0.50592792633274
asRNA_591	20.4087563519168	0.86	0.343602128268895	2.4934980578308	0.0126491276298906	0.0200230329614724
asRNA_592	104.436090906569	-0.09	0.184071495176389	-0.511004645917831	0.609347803583541	0.683302503475508
asRNA_593	5.71615104517895	-0.47	0.557543748708348	-0.834385004886319	0.404064064392839	0.484187348151282
asRNA_594	0.553176098984897	0.21	1.76119926348799	0.118801059541771	0.905432969237643	0.929037336655913
asRNA_595	477.777808075453	3.63	0.217740742921282	16.6555836616297	2.75641927512222e-62	4.28220711281155e-61
asRNA_596	84.8136969848116	2.10	0.252061684624727	8.33783539282171	7.56628002100563e-17	2.78169729358647e-16
asRNA_597	14.5418146381823	1.08	0.509268128640618	2.1111717675761	0.0347575505590329	0.0517311403191032
asRNA_598	0.902369200189773	-2.57	1.68697014492905	-1.52245926910244	0.127894043734843	0.172972260228441
asRNA_599	2.58293545956188	-2.64	0.905515639550757	-2.91157858668232	0.00359607434552944	0.00600371708376313
asRNA_600	8.29594036924835	-0.03	0.505398970186864	-0.0551577891463735	0.956012757092661	0.967308585058309
asRNA_601	7.53368382785807	0.17	0.489001264422836	0.346301140269371	0.729116411761586	0.786460129552974
asRNA_602	25.7001713565153	-0.10	0.343410614129492	-0.29209772476247	0.770211906244375	0.822070804156111
asRNA_603	2.9949231921455	-0.29	0.741733679416314	-0.391529102060978	0.695406181721079	0.756138465166525
asRNA_604	1.64813755510308	0.32	1.12970643361136	0.283335244565804	0.776919862465393	0.827849965740818
asRNA_605	1.81975506823018	0.30	0.981190236407998	0.303016683995511	0.761877146990279	0.814788505355732
asRNA_606	24.4379582113086	0.65	0.316255560601765	2.05633989213773	0.0397497656582465	0.058663903836109
asRNA_607	3.10851420454827	1.83	0.733146011463876	2.49661471688101	0.0125385105547088	0.0198568834269655
asRNA_608	13.972565282186	-1.27	0.369691532202503	-3.44049910985932	0.000580642346911152	0.00104652735113196
asRNA_609	226.262047254666	0.62	0.204840449754197	3.02215736365925	0.00250980037078352	0.00426520285664131
asRNA_610	2.84310666028373	-0.64	0.698019250738087	-0.91522767242658	0.360072120150753	0.438050316649097
asRNA_611	1.11609634389943	-0.67	1.21218788756859	-0.550860444196931	0.581729345174461	0.656948128307345
asRNA_612	2.1411505394737	-5.37	1.30101452472604	-4.12417188222217	3.72070977272647e-05	7.40136657906098e-05
asRNA_613	48.4297154775493	1.22	0.313705908251087	3.90288056090953	9.50546158702179e-05	0.000183674604469089
asRNA_614	1.5035948040566	1.37	1.12121418755238	1.2247418597168	0.220672497004036	0.283594852482126
asRNA_615	2.40158117924474	-0.52	0.77260380747071	-0.675643720943425	0.499266875772101	0.579096795783233
asRNA_616	0.65777187138347	-0.22	1.45250687242522	-0.152660960597487	0.878665648747559	0.908687803461761
asRNA_617	2.13027983262651	0.39	0.976294201345068	0.396273064103407	0.691903595962131	0.753232649167262
asRNA_618	408.81337259741	-1.40	0.26753055485984	-5.24380200487277	1.57300998670102e-07	3.61915993663649e-07
asRNA_619	6.17062632737249	-0.67	0.55367784780628	-1.21035476059234	0.22614279325972	0.289670684835781
asRNA_620	6.97455277474347	-0.88	0.46956725497398	-1.87517232275934	0.0607690204784257	0.0862757909016387
asRNA_621	3.74527771958904	-1.03	0.627773815187301	-1.63825764685157	0.101367958732802	0.139078899222692
asRNA_622	5.11375531137356	-0.60	0.667754539419235	-0.891685556441449	0.372561497401568	0.450590223002723
asRNA_623	93.0481744290134	1.01	0.192406839800172	5.2365384523292	1.63616166917887e-07	3.75707234825836e-07
asRNA_624	36.0365440709518	-0.61	0.301672309016176	-2.03684992946527	0.0416650830451524	0.0611308426960008
asRNA_625	2.00997537532683	0.25	0.791273182755609	0.311870654524872	0.755138825272347	0.808814037684933
asRNA_626	48.3490190115918	0.14	0.194655593018427	0.729153326616678	0.465907877695736	0.546725454074108
asRNA_627	51.9395430416669	0.75	0.215885131081121	3.47340296546526	0.00051390314986926	0.000932461994413939
asRNA_628	0.252973853071386	2.27	2.68077180958447	0.845658529160391	0.397743264306757	NA
asRNA_629	2.62628858055124	0.81	0.818709217905296	0.993534920728261	0.320449341334145	0.394909665645553
asRNA_630	2.63657122208608	0.25	0.790827444346199	0.316974911130995	0.751262639405241	0.805645426680452
asRNA_631	1.94478479747896	1.64	0.961594017468255	1.70968624729032	0.0873239072211589	0.121135613691619
asRNA_632	3.69365866908777	-0.52	0.693240838636718	-0.752953210778753	0.451478031027481	0.532819955273104
asRNA_633	10.7778598404043	2.66	0.551658240196603	4.82038342547366	1.43282564911644e-06	3.11688404835677e-06
asRNA_634	203.96827499455	-0.13	0.177427646596366	-0.751373155967914	0.452428113401943	0.533651477755026
asRNA_635	2.88017714413441	0.81	0.765801414051944	1.05679008132855	0.290607402050736	0.363233388608094
asRNA_636	0.370911013468358	-0.49	2.23655852326264	-0.217710990989819	0.827654299513871	NA
asRNA_637	1.30801247548794	0.55	1.19630054015813	0.460855621001135	0.644902193279481	0.713824590354432
asRNA_638	2.54293793842831	0.23	0.783043711419437	0.290991960818282	0.771057467936002	0.822579945308936
asRNA_639	2.66741122066986	-0.38	0.787187740020345	-0.477868950264878	0.632743482161143	0.703694129194734
asRNA_640	14.2244085935005	-0.75	0.379240193357597	-1.97732626195413	0.0480047629965521	0.0694743292996268
asRNA_641	1.41532857628781	1.58	1.16349369459788	1.36182508415268	0.173253093275621	0.228166395532898
asRNA_642	3.29302167035109	-0.44	0.713004354549039	-0.618536452800346	0.536221776417347	0.613422529456343
asRNA_643	1.30996338325779	-0.77	1.17239632467683	-0.658560613011583	0.510177962283569	0.589804025544159
asRNA_644	2.91645926585289	-1.11	0.85003613045726	-1.30316138748889	0.192519669415306	0.250625346428305
asRNA_645	1.59708754811081	-0.81	1.12050230201007	-0.725569524553157	0.468102709330025	0.548750788800574
asRNA_646	0.945406747427591	0.97	1.42982974261203	0.680433567597796	0.49622997252793	0.577099514258218
asRNA_647	2.91563231050628	0.13	0.770015768502292	0.173815243899139	0.862010663856053	0.896778696062456
asRNA_648	10.6950817210389	0.94	0.452869233865714	2.08052732417263	0.0374771920796798	0.0556609227545498
asRNA_649	4.12155147617088	1.03	0.621216679371256	1.6597860387198	0.0969575033542873	0.133444842915289
asRNA_650	0.466957649760461	-1.23	1.91842591411554	-0.643570938265159	0.51985370057761	0.598820978585299
asRNA_651	4.27740295194078	0.52	0.643265456469333	0.8129721987459	0.416233997925659	0.496904986982995
asRNA_652	0.0661945404380891	0.96	4.32794324778021	0.220827755494641	0.825226551270093	NA
asRNA_653	0.472263014253999	-0.50	2.23865009900549	-0.223145579212765	0.823422205472291	0.864802681248344
asRNA_654	1.00119366499144	-1.09	1.52713998178388	-0.714358368594824	0.475005608086264	0.555359537126498
asRNA_655	6.06972441731477	0.96	0.520894111213876	1.83744033872717	0.0661449163990368	0.0936309880099416
asRNA_656	17.8434385952846	1.22	0.380504378750576	3.20909078500715	0.00133155440937956	0.00232939089752449
asRNA_657	5.64151504774097	1.28	0.556954581137268	2.29124878607233	0.0219490287974221	0.0336079546915609
asRNA_658	3.71039747660078	-0.55	0.686112994516742	-0.801457726376249	0.4228667077072	0.503795388788591
asRNA_659	16.1282717561052	0.06	0.37214537362299	0.160170381912233	0.872746859957982	0.904372406622774
asRNA_660	12.1315984476635	-0.33	0.412230732607458	-0.804567463026848	0.421069324317401	0.50204505801675
asRNA_661	2.18326658837146	0.11	0.884204651607133	0.124254811510212	0.901113525138669	0.925420690778532
asRNA_662	72.6694362323678	2.38	0.307629792392125	7.742703093524	9.73251338493226e-15	3.26993822913848e-14
asRNA_663	120.329026879987	2.50	0.171511606774038	14.572377432819	4.20981367114312e-48	4.57605442705371e-47
asRNA_664	3.16100496541146	1.92	0.855827285740907	2.2448027483784	0.0247807982665641	0.0375833186669143
asRNA_665	6.71140047814222	1.04	0.577597080640831	1.793508396439	0.0728916692723744	0.102615337135247
asRNA_666	0.583042612907708	-0.43	1.84047136567989	-0.2335934485637	0.815300614344793	0.858438834708083
asRNA_667	1.98787345508339	1.18	0.974827452839925	1.21422124703848	0.224663249104057	0.287880535622024
asRNA_668	1.19923884704312	1.12	1.25229580208213	0.892437895977608	0.372158266516476	0.450412848583022
asRNA_669	53.5565178599196	1.54	0.375603835211969	4.10411203245892	4.05870757393457e-05	8.0282379110334e-05
asRNA_670	18.0914297213441	-0.77	0.297209380695398	-2.5886485675486	0.00963533730067286	0.015454394363939
asRNA_671	2.93800138719246	0.49	0.770687483490583	0.634378563139245	0.525833796137707	0.604077629487961
asRNA_672	0	NA	NA	NA	NA	NA
asRNA_673	3.56193518720375	0.55	0.652407312748953	0.841957272500793	0.399811870400804	0.479586220667244
asRNA_674	4.96134212050815	-0.49	0.578351921314426	-0.848010313778908	0.396432226863046	0.476179797644938
asRNA_675	15.6382062395001	2.57	0.478294695319524	5.36723524647533	7.99527457254006e-08	1.86769188451019e-07
asRNA_676	5.99583099510632	-0.49	0.550745824135929	-0.88909382449476	0.37395265756147	0.451961370292021
asRNA_677	4.42847577147624	0.40	0.606047813027002	0.665991948017321	0.505416247080769	0.585262679254809
asRNA_678	19.5124709104174	2.40	0.390759795208198	6.15346918540816	7.58061113576697e-10	1.99218006719145e-09
asRNA_679	0.405831816276045	-0.29	2.0283438301906	-0.144260327810126	0.885294904379106	NA
asRNA_680	2.319642254745	2.39	1.23435354853031	1.93434424414862	0.0530708167721803	0.0761781020797731
asRNA_681	0.872385704287989	-1.61	1.47442324064819	-1.09170703107197	0.274961893753281	0.345399359201349
asRNA_682	1.56491108403901	0.45	0.893958394924068	0.499348256700834	0.617534064636051	0.690057957013741
asRNA_683	3.96923829325749	-2.87	0.797801400290131	-3.59460916644139	0.000324878904080599	0.000600658152831482
asRNA_684	1.30816277356954	-3.35	1.29638734726407	-2.58505176138311	0.00973643793327386	0.0156094217277281
asRNA_685	10.8544960782442	0.09	0.412383406362289	0.218300953725853	0.827194631413931	0.866949358475914
asRNA_686	11.5871016326645	-0.01	0.370856893362765	-0.0341091052318607	0.972790147786173	0.979204761719396
asRNA_687	2.2694533442893	-1.13	0.792800771617468	-1.4195671803948	0.15573372579757	0.207192539323709
asRNA_688	0.582660571286619	-3.19	1.67422802823625	-1.9030443299712	0.0570347610740312	0.081335924504843
asRNA_689	0.713280342145753	-0.63	1.44668659398729	-0.43513046444741	0.663467731744475	0.729978267057929
asRNA_690	29.1864914079541	2.08	0.38324723738924	5.42594348002507	5.7649200726584e-08	1.35843183725528e-07
asRNA_691	2.02902766532539	-1.10	0.856420496718242	-1.2826667894769	0.199608839794399	0.259469321184055
asRNA_692	11.6226998703021	-0.79	0.393440932149477	-2.0173342477359	0.0436606439191456	0.0637656076539601
asRNA_693	58.3338819934237	1.71	0.246731977556697	6.9372669997697	3.99757873623618e-12	1.16670814155654e-11
asRNA_694	5.03849986611566	-0.30	0.623738444494129	-0.485434869151121	0.627367902888747	0.699266256203934
asRNA_695	14.4367919165476	-0.36	0.359824788593392	-1.00540611385206	0.314701337109875	0.388283795544621
asRNA_696	13.6484441035537	-0.41	0.349807142025174	-1.18462452982134	0.236165933942602	0.301629172088932
asRNA_697	8.84607608683992	-0.46	0.466924051747503	-0.988328319294344	0.322991880405601	0.397345652454122
asRNA_698	2.54188866583723	-0.36	0.797929638976699	-0.450190140216231	0.652573345092707	0.720498432270596
asRNA_699	10.1396455252816	1.53	0.444280392790439	3.44484824353876	0.000571380086460324	0.00103142184244843
asRNA_700	60.7252222903182	2.13	0.220261435255071	9.65446358994077	4.70615727083716e-22	2.10220333052281e-21
asRNA_701	1.33851101493979	1.01	1.29507039118767	0.78107091256122	0.434760788581484	0.516039597264906
asRNA_702	0.960580478760432	-0.36	1.20852239799586	-0.298446423771765	0.765362461431	0.818017534881048
asRNA_703	5.62254118225035	-0.84	0.619755159301041	-1.36059135063424	0.173642866474118	0.228593964825883
asRNA_704	10.8954870408666	-0.17	0.398717843682827	-0.43324861981422	0.664834160696031	0.730132229653977
asRNA_705	7.88755049485776	0.05	0.457051932185897	0.118732535945279	0.905487258911004	0.929037336655913
asRNA_706	20.6792438142657	1.86	0.425876737866184	4.36145766125438	1.29198799544772e-05	2.65739300059574e-05
asRNA_707	5.24336877967811	1.38	0.60090909193409	2.30434080134789	0.0212035202811014	0.0325373949768125
asRNA_708	2.82339318872137	-0.58	0.79163760278384	-0.726946375124917	0.467258806564887	0.547944445507455
asRNA_709	21.0700518736511	1.26	0.330614568828587	3.81733538492329	0.000134900735525979	0.000259100920367457
asRNA_710	5.89440840095156	0.10	0.651027580399204	0.159961674775876	0.872911264496156	0.904372406622774
asRNA_711	0.347457419861496	0.23	2.62094617459827	0.0894395774936039	0.928732571197856	NA
asRNA_712	0.60825985545978	1.28	1.68025820924116	0.760830296212477	0.446758436236747	0.528137666541151
asRNA_713	1.18136935957593	-1.53	1.34074956035302	-1.14165009735672	0.253599491355167	0.321555729197541
asRNA_714	40.8695731870095	1.20	0.289796591967828	4.12832777909022	3.65410973989493e-05	7.27300413649154e-05
asRNA_715	2.34096059429258	0.00	0.933460955798185	0.000565736553410973	0.99954860756263	0.99954860756263
asRNA_716	2.38321862567036	1.12	0.887880594699942	1.26588807823418	0.205553155206561	0.266505586384873
asRNA_717	6.71659854882731	-0.65	0.543421271575833	-1.19461359980986	0.232238033251261	0.296828443664062
asRNA_718	0.0857273126353844	-1.09	4.32417162435754	-0.251970579049641	0.801063804753806	NA
asRNA_719	1.20809959885774	0.14	1.33005313396289	0.108350411323018	0.913717735501765	0.935022724962605
asRNA_720	2.48569251696828	1.79	0.861743625994449	2.07911256180644	0.0376070057716657	0.0558301045515088
asRNA_721	1.8285013543758	0.31	0.934957671136459	0.326447558479989	0.744085760071019	0.800204406253654
asRNA_722	3.0115198319378	-0.21	0.790796472220547	-0.260718833382239	0.794309341295122	0.842035053528736
asRNA_723	1.48454045465957	0.17	1.07217220487518	0.159307717082161	0.87342644105405	0.904601839097572
asRNA_724	4.9558734804572	0.61	0.589675033934354	1.0301560585483	0.302936753285922	0.375967105262238
asRNA_725	11.4012339232951	1.03	0.439885525631029	2.33763816512574	0.0194060263624159	0.0298443094868341
asRNA_726	2.61400732067923	0.28	0.89721155681661	0.317418477562489	0.750926088522883	0.805530552032949
asRNA_727	0.672443870051673	1.99	1.75645857081576	1.13038185861886	0.25831535500645	0.32682710321717
asRNA_728	3.59780136133564	0.96	0.70127895047684	1.36362656561048	0.172685126704215	0.227589144091028
asRNA_729	3.34203728197332	0.91	0.698990306901817	1.30568380313521	0.191660108245873	0.249598902096165
asRNA_730	3.14848690823258	-1.16	0.844879851422843	-1.37155476961445	0.170202082427285	0.224655155203064
asRNA_731	189.721160959812	0.95	0.198891821149655	4.78175376650984	1.73772455423803e-06	3.76846875227283e-06
asRNA_732	10.8598623496105	0.11	0.397218149156219	0.280589734234058	0.779025090742468	0.829338112066951
asRNA_733	1.43933380521808	-0.79	1.21695547240064	-0.653221795203566	0.513613301174538	0.592865398234013
asRNA_734	2.86831104453062	1.13	0.910255123572761	1.24081537042043	0.214673961814182	0.276899441561203
asRNA_735	547.369768030248	2.22	0.191188581994883	11.6331532315443	2.7957568641462e-31	1.73732784956059e-30
asRNA_736	0.579001577989513	-2.09	1.90577528808149	-1.09511932688643	0.273464362566966	0.343764187960121
asRNA_737	3.7749232461672	-0.64	0.655271490216319	-0.975209844742784	0.329456179758138	0.404730807253612
asRNA_738	6.13437907021933	0.45	0.590289677384906	0.762520182559564	0.445749602155869	0.527122550747476
asRNA_739	24.5581808798115	1.27	0.315105963916738	4.02447696678078	5.71020822772819e-05	0.000111878019461795
asRNA_740	12.7284240142783	0.88	0.394552084709155	2.23127763583667	0.0256627441312117	0.0388796912317697
asRNA_741	151.888565134089	1.79	0.150269340059674	11.9141175109022	9.9918492774392e-33	6.59424488967839e-32
asRNA_742	10.8788376490064	2.04	0.511852642689335	3.99275289144245	6.5310619681526e-05	0.000127462804725869
asRNA_743	4.16003037306247	-0.23	0.745585561192697	-0.306443796677218	0.759266766306239	0.812739517225977
asRNA_744	1.25723851934157	-0.78	1.22158383437815	-0.637088853472328	0.524066968657676	0.603080670913504
asRNA_745	1.33765137444847	0.08	0.984072478061709	0.0771576054086166	0.938498167044745	0.953985832221801
asRNA_746	66.7812031344586	0.11	0.220654357893924	0.47970171796226	0.631439506147796	0.702466446794966
asRNA_747	15.3369693510703	0.17	0.339799959342852	0.506384359493986	0.612586852165684	0.685839425367894
asRNA_748	30.6579490470958	-0.20	0.27248806784398	-0.741976113711908	0.458101807944295	0.539187210087972
asRNA_749	11.4274657259721	0.72	0.441797371075102	1.62410149603577	0.104354148750394	0.142952561944063
asRNA_750	33.2417408078106	1.74	0.329344705621442	5.27342737917068	1.33899252357482e-07	3.10515373201532e-07
asRNA_751	1.88264815425306	2.55	1.3038077321036	1.95489748211196	0.0505951718218611	0.0728329841191284
asRNA_752	10.0138473017597	1.33	0.528020340543888	2.50978394511887	0.0120805049380327	0.0191921506051732
asRNA_753	1.5291955219435	-1.45	1.05349294053514	-1.37482391679054	0.169186041425863	0.223564994898836
asRNA_754	6.12748508632331	1.05	0.582669805180181	1.79693805338806	0.0723454546152235	0.10188724073568
asRNA_755	26.4015831189648	0.57	0.346729293585404	1.65077502442392	0.0987845217655886	0.135799708660525
asRNA_756	55.3634930308063	1.49	0.292802870250258	5.10020650802803	3.39283100528885e-07	7.63604465356996e-07
asRNA_757	7.93978045150168	-0.04	0.46855329467814	-0.0827165807854097	0.934076900493508	0.951419784633799
asRNA_758	2.34417494834397	-0.30	0.769874382945701	-0.384393427734483	0.700686870974974	0.760467265531108
asRNA_759	10.7119843811639	0.82	0.436904023526468	1.86663023133517	0.0619532428467741	0.0878150325535018
asRNA_760	1.89556394906082	0.86	1.02216223528472	0.841952494236864	0.399814545113365	0.479586220667244
asRNA_761	17.7256874018837	0.96	0.3104220518645	3.08201408516508	0.00205605108390095	0.00352972584610686
asRNA_762	1.28227862383115	-0.29	0.966785936483071	-0.295302058794463	0.767763143923715	0.820084088322532
asRNA_763	0.135926058000091	-0.49	4.32794324778021	-0.112507138781361	0.910421309753041	NA
asRNA_764	2.36622209361738	0.91	0.876216617606279	1.04066344718535	0.298031773410475	0.371060126398645
asRNA_765	369.380568895226	1.20	0.147529218022859	8.16332405148387	3.25928579583862e-16	1.15706293520621e-15
asRNA_766	43.5154043893812	0.62	0.221385510529719	2.78784398962985	0.00530600893181949	0.00872571304900151
asRNA_767	15.3222022151399	2.03	0.410607558381552	4.93380750062943	8.06419208291302e-07	1.77959637983077e-06
asRNA_768	6.92655068505326	1.78	0.669927046458673	2.6577292174133	0.00786690730408677	0.0127284384998381
asRNA_769	1.93326219325932	-0.43	0.874363718852549	-0.496505506761465	0.619537803117723	0.691636638075143
asRNA_770	45.511333079397	-0.72	0.238066016959985	-3.0394757520321	0.00236990279325737	0.00403918869277992
asRNA_771	2.23585862318918	-0.61	0.886586198828734	-0.693034431717897	0.488287943791761	0.568805232466116
asRNA_772	0	NA	NA	NA	NA	NA
asRNA_773	17.5611419389577	-0.62	0.351333990744137	-1.76843507978451	0.0769881963838761	0.108122223001516
asRNA_774	14.2509999729668	-0.14	0.379260216519709	-0.381960506111636	0.70249065914439	0.761953878361431
asRNA_775	75.0188014171675	1.76	0.24753893898368	7.11835002741641	1.09226697250148e-12	3.2777344790194e-12
asRNA_776	61.1823102270178	1.22	0.213375979741528	5.7378327148776	9.58957638203823e-09	2.36772170726696e-08
asRNA_777	0	NA	NA	NA	NA	NA
asRNA_778	88.7554903624844	0.60	0.174868276754621	3.42053536891786	0.000624980083250938	0.00112298110148109
asRNA_779	20.8154525072868	1.61	0.324587714461063	4.95131747548752	7.37127363276576e-07	1.62975703555671e-06
asRNA_780	14.4960548161108	-0.57	0.345404146574727	-1.65890525645271	0.0971348852777138	0.133636591775099
asRNA_781	156.212762367604	1.84	0.184963634147308	9.94880616172846	2.55226534042404e-23	1.18375212816761e-22
asRNA_782	32.8031635208424	0.61	0.276129349807362	2.22675021929229	0.0259639720696131	0.0392928904898326
asRNA_783	5.91743980867602	-0.20	0.680627980094999	-0.299498798013527	0.764559489010757	0.817408150400964
asRNA_784	3.19436878109604	0.95	0.768974618799115	1.24176230403199	0.214324274745304	0.27654999214655
asRNA_785	8.3831155498419	2.37	0.57901577983157	4.09780199054393	4.17091828677895e-05	8.24090833139048e-05
asRNA_786	191.034224867764	0.05	0.14394676560589	0.340956704408625	0.733136175676628	0.789341034284158
asRNA_787	3.63514935316923	1.53	0.883499733917711	1.73573029564494	0.082611534072861	0.115043952481534
asRNA_788	3.37384392493795	0.39	0.809564845424605	0.485803434359214	0.627106539086739	0.69919690655241
asRNA_789	0.563297257697915	-1.49	1.61224206599271	-0.922175092275354	0.356437252994634	0.433928985875229
asRNA_790	17.830740101496	0.99	0.386055704828122	2.56645967955236	0.0102742569439713	0.0164116997862981
asRNA_791	7.32187527989583	1.17	0.512067148144532	2.27898413191183	0.0226680085886941	0.0346032078934369
asRNA_792	4.86068637975355	1.77	0.644398711739986	2.74843171393979	0.0059881106674892	0.00980151820678536
asRNA_793	10.5168514077016	1.97	0.477261593261537	4.13258404476875	3.5870753754786e-05	7.14363110794406e-05
asRNA_794	1.27527113691229	-0.28	1.21024172486767	-0.230035122417776	0.818064477699646	0.860204965918975
asRNA_795	18.358736179711	0.94	0.320839346562998	2.93518833756142	0.00333345292028513	0.00558385171904631
asRNA_796	14.5099326354697	0.16	0.371192555101712	0.433324180697957	0.664779273569411	0.730132229653977
asRNA_797	0.941897567593951	-0.93	1.47484641632321	-0.633442156325025	0.526444943105078	0.604113528079346
asRNA_798	1.61741134577988	-0.18	1.3014996031768	-0.137998581006982	0.890241539010615	0.917955372530475
asRNA_799	1.58651539143991	-0.14	1.00398903191694	-0.140106366975087	0.888575950096734	0.916550231499802
asRNA_800	22.8851605430015	1.62	0.338875201427287	4.78002340546301	1.75274788205149e-06	3.79870235424863e-06
asRNA_801	76.3985645729572	-0.45	0.182481965823916	-2.47535582657732	0.0133103489978796	0.0210034316096878
asRNA_802	3.94241302846685	1.05	0.73810405340672	1.42109454953239	0.155289274323339	0.206757922695958
asRNA_803	4.59330747156442	0.32	0.582871951701751	0.543572611766088	0.586735611035043	0.661750314919382
asRNA_804	12.7950204804735	0.84	0.394353226431344	2.13444770569633	0.0328061500322222	0.0489929360966109
asRNA_805	0.526054010809089	-1.72	1.72755536233416	-0.995009768326195	0.31973151343985	0.394163393148636
asRNA_806	17.4556789005595	2.90	0.457975697814542	6.34283837090948	2.25570053538702e-10	6.04562181659834e-10
asRNA_807	0.81572588810611	1.28	1.61567302066178	0.791871917552663	0.428435362896576	0.50973790549979
asRNA_808	17.7160547281384	1.99	0.398068737596607	5.0105934279963	5.42624465882333e-07	1.21039040642495e-06
asRNA_809	44.8635510649798	1.31	0.221692383856213	5.93106865543515	3.00969324055457e-09	7.62962669139861e-09
asRNA_810	2.41403610000088	0.81	0.794368712425973	1.013777441047	0.31068896199994	0.383959502140721
asRNA_811	2.04738591367066	-0.47	0.971859968203203	-0.482205211813359	0.62966017483708	0.700931158482241
asRNA_812	1.59137105607753	2.96	1.29274301246073	2.2875428671633	0.0221641563187104	0.0338635129830253
asRNA_813	0.979215090817438	-1.06	1.37081979805955	-0.774802973144088	0.438456092183125	0.5197229370881
asRNA_814	52.5302005882929	-0.36	0.296178560104258	-1.20025334152777	0.230040964615156	0.294341773601972
asRNA_815	1.49528299061254	-0.34	1.46810635061152	-0.233456598202319	0.815406868057948	0.858438834708083
asRNA_816	2.8127518240823	1.17	0.786886222784824	1.4892457748651	0.136422660976852	0.183657961154037
asRNA_817	51.3218280858205	-0.39	0.200836147438545	-1.93874020096196	0.052532980889259	0.0754986884577111
asRNA_818	2.88326567563651	2.16	0.841358281235069	2.56330295603629	0.0103681534131048	0.0165541549037795
asRNA_819	16.9856447327663	1.31	0.342875224313157	3.82917117771218	0.000128575553529699	0.000247087448518213
asRNA_820	34.699606408324	1.66	0.287487762170669	5.78062092071945	7.44254211086213e-09	1.84931106519723e-08
asRNA_821	20.1610435108288	0.97	0.326748973841876	2.9694393360253	0.0029834371313711	0.00504083145728775
asRNA_822	2.98662773742383	3.34	1.17232823286229	2.84829100622366	0.00439547123043054	0.00728635481116224
asRNA_823	9.80525309841138	1.34	0.469660903682637	2.86162256144005	0.00421478507851584	0.00700668106565772
asRNA_824	117.672014136028	2.01	0.230124926419248	8.73156208421536	2.51179084367386e-18	9.82546841321048e-18
asRNA_825	0.283167693076508	0.96	2.68616971305248	0.355804843042501	0.721986721908714	NA
asRNA_826	62.8664614400645	1.81	0.211120056333451	8.55820422179185	1.14639158135785e-17	4.38929208522074e-17
asRNA_827	14.4673841485288	0.26	0.337198048205454	0.774969673978234	0.438357579526528	0.5197229370881
asRNA_828	78.8935278764919	0.72	0.164994810499495	4.34298311801528	1.40560939130875e-05	2.87760616494753e-05
asRNA_829	18.0287983277015	1.10	0.339984593210289	3.23735956888269	0.00120641299591037	0.00212316592914352
asRNA_830	4.9574026791168	-0.40	0.675684488751029	-0.595697519280027	0.551377315742455	0.628304376935004
asRNA_831	3.56865428542121	0.44	0.770062019904006	0.566900565511525	0.570781739944456	0.646456351272576
asRNA_832	173.905816275627	5.29	0.31015554892818	17.050058100162	3.49186034478301e-65	5.64973348872495e-64
asRNA_833	11.6137308998297	1.75	0.453430727262519	3.86952134185986	0.000109049235785261	0.000210253633631
asRNA_834	144.148851236922	2.88	0.247519130352669	11.6227519684317	3.1579718268672e-31	1.95894683465207e-30
asRNA_835	32.4833288603035	0.96	0.255388551740847	3.74409503147219	0.000181045125323161	0.000342483531793975
asRNA_836	14.5465594922206	0.85	0.360098977161091	2.35532976386911	0.018506274451633	0.0285355861219514
asRNA_837	105.390061568248	1.49	0.186861365669879	7.94858543583366	1.88653214030133e-15	6.48737937766697e-15
asRNA_838	54.5381183363433	1.27	0.2278694761356	5.55759327630048	2.73519823430847e-08	6.60927804587547e-08
asRNA_839	3.47064128656933	1.69	0.749746335052104	2.24780569425749	0.0245885826229255	0.0373240439209215
asRNA_840	33.3472362945255	1.77	0.298319597509345	5.9202646568829	3.21423947480962e-09	8.11733238821923e-09
asRNA_841	16.4034965168977	1.88	0.404604476900843	4.64393329986167	3.41837962054384e-06	7.29157402656708e-06
asRNA_842	4.28864369155771	1.49	0.687057189796439	2.16306469020836	0.0305362044238719	0.045719664704569
asRNA_843	1.90964025537936	0.92	0.94898737035075	0.967300109784133	0.333394028849335	0.409138914816504
asRNA_844	14.5847692672535	0.17	0.43169511042847	0.403775889556463	0.686377527791268	0.74933815300844
asRNA_845	3.37997873161187	2.85	0.992577237716754	2.86869598931893	0.00412167752358264	0.00686164522773762
asRNA_846	0.538642686980389	-0.84	1.92307947345585	-0.437284692946199	0.661904894963569	0.728738816624989
asRNA_847	5.60464800793239	-0.54	0.518159672881781	-1.04665726940731	0.295257678270607	0.368128447588104
asRNA_848	19.7776989118143	0.86	0.322913461616514	2.66142753045935	0.00778100886941494	0.0126026922028808
asRNA_849	15.5345779834109	0.60	0.36826785264604	1.63551289071272	0.10194157462481	0.139756684306017
asRNA_850	0.772980699505434	1.98	1.61190172018168	1.22626504088239	0.220098952438552	0.283133344900113
asRNA_851	1.6828524883288	-0.06	1.16258222759236	-0.0513088273516289	0.959079434161859	0.9683771560363
asRNA_852	11.421345974766	1.16	0.445196557734882	2.60880491659009	0.00908590239558321	0.0146333042710517
asRNA_853	2.84332398362894	-0.11	0.763629693660038	-0.148713594676319	0.881779633528522	0.911639662343534
asRNA_854	2.31752262941073	-0.09	0.880076218593275	-0.102831166004021	0.918096969480085	0.93813692079295
asRNA_855	3926.79153564954	3.81	0.323020645247107	11.8020634799797	3.80856022162184e-32	2.47169222515976e-31
asRNA_856	14.1269402394258	0.74	0.422645912532138	1.74820199567099	0.0804290561661704	0.112370241225398
asRNA_857	40.6175718534193	2.54	0.391006389129599	6.49889986884469	8.09094891604177e-11	2.21068650927803e-10
asRNA_858	2.59227701810596	-0.23	0.86381413402268	-0.268541611591538	0.788282449265088	0.837162637437908
asRNA_859	5.39642148345999	-0.73	0.655950177433175	-1.11090783074024	0.266608024492135	0.335746332134823
asRNA_860	3.81783715977596	-0.13	0.654266132375866	-0.201275725392488	0.840482982475507	0.87851615107815
asRNA_861	33.8810999813565	1.28	0.263591097564047	4.86416997445656	1.14938110643383e-06	2.50962504022959e-06
asRNA_862	2.05179169565147	-0.03	0.834309649209169	-0.0383148620281702	0.969436641302372	0.976669167177224
asRNA_863	11.3322681975443	1.40	0.447501155858271	3.13686871112232	0.0017076257440459	0.00295634811999269
asRNA_864	1.91700584860638	1.23	0.932252181571129	1.32002856236283	0.186825481933999	0.244026885070785
asRNA_865	18.9056815194784	1.58	0.380222693214157	4.1427029941934	3.43236330416575e-05	6.84328651954909e-05
asRNA_866	8.99272939859134	1.61	0.709403807747706	2.27436285705584	0.0229441787378975	0.0350095660794254
asRNA_867	1.19658202356649	3.09	1.42922708346931	2.16364117853185	0.0304918986136646	0.0456728054746487
asRNA_868	4.21017106286196	0.48	0.646072067842346	0.736663015579499	0.461327303252076	0.54225649873386
asRNA_869	2.06624895296289	-0.06	0.875987561099757	-0.0647144375889397	0.948401367385937	0.962380693899429
asRNA_870	514.183621839319	2.28	0.12687857808685	17.9875472595703	2.43917597166983e-72	4.70546529479822e-71
asRNA_871	249.188636074036	3.33	0.195210453148963	17.0513280889044	3.41680695706872e-65	5.55389316030939e-64
asRNA_872	251.645722048074	0.38	0.131101348869001	2.92566226741107	0.0034372386678201	0.00574947354107497
asRNA_873	9.33631614273915	0.23	0.41479688412581	0.55855711845876	0.576464012424103	0.652050627455228
asRNA_874	17.881017700153	0.67	0.378844091695824	1.76436496721158	0.0776705523912051	0.108945957838634
asRNA_875	1.54459389949514	1.19	1.00357363956363	1.18292666358906	0.236838213288923	0.302327554697884
asRNA_876	0.607701023192905	2.31	1.88881126915412	1.22500561917876	0.220573103340064	0.283570913887573
asRNA_877	34.8004988863078	2.70	0.330087008283676	8.18646272296535	2.69015939573465e-16	9.58898440449172e-16
asRNA_878	0.569516299523577	-0.05	1.77611311246966	-0.0298570074428465	0.976181093640003	0.982054962684829
asRNA_879	4.1340140966455	1.58	0.805299771460926	1.96754414530662	0.0491205117891734	0.0709001262702028
asRNA_880	8.2669847430392	4.17	0.903103092419836	4.61391996708728	3.95144632436681e-06	8.37773432660137e-06
asRNA_881	10.5475842358377	1.61	0.458048529047673	3.51366435052299	0.000441970904454476	0.000808208252885242
asRNA_882	7.6635318936873	1.18	0.505411798988898	2.33234468456281	0.0196825655749238	0.0302563431407869
asRNA_883	3.12744731076186	1.94	0.938527847875727	2.06377535374887	0.0390390209124272	0.0577735480595283
asRNA_884	83.7123144248727	1.80	0.22720443567858	7.90066706823869	2.77414729442794e-15	9.47473847347907e-15
asRNA_885	5.34904793247889	1.18	0.603864628896221	1.95042404258276	0.0511255985487792	0.0735362460076869
asRNA_886	14.0588546205225	0.07	0.336310923506582	0.219970894944203	0.825893822012395	0.865844493605709
asRNA_887	248.934512561071	2.77	0.192450020271636	14.4151164101461	4.15737638963565e-47	4.40983338489751e-46
asRNA_888	5.79708158966394	0.81	0.590111742636542	1.37510282528742	0.16909956859468	0.223534858936717
asRNA_889	3.56641343107162	0.98	0.718813550523119	1.36340432137576	0.172755119925623	0.227595957245352
asRNA_890	4.92194975699151	0.42	0.63622655659425	0.666727985223662	0.504945899713135	0.584910938268827
asRNA_891	1.2444287203793	0.52	1.10494740379574	0.467439606218782	0.6401853916698	0.710395357191109
asRNA_892	0.86584381113837	-0.14	1.44344186431945	-0.0944840355164621	0.924724663521865	0.943328647055493
asRNA_893	42.7069901743365	1.57	0.315628421862919	4.96475097179016	6.87892787097459e-07	1.52474215624948e-06
asRNA_894	67.5122118017575	-0.00	0.181270993354297	-0.0199366008324513	0.984093947699149	0.988316318756211
asRNA_895	2.73561806451234	1.41	0.873500728439823	1.60857910258174	0.107708406721014	0.14726020872176
asRNA_896	2.32442937633189	0.10	0.802779128447043	0.125846791478134	0.899853201938289	0.92460772373583
asRNA_897	1.11731110140069	-0.57	1.31642901922808	-0.431762393520474	0.665914114519745	0.730566361806349
asRNA_898	55.8750344024511	-1.49	0.212222120909118	-7.02400632903649	2.15595036002492e-12	6.38241291235034e-12
asRNA_899	40.8164821600413	-0.15	0.203468756157188	-0.735347720813766	0.462127752187264	0.543015574942934
asRNA_900	8.31408489974806	1.04	0.510504438754324	2.04102460302305	0.0412483816874387	0.0605954259851872
asRNA_901	9.91275008485171	1.03	0.453378109137717	2.26881709403319	0.0232794510138651	0.0354902963567869
asRNA_902	2.41617437784073	0.65	0.933862651390634	0.694121234826006	0.487606182725433	0.568388216317727
asRNA_903	4.281702563705	1.46	0.719710079584239	2.02631007066535	0.0427330199070412	0.0625669861941709
asRNA_904	3.65004428752103	1.30	0.793186187898858	1.64216714987394	0.100555368544863	0.138071919812677
asRNA_905	13.9920907872942	1.70	0.407670016411752	4.16729885395794	3.08230286865029e-05	6.16962043087075e-05
asRNA_906	0.731006333137106	-1.27	1.5525964352121	-0.820660242380294	0.411839822900478	0.492664265146024
asRNA_907	2.22312288298329	0.92	0.896195569105472	1.02193255604383	0.306812822494407	0.380105793852457
asRNA_908	34.1712697880289	1.54	0.284255621776356	5.42094746196953	5.92839829086019e-08	1.39601652576862e-07
asRNA_909	10.281790316771	1.30	0.469620914189691	2.76012483526622	0.005777927833933	0.00947073045048495
asRNA_910	1.33122936725799	1.63	1.30855453776685	1.24766346963066	0.212154324476756	0.274253988673744
asRNA_911	0.0632305206245447	0.96	4.32794324778021	0.220827755494641	0.825226551270093	NA
asRNA_912	2.61559452921684	-0.50	0.821262356911339	-0.610678509660888	0.541412435881658	0.617977588550228
asRNA_913	2.16827407917803	-2.45	0.979557113280648	-2.50173411172553	0.0123586702041577	0.0195985957934949
asRNA_914	2.28225270783529	-0.67	0.824018663244405	-0.812474327089558	0.416519512026662	0.497076820776889
asRNA_915	6.01971323000734	-0.27	0.506958268134275	-0.524005380575243	0.600274797510332	0.674409428313605
asRNA_916	25.8194288582659	1.00	0.332110501901749	3.00199407026272	0.00268217400269544	0.00454493866962533
asRNA_917	429.814719324651	-0.87	0.111837068755038	-7.80930729697737	5.75031432746107e-15	1.94502443195721e-14
asRNA_918	1.40145736407438	0.08	1.06550278408638	0.07894050101586	0.937079948587173	0.953151366323024
asRNA_919	6.10138967714891	0.00	0.53801726584606	0.00118733634423386	0.999052642885048	0.999337273267636
asRNA_920	19.0627200088201	-0.05	0.297124214042151	-0.183728407758109	0.854226522088768	0.889967156989218
asRNA_921	10.1801265394433	1.87	0.498195034233431	3.75440618666288	0.000173752905224836	0.000329398731233478
asRNA_922	0.582211632042452	1.51	1.96346705425803	0.769337044687794	0.441693251184694	0.523030355787339
asRNA_923	1.38989358135035	2.03	1.38314073832333	1.46950375253845	0.141696204750326	0.190174072965747
asRNA_924	199.247228082675	-0.45	0.150692336775073	-3.01149782664325	0.0025996226369002	0.0044093116319597
asRNA_925	18.9364190826963	0.89	0.359284681095559	2.46996606014561	0.0135125871747632	0.0213034097757492
asRNA_926	6.18908920959784	1.04	0.525874267255591	1.97989205707595	0.0477156591244874	0.0691129039546515
asRNA_927	17.2592265359227	1.26	0.382368561621395	3.28418404640622	0.00102278106781098	0.00181179834968938
asRNA_928	15.5608253221588	0.24	0.400563455749318	0.589212383402156	0.555718811119002	0.63225169988296
asRNA_929	21.0562759832049	0.59	0.310455636958787	1.9102886762191	0.0560960549635673	0.0800622963321483
asRNA_930	0.706542075764739	0.46	2.09658631141131	0.220087025713502	0.825803379072557	0.865844493605709
asRNA_931	18.5880985383725	0.63	0.303196281264794	2.06382571053069	0.0390342444240227	0.0577735480595283
asRNA_932	177.394547657699	0.33	0.154444616411822	2.15870700522947	0.0308729049721133	0.0461843925679974
asRNA_933	3.34936745765872	-2.00	0.839255326567401	-2.38186531027864	0.0172251963884611	0.0266891723388732
asRNA_934	4.41344817600294	1.41	0.776969198000173	1.81240438757359	0.0699237353999471	0.0986745317480764
asRNA_935	1.50975143983479	-0.06	1.11672137122941	-0.0538117007073137	0.957085187211596	0.967835856077163
asRNA_936	4.68522908878645	-0.68	0.544981443509208	-1.25459337608822	0.209626409284816	0.271120158619651
asRNA_937	3.05427875977204	-0.41	0.647863928802283	-0.637757327848783	0.523631661189872	0.602809740715299
asRNA_938	240.558148625255	0.32	0.155550240425618	2.04340723069221	0.0410121422887457	0.0603227727300258
asRNA_939	79.6432195473528	1.30	0.197333869565963	6.5937189758544	4.28943307592005e-11	1.19147148176861e-10
asRNA_940	8.33113463271954	-0.09	0.432629948007797	-0.210399935552095	0.833355542949458	0.872154833737299
asRNA_941	25.5002726054045	-0.02	0.243801356714993	-0.0884508098764867	0.929518379065769	0.947374118978665
asRNA_942	10.669927994768	0.03	0.373338277405179	0.0788721730789269	0.937134296937362	0.953151366323024
asRNA_943	16.0323576091233	-0.72	0.353250161197829	-2.05104035372724	0.0402630170951673	0.059346537792247
asRNA_944	61.818525097854	2.05	0.241409118467096	8.50445426129446	1.82451807109931e-17	6.90289110735956e-17
asRNA_945	3.21732813241561	1.14	0.853644080001412	1.33802318632294	0.18088887858455	0.236977930115804
asRNA_946	18.9763297598146	7.40	1.06647545553719	6.93827982709443	3.96902957487673e-12	1.15933967033213e-11
asRNA_947	11.8248171749017	-0.13	0.358686344878799	-0.356494902818676	0.721469968657596	0.77964944904796
asRNA_948	1.85849204493833	-0.42	0.972865907906176	-0.435280818857189	0.663358605882792	0.729978267057929
asRNA_949	5.35369908279561	0.37	0.546981307506711	0.679270054280204	0.49696676686821	0.577573756529059
asRNA_950	1.96611096380262	1.04	1.01008703485321	1.02784124352765	0.304024511972305	0.377183767326772
asRNA_951	244.891739704735	-0.52	0.157383495622325	-3.28910695176928	0.00100505824234491	0.00178310231878373
asRNA_952	138.023214039272	-0.67	0.175954890364288	-3.80407063160061	0.000142337565932551	0.000272490291160953
asRNA_953	73.1680695784543	1.82	0.290466449801547	6.24919536641539	4.12572590794324e-10	1.0973805805143e-09
asRNA_954	79.8238171440105	1.51	0.307611910289327	4.92261292151982	8.53962586003435e-07	1.877434339047e-06
asRNA_955	16.501002609183	0.00	0.321156845441607	0.00984592821953743	0.992144212813413	0.994527504314364
asRNA_956	43.248604759902	1.82	0.301230658838407	6.04226198842913	1.51968434251837e-09	3.92902188997203e-09
asRNA_957	3.96721569542012	1.17	0.753355644486359	1.54694142218814	0.121877371483688	0.165408369261395
asRNA_958	34.3481228872154	3.99	0.561260438256946	7.10989549136393	1.16130857823094e-12	3.47600547158468e-12
asRNA_959	173.388849175751	2.31	0.211717915409426	10.9014649388545	1.13416376609866e-27	6.15463521294034e-27
asRNA_960	9.6492229175631	1.62	0.614501522469769	2.63708717199132	0.00836213396655103	0.0135048078917022
asRNA_961	2.70309058302108	0.17	0.755936886585205	0.226967303734273	0.820449166552964	0.862454198732771
asRNA_962	10.9775685493008	0.09	0.376561034699441	0.246139567565328	0.805574194579046	0.850126539575302
asRNA_963	301.537309183484	2.42	0.191563480803976	12.657356536915	1.01872192146971e-36	7.5141442568911e-36
asRNA_964	227.738886752014	2.93	0.171277546903881	17.0909666339641	1.73277598652089e-65	2.84288620966114e-64
asRNA_965	124.16171578661	1.06	0.225303420689675	4.68808647659082	2.75771490470939e-06	5.907466156458e-06
asRNA_966	25.3742344871617	-0.22	0.397575701390759	-0.556742752468104	0.577703202396181	0.653031533680938
asRNA_967	1.6169446520317	0.25	0.92623212852376	0.270568058041732	0.786723265703727	0.836265633026275
asRNA_968	1.24749181753074	0.05	1.29782944615386	0.0401960111522872	0.967936857701177	0.975718147398459
asRNA_969	7.74054106029923	-0.59	0.535660408173033	-1.10920310089046	0.267342575205643	0.33643002922832
asRNA_970	4.28164002263321	0.44	0.621852590372597	0.702062676321617	0.482640077290054	0.56334751042732
asRNA_971	0.813566155650093	0.27	1.55888532472144	0.17613631564641	0.860186851143172	0.895379790798599
asRNA_972	80.3662102424152	-0.10	0.185498371844719	-0.515348780527546	0.606309317269878	0.680112464196339
asRNA_973	79.9610362423272	2.47	0.206336381097622	11.99072203329	3.97425725124878e-33	2.67823746816401e-32
asRNA_974	4.45889141069202	0.76	0.678457287571065	1.12408600227294	0.260976542958253	0.32948171245107
asRNA_975	49.5037961306407	1.73	0.246654659245566	6.99500867632365	2.65242514088914e-12	7.81263814568942e-12
asRNA_976	174.946571590307	1.33	0.136361833738753	9.77093892709606	1.50054907312286e-22	6.79797134933464e-22
asRNA_977	2.94712675715177	1.75	1.00834710405532	1.73964476794539	0.0819214131947816	0.114182644591853
asRNA_978	23.3915639117815	3.04	0.425735237395936	7.14161791887783	9.22386967659304e-13	2.78940623897659e-12
asRNA_979	9.02378849915965	0.93	0.494151608590065	1.87537751648729	0.0607408060022166	0.0862706188809799
asRNA_980	18.3606755562481	0.94	0.320084401619463	2.94404671795633	0.00323951095003133	0.00543946577979913
asRNA_981	273.107703828538	1.81	0.205891182467994	8.80542906299314	1.3035295625695e-18	5.15974328543574e-18
asRNA_982	34.3931499993773	-0.18	0.348199635173317	-0.504647360414736	0.613806539287848	0.686751637083174
asRNA_983	99.5529831323342	0.50	0.22765659022223	2.20349548651566	0.0275598447436873	0.0415290192682773
asRNA_984	35.1945574259226	0.57	0.309170441758178	1.8461266121405	0.0648738236107329	0.0918805948758706
asRNA_985	129.414371797564	0.26	0.229899925614705	1.12919143989095	0.258817084001621	0.327343941617324
asRNA_986	169.368289180316	0.46	0.205463614073533	2.23118630519186	0.0256687907363265	0.0388796912317697
asRNA_987	1.37988543041186	0.49	1.05302793826061	0.468327549255209	0.639550370273489	0.709915064821442
asRNA_988	36.1639819466935	-0.23	0.269127885983519	-0.863708608869305	0.387747983245278	0.466706605819051
asRNA_989	5.1998725624215	1.13	0.6350027203924	1.78062683807444	0.0749734323824089	0.105334822366802
asRNA_990	4.52376797327319	0.19	0.569262939189644	0.33282732158441	0.73926463325255	0.795695318010332
CDS_1	4.48321791761931	1.40	0.676516850563975	2.0712530247464	0.0383351566885722	0.0568150000563854
CDS_2	15.5920067305991	1.81	0.398802685841502	4.5490575165848	5.38867144841966e-06	1.13631384116525e-05
CDS_3	166.623914504385	-0.13	0.266416307617329	-0.472204367024208	0.636780922949113	0.707511968504537
CDS_4	437.222251028345	0.05	0.16796967503516	0.315298903382491	0.752534717546969	0.80676317352898
CDS_5	2.97501914413184	1.08	0.73766947268808	1.46123783159189	0.143950184174174	0.192977891040674
CDS_6	26.8690805639937	1.49	0.330772276057258	4.51058732866952	6.4648379703835e-06	1.35672720346781e-05
CDS_7	0.0640957545620145	0.00	4.32794324778021	0	1	NA
CDS_8	0	NA	NA	NA	NA	NA
CDS_9	7.05567515032301	0.35	0.48937351897624	0.724234246931552	0.46892193676657	0.549464169027473
CDS_10	1.12118533314856	0.64	1.33515725464815	0.476583015868853	0.63365907994185	0.70429368949589
CDS_11	61.3455676337175	2.48	0.273330385980969	9.07002332463518	1.18991541498019e-19	4.91505061411231e-19
CDS_12	55.2076737391763	-0.11	0.201713661043193	-0.528425799373176	0.597203834866146	0.671482207688971
CDS_13	0.254869618573287	1.70	2.7384980080786	0.621802314270629	0.53407186439886	NA
CDS_14	186.470936019085	2.73	0.24616381142814	11.1050441693418	1.1855871358104e-28	6.63890978282347e-28
CDS_15	0.940524120343532	-0.82	1.58452510074354	-0.518363385456733	0.604204755939947	0.678185069726711
CDS_16	14.0003375246703	-1.40	0.351923615545084	-3.98454662613036	6.76090817571342e-05	0.000131802046668128
CDS_17	2.63845039101565	3.49	1.13295561838561	3.08188942473772	0.00205691229881363	0.00352972584610686
CDS_18	14.7262532494822	3.34	0.528831632606931	6.32209844413866	2.58034896755958e-10	6.88943363125603e-10
CDS_19	0	NA	NA	NA	NA	NA
CDS_20	0	NA	NA	NA	NA	NA
CDS_21	0.892990161563085	2.99	1.61066049029074	1.85851724958864	0.0630955961243354	0.089398158996183
CDS_22	24.7201660396156	2.71	0.469406259756268	5.76292537501369	8.26683536540043e-09	2.04688709223702e-08
CDS_23	1.27947758637761	1.49	1.26655911827876	1.17606420461708	0.23956922055667	0.305420309867272
CDS_24	9.02109558495219	2.58	0.598901281907938	4.3029960683931	1.68503841530525e-05	3.42767663739092e-05
CDS_25	0.16288539537727	0.96	4.18944555923806	0.228127265055419	0.819547304430695	NA
CDS_26	79.7827627476979	0.36	0.289963677372451	1.23155057451519	0.218117013501312	0.28092767219483
CDS_27	0.246234435105258	0.96	2.76384328853683	0.345805040974063	0.72948923647293	NA
CDS_28	2.70290692336641	0.78	0.916848914046528	0.853541146473253	0.393359279956216	0.472974120522697
CDS_29	284.751577664903	2.87	0.194071751108518	14.7956203789068	1.56336217008742e-49	1.78793634500877e-48
CDS_30	49.8389734512425	0.52	0.259493227931484	2.00887053463611	0.0445508654980896	0.064876851415924
CDS_31	2.49627168680647	-0.59	0.744863444520995	-0.789837330070688	0.429622774899686	0.510804457390043
CDS_32	171.235503124855	1.42	0.132478116420578	10.6933466939804	1.09352424314169e-26	5.64612296716245e-26
CDS_33	50.2133611409499	4.87	0.514485924944721	9.46495653439443	2.9368317710102e-21	1.26517992000207e-20
CDS_34	6.90113237627325	1.14	0.518554542052319	2.19333457286643	0.0282832824617134	0.042564339787002
CDS_35	51.6575187530971	1.65	0.259938041109182	6.33062592638261	2.44168649661166e-10	6.52914035765694e-10
CDS_36	7.05396713040521	1.52	0.604277098021228	2.51231023979429	0.0119943592197557	0.0190725521832256
CDS_37	0	NA	NA	NA	NA	NA
CDS_38	0	NA	NA	NA	NA	NA
CDS_39	0.631309524822795	1.19	1.76551821900788	0.675874069153525	0.499120602627827	0.579096795783233
CDS_40	0.336181548344833	0.87	2.26917718698868	0.381979782975373	0.702476360515392	NA
CDS_41	64.2986736899616	0.85	0.232918025984455	3.66113429973221	0.000251101084501654	0.000469694143678906
CDS_42	7.04190300437529	0.02	0.529686962931033	0.0388105262936028	0.969041452389988	0.976551245505525
CDS_43	0	NA	NA	NA	NA	NA
CDS_44	13.1759922808804	-2.52	0.40667857370262	-6.19043697548633	5.99976535717726e-10	1.5826578639406e-09
CDS_45	75.771590740718	1.52	0.214406380482165	7.10163778483295	1.23287009891656e-12	3.68392078067748e-12
CDS_46	46.8403613815574	0.59	0.199719433779142	2.96639804409006	0.00301310245069964	0.0050860589925031
CDS_47	62.7116931357141	1.52	0.247760957672908	6.14867687821613	7.81319644254778e-10	2.04870296562997e-09
CDS_48	0	NA	NA	NA	NA	NA
CDS_49	0.817262485291385	-2.08	1.54348939495076	-1.34802960375696	0.177648861242943	0.233168281055691
CDS_50	6.51204724482288	0.14	0.473041545404857	0.290712515190619	0.771271199076337	0.822579945308936
CDS_51	12.2278071407515	1.34	0.531599725296943	2.52636056478676	0.011525112821646	0.0183430059459651
CDS_52	25.9778043609434	0.38	0.289112201415976	1.31933499607059	0.187057143025014	0.244238612555159
CDS_53	95.1071111256142	0.01	0.184328690977281	0.0663425151730804	0.94710513554787	0.961621206162108
CDS_54	0	NA	NA	NA	NA	NA
CDS_55	5.07163642312346	1.23	0.721754156132465	1.70747677386705	0.0877334712070163	0.121607665774905
CDS_56	0.280467854087866	0.96	2.67871116809119	0.356795704276125	0.721244752386571	NA
CDS_57	241.726762798455	1.66	0.251037038576881	6.62956657574471	3.36673962741708e-11	9.38889819846017e-11
CDS_58	61.928376168368	2.31	0.299604388535593	7.72539276874205	1.11508976822512e-14	3.72510007253892e-14
CDS_59	15.3758074583963	1.95	0.438828161250203	4.43491472891558	9.21087395837874e-06	1.91697560568274e-05
CDS_60	1.41137989676607	1.58	1.39100057117274	1.13272795807262	0.257328513073532	0.325813346340127
CDS_61	4.25650343778118	0.66	0.758894881059013	0.869568084015214	0.384536485828	0.463158696995577
CDS_62	39.2669197175337	0.94	0.246488829794741	3.81298032531412	0.000137301046272739	0.0002634229363189
CDS_63	34.4604553259689	0.11	0.238926695395384	0.453974994685876	0.649846824507284	0.718391750895805
CDS_64	0.0661945404380891	0.96	4.32794324778021	0.220827755494641	0.825226551270093	NA
CDS_65	0.519091109154058	-0.36	1.84749191223339	-0.193706019245495	0.846406078440351	0.883392313140331
CDS_66	0.115228576430986	-0.49	4.32794324778021	-0.112507138781361	0.910421309753041	NA
CDS_67	58.6145800955025	0.20	0.189514799783073	1.04797922990844	0.294648176387669	0.367629618797835
CDS_68	218.003775768286	4.27	0.323065422705602	13.2118394203888	7.49697400201546e-40	6.05100591289109e-39
CDS_69	0	NA	NA	NA	NA	NA
CDS_70	100.718781140694	1.62	0.310762570170913	5.21736667183824	1.81484770043457e-07	4.15380070158133e-07
CDS_71	3.10881372236825	0.21	0.735714202477476	0.288159563416126	0.773224600233581	0.824412867118161
CDS_72	9.06340702527068	1.61	0.488870946091809	3.28587053237645	0.00101667727715428	0.00180189496218509
CDS_73	34.7849683988095	-1.29	0.253534955658284	-5.07026323180435	3.97265856886111e-07	8.91816127574896e-07
CDS_74	0.0972036820285713	-0.49	4.32794324778021	-0.112507138781361	0.910421309753041	NA
CDS_75	2.67635110275889	0.78	0.854717722458266	0.914702813733509	0.360347666821424	0.438086140841895
CDS_76	4.31191854017572	-0.27	0.652212119337121	-0.416185885096124	0.677273987464342	0.741012455589687
CDS_77	7.5930022811466	2.70	0.655750487467466	4.12235650899623	3.75016211900619e-05	7.45455098044556e-05
CDS_78	8.27747825931821	1.13	0.653034025144172	1.7355825884808	0.0826376668067301	0.115043952481534
CDS_79	0.439622797724039	0.23	2.25332616200825	0.104032370530194	0.917143659968791	0.937487568793557
CDS_80	5.29693642481522	1.01	0.610401727616342	1.66091393018993	0.0967307341184853	0.133237193993724
CDS_81	11.4802219675441	0.34	0.387967788441492	0.869852169349868	0.38438119720621	0.463130536510296
CDS_82	0.571112342727931	1.22	1.79706323992094	0.678047161187068	0.497741791319618	0.578283067280999
CDS_83	38.7191527159054	0.76	0.236586725303078	3.19982354623044	0.00137511747611086	0.00239842894119484
CDS_84	23.3296937491585	1.15	0.389444102669589	2.94574533625003	0.00322177535399322	0.00541227429084698
CDS_85	26.6299664629037	1.10	0.36841252292461	2.99649444560152	0.00273103213255783	0.00462549629397519
CDS_86	2.44649937880242	2.03	1.00690410499181	2.02083242331414	0.0432971151980738	0.0633136907373748
CDS_87	1.41430217905227	-0.26	1.11833268960847	-0.236836787522355	0.8127834110052	0.856302239993541
CDS_88	0.628108678522009	3.70	1.84949596937238	1.99929663749411	0.045576267778846	0.0661779471346271
CDS_89	44.3489531359014	1.74	0.287575923876728	6.05337179885454	1.41844966222751e-09	3.67540720596367e-09
CDS_90	350.127345281735	-0.16	0.177137298720698	-0.896708130233648	0.369874681133217	0.448112493256979
CDS_91	0	NA	NA	NA	NA	NA
CDS_92	13.3727317791677	1.35	0.420018491778461	3.20538226176906	0.00134883216613798	0.00235492279229758
CDS_93	2.73974756765188	1.10	0.971306466919803	1.13455474376457	0.256561924245284	0.324959926416014
CDS_94	0.19249270743508	0.96	3.40177401191666	0.280953429170044	0.778746119771408	NA
CDS_95	0.185157723999406	0.23	3.43027515682331	0.0683378761293185	0.94551667379701	NA
ncRNA_1	12.6177786150497	-0.77	0.40108696788156	-1.92490932089309	0.0542407036209181	0.0777502500108679
ncRNA_2	15.9137509095907	3.12	0.497936335691007	6.26608949843055	3.7022759902496e-10	9.85495906123302e-10
ncRNA_3	13.029223531844	3.43	0.654211911916699	5.242452302936	1.58456360792284e-07	3.64335483131439e-07
ncRNA_4	3.09163087113212	-0.31	0.761591830839976	-0.405590822057462	0.685043273568879	0.748114131726387
ncRNA_5	1.48629387169904	0.01	1.13911713377942	0.00798843088198102	0.993626222124767	0.995043258950388
ncRNA_6	0.434048706830813	-0.69	1.95549704687219	-0.350633727188728	0.725863150401509	0.783673284458702
ncRNA_7	2.04700421524586	-0.13	0.907182476463442	-0.143807585385396	0.885652412870358	0.915357133907468
ncRNA_8	1.60875069168413	0.02	1.0193429713001	0.0187000986061942	0.985080349592956	0.989024051307083
ncRNA_9	68.6776041871375	1.39	0.253306075945331	5.4996921667403	3.80454868998341e-08	9.06841171115529e-08
ncRNA_10	16.4518957775639	1.52	0.391877162182888	3.87783250538345	0.000105391232694216	0.000203424199004613
ncRNA_11	26162.451242286	6.20	0.177594756602011	34.9355121743902	2.14921252826212e-267	1.88647129668208e-264
ncRNA_12	6.36422536013058	0.54	0.504444959158931	1.0766375819546	0.281642207597719	0.35303312776708
ncRNA_13	45.6759525599865	2.61	0.401191219773591	6.50230521220243	7.90984088965516e-11	2.16457142350579e-10
ncRNA_14	0	NA	NA	NA	NA	NA
ncRNA_15	1.04137201675071	0.65	1.69756803178188	0.38451447131262	0.700597172222802	0.760467265531108
ncRNA_16	0.3568625004218	0.23	2.12169897504831	0.11048776932771	0.912022549145152	NA
ncRNA_17	0	NA	NA	NA	NA	NA
ncRNA_18	0.316079554728199	2.26	2.95547427659194	0.764128041482742	0.444790943126121	NA
ncRNA_19	23.776769843871	3.60	0.497320484297226	7.24406531181598	4.3543156647748e-13	1.34696055498012e-12
ncRNA_20	0.907105681400792	0.27	1.66869437661283	0.158881193038469	0.873762478250286	0.904683002399514
ncRNA_21	17.172891743169	2.76	0.459718449715601	6.01080168963727	1.84608117669677e-09	4.75189956846214e-09
ncRNA_22	0	NA	NA	NA	NA	NA
ncRNA_23	8.29754896793206	1.35	0.536278424001372	2.50948799287023	0.0120906325994796	0.0191995527167674
ncRNA_24	0.564211509295063	-0.25	1.75582270699988	-0.140958483277405	0.88790274033748	0.916351123258346
ncRNA_25	48.2385456700395	-0.06	0.212668597983717	-0.286824374774318	0.77424679837554	0.825252127837438
ncRNA_26	18.1305769959215	1.47	0.394061244073197	3.72250744480897	0.000197254090822001	0.000371943669643419
ncRNA_27	0.599145494249917	0.31	1.65587374487408	0.184381367740279	0.853714285618867	0.889697493858072
ncRNA_28	54.6566560059178	2.39	0.25336806825235	9.45044258422809	3.37401027841405e-21	1.44641637210156e-20
ncRNA_29	2.6835393309562	1.51	0.948148332347488	1.59730026520493	0.110198791733958	0.150547843493357
ncRNA_30	49.0605469351438	2.30	0.273193019729292	8.41722568953343	3.85504573203121e-17	1.43379931834339e-16
ncRNA_31	1.57328327462077	0.90	1.06024389972479	0.851200511899448	0.394657978506303	0.474373215520585
ncRNA_32	0.943863591965047	0.17	1.24527692633115	0.13759276983555	0.890562270012983	0.918016479746207
ncRNA_33	9.3349126555459	-0.13	0.397433002499646	-0.326223614065891	0.744255176380882	0.800204406253654
ncRNA_34	7.27136001619006	-1.69	0.515530985605035	-3.27711800436554	0.00104872529587644	0.00185494937724039
ncRNA_35	9.50521099784963	0.87	0.440669549499412	1.97525591619568	0.0482391132573699	0.0697559829681326
ncRNA_36	0.295314715242836	-1.28	2.67460433469142	-0.479069157766767	0.631889430212	NA
ncRNA_37	0.451067037331499	0.23	2.23826670151729	0.104732716891712	0.916587900392348	0.937487568793557
ncRNA_38	6.35917478823873	-1.99	0.534916153276102	-3.71112312829232	0.000206341699961855	0.000388453463038108
ncRNA_39	0.166804921883068	-0.54	3.54350548130791	-0.151304217343063	0.879735742625308	NA
ncRNA_40	5.01840531786644	3.30	0.838794627112281	3.9309508144676	8.46105819278379e-05	0.000163944676130595
ncRNA_41	2.24409794902135	0.89	1.02378853347637	0.870123111915042	0.384233128520169	0.463111058782806
ncRNA_42	3.66617058535087	4.50	1.24952465787575	3.60064872401461	0.00031742419574848	0.000588114169537157
ncRNA_43	11.0101247635183	-0.56	0.42033009483056	-1.33764912397592	0.181010842880988	0.237049261229074
ncRNA_44	65.9584393931799	1.02	0.287096571914071	3.54393295582348	0.000394205475356912	0.000724636347632522
ncRNA_45	69.7823983311213	2.81	0.310649417244931	9.0406979110572	1.55674689504109e-19	6.40766512132389e-19
ncRNA_46	427.694619051472	0.91	0.144766169196977	6.31765898893621	2.65555186245258e-10	7.0848347941269e-10
ncRNA_47	44.5572719471476	1.18	0.266890452760759	4.41749591356331	9.98509577588517e-06	2.07319167765422e-05
ncRNA_48	6.58787932060648	-2.16	0.571962502170902	-3.77879625289343	0.000157588294743979	0.000300539110725753
ncRNA_49	1.69586188871992	2.07	1.30508734326968	1.58499921630986	0.112966512326643	0.153909749623144
ncRNA_50	0.538029433564646	-1.49	1.9669635196521	-0.759269737503323	0.447691216608844	0.528706310633586
ncRNA_51	0	NA	NA	NA	NA	NA
ncRNA_52	0.427772012998597	2.25	2.20209504154789	1.02206985299536	0.306747840415296	0.380105793852457
ncRNA_53	3.88012320364546	3.41	1.20790327609875	2.82674997717361	0.004702302635457	0.00778029432285087
ncRNA_54	0.473909092778979	0.17	1.94266026407363	0.0883917472192217	0.929565320387781	0.947374118978665
ncRNA_55	0.128663888769835	0.00	4.32794324778021	0	1	NA
ncRNA_56	5.90325788766375	0.18	0.511238434262213	0.344261744915715	0.730649451047032	0.787294904955471
ncRNA_57	116.299647025778	-0.60	0.165766965538373	-3.61716603974941	0.000297846251672577	0.000553886752977975
ncRNA_58	2.62187086521218	0.84	0.903654662908076	0.929147379545601	0.352812713204536	0.430112998632335
ncRNA_59	0	NA	NA	NA	NA	NA
ncRNA_60	30.8471090429983	0.36	0.296275802786263	1.20657203725368	0.227597000992486	0.291427086245302
ncRNA_61	21.9192982869968	1.15	0.352406415375486	3.25240106818575	0.00114434424751524	0.00201899128292764
ncRNA_62	12.8645199417901	2.30	0.483795033507014	4.76378111753818	1.89998599787737e-06	4.10513897756765e-06
ncRNA_63	4.81122600619275	1.71	0.722012095006196	2.37410076791161	0.0175917487834683	0.027221079761462
ncRNA_64	574.726886263204	-0.85	0.189852434729472	-4.46291546440199	8.08519568155523e-06	1.68569608301309e-05
ncRNA_65	0	NA	NA	NA	NA	NA
ncRNA_66	1.93254545070959	0.26	0.859700996941563	0.30763841732622	0.758357484159709	0.812013762392418
ncRNA_67	21.6251083044045	1.88	0.399558123417675	4.71392073069749	2.4299522563598e-06	5.21808096151636e-06
ncRNA_68	5.41276932043872	0.76	0.549599687717644	1.39170549541712	0.164011597521661	0.217381924839016
ncRNA_69	8.73155048361955	0.07	0.456232296534579	0.163725967203364	0.869946874517469	0.902595589961831
ncRNA_70	634.087991486198	3.75	0.205793878633058	18.234122328467	2.76659385488851e-74	5.61474625694425e-73
ncRNA_71	0.0618563828440069	0.96	4.32794324778021	0.220827755494641	0.825226551270093	NA
ncRNA_72	24.3298434307836	0.49	0.290214973021497	1.69466368872155	0.0901392376996344	0.124745314766818
ncRNA_73	6.59823363321994	0.40	0.523169002997779	0.767437523365038	0.442821425860688	0.524012816379129
ncRNA_74	757.406179963675	3.74	0.342431802459932	10.9221645260859	9.03173291579275e-28	4.91634329726331e-27
ncRNA_75	0	NA	NA	NA	NA	NA
ncRNA_76	1557.64430764651	-0.07	0.558012481530781	-0.13039878323107	0.896250929212721	0.922526242294301
ncRNA_77	56.0084883696236	3.96	0.411788304668873	9.62415624868287	6.32236538618406e-22	2.81283077112712e-21
ncRNA_78	0.834750925923448	0.03	1.39200910425213	0.0240142480296379	0.980841243700607	0.985895678967315
ncRNA_79	0.180892071278767	-0.60	3.4661079738672	-0.172307859011051	0.863195506164209	NA
ncRNA_80	0.63397400946762	-0.11	1.58404039446752	-0.0679792202617068	0.945802175841708	0.960576059988497
ncRNA_81	8.05142106132253	0.10	0.490969731660987	0.194731917033268	0.845602824020791	0.883078975353062
ncRNA_82	0.253319644275654	1.72	3.16604386705285	0.542629496510219	0.587384925892449	NA
ncRNA_83	0.15566091015721	-1.23	4.29919424020158	-0.285156568910246	0.7755241925155	NA
ncRNA_84	0.0640957545620145	0.00	4.32794324778021	0	1	NA
ncRNA_85	15.7500243499698	1.76	0.395950776509225	4.44559131279254	8.7650440217416e-06	1.82527102967585e-05
ncRNA_86	55.2622425574081	0.64	0.218765426745909	2.93738663263705	0.00330991164071227	0.00554706432961373
ncRNA_87	26.3917270050826	2.16	0.338400543720064	6.38365611834516	1.72909142723793e-10	4.66628747196954e-10
ncRNA_88	3.15780896258896	0.99	0.734416212841412	1.34377299250996	0.179021805421751	0.234794754888221
ncRNA_89	1.70789547451277	2.77	1.35418709191856	2.04755343289914	0.0406037761799564	0.059773525437244
ncRNA_90	1.20583360657322	4.37	1.331986261004	3.28112784924351	0.00103392866616917	0.0018306220609783
ncRNA_91	1.33258597794781	2.56	1.26899267450093	2.01970559270445	0.0434139346478753	0.0634524394952386
ncRNA_92	0.246959083200795	1.69	2.76434828402787	0.611267646908452	0.541022405841759	NA
ncRNA_93	1.22579527175446	-0.07	1.26179601797431	-0.0583866293613387	0.953440664827459	0.965262449310613
ncRNA_94	21.6574984255771	1.60	0.407662204849012	3.93150458096371	8.44158874370428e-05	0.000163748166183126
ncRNA_95	12.8259340144908	-2.13	0.442866065816872	-4.8010026278723	1.57873197119339e-06	3.43215352994428e-06
ncRNA_96	2.50325599653986	-0.69	0.887632823356467	-0.772205169117595	0.439992920477188	0.521368593923526
ncRNA_97	138.306608896608	1.63	0.193839021835054	8.38520372742896	5.0637979045869e-17	1.87147309926364e-16
ncRNA_98	162.133031921538	-0.76	0.186294129843012	-4.08113382388399	4.48165406206373e-05	8.83993674826166e-05
ncRNA_99	0	NA	NA	NA	NA	NA
ncRNA_100	0.109058196755781	0.23	4.32794324778021	0.0541634303443191	0.956804956252413	NA
ncRNA_101	0.634293262146351	0.31	1.62441015870453	0.190368006173464	0.849020766586018	0.885857923174891
ncRNA_102	0.128062786119929	0.96	4.32794324778021	0.220826194504457	0.825227766759409	NA
ncRNA_103	0.65051329860818	-1.53	1.61442182553128	-0.947713446390589	0.343275353710978	0.419944169644336
ncRNA_104	0.0543400257108791	0.00	4.32794324778021	0	1	NA
ncRNA_105	23.0423763355592	-0.08	0.277521281632384	-0.305660212422829	0.759863370141955	0.812882477930653
ncRNA_106	1.27310274684536	-0.20	1.16634043537292	-0.169730974783151	0.865221713146845	0.899287576926753
ncRNA_107	124.958769107186	-1.85	0.192977890759818	-9.57483784754625	1.02017265048396e-21	4.48288632772115e-21
ncRNA_108	0.303321512392451	1.69	2.36714820966254	0.713103331793254	0.475781817950323	NA
ncRNA_109	12.6612583882343	-0.76	0.386982390896563	-1.97165151416359	0.048649402177751	0.0702913790313101
ncRNA_110	4.91744994097921	1.62	0.62204716783224	2.60361154082573	0.00922472455593675	0.01485007240527
ncRNA_111	6.48347229816304	2.21	0.626790674468101	3.52935529251479	0.000416573454550516	0.000763754255314288
ncRNA_112	15.232567328318	3.75	0.674555145338422	5.56244278692741	2.66024261123353e-08	6.43258388983534e-08
ncRNA_113	48.7785497379532	0.46	0.216173163539179	2.11407690110298	0.0345086997120419	0.0514261649783443
ncRNA_114	0.379617811272645	1.67	2.10489361013431	0.792452683415622	0.428096770920233	NA
ncRNA_115	8.11434076628965	1.97	0.516858761877722	3.81200350041859	0.0001378449240682	0.000264321970728263
ncRNA_116	23.1682328938134	2.12	0.352465634648888	6.01604454631256	1.78730406786395e-09	4.60736019256266e-09
ncRNA_117	7.56423476195735	-0.34	0.441069829218542	-0.760108093245741	0.44718997535242	0.528375872170233
ncRNA_118	0.422655389883321	1.55	2.15869753928729	0.719351717625549	0.471924237791336	NA
ncRNA_119	0.488977977734885	-1.03	1.90715879432467	-0.538581259680198	0.590175821393289	0.664989508636662
ncRNA_120	13.519430897965	0.10	0.391191791093041	0.250799011014863	0.801969506240967	0.848362439413087
ncRNA_121	0.18347629412652	0.00	4.07548256005665	0	1	NA
ncRNA_122	26.5699269515533	2.54	0.370559514869168	6.85340429454993	7.21129036789838e-12	2.07531479358125e-11
ncRNA_123	11.1992837611829	0.33	0.399426022856448	0.817469786963942	0.413660008418705	0.494504695116811
ncRNA_124	0.410175964971765	-0.36	2.02753252993822	-0.177758826824892	0.858912383726596	NA
ncRNA_125	78.9228243541705	2.51	0.219055506528935	11.442556824769	2.56221393659375e-30	1.54835337889512e-29
ncRNA_126	10.8594239432953	0.55	0.465983236319583	1.18272037996839	0.236919984474538	0.302327554697884
ncRNA_127	94.4453682567131	1.07	0.157602908373462	6.81413122029377	9.48351136124705e-12	2.71145019457153e-11
ncRNA_128	35.0146701772759	0.62	0.291534586223722	2.12954722081915	0.03320901242117	0.0495734875045611
ncRNA_129	4.68698248628324	0.44	0.670236557078917	0.662627723538263	0.507569009954302	0.587174561433132
ncRNA_130	0.931796323767322	1.02	1.51128421009107	0.675924776812131	0.499088405875475	0.579096795783233
ncRNA_131	7.61658099615334	2.65	0.662676079489692	3.99374899954308	6.50367112733235e-05	0.000126998828298464
ncRNA_132	494.515874488336	-2.10	0.142873329103833	-14.7096268738003	5.59148679624895e-49	6.25213698778028e-48
ncRNA_133	72.7415220900799	0.18	0.164731185325658	1.12189232207237	0.26190822559654	0.330420330603468
ncRNA_134	31.6007477197305	-2.11	0.255992330381023	-8.23280814649049	1.82874958471667e-16	6.58537414557973e-16
ncRNA_135	28.4175189459596	0.98	0.38371355641319	2.54319197962266	0.0109844857777346	0.0174904895989235
ncRNA_136	1.68668645760174	3.12	1.27691869418028	2.44332134007071	0.0145527730829692	0.0227898243953189
ncRNA_137	0.266626159274347	0.00	3.64571707078262	0	1	NA
ncRNA_138	7.0397979689525	-0.70	0.601899655534069	-1.16191396228102	0.245270415070989	0.312575109732937
ncRNA_139	48.4789911090013	0.58	0.238320321316676	2.45000129230215	0.0142855701989125	0.0224013563949896
ncRNA_140	15.169688361151	1.81	0.475181825333248	3.80223129519683	0.00014339875713763	0.000274372226872054
ncRNA_141	7.88487069885382	1.42	0.72030738635266	1.97141905514745	0.0486759632554383	0.0703008255820008
ncRNA_142	1.82977190777694	0.06	1.05798053778958	0.0594652975058165	0.952581505122779	0.965218842006475
ncRNA_143	228.430314628262	0.63	0.229688329823143	2.7344720213292	0.00624804050429948	0.010198451980751
ncRNA_144	3.34486660879026	2.84	0.916024185527828	3.09562162422308	0.00196400807730727	0.0033785557860979
ncRNA_145	1489.49270790676	1.89	0.207919667365491	9.1025077163954	8.82697328739673e-20	3.65465839764739e-19
ncRNA_146	75.2381127034658	3.67	0.3327247252714	11.0254562672308	2.88054019315854e-28	1.59018500285843e-27
ncRNA_147	1.37824417155994	1.28	1.39248879818015	0.919192060318714	0.357995123277817	0.435674481049711
ncRNA_148	72.063194029099	-1.58	0.213820341610435	-7.39802163874083	1.38228330534722e-13	4.34874254934954e-13
ncRNA_149	114.94136274461	0.38	0.155852272626935	2.44171586982456	0.0146176461531185	0.0228812107193932
ncRNA_150	31.7697563093659	-1.09	0.359571549687522	-3.03404827434122	0.00241295815490886	0.00410894556783973
ncRNA_151	1.88824173699028	2.27	1.15394459966348	1.96368500718125	0.0495666323570854	0.0714695877641589
ncRNA_152	0.12045818375367	0.00	4.32794324778021	0	1	NA
ncRNA_153	2.18802357832226	0.54	0.856800186102044	0.634008025199168	0.526075584768642	0.604077629487961
ncRNA_154	0.129777442503816	0.00	4.32794324778021	0	1	NA
ncRNA_155	7.86393050584793	0.96	0.47507385366669	2.01242858000816	0.0441747782905546	0.0644093216686617
ncRNA_156	1.39952472255536	2.29	1.45140640700867	1.5803095098319	0.114036003082097	0.155306596905059
ncRNA_157	0.460580890140053	-0.75	2.16536971837881	-0.344266967029516	0.730645524140646	0.787294904955471
ncRNA_158	1.27151330849498	-0.07	1.17165547519406	-0.0556427556916578	0.955626403129509	0.967196397056128
ncRNA_159	5.50347593138989	2.50	0.76001706436073	3.29589910404353	0.000981072427295348	0.00174319093736537
ncRNA_160	3.24969507915243	2.34	0.985156065991986	2.37455535043745	0.0175701016878662	0.0271995709991615
