Gene	baseMean	log2FoldChange	lfcSE	stat	pvalue	padj
SACI_RS00005	5906.4520419938	-0.84	0.139437221754331	-6.02970987071687	1.64254285718745e-09	3.57974424058667e-09
SACI_RS00010	1052.37832437959	-1.00	0.161197628764174	-6.20605044523616	5.43327443230062e-10	1.20812074298971e-09
SACI_RS00015	87165.1709518887	1.87	0.132101347810945	14.1195804119524	2.87699176320037e-45	1.70626994604671e-44
SACI_RS00020	664.011887476305	-0.25	0.0965141139351682	-2.61268534389611	0.00898339675924245	0.0132579680629257
SACI_RS00025	7073.76561049587	0.65	0.0651635249796912	9.92280223111697	3.31321153526557e-23	1.09949770324361e-22
SACI_RS00030	161.977199136077	-2.34	0.195019547475165	-11.9992574139604	3.5849841666647e-33	1.544402381492e-32
SACI_RS11965	17.3957901416247	-0.00	0.331429419013685	-0.00702454308834917	0.994395271616628	0.994962040081499
SACI_RS00035	2596.72564764315	1.00	0.0747354064718405	13.3827642698067	7.62576335509511e-41	3.99612763279686e-40
SACI_RS00040	3235.57520538683	1.33	0.0777968532797537	17.1198668712844	1.05516373498684e-65	9.74915756194419e-65
SACI_RS00045	2490.21863215224	-2.31	0.122788179187398	-18.7723436947891	1.27150275685056e-78	1.51845108139535e-77
SACI_RS00050	393.274763798431	1.24	0.144858925985768	8.58552072678597	9.04258986802219e-18	2.58749250420749e-17
SACI_RS00055	1753.21893725417	0.47	0.11824983505921	3.95604187547985	7.62018092844874e-05	0.000131795346008786
SACI_RS00060	1246.52548019075	0.06	0.0696103772536373	0.929070752682574	0.352852420483753	0.415726459167267
SACI_RS00065	878.875755341969	0.84	0.166711428215763	5.0309231695968	4.88123740455475e-07	9.50001359611514e-07
SACI_RS00070	4683.02379951652	0.48	0.0878148047209726	5.50738235864601	3.64208636978395e-08	7.51314056657546e-08
SACI_RS00075	391.776396621922	-1.49	0.0994885789579951	-15.0079928848418	6.50875878804908e-51	4.36111681390082e-50
SACI_RS00080	285.35026981973	-0.45	0.129864112941883	-3.42690940897693	0.000610492701026102	0.000990956945586059
SACI_RS00085	1329.02518179069	-1.55	0.0802246238931107	-19.3830674175107	1.07258974520931e-83	1.43735213566027e-82
SACI_RS00090	1005.60965822049	-0.61	0.117973700614249	-5.14559314192111	2.66676842649784e-07	5.26789685224929e-07
SACI_RS00095	1891.04309114091	-0.57	0.139855960376561	-4.08278288399278	4.44995936506023e-05	7.81190366536323e-05
SACI_RS00100	582.955631578543	2.01	0.157929788538082	12.7456025313811	3.29832604727082e-37	1.59290546794606e-36
nadA	12210.8503005416	3.00	0.170635964996742	17.5529207555954	5.64983563645767e-69	5.71659161948209e-68
SACI_RS00110	4307.43480692953	-2.84	0.0754074203338839	-37.6873211757869	0	0
SACI_RS00115	2290.92507657368	-1.58	0.0904077348563152	-17.4534573882892	3.24013040910449e-68	3.1865820353966e-67
SACI_RS00120	134.469388890483	-1.15	0.151328585562622	-7.57613799259651	3.55993160743469e-14	9.19714486659543e-14
SACI_RS00125	4274.73233233156	-0.05	0.0966655574945946	-0.49825789395457	0.618302281501952	0.674179910047625
SACI_RS00130	1016.10436161082	-0.27	0.103384588258969	-2.64059631987623	0.00827602639502969	0.0122656861794738
SACI_RS00135	19434.7406945321	-0.08	0.147424848914175	-0.513330060725538	0.60772045961721	0.664913223345598
SACI_RS00140	1271.27725549335	-0.45	0.100880533100076	-4.48226492424855	7.38549781148334e-06	1.3590399798804e-05
SACI_RS11510	4684.02624598699	1.42	0.115000520718525	12.3827244733845	3.24149019012089e-35	1.47803533214473e-34
SACI_RS00145	1815.50335061902	1.30	0.169206181716063	7.69977483970848	1.36306196131301e-14	3.57676423480566e-14
SACI_RS11515	391.41891809904	0.78	0.103729161298434	7.54237788507307	4.61478186929652e-14	1.18699627421979e-13
SACI_RS00150	296.722540571468	0.24	0.125262394023058	1.94619446859018	0.0516313841212646	0.0707011660100468
SACI_RS00155	9785.19427056326	0.66	0.0799141323287364	8.28970094935667	1.13533553502678e-16	3.16111265938066e-16
SACI_RS00160	310.639965980335	-1.93	0.137614921254586	-14.0106621029095	1.3414845402184e-44	7.77219838400461e-44
SACI_RS00165	13356.2363888238	1.73	0.069314434149374	25.0131543256737	4.39739790261492e-138	1.86015229350373e-136
SACI_RS00170	748.035761873101	-0.32	0.0925808736942814	-3.45203735702511	0.000556370690927811	0.000904778830869636
SACI_RS00175	1412.69857563109	0.83	0.11097574086031	7.4593039723914	8.69807307680635e-14	2.21778755066573e-13
trxA	3010.93960059609	2.41	0.193044123497835	12.4928625188216	8.16616804081571e-36	3.80762496564462e-35
SACI_RS00185	959.166910975222	0.13	0.0671956653757698	1.88857241345627	0.0589491463617994	0.0801279337500107
SACI_RS00190	2400.85711760397	1.59	0.0811920932537147	19.5683375548113	2.87921219940942e-85	3.97988741422302e-84
SACI_RS00195	36524.3808878683	3.61	0.156649166738519	23.0184080337106	3.04937778758042e-117	8.36434797827722e-116
SACI_RS00200	4650.82977075855	1.91	0.129488383243301	14.7749465832044	2.12525634599923e-49	1.36913303317491e-48
SACI_RS00205	96668.41686402	1.27	0.139165128173852	9.15239558954345	5.56847533721095e-20	1.68687807669954e-19
SACI_RS00210	1553.06730560056	0.42	0.0655430420248004	6.34830298801151	2.17702998650386e-10	4.90915368183369e-10
SACI_RS00215	18191.2002406017	1.80	0.0728446179558055	24.6449627075546	4.16745460988123e-134	1.57332614357989e-132
SACI_RS00220	954.297816364792	-0.46	0.11654221672462	-3.96274950913829	7.40915083798234e-05	0.000128271837239428
SACI_RS00225	1628.8400451396	-1.55	0.1197842670554	-12.9206134484003	3.44384757194425e-38	1.71265564094848e-37
SACI_RS00230	7589.83661180493	-1.75	0.202351138367129	-8.63394613745972	5.92709174008003e-18	1.70294755314411e-17
SACI_RS00235	5521.95536179562	-1.49	0.183644335192648	-8.13990610707646	3.95584551831786e-16	1.08001350037434e-15
SACI_RS00240	10480.6226849671	-1.03	0.126729765779682	-8.09727186414546	5.62053724154954e-16	1.53212005086028e-15
SACI_RS00245	65148.0772261978	0.41	0.0848727488238782	4.83105234255318	1.35813290702879e-06	2.59011658695171e-06
SACI_RS00250	5291.74992248695	0.31	0.0850856809179589	3.69319423455624	0.000221454744254169	0.000372379122163021
SACI_RS00255	4594.41895989237	0.44	0.0732358326120266	6.03507886819622	1.58885068198158e-09	3.464878723253e-09
SACI_RS00260	4225.02668891452	-1.05	0.107081886591011	-9.82317248555123	8.94822552110422e-23	2.91710490293379e-22
SACI_RS00265	4188.51122604108	-2.44	0.159779374899049	-15.2889711248074	9.0569698593024e-53	6.37254933386989e-52
SACI_RS00270	254.392435145922	-1.70	0.136399158609745	-12.4837037533014	9.16233720508103e-36	4.26644110438189e-35
meaB	1129.31429418821	0.48	0.108094152114685	4.43381384101402	9.25805744064461e-06	1.69562022295791e-05
SACI_RS00280	1355.67872659918	1.19	0.106064280546498	11.2535589623657	2.22431975365904e-29	8.75514199001894e-29
SACI_RS00285	1.04288317279481	2.51	1.44642716449467	1.73796802818903	0.0822164474901729	0.109052492307517
SACI_RS00290	162515.719010128	0.59	0.141126310649436	4.18563920673381	2.84364727736995e-05	5.05521295739033e-05
SACI_RS00295	659.477356366915	0.74	0.10998312896153	6.7002379725367	2.08080398152007e-11	4.93628566156551e-11
SACI_RS00300	182.262496709612	1.14	0.308043485314551	3.70993075646515	0.000207315941561867	0.000348771572028613
lysS	7785.33392146109	-1.72	0.0868560843576294	-19.7888663141524	3.71299836799592e-87	5.36474784775048e-86
SACI_RS00310	2007.77834342538	-0.96	0.076671656323018	-12.555422339648	3.71195342706965e-36	1.74466780220101e-35
SACI_RS00315	453.273902437023	-0.71	0.125656243888535	-5.66973777212564	1.43016243805098e-08	2.99958203106152e-08
SACI_RS00320	517.078960706267	-1.77	0.0947976881901479	-18.6478929096584	1.31352895081758e-77	1.52204625291106e-76
SACI_RS00325	1813.67522813699	0.06	0.0683006123653505	0.8120414359378	0.416767855690063	0.480530816721673
SACI_RS00330	2524.28786183643	1.04	0.0814268167699166	12.8100430575804	1.44054607158855e-37	7.05405475222791e-37
rimI	3917.85155512565	0.74	0.0748715144302935	9.93899442734216	2.81655901847121e-23	9.39120485646004e-23
SACI_RS00340	2755.30698399449	-0.39	0.0874558365737809	-4.50766780315833	6.55440895859249e-06	1.20864127382449e-05
dnaG	41090.1040412698	1.32	0.10559290735299	12.4686463780501	1.10690354188991e-35	5.14065917404162e-35
SACI_RS00350	12430.5707004683	0.43	0.0677030211351532	6.39434010309148	1.61242178229004e-10	3.66421545477043e-10
SACI_RS00355	10004.2331862559	1.98	0.128825992897708	15.3942725614418	1.78824217744701e-53	1.27872062831292e-52
SACI_RS00360	2923.06023237704	0.40	0.0824857629042131	4.79427778901343	1.63261916571674e-06	3.09677249639733e-06
SACI_RS00365	1547.69891838763	-0.33	0.0920392608675729	-3.59344479540374	0.000326334813431904	0.000540453551867649
SACI_RS00370	9047.49793066015	-0.02	0.157867560356093	-0.110693211144963	0.911859629617506	0.926639409431856
SACI_RS00375	8177.0433562799	-0.73	0.172196290752091	-4.25547166881724	2.08608779536014e-05	3.7425928714918e-05
SACI_RS00380	3778.73987120828	-1.45	0.173825638867792	-8.33174072876741	7.96622573751101e-17	2.22686453538226e-16
SACI_RS00385	4935.64448975962	-2.72	0.202919248111842	-13.4021011648589	5.87752741255872e-41	3.08460369887798e-40
SACI_RS00390	10034.902437288	-0.92	0.119280514055055	-7.70008066169092	1.35980366521189e-14	3.57088307296855e-14
SACI_RS00395	8239.29546129685	-1.30	0.116079642456475	-11.1924251787468	4.44117537011333e-29	1.72871027987449e-28
SACI_RS00400	13410.334345773	-0.08	0.0613684691228312	-1.29384123521223	0.195720266143839	0.245247952931643
SACI_RS00405	5581.66493956443	-0.10	0.0931849037709634	-1.10400720527984	0.269590012138233	0.326164897524926
rpsB	17587.5347487315	-0.38	0.0674035103691693	-5.70022581539383	1.19648829083921e-08	2.52001822983591e-08
amrB	3195.55949415867	-1.23	0.102577474421891	-12.0292951894321	2.4927966895165e-33	1.07918732144173e-32
SACI_RS00420	386.630044028329	-1.60	0.138279929404652	-11.5686949729404	5.9378961273587e-31	2.44407424421529e-30
fni	3038.0199139282	-1.14	0.148143406223747	-7.67518735602259	1.65177048671637e-14	4.32465785149975e-14
SACI_RS00430	4036.14671807923	-1.32	0.143347426855129	-9.20292531955274	3.48334983051409e-20	1.06071476625629e-19
SACI_RS00435	759.12369785312	-2.47	0.116454968965275	-21.1911034880121	1.1536182305813e-99	2.18938032841672e-98
SACI_RS00440	1007.06450438566	-1.78	0.106506919884986	-16.7209931161569	9.21703952561786e-63	7.97069600355771e-62
ffs	104438.619670509	0.36	0.358210036147444	1.01465904766175	0.310268381766449	0.371665741515525
SACI_RS00450	20.5195268631756	1.60	0.360600323082703	4.43746714730525	9.10236089623798e-06	1.66797437926365e-05
SACI_RS00455	14979.3574152959	-0.91	0.1181110317527	-7.66659282521449	1.76625351922668e-14	4.61064394498504e-14
SACI_RS00460	6420.00620446911	-1.52	0.133961943980165	-11.3583335450872	6.74183939002724e-30	2.69290080755241e-29
SACI_RS00465	244.879293237508	-2.17	0.21884085858885	-9.89529235430286	4.3633364884134e-23	1.43846708082812e-22
SACI_RS00470	2647.04065479831	1.07	0.149741925890792	7.15036249043623	8.65490435980836e-13	2.16280207881047e-12
SACI_RS00475	19347.5005821046	2.53	0.133175111071847	19.0270655448421	1.01795794588178e-80	1.27644655285391e-79
SACI_RS00480	11209.17608212	0.52	0.121601062037862	4.23872793515419	2.24789877173024e-05	4.02877620599534e-05
SACI_RS00485	260.960605263981	0.22	0.121580440302543	1.79462969963461	0.0727127179647467	0.0974034157856641
SACI_RS00490	551.422375483927	-0.13	0.0894921685985443	-1.41912223032991	0.155863383902189	0.198130463751118
SACI_RS00495	954.745250546708	0.30	0.0957476150692614	3.16213441205825	0.00156617254917491	0.00246473860159261
SACI_RS00500	5212.94170162896	0.79	0.109295048087473	7.21548924685323	5.37404073660333e-13	1.34773264472959e-12
mobB	692.894530756073	0.55	0.0952800809568563	5.80700504709002	6.36002201144784e-09	1.35415629364423e-08
SACI_RS00510	1465.71832654773	-0.60	0.0936267501622058	-6.432844135348	1.25238060036053e-10	2.860838183387e-10
SACI_RS00515	2175.184320068	-0.09	0.109509318797806	-0.787231746702006	0.431146216175767	0.494367852708399
SACI_RS00520	2593.8814700764	0.11	0.0895384319476319	1.23834762330288	0.215587192535127	0.267465241339516
SACI_RS00525	1585.13908296708	2.08	0.12025276958919	17.3081530001719	4.08303829840745e-67	3.87447228802934e-66
SACI_RS00530	8015.32473476705	1.88	0.0929359483117501	20.1781302008328	1.52402872709986e-90	2.32646298297722e-89
SACI_RS00535	2096.85850764835	1.39	0.0875201817832084	15.9160375159228	4.90471625000798e-57	3.78471620962155e-56
SACI_RS00545	1124.91894468453	-2.74	0.109467873190273	-25.0436477583006	2.04745308900633e-138	8.76659487256246e-137
SACI_RS00550	3437.59809310726	2.93	0.143326262223435	20.4243895915304	1.01519363454021e-92	1.67340133843693e-91
tpiA	2440.00588175679	0.69	0.08679287557138	7.90379500114178	2.70537817487698e-15	7.23977345426301e-15
SACI_RS00560	112.877293222421	-1.08	0.144544204490636	-7.47323128463381	7.8249137604046e-14	1.99951035027515e-13
SACI_RS00565	644.808603939374	-1.39	0.110649129119849	-12.6047170247207	1.98885130865517e-36	9.44906217143207e-36
SACI_RS00570	487.464887100223	-1.39	0.101269656166027	-13.6865666182982	1.22145879929918e-42	6.73240477918276e-42
SACI_RS00575	1073.85571303205	-1.08	0.138279852541817	-7.78357492288255	7.05033674380754e-15	1.86961724376951e-14
SACI_RS00580	13294.6691618585	-0.77	0.0921833984318779	-8.3947977345569	4.66696953888795e-17	1.31612289566551e-16
SACI_RS00585	1610.40313191538	0.52	0.0913897854307959	5.63796623867671	1.72070232448907e-08	3.59178707567248e-08
SACI_RS00590	7702.04233841415	-0.93	0.140628897727579	-6.58658765425803	4.50049905756959e-11	1.04991708911142e-10
SACI_RS00595	617.816969658593	-2.86	0.175689379221275	-16.2543187924625	2.08169190479262e-59	1.68405997182647e-58
SACI_RS00600	962.514541070118	-1.81	0.0830247305496138	-21.7867401180758	3.0994467027682e-105	6.88744137558173e-104
SACI_RS00605	2903.09429121342	-0.43	0.0814384995353209	-5.24230030134362	1.58586989052522e-07	3.1798910254906e-07
SACI_RS00610	432.335645708096	-1.26	0.157869971774453	-8.00717068432169	1.17377530133101e-15	3.17253663046433e-15
SACI_RS00615	4748.37926159261	0.64	0.090648022153414	7.06477874917975	1.60872104678774e-12	3.99732455433246e-12
SACI_RS00620	35082.8865124609	-0.29	0.0941190154684597	-3.11215516935675	0.00185726849789604	0.00290980352347746
SACI_RS00625	465.391561117764	-0.84	0.0938784498675575	-8.94915762254874	3.58205359309056e-19	1.06042075593094e-18
SACI_RS00630	12116.8715554796	-1.83	0.0910001180340379	-20.1424215770152	3.13621180907508e-90	4.74622399209595e-89
SACI_RS00635	3719.26355525792	0.75	0.102534952585379	7.35287452225712	1.93989029906888e-13	4.92121014453096e-13
SACI_RS00640	5638.40087440541	0.56	0.0764716256743045	7.37379009151613	1.65844244603117e-13	4.21330783503289e-13
SACI_RS00645	2409.96805102301	-1.68	0.120245077095714	-13.948434805039	3.21585504649934e-44	1.83591334443239e-43
thiC	20582.6117615754	1.73	0.114472961314049	15.1082412247672	1.42903237367536e-51	9.7613475952805e-51
SACI_RS00655	4225.2409866676	0.93	0.109451204228277	8.48655944379632	2.12844809339212e-17	6.05099696833986e-17
SACI_RS00660	759.665652923606	-0.41	0.10730660595384	-3.82834978519037	0.000129005328606854	0.000220514950700421
SACI_RS00665	2400.92683098842	-2.09	0.0879995892009877	-23.7151555490577	2.51575830458315e-124	8.02984309762857e-123
SACI_RS00670	464.8864334529	-1.07	0.141444557134016	-7.55662908046692	4.13649384058971e-14	1.06553410669923e-13
SACI_RS00685	501.893527772892	-5.29	0.2199865252066	-24.0647838349373	5.84578643786403e-128	1.97351501762891e-126
SACI_RS00690	5857.40714395166	0.46	0.0756663999329238	6.07661812408803	1.22743595638863e-09	2.6833920565881e-09
SACI_RS00695	1316.19936502317	-1.51	0.104188939918015	-14.467289021886	1.95007925844172e-47	1.21395891425335e-46
SACI_RS00700	8240.32521874078	-2.55	0.13408240583858	-19.0529050268207	6.21552759576641e-81	7.84989834127189e-80
SACI_RS00705	9392.561965738	-1.15	0.0675401269724781	-16.9628016448679	1.54784905364547e-64	1.38282392553416e-63
SACI_RS00710	15473.4845634551	1.34	0.160693909381345	8.35944648955204	6.30131990197978e-17	1.76849993412078e-16
SACI_RS11970	3195.95718783364	0.04	0.0867536639233214	0.425773779147869	0.670272695119143	0.722455701585898
SACI_RS00720	4685.71848182399	-0.70	0.125223233835732	-5.61722367283846	1.94050155939561e-08	4.04578442698218e-08
cysS	9289.69656724456	-0.77	0.100948041192425	-7.64811587508993	2.03945398929939e-14	5.30016503066629e-14
SACI_RS00730	1650.49781495495	0.39	0.107188748578377	3.59375057261894	0.000325951884813309	0.000540074123444799
SACI_RS00735	3556.06348801479	-1.80	0.149875577475396	-12.0221147133042	2.71921883005647e-33	1.17576075274979e-32
SACI_RS00740	63970.4211371201	0.57	0.109279286387801	5.19212061044565	2.07912237710823e-07	4.1429050317974e-07
SACI_RS00745	1994.98828549935	1.31	0.128166704789367	10.1865165161396	2.27780275552858e-24	7.76443249967073e-24
SACI_RS00750	8636.09703362054	-1.86	0.0950699712128715	-19.5694803700048	2.81537359877798e-85	3.90702636573497e-84
SACI_RS00755	6819.90208591047	0.31	0.0994476783390758	3.07213151446716	0.00212536062322622	0.00331356178869772
SACI_RS00760	1373.86163539761	0.24	0.0932875759114669	2.54129562636548	0.0110442493114905	0.0161770376857084
SACI_RS00765	387.959214782442	-1.00	0.102225448459118	-9.79022125264416	1.24024195446486e-22	4.02448197978384e-22
SACI_RS00770	2176.97192864494	0.67	0.0857683154205603	7.84933736027129	4.18241169356842e-15	1.1149922138283e-14
SACI_RS00775	2273.74910425126	-1.26	0.081877812736569	-15.3951679283374	1.76366055657955e-53	1.26371677839812e-52
SACI_RS00780	2513.40441801246	0.16	0.0675458935380843	2.39801061491119	0.0164843875298976	0.023778424247112
SACI_RS00785	1551.64118905733	-2.71	0.0830028633771382	-32.6243460900189	1.8525447721503e-233	4.6459176392998e-231
SACI_RS00790	23573.0165910867	-0.68	0.110271737766377	-6.19573696366756	5.80129400245524e-10	1.28832025570021e-09
SACI_RS00795	3906.60799237254	1.15	0.0873964743481519	13.1767997256829	1.19347033122667e-39	6.11718880720707e-39
SACI_RS00800	12720.0461001454	0.25	0.107256517448225	2.34932255984402	0.0188076059483624	0.0269414542981234
SACI_RS00805	2457.62944411193	-1.30	0.0908835364568495	-14.2691176129621	3.40864241032202e-46	2.08497273565167e-45
SACI_RS00810	374.180839402684	1.18	0.185338641891487	6.38612703817413	1.70139675816746e-10	3.86390945532081e-10
SACI_RS00815	11564.3757564817	1.31	0.0802628213471798	16.3415799914299	4.99417837362593e-60	4.09685987612164e-59
SACI_RS00820	1941.90415759722	1.42	0.100409885905346	14.1078324739909	3.39864353683677e-45	2.00886152488786e-44
SACI_RS00825	2662.28400573903	1.11	0.086132673631469	12.8420665851854	9.52961715565742e-38	4.68606244166851e-37
SACI_RS00830	7993.48426908935	1.10	0.0886599647447128	12.3705583446542	3.77190254734339e-35	1.71765886429606e-34
dph2	7078.3573277508	0.12	0.0649952992435004	1.85876487509829	0.0630604732391546	0.0852214478609207
SACI_RS00840	39937.0526170541	0.77	0.0735676200272789	10.5035978139876	8.31492735918159e-26	2.95184124955375e-25
SACI_RS00845	190.224879528398	-1.45	0.132139414908275	-10.9462520941753	6.92541661902541e-28	2.57848756621402e-27
SACI_RS00850	774.102205442137	-2.24	0.104061817589899	-21.5253109402838	9.02132724627326e-103	1.84150464893404e-101
SACI_RS00855	616.734947707361	-1.88	0.113902035595465	-16.5353793834408	2.04089168375925e-61	1.7101600719997e-60
SACI_RS00860	1687.78552002522	-1.14	0.0803933977481019	-14.2197031617142	6.91456100432807e-46	4.1713099117175e-45
SACI_RS00865	9617.4338125369	-2.85	0.134188701689397	-21.2727415069059	2.03059347336876e-100	3.91726026648227e-99
SACI_RS00870	7212.74015240201	-3.47	0.154517232506064	-22.4402119548449	1.59482987618441e-111	4.02837963689457e-110
SACI_RS00875	3938.29015324301	-4.30	0.13738166954064	-31.3163097719576	2.79887808197337e-215	4.09452539408688e-213
aroF	2879.22644202165	-2.55	0.0986758435532411	-25.8115622547299	6.57665583701682e-147	3.34646936866175e-145
aroB	1693.76122343844	-3.28	0.11020036970617	-29.7433291181969	2.11524596675375e-194	2.12189388264926e-192
SACI_RS00890	607.23597305145	-2.85	0.151111490521185	-18.8651424052953	2.20676081734239e-79	2.67170249299625e-78
aroC	1140.82596161312	-2.89	0.141864956109802	-20.346623121502	4.97380375616567e-92	7.97398401273866e-91
SACI_RS00900	808.991038121296	-2.17	0.115310076864912	-18.8397003269688	3.56981073003373e-79	4.29233064148919e-78
aroA	977.783872308117	-2.97	0.118085803292999	-25.1398708211224	1.82385614773881e-139	8.00444866838868e-138
SACI_RS00910	265.76512340869	-3.36	0.161118756436479	-20.8313618605712	2.2497253684518e-96	3.92974416349964e-95
SACI_RS00915	300.155696594807	1.13	0.16577842653709	6.79301137233735	1.0981671969989e-11	2.63545114741157e-11
SACI_RS00920	3065.25458584355	-0.29	0.106546609540992	-2.76540146410807	0.00568527783627462	0.0085706356733191
SACI_RS00925	989.813426478063	-0.86	0.0926119810485156	-9.28086713628531	1.68104813533893e-20	5.16826620242993e-20
SACI_RS00930	11176.1049267331	1.27	0.0824660871968832	15.3412925809611	4.05048575203339e-53	2.87298090411904e-52
SACI_RS00935	3591.58157394083	0.93	0.0948792341005906	9.84134955397307	7.47019613090465e-23	2.43980080145174e-22
SACI_RS00940	63723.631134335	0.21	0.0761054430608135	2.72628422359772	0.00640518167467833	0.00959820437891405
SACI_RS00945	15530.8828330427	-0.41	0.0779341830060296	-5.28197222256654	1.27800578809598e-07	2.57581993226464e-07
SACI_RS00950	999.443412613093	-0.18	0.105977559332521	-1.68977361828165	0.0910712728284213	0.119936698762411
SACI_RS00955	8896.8532035314	-1.33	0.104602128930937	-12.6825899155796	7.38506833038469e-37	3.5181784135659e-36
SACI_RS00960	4169.57140549096	-1.15	0.110558865587698	-10.4134539562494	2.15266698444196e-25	7.57316010258088e-25
nucS	906.459329190876	-0.07	0.0861854697976926	-0.783400658917251	0.433391869346528	0.495970943049433
SACI_RS00970	1457.01866571985	0.33	0.10275122524521	3.16761953048646	0.00153692514590928	0.00242523334260111
SACI_RS00975	971.563684641507	-0.63	0.110995694200991	-5.6658252912216	1.46318553327799e-08	3.06701158647105e-08
SACI_RS00980	3444.53158393102	-3.77	0.141711221305875	-26.6203842508036	3.94311443425334e-156	2.38694392735577e-154
SACI_RS00985	3033.13164612986	-4.11	0.13870387650501	-29.6355569466202	5.20647766171976e-193	5.07776196397169e-191
SACI_RS00990	2437.56069078783	-4.31	0.134794749388803	-31.9945954187721	1.29648915238761e-224	2.39577548106994e-222
SACI_RS00995	5536.07293653986	-4.07	0.125890127404912	-32.3438567012608	1.69263087681666e-229	3.3015705602796e-227
SACI_RS01000	1652.47335492866	-2.09	0.126361168896991	-16.5218080226292	2.55618906046975e-61	2.13685233126411e-60
SACI_RS01005	69864.3459712026	1.62	0.068655254293547	23.540340619729	1.57658272277574e-122	4.77188098247036e-121
SACI_RS01010	106949.267518964	1.54	0.0956912869092983	16.0559327750581	5.19519839696492e-58	4.07150481512139e-57
SACI_RS01015	6161.58263758662	0.60	0.0863594310109494	6.94738327936566	3.72123713137741e-12	9.12378740800705e-12
SACI_RS01020	3253.41131645304	0.42	0.138267227667708	3.07172525935852	0.00212825513950015	0.00331660177309588
SACI_RS01025	15792.1941563075	0.63	0.127012099932903	4.98929756743011	6.0599239485173e-07	1.17484224093011e-06
SACI_RS01030	3082.18877966809	-0.26	0.0697486943517817	-3.73051473726273	0.000191088964780651	0.000322554497761955
purT	2940.18660187348	-1.40	0.1995379224106	-6.99963389240626	2.56632224655549e-12	6.34085672600726e-12
SACI_RS01040	277.410582029456	-1.04	0.114444802483776	-9.05876967721972	1.31930190731517e-19	3.95227730083921e-19
SACI_RS01045	500.215798206651	-0.76	0.161392677510346	-4.69376437995211	2.68222954158527e-06	5.04138539641642e-06
SACI_RS01050	3287.81785552509	0.16	0.0963149917022166	1.70755839391274	0.087718314011239	0.115889171258975
SACI_RS01055	280.415556585672	-1.61	0.149917572043523	-10.7638826317872	5.09761567006002e-27	1.84703081708779e-26
SACI_RS01060	866.006457214259	1.12	0.106151027277946	10.5549505302104	4.81893361019592e-26	1.71943860827214e-25
SACI_RS01065	504.645801238815	0.30	0.0945291811147572	3.14410361777045	0.00166596438580687	0.00261826363409487
SACI_RS01070	999.009169355313	-1.51	0.118371572155582	-12.7550197470753	2.92300700598593e-37	1.41554173765746e-36
SACI_RS01075	185.688971748903	-3.67	0.155032478861034	-23.6762328002416	6.3376791236616e-124	2.00464787415999e-122
SACI_RS01080	126.042008065154	-0.47	0.170910870971732	-2.7594768656798	0.00578939860503596	0.00872385343445548
SACI_RS01085	542.787339851469	-1.04	0.109878664103117	-9.46813083478114	2.84895852449296e-21	8.94695293335847e-21
SACI_RS01090	6127.0957975253	0.04	0.0899585458777591	0.420872834106109	0.673847943200476	0.725062865025091
SACI_RS01095	6847.7460383506	0.62	0.0674503583349096	9.11988466058294	7.52043233142078e-20	2.2684053192112e-19
SACI_RS01100	7289.25754837756	-0.30	0.11217203433391	-2.69323096247987	0.00707632301325741	0.0105678307526783
SACI_RS01105	580.420266286454	0.67	0.110428748945016	6.05553426471689	1.39952379073275e-09	3.0577025695474e-09
SACI_RS01110	122.42761994565	-0.39	0.163739222459296	-2.36130008161583	0.0182109879096279	0.0261508296730894
SACI_RS01115	38.3671898816618	-0.93	0.216900604480449	-4.26734544816841	1.97812723110753e-05	3.55799421537836e-05
SACI_RS01120	825.786101802608	-1.64	0.124322103498536	-13.1660288024364	1.37649743664861e-39	7.03476346444434e-39
SACI_RS01125	6857.04994080527	0.04	0.106264751836439	0.352429485396518	0.724516192521955	0.771308778636926
SACI_RS01130	1025.28406210957	1.92	0.134809030233363	14.2537931107552	4.24579049523412e-46	2.58353040359913e-45
SACI_RS01135	2004.84504457607	0.13	0.132623369159195	0.995068354585955	0.319703020467449	0.381276258444706
SACI_RS01140	934.207903249621	-1.49	0.122766484035195	-12.1657626738063	4.73006727258724e-34	2.08633997412736e-33
SACI_RS01145	152583.683133966	5.86	0.190686998989475	30.7106897749145	4.09768176929308e-207	5.32850395999556e-205
SACI_RS01150	2381.04005614229	0.65	0.124325328511624	5.23372451742607	1.66127995259091e-07	3.32350650344541e-07
SACI_RS01155	8095.83967859747	1.98	0.113379559503586	17.429062265438	4.96535556158625e-68	4.85609007708337e-67
SACI_RS01160	791.80295615811	-1.40	0.108412779618769	-12.9425940484817	2.58742947971544e-38	1.29408331955568e-37
SACI_RS01165	17974.1170339326	2.83	0.129285322588993	21.8598267552218	6.26816220290323e-106	1.41073830092264e-104
SACI_RS01170	5322.53797319744	1.48	0.180004487853439	8.19432743052844	2.51998223160076e-16	6.93390095231213e-16
SACI_RS01175	1293.93070032762	-0.32	0.100690928227937	-3.13079428809888	0.00174334230819953	0.00273619796338335
SACI_RS01180	42502.6719624543	1.14	0.0647117719101054	17.6475901335764	1.06191780448576e-69	1.08383529405509e-68
prpB	15741.402019348	1.11	0.0662853455599933	16.6999644763803	1.31142849083117e-62	1.12853564492849e-61
SACI_RS01195	11215.8987795786	0.71	0.101540120689927	6.94434112115585	3.80230724090235e-12	9.3160507486449e-12
SACI_RS01200	77885.0960691824	0.57	0.101642996191385	5.61148064472027	2.00602728817656e-08	4.17991798741122e-08
SACI_RS01205	9957.53029520038	0.12	0.0936841586037937	1.23479982223431	0.216905013559076	0.268910135100959
SACI_RS01210	1880.98459449565	1.67	0.0990098338136895	16.8348202635316	1.35599517452353e-63	1.19022476443803e-62
SACI_RS01215	3220.81724952281	-1.03	0.142909300259781	-7.189265748539	6.5140676640693e-13	1.63014195071613e-12
bluB	2200.43224318726	-0.72	0.108675679771016	-6.63899195629867	3.15835630026506e-11	7.43229823741999e-11
SACI_RS01225	20.0404753702567	-1.42	0.325938590569251	-4.35008750537395	1.36083216526303e-05	2.47046625245009e-05
SACI_RS01230	5168.32016172564	-1.50	0.158831278146002	-9.44736876196962	3.47454900253794e-21	1.085332877928e-20
SACI_RS01235	16548.2091989962	-1.24	0.129477276616376	-9.58136261942418	9.57729253083103e-22	3.03482618012164e-21
tatC	2777.1113469074	-1.56	0.091046297270485	-17.1047060786446	1.36890587598246e-65	1.26147730461271e-64
SACI_RS01245	7906.25113771719	-0.29	0.0868298738036383	-3.38460276471149	0.000712813306105836	0.00115225023836906
SACI_RS01250	19975.2207065956	-0.46	0.0781378434618138	-5.92025271349894	3.21447291374312e-09	6.92393521481723e-09
SACI_RS01255	4950.68793540441	-1.13	0.106199732148703	-10.6155584859578	2.52281220025158e-26	9.0199527852172e-26
SACI_RS01260	4149.51124261871	-1.61	0.131927096042614	-12.2209136455611	2.40367981977662e-34	1.07644385806578e-33
SACI_RS01265	2930.62824403846	-0.82	0.133725971272672	-6.12840556532317	8.87640877774367e-10	1.95392296041743e-09
SACI_RS01270	840.803163459701	-0.73	0.207963221274075	-3.50910255644544	0.000449621495117345	0.000738018265244039
SACI_RS01275	3428.18644944281	-0.66	0.113659092554748	-5.78696692745697	7.16686821926832e-09	1.51858022437242e-08
SACI_RS01280	5484.91570827529	-2.81	0.109199146099486	-25.7167182789315	7.60027949646738e-146	3.81208304458528e-144
SACI_RS01285	1287.01374043369	0.73	0.22846953292151	3.2031055901967	0.00135954123456244	0.00215501095916421
SACI_RS01290	1873.60256137551	-0.50	0.0990311681487664	-5.09078781568407	3.56578872506552e-07	6.9941252590531e-07
SACI_RS01295	5028.9570181589	0.46	0.0926948317477052	4.98135157756461	6.31417035116862e-07	1.22278279663282e-06
SACI_RS01300	4553.94754525168	-1.12	0.0916949312973144	-12.1732690232425	4.31450254385673e-34	1.91024192074161e-33
SACI_RS01305	917.848723686747	-0.20	0.0860745478569217	-2.35909729964614	0.0183194517678951	0.0262743444269116
SACI_RS01310	7674.84642286444	1.06	0.151830121446594	6.98457579096421	2.85717968820943e-12	7.02982332537021e-12
SACI_RS01315	1257.83716697125	-1.51	0.0888599813673607	-16.9779913791712	1.19506608364652e-64	1.0758659024828e-63
SACI_RS01320	1732.99087845969	-0.64	0.0999977353227146	-6.41516966799066	1.40666110201323e-10	3.20700462933017e-10
SACI_RS01325	1620.6876437735	-1.86	0.139340841099197	-13.3307300613813	1.53389205806775e-40	7.9785111346309e-40
thiD	4892.59330652023	-0.64	0.0959237873975277	-6.69245179853927	2.19462049197502e-11	5.19960771444852e-11
cas4	1200.60817251069	-1.52	0.0958973066386711	-15.818458535525	2.32105971011365e-56	1.76390490091104e-55
SACI_RS01340	2879.18264895981	-1.49	0.131422265039551	-11.3661747228058	6.16297448364896e-30	2.46729799453723e-29
SACI_RS01345	22578.2902650791	-5.18	0.197815465012456	-26.1664384587221	6.40689036992134e-151	3.35740180429758e-149
SACI_RS01350	67091.810298935	-3.65	0.13052438334607	-27.955596817681	5.63645321312348e-172	4.21055047473969e-170
SACI_RS01355	7084.05887431559	-0.13	0.0772627366958728	-1.65835803744575	0.0972452210619098	0.127588927932872
SACI_RS01360	4109.49557947177	1.04	0.073040667118772	14.1795295514663	1.22666125584619e-45	7.33698069723333e-45
queC	12807.2178894619	1.93	0.111717938412561	17.306674919508	4.18919246755064e-67	3.95383192300277e-66
SACI_RS01370	3397.45935269796	-0.65	0.099100213085217	-6.57739272361722	4.78769038785772e-11	1.11617403398197e-10
SACI_RS01375	6613.00651956652	0.23	0.0959134307252425	2.40367200957843	0.016231328936902	0.0234615874423478
SACI_RS01380	1129.49023258299	0.13	0.122820319984086	1.04659198839989	0.295287798536577	0.354486109162425
SACI_RS01385	914.500069141886	0.62	0.0941576956345237	6.62730827087852	3.41863226536355e-11	8.03401464771848e-11
SACI_RS01390	227.369876645617	-1.25	0.128747869306292	-9.67933476499208	3.69109837830871e-22	1.18135336428823e-21
SACI_RS01395	505.950626979426	-1.55	0.0990526545983424	-15.6982724021995	1.5541711774575e-55	1.16596047095155e-54
SACI_RS01400	526.348583463636	0.96	0.0952696386927144	10.0672851534576	7.70762542540521e-24	2.59707033287886e-23
SACI_RS01405	665.563709488246	-1.29	0.10737247371063	-12.034544266195	2.33922188132055e-33	1.01520494750512e-32
SACI_RS01410	729.295508723441	1.94	0.0985023754298441	19.744510000187	8.94280960777862e-87	1.28681166118487e-85
SACI_RS01415	21310.0004436068	0.65	0.0932982486945507	6.93892572845642	3.9509276577433e-12	9.65996309633477e-12
SACI_RS01420	19037.7808480846	0.45	0.111442568785792	4.06843094096091	4.73307843963392e-05	8.29233453171392e-05
SACI_RS01425	12847.658907514	-0.21	0.124114141787746	-1.67490766256994	0.0939523499721402	0.12359186989591
SACI_RS01430	2729.13487382067	0.47	0.130839678315944	3.55909139334016	0.000372140024969126	0.000615152367074671
SACI_RS01435	1351.64582504337	0.27	0.168261285855705	1.59681562715092	0.110306811470129	0.143227520366725
SACI_RS01440	1011.52560913517	-1.20	0.136991031006603	-8.74397484838459	2.25049574243043e-18	6.50864131109822e-18
SACI_RS01445	838.986584487719	-2.38	0.191441133427077	-12.4340418002447	1.70776322453862e-35	7.88941668599354e-35
SACI_RS01450	939.48105173699	-2.60	0.106962428749008	-24.33631119563	8.09449022474104e-131	2.89997501827202e-129
SACI_RS01455	10758.887409552	-0.49	0.0802666243529237	-6.13067773771086	8.75054963230156e-10	1.92863651971191e-09
SACI_RS01460	5319.23642806898	-2.13	0.153079326325466	-13.8861229663988	7.68858483483397e-44	4.34695996056394e-43
SACI_RS01465	1845.0025966266	-2.39	0.142853635848977	-16.7360554210164	7.15770706493347e-63	6.2051134580201e-62
SACI_RS01470	511.698870907459	1.21	0.136410869493884	8.84462585339952	9.1835494307123e-19	2.68025287208902e-18
SACI_RS01475	914.1713527395	-0.91	0.0964852025996357	-9.38034796396632	6.5755360232818e-21	2.04126498476944e-20
SACI_RS01480	1363.70957778759	-1.48	0.149720541196695	-9.8596172914412	6.22863432470108e-23	2.0418987034571e-22
SACI_RS01485	30.0784411226373	-3.90	0.35892665614823	-10.876276899739	1.49547015057503e-27	5.52113112373178e-27
SACI_RS01490	7334.57364413257	-2.38	0.13190200200866	-18.068202861387	5.67317779306312e-73	6.12877760967527e-72
acs	147279.26558773	-0.73	0.0628776616698204	-11.6213319614057	3.21090815825394e-31	1.33414183948279e-30
SACI_RS01500	362.51582953536	-0.03	0.122075609372206	-0.251406781634275	0.801499625067306	0.840270284745091
SACI_RS01505	1105.92479014172	-0.70	0.163015127291358	-4.26862445841422	1.96682077343012e-05	3.5394709049273e-05
lipA	3078.1482166426	-1.32	0.134893792206567	-9.80958662829742	1.02387120791738e-22	3.33161428266722e-22
SACI_RS01515	1192.45879840348	-2.10	0.120067416622586	-17.5238069400614	9.42989092160531e-69	9.45952772164464e-68
SACI_RS01520	98.1131695599924	-1.28	0.169549323323805	-7.56754024784401	3.80357351365445e-14	9.80495345553656e-14
SACI_RS01525	2197.13289867315	0.28	0.0964273677111277	2.87258973368846	0.00407122440608406	0.00621751582851724
SACI_RS01530	1180.57630214532	1.64	0.116582148449731	14.0765883917058	5.29027329077113e-45	3.1217058023357e-44
SACI_RS01535	10054.5213486781	1.28	0.171703332591997	7.46936662420496	8.05817379314801e-14	2.05761805001765e-13
SACI_RS01540	86516.1792114705	1.14	0.141596969967952	8.0541774094211	8.00150911861355e-16	2.17777507871722e-15
SACI_RS01545	42688.5605684977	0.57	0.165414820934431	3.46923806318066	0.00052193674122774	0.000851938585983541
SACI_RS01550	7580.58074647037	0.09	0.146104872573046	0.628427566580286	0.529723883203415	0.590431921881647
fdhD	1290.39408568892	-0.66	0.113283808206811	-5.78876085388011	7.090756566029e-09	1.50336028401738e-08
SACI_RS01560	761.085166579253	-0.62	0.104986061283645	-5.92816448129043	3.0633957229508e-09	6.61068370207759e-09
fdhF	16472.1501065479	-0.17	0.104621127624223	-1.58191534907739	0.113668896454407	0.147320596327584
SACI_RS01570	1391.6912086016	-1.80	0.143235317645721	-12.5912048543145	2.36042690413146e-36	1.11540496102363e-35
SACI_RS01575	13957.694734995	3.83	0.243497528489756	15.7479158859278	7.09823386399425e-56	5.35954819279222e-55
SACI_RS01580	7803.84602135487	3.71	0.218274202691588	17.0057522279682	7.44434844500684e-65	6.75377451948812e-64
SACI_RS01585	749.068829524401	2.48	0.341336793001156	7.26357848100639	3.76981544240216e-13	9.50166691907681e-13
SACI_RS01590	6871.17495983554	-2.45	0.116473162600542	-21.0725186208726	1.4216498130774e-98	2.6270592072183e-97
SACI_RS01595	5883.52063887859	-2.28	0.122975204264322	-18.5383415427248	1.01297559819873e-76	1.16227363571103e-75
SACI_RS01600	11415.7138637416	-1.07	0.113189159152769	-9.48311260109449	2.46808924250016e-21	7.76475029607353e-21
SACI_RS01605	33296.899288808	-0.44	0.112011524900604	-3.93313852684589	8.38438855510255e-05	0.000144798761519749
SACI_RS01610	120581.285045569	-0.38	0.132719685632321	-2.85847370026921	0.00425684393960297	0.00649534075269276
SACI_RS01615	49383.8193345504	1.59	0.176057803762377	9.04146298338719	1.54588810758208e-19	4.61924523040057e-19
SACI_RS01620	180052.191710201	1.29	0.137770537624416	9.3810734235697	6.53044509594301e-21	2.02906130370406e-20
SACI_RS01625	68599.1229731389	1.11	0.134297242901299	8.27182726024976	1.31921345891096e-16	3.65568938771616e-16
SACI_RS01630	93741.0076617431	0.74	0.131710272828643	5.60147198860528	2.12539137733136e-08	4.42076370012465e-08
SACI_RS01635	31535.2508899534	0.18	0.0903956910781654	2.04509689262249	0.0408453065836452	0.0567277972370167
SACI_RS01640	30841.4963800331	0.41	0.0987977419409601	4.14036707863043	3.46750489925121e-05	6.13629521233417e-05
SACI_RS01645	51835.8284384749	0.47	0.125289647369329	3.7779724299941	0.00015811037731883	0.000268565812659126
SACI_RS01650	23174.2462628282	1.64	0.113432645329852	14.4607244300028	2.14527969262023e-47	1.33311097359109e-46
SACI_RS01655	14072.8428133784	1.54	0.131330885314075	11.7117441822779	1.10972957627864e-31	4.63840540751704e-31
SACI_RS01660	995.429708799543	0.17	0.12794970002282	1.30118764684349	0.193194232601445	0.242338317493274
SACI_RS01665	2164.31862290608	0.10	0.0875838488723666	1.1915936567768	0.233420613428617	0.287356161903182
SACI_RS01670	393.108319713634	0.26	0.118997401848711	2.14560997266395	0.0319041091313673	0.0447703146124024
SACI_RS01675	303.297564720616	-2.73	0.145049041152314	-18.8388053827106	3.63067978375376e-79	4.35062004121483e-78
SACI_RS01680	2678.94830636551	-2.33	0.121739149386688	-19.1434490804492	1.09758126018696e-81	1.42199549982155e-80
SACI_RS01685	3080.71244901004	-1.89	0.117290287874579	-16.1148504996435	2.00648634787153e-58	1.58666071337318e-57
SACI_RS01690	4469.38447004764	-1.55	0.0746529313988806	-20.7968227789786	4.62446005050728e-96	7.95905844967209e-95
SACI_RS01695	1228.52704762233	0.90	0.0985862819930387	9.13993837770004	6.2487926619298e-20	1.88808184475349e-19
SACI_RS01700	542.675407049698	0.01	0.133168869138089	0.10604544424425	0.915546296146579	0.929847568924107
SACI_RS01705	1930.60870209903	-0.14	0.0833302025632497	-1.66030812467931	0.0968524820992824	0.12716868535923
SACI_RS01710	9282.36931255831	0.13	0.141484298049273	0.941764671058329	0.346313136538321	0.408433128110865
SACI_RS01715	13634.7627301154	-0.26	0.0931925518415997	-2.8152830918151	0.00487342831438625	0.00740078149299745
SACI_RS01720	2069.00849308617	1.09	0.115047383724116	9.45871608659499	3.11747392071473e-21	9.74661703974124e-21
SACI_RS01725	1351.05882807146	0.61	0.10951271650101	5.56642320650156	2.60021293052858e-08	5.39559550773394e-08
SACI_RS01730	3678.18013348176	2.35	0.134778396203553	17.4608651781793	2.84588188022899e-68	2.82256815861129e-67
SACI_RS01735	3516.30600729198	-2.98	0.093942811688337	-31.7633817072529	2.07508606279056e-221	3.31164871202621e-219
SACI_RS01740	1963.58650293952	-0.73	0.111489715048367	-6.54708366116368	5.86714998108657e-11	1.36420950884735e-10
SACI_RS01745	11477.6072154574	-0.92	0.112891499175672	-8.14437546863782	3.81244497090894e-16	1.04167270761566e-15
SACI_RS01750	29.4752480390743	-0.91	0.279764011355185	-3.23779907404103	0.00120455611482174	0.00191626960953882
SACI_RS01755	1934.67141402442	-0.71	0.105603021971446	-6.71334778523774	1.90209025135646e-11	4.52148874239169e-11
SACI_RS01760	49128.3087350538	-1.71	0.149861963643302	-11.4365488468272	2.74592430709585e-30	1.1119884939116e-29
SACI_RS01765	4041.00759212218	-1.98	0.113842329661277	-17.4252998399522	5.30297441706562e-68	5.17187310508817e-67
SACI_RS01770	31166.4768079516	-2.01	0.152192780438721	-13.1963078036458	9.21417663130522e-40	4.73659943667828e-39
SACI_RS01775	2445.954969824	-1.95	0.112273970765486	-17.3464333251473	2.09877156728478e-67	2.00784386178116e-66
SACI_RS01780	945.543722465218	0.24	0.0944289405298415	2.58677973963849	0.00968774973886471	0.0142657546009052
SACI_RS01785	3753.60981733774	-0.91	0.094373950663292	-9.61194889676074	7.11885934533933e-22	2.25988383015248e-21
SACI_RS01790	1400.42652479835	-1.09	0.0854872101918165	-12.7143948159217	4.91903024395033e-37	2.36261493659502e-36
SACI_RS01795	6335.25190406965	-0.20	0.0772983616167932	-2.58667707110939	0.00969063649192789	0.0142657546009052
SACI_RS01800	5485.73465172169	-0.44	0.154416438521388	-2.88081518213701	0.00396648151004158	0.0060707570103557
SACI_RS01805	10404.418373697	-0.44	0.113421227731884	-3.88540176269711	0.000102160798114527	0.000175311125210217
SACI_RS01810	1280.65424900582	-0.10	0.0975868305958189	-1.00140738514477	0.316629895135825	0.378125021027851
SACI_RS01815	3809.39212161446	1.31	0.0873533476435392	15.0347557404496	4.34648600987813e-51	2.92346980472838e-50
SACI_RS01820	22859.4020486921	-1.95	0.149306973801044	-13.034122827736	7.82618814083042e-39	3.95363259891448e-38
leuS	38944.8287140246	-0.61	0.0850538471201365	-7.19102666571064	6.43059201510233e-13	1.6104000403013e-12
SACI_RS01830	1652.60455248172	-1.31	0.114179071206958	-11.4347414224167	2.80370716370164e-30	1.13408016725305e-29
SACI_RS01835	2265.59166732714	-1.29	0.129697123811288	-9.93622056280794	2.89607175762939e-23	9.62889009567879e-23
SACI_RS01840	1178.96231206352	1.00	0.117623942453347	8.47192698754277	2.41366414531658e-17	6.8507476266827e-17
priX	721.642992810113	-1.22	0.117969490198122	-10.3320901698295	5.04491142151728e-25	1.75199643926282e-24
SACI_RS01850	4550.55452630753	-0.37	0.111891620812474	-3.33410429217809	0.000855745652399731	0.00137255504137755
SACI_RS01855	3646.26810818403	-0.02	0.0981997527181644	-0.191474610352138	0.848153770526497	0.877221056526516
sfsA	497.446937678917	-1.72	0.118546931468244	-14.5238057852494	8.56214750684121e-48	5.36816069580705e-47
SACI_RS01865	1642.43202826006	-0.80	0.106477276692763	-7.53679891199819	4.81648167577253e-14	1.23796977771869e-13
SACI_RS01870	1.00584313261934	-0.25	1.23732538863358	-0.205405589610891	0.837255253507312	0.868677067099342
SACI_RS01875	4242.81059792878	-2.72	0.141672889016224	-19.2235841491493	2.34965070687379e-82	3.07821777307234e-81
SACI_RS01880	17280.2178072579	2.56	0.425802474741741	6.01142940494309	1.83894589700814e-09	3.99538307202696e-09
SACI_RS01885	10817.5384996289	-0.41	0.119650787407662	-3.4410841353951	0.000579388343949538	0.00094177429426242
SACI_RS01890	60707.5407810359	1.46	0.104899311957851	13.9382367951953	3.70992479504526e-44	2.11453668107206e-43
SACI_RS01895	8931.92392188729	0.24	0.130277161386862	1.80555567125902	0.0709877721719066	0.0954569391403922
SACI_RS01900	1677.37453301282	0.24	0.130588265041623	1.82053036461712	0.0686782764675381	0.0924930681540185
SACI_RS01905	2129.35847151465	0.63	0.123183390801155	5.13146639346832	2.87493560460476e-07	5.66118839470965e-07
SACI_RS01910	1319.58739612699	-0.05	0.0733165876086343	-0.747434655621086	0.454801232785282	0.517268263138687
SACI_RS01915	210.909758552443	-0.89	0.116251413002466	-7.62002431268337	2.5362794106968e-14	6.57671861961333e-14
SACI_RS01920	292.000658421825	-2.13	0.129043274403908	-16.4916610780354	4.2120871690162e-61	3.50441659962461e-60
SACI_RS01925	5880.3389698058	1.54	0.0983893750659275	15.641370506756	3.8045101946345e-55	2.81213374597089e-54
cobM	2767.42711923313	-1.35	0.0924753846940447	-14.5474354118293	6.06339060118939e-48	3.82887848934819e-47
SACI_RS01935	2045.52975352436	-1.26	0.101065726984484	-12.4575245178064	1.27259797043405e-35	5.90236654450984e-35
cbiT	2133.84612066958	-1.41	0.134732690128939	-10.4285621676038	1.83646128027479e-25	6.48021663823598e-25
cbiD	2382.03082152141	-1.74	0.13289477389124	-13.0866066617984	3.92766373132646e-39	1.99277852033052e-38
SACI_RS01950	3277.91934754734	-1.07	0.0901339425171288	-11.8793612412885	1.51520762715651e-32	6.44054961131538e-32
SACI_RS01955	3099.01858134113	-2.16	0.182560750388861	-11.8511819702364	2.12176761175877e-32	8.98615933038004e-32
SACI_RS01960	398.255381084571	-2.25	0.0933564209379162	-24.0824394800245	3.81887202757197e-128	1.30175336784516e-126
cbiG	514.271994628337	-2.26	0.144894011048335	-15.629511719132	4.58301466631631e-55	3.36631056348045e-54
SACI_RS01970	1047.77202498936	-1.50	0.130199675164393	-11.5325196900574	9.04568625356512e-31	3.69295400421711e-30
SACI_RS01975	372.619192275946	-3.15	0.136675418704491	-23.0704131011752	9.1783570631671e-118	2.59880739103062e-116
SACI_RS01980	355.445314626739	-3.00	0.205653559821629	-14.6057837982361	2.579979458962e-48	1.63803035812217e-47
SACI_RS01985	20267.3667687723	-1.61	0.10161196419253	-15.832496265387	1.85705145176918e-56	1.41434005361423e-55
SACI_RS01990	71.7508872094881	-1.47	0.184389152796506	-7.98488369881589	1.40654852547091e-15	3.79584309986807e-15
SACI_RS01995	210.618307139898	-1.89	0.134018758899413	-14.0752772901138	5.3893086523831e-45	3.17480917424783e-44
SACI_RS02000	3248.99637126241	-0.59	0.0849646158724416	-6.99070114769049	2.73515836151235e-12	6.73904632089114e-12
SACI_RS02005	3784.99244968656	-0.90	0.117557039092077	-7.65839020502049	1.88278101624469e-14	4.9075309191055e-14
SACI_RS11520	295.620276718182	-1.22	0.113694082773213	-10.7685604203952	4.84517571234474e-27	1.75737726508702e-26
cobS	112.250410544632	-1.84	0.1523686080509	-12.1049982224649	9.93715320570448e-34	4.33947075935677e-33
SACI_RS02015	1271.33278225457	-0.63	0.075551140444857	-8.31627860955959	9.0768305448843e-17	2.53530246961725e-16
SACI_RS02020	1524.40054332004	-0.98	0.180972394220534	-5.42863299795339	5.67873205843477e-08	1.16121306098803e-07
htpX	60309.5341704962	1.59	0.0922521507833666	17.2712915763942	7.73908239526331e-67	7.26521879405601e-66
SACI_RS02030	3813.39291513377	1.07	0.0998667039810399	10.7145800424063	8.69509745190457e-27	3.14079085942767e-26
SACI_RS02035	502.776522661424	0.77	0.119211729538279	6.47414175555009	9.53523526271944e-11	2.19673300573543e-10
SACI_RS02040	1500.43066293122	-0.09	0.0696368997874308	-1.24038083955475	0.214834564544478	0.266908760125853
SACI_RS02050	1608.24507781549	-1.66	0.0744310985802768	-22.3494088511768	1.2235285177377e-110	3.00406197606788e-109
SACI_RS02055	2986.41075811824	-1.50	0.0733398448336433	-20.4700001117055	3.98619508079901e-93	6.60166553239874e-92
SACI_RS02060	33853.5012447557	0.95	0.0778906575713357	12.2085134429027	2.79957538320094e-34	1.24895923385241e-33
SACI_RS02065	3643.10117535105	-0.51	0.0822478910356895	-6.21748312011669	5.05192486405775e-10	1.1261782982671e-09
SACI_RS02070	8710.60888489964	-0.61	0.0680633273834819	-9.03237221097832	1.67989928543577e-19	5.01541359792941e-19
SACI_RS02075	561.981991242786	-1.10	0.0993132481267404	-11.0663912971731	1.82606818262979e-28	6.97641500458454e-28
SACI_RS02080	294.641551437162	-1.36	0.126346966269727	-10.7251147207015	7.75907316114561e-27	2.80557218010116e-26
SACI_RS02085	5685.31167386988	0.22	0.116208559310925	1.88744085510979	0.0591010543942361	0.0802412227293747
SACI_RS02090	6625.72825891843	1.57	0.092750932582227	16.9456148309434	2.07354948967975e-64	1.84777468483898e-63
SACI_RS02095	3902.0798208241	1.16	0.0950951836430123	12.1904786710144	3.49363232812457e-34	1.55267634228422e-33
SACI_RS02100	123535.172421479	0.33	0.0939545848218524	3.52309198697848	0.000426543290445214	0.000702106653892707
SACI_RS02105	231.962136457701	1.29	0.142835194475637	9.01918381268497	1.89495812320378e-19	5.64787603613624e-19
SACI_RS02110	275.602977254394	-1.36	0.124795605354162	-10.9136171204618	9.92279029408979e-28	3.68665785423802e-27
SACI_RS02115	2257.60399423953	-1.88	0.100877388799053	-18.6034474284053	3.01294176548394e-77	3.47974951928095e-76
SACI_RS02120	827.155447308146	-2.48	0.12203339965268	-20.3094139698765	1.06163461009551e-91	1.68660593486215e-90
SACI_RS02125	796.752328028076	0.28	0.0980351219874896	2.90487721960555	0.00367397190783004	0.00563781266101018
SACI_RS12010	347.382973568847	-1.60	0.146296403157008	-10.9388783395028	7.51235539219567e-28	2.79405506165244e-27
SACI_RS02130	1253.67229601932	0.86	0.110416214510723	7.77104465753648	7.78414468060077e-15	2.05954272596754e-14
SACI_RS02135	2673.9711966027	-1.17	0.091370458460071	-12.7560431498055	2.88486920416997e-37	1.39900217898353e-36
SACI_RS02140	57.0211321914752	-3.52	0.272595457476279	-12.921401499752	3.40875331915982e-38	1.6976075040525e-37
SACI_RS12015	17.8449611535914	-2.40	0.363498339977063	-6.59096792023456	4.36968307020708e-11	1.02211574013971e-10
SACI_RS02145	459.47162532971	-0.75	0.113962494865607	-6.5457288890652	5.92059019643526e-11	1.3757241680797e-10
SACI_RS02150	12492.6845222805	-0.09	0.0722674559807343	-1.20295267123513	0.228994636109488	0.282303429557729
SACI_RS02155	829.745386009534	1.55	0.112759523690698	13.7160810207775	8.13448816956562e-43	4.51187803528356e-42
abfR1	49284.9605191339	3.56	0.101791478967573	34.9747847059007	5.44004728478311e-268	3.8200012033747e-265
SACI_RS02165	719.893102291987	-1.15	0.115448124254698	-9.96337097658754	2.20458210799181e-23	7.36468865952354e-23
SACI_RS02170	380.850709802775	-0.54	0.111705621021234	-4.87642368456609	1.08026453656268e-06	2.07257310812654e-06
cbp1	23811.5401030675	1.84	0.135094713201777	13.6317783486299	2.59186455093217e-42	1.40867437125741e-41
SACI_RS02180	6674.60947703074	-0.15	0.0837204772026801	-1.8076109483203	0.0706670730530826	0.0950985410078087
SACI_RS02185	74623.8833191454	-6.01	0.177491246178586	-33.8332528409784	6.39970731563128e-251	2.04267021683468e-248
SACI_RS02190	3028.22304770722	-1.24	0.0821463397720183	-15.0589514495389	3.01531495837062e-51	2.0359174651614e-50
SACI_RS02195	1810.45977355054	0.08	0.138069832142813	0.57232697748655	0.567100476459193	0.627707999006376
SACI_RS02200	340.984910640694	-0.88	0.11714375432434	-7.50895823151396	5.95997361361974e-14	1.52963942671191e-13
SACI_RS02205	472.548494074467	-0.09	0.140203207159479	-0.635728191786442	0.524953598066206	0.586045177364213
SACI_RS02210	31421.9185803795	0.75	0.163789875521162	4.57368503937419	4.79220062277067e-06	8.89292620853479e-06
SACI_RS02215	27.6108307917882	-0.38	0.310029464493788	-1.2172204193586	0.223520363139072	0.276136521809036
coaBC	4448.23873475018	-0.41	0.077996104864347	-5.23169802477032	1.67959973958246e-07	3.35633163669551e-07
SACI_RS02230	190.67278586019	-0.81	0.150349246487986	-5.36787874366954	7.9668083499728e-08	1.61778277135653e-07
SACI_RS02235	430.903415124862	-0.52	0.109967638646278	-4.74530927326099	2.08187997690353e-06	3.92350005309087e-06
SACI_RS02240	541.035646145074	-0.44	0.0981863090177457	-4.45378062689886	8.43713071345603e-06	1.54849795791658e-05
SACI_RS02245	715.688454375084	-0.54	0.0993191624369217	-5.41598350856993	6.09527193101091e-08	1.24349214118416e-07
SACI_RS02250	410.456465063106	-1.74	0.126642798126924	-13.7188053954829	7.83456078898685e-43	4.35239603324887e-42
SACI_RS02255	562.288311683423	-1.05	0.105829636539539	-9.88296543773942	4.93504461870945e-23	1.62237281425926e-22
SACI_RS02260	149.50866510185	0.42	0.126579690581026	3.29930513641287	0.000969244932204812	0.00154753022145116
SACI_RS02265	128.642703851849	0.50	0.153407571599381	3.24178654587925	0.0011878295377239	0.00189136939090641
SACI_RS02270	67.1266849305993	0.87	0.32828847428856	2.66068245612706	0.00779824634691189	0.0115966297856873
SACI_RS02275	22524.5141638665	-0.27	0.0981758058335795	-2.73680131207591	0.00620397508964084	0.00931657679201411
SACI_RS02280	7574.25456014032	-1.54	0.109825479274964	-14.0477787948686	7.94882611918596e-45	4.62824684982784e-44
SACI_RS02285	2208.87604082491	-1.49	0.139384237923991	-10.6576212848795	1.60653864022743e-26	5.76154970974311e-26
SACI_RS02290	306.864338127126	-0.46	0.13773592894688	-3.37466674018804	0.000739051293467034	0.00119301567418977
SACI_RS02295	55.1428609097164	2.18	0.229996681646672	9.46127834401014	3.04201149778693e-21	9.52765599351464e-21
SACI_RS02300	27.435847314629	2.04	0.321244096378751	6.35989015064768	2.01898083857293e-10	4.55861204130518e-10
SACI_RS02305	61.0723582012304	2.99	0.288418984606452	10.373635704911	3.26847501299724e-25	1.1418523154859e-24
SACI_RS02310	92.2913954374985	4.41	0.294368410030347	14.982817011227	9.5099202491124e-51	6.33573624186596e-50
SACI_RS02315	5695.28893566407	2.97	0.123450150532561	24.0346943600451	1.20686598980383e-127	4.03552999066784e-126
SACI_RS02320	46.1874845925757	1.25	0.256678371693261	4.87200577729408	1.1047093779523e-06	2.11715863864111e-06
SACI_RS02325	39.6068601454804	0.70	0.260481063536682	2.67069298689329	0.00756948449324783	0.0112707633824398
SACI_RS02330	688.598482489099	3.12	0.193491888918565	16.1191802529058	1.87074321239614e-58	1.48601344314997e-57
SACI_RS02335	866.146020902365	3.40	0.16916191160312	20.0989541620714	7.53651385896115e-90	1.13565236733101e-88
SACI_RS02340	4107.97444841449	1.58	0.0958355981608426	16.5353798502193	2.04087587428561e-61	1.7101600719997e-60
SACI_RS11795	1680.54873954198	3.24	0.205155156680336	15.811493533289	2.59247274663021e-56	1.96591183875133e-55
SACI_RS02345	287.918999808608	4.57	0.299325879220103	15.2586001012475	1.44311182289407e-52	1.00730926643759e-51
SACI_RS02350	1011.56728624711	2.90	0.251280424308147	11.5416956415991	8.13064477595313e-31	3.32324724195244e-30
SACI_RS02355	1105.18190508468	1.95	0.165205763720936	11.823023002513	2.96808266750018e-32	1.24951297908791e-31
SACI_RS02360	1934.0837385161	4.58	0.194268003939192	23.5646490780245	8.88435190415068e-123	2.71243126395418e-121
SACI_RS02370	1237.8339864558	-0.76	0.0941771494873531	-8.04036733608524	8.95695555076912e-16	2.43216325899075e-15
SACI_RS02375	1010.62241345369	-0.11	0.112041391680128	-0.961437566405362	0.336332203296894	0.398401607886435
SACI_RS02380	1183.60325015939	0.62	0.110571110043556	5.59890723587	2.15707176934232e-08	4.48400176563699e-08
SACI_RS02385	11848.6465341062	0.61	0.0900151549345021	6.7821856664065	1.18371209880616e-11	2.83493395559921e-11
SACI_RS02390	1678.29998185704	-1.11	0.0971350368245414	-11.396116742152	4.37188093901057e-30	1.75826735130196e-29
SACI_RS02395	1124.17414115889	0.75	0.12134933108547	6.1745288708786	6.63610547411477e-10	1.46999156590643e-09
SACI_RS02400	1237.04994546395	-0.15	0.136166556670623	-1.10853450979378	0.267631043821288	0.324129905090218
SACI_RS02405	4472.97086084242	0.45	0.124522227525901	3.62831625103418	0.000285275680307952	0.00047649995887784
SACI_RS12020	43.5807522092115	-0.29	0.330512606239641	-0.881097455675685	0.378265074257182	0.443287274938907
SACI_RS02410	2146.90614787711	0.53	0.123704297804136	4.26046104016838	2.04005642802967e-05	3.66188042884058e-05
SACI_RS02415	3091.15703482026	0.11	0.0746359350999605	1.52205059727183	0.127996403230031	0.164372849941712
SACI_RS12025	173.634723969453	0.60	0.229592242811825	2.61355937751562	0.00896045122254826	0.013229665366849
SACI_RS02420	208.955640754952	0.96	0.160943716195425	5.94395976993902	2.78217909468088e-09	6.01492044422696e-09
SACI_RS02425	157.21510997049	2.57	0.172169217627986	14.9516651496908	1.51902848508998e-50	1.00438964428454e-49
SACI_RS02435	15.6760699472655	0.06	0.357922956188738	0.159973274677679	0.872902126779973	0.896652828298562
SACI_RS02440	85.8988277938629	1.11	0.189767661311799	5.84413569745142	5.09205080376774e-09	1.08682008340599e-08
SACI_RS11495	19.2119307614267	1.32	0.347289520398552	3.80953655434144	0.000139227521924488	0.000237295062852853
SACI_RS12030	1383.20282529268	2.45	0.17224429463995	14.2398877121533	5.18102369008249e-46	3.13630589239304e-45
SACI_RS02455	8785.54368121244	0.96	0.0826541260545472	11.5593582921883	6.62016471641478e-31	2.71852611922015e-30
SACI_RS12035	1204.02670192971	1.13	0.0971408824037515	11.6065356017571	3.81772060937793e-31	1.58252857845642e-30
SACI_RS02465	4157.63104937012	0.71	0.117543254793471	6.0208704643426	1.73481555865702e-09	3.77381501018884e-09
SACI_RS02470	122.337046873035	0.11	0.156234069820871	0.678063991427004	0.497731120570938	0.558853202534239
SACI_RS12165	12.2733198873208	2.14	0.402615820386312	5.30304459109265	1.13887088339165e-07	2.29935346267285e-07
SACI_RS02475	195.766069684519	1.38	0.124014594515918	11.1149792913948	1.06075242214552e-28	4.08814682124362e-28
SACI_RS11530	8.90760843687267	0.62	0.464114146949372	1.33140249090294	0.183056610252663	0.230610605883423
SACI_RS02480	172.909829309214	0.74	0.129072060048498	5.74348750968531	9.27462079946232e-09	1.9592775948804e-08
SACI_RS11535	32.7537908856781	1.91	0.292391241277905	6.53161155750873	6.50657301043876e-11	1.50590493339819e-10
SACI_RS02495	2567.75209875762	1.48	0.102990700668919	14.3691065731647	8.0867719690279e-47	4.98992203572178e-46
SACI_RS02500	99.5238565291446	0.13	0.553200362264063	0.235118142708956	0.814117037514422	0.849692306395106
SACI_RS02505	29.9947677307066	2.03	0.375315514902161	5.40027247222314	6.65397554954186e-08	1.35511068181215e-07
SACI_RS02510	77.5571153386745	-1.29	0.160446497551145	-8.01492883498457	1.1020080444562e-15	2.98315361918713e-15
SACI_RS02515	89.5221195848345	-1.30	0.209751478000869	-6.19137271105225	5.96424921890336e-10	1.32199993734657e-09
SACI_RS02520	577.204047788981	-0.48	0.128447719311629	-3.72502352696275	0.000195297006814598	0.000329340917831918
SACI_RS02525	1985.58091501287	0.13	0.108883917834643	1.15685153161893	0.24733302383906	0.302784604846214
SACI_RS02530	2559.18493846567	0.25	0.115901797411137	2.17462377618823	0.0296583211098909	0.0417188964009723
SACI_RS02535	125.53047680994	-2.48	0.178281275980394	-13.907154075091	5.73149790738222e-44	3.24569179884177e-43
SACI_RS02540	386.320730065559	-2.22	0.116125227294893	-19.0898916456177	3.06404278460745e-81	3.89777326694086e-80
SACI_RS02545	289.296687782457	-3.14	0.16625321339516	-18.8613680532712	2.37007427280324e-79	2.85956383911071e-78
SACI_RS02550	14.9070351752773	-0.85	0.348802339419505	-2.44387691962409	0.014530382685852	0.0210897782596223
SACI_RS02555	37.680234554701	1.68	0.243474194239323	6.90795889747888	4.91676380558759e-12	1.19963569989006e-11
SACI_RS02560	390.823810494178	1.41	0.186001654711148	7.60086175992928	2.94165217144038e-14	7.61662298962182e-14
SACI_RS02565	125.6123396941	0.49	0.403110873460643	1.21860666550526	0.222993517949948	0.27567966250784
SACI_RS02570	7592.8610770643	-1.13	0.114427799347653	-9.90827028755832	3.83223106462492e-23	1.26813979904789e-22
SACI_RS02575	5723.55235977558	-0.11	0.0979449407009964	-1.11375357422139	0.26538491877467	0.321964910096014
SACI_RS02580	219.602928985913	1.22	0.2545844845545	4.80010346489785	1.58583679665449e-06	3.00966107732644e-06
SACI_RS02585	13019.9352709571	1.70	0.0972813561531845	17.4407366762312	4.04822075444622e-68	3.97019638794991e-67
SACI_RS02590	14228.2604975227	2.96	0.116187137874959	25.4820908952626	3.11393971200565e-143	1.49767703134957e-141
SACI_RS02595	326.002849113184	0.74	0.149821045040561	4.93326601574044	8.08659009015541e-07	1.55572700309784e-06
SACI_RS02600	2588.42015177373	0.78	0.172013584528732	4.56070625122974	5.09818587303504e-06	9.4407861815538e-06
SACI_RS02605	883.42960578968	-0.79	0.101750613432017	-7.73085243131451	1.06828802688533e-14	2.81588533212792e-14
nadC	2163.37995725194	0.02	0.0759793830372358	0.31213579589434	0.754937323376125	0.798274834561384
SACI_RS02615	1884.92832249049	-0.31	0.0940404910725708	-3.3429346384564	0.00082897422950246	0.00133204966580464
SACI_RS02620	664.052527798473	0.52	0.0968772873104249	5.38191531862766	7.36974351618295e-08	1.49827269747066e-07
SACI_RS02625	765.115879045077	0.71	0.0901902519478516	7.91837279374051	2.40638959042119e-15	6.44949149005251e-15
SACI_RS12170	25711.7228708309	3.73	0.118661317176264	31.4627093094694	2.81320557051297e-217	4.29441946003089e-215
SACI_RS02635	6932.3182812238	1.35	0.0665385037848627	20.2560087392837	3.14443139660469e-91	4.97301740246805e-90
SACI_RS02640	2139.60588782412	1.40	0.0896003501975403	15.6406246521656	3.84933524541028e-55	2.83928908542763e-54
SACI_RS02645	1051.6876710563	1.78	0.139774428179233	12.7603876423226	2.72839937322178e-37	1.32678811625785e-36
SACI_RS02650	688.123646381079	0.33	0.095128367238206	3.50252267538864	0.000460874553116518	0.00075507725431269
SACI_RS02655	769.871861602879	-2.34	0.0835474822333232	-28.060667846679	2.96019417505658e-173	2.25940038013558e-171
SACI_RS02660	3708.66552723094	-2.27	0.119200136627586	-19.0627011655341	5.1543782504817e-81	6.53322095214486e-80
SACI_RS02665	2430.90674275543	0.83	0.128209460648353	6.46616350028226	1.005223133579e-10	2.31280368413885e-10
SACI_RS02670	6109.26456800197	1.11	0.107369651053532	10.3077261003848	6.50215427465791e-25	2.24254063441296e-24
SACI_RS02675	15.8772673321101	1.38	0.412009591951154	3.34477254722434	0.000823500745623571	0.0013238604019617
SACI_RS02680	26.9113755763843	0.90	0.387373322711948	2.32939331455562	0.0198382389185017	0.0283138442450648
SACI_RS02685	692.057640570309	1.29	0.128057697150733	10.0511764544695	9.07771462489191e-24	3.05578677353744e-23
SACI_RS02690	814.145611563849	0.38	0.108769450435898	3.49267058144954	0.000478216049842225	0.000782758298832659
cedA2	33.8230911349263	-1.68	0.290008586629498	-5.78964444112473	7.05355776048029e-09	1.4963771176463e-08
cedA	1059.87866931877	-2.30	0.186882838932033	-12.2867620115413	1.06694691542379e-34	4.83361370329412e-34
cedA1	1174.90498979697	-0.41	0.15683059016686	-2.63717531193828	0.00835996141150996	0.0123847360826209
SACI_RS02705	4703.2434875811	0.14	0.0943564662505735	1.52811872727737	0.126483062586233	0.162548328235821
SACI_RS02710	4435.08753396715	0.37	0.114896937168538	3.22035256717656	0.00128033029472903	0.00203220599674215
SACI_RS02715	773.064662890736	-1.21	0.105057059922508	-11.5040449636147	1.25874983094381e-30	5.12105522183512e-30
SACI_RS02720	11397.2740168347	-0.75	0.0867385707051831	-8.618498600601	6.78377092811996e-18	1.94431181458197e-17
secY	31076.1793018778	-0.57	0.114825724783249	-4.97453615117554	6.54040582872504e-07	1.26519916609662e-06
SACI_RS02730	10000.21551605	-1.01	0.209246373417314	-4.82287386146515	1.41504463333151e-06	2.69134437032878e-06
SACI_RS02735	7743.60590536961	-0.75	0.177543092396569	-4.19753634388043	2.69834364268683e-05	4.79933360155698e-05
SACI_RS02740	13536.6379664789	-0.39	0.157302211085171	-2.47969257781294	0.0131495700589875	0.0191728158127513
SACI_RS02745	9464.60018332	-0.64	0.144834464189775	-4.40062113326481	1.0794144922661e-05	1.97181284201159e-05
SACI_RS02750	9281.69944570371	-1.29	0.207361661305046	-6.21183055013864	5.23708854194971e-10	1.16523560651365e-09
SACI_RS02755	5120.26257146448	-1.82	0.180271163649498	-10.1107739057805	4.94917627766422e-24	1.67565650056693e-23
SACI_RS02760	8784.1368641064	-1.64	0.162418275112493	-10.0827223174812	6.58752195209331e-24	2.22392207440381e-23
SACI_RS02765	5886.68980418809	-1.52	0.156192207611736	-9.71597697126452	2.57765093715e-22	8.27251594180408e-22
SACI_RS11545	1325.20557117142	-1.54	0.173795327844752	-8.88941457362996	6.14317143050743e-19	1.80340091074512e-18
SACI_RS02770	8326.01961101203	-1.69	0.179277986935048	-9.43756357115325	3.81547894275581e-21	1.18865541863493e-20
SACI_RS02775	11617.1495764375	-1.37	0.19202574478112	-7.15176873119116	8.5666812173239e-13	2.14228046681084e-12
rplX	5313.26320147036	-1.47	0.219859386971177	-6.67771348688567	2.42698921491776e-11	5.74202097949882e-11
SACI_RS02785	3682.54180012725	-1.41	0.186898307216003	-7.54284812553199	4.59816557347277e-14	1.18358939358232e-13
SACI_RS02790	4700.66702916077	-1.09	0.214082579102149	-5.08824031265201	3.61401229980361e-07	7.08080200034066e-07
SACI_RS02795	2248.33679967186	-1.04	0.202557708921799	-5.15221772654423	2.57423915598682e-07	5.09191756432096e-07
rpmC	3036.29589481496	-0.93	0.191595342349079	-4.86569255684847	1.14056702046144e-06	2.18349553371871e-06
SACI_RS02805	11026.6008052329	-0.78	0.1509778715703	-5.18280031291248	2.18579020654251e-07	4.34312926721604e-07
SACI_RS02810	10852.0396120603	-0.48	0.119458301251845	-4.0245456622673	5.70854174263367e-05	9.94181054483473e-05
SACI_RS02815	12832.9993512014	-0.20	0.112468170241774	-1.76076478203046	0.0782782229425397	0.104301647343931
SACI_RS02820	10427.113856609	-0.49	0.157077130225179	-3.09852285005804	0.00194487971697423	0.00303892865433757
SACI_RS02825	4154.37302959842	-0.26	0.14058233906235	-1.85425497178167	0.0637026908266398	0.0859900605506853
rpl4p	16322.2794177649	-0.57	0.127726464901213	-4.47375911911945	7.68563200688215e-06	1.41131035440184e-05
rpl3p	47739.4765459114	-0.20	0.133222739421221	-1.53218117931256	0.125477731555778	0.161374474539318
SACI_RS02840	213.859135246673	-1.27	0.144369922918369	-8.81671578624307	1.1786592719506e-18	3.43425120648843e-18
ileS	20960.8724446262	-0.90	0.159947667553022	-5.60403217550289	2.09421806024067e-08	4.35850599259336e-08
SACI_RS02850	4734.77334204879	-0.88	0.103809218764854	-8.45211554651697	2.86071271984131e-17	8.1065071504139e-17
SACI_RS02855	795.537443605826	1.55	0.137720760405742	11.2507959415126	2.29511502350962e-29	9.01358931492423e-29
SACI_RS02860	5089.55108250086	-1.75	0.152442672755591	-11.5070500466282	1.21565925288067e-30	4.9514844975221e-30
SACI_RS02865	116303.869334461	-0.19	0.0991300511289984	-1.90331201575191	0.0569998438962224	0.0776586930227539
SACI_RS02870	4264.89371204442	0.85	0.0767160238697409	11.0683543047614	1.78651215135705e-28	6.84017902226238e-28
SACI_RS02875	29537.3537761573	0.29	0.117920306398374	2.44582680777128	0.0144520404860807	0.0209916735810782
SACI_RS02880	278.051372485696	0.18	0.098507408658972	1.78516910787662	0.074233891139563	0.0992895968727641
SACI_RS02885	1455.98065499065	1.48	0.140435891112725	10.5179851455024	7.13837420071248e-26	2.53672386828963e-25
SACI_RS02890	4498.77265936588	-0.02	0.109038333769376	-0.212722204392779	0.831543646523514	0.864283523666092
rrp42	18682.9049623113	0.00	0.0715432286510765	0.0338116123556546	0.973027375920411	0.978882268440276
rrp41	29140.7752050731	0.83	0.0740265238164889	11.2013462892938	4.01583738965873e-29	1.56662278612131e-28
rrp4	8127.4278283039	-0.43	0.123642605554665	-3.45845021689897	0.000543292667951683	0.000885151070616408
SACI_RS02910	15255.9271470415	0.23	0.113584931171271	2.04901163711904	0.0404609770110178	0.056216260500864
psmA	21681.3378682381	0.18	0.0952567250010851	1.83877324337551	0.0659485452822761	0.0889320583346674
SACI_RS02920	364.921163381897	-3.42	0.178449950090321	-19.1418418090797	1.13197041139163e-81	1.46115739499853e-80
SACI_RS02925	1355.66529985075	-1.84	0.130251861933987	-14.1289629573006	2.51825402805301e-45	1.49857455804985e-44
SACI_RS02930	2224.44796196065	-0.47	0.122223140838095	-3.85744640755756	0.000114577790699004	0.000196235425924002
SACI_RS02935	44968.3216247921	0.29	0.0909638892433361	3.16214089099421	0.0015661377023176	0.00246473860159261
SACI_RS02940	4259.60965632695	-0.00	0.0637576424362693	-0.0142436777351209	0.98863557372099	0.990610587709588
SACI_RS02945	4060.38966606675	0.29	0.0906709200462211	3.22808399744976	0.0012462237451575	0.0019789649793071
SACI_RS02950	14583.482296632	-0.77	0.117428859328313	-6.59647849486137	4.21038542232192e-11	9.86168326735974e-11
SACI_RS02955	2134.24400370127	-0.42	0.078905536333197	-5.33658981736734	9.47109663716447e-08	1.91660059326135e-07
SACI_RS02960	188.015330660284	-0.40	0.126010933270087	-3.16499528182418	0.00155085465926501	0.00244391863046654
SACI_RS02965	581.310216151929	1.37	0.153929318047956	8.90827320784646	5.18335375010095e-19	1.52674119266816e-18
SACI_RS02970	6019.96794652201	0.10	0.112720352047168	0.854720911577263	0.392705670927324	0.457158358960821
SACI_RS02975	1201.16789608226	-1.92	0.142994492618198	-13.4578358767197	2.76908101290944e-41	1.46861683328173e-40
SACI_RS02980	5664.23099210414	0.08	0.174217773583559	0.453050742853912	0.650512203131222	0.705139964555023
SACI_RS02985	0	NA	NA	NA	NA	NA
SACI_RS11555	3.39197981708765	-0.02	0.714764594372518	-0.0300167181393935	0.976053720031076	0.9810834844057
SACI_RS02995	2275.62598690866	0.09	0.119045170641154	0.746694340723413	0.45524808663728	0.517441253539492
SACI_RS03000	162.838917587941	3.65	0.218584231959816	16.7053386808342	1.1984559721839e-62	1.03385231408788e-61
SACI_RS03005	76.6736401592329	1.00	0.176030932129061	5.65368104074787	1.57047526827264e-08	3.28797773816651e-08
SACI_RS03010	258.198619971415	-0.53	0.114082977653637	-4.63989258678594	3.48590317401772e-06	6.52746989012065e-06
SACI_RS03015	754.252539659492	1.50	0.163987641515221	9.16511499304315	4.94941758361436e-20	1.50063947634456e-19
SACI_RS03020	76.5319386876988	0.33	0.181265090222349	1.80203980024843	0.0715391439109058	0.0960879626133092
SACI_RS03025	148.090493876086	0.44	0.147302857172061	3.01745094356918	0.00254910296038801	0.00395139094654406
SACI_RS03030	4334.34130298315	1.35	0.0985891168914479	13.6477827188715	2.08114942775035e-42	1.13814885371207e-41
SACI_RS03035	91.2724576031656	0.27	0.199234954627053	1.34560175020951	0.178430986924353	0.22494477382097
SACI_RS03040	17172.5788594708	0.89	0.141905304211667	6.26495302931745	3.72937804290573e-10	8.36667495759873e-10
SACI_RS03045	4184.5947225966	0.32	0.0757527043285341	4.28595485542816	1.8195593873227e-05	3.28287410528776e-05
SACI_RS03050	8162.85192157113	-0.91	0.169136899732592	-5.36729559154447	7.99260092324241e-08	1.62208218737018e-07
SACI_RS03055	2911.48945411557	-0.98	0.179073438493405	-5.44847322115688	5.08040385105325e-08	1.04250718416411e-07
speE	10292.8419632249	-1.89	0.135610355820702	-13.954146960765	2.96831959252001e-44	1.70012562631937e-43
SACI_RS03065	138.840349178837	-1.43	0.183243699295423	-7.79549075825375	6.41586335077903e-15	1.70394071290357e-14
SACI_RS03070	30.2673622196762	1.50	0.375416482964263	4.00496014314728	6.20279387131179e-05	0.000107811927139484
ahcY	15642.582843898	-0.04	0.149659158483987	-0.290466167690932	0.771459629852054	0.813636155124831
SACI_RS03080	474.984713471233	-1.74	0.115347829180551	-15.0946216007629	1.75692918924748e-51	1.19546092702479e-50
SACI_RS03085	108.257919458366	0.45	0.259293715749022	1.7311330259486	0.0834280411773045	0.110492588673526
SACI_RS03090	90.2671908954585	0.53	0.324135591411004	1.64660854348252	0.0996385332576718	0.130533914278987
SACI_RS03095	649.791782555725	0.42	0.0989299736273629	4.29234361558398	1.76797065220644e-05	3.19143699737625e-05
SACI_RS03100	3137.24121579079	0.02	0.0978298274988781	0.235711796601077	0.813656315430736	0.849463967730394
SACI_RS03105	7989.142188893	-0.53	0.0901902082307148	-5.91929582141197	3.23322954653276e-09	6.95580204526747e-09
SACI_RS03110	649.723324047752	-0.18	0.131095169182838	-1.38676547494058	0.165513287990209	0.209789586329829
hflX	1350.36810142275	-1.50	0.0981395697848854	-15.322712514436	5.39195587919658e-53	3.81676554271355e-52
SACI_RS03120	4870.31781868794	0.36	0.116787486779791	3.07015990252349	0.00213944193855115	0.00333107789190825
SACI_RS03125	15700.4383796946	-1.05	0.131658739679979	-7.93718684337843	2.06818380343614e-15	5.56002552363268e-15
SACI_RS03130	943.462748717751	-0.09	0.112192087889467	-0.846258858521172	0.397408353574151	0.461561604167662
SACI_RS03135	8186.58896605932	0.06	0.064215459373025	0.857356242633839	0.391248034323561	0.456143141132933
tgtA	8300.4794108652	-0.81	0.0910732289998463	-8.86501423132384	7.6494300723823e-19	2.23809574867786e-18
SACI_RS03145	6883.34518006381	0.13	0.0817562459422916	1.53839389581089	0.12395233386324	0.159529561654631
SACI_RS03150	2068.3395441117	0.77	0.117765132587138	6.53258267335823	6.46450908747547e-11	1.49715642520623e-10
psmB	32879.0189000724	1.19	0.0563446888167422	21.0335882315403	3.23252158607636e-98	5.88050947601768e-97
hisS	4143.6155821459	-0.70	0.100940323531387	-6.91864380974035	4.55987751293235e-12	1.1133330979072e-11
SACI_RS03165	51.9017513427288	1.13	0.312506266983677	3.60546501684061	0.000311594466195756	0.000517506230280652
SACI_RS03170	828.229168585002	0.78	0.193163444899831	4.02147892342156	5.78338835420819e-05	0.000100671673334779
SACI_RS03175	1279935.08233718	3.71	0.146685096587499	25.2649141323175	7.76624306309798e-141	3.58779992033382e-139
SACI_RS03180	938.949185125614	-1.73	0.182731830341223	-9.46246935278612	3.00755239721983e-21	9.42813970235608e-21
SACI_RS03190	9408.49825751025	1.77	0.115217470524804	15.4023611287243	1.57800571302919e-53	1.13532337263227e-52
SACI_RS03195	20115.8774686075	1.30	0.0909402992968799	14.3283997973838	1.45433109646114e-46	8.92684699243892e-46
fbp	30430.0926898007	-1.03	0.119423705996189	-8.63321931619649	5.96489108992114e-18	1.71240659171816e-17
SACI_RS03205	7987.70985653847	-0.40	0.112971709517533	-3.49842752012156	0.000468010275333741	0.000766410483533939
SACI_RS03210	1.99277347895354	1.58	1.01085864012037	1.56076379974463	0.11857949167443	0.153119748168049
SACI_RS03215	556.730684003932	-5.07	0.235529992635747	-21.5235587505712	9.36882247230924e-103	1.90138356649004e-101
SACI_RS12185	2.97002063679444	0.73	0.984162085439525	0.746790303627499	0.455190149516363	0.517441253539492
SACI_RS12190	2.62794873706147	0.98	0.794375511862879	1.22919485398934	0.218998757862086	0.271153737843235
SACI_RS12195	54.5640701943367	1.88	0.245310409742465	7.65750700199182	1.89577015128107e-14	4.93772181094054e-14
SACI_RS03230	164.417194962558	-2.33	0.175416085947751	-13.2785595528302	3.0826713646989e-40	1.59635090876959e-39
SACI_RS03235	348.358894854826	1.39	0.142204170640415	9.75206696313838	1.8074997331941e-22	5.83284151033499e-22
SACI_RS03240	6.36687033026176	1.19	0.574844077789763	2.06285623982996	0.0391262888211575	0.0545128571631286
SACI_RS11570	20.1770939738788	-1.72	0.343499495045286	-4.99975207524447	5.74040790002736e-07	1.11412781299038e-06
SACI_RS03245	101.769858068142	1.63	0.245446741613057	6.65740799997323	2.78698744598609e-11	6.58043908732828e-11
rpsJ	27284.7969576399	1.29	0.0809864000191899	15.9371066461802	3.50196962204845e-57	2.71421972251923e-56
tuf	385377.200019961	1.08	0.0692174817970051	15.6685016701527	2.48365537310176e-55	1.84357590168293e-54
SACI_RS03260	29821.4895704052	-0.19	0.0877263389351382	-2.22155137510979	0.0263136390843184	0.0372078883709392
SACI_RS03265	2013.25565664877	-0.50	0.121852120329178	-4.11333644129915	3.89981376728903e-05	6.85984275398386e-05
SACI_RS03270	29014.5326105509	0.27	0.0843511615046096	3.15732817549755	0.00159222041938011	0.0025046083747507
SACI_RS03275	19394.015091991	-0.04	0.0896155786713751	-0.48450352553922	0.628028562895792	0.684147776707144
SACI_RS03280	17394.4061406774	0.43	0.129983843680905	3.33875219652738	0.000841556003164059	0.00135103023644674
rpoA2	15358.941488218	-0.57	0.163911947367937	-3.45434661648746	0.000551627899841996	0.000897897800809108
rpoA1	33459.3381953634	-0.49	0.139359278309236	-3.5159608061724	0.000438165662403898	0.000720224550889554
SACI_RS03295	84489.2004074364	0.43	0.106896206261183	4.00296080975151	6.25546675016632e-05	0.000108673645521197
SACI_RS03300	4868.90420663468	1.25	0.0709331141115603	17.6549914597429	9.31477637634612e-70	9.53474631409657e-69
infB	47272.6063218652	1.90	0.0552373894922007	34.4371468140425	7.0133479954571e-260	2.73598497911665e-257
ndk	9782.75994702948	-0.24	0.0949407909821926	-2.51026223033379	0.0120641536285326	0.0176048393141221
SACI_RS03315	962.283550133719	-0.44	0.107715877308288	-4.04761466877792	5.17422352371918e-05	9.03815860287464e-05
SACI_RS03320	10874.3135703978	-0.34	0.107642997112622	-3.18464995946174	0.00144929198534002	0.00229210097321117
upp	1467.14235950392	-1.43	0.0907138225576022	-15.7587654020276	5.97895981145391e-56	4.52416549526179e-55
gatB	5590.31573451094	-0.23	0.0759619976682564	-3.06246601244603	0.00219521403000991	0.00341488544943056
SACI_RS03335	3621.79052886804	-0.18	0.0613246586837296	-2.97472458129052	0.00293251709514726	0.0045158190881851
SACI_RS03340	539.283704545541	0.19	0.0925213851144776	2.02686326973608	0.0426763977802774	0.0591539015422637
SACI_RS03345	237541.499504922	-0.91	0.114732793986472	-7.88818223441449	3.06619804675119e-15	8.18663219934862e-15
SACI_RS03350	857.831717401414	0.32	0.102564096573791	3.07423757349542	0.00211041299996184	0.00329171925493827
SACI_RS03355	58.4804929433192	-0.30	0.199717316766717	-1.49155540317048	0.135815736814529	0.173778809021797
purB	5056.25846019952	-0.83	0.10075444548705	-8.19869764387726	2.43005275726616e-16	6.69169822020509e-16
SACI_RS03365	7811.16262168343	1.02	0.0809666725728779	12.5374800691478	4.65565467129753e-36	2.18529459236974e-35
SACI_RS03370	5168.92995191568	0.26	0.0994410325124935	2.65548752155557	0.00791938634341855	0.0117668072161416
SACI_RS03375	5118.52262756276	-1.40	0.150856846904879	-9.28040683989546	1.68832656501562e-20	5.18610198580038e-20
SACI_RS03380	5443.55593903765	-1.59	0.152471483498684	-10.4452335644288	1.54075653298186e-25	5.45322196300333e-25
SACI_RS03385	5547.01615344765	0.31	0.0753906745463209	4.06417810507137	4.82020097768883e-05	8.43655315686216e-05
SACI_RS03390	2324.55595720441	-1.72	0.0762507042814064	-22.544784346015	1.51078113981483e-112	3.84373375499266e-111
ilvA	3794.23801269389	0.09	0.0809975123249239	1.14994818124646	0.250165214631733	0.305718784744871
SACI_RS03400	2295.43744236943	1.34	0.103629179025139	12.9023142909884	4.36779804212479e-38	2.16907198386141e-37
radA	76793.9268257978	1.83	0.148994493956275	12.2566178064606	1.54828268367138e-34	6.96925705432078e-34
SACI_RS03410	55.4349856787839	-2.31	0.229037065017671	-10.0868221753517	6.31818637963685e-24	2.1350483521564e-23
SACI_RS03415	578.434139167329	-0.85	0.08648571523125	-9.8571747468208	6.38198756723684e-23	2.0882719802953e-22
cyaB	975.319382934313	-0.20	0.0909000299530679	-2.21932202711511	0.0264648240963523	0.0374066012086526
SACI_RS03425	3691.18041035863	-0.18	0.0964381016550682	-1.88687826033476	0.0591767017655643	0.0803128720134891
SACI_RS03430	3102.68241127865	-0.17	0.0685916998128434	-2.41208427880597	0.0158616145585607	0.0229366263241791
SACI_RS03435	185.821242589075	-1.92	0.157610146780705	-12.2048918591882	2.92697125074896e-34	1.30413655601264e-33
SACI_RS03440	1271.87880888	-1.58	0.112497361019707	-14.044033950248	8.38033571066149e-45	4.87141700002194e-44
SACI_RS03445	73.5098905765549	0.71	0.247332314240524	2.8523547040674	0.0043396646385139	0.00661022236261271
SACI_RS03450	915.303029924873	-2.60	0.094163887160149	-27.6397143822951	3.71003130310172e-168	2.45772073682833e-166
SACI_RS11915	6.96800835888547	0.95	0.508673856617371	1.86996784015962	0.0614882839216542	0.0833534227215938
SACI_RS03455	463.512249177947	-0.47	0.113552778032419	-4.14910308767924	3.33780483861088e-05	5.90974926291618e-05
SACI_RS03460	0.168179059663605	-1.25	3.53430805826348	-0.354173233641051	0.72320906163715	NA
SACI_RS03465	35.6972584284561	-1.89	0.281622835774376	-6.70683848133009	1.98886190428012e-11	4.72136182956559e-11
SACI_RS03470	4741.24809813561	-1.07	0.0712302126370512	-14.9636178729365	1.26933648423957e-50	8.42465103244823e-50
SACI_RS03475	1835.72580473765	-2.21	0.109123668012833	-20.2170172697397	6.93514491441127e-91	1.08219083531102e-89
SACI_RS03480	11836.2977330319	2.12	0.137347661028348	15.4394886852746	8.88014512574253e-54	6.44177469762025e-53
rnpB	16728.3273024692	1.19	0.396307611709533	2.9922869268835	0.00276895882337666	0.00426957155418333
SACI_RS03485	1410.40343839089	1.06	0.105749510525008	10.0503034691276	9.15849472517503e-24	3.08002633908903e-23
SACI_RS03490	9013.36632973196	-0.22	0.0852831325411256	-2.61981073700856	0.00879785791104152	0.0130060122634386
SACI_RS03495	5185.84105849149	1.25	0.100824213779502	12.4105625159698	2.29037961599624e-35	1.04843843960402e-34
SACI_RS03500	326.362259162884	0.47	0.121265906478869	3.90461487538641	9.43755554637067e-05	0.000162268646049498
SACI_RS03505	1527.41065944122	1.18	0.106893370497864	11.0247828071587	2.90218220796933e-28	1.09801311769184e-27
SACI_RS03510	19.5242268818611	-1.27	0.310227053546059	-4.10607989393769	4.02430340847874e-05	7.07527754990929e-05
SACI_RS11815	4.16705917975819	0.56	0.606061640244481	0.920256743378621	0.35743860801882	0.420573961464598
SACI_RS03515	181.93833062656	-2.71	0.163317426056564	-16.5680429217553	1.18624171556077e-61	1.00358907550214e-60
SACI_RS03520	85.0837915878337	-4.06	0.233733394735287	-17.3496711536404	1.98376542530013e-67	1.90300557601879e-66
SACI_RS03525	677.042712322322	-0.96	0.10085386256696	-9.48712470815539	2.37494643504042e-21	7.47841877437391e-21
SACI_RS03530	160.221235436468	-2.04	0.14989628096114	-13.6339404515414	2.51618771119869e-42	1.36966434946025e-41
SACI_RS03535	67.6395927769517	-1.93	0.185981768585491	-10.3529765127778	4.05673734753883e-25	1.41301635190564e-24
SACI_RS03540	71.0626873230256	1.70	0.256019363545221	6.64424136910328	3.04782768539852e-11	7.1866507746368e-11
SACI_RS03545	119.219023330622	0.01	0.264295901712377	0.0455296388228182	0.963685151023238	0.970596260826905
SACI_RS03550	819.170611491965	-6.97	0.402570506102318	-17.3199814226876	3.32465066390044e-67	3.16337357207437e-66
SACI_RS03555	691.162302905138	-2.14	0.158655616508219	-13.486381208084	1.88109411040044e-41	1.00220355411471e-40
SACI_RS03560	298.945248666017	-2.83	0.155517155738681	-18.2289961282522	3.03847284623665e-74	3.36532434168356e-73
SACI_RS03565	390.668891445211	-1.92	0.107008113482584	-17.939082236447	5.84118836253072e-72	6.17723263278475e-71
hxlB	6986.13543265193	0.09	0.0865114169499461	1.00038458674841	0.317124426183761	0.378586827722266
SACI_RS03575	1840.66769832061	-1.32	0.158786076521087	-8.33368964608254	7.83611721942836e-17	2.192239646009e-16
SACI_RS03580	318.290978797669	-0.40	0.148267130176882	-2.72691171600895	0.00639301413059538	0.00958406174744678
argC	3891.63453489935	-2.43	0.142939365180726	-16.9752385275467	1.25244374061917e-64	1.12463682181942e-63
SACI_RS03590	2496.2638166403	-2.68	0.130361353122974	-20.5462283663283	8.31802615367079e-94	1.38410378320086e-92
SACI_RS03595	3507.37337658042	-1.22	0.0657066413107492	-18.5513830139802	7.94804298809034e-77	9.14937014137219e-76
SACI_RS03600	190.744338030338	-1.61	0.147007490074687	-10.9465394979887	6.90348489528703e-28	2.57578485306618e-27
lysX	9731.03867724436	-1.26	0.118262222645741	-10.6596062999247	1.57261737676939e-26	5.64566422273756e-26
SACI_RS03610	1932.37541243431	-1.34	0.0988109150210296	-13.5434506634338	8.66222913841323e-42	4.6645838197805e-41
SACI_RS03615	667.433767683193	-1.45	0.101971828790408	-14.1778628463086	1.2561408043921e-45	7.50052783030726e-45
uppS	1209.61717260268	-1.26	0.0850536129656681	-14.7731840988074	2.18158072035846e-49	1.40284430571036e-48
SACI_RS03625	9446.85175461598	-0.37	0.12106689067739	-3.09304416782757	0.00198114647257145	0.00309284360391212
SACI_RS03630	2111.95192314599	-0.35	0.146736896584657	-2.3828501764537	0.0171791844729088	0.0247298551391483
SACI_RS03635	148.050840771961	1.04	0.283074296127885	3.6716330206486	0.000241005582997847	0.000404866316701168
SACI_RS03640	32.2738351244529	-1.37	0.276331444829926	-4.96647611398907	6.8180446399291e-07	1.31745485584981e-06
SACI_RS03645	1934.97023848124	-0.27	0.0884195017139636	-3.09989147114523	0.00193591563399314	0.00302761683338526
SACI_RS03650	42.3124991234804	-0.48	0.630503499491916	-0.761173117988933	0.446553672347384	0.509207516600086
SACI_RS03655	33784.693292696	0.25	0.0817747748383597	3.10474122399732	0.00190445563821783	0.0029797432022205
SACI_RS03660	9.2260927988102	0.47	0.593220797072418	0.799768718646211	0.423844810072099	0.487268869732528
SACI_RS03665	948.776167249847	-0.96	0.112821806271607	-8.50509124989691	1.81452818585112e-17	5.16272970868987e-17
SACI_RS03670	3036.05681903913	2.66	0.206581696695761	12.8699082268421	6.64810958036971e-38	3.28291318378031e-37
SACI_RS03675	7108.92034824827	-0.23	0.0913974207430126	-2.53978360806756	0.0110921073478153	0.0162403623428605
aspS	34819.9401547589	0.11	0.0820848860379491	1.35037132940154	0.176896902637263	0.223171047488117
SACI_RS03685	360.266123511692	-2.33	0.0943869364556884	-24.7029310054803	9.94671271644126e-135	3.79596829863318e-133
pth2	249.28188094562	-1.85	0.12077577712289	-15.3133935817386	6.22304527388445e-53	4.39619958885479e-52
SACI_RS11585	1008.98789190542	-0.47	0.164632259825473	-2.87446886191495	0.00404707674221045	0.00618601934780186
SACI_RS03695	3724.57914112993	-0.81	0.122020294350445	-6.59837171387752	4.15697955681474e-11	9.74309427501772e-11
SACI_RS03700	62967.7324853941	0.45	0.0920566948997177	4.86129030742402	1.16623074981004e-06	2.23140935290629e-06
SACI_RS03705	1729.31050757302	-0.36	0.128886174955243	-2.7802441227414	0.00543180476886916	0.00822028730323259
fen	2321.4958661872	-1.33	0.140511875844645	-9.43906375817529	3.76125019195715e-21	1.17280190266088e-20
SACI_RS03715	510.294694461722	1.13	0.0994521886699288	11.3930729875521	4.52735935562611e-30	1.81871380979442e-29
SACI_RS03720	4573.23066369589	1.91	0.11082342446919	17.2002858829661	2.64224664354606e-66	2.45421374748419e-65
hemB	9359.95920349985	1.31	0.0824541955393209	15.9333594145554	3.71831982285821e-57	2.8755552638888e-56
hemL	3459.24288764268	0.30	0.0795068805370558	3.74824943541082	0.000178073113635046	0.000301598987926989
hemC	1332.10626626544	-0.89	0.0950165052899482	-9.35856657256895	8.08257461865492e-21	2.50246203581106e-20
SACI_RS03740	330.917231947763	-1.62	0.104830212391674	-15.4112178526567	1.37594125736976e-53	9.9197736234604e-53
SACI_RS03745	2483.78530724558	-1.04	0.190013813511714	-5.47355688200101	4.41091209548161e-08	9.07779153999761e-08
SACI_RS03750	3516.77381460833	-2.85	0.122251210076788	-23.297635148143	4.68484223646919e-120	1.37070675768694e-118
SACI_RS12200	3030.97475666712	0.78	0.0883584068650233	8.78534384820233	1.55886956274091e-18	4.52703973100359e-18
SACI_RS12205	1905.16261236382	-0.00	0.108980689963443	-0.0261222191835819	0.97915985476261	0.983923941062256
SACI_RS03765	3544.84559521113	0.07	0.0744578796329086	0.956139365843864	0.339001828629666	0.401157876750508
SACI_RS03770	4745.51240789658	-0.29	0.0695846702134337	-4.23850369718551	2.25014478035975e-05	4.03074404277708e-05
dcd	2041.07561243581	-0.71	0.140165305371768	-5.08932885148134	3.5933300147471e-07	7.04421087759747e-07
SACI_RS03780	15554.9214870375	2.20	0.101809539609521	21.6040206683514	1.64642796997555e-103	3.5033991530813e-102
SACI_RS03785	79664.4695031662	1.75	0.0956384750253531	18.3363526643317	4.24328656895146e-75	4.77505741781685e-74
SACI_RS03790	3785.31401531445	0.29	0.0741718380482934	3.84565660959285	0.000120230043068868	0.000205715244256723
SACI_RS03795	1155.39911845815	-0.08	0.0665424006609281	-1.26638886661191	0.205373894904656	0.256242979747778
SACI_RS03800	49.0830013194264	-0.30	0.266636095111804	-1.11530323669751	0.264720498882624	0.321361597152695
SACI_RS03805	3890.6202182926	0.50	0.0732595462696609	6.8756232434562	6.17194211070132e-12	1.4996324394929e-11
SACI_RS03810	548.255964474483	-0.41	0.120329617373793	-3.41609834899293	0.000635252995784707	0.00102924470152289
SACI_RS03815	4137.12942087045	-0.55	0.13499864149324	-4.04414483417761	5.2514449736927e-05	9.16848498390605e-05
SACI_RS03820	34777.6452561904	-1.25	0.111382894810789	-11.1927354245362	4.42565955999651e-29	1.72458276527722e-28
SACI_RS03825	9849.66784760067	-0.58	0.101703347651304	-5.70152533490596	1.18740083451951e-08	2.50237954981873e-08
SACI_RS03830	641.111643221598	-1.53	0.127134099377998	-12.0198322461001	2.79538391320922e-33	1.20720700114115e-32
SACI_RS03835	88664.2630944389	2.52	0.188773098574643	13.3469431547211	1.23410047553876e-40	6.43822699794442e-40
SACI_RS03840	10250.233473554	1.84	0.0973687158729013	18.9392588342617	5.41540584248672e-80	6.64807339614366e-79
SACI_RS03845	14017.3105570781	-0.19	0.0787188093165454	-2.38941956387499	0.0168750186123739	0.0243219172200512
SACI_RS03850	19410.5021218889	-0.62	0.0953401644552345	-6.47779644556332	9.3071793487084e-11	2.14701095225461e-10
SACI_RS03855	1212.72016477396	-0.13	0.111465012785913	-1.17409129768403	0.240358458761962	0.29465731449485
glmM	15847.5477895888	-0.65	0.118591698562542	-5.4714096591423	4.46469919715843e-08	9.18310420692632e-08
SACI_RS03865	696.360329062113	-1.25	0.0969207289100625	-12.889928491261	5.12913479758038e-38	2.53997070159446e-37
SACI_RS11590	5.04971762029355	-0.49	0.599569288420492	-0.810690188734468	0.417543609085202	0.48081194211156
SACI_RS03870	17.1446925358524	0.65	0.426516727981915	1.52909611563712	0.126240618175151	0.162296159067358
SACI_RS03875	1435.7168503002	0.90	0.137442266481591	6.57616962557151	4.82721837738172e-11	1.12389679860658e-10
SACI_RS03880	5370.59266703389	0.66	0.0965968272585734	6.83905176240915	7.97190795442643e-12	1.92631581748047e-11
SACI_RS03885	4224.89805476674	0.36	0.069389465144119	5.16471427344192	2.40806480388501e-07	4.77667543866681e-07
SACI_RS03890	21654.0593007545	0.18	0.111466704701129	1.65006169580111	0.0989303180766657	0.12970289274353
SACI_RS03895	4655.64646135959	0.14	0.0617189971749665	2.31194567627946	0.0207806771638125	0.0296107782151565
SACI_RS03900	476.326883566834	-1.00	0.140768095684919	-7.0710500002112	1.53765717737104e-12	3.82616183540023e-12
SACI_RS03905	1235.94552329208	-1.47	0.14865624220694	-9.90382258364741	4.00661438033908e-23	1.3233511843246e-22
SACI_RS03910	4599.30517851094	-1.08	0.0980465928999746	-10.9960894051232	3.99065153279088e-28	1.50173392621959e-27
SACI_RS03915	727.400178591082	1.76	0.227140396064381	7.76765954051558	7.99496070741015e-15	2.11372794003893e-14
SACI_RS03920	2251.01350610255	1.70	0.20814966323434	8.18305122407615	2.7674544930584e-16	7.59697632926353e-16
ribH	4103.95507872674	2.17	0.194677791965383	11.1317633233562	8.78796457309343e-29	3.39060918858583e-28
ribC	5168.79326413497	2.37	0.228864405937117	10.3516213299014	4.11458043914588e-25	1.43174350067802e-24
SACI_RS03935	8537.72708379843	2.60	0.238917861398648	10.9015519849067	1.1330791296512e-27	4.19645656561748e-27
SACI_RS03940	39.4093016089784	-0.88	0.235649421852087	-3.7367411190372	0.000186420681187962	0.000315129037867567
SACI_RS03945	9745.64055234343	0.43	0.0822945291088002	5.23635044835067	1.63782835471024e-07	3.28032821071743e-07
SACI_RS03950	1781.66929107452	0.24	0.0940346662723111	2.55600636235551	0.010588118288247	0.0155321187733933
pcn	7165.76967187474	0.97	0.0810009112173888	11.9370617301899	7.58557598468348e-33	3.24001913409047e-32
SACI_RS03960	7514.30129228918	0.66	0.0897630162801405	7.30326302846276	2.80871342865766e-13	7.09963487978189e-13
SACI_RS03965	6701.65461252262	-0.30	0.13247089197473	-2.24091917051389	0.0250313112316988	0.0354517683479203
SACI_RS03970	18190.6090618289	0.71	0.113338139466583	6.26064627838238	3.83385255532196e-10	8.59008061374307e-10
SACI_RS03975	1344.22864206501	-0.02	0.09585450900361	-0.163165804563001	0.870387889357881	0.89459364155021
SACI_RS03980	26326.9449473308	0.97	0.0903110098262225	10.795939164106	3.59765314780489e-27	1.31303120602318e-26
SACI_RS03985	28020.1710472078	0.70	0.118757609561508	5.8630925527764	4.54324811507655e-09	9.71458229721911e-09
SACI_RS03990	2188.78859870292	1.05	0.120076014283186	8.76857747883596	1.80937648600744e-18	5.24151884684168e-18
SACI_RS03995	4470.80622130972	0.52	0.0837630074171941	6.25569489852587	3.95749764750418e-10	8.85581532210783e-10
SACI_RS04000	337.271615020785	0.24	0.121304234731737	1.94929143929463	0.0512606303410506	0.0702482721028215
SACI_RS04005	501.758745909402	0.44	0.111304864803592	3.93981455779842	8.15446177984253e-05	0.000140897221008992
SACI_RS04010	27266.4597511292	1.03	0.101885979847734	10.1244373440899	4.30447247932155e-24	1.45878406128359e-23
SACI_RS04015	88294.5529627687	1.43	0.0959713360783344	14.902183272831	3.18983450744505e-50	2.08169311443115e-49
SACI_RS04025	8589.0759127057	-2.32	0.127928828921101	-18.1211541305945	2.16995078437629e-73	2.38084287623286e-72
SACI_RS04030	31153.6709029328	2.28	0.0919217533554094	24.8327168523986	3.97526352016851e-136	1.58603979764905e-134
SACI_RS04035	1843.78084760879	1.28	0.0872751832451312	14.6496123752881	1.35486435619502e-48	8.63326452740602e-48
SACI_RS04040	1161.72515646592	-1.71	0.165269892781955	-10.3183947577693	5.8187831363963e-25	2.008824738632e-24
SACI_RS04045	2349.91954222067	0.48	0.0827254238284681	5.80537239414339	6.42231012750474e-09	1.36658974894965e-08
SACI_RS04050	6099.65925543159	-0.10	0.0906954657046144	-1.08945482640199	0.275953365225397	0.33283142057931
SACI_RS04055	10318.3258573399	-0.72	0.117039776341707	-6.12971195138849	8.80383191747722e-10	1.93916272661622e-09
SACI_RS04060	353.408498192644	-0.63	0.157684073958396	-3.97531213782291	7.02870085629036e-05	0.00012192573471559
SACI_RS04065	4339.14817705407	1.69	0.0812774545725012	20.7559391719357	1.08344599808588e-95	1.83767096583551e-94
SACI_RS04070	359.757447698838	-0.52	0.154182163359594	-3.36796862096978	0.000757242141736383	0.00122069658385512
SACI_RS04075	1438.71212668536	-0.13	0.119818522461616	-1.05159182948189	0.292986858010429	0.352045468334913
kae1	5026.46730606706	0.58	0.109141495622534	5.30489834395287	1.12735803484708e-07	2.27741890698971e-07
SACI_RS11595	1199.22666928663	0.82	0.101864810700235	8.07091031766891	6.97759568345119e-16	1.90056931300211e-15
SACI_RS04085	2915.95655917137	0.91	0.114034537542535	7.97630853751095	1.50774761019506e-15	4.06270288518407e-15
SACI_RS04090	52143.2260023481	1.03	0.0676208134587491	15.214714736708	2.82447919260655e-52	1.96371216737457e-51
SACI_RS11600	113.668048971177	0.57	0.189145945572318	3.03982719423473	0.00236713925062868	0.00367907300086644
SACI_RS04095	1579.93867715196	0.41	0.0894841713979103	4.52646578532115	5.99783047157651e-06	1.1077529082433e-05
SACI_RS04100	4339.77691921497	0.02	0.11207453902401	0.170742329878502	0.864426377091686	0.889507916169083
endA	1304.08309914573	-1.00	0.0764208476034167	-13.0432948175897	6.93921917853615e-39	3.51060497634588e-38
SACI_RS04110	6201.54102691011	0.13	0.0920160766259896	1.40479574435202	0.160082024927075	0.203345871750709
SACI_RS04115	6889.28805119741	0.91	0.086759041185194	10.4406502536948	1.61699257135841e-25	5.71728189127834e-25
SACI_RS04120	8599.27339222829	0.88	0.0824911420965929	10.6362327624355	2.02137688823005e-26	7.23450994350223e-26
glyS	6373.1257714995	-1.84	0.131634348250098	-14.0017886747933	1.51996504082766e-44	8.76288548168458e-44
speB	22255.5514641849	0.94	0.0907488403182481	10.3828083540638	2.9691021225892e-25	1.04037101321464e-24
SACI_RS11605	4727.87502844618	2.03	0.149957816666484	13.5343424061734	9.80559800917348e-42	5.27219825577459e-41
yciH	7625.88605677604	0.33	0.205017996584261	1.59616001166601	0.110453073020863	0.143364413817468
SACI_RS04140	35839.309333744	0.81	0.0693393807847162	11.6156762056255	3.430633932121e-31	1.42375363305873e-30
SACI_RS04145	2185.11023270192	1.36	0.163715626539295	8.28214279705674	1.20978401030884e-16	3.36040479445754e-16
SACI_RS04150	39.1181076442236	1.57	0.330248271946241	4.7674073691038	1.86611746522431e-06	3.53013923513069e-06
SACI_RS04155	1302.74350969498	-0.10	0.107583757292824	-0.928609113562785	0.353091697105378	0.41586881869741
SACI_RS04160	2548.73948785305	0.46	0.100403866454927	4.60515295264674	4.12162810790563e-06	7.67694232724493e-06
SACI_RS04165	1933.31058516082	-0.47	0.115990246616057	-4.04916386851012	5.1400945629987e-05	8.98748606109982e-05
cadA	8319.3796042461	0.99	0.110369818350765	8.98735262295458	2.53257026942798e-19	7.52271930284402e-19
SACI_RS11610	630.093491163317	2.31	0.131611133134882	17.5646293853508	4.59686564504701e-69	4.66462291322544e-68
SACI_RS04175	1128.47947040566	3.24	0.169268828566147	19.1200367818788	1.71986212220729e-81	2.20380872666781e-80
SACI_RS04180	800.048950027152	0.68	0.106103267975441	6.37266470858373	1.85771733103945e-10	4.20260666835019e-10
SACI_RS04185	4279.7177192512	0.06	0.0965952801764697	0.613887899281651	0.5392894069983	0.600331359534252
SACI_RS04190	1091.78205613787	0.43	0.0997069738624382	4.34607164093807	1.38597318545897e-05	2.51350818912522e-05
SACI_RS04195	59.9706012737414	-0.54	0.18158111881177	-2.99066522481044	0.00278370489182331	0.00429042487936419
SACI_RS04200	693.337735184299	-0.59	0.0873791622812757	-6.80925956499616	9.81023392180038e-12	2.360776648351e-11
SACI_RS04205	4406.79510152244	-0.52	0.109594737535605	-4.75083624088584	2.02577141111647e-06	3.82597279420652e-06
SACI_RS04210	77178.5115431004	1.71	0.117599446557139	14.5242840894073	8.50259573754909e-48	5.34036022084702e-47
SACI_RS04215	364.858640124284	-1.97	0.161168177350975	-12.2456533815181	1.7724388023161e-34	7.94767897181587e-34
SACI_RS04220	3215.70575391147	-1.65	0.128122850185866	-12.8890082044113	5.19070518303979e-38	2.56684026727503e-37
SACI_RS04225	7482.64899250989	-0.81	0.123604811833753	-6.54450851822471	5.96913623635324e-11	1.38608712472462e-10
SACI_RS04230	2685.84399576908	2.21	0.0873907405335253	25.275502323547	5.94055780303086e-141	2.78097312619218e-139
SACI_RS04235	3566.09990912574	1.30	0.0912038558616125	14.2599554126107	3.88702769160263e-46	2.36933233076681e-45
SACI_RS04240	1669.79622685105	0.55	0.0970392303413411	5.65173557799733	1.58835805337567e-08	3.3234357123969e-08
SACI_RS04245	129.780173552645	0.42	0.326049426663172	1.27932495244417	0.200782649245106	0.250871132206251
SACI_RS04250	146.505511316245	1.64	0.224075095543062	7.33477292580257	2.22097726233034e-13	5.62615524389741e-13
SACI_RS04255	3922.23309861969	1.52	0.11799788784256	12.8567167351303	7.8855525706847e-38	3.88850773534747e-37
SACI_RS04260	1699.87694501923	0.11	0.0960061412363976	1.18933985472816	0.234305958124342	0.288344976857541
tmk	963.499422860351	-1.48	0.0852270242377694	-17.3073405729485	4.14104970954393e-67	3.91892871434198e-66
SACI_RS04270	1088.13488925477	-1.83	0.0911029671335625	-20.080451433618	1.09396142398822e-89	1.62749938967061e-88
SACI_RS04275	1394.22051830034	-1.17	0.0979170450795675	-11.9428433109564	7.07621452027761e-33	3.02613753723443e-32
SACI_RS04280	114.204571710465	-1.60	0.151043665194676	-10.5897394577696	3.32516055589356e-26	1.18765398898701e-25
SACI_RS04285	1119.10530339597	0.61	0.102469884100013	5.99001877807427	2.09816810436655e-09	4.55294698048885e-09
SACI_RS04290	2195.35267546517	-0.46	0.0887491344790902	-5.1453304926999	2.67050242565023e-07	5.27045194854298e-07
SACI_RS04295	2730.51224184334	-0.69	0.136156349279584	-5.08335129182564	3.70832931732559e-07	7.25345082625635e-07
SACI_RS04300	8334.22084495714	-2.40	0.1015776122584	-23.5914062687455	4.72221960086224e-123	1.45436079110766e-121
SACI_RS04305	871.290594782157	-3.35	0.176930004080937	-18.9538923240673	4.10097681897551e-80	5.06990479275458e-79
SACI_RS04310	372.290506854075	-1.21	0.0885786786811338	-13.6370701588638	2.41052045602735e-42	1.31418281383727e-41
SACI_RS04315	11635.9056936724	0.86	0.146853657822787	5.83940404618353	5.23878782527128e-09	1.11745954158733e-08
SACI_RS04320	1537.62721150779	1.13	0.156414733104196	7.22335339058059	5.07209776838831e-13	1.27291888955049e-12
moaC	5120.08350519727	1.53	0.127723832351998	11.9963344980909	3.71382726907003e-33	1.59794700265991e-32
SACI_RS04330	4061.8124451158	-3.22	0.120953420739977	-26.6327676877861	2.83425346865295e-156	1.74580068920009e-154
SACI_RS04335	4933.71057776191	-2.53	0.144307907412129	-17.5342939271591	7.84175900898665e-69	7.8889443783817e-68
SACI_RS04340	2242.23617771382	-1.25	0.0904591845511785	-13.7924967118669	2.82800294039259e-43	1.58106979677044e-42
SACI_RS04350	8078.2308714974	0.93	0.0615389175673861	15.0939364670869	1.77527280754574e-51	1.20560596272594e-50
SACI_RS04355	7327.07355526109	-0.92	0.0994735189189291	-9.27729835910845	1.73830172592855e-20	5.33494524452371e-20
SACI_RS04360	1607.06723845013	-0.38	0.0996034956777397	-3.77323056050349	0.000161147238526945	0.000273591854191539
SACI_RS04365	1751.65635778252	-0.62	0.123566167513171	-5.0412689777174	4.62454909633771e-07	9.01042834475123e-07
cobA	2213.30541612132	2.46	0.156555617694849	15.687076854091	1.85398659671399e-55	1.37909892819127e-54
SACI_RS11615	292.166007615789	0.88	0.186162325867449	4.75228463183716	2.01130960587549e-06	3.80070399689389e-06
SACI_RS04375	26398.2434469035	0.17	0.0868411678384342	1.93410035917585	0.0531007897845491	0.0726566145493187
SACI_RS04380	17786.7970374942	0.19	0.0736238703259982	2.64535643472976	0.00816049072560229	0.0121045555291887
SACI_RS04385	447.895228014919	0.53	0.0862523176494871	6.16753080005543	6.93646048414394e-10	1.53458807560362e-09
SACI_RS04390	8897.66592798947	-0.10	0.0925792986916648	-1.12829012111716	0.259197414184165	0.315439210121526
SACI_RS04395	8545.88158904895	0.23	0.116180652649334	1.94805274457975	0.0514086523275457	0.0704236357089399
SACI_RS04400	1433.67640682279	0.42	0.071616031447809	5.91024862044505	3.41591769580543e-09	7.3308600427707e-09
SACI_RS04405	709134.039432749	6.01	0.194128864598278	30.9389835496488	3.57393655380018e-210	4.82618893861248e-208
mce	1772.7893420539	1.19	0.090025833566823	13.2424601599371	4.98874866159669e-40	2.57580831630382e-39
SACI_RS04415	4913.98698664172	0.94	0.0628973844467508	14.9567129525342	1.40811309881013e-50	9.32808507532524e-50
SACI_RS04420	4440.06313295261	1.13	0.101077799874793	11.2087596536647	3.69332554471587e-29	1.44241000973275e-28
SACI_RS04425	1347.19445910662	-1.14	0.101267292344772	-11.2510115266606	2.28951170035993e-29	9.00165238517774e-29
SACI_RS12040	10.1047060936895	-0.44	0.456308086002279	-0.960231804296402	0.336938563435691	0.39898526010884
SACI_RS04430	1970.8740251087	-0.58	0.110017410824796	-5.24053582101676	1.6011100238881e-07	3.20861717686709e-07
SACI_RS04435	18212.9221736868	-0.79	0.0885837806084463	-8.90901562540778	5.14876560140984e-19	1.51782670248111e-18
SACI_RS04440	9738.84704800999	0.99	0.101520406757578	9.73651682167483	2.10651199498616e-22	6.77906839083081e-22
trxB	37078.3299075487	1.37	0.102878825278958	13.3367701550171	1.41456660832919e-40	7.36875869709762e-40
SACI_RS04450	3916.60209663187	0.30	0.0994239667020034	3.02614701537507	0.00247691838268185	0.00384458905464013
SACI_RS04455	303.341950107046	-0.19	0.119799054225953	-1.62294142616412	0.104601926776224	0.13622305820153
SACI_RS04460	2605.70157417315	0.62	0.0760434554458984	8.17231236801739	3.02533992938669e-16	8.2919348103643e-16
SACI_RS04465	745.742356916651	-0.23	0.085260358866524	-2.74589733039211	0.00603456453174694	0.00907770182989011
SACI_RS04470	672.292734790636	-1.59	0.114545312312301	-13.8754185112688	8.92705179524757e-44	5.03904804712447e-43
SACI_RS04475	998.350681184267	-0.74	0.0882739594674703	-8.40449189195385	4.29717984692663e-17	1.21281337962696e-16
SACI_RS04480	935.288804385914	0.70	0.152395988597642	4.57883451678167	4.67573924509983e-06	8.68598967700821e-06
SACI_RS04485	643.532929150983	0.47	0.114733470786694	4.13847566044713	3.49620953945642e-05	6.18086187967346e-05
SACI_RS04490	17111.3486290839	-0.20	0.0779720350876447	-2.57367737041182	0.0100624055498338	0.0148006308694874
SACI_RS04495	1730.33205167375	1.62	0.0779460469396495	20.8074332873434	3.70665824107478e-96	6.41087541104116e-95
SACI_RS04500	13729.9921678074	-2.03	0.167035844688919	-12.1272259421861	7.57729792705635e-34	3.31719364362778e-33
SACI_RS04505	5456.27737962046	-0.20	0.139431932380953	-1.46976803805115	0.141624588369906	0.180881749642321
SACI_RS04510	5642.53600573004	0.01	0.15925265866339	0.0677971274886669	0.945947130434915	0.95602198473143
SACI_RS04515	708.627623570102	-1.29	0.0794234421994724	-16.2753351180845	1.47708645334988e-59	1.19770220270472e-58
SACI_RS04520	1092.63790743414	-0.49	0.0768304395649446	-6.37615041073312	1.81594587339454e-10	4.11341029773434e-10
SACI_RS11620	2543.61489288454	-0.92	0.13394416445082	-6.85816722473635	6.97495848082405e-12	1.69006757944605e-11
panB	1048.4888338443	-1.43	0.10626105664427	-13.4943349166464	1.68872182839972e-41	9.01079382904471e-41
SACI_RS04530	4532.97646262118	0.32	0.095733354681355	3.31437892496132	0.000918469467766318	0.00147047254962496
SACI_RS04535	920.33654213855	-0.64	0.162408183610702	-3.96432167894324	7.36049435140629e-05	0.000127492331858843
SACI_RS04540	1015.46998509561	-0.46	0.197938417772219	-2.31621954952553	0.0205462843098709	0.0293124763153014
SACI_RS04545	2343.86875191075	0.43	0.174432358785959	2.46849128899784	0.0135683954459909	0.019750678445636
SACI_RS04555	1244.55692938357	0.02	0.0963542138809536	0.201857029283988	0.840028496161589	0.870268530546869
ppa	24332.9658341067	1.60	0.073459368906676	21.7250872109592	1.18859964106147e-104	2.60823333735425e-103
SACI_RS04565	1505.69608418576	-0.31	0.0818579386807314	-3.83201838343752	0.000127096239592335	0.000217357475503501
SACI_RS04570	4814.910695259	2.01	0.106021872011085	18.9703396730483	2.99962126007389e-80	3.72143824880545e-79
rnhB	823.593706066745	1.28	0.106211484585728	12.084127687906	1.28122707481652e-33	5.58805994991402e-33
SACI_RS04580	3364.36978769924	0.23	0.096715478231978	2.39826739096921	0.0164728353095413	0.0237715268277022
SACI_RS04585	1610.40313417476	-0.45	0.13037524017549	-3.42135259988042	0.000623104908559559	0.00101096179942357
SACI_RS04590	5456.31375262585	-0.05	0.109693329176374	-0.452575348992118	0.650854552737587	0.705293313167182
SACI_RS04595	15004.309477056	1.56	0.0756775697411482	20.6704934850359	6.38599857305302e-95	1.07278665023872e-93
SACI_RS04600	6631.11908369184	1.16	0.0823009309702801	14.1470448520489	1.94771608604701e-45	1.16102396911903e-44
SACI_RS04605	3886.58654486001	-0.17	0.104345325920041	-1.60979601680869	0.107442395084077	0.139818476330687
SACI_RS04610	1482.85140282919	-1.30	0.143340519046994	-9.06095880591303	1.29308839082608e-19	3.8770566525964e-19
SACI_RS04615	8924.59114821394	1.23	0.112346277841456	10.9566940388914	6.17127422737557e-28	2.30503657577826e-27
SACI_RS04620	7218.06808090384	0.58	0.117647933562625	4.93202859537676	8.13799994729064e-07	1.56476001177094e-06
SACI_RS04625	890.635332324838	-0.61	0.0805140384344153	-7.53464105807932	4.89679914107626e-14	1.25769288839201e-13
SACI_RS04630	3429.79679183437	-6.34	0.355150944078012	-17.8481345253043	2.98853510283258e-71	3.13216320777468e-70
SACI_RS04635	1399.70234340641	-4.47	0.248417464569355	-17.9852378089506	2.54295443687836e-72	2.70554940238785e-71
SACI_RS04640	5532.46441972015	0.16	0.098247843562994	1.63308236806138	0.102451674369285	0.133770111086113
SACI_RS04645	2982.78494183445	0.51	0.0757399423924534	6.72978405277572	1.69915072452582e-11	4.04729863894855e-11
SACI_RS04650	8410.03171742431	0.81	0.106213380214338	7.67170736006867	1.69721822737641e-14	4.43373005678465e-14
SACI_RS04655	10065.5184883758	-4.00	0.164139533406907	-24.3546224564786	5.17913364266093e-131	1.87463280612191e-129
SACI_RS04660	36949.7647487064	-1.77	0.173544909548265	-10.2167564935016	1.66829841460225e-24	5.70340383025171e-24
SACI_RS04665	32013.1730455522	-0.35	0.0641286874118155	-5.38554668737378	7.22247837356959e-08	1.46918433195845e-07
SACI_RS04670	12602.9302817456	-0.98	0.141412595880553	-6.94286590503044	3.84224106456901e-12	9.40732801792315e-12
SACI_RS04675	11763.1022901172	-0.48	0.0786831687235257	-6.14296604204156	8.09946039289074e-10	1.78737934880197e-09
SACI_RS11825	43291.8926935501	-0.35	0.0859061275272871	-4.07814234352913	4.53969710559545e-05	7.96545554110227e-05
SACI_RS11830	30480.0388239499	-0.71	0.118216950391783	-6.02172915003617	1.72563491275903e-09	3.75617122051888e-09
SACI_RS04690	59692.8154486251	-0.34	0.112157557036216	-3.01115657026788	0.00260254618203505	0.00403067474421044
SACI_RS04695	1624.22842064976	0.05	0.0720954052666599	0.726005755534267	0.467835242202604	0.530032118545771
SACI_RS04700	570.432597989797	1.07	0.104336416281213	10.2520765073813	1.15828019043267e-24	3.97529007684173e-24
SACI_RS04705	1746.71229163662	-1.86	0.115651599752522	-16.0852445666324	3.23771225519903e-58	2.54308897718206e-57
SACI_RS04710	82404.844428452	0.26	0.057141423409973	4.56752272383031	4.93522189305151e-06	9.1486610699598e-06
SACI_RS04715	606.481992318213	-1.35	0.154182704904495	-8.77793666372009	1.66500987706772e-18	4.82729122905431e-18
SACI_RS04720	308.038719891687	-5.80	0.296696415354749	-19.5352905823283	5.50318201216401e-85	7.5181603286801e-84
SACI_RS04725	5410.00866646221	1.35	0.137806542026104	9.80221666465014	1.10141596353647e-22	3.57730938758236e-22
SACI_RS04730	2739.27274054917	-1.51	0.138911683902639	-10.8374866019704	2.2866708769383e-27	8.4068077999271e-27
SACI_RS04735	4751.5497330746	-2.50	0.186299076160076	-13.4075847511186	5.45877774853857e-41	2.86912704717349e-40
SACI_RS04740	1105.51533346297	-3.40	0.173853401281706	-19.5413030232653	4.89173713439847e-85	6.70894104643477e-84
SACI_RS04745	21476.647000766	1.06	0.0738754449150802	14.3239599776218	1.55031585031812e-46	9.4994048001168e-46
SACI_RS04750	5804.79263514914	-0.99	0.0985440721905742	-9.99758013768948	1.56166453796883e-23	5.23687124432528e-23
SACI_RS04755	1942.2773330009	-1.16	0.122465221296278	-9.44491378415269	3.55697022900447e-21	1.11009088658086e-20
SACI_RS04760	3402.59621848133	-0.43	0.103858148109732	-4.15518617776921	3.25022774880794e-05	5.76340890205287e-05
SACI_RS04765	4755.79361682923	-1.72	0.106450600807182	-16.1355440179623	1.43537253900358e-58	1.14536204191854e-57
prf1	34916.2867620079	1.00	0.0741203221982118	13.5564253164027	7.2588322347301e-42	3.91486328358485e-41
SACI_RS04775	76.9883198863599	1.79	0.316736640864602	5.64139379584351	1.68679073144548e-08	3.52309474009821e-08
SACI_RS11975	72.7389716214351	-0.07	0.18381085951768	-0.372137224319018	0.709790682417066	0.758069488752086
SACI_RS04785	1744.64586450727	0.10	0.090175446857929	1.16116939872167	0.245573016746382	0.300839798254203
SACI_RS04790	1428.30804803185	4.07	0.195370922628327	20.8535692071186	1.4146634517831e-96	2.49592129608567e-95
SACI_RS04795	65.9937136260743	-1.21	0.333553575031719	-3.61445805816115	0.000300976532697621	0.000500582002037587
SACI_RS04800	9190.42063283376	3.19	0.153472517843446	20.8146544750877	3.18835422883684e-96	5.54173846408224e-95
SACI_RS04805	24919.0658909664	2.84	0.124039743140873	22.8764104499316	7.98044227826351e-116	2.13888036938803e-114
SACI_RS04810	10011.4399813784	2.21	0.10254040342631	21.5618809760138	4.09616488096894e-103	8.56049696254879e-102
SACI_RS04815	15980.21218382	0.64	0.0961386017733433	6.66398379664713	2.66502860572474e-11	6.29671294394317e-11
SACI_RS04820	539.327263154697	-0.22	0.184413033738095	-1.1890940234864	0.234402669929544	0.288362920155091
SACI_RS04825	1135.49048697719	-0.02	0.108347912535208	-0.196336330517953	0.844346927085094	0.873751823537306
SACI_RS04830	1507.50886384758	-4.22	0.220543151874765	-19.1367255893393	1.24875430362374e-81	1.60599866667507e-80
SACI_RS04835	1376.72488306039	-1.26	0.0705245726748544	-17.8846071938078	1.55444768022502e-71	1.63403167822457e-70
SACI_RS04840	2563.89548706572	0.05	0.078900627179659	0.589980416080234	0.555203779159589	0.616093700578166
SACI_RS04845	8529.41040975739	-0.32	0.0640970011096475	-4.95246642865962	7.32787014147951e-07	1.41363472894146e-06
SACI_RS04850	1132.84187237502	-0.68	0.088516200989319	-7.63606074825573	2.23968678225591e-14	5.81192926274983e-14
SACI_RS04855	5585.59604504418	-1.99	0.145772254670068	-13.6824296095717	1.29299073910482e-42	7.09326638280785e-42
SACI_RS04860	6481.91512474345	-2.52	0.141492671184233	-17.7865171059218	8.98968501077476e-71	9.36581129757572e-70
SACI_RS04865	160.7071209046	0.88	0.139861896834625	6.27521173784643	3.49158802938009e-10	7.83821328078869e-10
SACI_RS04870	4306.47680323962	-2.17	0.145100060049081	-14.9704968735456	1.14462871621442e-50	7.61134739134251e-50
SACI_RS04875	26016.5968184951	1.84	0.120254050962839	15.2680925214682	1.24769642520963e-52	8.74383662457291e-52
SACI_RS04880	4163.19165658916	1.89	0.124106633499949	15.2135670398067	2.87444614765978e-52	1.99450206016472e-51
SACI_RS04885	2062.4953857418	-0.23	0.0786639839752787	-2.94745940537122	0.0032039681650718	0.00492734657361677
SACI_RS04890	32875.3089452825	2.99	0.118804587573327	25.167747044067	9.036213033327e-140	4.01596758987482e-138
SACI_RS04895	1038.53806376761	-1.39	0.109747549506231	-12.7055737620553	5.50640824714782e-37	2.63751696531187e-36
SACI_RS04900	1205.39513571857	-1.74	0.0898091758870768	-19.3563872196875	1.80080605752043e-83	2.40404185093317e-82
SACI_RS04905	8552.95160024259	0.11	0.0989372836116705	1.10749150067992	0.268081484973535	0.324563480600718
SACI_RS04910	4441.20448628451	-0.93	0.110656399363394	-8.41214936100258	4.02564807623092e-17	1.13709174542613e-16
SACI_RS04915	1371.39962904852	0.18	0.141275052761256	1.2421561976017	0.214178937335167	0.26628266607074
SACI_RS04920	1594.19817530395	0.13	0.0773544940164586	1.69150285602587	0.0907408027785461	0.119546325911998
SACI_RS04925	1605.42027320147	-0.22	0.0771583766267273	-2.90552273339904	0.00366640214373706	0.00562865672350714
SACI_RS04930	3328.43661507394	1.10	0.0727119072095849	15.1770473233751	5.01870180757187e-52	3.45503177380095e-51
SACI_RS04935	9689.25560793408	-0.72	0.0774888223736424	-9.26001681107818	2.04400027376909e-20	6.26220328202728e-20
SACI_RS04940	14042.9176470997	-0.44	0.117026195482355	-3.78054897281712	0.000156482933808335	0.000266058876804389
SACI_RS04945	19448.3982348212	0.23	0.118131204117838	1.97895193059037	0.047821418605125	0.0658177188250074
SACI_RS04950	11717.722831141	0.45	0.106935810041589	4.23562232976467	2.27919579665486e-05	4.08070190823826e-05
SACI_RS04955	19215.3216636318	0.64	0.096808240406302	6.58811271004334	4.45452448114337e-11	1.03988267641585e-10
SACI_RS04960	21382.4082398191	0.34	0.0954546352642942	3.60984594456754	0.000306378913771319	0.000509325930990104
SACI_RS04965	1611.65224986461	0.71	0.135448909341184	5.27407224774126	1.33429339319537e-07	2.68772467212216e-07
SACI_RS04970	2240.5120041601	-0.29	0.115912943133117	-2.50122870707809	0.0123763224580233	0.0180528741795263
SACI_RS04975	17381.8116308981	0.52	0.0948479286635411	5.50507126343567	3.69018966094048e-08	7.60790129158075e-08
SACI_RS04980	495.574887476324	-0.32	0.100302221080049	-3.21965724651586	0.00128343949690269	0.0020362205484073
SACI_RS04985	2051.84629809627	-0.52	0.0692070210210083	-7.50138548108685	6.31467851676073e-14	1.6194913274176e-13
SACI_RS04990	18109.3345965984	3.88	0.234177465082319	16.5504117486758	1.59011413483809e-61	1.34204104024436e-60
SACI_RS12045	396.463014229421	-1.08	0.149172563816265	-7.24559218808922	4.30553802304479e-13	1.08441492101221e-12
SACI_RS04995	1796.23152236438	0.97	0.118809988298576	8.19208364531005	2.56742099953528e-16	7.05889986638088e-16
SACI_RS05000	24885.4816143717	0.14	0.0821659678921463	1.75270431089665	0.0796527753681575	0.106012469415315
SACI_RS05005	104.47780098643	-1.21	0.177981943090488	-6.80514956076679	1.00944312319049e-11	2.42750329145329e-11
SACI_RS05010	941.334451855526	-2.29	0.141452916412507	-16.1865001947988	6.2800395640066e-59	5.04558785108173e-58
SACI_RS05015	4572.94804933243	-1.15	0.118009617171685	-9.77271791985128	1.47442583884534e-22	4.77116047943408e-22
SACI_RS05020	1147.53952951888	-3.45	0.122724190509466	-28.1237508758529	5.02014280358298e-174	4.00584576894997e-172
SACI_RS05025	498.782327390008	-1.13	0.14584883475486	-7.76465506949512	8.18677146094512e-15	2.1628107298253e-14
SACI_RS05030	2126.8309343157	-0.41	0.106507116360978	-3.85595939682686	0.000115276622251401	0.000197336041308956
SACI_RS05035	2095.1929790877	-3.73	0.147740765807987	-25.2619723601191	8.36638512020515e-141	3.81485430610913e-139
SACI_RS05040	505.447389994242	-1.27	0.116651799100826	-10.8621792231196	1.74533662664202e-27	6.43684547913878e-27
SACI_RS11835	14504.4772361024	2.59	0.146280581551652	17.7297283014092	2.472261248408e-70	2.55297330681191e-69
SACI_RS05045	6745.46119201755	-0.52	0.0652170746223517	-8.04392849380048	8.70033002294414e-16	2.3643079497335e-15
SACI_RS05050	689.139070935418	-4.05	0.205623078768106	-19.7086690731301	1.8168271247292e-86	2.58968655119494e-85
SACI_RS05055	617.608544474085	-5.14	0.275571724299043	-18.6549091024738	1.15197919508374e-77	1.339271176801e-76
SACI_RS05060	5674.21842630868	-0.38	0.079021813778036	-4.82303253759489	1.41391894987025e-06	2.69066093929238e-06
SACI_RS05065	1587.47342962423	-1.55	0.137704891425627	-11.2827591840318	1.59658392851203e-29	6.31155099170292e-29
SACI_RS05070	496.289987432354	0.11	0.120237528795461	0.896844603969806	0.369801843197979	0.433948620143083
crn1	2106.60737801379	-2.24	0.124219750779917	-18.0459359932154	8.49136267322165e-73	9.14514550481019e-72
SACI_RS05080	1722.58385066181	-1.25	0.0888744489791301	-14.0630317362797	6.40810441299053e-45	3.76865236080565e-44
SACI_RS05085	446.749166487107	-1.81	0.13224434871893	-13.7029593894031	9.74691949987927e-43	5.38072867359688e-42
SACI_RS05090	624.613092477653	-2.53	0.117512736116201	-21.5559203326388	4.65914224732946e-103	9.67943694104955e-102
SACI_RS05095	144.097308684375	-1.27	0.208212748234607	-6.1229959751747	9.18320154058679e-10	2.02018926121555e-09
SACI_RS05100	56.9217789772851	-3.22	0.240157929072726	-13.4258220195024	4.26821749744166e-41	2.25349047120566e-40
SACI_RS05105	4843.79009050515	-1.43	0.123389596954391	-11.5742716164839	5.56418130726727e-31	2.29293903401589e-30
SACI_RS05110	3023.9236786554	-0.58	0.102633483979102	-5.68305694588298	1.32308189370207e-08	2.77831371338994e-08
SACI_RS05115	4541.83425122545	-0.44	0.0786551079427599	-5.5322353089847	3.16175349860642e-08	6.53764224594059e-08
SACI_RS05120	2079.620528999	-0.31	0.100591899943439	-3.09495943692556	0.00196839814880078	0.00307430867457276
SACI_RS05125	994.911788145229	-0.88	0.147789633789165	-5.98023369862697	2.22817715605153e-09	4.83207535200551e-09
SACI_RS05130	52333.0243702977	8.76	0.433067136023139	20.2388835959378	4.45138468007867e-91	6.9771480409626e-90
SACI_RS05135	21608.8249273014	1.86	0.11077731328706	16.8269172941676	1.54962933747047e-63	1.35342005071115e-62
SACI_RS05140	6004.39245000853	1.84	0.167682469492932	10.9632215441747	5.74183073907995e-28	2.14691882054416e-27
SACI_RS05145	1912.85344215497	0.95	0.124421023708983	7.66134046327564	1.84002349534023e-14	4.79964523933102e-14
SACI_RS05150	15642.1193103255	0.07	0.101177164131023	0.719594549290137	0.47177466901697	0.534322859005994
SACI_RS12050	17155.5878408113	6.40	0.318455371401466	20.0815334457453	1.07039093994684e-89	1.59920961283122e-88
SACI_RS05155	31415.8101138573	-0.19	0.100755886354141	-1.86030062818074	0.0628430047399359	0.0849602578521043
SACI_RS05160	6785.59252035412	2.50	0.11063076040628	22.5795361270122	6.88677147644338e-113	1.77790107748476e-111
SACI_RS12215	66.5123054034973	0.49	0.208451118255705	2.34441869926995	0.0190567647209931	0.0272538904013876
SACI_RS12220	26.2104687236894	-0.14	0.252477033962034	-0.539343885115085	0.589649593012425	0.648374482012723
SACI_RS05170	2204.65004361889	-2.15	0.125064252206464	-17.2084793949324	2.29375946875533e-66	2.13617758482758e-65
SACI_RS05175	1504.24809218334	0.68	0.116410095482315	5.84673596830642	5.0131225385044e-09	1.07127652055319e-08
SACI_RS05180	3034.79617037898	-0.52	0.0803829582862391	-6.46241980626832	1.03041756348113e-10	2.36921811747365e-10
SACI_RS05185	3383.49980441311	0.88	0.0701113121069064	12.5984583710521	2.15311752273552e-36	1.01881342618927e-35
SACI_RS05190	136.716993172112	0.96	0.148992434046394	6.43503025860656	1.23448735177783e-10	2.82180019016404e-10
SACI_RS11920	93.1654107664027	1.49	0.158718758848231	9.38754128647811	6.14171672135332e-21	1.90997054106922e-20
SACI_RS12135	23.9226742224864	1.96	0.31690434260556	6.19147993230169	5.96019272585475e-10	1.32193535442047e-09
SACI_RS05195	2500.55850284871	-1.50	0.157146756619078	-9.57501602001835	1.01841517292991e-21	3.22421611556079e-21
SACI_RS05200	194.839325900022	-0.59	0.123273185105492	-4.77142802811265	1.82924345092309e-06	3.46225000333745e-06
SACI_RS05205	1233.55786848524	1.72	0.102389199032766	16.8365169952782	1.31767646850792e-63	1.16240253289731e-62
SACI_RS05210	628.966684244925	-0.74	0.117570794274756	-6.31274646387893	2.7412639631634e-10	6.16170152027318e-10
SACI_RS05215	1163.51079986162	0.99	0.0951454418994436	10.3753896321957	3.20900628936662e-25	1.12219333485719e-24
SACI_RS05220	6519.16291995981	3.09	0.215226837820154	14.3457363209213	1.13291440133825e-46	6.97835519841859e-46
uvsE	284.738039792453	0.31	0.173174796863357	1.80284377708457	0.0714127528238839	0.0959612223463238
SACI_RS05235	594.878663704177	-0.93	0.132254503743848	-7.02164974823368	2.19263638421518e-12	5.42519122267758e-12
SACI_RS05240	22299.0902308998	-0.37	0.0521454584676802	-7.08882835506034	1.35252149951999e-12	3.36787445731538e-12
folK	407.905479657427	-0.27	0.105699793550247	-2.56460778350373	0.0103292492379298	0.0151740560980635
SACI_RS05250	305.301090988145	-0.42	0.146802837049454	-2.88394271028126	0.00392730193083994	0.00601341346671567
SACI_RS05255	11727.3565346422	-0.70	0.106895517914488	-6.59283923929105	4.31493741425645e-11	1.00998301743029e-10
SACI_RS05260	17552.4222422221	1.24	0.0816968853054058	15.2022201542909	3.41836388459976e-52	2.36257393677751e-51
SACI_RS05265	6428.22808487392	1.85	0.0826939450674103	22.3840854468776	5.62475352771471e-111	1.39074011519763e-109
SACI_RS05270	4204.2272147739	0.54	0.118210202096711	4.52653345704309	5.99591103265319e-06	1.1077529082433e-05
SACI_RS05275	7819.16038448266	2.63	0.087819549567263	29.9611098409611	3.15317348782709e-197	3.35478548962452e-195
SACI_RS05280	13315.7940228581	-1.44	0.147033634534442	-9.76027159609512	1.66708164329506e-22	5.38465837130539e-22
SACI_RS05285	25371.6990342306	-0.09	0.0860710422097558	-1.00975345589045	0.312613424573178	0.374219479603283
SACI_RS05290	4053.66422465065	0.36	0.0714501447499178	5.04729353424935	4.48112607663925e-07	8.73583212386475e-07
SACI_RS05295	3773.65313074096	-1.08	0.1038191929541	-10.4211446063539	1.98549149544498e-25	6.99905686797925e-25
SACI_RS05300	13127.8870874067	-0.02	0.106544031174598	-0.148563955505754	0.881897716646992	0.904041717707325
SACI_RS05305	11079.5885679906	-0.27	0.111898150194792	-2.40035408501106	0.0163792194511792	0.0236558780308886
SACI_RS05310	50714.2634937255	1.30	0.103663736366294	12.5173760283213	5.99855998147936e-36	2.80812587932987e-35
SACI_RS05315	6800.88169456023	1.32	0.0908274525451265	14.537745606019	6.9855531100479e-48	4.40328132304815e-47
SACI_RS05320	5693.33112616709	-0.72	0.114474733985661	-6.25613721789454	3.94629562973286e-10	8.83638007397452e-10
glpK	23212.0290598925	-2.66	0.161524110940001	-16.4982560921372	3.77642151221884e-61	3.14940995947752e-60
SACI_RS05330	2063.83474797437	0.53	0.0841359679104388	6.25049803123141	4.09145892089895e-10	9.14392888050682e-10
SACI_RS05335	366.832359014035	-0.02	0.104395763466446	-0.161003657735638	0.872090519771427	0.896081303751092
SACI_RS05340	2328.38020193585	-0.77	0.166614678509944	-4.6336843919931	3.59214507067953e-06	6.71924418921462e-06
SACI_RS05345	8210.19840307608	-0.16	0.14463926230157	-1.10329221329865	0.26990028702594	0.326315395230053
SACI_RS05350	18865.7511646368	0.60	0.105513682449768	5.6970953416156	1.21865785598086e-08	2.56517250140814e-08
SACI_RS05355	34717.5025067504	2.32	0.134894163076861	17.2112299641484	2.18736254479658e-66	2.04250795073957e-65
SACI_RS05360	89.1248353015975	2.87	0.259140664432046	11.0609942542592	1.93935704599498e-28	7.39314070411333e-28
SACI_RS05365	18706.3435808109	-0.12	0.085071185776429	-1.35865025425689	0.174257442507057	0.220078374331754
SACI_RS05370	1354.88553996615	-1.46	0.108507666923327	-13.4211740287877	4.54456086400631e-41	2.39219688058863e-40
SACI_RS05375	39710.9699147641	-3.30	0.125458866753782	-26.3405320806098	6.58877670497351e-153	3.55895307864031e-151
SACI_RS05380	5804.1430433866	0.52	0.114600618323454	4.57306646815153	4.80637581896452e-06	8.91451954589775e-06
SACI_RS05385	1154.63174999529	-0.43	0.0812881637790376	-5.26183814284551	1.42622295841474e-07	2.86796609793479e-07
SACI_RS05390	3802.84434976549	-4.02	0.158776735018231	-25.3178821892793	2.03005420875522e-141	9.631784225594e-140
SACI_RS05395	574.998215280957	-2.07	0.161019368296672	-12.8277232066546	1.14685058512891e-37	5.62373240836256e-37
SACI_RS05400	1708.03313352435	0.67	0.0659793532626622	10.1412302418836	3.62505147941294e-24	1.23209639343841e-23
SACI_RS05405	980.102364731583	1.81	0.128868470721478	14.0550681769664	7.17128191145186e-45	4.203400799851e-44
SACI_RS05410	12795.4858256875	-1.47	0.0803042865046857	-18.3037545272236	7.72380132837511e-75	8.60897348061112e-74
SACI_RS05415	320.886083876576	-2.74	0.196158275832851	-13.9554535906002	2.91441625852739e-44	1.67197965419766e-43
SACI_RS05420	4232.985214889	0.18	0.0615084793743822	2.85352277417885	0.00432374286593461	0.00659168962322901
SACI_RS05425	454.786497872834	-0.21	0.109367563561399	-1.90151850462359	0.0572341310671368	0.0779476470817368
SACI_RS05430	255.178995699152	-2.12	0.109475588630101	-19.3371976762138	2.61294289172542e-83	3.47501609577574e-82
SACI_RS11980	19259.6508449556	-2.55	0.166709187924589	-15.278407754589	1.06511433128691e-52	7.4792328342967e-52
SACI_RS05440	1071.80679696129	-0.04	0.161098291680597	-0.23060704052247	0.817620097482153	0.852441532389611
SACI_RS05445	5419.52636353767	0.92	0.154343487601505	5.95235474852997	2.64311682863383e-09	5.717796170877e-09
SACI_RS05450	4.18181321821508	0.70	0.698438086005586	1.00818899834704	0.313363738438341	0.374862039406138
SACI_RS05455	3.6592808267983	0.06	0.663149073299333	0.0951843330477953	0.924168413899075	0.936978140687165
SACI_RS11845	1.81010862203659	0.75	1.02632466615758	0.726482041417679	0.467543312855155	0.529941050822001
SACI_RS05460	24.7659440406781	0.78	0.293282434295002	2.64540162162802	0.00815940091847848	0.0121045555291887
SACI_RS05465	32100.8910052913	-3.20	0.130791333376589	-24.4314518986913	7.92466695631452e-132	2.89828184204378e-130
SACI_RS05470	17024.393328868	-2.68	0.126258283783592	-21.2224931666281	5.92002184745625e-100	1.13580309871141e-98
SACI_RS05475	10178.317391053	-1.46	0.0986972329289229	-14.7896869064523	1.7074620156325e-49	1.10403299021836e-48
SACI_RS12225	2225.88276755732	-0.92	0.0951663965971235	-9.65174524337509	4.83261656246231e-22	1.53968391568105e-21
SACI_RS05480	1436.52253949192	1.86	0.112434116439722	16.5813544012769	9.50619832447218e-62	8.08141944726921e-61
SACI_RS05485	1140.11246439861	1.47	0.080944051571173	18.155483000345	1.16201460780811e-73	1.27894460439319e-72
SACI_RS05490	1419.46900857337	0.22	0.0774052593404921	2.83806853494148	0.00453874360404545	0.00690447521395302
SACI_RS05495	452.479084246282	-1.37	0.112688295873374	-12.1887278199097	3.56950139379577e-34	1.58438930387066e-33
SACI_RS05500	5246.30955542354	-1.24	0.114534014781452	-10.8318289772198	2.43247452230294e-27	8.93349168180503e-27
SACI_RS05505	11335.6149041981	-2.07	0.179616855266062	-11.5435972477631	7.95283365675323e-31	3.25435885417956e-30
SACI_RS05510	11685.6078971808	-0.93	0.0847557594526291	-11.0215850390373	3.00716577148533e-28	1.13650796810387e-27
SACI_RS12055	67.361171113289	1.34	0.194840797139424	6.8856990773511	5.75044342332357e-12	1.39818607058788e-11
SACI_RS05515	1256.13705686469	0.51	0.074708419187882	6.84388304175452	7.70748563711501e-12	1.86498842673403e-11
SACI_RS05520	1007.4883906836	1.68	0.100101249164945	16.8105249915821	2.0435351099324e-63	1.78036024093614e-62
SACI_RS05525	3361.35530055148	-1.63	0.139520706910947	-11.6605235488226	2.02791589809913e-31	8.43603402633417e-31
SACI_RS05530	5514.08184890365	0.08	0.0970084732595723	0.848722958065876	0.396035468250617	0.460271608417052
SACI_RS05535	15155.3877704563	-3.70	0.174993570096287	-21.1669939072493	1.92447773629925e-99	3.59406453837589e-98
SACI_RS05540	597.273161787059	-3.26	0.183710394814193	-17.7722425273236	1.15961000181711e-70	1.20455346638458e-69
SACI_RS05545	931.286799241952	-2.94	0.220713530837233	-13.3169225032187	1.84559697176377e-40	9.58563752642394e-40
SACI_RS05550	13213.4562727099	-1.44	0.126698172065869	-11.3782848033365	5.36443949814926e-30	2.15251966605738e-29
SACI_RS05555	4378.99692384352	-1.30	0.194083363794693	-6.71826250403311	1.83904175436508e-11	4.37457696448225e-11
SACI_RS05560	2628.10276959565	-0.97	0.119826552138538	-8.1202400395267	4.6526253893581e-16	1.26925934281556e-15
SACI_RS05565	564.916306598139	0.18	0.120878492157872	1.48384647948581	0.137849653191209	0.176316988107226
SACI_RS05570	1244.80111443005	4.67	0.375387292683378	12.4299044075377	1.79849291057038e-35	8.28675670474096e-35
msrA	4490.31816950469	0.05	0.0692276389669	0.7179077171696	0.472814189236449	0.535327513192251
SACI_RS05580	1251.20100637393	-0.23	0.196009359212699	-1.17984433462782	0.238062132799659	0.292148251750997
SACI_RS05585	309.817206609608	-0.04	0.122768967238419	-0.347679797981953	0.728080670113155	0.773930134050042
SACI_RS05590	370.762879172179	-1.39	0.109935455043399	-12.6035984201723	2.01726770313531e-36	9.57111744014605e-36
SACI_RS05595	157.671649008046	-1.96	0.168526079361038	-11.6024868418801	4.00274878355276e-31	1.65727016262426e-30
SACI_RS05600	72.6645889293834	-1.91	0.206330026179567	-9.24454039141401	2.36253853699888e-20	7.21293287252441e-20
SACI_RS05605	215.363155016736	-0.26	0.123885350972594	-2.08158638714335	0.0373802658867688	0.0522252739866475
SACI_RS05610	495.180533669661	0.10	0.101716332008426	0.991927520653692	0.321232883047151	0.382813661173244
SACI_RS05615	5359.51272513367	0.19	0.0929248302048866	2.01557542135141	0.0438443920620294	0.0606053781613328
SACI_RS05620	0.123422154029876	0.96	4.32794324778021	0.222141341187113	0.824203856122394	NA
SACI_RS05625	2721.45120924703	0.79	0.123879624224253	6.36633368409169	1.93600011657974e-10	4.3768811392862e-10
arnS	589.672650372208	0.59	0.110658100483019	5.3531681623853	8.6427458806026e-08	1.75200235489583e-07
SACI_RS05635	6125.61291065907	-0.05	0.112604028160559	-0.459415781641696	0.645935617422051	0.70082816834636
SACI_RS05640	44795.8918658263	0.48	0.0944858882409143	5.08742572432392	3.62956462506734e-07	7.10730697078162e-07
SACI_RS05650	575.880647447808	-0.53	0.0923073461600579	-5.74870983636807	8.99269922858113e-09	1.90086496035812e-08
SACI_RS05655	727.279552100982	0.48	0.150917022307756	3.19459014037994	0.00140029548452247	0.00221760823011204
SACI_RS05660	2423.02879828785	0.48	0.0904006876348899	5.26721629446073	1.38507979290077e-07	2.78682816783645e-07
SACI_RS05665	7486.14345142698	0.12	0.0709709603059901	1.63742954634311	0.101540748805666	0.13282770829236
SACI_RS05670	3287.38915774223	-5.26	0.198595864051695	-26.4763556446749	1.81472742103305e-154	1.02766257665275e-152
purE	1192.63462090525	-0.77	0.0930233678065401	-8.27943564061412	1.23760399194498e-16	3.43496254207023e-16
SACI_RS05680	7371.10552896881	0.48	0.0845528366443704	5.65022894459596	1.60234283462167e-08	3.34870576925993e-08
SACI_RS05685	2150.74169635825	-0.11	0.0736946161245335	-1.50868972770846	0.131378091854832	0.168407623403546
SACI_RS05690	5892.51907109984	-5.86	0.249245818165854	-23.5307390746461	1.97712489758198e-122	5.93306454308574e-121
SACI_RS12060	12531.7008986734	2.99	0.312490395819917	9.57053951113583	1.06349242268898e-21	3.36389360005498e-21
SACI_RS05695	4958.07184943331	-0.20	0.0889172532789449	-2.28444939253518	0.0223451335795635	0.0317626574890071
SACI_RS05700	2569.10323743549	-1.13	0.0680129327220235	-16.5472720232114	1.67523420725547e-61	1.41049095963405e-60
SACI_RS05705	2185.49882948383	-0.45	0.106389878076575	-4.23302440603433	2.30569472366427e-05	4.12604188317291e-05
SACI_RS05710	4705.88758670436	-0.63	0.0883513536255806	-7.12292909990907	1.05657178933904e-12	2.63280592787039e-12
SACI_RS05715	13310.7721637851	-0.15	0.109691172577047	-1.36673220143346	0.171709260621005	0.217094423493104
SACI_RS05720	3786.74042204616	0.17	0.0904013980441712	1.92784689950219	0.053874172207708	0.0736860999693272
SACI_RS05725	7183.10256582433	-0.23	0.0735386635477132	-3.11136991780767	0.00186221499622403	0.00291625194100917
SACI_RS05730	2837.72024910271	-1.54	0.10238331837754	-15.0638348599783	2.80059498123768e-51	1.89458361832861e-50
SACI_RS05735	43259.7751800778	-1.24	0.148288499866374	-8.39407936039622	4.69558916550366e-17	1.32313110434056e-16
SACI_RS05740	6011.38808094836	2.29	0.0821001837710538	27.8955074909237	3.02479652884327e-171	2.16735930872831e-169
SACI_RS05745	5978.89573125259	0.82	0.0646493166833845	12.7093172831732	5.24906994211869e-37	2.51768914846704e-36
SACI_RS05750	3398.73249413669	2.25	0.104204418448401	21.5810179092308	2.70839547673229e-103	5.72841958964281e-102
SACI_RS05755	7808.61906261931	1.52	0.0996346253339698	15.2548989683168	1.52731238118202e-52	1.06396701792264e-51
SACI_RS05760	7525.92331581058	-1.28	0.1278460543946	-10.0321314962291	1.10113445790629e-23	3.69606413165296e-23
SACI_RS05765	38295.3706718658	-0.20	0.0779898879481676	-2.57694972539698	0.0099676446941778	0.014667393345037
SACI_RS05770	47716.9532618728	-0.65	0.0899152699472134	-7.24119119459134	4.44760876331229e-13	1.11859271977002e-12
SACI_RS05775	1985.8063586891	1.70	0.217378205146188	7.82889838779006	4.92163201716319e-15	1.31007202519029e-14
SACI_RS05780	7452.18728120687	0.80	0.0733668005843221	10.8500458240786	1.99325391978535e-27	7.33575944692492e-27
acnA	95396.3839872919	0.08	0.104442774597731	0.807523569092802	0.419364901181358	0.482276504437519
SACI_RS05790	2250.0104723293	-1.23	0.0946839625773345	-12.9644769188983	1.94553030505464e-38	9.75822414435263e-38
SACI_RS05795	42072.6232753886	4.27	0.190231283752843	22.4346971643238	1.80534146240206e-111	4.52753848178118e-110
SACI_RS05800	7861.22884849975	0.86	0.123563821364275	6.96549966503424	3.27240201408773e-12	8.03454788214128e-12
SACI_RS05805	8591.21261506833	1.69	0.0825780215246155	20.4135426928732	1.26755585471789e-92	2.0603650953308e-91
SACI_RS05810	10992.0317638581	0.33	0.149676036461632	2.21293670992794	0.0269020093589158	0.0379939480527568
SACI_RS05815	27195.7607410691	1.11	0.133044379376656	8.37460593074284	5.54089632240422e-17	1.55757301745086e-16
SACI_RS05820	3178.80164345375	-0.23	0.135621457458367	-1.70524965401843	0.0881478729162248	0.116348564589799
SACI_RS05825	1391.91891290872	-0.75	0.125062915630054	-5.96877228524011	2.39045458789392e-09	5.1744057078271e-09
SACI_RS05830	41443.7137618524	0.04	0.130241585900408	0.328141086347439	0.742804989887839	0.787673911052915
SACI_RS05835	5153.73011163237	0.35	0.0699082636709941	5.01118503983419	5.40958659097981e-07	1.051082375259e-06
SACI_RS05840	439.522942790993	-0.86	0.150768802280118	-5.72987275067637	1.00506001326186e-08	2.12065246788606e-08
SACI_RS05845	5344.5462671595	1.28	0.119722047915538	10.7066639791006	9.47135561741986e-27	3.41767004858799e-26
SACI_RS05850	1373.31945114817	-1.74	0.168073535507142	-10.3266170707647	5.34111287088617e-25	1.85119914014623e-24
SACI_RS05855	13621.6386153767	-4.80	0.147137647960038	-32.5902132216373	5.64395498456868e-233	1.32106173005471e-230
SACI_RS05860	5278.92322304364	-5.00	0.176639922293999	-28.3217273801729	1.86673706157627e-176	1.52421251702193e-174
tenA	544.62006167741	-0.85	0.0991485751665778	-8.54552298944296	1.27955486703984e-17	3.65542484798768e-17
SACI_RS05870	667.871882092971	-3.01	0.18116974046578	-16.640343411235	3.55573061127978e-62	3.04491955517154e-61
SACI_RS05875	2515.50155717797	0.57	0.104853225021738	5.44480003351706	5.18636156433994e-08	1.06362823904191e-07
SACI_RS05880	235.967228141299	-0.44	0.109612821454772	-3.97410197705501	7.06452922980972e-05	0.000122486726547466
SACI_RS05885	377.624308502295	-0.85	0.121305509980276	-6.99711323177311	2.61290112707113e-12	6.45140355636199e-12
SACI_RS05890	3311.95439410352	4.12	0.192346441154103	21.429345368575	7.11737884228263e-102	1.4279495494431e-100
SACI_RS05895	7661.33402938788	4.05	0.152432015730113	26.5773102215681	1.24199648853707e-155	7.39093164619264e-154
SACI_RS05900	7574.75938496948	-5.42	0.194555255098174	-27.8556291449348	9.20643144380653e-171	6.33799623513818e-169
SACI_RS05905	159.533828075458	-0.46	0.144563516819708	-3.17781296134009	0.00148390444252403	0.00234578500571899
SACI_RS05910	5442.35124292729	1.64	0.11123423305592	14.759568559487	2.66983236689873e-49	1.7136711956456e-48
SACI_RS05915	5197.26124805336	-2.08	0.10374294133708	-20.088508086718	9.30151858185522e-90	1.39562528807238e-88
SACI_RS05920	2996.34903981054	-1.31	0.101020624825375	-12.9658522730519	1.91094530322996e-38	9.59846775341973e-38
SACI_RS05925	4457.03343423389	0.89	0.16954738671116	5.25752539967651	1.46006733855209e-07	2.93434254473748e-07
SACI_RS05930	849.464934848323	-0.98	0.0829591704869325	-11.8369613629064	2.51397088031538e-32	1.06216026002254e-31
SACI_RS05935	385.300615694226	-1.85	0.101034486289558	-18.3162988653888	6.13456024572761e-75	6.85937612189479e-74
mvaD	831.873549785586	-1.25	0.113577255210891	-10.9693963927873	5.36292067399887e-28	2.00737894311408e-27
SACI_RS05945	1748.60894327027	-1.47	0.0736196356348994	-19.9689285327784	1.02631396678323e-88	1.50769386501084e-87
SACI_RS05950	1027.37414254183	-1.30	0.120797873656832	-10.7359578859476	6.89996438147406e-27	2.49750257147994e-26
SACI_RS05955	10717.9675659661	2.44	0.139720426220272	17.4575669692639	3.01513566803905e-68	2.97363520519245e-67
SACI_RS05960	6327.41934284044	-0.59	0.0599408696495475	-9.89455827883931	4.3954652300489e-23	1.44769966441854e-22
SACI_RS05965	4146.40328441318	-0.77	0.119389474419611	-6.44924312927287	1.12410107826536e-10	2.57618726226481e-10
SACI_RS05970	132.319855034114	0.23	0.130253509240598	1.76217901781165	0.0780390560087873	0.104061954290487
SACI_RS05975	1704.11429516528	1.32	0.0956501863099157	13.8122590165461	2.14982584868995e-43	1.20383390027918e-42
SACI_RS05980	2004.63970944909	-1.10	0.0794327004288053	-13.817970802881	1.98589289102583e-43	1.11559519046267e-42
SACI_RS05985	431.145107920726	1.18	0.172089980010562	6.8738957204804	6.24718828970754e-12	1.51581742122759e-11
SACI_RS05990	6654.13576796936	2.56	0.17101132897012	14.9958687696057	7.81335974832677e-51	5.22527734788101e-50
SACI_RS05995	2776.2814028881	-0.01	0.107715575655203	-0.131412007428458	0.895449390481713	0.913931049413167
SACI_RS06000	406.507718249011	-1.14	0.115340235397624	-9.89020392335007	4.59091765258573e-23	1.51065715822198e-22
SACI_RS06005	1.85036186405101	0.26	1.05229110800055	0.246454920316082	0.805330096689084	0.843027420833444
SACI_RS06010	1921.21551570252	0.17	0.230401178571982	0.726383140924861	0.46760392351084	0.529941050822001
SACI_RS06015	8649.93358182691	-1.78	0.15363891701757	-11.5876634880799	4.75938897795685e-31	1.9659076119537e-30
SACI_RS06020	690.905966014532	-0.40	0.0872700324444276	-4.6177574543794	3.87909266976581e-06	7.24826735686416e-06
thrS	5028.41135003897	-1.62	0.117815171398303	-13.7754904289167	3.5794401126665e-43	1.99799908355677e-42
SACI_RS06030	589.851787777399	0.37	0.0886061422052571	4.12404085624039	3.72282814460148e-05	6.56167149382319e-05
SACI_RS06035	726.320652388409	0.71	0.101005572293125	6.99053140233764	2.73846991025876e-12	6.74247395155576e-12
SACI_RS06040	9920.57232281564	-0.50	0.139236926256075	-3.62574252778509	0.000288132330768875	0.000480813979719354
sucD	11470.9362270019	-0.26	0.116479375410824	-2.25983677881948	0.0238313828429005	0.033820527551101
SACI_RS06050	1517.52282636865	-0.01	0.0897833941307191	-0.113098074712604	0.909952801356778	0.925505297092598
SACI_RS06055	50.3878840743684	2.14	0.257169455295258	8.33431143436296	7.79504967240581e-17	2.18248958531234e-16
SACI_RS06060	1111.23356950761	0.93	0.104819673039579	8.90302787635411	5.43435247019968e-19	1.59799091481332e-18
SACI_RS06065	72.5125569839294	-2.53	0.203841544729265	-12.4268267765827	1.86907468460498e-35	8.58942567754984e-35
SACI_RS06070	79468.3002836778	-1.59	0.144100829890906	-11.0318517235761	2.68283437788531e-28	1.0172172247036e-27
SACI_RS06075	261190.104197169	-0.82	0.0877913924053838	-9.31389891032705	1.23223974098219e-20	3.79841416206186e-20
SACI_RS06080	295.984757603818	0.10	0.247996444434737	0.392657354571396	0.69457257201343	0.744851649462173
SACI_RS06085	17154.1891790106	-2.64	0.203155203565063	-13.0125076297639	1.03876522146104e-38	5.24009294906566e-38
SACI_RS11640	752.309740236374	-0.33	0.0936240927750694	-3.52076157176073	0.000430309348493901	0.000707973815633592
SACI_RS06090	10177.9828436011	-0.15	0.0793419865581807	-1.91877777782375	0.05501246335323	0.0751844137147491
SACI_RS06095	6900.4340618916	-0.21	0.119057333000784	-1.72312262104621	0.0848663528828853	0.112355114996912
SACI_RS06100	8032.13914375426	-0.11	0.115853018246069	-0.963742168357102	0.335175207312846	0.397299173826942
SACI_RS06105	172.484838363908	-0.77	0.220669550092962	-3.46836344165165	0.000523638582767649	0.000853922463584401
priS	700.902231139366	-0.99	0.150702312093473	-6.54211717881455	6.06539468508806e-11	1.40657864856963e-10
SACI_RS06115	2662.93594501694	-0.09	0.0735219410404609	-1.21249659929418	0.225322343568972	0.278166929771681
SACI_RS06120	1381.55423865553	-1.00	0.0634235400422019	-15.7077740395624	1.33794879915453e-55	1.00589683807957e-54
SACI_RS06125	3624.8194358088	0.52	0.0970343867903491	5.38054980950446	7.42586883083105e-08	1.50880934404212e-07
SACI_RS06130	413.505112330989	0.43	0.10107210032152	4.29675215810116	1.7331879012603e-05	3.13025860150458e-05
rnz	489.348439048767	-0.31	0.173112914783443	-1.77659260918643	0.0756352925434777	0.101125480624581
SACI_RS06140	537.474584091242	0.92	0.138862706684519	6.6417862269596	3.09904225229675e-11	7.29761056191407e-11
SACI_RS06145	519.544738433333	1.50	0.339709944943731	4.40144133530484	1.07534144234228e-05	1.96539500471825e-05
thpR	1470.32771135812	0.21	0.0686520253337114	2.98898372662596	0.00279907039335652	0.00431221419529387
SACI_RS06155	2172.23249531745	0.08	0.0736720248716845	1.1037273430393	0.26971143080783	0.326199391514396
SACI_RS06160	516.259721134643	0.88	0.14501092961553	6.08937529431976	1.13352119188333e-09	2.48581692985782e-09
SACI_RS06165	1452.86207916919	-3.93	0.185697956374135	-21.1771371731464	1.5518127467678e-99	2.9135906705357e-98
SACI_RS06170	5.8573219908871	1.04	0.587735226128268	1.77489485239475	0.0759152504146163	0.101461151201263
SACI_RS12235	8.53444901901223	-0.47	0.492823209768608	-0.955631159692974	0.33925861320439	0.401326479434169
SACI_RS06180	4404.76470545089	1.96	0.18885776012162	10.3545402489983	3.99099334448636e-25	1.39149728227325e-24
SACI_RS06185	6065.16969769903	2.27	0.166154438991664	13.6842300598613	1.26136134698224e-42	6.9414415192079e-42
SACI_RS06190	978.033402458268	-1.12	0.173664920318575	-6.46109471512236	1.03948228712172e-10	2.38849627623322e-10
SACI_RS06195	1458.40202142506	-1.08	0.0810441474617686	-13.3764723675811	8.29938011624095e-41	4.34264136931773e-40
SACI_RS06200	907.414538992271	-2.54	0.125892696152024	-20.2080346802897	8.31952390220384e-91	1.29247116905476e-89
SACI_RS06205	1772.5830825397	3.30	0.250811331138937	13.1722337041769	1.2679014486671e-39	6.48921572342593e-39
SACI_RS06210	390716.933916117	-2.30	0.998355251516906	-2.29946992571271	NA	NA
SACI_RS06215	213910.825232583	-2.77	1.02117872507504	-2.71082351636301	NA	NA
rpiA	3656.57843413964	-0.17	0.0845721025278525	-2.02472029869859	0.0428960930712382	0.0594349576847346
SACI_RS06225	7706.51881186819	-1.53	0.155272397180061	-9.84724514511224	7.0448452893389e-23	2.30302158387978e-22
SACI_RS06230	5.31579143175169	1.07	0.703729381006455	1.51980818144977	0.128559192283247	0.16503521905173
SACI_RS06240	877.888899150918	0.85	0.175926758039636	4.85753909025011	1.18853678378292e-06	2.2714473135378e-06
pyrH	3305.18658523701	0.69	0.10965713407803	6.26098914538072	3.82543156121082e-10	8.57668595875555e-10
SACI_RS06250	14098.3440077948	0.31	0.182739364525852	1.67656241544236	0.0936280814813106	0.123211467046807
SACI_RS06255	1461.25793764373	-0.04	0.088941347186816	-0.423993303252333	0.671570697189004	0.723277520806931
SACI_RS06260	1937.98908252471	-0.69	0.0887844214780823	-7.784641727789	6.99110339128985e-15	1.85531096045492e-14
SACI_RS06265	12720.9483815717	0.58	0.0918510831975653	6.28753403270181	3.2254831784576e-10	7.24547117054679e-10
SACI_RS06270	15483.6557565915	1.03	0.0916770007653311	11.2456853325791	2.43200435362827e-29	9.54052210680319e-29
SACI_RS06275	42762.4018921933	2.12	0.1259273082234	16.8348893547925	1.35441335732295e-63	1.19022476443803e-62
SACI_RS06280	19376.9954204167	0.64	0.0951932957585	6.77249478870682	1.26580365844026e-11	3.02329023454677e-11
SACI_RS06285	14320.4859485216	2.23	0.128803989845011	17.3270423937517	2.94067417502259e-67	2.80562690991965e-66
SACI_RS06290	46177.5715467857	2.97	0.150648611304456	19.7085292661441	1.82185297107704e-86	2.58968655119494e-85
SACI_RS06295	477.265383872875	-0.10	0.12422260072188	-0.836799266989461	0.40270540950357	0.466633231936315
SACI_RS06300	23465.5278770952	-0.11	0.143640659618675	-0.76261781102261	0.445691359267888	0.508554553912758
SACI_RS06305	4000.12490130093	0.86	0.121721273432559	7.05644634468446	1.70814552893947e-12	4.24137125325776e-12
rgy	18754.0906021818	-4.64	0.193019909194156	-24.027447615671	1.43688052082871e-127	4.7593278383298e-126
albA	97026.6971085246	-0.24	0.0979739431779612	-2.42616744361877	0.015259228124309	0.02210195954804
SACI_RS06320	6411.47805429828	0.55	0.107162087153732	5.11371229687984	3.15888364360867e-07	6.20640205523785e-07
SACI_RS06325	110.905183502143	0.65	0.227898387211278	2.86231371266262	0.00420560407395868	0.00641994604507345
SACI_RS06330	336.772659855394	-0.24	0.120290922430814	-2.00907754954788	0.0445289101418436	0.0614789632355536
SACI_RS06335	2990.68767445341	-0.27	0.11051961905993	-2.44890565793801	0.0143290974209585	0.0208320749668676
SACI_RS06340	145.427448189595	0.67	0.16545459343216	4.02808017041802	5.62341694963542e-05	9.79842030281387e-05
SACI_RS06345	379.944640907866	-0.35	0.136762081820615	-2.5876781734183	0.00966252096899567	0.0142422800680704
gatC	1874.46780668536	0.44	0.0843610246803963	5.24922125319802	1.52743533214626e-07	3.06797794689104e-07
gatA	11064.9150514583	-0.13	0.0976786237315744	-1.2880007619079	0.197745697961613	0.247516985933413
twy1	18696.1480192973	-0.21	0.108890684869629	-1.95311820654312	0.050805590082645	0.069733552298736
SACI_RS06365	5740.10971533424	-0.34	0.0995585292010159	-3.45561274952036	0.000549043509200944	0.000894105640447364
SACI_RS06370	1938.3591245399	0.46	0.106910020837737	4.26347181465796	2.01274899240688e-05	3.61656177704224e-05
dph5	622.025979311765	-0.69	0.124475608278745	-5.56646812925434	2.599542999264e-08	5.39559550773394e-08
SACI_RS06380	1437.00175780731	0.32	0.086968038594468	3.64721178551829	0.000265101410810015	0.000444070159042922
SACI_RS06385	6204.23216551157	-1.76	0.146694741653873	-12.0085880393291	3.20266439226534e-33	1.3813949239857e-32
SACI_RS06390	4277.70314320676	0.16	0.08193775130587	1.99620510897408	0.0459116015866699	0.0632884307698461
SACI_RS06395	2467.3054853899	-0.85	0.0825290214882421	-10.3003612939231	7.01971567630641e-25	2.41866749161058e-24
SACI_RS06400	30706.8446089778	-0.32	0.0996315129822514	-3.2348015184478	0.00121727318022121	0.00193561872090429
SACI_RS06405	1393.76708710544	-4.53	0.226124983218939	-20.0366775037418	2.63799518208872e-89	3.89159709424937e-88
SACI_RS06410	5438.3245107518	-4.39	0.164427293626489	-26.7030286363519	4.34065188163252e-157	2.7214337065021e-155
SACI_RS06415	14664.8509612527	0.76	0.185386309420102	4.11600518977601	3.85495628037005e-05	6.7843365916688e-05
SACI_RS06420	812.38583968036	-0.14	0.0837885208830018	-1.64896347906069	0.0991551168910749	0.129949091229774
SACI_RS06425	6913.2204106376	-0.63	0.0787332830008156	-8.03074584278668	9.68818694613801e-16	2.62868812734857e-15
SACI_RS06430	847.574565876568	-1.49	0.101325601891192	-14.728531598515	4.22792913960495e-49	2.698956219846e-48
SACI_RS06435	8490.5185836188	-0.66	0.0934019425350773	-7.06910566987696	1.55935376073003e-12	3.87740159626285e-12
SACI_RS06440	15449.9884273658	-0.51	0.10678648657487	-4.74599808683942	2.07480672315969e-06	3.9164765618353e-06
SACI_RS06445	26251.2963628582	1.33	0.0938234311341626	14.122424448392	2.76318815752052e-45	1.64154883604984e-44
gatD	5424.12211639858	0.06	0.0857380747173664	0.755168878509637	0.45014765936816	0.512806110331476
gatE	11722.3179636261	-0.37	0.0903051024543799	-4.09855337810432	4.15740368631972e-05	7.30562779913341e-05
SACI_RS06460	916.68667739152	-0.81	0.0828681354885287	-9.76235166453743	1.63323309485029e-22	5.28018544753163e-22
SACI_RS06465	6114.76908106365	-0.10	0.0845008560083532	-1.22304026263093	0.221314489486404	0.273893257873375
SACI_RS06470	90050.3011519475	-0.56	0.13601990979503	-4.12671234801958	3.67986211233262e-05	6.49246023939689e-05
SACI_RS06475	1001.44455211504	-1.04	0.111690124333254	-9.27703769078181	1.74255836972085e-20	5.34333837213093e-20
SACI_RS06480	23635.4579081329	0.48	0.108639947329742	4.40747931181931	1.04580586252083e-05	1.91240853297429e-05
SACI_RS06485	29479.9239607639	0.55	0.0732327890015205	7.4832730555458	7.24940386123224e-14	1.85514992396402e-13
SACI_RS06490	9479.95652234327	0.47	0.0747145403514431	6.24919741758258	4.12567173179185e-10	9.21452509562416e-10
SACI_RS06495	14793.4464345756	-1.47	0.108788145593938	-13.5328872483207	1.00016829355214e-41	5.36940501324397e-41
hmgA	14112.7481990211	-4.38	0.197175305422587	-22.2142688203446	2.50018083977576e-109	6.0124211838717e-108
SACI_RS06505	5341.8508971985	-4.91	0.395604266282962	-12.4090510468659	2.33402647777748e-35	1.06702694836936e-34
SACI_RS06510	22297.2529073846	-4.52	0.468009331679633	-9.65733774692732	4.57601047780937e-22	1.45925275091632e-21
SACI_RS06515	33310.3848327026	-4.16	0.532646111135648	-7.81869805007704	5.33724629207581e-15	1.41855198572885e-14
speD	15248.8138681628	-1.21	0.0799177935779092	-15.1033508627346	1.53908999340785e-51	1.04927086735048e-50
SACI_RS06525	571.374999943402	-2.29	0.186254579269424	-12.2741539477408	1.24688383858949e-34	5.64150664598932e-34
SACI_RS06530	16.5449115622669	0.92	0.386429433249417	2.3804490150751	0.0172915537065932	0.0248814119114133
SACI_RS06535	4714.30077890919	-0.17	0.149198099747556	-1.10968128950963	0.26713638833168	0.323642463572301
SACI_RS06540	828.080026265091	-0.63	0.137143294377047	-4.62421343140296	3.76022537601511e-06	7.02989951820503e-06
SACI_RS06545	17780.0648160552	-0.70	0.133901151931268	-5.2466315416798	1.54905260069223e-07	3.10961902860516e-07
SACI_RS06550	15733.7628261928	-1.11	0.146119951073497	-7.56801449856841	3.78971701764402e-14	9.77641179202656e-14
SACI_RS06555	2790.08099070376	1.20	0.0690089722203878	17.3579955782901	1.71610903024296e-67	1.65529088054479e-66
SACI_RS06560	3291.79106162983	0.98	0.0835630895353949	11.7654521519104	5.88104202323522e-32	2.46989695497355e-31
SACI_RS06565	23896.984185095	-3.90	0.146649690356928	-26.5622840553782	1.85248186438513e-155	1.0840106376427e-153
SACI_RS06570	19092.6606338611	-4.13	0.166501904847306	-24.7900825205912	1.14686965664117e-135	4.52433636456981e-134
cdvA	22265.6893921129	-4.35	0.151043923343434	-28.7953862057919	2.45013867367604e-182	2.20575304699399e-180
SACI_RS06580	1413.69186884065	-5.72	0.253109059905168	-22.596971581995	4.64131172570376e-113	1.21609294544372e-111
eno	8390.51363327436	-0.09	0.09222744910268	-1.01879540309372	0.308300108555556	0.369434807276268
SACI_RS06590	53.7944566646369	0.41	0.222255493764363	1.8226114444512	0.068362261058705	0.0921028006819314
SACI_RS06595	3056.46102833763	-0.28	0.102088983434402	-2.70937584705415	0.00674099287717549	0.010079908855095
SACI_RS06600	1502.99566575413	-0.82	0.0978661917627607	-8.35158638681868	6.73521576904213e-17	1.88725798604205e-16
gcvPB	3006.87846273574	-1.13	0.105033979456789	-10.7890115760176	3.8793936571674e-27	1.41292024173389e-26
gcvPA	3119.37383672872	-1.09	0.0977173880548399	-11.1899082252328	4.56906304137087e-29	1.77652052472349e-28
gcvT	6481.15180602795	0.40	0.0865522583149724	4.63484223964402	3.5720979624141e-06	6.68530700748182e-06
gcvH	3849.74670217471	0.15	0.0841268911719115	1.75380230014408	0.0794643888115474	0.105831705797643
SACI_RS06625	5121.66609058938	-0.34	0.0801251499868356	-4.26482952628387	2.00054887449749e-05	3.59648084913502e-05
SACI_RS06630	2616.62759584027	-0.46	0.115593028005986	-3.99772132340502	6.39551827880165e-05	0.000110996859500112
SACI_RS06635	12980.3791358927	1.47	0.103208204633188	14.2311823747484	5.86811481345794e-46	3.54611895181598e-45
sufC	59667.9989269862	1.61	0.112901786489484	14.2668697459914	3.52028755711738e-46	2.14951819357202e-45
sufB	65467.5922931883	1.28	0.0963837832497154	13.3047746543516	2.17146828781253e-40	1.12614847245344e-39
SACI_RS06650	8170.34902801721	-0.69	0.106236522437615	-6.50841680773142	7.59469492415138e-11	1.7542745972826e-10
SACI_RS06655	1038.16285846452	1.79	0.197918261270363	9.06259847909697	1.27379205234336e-19	3.82246486818592e-19
SACI_RS06660	11.359829099605	0.84	0.521975714486751	1.6024212078217	0.10906249818777	0.141769134075254
SACI_RS06665	8414.07385421879	-0.96	0.112348253701773	-8.52075828182825	1.58512051305888e-17	4.52100578501198e-17
SACI_RS06670	14.621664698257	0.58	0.397319328843869	1.4686823121078	0.141918977219518	0.181125964746539
SACI_RS06675	5599.27397236393	-0.64	0.118793517220842	-5.42399441686315	5.82817029690197e-08	1.19107717767304e-07
SACI_RS06680	383.192535517945	-4.83	0.237241793866472	-20.3383825223336	5.88391561154782e-92	9.39019441461108e-91
SACI_RS06685	7778.189278252	-4.36	0.125859544894935	-34.623608006018	1.11518368790986e-262	5.07481248698721e-260
SACI_RS06690	17494.1082180106	0.88	0.116740383171689	7.56831368603104	3.78100100943922e-14	9.76109892951552e-14
SACI_RS06695	1879.10775992001	-1.85	0.0907549370043213	-20.3518181054889	4.47370508014946e-92	7.205127768993e-91
SACI_RS06700	1993022.98448239	4.67	0.136206007813075	34.305022313576	6.60445859897494e-258	2.3188254141001e-255
SACI_RS06705	446.980424138761	0.39	0.143729990702119	2.68293761243892	0.00729786029773124	0.010884786535826
SACI_RS06710	7047.47095615099	0.33	0.0986298289940378	3.31207177033374	0.000926077846001259	0.00148195151013587
SACI_RS06715	8162.68251906263	0.43	0.0747245022597587	5.76147457742671	8.33822241614166e-09	1.76358427126948e-08
SACI_RS06720	1191.61892083926	-0.21	0.129172583582007	-1.63418554528097	0.102219896730938	0.133566824496585
SACI_RS06725	1328.06992578981	0.22	0.0621608866545723	3.61911010924889	0.000295617843016825	0.000492369187301742
SACI_RS06730	1211.53917493468	0.29	0.113634061972005	2.58706414184093	0.00967975714341019	0.0142616984181759
argF	3421.73211927563	0.41	0.0919782084044355	4.41808761825585	9.95780551666885e-06	1.82187885195541e-05
SACI_RS06740	2403.12968653922	-0.20	0.115910217447691	-1.74087278718018	0.0817058797183684	0.10845721878684
SACI_RS06745	1184.54288789182	-1.10	0.110959999211592	-9.92372006412609	3.28287437133223e-23	1.09046091937062e-22
asd	18032.9204157532	-0.87	0.0792767256673238	-11.0041237155469	3.65047558035682e-28	1.37519525350137e-27
SACI_RS06755	8048.41075739453	-0.83	0.0913434367392753	-9.09002731906623	9.90141747992389e-20	2.98402375725432e-19
thrC	4510.94709156377	-2.18	0.101965276946527	-21.3463598739676	4.2152091276022e-101	8.26793254022978e-100
SACI_RS06765	1387.33894230889	-0.41	0.125667614267464	-3.28505977429292	0.00101960738137993	0.0016249848007376
SACI_RS06770	682.346693781194	1.12	0.131811769306987	8.51436782790842	1.67501549090459e-17	4.77352223097891e-17
SACI_RS06775	37070.8921401849	-6.26	0.202169696072511	-30.9462012910728	2.85793477042315e-210	4.01368359158227e-208
ppsA	26219.4391578398	-0.44	0.0867949457838785	-5.07481945930003	3.87864089204804e-07	7.57813476459692e-07
SACI_RS06785	645.430165084215	-0.28	0.113399176121913	-2.47418256983948	0.0133541434150161	0.0194549367344902
SACI_RS06790	5390.5830541289	-0.74	0.0754743093775869	-9.86520365110625	5.89147733716005e-23	1.93317541409056e-22
SACI_RS06795	2889.435839091	0.90	0.117375687593325	7.69750611359473	1.38747453566979e-14	3.63539036920644e-14
SACI_RS06800	12169.2902709637	-2.10	0.0728577187473014	-28.8488970627272	5.23088287739705e-183	4.83306046908975e-181
trpA	3555.82546323574	-4.00	0.132248365315352	-30.2359511420026	7.98303843066651e-201	9.34281597669004e-199
trpD	4264.65252683366	-4.82	0.139274110708119	-34.6225625807214	1.15632298193955e-262	5.07481248698721e-260
SACI_RS06815	1750.27300725113	-4.70	0.127266181685867	-36.9631553196033	4.4775394470581e-299	3.93016024965525e-296
SACI_RS06820	2727.97837968819	-3.48	0.115990575799296	-30.0391025158268	3.03014952139455e-198	3.32464217800508e-196
SACI_RS06825	1065.88672568859	-1.98	0.150689523982572	-13.1338043650836	2.10794562134174e-39	1.0757263192632e-38
trpC	3186.69821069084	-0.13	0.097401688924373	-1.37637271516698	0.168706270841058	0.213605379344737
SACI_RS06835	7581.99865270994	0.07	0.0781087895394465	0.842909182254626	0.399279237737776	0.463427902048705
SACI_RS06840	10788.4751119434	-0.24	0.0997931914333211	-2.40334196762755	0.0162459872191544	0.0234731115746713
SACI_RS06845	1064.30344023502	-0.77	0.110693992854187	-6.97755759973774	3.00355693190403e-12	7.3796279831456e-12
SACI_RS06850	316.891758136965	-1.10	0.126402326092408	-8.67494826798297	4.13738518145686e-18	1.19362032638414e-17
SACI_RS06855	238.197142292963	-1.76	0.137205709321719	-12.8015902762033	1.60627733126849e-37	7.83283293067176e-37
SACI_RS11925	342.546671129153	0.46	0.123469442946012	3.7240336437327	0.000196064780375471	0.000330476929379875
SACI_RS06865	1970.21565839343	0.16	0.153064895320329	1.01879402101726	0.30830076483038	0.369434807276268
SACI_RS12245	456.956545097097	-2.38	0.120769726736928	-19.6874386899439	2.7631219434264e-86	3.91182304168149e-85
SACI_RS12250	306.366343149604	-1.99	0.126890744077424	-15.7085489786879	1.32169616313387e-55	9.95810134927684e-55
SACI_RS06870	2350.26027133021	-1.77	0.0877499485577708	-20.170873090656	1.76495264283748e-90	2.68257520736034e-89
glgX	3458.99126988327	-2.20	0.121909876414075	-18.0224433830173	1.2987852011468e-72	1.39450606765334e-71
treZ	3907.89306207751	-0.89	0.0992800456722708	-8.9164153038419	4.81624812296427e-19	1.42099555964097e-18
SACI_RS06885	131.81899158242	-0.65	0.144277896202592	-4.53215856939394	5.83839957516604e-06	1.0800116390099e-05
SACI_RS06890	7.19124481660221	0.03	0.500005734184403	0.0636794740489375	0.94922544890537	0.959059151397628
SACI_RS06895	7441.7503231665	0.56	0.0970502876576147	5.77452065022237	7.7172465394643e-09	1.63421306393602e-08
SACI_RS06900	50.5572690298239	1.51	0.235057363437388	6.41676130323261	1.39203921959584e-10	3.17573079922093e-10
SACI_RS11930	4.08522959455973	1.33	0.702012368715574	1.88959890932123	0.0588116231590333	0.0799719631724888
SACI_RS06905	87.8531299787774	1.67	0.196876709492071	8.46305423565837	2.60464505808259e-17	7.38684070995798e-17
SACI_RS12065	26.0042708471531	1.41	0.297524325563954	4.7426736481555	2.10915900828279e-06	3.97277750970004e-06
SACI_RS06910	3597.2909438839	0.54	0.075966290031957	7.1231287645373	1.05504167405368e-12	2.63086031079722e-12
SACI_RS06915	2595.48015038006	1.81	0.142579241534855	12.7228021469332	4.41730085512267e-37	2.12454017840215e-36
SACI_RS06920	14226.0923127787	0.20	0.102263851511878	1.95973266866187	0.0500270446752232	0.0686918083123616
SACI_RS11660	23.3613583760528	2.82	0.328611532393442	8.58109917022987	9.39708211640623e-18	2.68673903181615e-17
SACI_RS06925	181.828369911865	0.62	0.127242593041836	4.84762830531276	1.24946222017896e-06	2.38546049757931e-06
SACI_RS06930	1157.91307322649	0.78	0.143306796688887	5.43077964058003	5.61083826956238e-08	1.1479984361558e-07
SACI_RS06935	12.8847543574034	0.56	0.407607382220292	1.37094520443496	0.170392038201924	0.215584304910615
SACI_RS06940	447.786452720589	0.48	0.113683204184692	4.22947152852761	2.34240920128667e-05	4.18747388274821e-05
alaS	13378.5121334639	0.03	0.0746479269148594	0.363719948519135	0.716067145442016	0.762776622465691
rpl12p	60955.434366619	0.89	0.0719211078512704	12.4344738675392	1.69855469453633e-35	7.85721414033868e-35
SACI_RS06955	56166.1663871229	0.05	0.0973087082117102	0.504339507255285	0.614022819478557	0.670554935984203
SACI_RS06960	53144.9127505145	0.27	0.0981279762382488	2.78216879135022	0.00539969487865025	0.00817521721385987
SACI_RS06965	33290.807342051	0.64	0.0959416039204885	6.64266118062751	3.08069474294595e-11	7.25927465938472e-11
SACI_RS06970	5852.68438032769	-0.52	0.132419708101225	-3.90779968863355	9.3140475223868e-05	0.000160223522053405
SACI_RS06975	832.839039102438	-0.12	0.122568887290426	-1.00785912255587	0.313522098068599	0.374923735122225
ftsY	7915.30612256664	-0.71	0.0988333444154859	-7.20891030453409	5.64013963724068e-13	1.41345683557117e-12
pfdA	12224.1368464062	0.15	0.0890545774556288	1.64559854696931	0.0998464385055346	0.130757495558721
SACI_RS06990	4735.32672488864	0.49	0.0955882553065597	5.07681010207325	3.83824136285035e-07	7.50337718539397e-07
SACI_RS06995	6677.59261073275	0.96	0.136013238191633	7.04302000832331	1.88117202907286e-12	4.66111149899422e-12
SACI_RS07000	14876.0381029792	0.08	0.184864764607454	0.447217339498269	0.654718143019522	0.708605240487528
SACI_RS07005	1322.63314812298	0.15	0.162322316398114	0.916912058375012	0.359188724670121	0.422341464272202
SACI_RS07010	20282.3047791106	0.52	0.0998331447832779	5.162186554261	2.44081858562488e-07	4.83891250938958e-07
SACI_RS07015	15784.7692949628	-0.29	0.142691466844605	-2.00425440608164	0.0450428152190522	0.0621640425448475
SACI_RS07020	6803.68140412991	-0.24	0.0977616147177867	-2.41426764160025	0.0157668759101206	0.0228184259358753
SACI_RS07025	42073.8447548264	1.05	0.0876621296102683	11.9669003229282	5.29707881513754e-33	2.27082340902905e-32
SACI_RS07030	1159.2482387309	-2.17	0.145288288225032	-14.9139392074018	2.67494608152291e-50	1.75218949481846e-49
SACI_RS07035	609.099311118589	-0.59	0.112484957691055	-5.23360571217373	1.66234861671414e-07	3.32375056565111e-07
SACI_RS07040	507.819757004939	-0.64	0.120292908434826	-5.29464111451506	1.19250372947016e-07	2.40625321504009e-07
SACI_RS07045	5904.74864157816	-0.99	0.0949074612075505	-10.3803356042382	3.0470215739007e-25	1.06660944625776e-24
SACI_RS12070	11.2443180654731	-0.01	0.389480455693282	-0.0207144686634225	0.983473427172357	0.986874695103532
SACI_RS07050	2161.70559681403	0.83	0.17144771413677	4.82179011384728	1.42275605409411e-06	2.7045460237815e-06
SACI_RS12075	622.270680522692	0.82	0.0978342896093906	8.3847476415197	5.08346944858987e-17	1.43013311169864e-16
moaA	2475.61952885424	-1.59	0.107442181070952	-14.7827148874312	1.89376146537044e-49	1.22224200458008e-48
SACI_RS07060	5689.88393259791	-0.82	0.0823902918310779	-9.95503412532905	2.39740613268005e-23	8.00122902266127e-23
folE	6949.19316871244	-0.90	0.139588403514966	-6.4714869480443	9.7043142546452e-11	2.2342194982334e-10
SACI_RS07070	2263.90620948815	0.49	0.0881402515680586	5.55296148096485	2.80869984069135e-08	5.8144723706765e-08
glnA	7988.81578756082	-1.14	0.179025138873385	-6.36402541967555	1.96533592479239e-10	4.44034390730122e-10
SACI_RS07080	3528.93629320659	1.15	0.115210045609524	9.97385545044738	1.98375345118038e-23	6.63329368294696e-23
SACI_RS07085	6772.47857405361	0.78	0.089069278346747	8.80750475812341	1.2796237784985e-18	3.72533920921082e-18
SACI_RS07090	384.099939551997	-1.15	0.103737803503824	-11.1030491947938	1.21235806228611e-28	4.66220060973334e-28
SACI_RS07095	347.273289502775	-1.46	0.10263446269154	-14.1940356933702	9.97491129283353e-46	5.97643575923865e-45
SACI_RS07100	2258.83940509205	-1.86	0.118590874473812	-15.6912757251023	1.73532707818479e-55	1.2935739642265e-54
SACI_RS07105	8632.89182702545	-0.95	0.082400974937195	-11.5530453260726	7.12502015403872e-31	2.92242357019041e-30
SACI_RS07110	2283.49978624808	-3.46	0.160573373667538	-21.5293010061552	8.27725624048156e-103	1.6994998046977e-101
SACI_RS07115	720.025138238115	-0.54	0.0981653086350327	-5.52556436091426	3.28428149118426e-08	6.78699959714417e-08
SACI_RS07120	356.015761899924	-1.45	0.116526073842397	-12.4168649841117	2.11695603134616e-35	9.71585964190374e-35
SACI_RS07125	4016.2141794358	-1.49	0.194123934493775	-7.65535517609493	1.92778690410623e-14	5.01739052655075e-14
SACI_RS07130	3442.96916701394	-1.14	0.174169296661	-6.52106052057697	6.98120070085444e-11	1.61362710077024e-10
SACI_RS07135	832.819257355852	-2.61	0.172408880822595	-15.1357668555145	9.40776387233608e-52	6.45130057729921e-51
SACI_RS07140	8169.62691032864	-0.27	0.187514263916737	-1.41660886830664	0.156597314259213	0.198991375448461
SACI_RS11670	759.337901704261	-1.85	0.177902307225235	-10.386008291673	2.87119250752741e-25	1.0070686207721e-24
SACI_RS07145	599.973256522093	-0.20	0.0827914795091681	-2.44570778306256	0.014456811939347	0.0209916735810782
SACI_RS07150	212.821563418331	-0.72	0.151684882691608	-4.74566588558131	2.0782151279862e-06	3.92080242577084e-06
SACI_RS07155	2226.06359755189	-1.36	0.122965041199622	-11.062321823677	1.91085970904471e-28	7.292422215713e-28
SACI_RS07160	3626.22673383752	-2.23	0.114369751806933	-19.4831108268187	1.52712587196998e-84	2.06220728326407e-83
SACI_RS11675	1604.13776555765	1.69	0.122967321144722	13.7076634986399	9.13524795259226e-43	5.05100087583487e-42
SACI_RS07165	12440.799163538	1.81	0.0958607669061683	18.8876556960373	1.44104683806467e-79	1.75677619737676e-78
SACI_RS07170	4040.11222931265	0.73	0.0915118473319452	7.98851912575257	1.3656928212805e-15	3.6884211503968e-15
SACI_RS07175	9489.26474280982	-2.88	0.131005841580575	-21.9502882005769	8.6054219155968e-107	1.94926686101035e-105
SACI_RS07180	2049.42650208431	0.35	0.169800750351859	2.05101847374177	0.0402651477303275	0.0560106710305784
SACI_RS07185	1946.94291909641	-0.35	0.122101272157263	-2.87658879718424	0.00401999071977575	0.00614729417122503
SACI_RS07190	44510.4831101097	-0.11	0.0524063752682505	-2.10759995183667	0.0350656077603927	0.0490694893769385
SACI_RS07195	1667.25333657608	-0.14	0.0844531360505671	-1.61134704238769	0.107104102844473	0.139429924021856
SACI_RS07200	1343.24735127681	-2.24	0.110913583327075	-20.1840341795756	1.35244963928901e-90	2.07355925045577e-89
pheT	6636.06172984213	-1.97	0.135951743062124	-14.4825277461972	1.56243879073032e-47	9.74373462567348e-47
SACI_RS07210	13477.9822660626	-0.67	0.0726399296456343	-9.25757240351012	2.09132796681082e-20	6.40161507539041e-20
SACI_RS07215	17122.36183459	0.39	0.0767279816247035	5.13685965833737	2.79367421642647e-07	5.51044391790636e-07
map	6526.78154452722	0.88	0.0675534556584906	13.0958643952176	3.47693257604044e-39	1.76920438760551e-38
SACI_RS07225	50323.7901504017	-1.09	0.0848679036112025	-12.8324625938851	1.07879831116087e-37	5.29742779088923e-37
SACI_RS07230	5733.97683290619	-1.44	0.105297760953962	-13.6520374967714	1.96311906262828e-42	1.07527473149577e-41
rrf	1610.4829804435	-0.46	0.424516990406869	-1.07242152025015	0.283530746251013	0.341281987678406
SACI_RS07240	2888.43026773394	-1.63	0.0944103817521685	-17.243754111004	1.24671440048559e-66	1.16725713602798e-65
SACI_RS07245	1696.33929766801	-2.38	0.113998548325623	-20.8766148883762	8.73665155959145e-97	1.55707531095054e-95
SACI_RS07250	11542.2515866513	-0.44	0.120817450523235	-3.66449291791684	0.000247829096897009	0.000415732421980602
rpl7ae	37138.4876635946	0.88	0.0943630481554133	9.31557545344237	1.21293230758463e-20	3.74218394721411e-20
SACI_RS07260	25610.2743005671	0.43	0.124899863796286	3.41864023671024	0.000629348775722193	0.00102014937745181
SACI_RS07265	27.1581641145213	1.22	0.301676608203496	4.03761988955682	5.39962510532225e-05	9.41782600337129e-05
SACI_RS07270	2849.20564044989	0.36	0.0958328473872094	3.79872960859513	0.000145439654716653	0.000247642399471468
SACI_RS07275	971.137109506549	0.79	0.103495708347261	7.58985841241636	3.20255239296824e-14	8.28604381113595e-14
SACI_RS07280	778.472148056265	1.23	0.119878226768185	10.2480346218497	1.20774262453367e-24	4.14100034642354e-24
SACI_RS07285	459.019802044126	2.91	0.177012263240918	16.4299234703906	1.16806266499243e-60	9.64957180420809e-60
SACI_RS11860	357.853580203118	0.51	0.126126978669562	4.0476639478337	5.17313460412307e-05	9.03815860287464e-05
SACI_RS07290	551.889068308603	1.12	0.218476159832341	5.11432743459646	3.14860779861815e-07	6.18967636111328e-07
SACI_RS07295	1153.21403068032	2.78	0.178557336458086	15.5711704566978	1.14296427982808e-54	8.36030747182582e-54
SACI_RS07300	5.52880169595198	1.65	0.618686043201826	2.66260891750822	0.00775374716411491	0.0115353416496642
SACI_RS12255	1440.90636340841	1.63	0.145324252557251	11.2250664698308	3.07155397632919e-29	1.20359665300132e-28
SACI_RS12260	1193.28882222995	2.36	0.165764306494555	14.2520658911241	4.35213260408338e-46	2.64365701953923e-45
SACI_RS07310	3611.30529182142	-0.44	0.121093331634636	-3.64834596799036	0.000263934066531278	0.000442537014131479
SACI_RS07315	1773.3654659704	-3.40	0.189347526172005	-17.9433898545285	5.40547129429531e-72	5.73371894690962e-71
SACI_RS07320	5064.26766394529	-1.77	0.134078569689448	-13.1997607307171	8.80141657740839e-40	4.53105184798839e-39
SACI_RS07325	15854.1952353054	-0.04	0.0969676859062348	-0.439686850727901	0.660163927493066	0.71361931940522
SACI_RS07330	7822.35789390938	-0.48	0.07774405774511	-6.15328087625793	7.58962151576704e-10	1.67697678677521e-09
SACI_RS07335	13649.9650950233	-0.02	0.0820021799711207	-0.233409670735646	0.815443304385277	0.85082360823082
SACI_RS07340	1093.44626526409	-1.90	0.157140912148017	-12.0680659102941	1.55751913015782e-33	6.77626972240905e-33
SACI_RS07345	407.543050781938	0.07	0.125375718278033	0.536271383290168	0.591771005211354	0.65017573028279
priL	722.00018371194	0.05	0.134367333825268	0.402771864676264	0.687116060789108	0.738434187153522
metG	17411.6440685228	0.16	0.0754175092800722	2.16401587792373	0.0304631308396752	0.0428338215370844
SACI_RS07360	25920.3780116192	-0.86	0.150810806883085	-5.69318685795352	1.24689795206462e-08	2.62304296566739e-08
SACI_RS07365	1961.41724939016	0.42	0.105177728434207	3.96622197111998	7.30208630530597e-05	0.000126543065241507
SACI_RS07370	11334.440849826	0.15	0.10304541345733	1.50381988926324	0.132627748575509	0.16988545248034
SACI_RS07375	66636.5236257316	0.32	0.0924536397688441	3.47027693883902	0.000519921991676518	0.000849439791892162
SACI_RS07380	52087.8623900323	-0.20	0.0937041713728855	-2.15691857094514	0.031012009678786	0.0435532663928871
SACI_RS07385	9088.30917076538	-0.57	0.0987778970328619	-5.76250104956402	8.28765274913618e-09	1.75394507548024e-08
SACI_RS07390	1075.76707587978	-0.64	0.15085219760666	-4.2450307009068	2.18563493976536e-05	3.91918502222482e-05
SACI_RS07395	27489.0957770034	0.46	0.0929316246506614	4.94623818553763	7.56613727041343e-07	1.45639846252311e-06
proS	12131.8577217591	0.27	0.0981967910041335	2.74062578585458	0.00613223047317391	0.0092167214003911
SACI_RS07405	6717.13048357531	-0.74	0.0876926828448976	-8.47919335262487	2.26760565795227e-17	6.44139438921556e-17
pdxS	23118.7505066615	-0.00	0.104854734734913	-0.00746497055540128	0.99404387056538	0.994893965095511
pdxT	14312.8555863994	-0.15	0.126666725417004	-1.19980075510819	0.230216730853355	0.283710404361575
SACI_RS07420	16051.3689414513	0.79	0.0679112953095379	11.6898438439469	1.43650490120663e-31	5.98288102981788e-31
SACI_RS07425	1446.95290737351	0.85	0.0955038323782331	8.86168151316889	7.88164928074138e-19	2.30411911945737e-18
ilvC	10150.7906067773	-1.10	0.100869138062176	-10.880447429655	1.42860000537956e-27	5.279804861987e-27
SACI_RS07435	2255.11010689336	-1.74	0.158733078047062	-10.9894107347728	4.29722451314025e-28	1.61191829761062e-27
SACI_RS07440	9593.7676126974	-1.76	0.1435511560083	-12.2489639932505	1.70155671215507e-34	7.63959797490597e-34
SACI_RS07445	337.916746340324	-1.93	0.139348709318152	-13.8684943099932	9.83190299138825e-44	5.54090070670372e-43
SACI_RS07450	746.103683457594	0.03	0.0869613989507564	0.333547719224311	0.738720874867287	0.784053504129095
SACI_RS07455	8497.58671117488	1.03	0.0758042668320599	13.5684131251517	6.16421464597281e-42	3.32962424954008e-41
SACI_RS07460	499.43350891995	-0.58	0.115757287331911	-5.00724617730811	5.52142905932945e-07	1.07221999044832e-06
SACI_RS07465	333.384666375157	2.02	0.180757957547024	11.1820846819227	4.99037439480192e-29	1.93390778147346e-28
SACI_RS07470	5292.01594626417	0.25	0.103957050426469	2.42753881495105	0.0152016600893171	0.0220367582880232
SACI_RS07480	749.449193987572	-0.41	0.141677440728003	-2.90623253833859	0.00365809482762717	0.00561835999116316
SACI_RS07485	1317.98338121237	-1.60	0.136618398187709	-11.7164607073502	1.04966338989986e-31	4.39781403572602e-31
SACI_RS07490	2830.77823528481	-1.06	0.0978303562126175	-10.7994971403771	3.4609378835342e-27	1.26444879386978e-26
SACI_RS07500	897.207346215536	-0.09	0.0843315386088963	-1.06673789517243	0.286090209869906	0.344229858414407
hisC	2477.87782244473	-1.85	0.0991273451278781	-18.7000590125418	4.94499616124657e-78	5.80664933850726e-77
hisG	1848.83443411717	-1.13	0.080757286453794	-13.9520510418273	3.05686313283161e-44	1.74798802269899e-43
hisA	1088.45129502653	-1.57	0.115349522168174	-13.5719006943073	5.87778267194085e-42	3.17979891543672e-41
hisBd	995.439952844425	-0.44	0.0848460791915534	-5.16576635182222	2.39455765143097e-07	4.75256750377282e-07
hisF	907.356279672028	-1.50	0.172964399355359	-8.67260863708841	4.22331527587931e-18	1.21741050358065e-17
hisD	1494.28995345507	-1.87	0.0925226106402154	-20.2509095038597	3.48741506339811e-91	5.4907238957806e-90
hisE	191.282329905904	-2.42	0.142649912718931	-16.9695136410859	1.38070821281134e-64	1.23664962632159e-63
hisH	491.249980416605	-2.97	0.133732179029395	-22.2095558409128	2.77668753223075e-109	6.63193872494024e-108
hisI	239.252573938102	-3.30	0.138610578485187	-23.8260665988797	1.79335184449809e-125	5.77656727158972e-124
SACI_RS07550	12759.4146014394	0.68	0.100633418495027	6.78091422023937	1.19417769004056e-11	2.85804899095598e-11
serS	22926.20691059	1.24	0.0792922104364968	15.5878487437656	8.80490374529692e-55	6.45386577238779e-54
SACI_RS07560	92442.3694304502	0.44	0.104647818438071	4.22537446495691	2.38543775048896e-05	4.2622249068533e-05
SACI_RS07565	14430.450414249	1.79	0.0888446416041434	20.193007498243	1.12785448642581e-90	1.74444806248502e-89
SACI_RS07570	17486.6224066237	0.77	0.112849609866207	6.86615739516464	6.59543036959985e-12	1.59920967041886e-11
SACI_RS07575	2416.57539699895	0.26	0.14272574932148	1.80165671905671	0.0715994315469039	0.096132162203128
SACI_RS07580	2187.83157937556	-0.55	0.10676375260767	-5.12154087842194	3.03049024021611e-07	5.96415427881096e-07
SACI_RS07585	2913.14367991392	-0.57	0.114674152229791	-4.95831087302902	7.11087151746373e-07	1.37328217259709e-06
SACI_RS07590	2260.43878357047	-0.23	0.131413285962217	-1.72158675864348	0.0851444035436238	0.112680739103529
SACI_RS07595	565.581443818424	-1.52	0.122856467584417	-12.3412334623416	5.43173147113651e-35	2.46711632537649e-34
SACI_RS07600	1483.69405258228	-1.29	0.092374650082304	-13.9671603206976	2.47291637201103e-44	1.42101626548784e-43
SACI_RS07605	1041.28732322169	-1.31	0.103033167505666	-12.7019059729351	5.77069448161014e-37	2.76034173364212e-36
pyrI	1700.21305719954	-1.02	0.10282627535115	-9.9087024364526	3.81569356574107e-23	1.26385850087895e-22
pyrB	3136.76988535965	-0.34	0.0731869870166472	-4.60985622129224	4.0294754695919e-06	7.50928257629362e-06
pyrE	59.9912161434984	-1.58	0.212430613516212	-7.44350776042283	9.8046339921189e-14	2.49811828347819e-13
SACI_RS07625	74.9007737226511	-0.96	0.197761437572529	-4.87345760355911	1.09661810233933e-06	2.10279964899693e-06
SACI_RS07630	443.750560509499	0.38	0.123624714498483	3.11058272199891	0.00186718588703368	0.00292273279062651
SACI_RS07635	7233.86208098404	1.20	0.0980747604358783	12.2556352180223	1.56716497175037e-34	7.04521922639636e-34
SACI_RS07640	1129.67038819874	-1.19	0.0991854984602142	-12.0331245806886	2.37980607614556e-33	1.03154310288235e-32
SACI_RS07645	169.769667575731	-0.88	0.168638016055165	-5.22334658827642	1.7571805130968e-07	3.50736826690327e-07
SACI_RS07650	1755.20388888669	-1.09	0.104864863998301	-10.4314139276892	1.7821634897573e-25	6.29494568665783e-25
SACI_RS07655	1248.06962673521	0.14	0.121958160280499	1.1538341200441	0.248568182733434	0.304084630514664
SACI_RS07660	1583.02050743601	-1.24	0.0888822739294957	-13.9214287504434	4.69425467996758e-44	2.66691394520488e-43
SACI_RS07670	472.435577422167	-2.59	0.3454602876835	-7.49497053121536	6.6313259992899e-14	1.69945880171583e-13
purS	99.3329375253716	-2.48	0.321177399934312	-7.71864408213983	1.17573705113509e-14	3.09678378584793e-14
purQ	212.794370075676	-3.37	0.296473431855011	-11.3649586051477	6.24940839369713e-30	2.49905157975747e-29
purL	1344.69199469572	-3.00	0.238167128126157	-12.5753860675413	2.8838802274334e-36	1.3591011380562e-35
purF	1121.21305881031	-2.80	0.172855298600011	-16.200276225772	5.02010731756499e-59	4.0425680715529e-58
SACI_RS07695	2330.20992226331	-1.96	0.124840605188302	-15.6914604415436	1.73028438869844e-55	1.29255925291919e-54
purD	3394.41460622069	-1.86	0.146906894719178	-12.6891665597703	6.79045187847555e-37	3.2437110946024e-36
purM	1893.39771280124	-1.90	0.186856656535325	-10.1919221983687	2.15461234944866e-24	7.35164621857556e-24
SACI_RS07710	58648.7036039147	0.23	0.099684310362589	2.33476059940577	0.0195559305571283	0.0279336339243603
SACI_RS07715	1288.47527369765	-2.75	0.227110496821579	-12.1077708672909	9.60696040234233e-34	4.2005028608498e-33
SACI_RS07720	3955.04653257164	-3.25	0.191067651042017	-16.9949068636856	8.95725235728988e-65	8.08455347723516e-64
argH	3721.90424786327	-3.44	0.175535910701697	-19.5736089055991	2.596289454317e-85	3.61729058496309e-84
carA	10562.5866543105	-1.11	0.148601789204516	-7.48393991868586	7.21269392354617e-14	1.84710199602995e-13
carB	24136.2041525719	-1.91	0.156283356463087	-12.2004794386651	3.08999186787383e-34	1.37502679950634e-33
SACI_RS07745	2555.36186000659	0.18	0.0945263367642681	1.91189618377093	0.0558895112766581	0.0762346830195596
SACI_RS07750	849.980732083843	-1.11	0.106708222421026	-10.4154592030288	2.10777908819959e-25	7.42268041992854e-25
SACI_RS07755	3785.90187407927	-0.02	0.0742376103645596	-0.291021709774549	0.771034715773267	0.813432357896617
SACI_RS07760	372.091366379665	-1.71	0.118516599386907	-14.4525327192464	2.41634435213074e-47	1.49625838101077e-46
SACI_RS07765	283.242602946547	-1.84	0.129174336386555	-14.2497304917905	4.50014590127093e-46	2.72884494980349e-45
SACI_RS07770	1487.61793685928	-0.64	0.112325651049139	-5.68673477019408	1.29491329204468e-08	2.72079028627701e-08
SACI_RS07775	8841.59848820349	1.35	0.0743623737906311	18.104154143562	2.95515855498825e-73	3.21224820017453e-72
SACI_RS11685	403.630651014397	1.14	0.17738192219062	6.4271603390588	1.30009670042557e-10	2.96790605669321e-10
SACI_RS07780	298.318160135854	0.57	0.105291085536775	5.43598874982839	5.44933932565914e-08	1.11560526952707e-07
amrS	5511.56729424919	1.34	0.117697936962447	11.3579246422586	6.7734640229773e-30	2.70245820280378e-29
SACI_RS07790	4743.61371511577	-0.20	0.0830344326285928	-2.36277838259474	0.0181385128050751	0.0260680795982884
SACI_RS07795	1651.13848865439	1.00	0.184157298454666	5.40629013604488	6.43435382727964e-08	1.31114429991752e-07
cyoE	9524.79670763748	1.23	0.152888940864784	8.02621710700511	1.00524257799395e-15	2.72330763220429e-15
SACI_RS07805	1286.31621311578	-0.82	0.112579558111841	-7.29583349785976	2.96815784236444e-13	7.49726775866298e-13
SACI_RS07810	633.689415049108	-1.37	0.151263733235185	-9.08802685649083	1.00852630028276e-19	3.03682319064559e-19
SACI_RS07815	6265.09330649519	0.84	0.0760509155505883	11.0591902206358	1.97875888982383e-28	7.53516536027275e-28
SACI_RS07820	3756.26625882639	0.37	0.102574669960508	3.63197563814462	0.000281259679398309	0.000470239397317839
SACI_RS07825	16611.8708027063	0.46	0.113893590154689	4.04099328286479	5.32252831266875e-05	9.28797062911529e-05
SACI_RS07830	2191.07971363408	0.30	0.095239996277826	3.16943353887068	0.00152736384363547	0.00241231419478368
SACI_RS07835	3535.21217444586	0.44	0.066407205753938	6.60773444874517	3.90245872130789e-11	9.15266036774349e-11
SACI_RS07840	18639.1125860023	1.77	0.118097231478834	15.0219209299976	5.27564115879556e-51	3.54163979130616e-50
SACI_RS07845	16600.1201923363	1.76	0.0939775351440947	18.7397281017111	2.34824419769657e-78	2.79480860275005e-77
SACI_RS07850	38534.9733567148	3.20	0.209602786966237	15.2612980561081	1.38466163574793e-52	9.68435657990233e-52
SACI_RS07855	5094.00441336026	0.72	0.106140179776338	6.77285068103007	1.26269257865544e-11	3.01791262332148e-11
pyk	7972.13662328806	-0.16	0.0979765871182354	-1.59470538701199	0.110778132835725	0.143733194525584
SACI_RS07865	1801.16548312747	-0.51	0.0910867334562258	-5.57927142925896	2.41528096615217e-08	5.01778193618951e-08
SACI_RS07870	33.3470767095997	-1.40	0.292249825773081	-4.78277307518956	1.72893272256513e-06	3.27592163460668e-06
SACI_RS07875	154.238986963197	-0.72	0.126148245171976	-5.70558605854508	1.15943458368725e-08	2.44490980379937e-08
SACI_RS07880	550.059091305899	1.25	0.113076755087198	11.0336366385814	2.63010061080227e-28	9.99381303520214e-28
SACI_RS07885	2076.67888835853	0.34	0.0923175688574032	3.73301874367954	0.0001891985092595	0.000319670820986577
SACI_RS07890	2480.2399024171	-1.48	0.117517492782434	-12.5837805520817	2.59316319103271e-36	1.22373601662847e-35
SACI_RS07895	9736.04233253553	1.67	0.0979279268812237	17.090501316337	1.7466582688687e-65	1.60117942088721e-64
SACI_RS07900	2229.92752312387	1.11	0.109423024008043	10.1557785940893	3.12307315201652e-24	1.06251064309399e-23
SACI_RS07905	1420.45881753755	0.15	0.0907554517624237	1.69803076289185	0.0895019558469755	0.117958471088112
SACI_RS07910	8395.83596825434	-1.55	0.116057900659463	-13.3640352085388	9.80986864626053e-41	5.12536440729475e-40
SACI_RS07915	767.408922240598	-2.62	0.143543913129686	-18.282846088516	1.13353619593596e-74	1.2594448050415e-73
SACI_RS07920	1313.84799766976	-1.74	0.11267388001985	-15.419382649579	1.21257956595616e-53	8.76001410714419e-53
SACI_RS07925	8275.11073375427	-0.25	0.10559230420201	-2.38355639934253	0.0171462568903196	0.0246925791394226
SACI_RS07930	12718.6072984791	0.73	0.11384908484721	6.4555795588047	1.0780552613081e-10	2.47389021075342e-10
SACI_RS07935	1355.95021800777	0.83	0.0929317944120857	8.9046917786106	5.35345843174159e-19	1.57552326520073e-18
SACI_RS07940	2126.19024279998	-1.63	0.0852722524349802	-19.1569572713989	8.46811395666463e-82	1.10116844821665e-80
SACI_RS07945	19676.7399468095	0.89	0.115034173852035	7.69839796471544	1.37782689865801e-14	3.61280824584635e-14
SACI_RS07950	2709.08426440228	-0.05	0.0790865745941661	-0.6220217172542	0.533927587910746	0.594928518297248
SACI_RS07955	4311.79266789831	-0.24	0.0881930141612979	-2.70996431280918	0.00672904478634387	0.0100663298870274
SACI_RS07960	22264.4926831202	-3.14	0.134204434964004	-23.4313582022864	2.04795738653783e-121	6.09354100350366e-120
SACI_RS07965	4347.41590351409	1.26	0.105883592424609	11.8638588989508	1.82371962969379e-32	7.74253883900228e-32
SACI_RS07970	3383.47219312739	1.02	0.101730292471388	9.99427260108468	1.61468312593331e-23	5.4094966175113e-23
SACI_RS07975	71179.0674229166	6.30	0.19111354410913	32.959351999445	3.10752065919792e-238	8.39269618034146e-236
SACI_RS07980	1625.85163795558	-0.26	0.102954914945557	-2.51286855665112	0.011975394457875	0.0174898543850247
SACI_RS07985	411.99050138001	-1.77	0.122141653961333	-14.5079128810322	1.07955596794345e-47	6.75636542504361e-47
SACI_RS07990	5786.80042664756	1.31	0.121008757739323	10.8593313073702	1.8006287590474e-27	6.63379598427641e-27
SACI_RS07995	687.03953416587	-0.86	0.112417963223372	-7.6415824535928	2.14568047939257e-14	5.57210367096695e-14
SACI_RS08000	2804.42929628154	-0.58	0.0855812560901743	-6.81512652994566	9.41808358354816e-12	2.26796237735512e-11
SACI_RS08005	445.18217344959	-0.22	0.100152518105542	-2.15761969974835	0.0309574117868217	0.0435113982319979
SACI_RS08010	11776.0539558385	0.54	0.0832165722253373	6.43658524181379	1.22191226399059e-10	2.79487554323842e-10
SACI_RS08015	7638.06051491204	-1.51	0.110640839511795	-13.6267340555551	2.77734020597857e-42	1.50714705768018e-41
SACI_RS08020	49956.6908469426	0.35	0.0762833788853623	4.61641336737755	3.90428896231291e-06	7.29146731206416e-06
SACI_RS12080	123979.48445896	-0.10	0.0653131770850203	-1.55268556088484	0.120498273537509	0.155540234702277
SACI_RS08030	4118.29351347055	-1.76	0.120163749629413	-14.6359632833894	1.65613361602248e-48	1.05338498656792e-47
SACI_RS08035	7369.98140989735	-2.23	0.126205279572482	-17.6904164661491	4.9706691875091e-70	5.11789428661128e-69
SACI_RS08050	2007.47236306729	0.69	0.0789630227963752	8.79109825891266	1.48104963831495e-18	4.30460701997003e-18
SACI_RS08055	331.986532465514	0.74	0.106551731850697	6.93005934946232	4.20664100739644e-12	1.02780212783361e-11
SACI_RS08060	1307.37612324762	-2.17	0.136439428882875	-15.8702128051561	1.01894820949281e-56	7.82828700991084e-56
SACI_RS08065	559.679517714377	-0.62	0.142747595807609	-4.37068051927092	1.23859906401474e-05	2.25439155715694e-05
SACI_RS08070	14559.7417065891	1.08	0.102633760012676	10.4772176573623	1.09930352839627e-25	3.89864109919123e-25
SACI_RS08075	2120.93940255812	-0.70	0.0795273205057755	-8.84956970102066	8.7857378551743e-19	2.56628332857878e-18
SACI_RS08080	844.756298394925	-1.27	0.115936555576519	-10.9952646249874	4.02730469514628e-28	1.5139043666658e-27
SACI_RS08085	1370.80932730065	0.82	0.142680950276125	5.73109734614759	9.97829771331875e-09	2.10666285456778e-08
SACI_RS08090	12720.6953113175	-0.93	0.0849136195917918	-10.9088057857823	1.04621657758911e-27	3.87884519948825e-27
SACI_RS08095	544.830825339853	1.15	0.16870932375669	6.84094552951964	7.86721687717905e-12	1.90232771733992e-11
SACI_RS08100	385.130949224228	1.48	0.151208371610728	9.80549791475629	1.0661986098428e-22	3.46613270292414e-22
SACI_RS08105	3326.84542116158	0.81	0.0966767245649131	8.41661518751423	3.87517968919422e-17	1.09547148862809e-16
SACI_RS08110	346.785842630055	-1.69	0.141808416176471	-11.8885259582753	1.35781781871732e-32	5.77854346850487e-32
SACI_RS08115	2555.55477020957	-0.26	0.139746435614758	-1.87514119237031	0.060773301906841	0.082447860508083
SACI_RS08120	100349.12863843	-2.38	0.0916770557690606	-25.9130975525547	4.74104589426919e-148	2.44791354923223e-146
SACI_RS08125	3906.3425292806	-3.41	0.41659740430553	-8.18924925185425	2.6286065945933e-16	7.22146929078017e-16
SACI_RS08130	5833.86568948784	1.48	0.100420826861916	14.7408147871272	3.52505987339194e-49	2.25436889170839e-48
SACI_RS08135	3123.75556933415	-1.23	0.123296088917973	-9.93862430011576	2.82704240829185e-23	9.40828994835324e-23
SACI_RS08140	1860.51197061609	-1.69	0.119939519963036	-14.0535155854785	7.33028488312719e-45	4.28230120210642e-44
SACI_RS08145	1526.4484540327	-2.01	0.10218879552968	-19.6362274251855	7.58262782338973e-86	1.06918097541853e-84
rfbC	526.034305460496	-2.22	0.137943631403177	-16.112296572839	2.09111055630327e-58	1.64986273329906e-57
SACI_RS08155	94048.0946484608	-0.71	0.0865351713561774	-8.17995001807221	2.83961633642378e-16	7.78897887279992e-16
merA	1535.28364712986	0.28	0.119613024843213	2.34887233038078	0.0188303621260063	0.0269630511518793
SACI_RS11700	71.4843281362979	1.81	0.200107750894748	9.05823174769777	1.32582325519915e-19	3.96842749275723e-19
SACI_RS08165	1533.25456447888	-0.64	0.131517637927293	-4.88012871562352	1.06016625044078e-06	2.03512504390245e-06
SACI_RS08170	2208.42405605368	-0.44	0.102418848758698	-4.30746165121201	1.65138715022304e-05	2.98713049172236e-05
SACI_RS08175	3080.51057252488	0.27	0.0598179014071309	4.49751135426993	6.87534904095483e-06	1.26649268010453e-05
SACI_RS08180	1184.41934406687	-1.34	0.0868002626129966	-15.492675221385	3.88770817542585e-54	2.82603383103937e-53
SACI_RS08185	2877.06986017894	-3.69	0.196864779029446	-18.7305108085611	2.79224017140305e-78	3.30086035077311e-77
ilvD	10068.3242283173	-2.11	0.102241004070341	-20.6830527957773	4.92250353227388e-95	8.30909129894884e-94
SACI_RS08195	552.260037667347	1.14	0.112066317646563	10.1569031455071	3.08727090896875e-24	1.05134899722495e-23
SACI_RS08200	863.14777855767	1.07	0.198684424598327	5.38850630801456	7.10456697620371e-08	1.44603679150442e-07
SACI_RS08205	11982.6778694804	5.88	0.365280686005328	16.0960098467492	2.72095496251866e-58	2.14198943349843e-57
SACI_RS08210	50105.3350345152	0.59	0.0877498752279683	6.75663148035935	1.41236814619135e-11	3.3710568057633e-11
SACI_RS08215	425.63731587257	0.13	0.109666953688423	1.18165074258863	0.237344310585089	0.291369186875611
SACI_RS08220	538.610968449043	-0.11	0.124109156799034	-0.880575591563985	0.378547574493107	0.443470314996763
SACI_RS08225	1640.60818921501	1.51	0.120923613075766	12.5017908732506	7.29882704280048e-36	3.41227453359154e-35
SACI_RS08230	358.500982833289	-1.29	0.0992119628740935	-12.9521973964497	2.28323531158389e-38	1.14357192282041e-37
SACI_RS08235	1806.9787058446	-0.60	0.0754772118182652	-7.9277329631275	2.23182575882509e-15	5.99077999941506e-15
SACI_RS08240	1922.4688513773	-3.82	0.167039944550777	-22.8635552911887	1.07139974758404e-115	2.84976099527845e-114
SACI_RS08245	4465.29014563648	-0.28	0.0775254291207293	-3.61641690855883	0.000298709142386153	0.000497046350198001
SACI_RS08250	2929.22226178441	0.31	0.0988410453552217	3.16556768626525	0.00154780645960726	0.00244021036357481
SACI_RS08255	2652.65322349186	-1.25	0.131176978511336	-9.55987234352105	1.17902042752779e-21	3.72595924486954e-21
SACI_RS08260	476.174022198502	-1.53	0.135529660041103	-11.2737984631814	1.76775484775576e-29	6.97369356232636e-29
SACI_RS08265	505.18881705681	0.40	0.124811762641418	3.22814691988303	0.00124594964269957	0.0019789649793071
SACI_RS08270	7399.48970587969	3.88	0.160987535523756	24.0940642321718	2.88479603758171e-128	9.92992047838174e-127
SACI_RS08275	926.967084618394	-5.25	0.272596249258526	-19.2493383957842	1.42977119676688e-82	1.88012234900693e-81
SACI_RS08280	655.458403884126	-5.12	0.281322652275228	-18.2136133447331	4.02485397773227e-74	4.44379318107485e-73
SACI_RS08285	153.951618961828	-2.73	0.266403447319074	-10.2558242668443	1.11421277010631e-24	3.8277896632517e-24
SACI_RS08290	40.6357983725666	-4.14	0.377088457180488	-10.9792902014742	4.80685738672603e-28	1.80116075611474e-27
SACI_RS08295	70.3738503284513	-2.12	0.257373493818766	-8.22907454273662	1.88665350649343e-16	5.21577989078616e-16
SACI_RS08300	32478.1852239348	0.43	0.100931637100945	4.21188206999859	2.5325175768433e-05	4.51124769776603e-05
SACI_RS08305	5648.38393396943	-0.47	0.0882516448767445	-5.30566733551977	1.12261528698003e-07	2.2691435075342e-07
SACI_RS08310	5436.85393233121	-0.78	0.108977907968176	-7.13381256247767	9.7626254888126e-13	2.43614627514009e-12
SACI_RS08315	285.952451000398	-0.79	0.0957283388356883	-8.21543398407647	2.11398322599266e-16	5.83505904595929e-16
SACI_RS08320	211.540078643071	-4.70	0.225389531280569	-20.8745354908598	9.12515399817792e-97	1.61810180240418e-95
SACI_RS08325	23852.614874809	0.40	0.125667842034653	3.1989488299913	0.00137929647821555	0.00218533841832798
SACI_RS08330	7904.69060594841	-1.47	0.117877641176171	-12.4832044297927	9.21999119747665e-36	4.28760120454841e-35
SACI_RS08335	16.9136106743789	-3.68	0.47734161660356	-7.70796777145382	1.27837019459584e-14	3.36206573275355e-14
SACI_RS08340	508.434578290017	-2.25	0.135204659624927	-16.6221186114859	4.81988200450594e-62	4.11742231577137e-61
SACI_RS08345	64.4059762176851	-0.85	0.184986950960924	-4.58337502113374	4.57530391704942e-06	8.50391320950794e-06
SACI_RS08350	109.287077012624	-0.55	0.150902982712561	-3.6236220001628	0.000290506079335607	0.000484314741000625
SACI_RS08355	4330.05949738108	-0.69	0.0874780577606002	-7.84697332164943	4.26197869572473e-15	1.1353419727382e-14
SACI_RS08360	90015.5667567007	0.12	0.0539937346891423	2.17723618188221	0.0294629500014488	0.0414773125321118
SACI_RS08365	4298.72817217936	0.69	0.11129396399908	6.21420894235552	5.15838517185482e-10	1.14863125403001e-09
SACI_RS08370	331.702586370587	0.56	0.120512554728417	4.65805284121162	3.19214286133177e-06	5.98377660765396e-06
SACI_RS08375	928.516793930958	-0.48	0.0931490836654027	-5.18558481112883	2.15338062579514e-07	4.28358038366387e-07
SACI_RS08380	1079.61253833203	1.51	0.209063395465228	7.23930600349345	4.50986456786087e-13	1.13343840356188e-12
SACI_RS08385	1064.60527578955	-4.88	0.131621977711916	-37.0650037020119	1.02951418102131e-300	1.20487476318861e-297
SACI_RS08390	131.793023517032	-0.49	0.125268271824914	-3.92218302663272	8.77502929015118e-05	0.000151247559340799
SACI_RS08395	494.207136247784	1.09	0.111038658528121	9.77724112645592	1.41001576013192e-22	4.56694218987376e-22
SACI_RS08400	4909.6095138814	-2.12	0.117067273257093	-18.1116075773887	2.58100091351105e-73	2.81425285942152e-72
SACI_RS08405	778.636081815	0.27	0.0981544064466252	2.76550229192278	0.0056835205673394	0.0085706356733191
SACI_RS08410	2866.87869052131	0.42	0.0842864911262809	4.9813601950703	6.31388912850726e-07	1.22278279663282e-06
SACI_RS08415	266837.020367539	-3.04	0.12249200823398	-24.8343123921422	3.82058723780223e-136	1.5418484818303e-134
SACI_RS08420	6387.42010202672	-1.79	0.127550073614569	-14.010442458066	1.34563999611648e-44	7.78343002696039e-44
SACI_RS08425	31058.3524127686	-1.52	0.089425276474665	-17.0359334747984	4.44590624774903e-65	4.04393182275825e-64
SACI_RS08430	19742.9247545753	-2.08	0.112842653944658	-18.405394038849	1.18916514548236e-75	1.34682542767373e-74
SACI_RS08435	15207.7905242491	-2.23	0.135517261186476	-16.4670482339846	6.32838348523175e-61	5.24031943788884e-60
SACI_RS08440	11400.5179847989	-2.65	0.164140575098367	-16.1158636902558	1.97386743298204e-58	1.56439019349886e-57
SACI_RS08445	405.191396408098	-3.57	0.164622473386216	-21.711917637035	1.58312872820693e-104	3.41003985566536e-103
SACI_RS08450	27195.7742862453	1.03	0.092244628847675	11.183911984573	4.88864577664889e-29	1.89657848859826e-28
SACI_RS08455	1499.25541288545	1.39	0.102372003043812	13.5812215025874	5.1756026641958e-42	2.8042501472209e-41
SACI_RS08460	2547.96006072366	-2.38	0.124812307507941	-19.0462774935691	7.05437808815762e-81	8.87739120699692e-80
SACI_RS08465	1118.41171450148	-2.91	0.134218374327162	-21.7123941853641	1.56679847392815e-104	3.39569718639613e-103
SACI_RS08470	2228.28735165013	-2.88	0.165987794550118	-17.3555305379616	1.79137906697436e-67	1.72315942579369e-66
SACI_RS08475	3025.82721973366	-1.77	0.177603916510211	-9.93876820723153	2.82296183683194e-23	9.4036233483083e-23
SACI_RS08480	8386.74471054037	4.83	0.125398861758505	38.4913247226864	0	0
SACI_RS08485	945.364265443328	-2.62	0.0992196020315299	-26.4374924035356	5.08147641026575e-154	2.78766619944423e-152
SACI_RS08490	2655.30085397307	-0.03	0.0861860164313886	-0.32816510354504	0.742786831427963	0.787673911052915
SACI_RS08495	230.764553188548	-1.13	0.165327586038125	-6.85762009981748	7.00171557026637e-12	1.69538092187622e-11
SACI_RS08500	4096.94590635194	-0.67	0.104298925045609	-6.41030265420457	1.45231035329861e-10	3.30678446850287e-10
SACI_RS08505	1309.49726953599	-1.91	0.135954962024541	-14.0536808119442	7.3131983833774e-45	4.27943992067301e-44
SACI_RS08510	980.667430013352	-2.87	0.194094846511465	-14.7916267384132	1.65895302868932e-49	1.07464650991295e-48
SACI_RS08515	1746.65276179994	0.94	0.100698876848203	9.35287086970017	8.53003507736665e-21	2.63867428692813e-20
SACI_RS08520	3016.59074091306	-0.15	0.159873978857628	-0.920242706512806	0.357445941615027	0.420573961464598
SACI_RS08525	1350.67997909725	-5.78	0.399759003640878	-14.4526125511712	2.41354483096522e-47	1.49625838101077e-46
SACI_RS08530	16041.2682660096	-0.67	0.072303243911854	-9.25323107957637	2.1780688784279e-20	6.65552639874705e-20
SACI_RS08535	7049.72800277893	1.51	0.100775256383498	14.9393170941711	1.8283934751114e-50	1.20667095697671e-49
SACI_RS08540	104.059075705698	-1.47	0.185556482267875	-7.94664530380197	1.91630078913234e-15	5.1556567591139e-15
SACI_RS08545	167.394105961218	0.74	0.143926550260645	5.11792960707253	3.08907844570159e-07	6.07605289795982e-07
SACI_RS08550	8864.83720914468	-0.41	0.107697594993483	-3.770300845408	0.000163050874216903	0.000276690004531439
SACI_RS08555	2808.41301923786	0.91	0.130272994851241	6.99122612710715	2.72494141463865e-12	6.71858799634572e-12
SACI_RS08560	1625.04646310324	-0.75	0.110861457144205	-6.74405724493039	1.54023808753127e-11	3.67126675174629e-11
SACI_RS08565	3705.36830843126	0.11	0.160176949745916	0.686664507688484	0.49229416782076	0.553811221793876
SACI_RS08570	2446.85830238542	-0.14	0.133975117146272	-1.07239417268052	0.283543024226121	0.341281987678406
SACI_RS08575	162.499663902742	0.03	0.136148764117293	0.185469759245433	0.85286059737796	0.880186230862439
SACI_RS08580	131.862477564546	0.52	0.133362709405873	3.90929173417225	9.25671209734424e-05	0.000159393409385854
SACI_RS08585	67.0346844455064	-0.36	0.182228491798727	-1.96668215663504	0.0492198652487385	0.0676363784298712
SACI_RS08590	27.2136023839028	-1.24	0.292105811104726	-4.26184523499821	2.02745839023342e-05	3.64112859749848e-05
SACI_RS08595	152.29223465772	-0.88	0.138110100031145	-6.35414844862039	2.09584365381078e-10	4.72911765329669e-10
SACI_RS08600	352.401179841102	1.10	0.260548228684583	4.21385937801935	2.51043622804844e-05	4.47418355161323e-05
SACI_RS08605	168.840982024687	0.59	0.21462577982586	2.72729668156562	0.00638555966025091	0.00957697563739468
SACI_RS08610	5237.85812945483	0.83	0.107365354047921	7.70345196053381	1.32438908894787e-14	3.48048659528143e-14
SACI_RS08615	4183.98489996141	0.78	0.0944395705103695	8.20735013478573	2.26123433868574e-16	6.2366015421254e-16
SACI_RS08620	1957.11690449432	0.38	0.106687329022091	3.58242298407099	0.000340421996522792	0.000562987107768027
SACI_RS08625	32072.3042485167	-0.93	0.0705457768138534	-13.2387962211865	5.23816689956206e-40	2.70061732516335e-39
SACI_RS08630	6638.32463476019	0.02	0.0812401255238613	0.247953569378293	0.804170331377247	0.842402804199421
SACI_RS08635	22600.4506182581	-1.10	0.107142504806164	-10.2952164387606	7.40528510320065e-25	2.54651870688908e-24
SACI_RS08640	501.760206293454	-3.13	0.190197679215368	-16.4687226888754	6.15564258705257e-61	5.10932887071905e-60
SACI_RS08645	9865.8441903894	1.13	0.104610146599875	10.7721816101683	4.65830336932197e-27	1.69134468766178e-26
SACI_RS08650	67.6208324160558	-2.29	0.186232034550035	-12.271619601592	1.28653826717351e-34	5.81343096016243e-34
SACI_RS08655	1086.62157008438	-0.01	0.0704415556002616	-0.177116108189394	0.859417189450867	0.885651233390664
SACI_RS08660	11540.2240155068	0.67	0.0688563752686609	9.74122466618368	2.01115803753818e-22	6.48409170780214e-22
SACI_RS08665	1202.47290540547	-2.58	0.0761900929323085	-33.8096401398411	1.42330241335121e-250	4.16434564439674e-248
SACI_RS08670	1773.19083700218	-3.56	0.139109992645302	-25.5824542819594	2.39180803009001e-144	1.18276591459803e-142
SACI_RS08675	2268.68130548337	-2.93	0.11067744554769	-26.4414659684895	4.57402243860752e-154	2.54910996538905e-152
SACI_RS08680	3342.79819081003	3.52	0.161632206411296	21.7984471741212	2.40022271940686e-105	5.36763182664808e-104
SACI_RS08685	5458.31381323085	3.59	0.177817385575283	20.1910058175555	1.17448968783904e-90	1.80861109386091e-89
SACI_RS08690	3205.77721569469	0.21	0.073944812421629	2.78886954401576	0.00528923659645883	0.00801489412609709
SACI_RS08695	863.59814810689	0.03	0.109129189859605	0.253860138682946	0.799603610872381	0.838783471100367
SACI_RS08705	6940.32053695938	-0.09	0.113444336165004	-0.761571232020051	0.446315950014331	0.50910178703714
SACI_RS08710	1151.20804828062	0.19	0.12188498645491	1.59395757994398	0.110945536367878	0.143897221347477
SACI_RS08715	1322.53727482569	-1.69	0.124258264008611	-13.6396924515984	2.32539192270726e-42	1.26974355219677e-41
SACI_RS08720	393.618145882264	-1.04	0.115841822024746	-8.9515562488075	3.50505432458807e-19	1.03850174967331e-18
SACI_RS08725	2035.37410771853	0.86	0.085858263631451	9.9775606224768	1.91107271211695e-23	6.39635490204254e-23
SACI_RS08730	2536.65161193109	1.19	0.0979865869923133	12.1391252845854	6.55227302339269e-34	2.87922785796392e-33
SACI_RS08735	339.885592209668	2.65	0.143155725078631	18.5230443489862	1.34605824473772e-76	1.53441899262147e-75
SACI_RS08745	2374.46151303713	-0.45	0.0979210501468525	-4.57627180148681	4.73335497170292e-06	8.78837086496507e-06
SACI_RS08750	2126.90832946267	-0.69	0.11669947645418	-5.87832343557514	4.14442544520262e-09	8.8834418425558e-09
SACI_RS08755	2647.5309160694	0.20	0.102735384758013	1.9503381863201	0.0511358241033378	0.0701045991514326
SACI_RS08760	5952.6219330694	0.08	0.0916863855015596	0.896918496113227	0.369762409651065	0.433948620143083
SACI_RS08765	874.013403115123	-1.50	0.132427680374801	-11.3416731501956	8.15698206901406e-30	3.24707075332294e-29
SACI_RS08770	114.542305784525	-2.01	0.15742251436072	-12.7582170455808	2.80549085756501e-37	1.36238982031961e-36
SACI_RS08775	1283.49049149773	0.75	0.165692651373165	4.51574696135255	6.30939681440666e-06	1.16407210800745e-05
SACI_RS08780	518.906410784308	-1.27	0.107409667351981	-11.8277062688089	2.80707855450299e-32	1.18315159722209e-31
SACI_RS08785	700.316248553472	-1.28	0.155005312042058	-8.28314117641614	1.19968061185922e-16	3.33497911974483e-16
SACI_RS08790	1235.41847897867	-1.57	0.12937347201593	-12.1626372781198	4.91460279754539e-34	2.16501510943311e-33
SACI_RS08795	8282.94658165075	0.62	0.102194301413005	6.08699237116173	1.15051450258458e-09	2.51993538276636e-09
SACI_RS08800	2699.18516453915	-6.09	0.221335430348833	-27.5264666916276	8.46780649491242e-167	5.50564233400694e-165
SACI_RS08805	3173.04315229337	-3.73	0.161330526803408	-23.1066964415591	3.965185675931e-118	1.13185096814583e-116
SACI_RS08810	1161.9953114746	-1.34	0.144262587943323	-9.31907118366775	1.17363171579264e-20	3.62411693416708e-20
SACI_RS08815	10974.279127243	3.81	0.119439325568415	31.8955894596536	3.07382463064302e-223	5.39609913909382e-221
SACI_RS08820	1644.61903146818	-1.03	0.104680545364939	-9.83872210747229	7.66785709042659e-23	2.50203032011968e-22
SACI_RS08825	198.162555662086	-1.75	0.153409675921484	-11.4125101297964	3.62125928411115e-30	1.45805520028833e-29
SACI_RS08830	1074.647672607	-0.23	0.151601914211182	-1.5006751953268	0.133439591738855	0.170863022098877
SACI_RS08835	6195.91512682633	0.93	0.0779295659832553	11.9916754303224	3.92877260780055e-33	1.68836237772188e-32
SACI_RS08850	96.8606289213396	-0.59	0.229098017466988	-2.56366520412723	0.0103573397258022	0.0152089585015857
SACI_RS08855	548.801183550038	-0.81	0.106945296969373	-7.58801846554704	3.24834631211327e-14	8.39833866114115e-14
SACI_RS08860	1603.63674014535	-1.10	0.0939395842818163	-11.6981339798423	1.30286976043928e-31	5.43921014138207e-31
SACI_RS08865	4214.95783978735	1.14	0.131898355107692	8.64040502048277	5.60140901973965e-18	1.61201205477917e-17
SACI_RS08870	847.311140123773	-0.47	0.127657711413165	-3.64307270523658	0.000269402702246544	0.000451060032230623
SACI_RS08875	9234.70270105566	2.64	0.114813729596758	23.0343263802515	2.11215160689281e-117	5.83918448173281e-116
SACI_RS08880	10009.1391754506	3.54	0.159529632890696	22.2070758130245	2.93423610202047e-109	6.96088037445532e-108
SACI_RS08890	199.874809800149	-0.34	0.134398469581344	-2.55592204440732	0.0105906842334103	0.0155321187733933
SACI_RS08900	3691.82724560644	-1.43	0.127817549228226	-11.1706490142875	5.6764588153142e-29	2.19493908596566e-28
SACI_RS08905	2074.93107282149	0.98	0.13950759651756	7.04571894217356	1.84506344244803e-12	4.57487128985525e-12
SACI_RS08910	1701.85302476885	-3.61	0.128471706940031	-28.1151763571454	6.39088919207748e-174	4.98631376741867e-172
SACI_RS08915	5420.54106708047	-1.39	0.125773255631512	-11.0680022726413	1.79354276299491e-28	6.85961725585526e-28
SACI_RS08920	34709.0885655296	-0.12	0.0790086905690309	-1.51329168511332	0.130205583838902	0.166965597099483
cbsA	1245.81951979922	-0.21	0.093793491052639	-2.2136839593143	0.0268505271443716	0.0379364993174602
cbsB	287.893709403681	-1.33	0.137337175728832	-9.68392965914356	3.52885349066387e-22	1.13045662460957e-21
soxL2	973.126933052298	0.92	0.0916549234222309	10.0489527251741	9.28488841431026e-24	3.11954480599458e-23
SACI_RS08940	902.40660190075	-0.66	0.127851623337184	-5.1609632053689	2.45682469313786e-07	4.86789587901074e-07
SACI_RS08945	327.051480956286	0.01	0.113783858454531	0.117674046108091	0.906325932079502	0.922083554775755
SACI_RS08950	1328.14032655229	-0.31	0.124526019384619	-2.46370076410168	0.0137510860377432	0.0200000261302884
cas6	4225.69214284367	-0.35	0.064591052223004	-5.36208230285563	8.22680385814614e-08	1.66864866238886e-07
SACI_RS08960	1435.01376124401	-0.49	0.0781685511729778	-6.32487897383924	2.53431134889535e-10	5.70017113771401e-10
SACI_RS08965	473.826727396731	0.08	0.157253972000367	0.536166845261532	0.591843245224665	0.65017573028279
SACI_RS08970	7591.31726509309	-0.04	0.145208245752192	-0.247196713322021	0.804755988781812	0.842677684644481
SACI_RS08975	7722.76576409273	1.32	0.161613312085126	8.17121313224517	3.05303724254383e-16	8.36132118453306e-16
SACI_RS08985	29.7250300179402	0.45	0.254666283803333	1.76581121029306	0.077427527141564	0.103285732444541
SACI_RS12265	599.830439907958	-2.18	0.161162505469825	-13.5062385264524	1.43676990582924e-41	7.67808088183634e-41
SACI_RS12270	0.731228668646122	0.61	1.47866884811636	0.414240937544173	0.6786976637214	0.729833842978816
SACI_RS08995	160.884241403945	0.44	0.167336945191005	2.61359496088199	0.00895951818130128	0.013229665366849
SACI_RS09000	3347.2800246427	0.33	0.0865794939061559	3.80077642206477	0.000144243407948541	0.000245724699324273
SACI_RS09010	6917.35650196405	-2.98	0.167455385602809	-17.7903096939403	8.40142897833747e-71	8.77899319730442e-70
SACI_RS09015	3515.07688011419	-2.07	0.156235126681967	-13.251776294256	4.40648674119551e-40	2.27852355645617e-39
cas7d	12784.7602522788	-1.29	0.156856351749763	-8.21797568818449	2.06966909447706e-16	5.71723697144686e-16
SACI_RS09025	21086.1135405491	-0.44	0.120458847711651	-3.62915464123195	0.000284350871117536	0.000475181298664288
csa3	1824.99234058474	0.33	0.140543351019017	2.34185885314971	0.0191879699377328	0.0274303593043078
cas2	738.256404861128	0.09	0.100017239255333	0.938666808168468	0.347901840024101	0.41016902630108
SACI_RS09045	894.750232951312	0.40	0.0903882702052547	4.45132860566856	8.53406325535781e-06	1.56547001512859e-05
cas1	5011.57873478713	0.55	0.10492684262556	5.23409304937635	1.65796919843972e-07	3.31877414807403e-07
SACI_RS09055	2642.15466438192	3.13	0.212013001942632	14.7590216039339	2.69157114155805e-49	1.72447194854203e-48
SACI_RS09060	2008.32970339133	2.62	0.137026493905355	19.1120854561905	2.00301963203057e-81	2.55730979202158e-80
SACI_RS09065	2295.77802230831	0.42	0.138011260677085	3.04895651028229	0.00229637722161819	0.00357067335035494
SACI_RS09070	4267.76261008826	0.91	0.118150332611733	7.67335010144798	1.67561323723854e-14	4.38054957255735e-14
SACI_RS09075	27.2497051885668	1.48	0.296759417121039	4.97354978528438	6.57378812236868e-07	1.27095650317381e-06
SACI_RS11985	184.64203998485	0.03	0.123306483372264	0.255152490624024	0.798605323785014	0.838237157491535
SACI_RS09085	5336.06349959269	0.57	0.0838689141744779	6.82917872107468	8.54021268093894e-12	2.06222054489523e-11
SACI_RS09090	2018.10522833847	0.75	0.103112714542139	7.24474808418486	4.3324370886911e-13	1.09040764289566e-12
SACI_RS12275	163.200470954261	3.43	0.170727312800372	20.0619058534275	1.58876431596558e-89	2.35365042757601e-88
SACI_RS12280	15.0688820044936	3.19	0.418552395459627	7.61945507915121	2.54748844065147e-14	6.60090916245559e-14
SACI_RS09105	36.2830832537459	0.89	0.223796916296772	3.95721627883264	7.5828269896985e-05	0.000131213925878913
SACI_RS09110	2513.23403452061	0.49	0.0900976848562858	5.45215930043214	4.97618475902092e-08	1.0229147944334e-07
SACI_RS09115	4553.89561096309	-0.82	0.0954260465883185	-8.61059807807302	7.26803873365853e-18	2.08140978742864e-17
SACI_RS09120	801.164647686318	-1.64	0.142653083545227	-11.5288021519036	9.44486669126119e-31	3.85144331626226e-30
SACI_RS09125	1556.64253594068	-1.71	0.130977345498882	-13.0489627880615	6.44184307113979e-39	3.26368124426721e-38
SACI_RS09130	1028.50108484428	-0.30	0.0828822888274252	-3.60890660160593	0.000307490281231318	0.000510931555798939
SACI_RS09135	1487.40780733818	-0.84	0.113653353613371	-7.43373229936199	1.055755293149e-13	2.68800350561721e-13
SACI_RS09140	9049.96292366169	-0.07	0.122535317397806	-0.560096071098298	0.575413910173888	0.635507467323221
SACI_RS09145	1009.33670335758	-0.44	0.105830903383491	-4.16304839514953	3.14026777066554e-05	5.57123807115043e-05
SACI_RS09155	1403.3385046753	-1.93	0.112873679783795	-17.0746345733597	2.2925659303346e-65	2.09614556807416e-64
tsaA	115.438502624478	-1.21	0.191288554126605	-6.34235919311739	2.26272990282106e-10	5.0991300955101e-10
SACI_RS09165	273.673057943264	-0.56	0.157886421539461	-3.51918353005891	0.000432877140473402	0.000711864936862817
SACI_RS09170	6260.16624195762	-1.54	0.18444566569897	-8.35207381835743	6.70747182882238e-17	1.88098511110187e-16
SACI_RS12090	1977.43963610266	-1.62	0.145628166581602	-11.1009429020412	1.24127377481481e-28	4.76817529909714e-28
SACI_RS09180	526.021946733658	-2.29	0.12062624570469	-19.0155731762932	1.26744049440099e-80	1.57800836022761e-79
SACI_RS12095	3.13708926328375	0.40	0.822537551729689	0.4890528497034	0.624804281269309	0.68105800420259
SACI_RS09185	498.852484439575	-1.33	0.123483067546771	-10.7940987016222	3.67046090275923e-27	1.33821269258439e-26
SACI_RS09190	428.409259834666	-1.77	0.134966450581825	-13.0904829461613	3.73227161146518e-39	1.89638286944345e-38
SACI_RS09195	1785.23458566061	-0.41	0.092382898946192	-4.42781904474776	9.5190708371373e-06	1.74251604323196e-05
SACI_RS09200	1547.07391823085	-0.56	0.0900831919041157	-6.25356364113552	4.01190967755869e-10	8.97185661013283e-10
SACI_RS09205	786.700487157579	-0.02	0.0951095866185233	-0.183335534692886	0.854534754234615	0.881395864311908
SACI_RS09210	1328.43813827369	-2.32	0.120031281186384	-19.3175208990342	3.82588561079885e-83	5.06893750170369e-82
SACI_RS09215	86.6193490176124	2.71	0.275379399650454	9.85856682271111	6.29413487791656e-23	2.06144660040719e-22
SACI_RS09220	1730.67282607637	0.71	0.0685294882685897	10.3407222061446	4.61049718322757e-25	1.60271837725861e-24
SACI_RS09225	589.940386187345	-3.45	0.124929568468998	-27.6523954800375	2.61169774571898e-168	1.7633982279268e-166
SACI_RS09230	1722.37243933997	-2.57	0.0918820680446036	-27.939924639252	8.73918239415792e-172	6.39234778872676e-170
SACI_RS09235	565.94358630249	-2.86	0.174074518563433	-16.4081002708939	1.67360731500867e-60	1.37935100539799e-59
SACI_RS09240	1403.41819720611	-0.46	0.101140301417022	-4.55171560810126	5.32102299698376e-06	9.84824024375855e-06
SACI_RS09245	1460.72034842096	-2.62	0.179827730962655	-14.5863642998023	3.42995838491837e-48	2.17375160459357e-47
SACI_RS09250	1736.96960151265	-3.47	0.195552051314371	-17.7608262515288	1.4212687566559e-70	1.47199840844214e-69
SACI_RS12100	13.1878420124947	0.92	0.384790818102374	2.39893953491619	0.0164426295694665	0.0237376942509855
SACI_RS09255	3438.76118453655	-0.25	0.119863467953104	-2.08376640811305	0.0371814202966467	0.0519681395945567
SACI_RS09260	2717.21238010491	-1.57	0.0975898726438306	-16.1294604897218	1.58398086243918e-58	1.26107864127528e-57
SACI_RS09265	3794.45236092508	1.15	0.066416360104633	17.3663000587167	1.48497915083095e-67	1.43629801613429e-66
SACI_RS12105	51.7259787384244	2.72	0.247319705674698	11.0084172686343	3.48064470831384e-28	1.31262551781846e-27
SACI_RS09270	56.3378538453876	0.06	0.207445299429475	0.295745125501848	0.767424732669997	0.810110714493193
SACI_RS09275	7.4663391204715	0.26	0.463607713961345	0.55036790458349	0.582067057878692	0.641644408229854
SACI_RS09280	7.26711653697399	0.93	0.512157737378199	1.80694705257702	0.0707705351280645	0.095201283078404
SACI_RS11720	16.3371056041497	0.35	0.338482193867583	1.03654965232801	0.299945787866364	0.359668600136203
SACI_RS09285	297.656266654957	1.85	0.131596632448722	14.0504258102843	7.65722403258152e-45	4.46586604292254e-44
SACI_RS09290	246.406998549732	3.12	0.177821461814952	17.5375647182761	7.40326770989539e-69	7.46921635903526e-68
SACI_RS09295	3315.44110942178	2.53	0.139809743644205	18.1126017184533	2.53480504588505e-73	2.77249237261757e-72
SACI_RS09300	705.373249126029	0.00	0.108895153039895	0.0245250215377945	0.980433825414255	0.984922220609285
SACI_RS09305	610.101000201529	0.23	0.101027312836148	2.25709104721951	0.0240023861937028	0.0340494456267032
SACI_RS09310	522.458456446183	0.48	0.131220032715707	3.63432230615117	0.000278712268648286	0.000466202370283055
SACI_RS09315	425.902964285925	-0.66	0.098871194715113	-6.69244219066091	2.19476463480852e-11	5.19960771444852e-11
SACI_RS09320	161.055992877213	0.58	0.167527054269911	3.43281853912272	0.000597341740710719	0.000970058673281839
SACI_RS09325	97.1741712742466	-1.40	0.170795000542996	-8.20443147758707	2.31684613630685e-16	6.38496607894298e-16
SACI_RS12110	27.2171819097493	-2.87	0.372625951636001	-7.7112682113108	1.24573545229715e-14	3.27869353299496e-14
SACI_RS09330	867.435562739063	-1.93	0.186099548620628	-10.3733449306336	3.27843900375148e-25	1.14419476562341e-24
SACI_RS09335	2448.96441666048	0.18	0.154441454106468	1.15750823429765	0.247064777057122	0.302561713375498
SACI_RS09340	4290.80477452407	-0.66	0.163983774709104	-4.010817164166	6.05089560007293e-05	0.000105223845724894
SACI_RS09345	2629.79699528893	-0.97	0.122476157281137	-7.93693373232994	2.07240701233452e-15	5.56711631239977e-15
SACI_RS09350	1836.24652988955	-0.59	0.0924243635727861	-6.33748866307032	2.3354038806278e-10	5.25952727702642e-10
SACI_RS09355	1698.67760787593	-0.91	0.153114360668846	-5.97284916892605	2.33145437773657e-09	5.04980648996489e-09
SACI_RS09365	5264.78865507274	0.17	0.177798089355541	0.956598154074985	0.338770120903235	0.401018845074598
SACI_RS11500	9551.14353192798	-0.39	0.0465596802769965	-8.44816382338417	2.95919950817482e-17	8.37883022032402e-17
SACI_RS09380	17186.0637168068	-0.19	0.107753416665391	-1.74182747254914	0.0815386379606217	0.108276156535455
SACI_RS09385	15229.5442656186	-1.85	0.102653971386471	-18.0020432333182	1.87762470228279e-72	2.00375086009571e-71
SACI_RS09390	786.889511945778	0.38	0.0993231434247751	3.81611090514839	0.000135571587394433	0.000231288553616061
SACI_RS09395	579.438527164425	0.65	0.0946323045302628	6.81818625102117	9.21970661822481e-12	2.22171516380146e-11
SACI_RS09400	1546.09296340092	1.87	0.209069142174512	8.95431750001436	3.4184374082786e-19	1.01369372807991e-18
SACI_RS09405	994.950760859503	1.79	0.140407310059846	12.7689615013683	2.44393372289448e-37	1.19010420264667e-36
SACI_RS09410	4617.39669204934	-1.47	0.0771581565076891	-19.0248353478586	1.06220485941755e-80	1.32718906100178e-79
SACI_RS09415	1414.49185171887	-2.30	0.118270333791162	-19.4135713217005	5.92613607050082e-84	7.97190181744383e-83
SACI_RS09420	3010.00382859757	0.41	0.0710017625686906	5.79332329788719	6.90070850598799e-09	1.46483600752865e-08
SACI_RS09430	1081.21343735984	2.60	0.17229166641338	15.1084237072742	1.42508088340884e-51	9.75333134824253e-51
SACI_RS09435	661.666466514378	1.82	0.143141663985333	12.7453525908172	3.30891409979033e-37	1.59582381928075e-36
SACI_RS09440	22374.9852482744	5.04	0.243913856907395	20.6430496929879	1.12720974632493e-94	1.88458734254612e-93
SACI_RS09445	22340.6621363604	5.02	0.245997707031186	20.4210912811073	1.08610797541674e-92	1.7819276176113e-91
SACI_RS09450	6448.96283147381	1.37	0.135457278607117	10.0901886448696	6.10520764210397e-24	2.06506589898141e-23
SACI_RS09455	34294.5055931271	1.61	0.133328064634005	12.0729091330762	1.46849530864397e-33	6.39688216953966e-33
SACI_RS09460	6041.33872055422	-1.11	0.0809578666223554	-13.7224318192103	7.4523280332953e-43	4.14661231773372e-42
SACI_RS09465	2601.65363205579	-2.83	0.16571472086219	-17.0933651834758	1.66294303804626e-65	1.52842748863362e-64
SACI_RS11995	1897.28576366524	-3.15	0.17451178452446	-18.0755211002686	4.96837440773664e-73	5.38393905727263e-72
SACI_RS09475	2824.42298442563	-1.94	0.0843135964461504	-23.0663237478682	1.00881305441738e-117	2.82136287681757e-116
SACI_RS09480	437.732974787188	-2.94	0.121594137391404	-24.1474544998755	7.94084409950879e-129	2.78803036333754e-127
SACI_RS09485	1403.94283279363	-1.00	0.125107613568886	-8.02796240432722	9.91048383439568e-16	2.68692731602805e-15
SACI_RS09490	544.280317060338	-0.00	0.152683369816103	-0.00811072007486738	0.993528652626963	0.994661847554396
SACI_RS09495	7711.48060372021	-0.24	0.0818233807794365	-2.89357376684891	0.00380884811214688	0.00583967935447498
SACI_RS09500	4793.44765039609	-1.18	0.0945899344649772	-12.4978815207758	7.66671930494014e-36	3.57950152654852e-35
SACI_RS09505	2020.6842614221	-1.92	0.156620109067173	-12.267658614839	1.35103862808458e-34	6.09703936144595e-34
SACI_RS09510	1267.29070054149	-2.49	0.159330187315635	-15.6579862655331	2.93029394918001e-55	2.17051942100655e-54
SACI_RS09515	451.935886615758	-2.88	0.17584268637419	-16.3944293577799	2.09599645447454e-60	1.72342940319909e-59
SACI_RS09520	1188.60190247638	1.20	0.0955195915831299	12.602265587306	2.05165347203644e-36	9.72112731487169e-36
SACI_RS12000	377.244674488265	2.02	0.142974597209518	14.1172576134266	2.9733889895326e-45	1.76046690425783e-44
SACI_RS09525	5686.51487249866	-0.40	0.121311995147825	-3.29967251554831	0.000967977123693885	0.00154620913616435
SACI_RS09530	345.837619547991	0.42	0.118175096412594	3.55072694514055	0.000384168762931993	0.000633842352751047
SACI_RS09535	3240.97708738744	-1.23	0.0858374159654871	-14.34489651359	1.14671200054651e-46	7.05097343943745e-46
SACI_RS09540	5.89436405230154	2.62	0.736658372227424	3.55863903837604	0.000372781435947872	0.000615922645464931
SACI_RS09545	1955.82740414557	-0.59	0.123303625489485	-4.81876132148779	1.44452234938836e-06	2.74443613025028e-06
SACI_RS09550	1765.92570778695	-0.60	0.0904164963798569	-6.61352025821765	3.7528661357786e-11	8.8135872927884e-11
SACI_RS09555	299.622849250681	-0.75	0.128936250024979	-5.83441916159214	5.39782698184621e-09	1.15068430681615e-08
SACI_RS09560	220.602201725262	-1.02	0.120083614757949	-8.50572696087611	1.8046121507857e-17	5.13868066618701e-17
SACI_RS09565	421.553979188496	-0.06	0.112291133504446	-0.552689857913965	0.580475799363962	0.640292344193173
SACI_RS09570	2414.57589379805	-0.06	0.113285675744398	-0.498733576577165	0.617967087151627	0.674179910047625
SACI_RS09575	10121.4500845804	4.84	0.179108610485123	27.0442879078299	4.45851598875588e-161	2.84615447936762e-159
SACI_RS09580	9907.57260044526	4.96	0.143113847574256	34.6915423295108	1.05676081604808e-263	6.183812041908e-261
SACI_RS09585	705.825254415556	-0.91	0.186142321367826	-4.89453093785672	9.85404747183075e-07	1.89264555107209e-06
SACI_RS09590	1383.52591244342	1.60	0.114509930888434	14.0065322429859	1.42179802981182e-44	8.21041592544295e-44
SACI_RS09595	1828.63631080413	1.89	0.0952837470137583	19.8014664941569	2.89152416479076e-87	4.19509972833899e-86
SACI_RS09600	3765.92039151226	1.82	0.111522592213009	16.2841526945169	1.27888171035293e-59	1.04179899885131e-58
SACI_RS09605	2519.43881376886	3.21	0.121403191513886	26.4797816424905	1.65713870979375e-154	9.53805575423913e-153
SACI_RS09610	1153.59828617144	4.48	0.182341547065452	24.5602402734124	3.36203010874367e-133	1.25575401189351e-131
SACI_RS12115	18.0759205809679	2.30	0.339298107645926	6.78737697198067	1.14190560489145e-11	2.73854547730457e-11
SACI_RS09615	9078.67472973226	2.05	0.0960798133880117	21.3395894128976	4.87205991675018e-101	9.5032235376166e-100
SACI_RS09620	7187.43325269679	-0.52	0.0882980056776934	-5.88250854864278	4.04094459316766e-09	8.66692514759416e-09
SACI_RS12120	701.0097628165	-0.12	0.190197355812758	-0.607800949679622	0.543319499359113	0.604434335313639
SACI_RS09625	60.6841724766646	1.15	0.220089260690717	5.21032699259878	1.88508093152772e-07	3.75838679761149e-07
SACI_RS09630	1925.12841867713	3.47	0.142987564103873	24.2586358786747	5.36072156832328e-130	1.9011609521599e-128
SACI_RS09635	98.5000368085108	-2.60	0.224400101303204	-11.5879515088332	4.74341464987707e-31	1.96161705956636e-30
SACI_RS09640	736.935940427398	0.50	0.136780726907085	3.63749397128413	0.000275303634117945	0.000460720238030556
SACI_RS09645	10.7653286911652	0.27	0.415895818521173	0.638885016181579	0.52289773625868	0.5839357353703
SACI_RS12285	7.40916089224045	-0.34	0.464628775347324	-0.737725436906875	0.460681311448645	0.522770550903747
SACI_RS12290	5.33881683604525	-1.56	0.589003744751207	-2.65603456357655	0.00790655102034255	0.0117527098359114
SACI_RS12295	24.6363875614492	0.24	0.290652251529943	0.817038710310933	0.413906306450702	0.478034553272505
SACI_RS09655	5965.65631181649	-2.33	0.111375056360566	-20.9159360449604	3.83430453177574e-97	6.86849143421664e-96
SACI_RS09660	2850.0782364253	-3.44	0.15435486020892	-22.2766224423347	6.22810604126893e-110	1.50806071109622e-108
SACI_RS09665	2973.52984717521	-4.27	0.176802483345709	-24.1334444024341	1.11429611478407e-128	3.87355807822464e-127
SACI_RS09670	516.816900188727	-4.77	0.186806194548748	-25.5411195996971	6.89123322811788e-144	3.36043331443359e-142
SACI_RS09675	179.83419043126	0.18	0.153950664058756	1.19174854462364	0.233359857180423	0.287356161903182
SACI_RS09680	431.45167351691	-0.13	0.107589681595372	-1.18515877341557	0.235954676722629	0.290068932063428
SACI_RS09685	117.693756478714	-0.50	0.12922489656313	-3.88717856103016	0.000101416152436847	0.000174118391787662
SACI_RS09695	3107.48719365439	2.09	0.0876929848454686	23.8743907532607	5.65256982993487e-126	1.8376085808242e-124
SACI_RS09700	2681.11309835756	2.00	0.0929196919734725	21.5188014055736	1.03811452752979e-102	2.09472419894085e-101
SACI_RS12005	500.29160905432	-0.49	0.131017011468405	-3.75066884967486	0.000176363494441827	0.000298847600861609
SACI_RS09715	5602.33301840148	-0.50	0.148852308474731	-3.3617497144137	0.000774502907435981	0.00124737601284758
SACI_RS11955	9.60102421885816	0.79	0.447194554849429	1.76992532078577	0.0767395820873472	0.102406945157231
SACI_RS09740	444.70787296925	-1.17	0.115659406850626	-10.1271047625173	4.18868315260903e-24	1.42228883450777e-23
sixA	3637.05922213945	0.03	0.069952155705169	0.42731260701129	0.669151651540832	0.721557570196518
SACI_RS09750	2231.18358272355	-0.38	0.11192978556702	-3.41871683395032	0.000629171652880842	0.00102014937745181
SACI_RS09760	323.20206371971	-2.36	0.148733082668086	-15.8351397905658	1.78063001724746e-56	1.35908521533823e-55
SACI_RS09765	232.323058050811	-2.75	0.157230451491494	-17.4660361861648	2.59938572696331e-68	2.58539469897115e-67
SACI_RS09770	695.055809625493	-0.19	0.104316936603347	-1.79245197273503	0.0730605958887166	0.0978320946473242
SACI_RS09775	2162.3670419685	-1.40	0.113060088390553	-12.410710886158	2.28613907640797e-35	1.04786348528308e-34
SACI_RS09780	1658.19120884716	-2.10	0.227250824230892	-9.25635208945565	2.11535907085543e-20	6.46953457994199e-20
SACI_RS09785	1353.06898365785	1.68	0.194892170462822	8.63825825080601	5.70764821836632e-18	1.64124102331565e-17
SACI_RS09790	2099.87328588534	3.03	0.0932251560123991	32.5058978162713	8.80120006898409e-232	1.9313133401377e-229
SACI_RS09795	12610.1950420328	-0.97	0.0965844590115159	-10.0741915101204	7.18492556690753e-24	2.42327316670628e-23
SACI_RS09800	727.193716755806	-1.25	0.114943011076907	-10.9096605992988	1.03642567758414e-27	3.84660735094918e-27
SACI_RS09805	3086.31377045977	-2.51	0.225725750215594	-11.1089430359099	1.13494919079091e-28	4.36930549217861e-28
SACI_RS09810	697.362519012365	1.31	0.157534429946275	8.29163605881116	1.11701261984992e-16	3.11503678180546e-16
SACI_RS09815	622.574420889317	1.10	0.150532713441924	7.28108050679903	3.3115697399992e-13	8.35867818629562e-13
SACI_RS09820	3155.92766999495	-1.45	0.119264881789087	-12.1559006153245	5.33703690782387e-34	2.348162479119e-33
SACI_RS09825	6026.00686940979	-2.39	0.16086836237163	-14.8479776460752	7.1699159967493e-50	4.67042208990478e-49
SACI_RS09835	2072.05522897658	-3.63	0.19399207921233	-18.6929408410379	5.65104032286177e-78	6.61360085785589e-77
SACI_RS09840	4734.42112703453	-2.67	0.108161840628607	-24.7266242528927	5.53290625825932e-135	2.13472899700533e-133
SACI_RS09845	41343.4659590064	-5.59	0.21333964059048	-26.1976094022448	2.8294109442604e-151	1.50516088262095e-149
SACI_RS09850	28850.1654467588	-6.28	0.250003756659537	-25.1254048867556	2.62503410210042e-139	1.13783885586106e-137
SACI_RS09855	4595.00009253886	-6.33	0.318698228103036	-19.8515231159175	1.06910767778082e-87	1.55752574966326e-86
SACI_RS09860	47690.6787692932	-6.08	0.243544519258361	-24.9457661167657	2.37367203730139e-137	9.80466179172372e-136
SACI_RS09865	766.328703093681	-1.23	0.126692606327538	-9.67766177420599	3.75198661742399e-22	1.19974726901417e-21
SACI_RS09870	126545.079751633	-2.88	0.193126119584044	-14.931881847536	2.04414788097071e-50	1.34652968294337e-49
SACI_RS09875	62587.5695686255	-3.55	0.210300538528367	-16.8682893441672	7.6993992955136e-64	6.82641185013845e-63
SACI_RS09880	229.533253163427	0.65	0.147136810194257	4.40030725736643	1.08097706557821e-05	1.97364039378321e-05
SACI_RS09885	209.845445714494	0.49	0.123567866874925	3.94219541063364	8.07391515887221e-05	0.000139574180811425
SACI_RS09890	73.8662250107972	0.46	0.188023300833207	2.43723813715067	0.0147999292317819	0.0214632596170122
SACI_RS09895	609.176310739241	0.60	0.118793935188487	5.0128477882276	5.36303204292134e-07	1.04261381521023e-06
SACI_RS09900	61.3709753619219	0.59	0.197625369517448	2.99621062982234	0.00273357545117857	0.00421871798201668
SACI_RS09905	158.479960163929	0.71	0.14644026889185	4.85744572469919	1.18909716954784e-06	2.2714473135378e-06
csx7	521.865077177546	1.38	0.100165362952414	13.737169834886	6.08066531462617e-43	3.38876443169087e-42
SACI_RS09920	909.891832225832	-0.35	0.111871079368936	-3.09916048060986	0.00194069868540532	0.00303374580786201
SACI_RS09925	4.0016776811848	0.59	0.689306159866455	0.853681230865534	0.393281636470014	0.457525455813857
SACI_RS09930	63.9082898545831	0.81	0.218410620499881	3.71318451163504	0.000204667558488607	0.000344646425829017
SACI_RS09935	967.887367084971	-0.35	0.104838176293913	-3.37040842850541	0.000750568471335826	0.00121049421353242
SACI_RS09940	1355.53902690939	-0.41	0.11709603909568	-3.51049771958778	0.000447268644324547	0.00073449963060032
SACI_RS09945	539.597915543121	-0.26	0.118541419841119	-2.20958246799162	0.0271341531710137	0.0383063979828826
SACI_RS09950	288.774337611754	-5.61	0.427875738811758	-13.1224485165393	2.44892730148968e-39	1.24792217061397e-38
SACI_RS09955	236.186470242782	-3.69	0.24061970938943	-15.3491935004081	3.58616967174935e-53	2.55396383722352e-52
SACI_RS09960	73.6700598016679	-3.87	0.266394516564814	-14.5262301709841	8.26451810671624e-48	5.20012958291769e-47
SACI_RS09965	616.690286764065	-0.49	0.144890700023267	-3.39298361781761	0.000691357727771354	0.00111859768765218
SACI_RS09970	4152.16440890569	-0.17	0.0920422779655165	-1.8414582829332	0.065554428568662	0.0884556490025259
SACI_RS09975	10538.7167582309	1.46	0.11751432239112	12.4283960687119	1.83274756874701e-35	8.43352125015824e-35
SACI_RS09980	5479.08887554722	0.45	0.118928769502286	3.74371326672915	0.000181320562461495	0.000306803130025209
SACI_RS09985	12.0660014946316	-2.30	0.476903896222378	-4.81307808101733	1.48623186786241e-06	2.82215256250131e-06
SACI_RS09990	251.51078125222	0.44	0.169026642889096	2.63126664565139	0.00850672640424601	0.0125862268880353
SACI_RS09995	178.95804277573	0.30	0.159939469697645	1.87378519840382	0.060960037322141	0.082669251076878
SACI_RS10000	507.187566872771	1.08	0.191119917237766	5.66157281052517	1.49991839774942e-08	3.14213215662186e-08
SACI_RS10005	190.632703297919	0.69	0.180032004466573	3.82594222248673	0.000130272844334022	0.000222573214820803
SACI_RS10010	72.7599492718116	-0.71	0.25729507116984	-2.76850696019903	0.00563137827872398	0.0085003306692175
SACI_RS11900	7.8170113433821	-1.88	0.614675989137443	-3.06326949398969	0.00218932798880112	0.0034072387272521
SACI_RS10015	156.118562176861	0.03	0.161275651229711	0.203388797722191	0.838831154950744	0.869907884618982
SACI_RS10020	503.649329113714	-0.80	0.144420512254921	-5.52010661536055	3.38794041118152e-08	6.99709340215195e-08
SACI_RS10025	1918.8251337961	-1.12	0.16125020359687	-6.95031678808364	3.64466849516391e-12	8.94229985081795e-12
SACI_RS10030	2803.92228412425	-0.61	0.173621777820451	-3.52344560227636	0.000425974528439334	0.00070149932896365
SACI_RS10035	197.157539719635	-2.32	0.210278267956033	-11.0311025725923	2.70527864689914e-28	1.02462063961843e-27
SACI_RS11960	286.959570144913	0.32	0.244374057029168	1.31290457825496	0.189215103987478	0.237686665509851
SACI_RS10040	8123.89416661185	0.20	0.0719929955609585	2.81047973079262	0.00494677046897474	0.00750891098857341
SACI_RS10045	768.719590425527	2.50	0.175998074488689	14.2098952831858	7.9544364171252e-46	4.79039901552772e-45
SACI_RS10050	1238.54669310313	2.42	0.220666650408209	10.9463335750671	6.91919182016288e-28	2.57848756621402e-27
SACI_RS10055	1016.1626643396	2.06	0.172094509643469	11.9535369878199	6.22196718706295e-33	2.66406424314366e-32
SACI_RS10060	2426.374087147	0.92	0.118245521160823	7.75758591570867	8.65612369093673e-15	2.28508648713375e-14
SACI_RS10065	4625.18008069822	-0.54	0.117769747042365	-4.61226407071372	3.98306522340361e-06	7.43068118988846e-06
SACI_RS10070	6391.87899833705	1.71	0.132428796896429	12.891809992882	5.00550620757075e-38	2.48225032412159e-37
SACI_RS10075	5168.96877310342	0.50	0.0815652327403328	6.11308158884995	9.7725374789202e-10	2.1471451244361e-09
SACI_RS11755	1368.57348489966	0.24	0.154170290984591	1.56597132084043	0.117355331349417	0.151594763932231
SACI_RS10080	33381.4755553138	0.56	0.112540176400977	4.95060799615243	7.39819889269655e-07	1.42641824888839e-06
SACI_RS10085	35127.6578295335	0.92	0.108720216232179	8.43191364203879	3.40057900354373e-17	9.6208161816616e-17
SACI_RS10090	23281.4490143116	1.24	0.108628416115034	11.4155170043894	3.49817633855147e-30	1.4101144804425e-29
SACI_RS10095	15904.2084246167	2.18	0.112962894722673	19.2798836989006	7.92544923733088e-83	1.04609970948379e-81
SACI_RS10100	4157.74468894274	1.49	0.124833715590021	11.9161006562189	9.75691361302383e-33	4.16239656079303e-32
SACI_RS10105	2410.26686873928	1.00	0.149540469464603	6.71943054250416	1.82436120126728e-11	4.34259808654198e-11
SACI_RS10110	837.952750451149	1.98	0.132168470712884	14.9918301351991	8.30333084740797e-51	5.54239441164437e-50
SACI_RS10115	347.666873839092	1.34	0.124063056362544	10.8261574844271	2.58788457808485e-27	9.49431844687137e-27
SACI_RS10120	316.453803343208	0.09	0.112914810564495	0.792071184239231	0.428319170984435	0.49176867538468
SACI_RS11760	1887.86164227319	-1.93	0.138952432774165	-13.9209947533257	4.72284786905205e-44	2.67882372669495e-43
SACI_RS10135	564.139008060477	-0.21	0.11592089894748	-1.77161636447939	0.0764582613589213	0.10210915010695
SACI_RS10140	756.154157564557	-2.11	0.10140533644866	-20.835438544819	2.06614007216647e-96	3.62710889668823e-95
SACI_RS10145	6875.19679644522	-2.91	0.166579347352305	-17.4604549652139	2.86640584477605e-68	2.83491575239682e-67
SACI_RS10150	188.545242667312	-0.44	0.12599043828852	-3.49169475008875	0.000479966422988101	0.000785257274515947
SACI_RS10155	289.988738226964	-1.19	0.132266387595372	-9.00211664966899	2.21407136523508e-19	6.58222232289617e-19
SACI_RS10160	1103.30211364198	-1.88	0.152186279148215	-12.3531646944687	4.68322336123256e-35	2.12989601312015e-34
SACI_RS10165	178.891980534764	-1.64	0.160734134435155	-10.2000592192692	1.98151645120513e-24	6.76761114803619e-24
SACI_RS10170	90.0864211815707	-1.09	0.18426068856735	-5.91041683026472	3.41243113813054e-09	7.32785671313537e-09
SACI_RS10175	420.910516413329	-1.48	0.08639781976863	-17.1570517121237	5.56688148897108e-66	5.15707675666951e-65
SACI_RS10180	147.693305236382	-0.20	0.131086553880348	-1.50483260826515	0.132367117984733	0.16961348585562
SACI_RS10185	85.1615355371039	1.00	0.184008296647338	5.44287666464686	5.24269476595567e-08	1.07455349231e-07
SACI_RS10190	111.44288917369	1.61	0.1656066178626	9.71189390514975	2.68304674911456e-22	8.60290149419288e-22
nrfD	438.285807365991	-2.38	0.146200170206779	-16.2987869334884	1.00670350703084e-59	8.21985119345415e-59
SACI_RS10200	18222.2233459621	2.20	0.0959226987893294	22.9504766560412	1.45741127251138e-116	3.96664416882748e-115
SACI_RS10205	33194.6220890312	3.05	0.152930959451328	19.9134830847166	3.109274556984e-88	4.54860957065451e-87
SACI_RS10210	6141.27379609238	2.72	0.146887241229745	18.4986182173598	2.11835632846727e-76	2.40697380881831e-75
SACI_RS10215	66.6087410465285	-1.30	0.201344900939199	-6.43941077702508	1.1993819509297e-10	2.74513039746688e-10
SACI_RS10220	1817.14977699169	1.16	0.0796996358869059	14.5604222756711	5.01470784086971e-48	3.17236742870154e-47
SACI_RS10225	391.513168320332	-2.18	0.190438496693659	-11.431059491349	2.92517695946208e-30	1.18185227901857e-29
SACI_RS10230	3303.33082153863	-3.19	0.198924189525032	-16.0194689137504	9.34449689621543e-58	7.30702196049273e-57
SACI_RS10235	17343.3102493021	-0.36	0.0953097166513257	-3.73129311255864	0.00019049941981341	0.000321714027400136
SACI_RS10240	3006.01004336523	-1.00	0.126817857407936	-7.89354402100942	2.93723895724094e-15	7.8482846110144e-15
SACI_RS10245	2260.92782181921	1.42	0.163586427887106	8.67772942146193	4.03748193842335e-18	1.16575650376681e-17
SACI_RS10250	6704.72262007149	-0.68	0.0806471761937503	-8.39169503532869	4.79182579148408e-17	1.34916602677631e-16
SACI_RS10255	675.023259698627	-5.54	0.234437594232263	-23.621865580556	2.29779820576522e-123	7.13944203578909e-122
SACI_RS10260	3215.56706542162	-3.66	0.172965452577832	-21.1863688044054	1.27563962649413e-99	2.40794125194671e-98
SACI_RS10265	6345.13262304627	-0.43	0.130688816838846	-3.29511869866032	0.000983801148141515	0.00157005719596584
SACI_RS10270	153.429026678295	-2.33	0.182100771586378	-12.8054291031063	1.52878385401165e-37	7.4653130896174e-37
SACI_RS10275	50.3185846273615	-1.84	0.207386904891925	-8.88260323112838	6.53135884380185e-19	1.91575613204581e-18
SACI_RS10280	3581.89444271351	-0.41	0.0838162484119659	-4.94832887349981	7.4853358460708e-07	1.4424266825222e-06
SACI_RS10285	424.915878835373	-1.34	0.115958483767286	-11.5481309768772	7.54432398266507e-31	3.09079597469511e-30
SACI_RS10290	1517.46678111262	-1.48	0.116475152188633	-12.6768499337577	7.94615970948298e-37	3.78034779674725e-36
SACI_RS10295	652.556627785888	-1.53	0.0939981767984569	-16.2811599646562	1.34298944958124e-59	1.09148980497216e-58
SACI_RS10300	2319.95106119578	-0.72	0.0768435405503233	-9.42218808899824	4.41783973274102e-21	1.3750917820615e-20
SACI_RS10305	4144.00508982843	-0.89	0.0957048278732254	-9.28500195856022	1.61704202059843e-20	4.97584095908946e-20
SACI_RS10310	3012.86529766439	-1.91	0.119210973080458	-16.0142402133086	1.01640693689758e-57	7.93023278988315e-57
SACI_RS10315	362.537528506921	-2.62	0.123856552406375	-21.1328074292335	3.9721379717382e-99	7.37892932210202e-98
SACI_RS10325	14544.8583116837	1.93	0.119270246800081	16.1860725841023	6.32382299669865e-59	5.069164963792e-58
SACI_RS10330	475.875648412436	-1.64	0.171710627474342	-9.53990544500542	1.42962602305445e-21	4.50980859563718e-21
SACI_RS10335	2245.98996812478	-2.71	0.107702849367157	-25.2067247638591	3.38027299044597e-140	1.52155621403279e-138
SACI_RS10340	752.179724996372	-1.17	0.133740211594615	-8.75648618164141	2.01431414445498e-18	5.83038496387586e-18
SACI_RS10345	397.447006491273	-4.71	0.362113492844767	-13.0044914331052	1.15363815531835e-38	5.8028990878549e-38
SACI_RS10350	1544.73168826068	-1.40	0.123858883580454	-11.287640189598	1.51037385415033e-29	5.97849222313619e-29
SACI_RS10355	1424.30144079602	-0.81	0.15774673509549	-5.13537893904173	2.81576087787584e-07	5.55089075924879e-07
SACI_RS10360	519.004061896251	-1.17	0.20157974520761	-5.79402157013788	6.87206264967729e-09	1.45963774730895e-08
SACI_RS10365	2316.28096646624	-0.67	0.0843691454020158	-7.92431753359856	2.2940273284091e-15	6.15304045075961e-15
SACI_RS10370	242.82199596301	-0.26	0.155437356044636	-1.65114482091133	0.0987090070803109	0.129461084743732
SACI_RS10375	148.597330017437	0.73	0.151236678552239	4.84005306879062	1.29804461347953e-06	2.47686665104708e-06
SACI_RS10380	100.416888967109	0.02	0.15279184925031	0.126896695363484	0.899022162215758	0.91677804575647
SACI_RS10390	3672.46088497469	-2.37	0.151306554900605	-15.6943340517436	1.65368950355367e-55	1.237975233897e-54
SACI_RS10395	1786.59451818049	-0.95	0.1434649076184	-6.62972531194206	3.36312123279042e-11	7.90885374971678e-11
SACI_RS10400	2702.0236866888	-0.22	0.0628475156042836	-3.54015320970143	0.000399894808499757	0.000658860005932729
SACI_RS10405	305.784910383102	-3.88	0.178123716763604	-21.7631768672958	5.18303104707008e-105	1.14450452869579e-103
SACI_RS10410	9471.42574470986	-2.28	0.0955439552440931	-23.8936766348921	3.56327818137325e-126	1.16922146680388e-124
SACI_RS10415	7696.65638412592	0.17	0.0654744091524055	2.52720354206779	0.0114974846754852	0.0168128565995954
SACI_RS10420	10299.188796695	-1.17	0.118491327381915	-9.90189481032161	4.08461690939977e-23	1.34784680158859e-22
SACI_RS10425	1853.06988917073	-2.47	0.111287220965175	-22.1897395141268	4.31485279922573e-109	1.01674148846185e-107
SACI_RS10430	23.364361834452	-0.11	0.4326839026444	-0.245416002096417	0.806134339926032	0.843366408665167
SACI_RS10435	680.719987025163	-2.10	0.137985831241518	-15.2082481252922	3.11775205467125e-52	2.15905867139068e-51
SACI_RS10440	780.889504361216	-0.20	0.0962421696015405	-2.07128812795572	0.0383318780760964	0.0534272425268656
SACI_RS10445	9191.86437404051	1.78	0.108876141225581	16.3150101965713	7.71933021393597e-60	6.31761500725622e-59
SACI_RS10450	212.218862935945	-1.41	0.115718873529797	-12.172967875917	4.33045384322663e-34	1.91488960246457e-33
SACI_RS10455	888.478663153221	-2.12	0.132702599639148	-15.9799290702507	1.76346469532806e-57	1.37284357988843e-56
SACI_RS10460	1047.79182376561	-3.37	0.110892053977283	-30.3531206857433	2.28518717568421e-202	2.76665247373354e-200
SACI_RS10465	683.023376846355	-2.38	0.113881845577395	-20.9419961426869	2.2196235768859e-97	3.99646070689558e-96
SACI_RS10470	910.039727389134	-2.25	0.114714733030619	-19.6255246939619	9.36057025857044e-86	1.31459848711363e-84
SACI_RS10475	78.0998906917348	0.93	0.274136645613979	3.39546489324321	0.000685121595329083	0.00110901886639023
SACI_RS10480	5530.0059167113	-0.16	0.169716779545891	-0.937672058064278	0.348412967618148	0.410633745991043
SACI_RS10485	1649.20171047184	-4.13	0.220264385499832	-18.7340691316904	2.61169587986963e-78	3.09785953858861e-77
SACI_RS10490	5785.72225257617	2.12	0.146027699087224	14.5013808224795	1.18737047583051e-47	7.41789633566001e-47
SACI_RS10495	1034.87719180329	-1.55	0.144853576778144	-10.6788774174391	1.27807792662962e-26	4.59767582007848e-26
SACI_RS10500	22504.4958219619	1.93	0.102039926491807	18.8944633565491	1.26669041691757e-79	1.5495993218807e-78
SACI_RS10505	441.290966270312	-1.82	0.142015298526417	-12.842463611668	9.48086231270688e-38	4.66862658904822e-37
SACI_RS12300	520.972177697323	-0.46	0.125781366672212	-3.68597919440735	0.000227824964084562	0.000382907347487265
SACI_RS12305	1462.1440050746	0.63	0.0855461940228469	7.31407625613964	2.59157948597723e-13	6.55550113491791e-13
SACI_RS10515	740.33416705838	3.88	0.491011139506251	7.90756394616748	2.62474319086169e-15	7.02934656225429e-15
SACI_RS10520	3384.91417530733	-1.37	0.10031267658179	-13.6829626446718	1.28354531784766e-42	7.05246887474671e-42
SACI_RS10525	3894.86835128675	-1.86	0.0950630009644641	-19.5237579145069	6.89737880773763e-85	9.38631666432823e-84
SACI_RS10535	773.087443902396	-0.85	0.0944711354617966	-9.03033805055156	1.71142283029376e-19	5.10518738926202e-19
SACI_RS10540	283.559805341865	-1.59	0.138904455510132	-11.4686511494438	1.89591401086997e-30	7.69543825683754e-30
SACI_RS10545	895.639554123042	-1.76	0.114785275289588	-15.3481096552291	3.6465819579647e-53	2.59173061830244e-52
SACI_RS10550	634.043493002674	-0.54	0.106403099072157	-5.07356560174062	3.9042978768833e-07	7.62402104879715e-07
SACI_RS10555	1283.42080269436	-0.10	0.130034161462305	-0.772250582400392	0.439966028033693	0.502838777482519
SACI_RS10560	1544.56590801174	-1.01	0.138753453009202	-7.2707668367595	3.57452466020046e-13	9.01591672554873e-13
SACI_RS10565	6189.95656615534	1.32	0.0816276223396298	16.1605213367559	9.57484960545255e-59	7.6576986252264e-58
SACI_RS10570	568.783293866631	-0.03	0.095604472245843	-0.354252396512856	0.723149739491553	0.770087575175869
SACI_RS10575	3217.80770342939	-3.24	0.151304694453265	-21.4056501464141	1.18358547417476e-101	2.3611185226293e-100
SACI_RS10580	7873.40263340326	2.30	0.153973897780411	14.9279265307949	2.16906482594294e-50	1.42613981346173e-49
SACI_RS10585	68345.6700601353	2.52	0.106562542669028	23.6432733779306	1.38420706440044e-123	4.33924196706246e-122
aceA	47294.1933370249	1.74	0.183269344059591	9.46784737357533	2.85669856602308e-21	8.96324277507331e-21
SACI_RS10595	334.929704712871	0.45	0.0969474484760697	4.61127784313961	4.00201204518673e-06	7.46206282031365e-06
SACI_RS10600	290.207657276998	0.95	0.167396807029361	5.6786036745943	1.35798715850956e-08	2.84990610491755e-08
SACI_RS10605	1073.28597253851	-2.44	0.180515616164266	-13.5243498040232	1.12332434831965e-41	6.02136150679435e-41
SACI_RS10610	975.275834771017	-0.50	0.0833956315808767	-6.0392698227063	1.54813180055689e-09	3.37817946038238e-09
SACI_RS10615	1787.45664917782	-1.21	0.0975045487431183	-12.4308885572442	1.77648641880703e-35	8.19611539609917e-35
SACI_RS10620	14602.5875540023	-2.17	0.12773765985621	-17.0055750798288	7.46688577314862e-65	6.75676184266103e-64
SACI_RS10625	75700.022069149	-1.99	0.120263303847291	-16.5774535762644	1.01436814523335e-61	8.60252791766737e-61
SACI_RS10630	1514.10624655837	-0.05	0.128035954298714	-0.367108106320418	0.713538380851278	0.760544400476271
SACI_RS10635	785.297516728673	-5.45	0.179075109139643	-30.4393626568097	1.65660459568327e-203	2.07726383408713e-201
SACI_RS10640	2371.35253569139	-5.72	0.20009438096782	-28.5762353614071	1.32648193465319e-179	1.16431951814184e-177
SACI_RS10645	1238.74057047855	-5.34	0.254709846262924	-20.9715509396442	1.19310662009632e-97	2.15927698100937e-96
sat	1998.66738381777	-5.15	0.230047919311511	-22.3880076297732	5.1510493271941e-111	1.28264781473606e-109
SACI_RS10655	511.06297543538	-4.09	0.185735136149749	-22.0428328588524	1.11911507001497e-107	2.56811307896898e-106
SACI_RS10660	4233.51826619442	-1.80	0.14507178616892	-12.4081644982367	2.360010951252e-35	1.07750304939477e-34
SACI_RS10665	501.129722901729	-1.85	0.137775105411943	-13.4367440519011	3.68287972532233e-41	1.94737811982029e-40
SACI_RS10670	488.132105314106	-3.72	0.16453327177412	-22.5831067238264	6.35229453857841e-113	1.65206712036658e-111
SACI_RS10675	2003.37672091066	-5.61	0.333204049804582	-16.8304099171853	1.46087195610353e-63	1.27908265283778e-62
SACI_RS10680	2642.80241540917	-3.90	0.180440599461141	-21.639308395825	7.66441827717823e-104	1.64083979092517e-102
SACI_RS10685	1106.0425265236	-4.46	0.208900794460946	-21.346847212853	4.17149066121143e-101	8.22814815253558e-100
SACI_RS10690	756.204872605257	-4.26	0.19621154327789	-21.7154643152797	1.46554761115239e-104	3.19598612593543e-103
SACI_RS10695	1541.10589759077	-4.18	0.180545918557606	-23.1283380973993	2.40204064023997e-118	6.91275794088732e-117
SACI_RS10700	723.95995855787	-3.13	0.159450162112551	-19.6048432492524	1.40584762364916e-85	1.96650637714431e-84
SACI_RS10705	874.991115636885	-5.39	0.216002957329663	-24.9659831452341	1.43203567494358e-137	5.98556816038919e-136
SACI_RS10710	8774.37390361923	-6.57	0.321828388341214	-20.4159260047651	1.20721934394797e-92	1.9714172635355e-91
SACI_RS10715	112.883555466969	-5.14	0.304302608037912	-16.8954410480295	4.86065725076998e-64	4.32044749555782e-63
SACI_RS10720	2853.07366779498	-3.05	0.137894951891462	-22.1055460440233	2.79533272342405e-108	6.45685078417227e-107
SACI_RS10725	6431.82949774844	-3.34	0.185380689522747	-18.0134788315398	1.5272165375853e-72	1.63477355593353e-71
SACI_RS10730	11798.2157016714	-3.96	0.15996260069389	-24.7613101223817	2.34210466795194e-135	9.1368105435325e-134
SACI_RS10735	1434.22058997689	-3.51	0.166667008680826	-21.0522606662507	2.18028693582071e-98	3.98697262065964e-97
SACI_RS10740	1177.84420753	-4.82	0.17282105480727	-27.8624094402104	7.61992995382508e-171	5.35071481357597e-169
SACI_RS10745	973.211531543029	-5.02	0.232509940793486	-21.5776013176333	2.9160843105977e-103	6.13076168533444e-102
SACI_RS10750	5422.48239275672	-4.83	0.169821946921539	-28.4153420207958	1.30705319401953e-177	1.09263422957204e-175
SACI_RS10755	7855.80575909792	-4.97	0.174053623909351	-28.5724929936994	1.47638525355282e-179	1.2642899085912e-177
SACI_RS10760	10171.0944444624	-2.79	0.13139525725086	-21.2042670373225	8.72186727625208e-100	1.66426500037614e-98
SACI_RS10765	1572.33947832308	-1.83	0.120578093978175	-15.1809632036569	4.72787736168746e-52	3.26121363789482e-51
SACI_RS10770	1977.49301511074	-2.71	0.187711692411952	-14.414103254614	4.21883096573722e-47	2.60780202829285e-46
SACI_RS10775	7159.38157155494	-2.38	0.177326512758524	-13.4255331823244	4.28489226103044e-41	2.25889740667836e-40
SACI_RS10780	9749.11681242581	-4.14	0.182286437957707	-22.7190810546255	2.90215631561585e-114	7.6612562587423e-113
SACI_RS10785	8514.9726968527	-4.12	0.192522084924584	-21.3908954165137	1.6241111048712e-101	3.22161247977558e-100
SACI_RS10790	20054.5630171483	-4.05	0.184123219100859	-22.0077185043806	2.42912075872373e-107	5.5380798596617e-106
SACI_RS10795	21788.0059500729	-3.94	0.184676867924051	-21.3303077249819	5.9415754064265e-101	1.1525343233129e-99
SACI_RS10800	2269.57412337594	-5.28	0.215621185334574	-24.4662123725088	3.38282195296477e-132	1.25021977651151e-130
SACI_RS10805	4268.6263703712	-5.39	0.178259980806317	-30.2190884438225	1.32977291813072e-200	1.5060750695345e-198
SACI_RS10810	342.707924631546	-2.35	0.126091450407872	-18.6720235069167	8.3623599292157e-78	9.75423445563998e-77
SACI_RS10815	5714.7403923263	-0.11	0.0931823994333287	-1.18266254347393	0.236942914542693	0.291079976542826
SACI_RS10820	986.331419150408	-1.67	0.117475499775742	-14.2097177128325	7.97463140486166e-46	4.79433747645022e-45
SACI_RS10825	919.89317351903	1.52	0.135245258360573	11.2125622380265	3.53800780230951e-29	1.38329013295197e-28
SACI_RS10830	403.238166773406	-1.22	0.126733694156696	-9.63710073590566	5.57400206172429e-22	1.77428116398132e-21
SACI_RS10835	5602.31023615257	0.88	0.0989703289181174	8.88074215046038	6.64157451399473e-19	1.94645810673084e-18
SACI_RS10840	3664.52990842157	0.51	0.164154367462189	3.11785719329618	0.00182171049844136	0.00285664384101278
SACI_RS10845	1647.31503747983	-2.60	0.125248592558819	-20.7566889882665	1.06667605033397e-95	1.81800952073911e-94
SACI_RS10850	12006.8769911988	0.07	0.106787145057215	0.685725406983253	0.492886282060589	0.554299723355133
SACI_RS10855	1944.2586522723	0.78	0.0861279572272253	9.07542741895239	1.13232199088825e-19	3.40375214898002e-19
SACI_RS10860	2797.56766164262	-0.78	0.125215759418535	-6.21418445247982	5.15918965424473e-10	1.14863125403001e-09
SACI_RS10865	5731.07590296014	0.16	0.0918543019212416	1.73220407327453	0.0832372340681477	0.110281482571044
SACI_RS10870	575.698069682262	-0.30	0.112786429969504	-2.640593032766	0.0082761066816216	0.0122656861794738
SACI_RS10875	4130.23310867532	-0.77	0.0882680717209066	-8.71813039311366	2.82833126183432e-18	8.17306260107021e-18
SACI_RS10880	6882.69337905577	0.26	0.0831285671742315	3.13144291969235	0.00173949596896111	0.00273138208721935
SACI_RS10885	2677.20432109329	0.14	0.110496085563417	1.27056840879207	0.2038822316469	0.254562772159412
SACI_RS10890	19831.3452596805	-0.27	0.117326922306553	-2.29742724335789	0.0215944091300387	0.0307453245967421
SACI_RS10895	7480.45677576538	-0.71	0.104863570634893	-6.75315387105369	1.44665372096726e-11	3.45054430320384e-11
SACI_RS10900	2140.51598623493	-1.98	0.179482948007076	-11.0333565223859	2.63830785720947e-28	1.0014160958554e-27
SACI_RS10905	7383.14441939919	-1.37	0.142812837883595	-9.60582688903945	7.55490639332457e-22	2.39614059141487e-21
SACI_RS10910	399.205682212119	-0.17	0.106225491973326	-1.62494083273803	0.104175166591761	0.135768006645758
SACI_RS10915	250.990275937993	-2.61	0.137719920719119	-18.9495687059006	4.45217226096286e-80	5.48476379236512e-79
SACI_RS10920	4492.5316048088	-4.20	0.224250133575382	-18.7211715372697	3.32751522099215e-78	3.9204382352025e-77
SACI_RS10925	3188.49553167782	-4.30	0.24709813454163	-17.4063592766727	7.38325049994617e-68	7.18077354717757e-67
SACI_RS10930	17102.0939929957	-5.24	0.405757332348923	-12.9243301121445	3.28142105686315e-38	1.6388434325244e-37
SACI_RS10935	13218.9135993421	-4.92	0.416961844288707	-11.8011429112565	3.85045888348081e-32	1.61903726226361e-31
SACI_RS10940	7899.10781508534	-3.63	0.209891955348859	-17.2944265008906	5.18160938038073e-67	4.87738084035302e-66
SACI_RS10945	69346.272159608	-3.22	0.183072611509112	-17.5744487332523	3.8662999026953e-69	3.93466056764151e-68
SACI_RS10950	104.529989961508	-4.14	0.247004022827216	-16.753939787551	5.2997277742273e-63	4.60577827111684e-62
SACI_RS10955	896.909970918175	-0.67	0.102862836934153	-6.47649975280662	9.38747703278604e-11	2.16411240066394e-10
SACI_RS10960	2815.91066463378	-1.59	0.177340518921698	-8.93994481570221	3.89364760818328e-19	1.15072363235114e-18
SACI_RS10965	3019.92974194932	-1.72	0.194268415051572	-8.86882443197437	7.39221180792384e-19	2.16464183966811e-18
SACI_RS10970	32545.1726630782	1.14	0.0965484453601578	11.8501839535788	2.14718945479142e-32	9.08287009129238e-32
SACI_RS10975	10960.5106520196	-1.50	0.123240199900591	-12.1380760410621	6.63682487266342e-34	2.91273651599016e-33
SACI_RS10980	4864.78498995923	-1.79	0.147000453400134	-12.209316142401	2.77209339768186e-34	1.23827225435891e-33
SACI_RS10985	35602.4094628769	-1.83	0.139016802387125	-13.1904439355446	9.95969990981434e-40	5.11235473440909e-39
SACI_RS10990	135146.522693305	3.10	0.135306336465884	22.9223589273628	2.78097897616569e-116	7.51078245024441e-115
SACI_RS10995	6284.81318234284	0.02	0.136575948840875	0.136281784389133	0.891598523478494	0.911325303037262
SACI_RS11005	61.7775446057741	0.87	0.209346383211256	4.13996584393911	3.47357537087328e-05	6.14394112198291e-05
SACI_RS11010	4384.41888486375	-0.12	0.116629418541607	-1.03939810533345	0.298619624841897	0.358200718421558
SACI_RS11015	197622.020389364	-4.01	0.17136955477246	-23.4181167793843	2.79430380153795e-121	8.24437029176448e-120
SACI_RS11020	121509.345629478	2.76	0.140981618747681	19.5659825490969	3.01535396002297e-85	4.15172853083946e-84
SACI_RS11025	256.633928479576	-0.28	0.138609658055322	-2.02387332411372	0.0429831873013942	0.0595321383097417
SACI_RS11030	326.2073875796	-1.53	0.14466203463085	-10.5457402332537	5.31526269590907e-26	1.89460785028799e-25
SACI_RS11035	3068.08961675655	-2.37	0.11643953859741	-20.3549295134269	4.19854129119315e-92	6.79312372045121e-91
SACI_RS11040	25858.6480805419	-0.19	0.0928417809757569	-2.01717584203025	0.0436771661895401	0.0604218008240643
SACI_RS11045	4767.25765518213	2.93	0.163552122341216	17.9195122138651	8.30531638205852e-72	8.75674649171396e-71
SACI_RS11050	36566.616395705	5.98	0.200124315316457	29.8776725503774	3.83818572823275e-196	3.963491203478e-194
SACI_RS11055	14284.4723690748	-1.04	0.106125728679481	-9.81975846962526	9.25650580186434e-23	3.01480444066287e-22
SACI_RS11060	11372.826098742	-0.76	0.0918717870587913	-8.29063712589884	1.1264344777448e-16	3.13881861219207e-16
SACI_RS11065	5682.81366795149	-0.52	0.115058220034375	-4.47740897812202	7.55544238495986e-06	1.38812968150675e-05
SACI_RS11070	8009.81238443748	0.59	0.0918635332402669	6.37304201388326	1.85315091242716e-10	4.19497927371486e-10
SACI_RS11075	1102.27485479908	-0.70	0.134091118659475	-5.21044566069143	1.8838755252657e-07	3.75811759614084e-07
SACI_RS11080	7833.74097139082	-0.44	0.120008761706012	-3.66557615626408	0.000246782356994334	0.000414174405070318
SACI_RS11085	3403.87730127823	-0.05	0.0943579047492947	-0.49836095654307	0.618229650709934	0.674179910047625
SACI_RS11090	16114.4061212706	0.38	0.109835978120671	3.4699679641535	0.000520520444923956	0.000850021991687446
SACI_RS11095	4736.91328618754	-5.63	0.321854223385168	-17.5064710114113	1.27880245045746e-68	1.27553278510118e-67
SACI_RS11100	13417.0614082861	-5.26	0.33183551283342	-15.8522653387164	1.35603187022915e-56	1.0372609796023e-55
hpaD	4564.44927523296	-6.13	0.394272506298621	-15.5375730147599	1.93161171025175e-54	1.40703085367094e-53
SACI_RS11110	1005.40504454553	-1.34	0.149144520348539	-8.97241726829657	2.90077159323823e-19	8.609136993964e-19
SACI_RS11115	5612.99365549255	1.37	0.17203294400356	7.98080396083845	1.45383212499707e-15	3.92043363353664e-15
SACI_RS11120	2922.35680343475	-1.44	0.0925931167711537	-15.5402711949862	1.85198066173723e-54	1.3518303749188e-53
SACI_RS11125	1469.05575362733	-0.18	0.107660712004143	-1.6661659391761	0.0956803679986923	0.125676682395589
SACI_RS11130	9288.90520946054	0.50	0.122146720614143	4.06458525198255	4.81179490984362e-05	8.42604086207529e-05
SACI_RS11135	35113.2123353872	-0.11	0.112275420056429	-0.999541141940211	0.31753261924438	0.378945284217205
SACI_RS11140	5621.55600742288	0.55	0.106862072863083	5.1067804435466	3.27694126373322e-07	6.4347543495343e-07
SACI_RS12125	2753.13532519053	0.06	0.0873643663544881	0.703579625006499	0.481694603690036	0.54397869204108
SACI_RS11150	1642.67723297169	0.08	0.128557724685086	0.633696834622626	0.526278691112715	0.587151091355813
SACI_RS11155	3725.257960281	1.00	0.0897339340729934	11.1484637417619	7.28532959357037e-29	2.81394853718653e-28
SACI_RS11160	45533.3599402745	0.03	0.0888719159120891	0.373133662153434	0.709048966151415	0.757829808267159
SACI_RS11165	32671.8800443635	0.11	0.0813744060287198	1.37408059211659	0.169416663907331	0.214427507923086
SACI_RS11170	53957.9192589846	2.20	0.138541485830144	15.9082276947042	5.55642635536317e-57	4.27820459071932e-56
SACI_RS11175	153.833921532824	-1.45	0.232463615173607	-6.22224681222871	4.90085262396142e-10	1.09319527082138e-09
SACI_RS11180	1090.00220994705	-0.55	0.0737196090103846	-7.46154109629642	8.55162803431628e-14	2.18203241486079e-13
SACI_RS11185	2673.07349504793	-0.78	0.167639213861754	-4.67880876874105	2.88546397943321e-06	5.41757434855081e-06
SACI_RS11190	1173.10197264572	2.20	0.142767962218537	15.3958512879965	1.74512610681108e-53	1.25299340716027e-52
SACI_RS11195	403.21482989939	0.38	0.126127457589541	3.03154195963343	0.00243308101308257	0.00377988824643049
SACI_RS11200	112023.139679807	4.62	0.208943260758024	22.1062828034339	2.75008331567645e-108	6.39439902075497e-107
SACI_RS11205	1277.31116560894	1.86	0.158772409742301	11.6952011991447	1.34867185713393e-31	5.62373739952165e-31
SACI_RS11210	20216.538276928	-1.59	0.126888242174918	-12.5182463466276	5.93315606240325e-36	2.78121641323068e-35
SACI_RS11215	62178.2405106195	-0.10	0.0811352953341842	-1.28892398514649	0.197424514627625	0.247291284644163
SACI_RS11220	16444.7679047973	-3.09	0.137055872375969	-22.578330842125	7.07713818614899e-113	1.8137103774868e-111
SACI_RS12130	212950.800497313	-1.35	0.119656956518538	-11.3135444241273	1.12453126090003e-29	4.46127599663276e-29
SACI_RS11230	8430.61205237753	-0.75	0.187708378930966	-4.02095547867384	5.79625600663397e-05	0.000100845663227413
SACI_RS11235	3368.47558651796	-2.32	0.224789157169014	-10.3241744181978	5.47880884306868e-25	1.89705106982388e-24
SACI_RS11240	1386.61145137012	-0.53	0.118592206983353	-4.48187588752439	7.39897717962736e-06	1.36080717012424e-05
SACI_RS11245	461.219202109794	-1.94	0.0922156898122024	-21.0714039715217	1.45551319100575e-98	2.67555330556084e-97
SACI_RS11250	212.254782958907	-0.18	0.110836882800233	-1.58082956167954	0.113917013356584	0.14758768778412
cimA	2507.08093504789	-1.62	0.157197330389567	-10.3199978301508	5.72244510018903e-25	1.97751030972084e-24
ubiA	8288.20875916089	0.93	0.0729770193956273	12.6841777444822	7.23693262152433e-37	3.45229217855597e-36
SACI_RS11265	3123.1842565103	0.99	0.103027409398234	9.62445940240772	6.3037513631305e-22	2.00475281122746e-21
SACI_RS11270	794.682510258239	0.97	0.17652911765529	5.51500405194105	3.48771923226737e-08	7.19893134890697e-08
SACI_RS11275	420.795018264851	0.14	0.168715266398816	0.830746159388198	0.406117044019474	0.469966032153057
SACI_RS11280	1336.22998639745	-0.74	0.101221144829949	-7.35887989843155	1.85459792993372e-13	4.70823812870375e-13
SACI_RS11285	5325.2185812498	-0.38	0.0653070088840572	-5.83248213761552	5.46088524871057e-09	1.16342039491643e-08
SACI_RS11290	654.861716897015	1.49	0.16291020496932	9.14866289210433	5.76425639623172e-20	1.74317865694828e-19
SACI_RS11295	18.1560943342868	1.64	0.460905993167339	3.5573198097631	0.000374657926232897	0.00061873188099892
SACI_RS11300	781.624191951883	1.15	0.104211031759965	11.0107735145316	3.39079904491079e-28	1.28011778996578e-27
SACI_RS11305	6481.41131287128	-1.44	0.176087739955021	-8.16287584438592	3.27140717084422e-16	8.95238548467192e-16
nuoN	8290.55427457458	-0.97	0.161265498615861	-6.04321736175389	1.51070908752421e-09	3.29856940690143e-09
SACI_RS11315	24537.9953149422	-0.51	0.159465366524086	-3.19248271903019	0.00141055384731999	0.00223184072011739
SACI_RS11320	524.305077788291	0.05	0.171471097604957	0.280719414367444	0.77892561676692	0.821017064085456
SACI_RS11325	2945.03921353868	0.12	0.151542806577524	0.796670603359832	0.425642361000469	0.489175230596611
nuoI	6957.05941278812	0.98	0.118651000350258	8.29518960120869	1.08412150427769e-16	3.02571589945864e-16
nuoH	12802.1619354699	1.28	0.121779132896034	10.5414616401534	5.56275239964809e-26	1.97880685665293e-25
SACI_RS11340	45136.3642137549	2.70	0.117269485000682	23.0661655252523	1.01250846618916e-117	2.82136287681757e-116
SACI_RS11345	26469.9695444108	3.41	0.115413623991155	29.5568012836143	5.37006567314803e-192	5.09575691308723e-190
ndhC	10221.217113905	3.46	0.108768037920073	31.7835290286658	1.09332090719227e-221	1.8279284310248e-219
thyX	5814.56653789721	-1.75	0.113229554150707	-15.4344469327142	9.60199787736825e-54	6.9510545458639e-53
SACI_RS11360	9278.3821911911	1.11	0.116769631642724	9.52478909388871	1.65377386342539e-21	5.21220828948524e-21
SACI_RS11365	7987.99064707599	1.08	0.0708528932289543	15.3064761295175	6.92136618570407e-53	4.87970214417811e-52
SACI_RS11370	1526.04812832349	0.14	0.0878955251228652	1.58049469726211	0.113993620321345	0.147632460696512
SACI_RS11375	15698.1753774603	2.23	0.121205015951887	18.3709628770023	2.24395379754257e-75	2.53328674700063e-74
SACI_RS11380	1628.59642545653	0.90	0.0879963325422476	10.2330818418067	1.40960761723479e-24	4.82842179913302e-24
SACI_RS11385	288068.531929043	-1.30	0.10197214906185	-12.7468964348758	3.24404940233137e-37	1.56885088864813e-36
SACI_RS11390	2811542.12246264	-1.11	0.106514017450227	-10.4036396201307	2.38640193557432e-25	8.38704424004146e-25
SACI_RS11910	23979.7757985706	-1.84	0.162889674855185	-11.2955171685054	1.38088778906736e-29	5.47211854110103e-29
SACI_RS11400	11.3323844511076	-0.31	0.372690665201173	-0.838382234631907	0.401816063733779	0.465756421184978
SACI_RS11405	7.51929902835497	-0.62	0.563796020200706	-1.09842593834593	0.27201854121067	0.328537013481481
SACI_RS11410	652.060958570668	-0.41	0.0943311425929644	-4.35664872758105	1.32068964084518e-05	2.3988315204384e-05
SACI_RS11415	1.10695085112436	-0.07	1.29883600455931	-0.0546549283423742	0.956413377627821	0.964933151968758
SACI_RS11420	2041.75977307733	0.83	0.146080661241345	5.65149088390963	1.59062124704121e-08	3.32618892100161e-08
SACI_RS11425	8149.81058377539	0.86	0.076412345653638	11.2826750853549	1.59811131632694e-29	6.31155099170292e-29
SACI_RS11430	3530.58354720181	0.45	0.111959659616075	4.03248063657109	5.51911637986105e-05	9.62145859468328e-05
glmS	14024.5290199933	-0.91	0.0866094330936109	-10.4712759938898	1.17054404671672e-25	4.14710408478548e-25
mvk	866.764020780392	-0.23	0.0691562259021258	-3.35676688322493	0.000788595716166957	0.0012693640051621
SACI_RS11445	2037.24524889695	-0.37	0.0675369560132755	-5.45153842893107	4.99359277328237e-08	1.02589258203595e-07
SACI_RS11450	2713.46139057711	-0.29	0.0743341133051898	-3.92985236172269	8.49980347933207e-05	0.00014671981325435
SACI_RS11455	833.024196925104	-1.35	0.0956533385978021	-14.0620710784499	6.49570015290428e-45	3.81377980549279e-44
SACI_RS11465	3849.32505213382	0.51	0.0961562245828782	5.28293108194164	1.27133227282708e-07	2.56384124635031e-07
SACI_RS11470	1585.12610610646	-0.22	0.0744817538777937	-3.01328499195747	0.00258436096255907	0.00400427684887242
SACI_RS11475	1411.4126872305	-0.29	0.088030160718136	-3.2377983650779	0.00120455910801828	0.00191626960953882
SACI_RS11480	4438.58319934651	-2.47	0.155632601027412	-15.8555846474964	1.28624984213947e-56	9.86031265447967e-56
SACI_RS11485	32958.6964954181	-0.25	0.0898810854028799	-2.7738775426419	0.00553925247529353	0.00837567417775865
Sac_sR101-sno	4405.14355183615	1.85	0.17928979039399	10.3206576091729	5.68325573356819e-25	1.96590254980866e-24
Sac_sR9-sno	1.09439242893246	0.94	1.51745217717411	0.61978834765733	0.535397141193002	0.596187555575208
Sac_sR102-sno	29.7760148127662	0.59	0.258454650605354	2.2897015938193	0.0220386209640927	0.0313523493536992
Sac_sR12-sno	14.4220824471901	0.66	0.377025115459299	1.74343123906868	0.0812583155110425	0.107967640923518
Sac_sR24-sno	0.836531043475031	-1.75	1.83985315293428	-0.952961237980456	0.340609710608406	0.402653432305088
Sac_sR103-sno	250.70021788836	1.62	0.448158044021588	3.62128488980674	0.000293143489613415	0.000488479730437921
Sac_sR11-sno	0	NA	NA	NA	NA	NA
Sac_sR104-sno	3.00166203964651	2.02	0.87368407519026	2.31363140645675	0.0206879494090106	0.0295025956031829
Sac_sR10-sno	19.36564037563	-0.70	0.352466514232552	-1.99930985762448	0.0455748382532971	0.0628735784311693
Sac_sR105-sno	9.16552561061368	0.49	0.51891387180896	0.951548468250194	0.341326026594688	0.403364415810821
Sac_sR106-sno	44.8060092700763	0.93	0.281330959893205	3.30228384404103	0.000959009709522373	0.001532582198513
Sac_sR107-sno	0.471426150896203	1.93	1.79473473265969	1.07347817062494	0.283056627827614	0.341000529498705
Sac_sR36-sno	8.99858809790642	1.15	0.456675799871727	2.52493295116651	0.0115720365209427	0.0169148294025937
Sac_sR13-sno	17.1277640038266	2.52	0.424446749501227	5.94261751483151	2.80506424478182e-09	6.06066496211014e-09
Sac_sR6-sno	65.375205707475	-0.07	0.16203847320476	-0.402131225204492	0.687587453657664	0.738686972683469
Sac_sR108-sno	5.69286777075637	1.52	0.594436960597412	2.5505812319774	0.0107543459025209	0.0157655567698333
Sac_sR7-sno	10.1186085614532	0.81	0.457288294987965	1.77063596761663	0.0766212568008193	0.102287921151208
Sac_sR5-sno	506.255604989042	3.39	0.145489020756168	23.2711324329836	8.69341367556101e-120	2.52252689379295e-118
Sac_sR109-sno	8.14046368813626	-0.67	0.515623326795915	-1.30734053050302	0.191097084853117	0.239964901616342
Sac_sR20-sno	29.1691292948117	0.59	0.317892856766185	1.86346972285725	0.0623962084733725	0.0844212284971141
Sac_sR110-sno	2.07923895339135	-0.32	0.946221708943176	-0.339344285197026	0.734350384923266	0.779650499384817
Sac_sR111-sno	10.3967148611865	1.45	0.50857881392488	2.84540009783624	0.00443556706189404	0.00675044471361508
Sac_sR112-sno	0	NA	NA	NA	NA	NA
Sac_sR113-sno	0.447672183276946	2.70	1.92625087269009	1.39972288890505	0.161596316849174	0.20504686247107
Sac_sR114-sno	62.6314280765839	1.04	0.205392972699527	5.06557148325055	4.07176943716895e-07	7.94662728954984e-07
Sac_sR115-sno	13.6591743132035	-1.70	0.407385278489209	-4.1803276824549	2.91089324853886e-05	5.17213876296555e-05
Sac_sR22-sno	0	NA	NA	NA	NA	NA
Sac_sR116-sno	0	NA	NA	NA	NA	NA
Sac_sR117-sno	0	NA	NA	NA	NA	NA
Sac_sR118-sno	21.5513334644558	1.10	0.317999176394979	3.46836410416981	0.000523637291682603	0.000853922463584401
Sac_sR27-sno	84.1226393103927	-0.53	0.251147970017101	-2.09912436662362	0.0358059389883036	0.0500855186406111
Sac_sR17-sno	381.642273505795	0.88	0.216832639115239	4.05257146113023	5.06577433113664e-05	8.86195001326395e-05
Sac_sR28-sno	0.25371244902998	1.65	2.73511922934046	0.604285738935809	0.54565368608465	NA
Sac_sR119-sno	174.481460167724	1.49	0.165519650745782	9.00365025594452	2.1833487194159e-19	6.49638758802477e-19
Sac_sR23-sno	1.35125919213644	3.54	1.31209557457594	2.70018597188679	0.00693007257723857	0.0103538233270998
Sac_sR120-sno	3.57012504616227	1.81	0.772451355520176	2.33846106308305	0.0193633432657737	0.0276697998396953
Sac_sR121-sno	0	NA	NA	NA	NA	NA
Sac_sR2-sno	0	NA	NA	NA	NA	NA
Sac_sR122-sno	169.48859109456	1.32	0.143150275995715	9.2342741897554	2.60043000115837e-20	7.92544247748875e-20
Sac_sR14-sno	127.143621328816	3.39	0.22475684932402	15.0646887591733	2.76464526504754e-51	1.87387442578802e-50
Sac_sR3-sno	0	NA	NA	NA	NA	NA
Sac_sR25-sno	4.16418327932642	-1.60	0.794166769335582	-2.01660225439278	0.0437370375764216	0.0604807951677103
Sac_sR123-sno	96.8149229520821	-0.22	0.166599819540806	-1.31608647699497	0.188145019275931	0.236427044623406
Sac_sR124-sno	0	NA	NA	NA	NA	NA
Sac_sR125-sno	0	NA	NA	NA	NA	NA
Sac_sR126-sno	0	NA	NA	NA	NA	NA
Sac_sR127-sno	0.543171019686556	-1.06	1.75652633585166	-0.603806333067607	0.545972408450428	0.606808840161271
Sac_sR128-sno	86.1439187966667	1.59	0.19205960530164	8.25817929382939	1.47911262823369e-16	4.09232816211858e-16
Sac_sR26-sno	58.7783955132981	2.15	0.231144874476683	9.29413849627631	1.48403110904796e-20	4.5705554595328e-20
Sac_sR129-sno	3.79531014233259	1.25	0.703054088627188	1.77184549956986	0.0764202073990681	0.102097164451342
Sac_sR1-sno	1.41627124659084	0.28	1.0095573934808	0.277385246369376	0.781484309024505	0.822972828129885
Sac_sR19-sno	3.27072514076492	-0.36	0.700005846320249	-0.509314568271129	0.61053174803532	0.667573020041112
Sac_sR15-sno	521.099371769123	0.61	0.48894440514137	1.24363087891699	0.213635446028688	0.265701045344216
Sac_sR29-sno	6.12477238192453	2.12	0.680018644770163	3.11559651356357	0.0018357326478102	0.00287734702074179
Sac_sR130-sno	16.0390525170768	-0.74	0.395129331562312	-1.86354690800143	0.0623853593527005	0.0844212284971141
Sac_sR21-sno	22.4136461336926	1.72	0.347104520503567	4.95476242869593	7.24187162818955e-07	1.39781260508925e-06
Sac_sR8-sno	103.94493514353	1.25	0.204198145259066	6.09859979918984	1.0700158511641e-09	2.34801603339823e-09
Sac_sR131-sno	5.63813584255349	0.71	0.66355588654272	1.06291865290254	0.287818843256506	0.346072588586847
Sac_sR18-sno	79.7556854400852	1.13	0.192806048432141	5.84473995036067	5.0736022532399e-09	1.08354121113901e-08
Sac_sR16-sno	91.9935972773412	2.55	0.227651741566631	11.184668033008	4.84715969612542e-29	1.88256390410358e-28
Sac_sR132-sno	1983.98039622629	2.93	0.247324792079784	11.8584393779816	1.94567809676293e-32	8.25033308905153e-32
Sac_sR4-sno	4.12773550042782	0.22	0.669734186837393	0.323329517305826	0.746445701923268	0.790341031198007
asRNA_2	12.4312255250883	0.29	0.36220939014341	0.787314802118046	0.431097606767831	0.494367852708399
asRNA_3	50.7949336001171	1.07	0.224326481241778	4.78485666659412	1.71109395849487e-06	3.24387196991116e-06
asRNA_4	31.5910310141795	1.58	0.289170001730336	5.45009828193679	5.03419921383181e-08	1.03363002571716e-07
asRNA_5	0.161247507695602	-0.44	3.57280872384265	-0.122663431360252	0.90237362267112	NA
asRNA_6	5.28683203744512	1.12	0.623554581186801	1.80281386461075	0.0714174520053956	0.0959612223463238
asRNA_7	35.3275241001453	-1.49	0.261296617041347	-5.6923382632898	1.25311281650662e-08	2.63453838248787e-08
asRNA_8	4.72551533236476	0.22	0.572911987670679	0.37581948818476	0.707051098647673	0.756615790110326
asRNA_9	5.21017060651929	-0.48	0.545878942726431	-0.873362642527508	0.382465446373067	0.447175080482354
asRNA_10	1.77140477471174	-0.02	1.11399116242041	-0.0216661987904548	0.982714226897672	0.986648456001637
asRNA_11	6.97685923500274	-1.92	0.634364312292922	-3.01888647859111	0.00253705577499046	0.00393445354504925
asRNA_12	1.67228140385739	-0.39	1.25942227814022	-0.311833780419929	0.755166850141112	0.798274834561384
asRNA_13	0.0428636563176922	-0.48	4.32794324778021	-0.11119043110852	0.911465339449942	NA
asRNA_14	26.4579968819859	0.81	0.308322649401765	2.62468601333497	0.00867289046641138	0.012826671620712
asRNA_15	0.115343086992588	0.00	4.32794324778021	0	1	NA
asRNA_16	2.23148916069656	1.00	0.939546237604736	1.06401398577443	0.287322363884224	0.34559397725163
asRNA_17	1.38028311363459	0.47	1.03580759716164	0.450363039454645	0.652448690939224	0.706584624888221
asRNA_18	0.453709630941681	-0.93	1.9878932526978	-0.467612783815791	0.640061521262697	0.695529557769523
asRNA_19	1.80672251493968	-0.45	1.07898143227178	-0.41774794705011	0.676131412366604	0.727296994123514
asRNA_20	26.6785150321384	1.64	0.356099197074883	4.61521448939407	3.92689546097299e-06	7.32978732773854e-06
asRNA_21	11.2862614442736	0.58	0.378210503831867	1.53626109795104	0.124474356491137	0.160142713682808
asRNA_22	3.90608499259676	2.78	0.814125747813531	3.41373332523617	0.000640792635087511	0.00103774120931377
asRNA_23	0.865776592281221	-0.15	1.32981216997675	-0.111741919894372	0.911028040181604	0.926330567355231
asRNA_24	23.1513249784639	2.11	0.31762863777461	6.65199498892975	2.89146549923515e-11	6.82253720955283e-11
asRNA_25	181.631118704795	2.54	0.208195336486602	12.1782546826048	4.0587445592633e-34	1.79927426105725e-33
asRNA_26	2.91854370927504	1.58	0.914498346792399	1.73266963986554	0.0831544036739628	0.110213330048805
asRNA_27	23.694618898808	0.40	0.298368294923184	1.33491801278771	0.181903181642514	0.229239795673678
asRNA_28	7.97499011485559	1.02	0.476138985671867	2.13954842452824	0.0323912785026624	0.0454176432998593
asRNA_29	0.809243016179066	-1.31	1.61868756148471	-0.811540846318676	0.417055145890806	0.480530816721673
asRNA_30	15.1542059983271	1.49	0.358579448529269	4.14988298546273	3.32645281660467e-05	5.89262151316802e-05
asRNA_31	7.87388887732886	1.98	0.524947006927774	3.7797707954508	0.000156972791224977	0.000266762570179523
asRNA_32	10.8884708982883	1.88	0.453528693825733	4.15132977705012	3.30549069097328e-05	5.85844412721211e-05
asRNA_33	0.53191062203585	0.25	1.75697153790118	0.142955665315503	0.886325195425945	0.908050119970964
asRNA_34	2.60653928573157	-2.76	1.04997186043066	-2.63208850175527	0.00848617538142964	0.0125611137285833
asRNA_35	23.8287533133368	1.46	0.28265285238529	5.17968997073162	2.22254971231376e-07	4.41367196828825e-07
asRNA_36	10.9155095213783	1.09	0.404093688171421	2.70833551080966	0.00676216231734806	0.0101072592150741
asRNA_37	2.69976603060187	0.27	0.856446932306234	0.316501707191022	0.751621729572422	0.795102106817949
asRNA_38	5.32753167252087	1.58	0.68452341999429	2.31075157079406	0.0208465809116751	0.0296926351240938
asRNA_39	2.9014609915751	2.01	0.850133572900913	2.36102611544842	0.0182244471743374	0.0261594579023298
asRNA_40	20.9785462423082	0.83	0.292457338075223	2.85037460912314	0.00436677645549872	0.00664863492422203
asRNA_41	29.0254168544393	2.56	0.396956562518521	6.45441505785496	1.08637690151559e-10	2.49135813273758e-10
asRNA_42	73.6841781559789	2.09	0.252743128941939	8.28888369088303	1.14316260762803e-16	3.18038345117433e-16
asRNA_43	1.0902358380364	0.87	1.26582333976263	0.687267054887102	0.491914455601799	0.553609770500487
asRNA_44	0.770305629289733	-0.50	1.82358789645654	-0.275982577109302	0.78256144819875	0.82386004336606
asRNA_45	45.4397728397978	2.39	0.263691164356618	9.07495201105634	1.1372760629832e-19	3.4157196382669e-19
asRNA_46	0.996860691249612	-0.92	1.66146198408118	-0.551426159369201	0.581341572262102	0.641045935996307
asRNA_47	148.897585231502	2.76	0.212167167135264	13.0083321952052	1.09710415615109e-38	5.52644575645117e-38
asRNA_48	38.8447825219427	3.13	0.303868333585275	10.298342474626	7.16858100040261e-25	2.467538028668e-24
asRNA_49	3.85334687637607	0.12	0.67748920384101	0.17880275263269	0.858092583828318	0.8845458196774
asRNA_50	15.793551870284	3.31	0.458723512049249	7.22500640595958	5.01078217398431e-13	1.25843034426745e-12
asRNA_51	19.4493865052929	1.90	0.370017504189196	5.13388223103232	2.83825736297777e-07	5.59209966409369e-07
asRNA_52	6.29909518926818	0.23	0.579687744056316	0.388792067896775	0.697429969015129	0.747459286084285
asRNA_53	15.2520082547055	0.53	0.379568962729658	1.40075334113553	0.161287845692352	0.204729438259526
asRNA_54	36.6211988467092	0.75	0.222787473716088	3.3830903133791	0.000716750577547724	0.00115808158203868
asRNA_55	11.8116528063268	1.79	0.479772354131653	3.74097930868533	0.000183304613036928	0.000310010836403012
asRNA_56	14.9899344444673	1.43	0.363026457993585	3.92605254017447	8.63513015416765e-05	0.00014890934170571
asRNA_57	7.54966759236705	-1.85	0.589948222042949	-3.13701011023525	0.00170680241496133	0.00268124531495716
asRNA_58	5.33126254502774	-0.13	0.534822098806425	-0.247846021033441	0.80425354590614	0.842402804199421
asRNA_59	6.41358222707179	-0.50	0.563383544792788	-0.881981598454288	0.377786758432664	0.442874560553283
asRNA_60	0.550812791701466	0.69	1.97860623161244	0.346639970428269	0.728861813541287	0.774291627032816
asRNA_61	9.5827222259731	2.68	0.591287570056279	4.53102314130113	5.86987075397813e-06	1.08526151749432e-05
asRNA_62	0	NA	NA	NA	NA	NA
asRNA_63	4.61033830740067	-0.99	0.668072701894552	-1.47965782718532	0.138964585657744	0.177549003000123
asRNA_64	5.93750800693585	0.90	0.580233868156212	1.54626862293558	0.122039706487279	0.157298608471673
asRNA_65	5.85127791913546	-0.01	0.513697134957374	-0.0203266377989972	0.983782806283783	0.986874695103532
asRNA_66	2.76222869422873	2.34	0.946040812010661	2.47640715043026	0.013271213897494	0.0193421469464929
asRNA_67	3.64120484734057	1.53	0.771171263675953	1.97797728028581	0.0479312697707566	0.0659430596258333
asRNA_68	15.2201766142995	0.97	0.396427449533845	2.44237371735367	0.0145910334001528	0.021169057135511
asRNA_69	17.7843709955804	1.06	0.308219632546923	3.4408207310365	0.000579952639122259	0.00094225530585759
asRNA_70	1899.97219331877	0.40	0.169206013302624	2.35553483611232	0.0184960626883548	0.0265059902444138
asRNA_71	2.58302737102597	-1.12	1.05590931175047	-1.05755949700595	0.290256316211749	0.348883918596183
asRNA_72	16.5734354589337	-1.01	0.355477901071241	-2.82882448693958	0.00467193128531773	0.00710400638490713
asRNA_73	0.373722598945856	0.00	2.47866789402711	0	1	NA
asRNA_74	31.8593101948142	0.03	0.235415786674062	0.141928522506094	0.887136464666101	0.908351159942456
asRNA_75	2.02162376443891	2.46	1.12824636935858	2.18090785061473	0.0291902329380145	0.0411428774971372
asRNA_76	2.30639889034231	-2.93	1.23119780723538	-2.37597024093134	0.0175028743634731	0.0251648615438796
asRNA_77	6.91312831802468	2.87	0.679777946486644	4.21634084774276	2.48298379091424e-05	4.43200614636497e-05
asRNA_78	60.7072425725238	1.48	0.229074919289135	6.4399855121537	1.19484906844428e-10	2.73653951683488e-10
asRNA_79	317.215577018094	2.39	0.177561517910921	13.4805073228835	2.0370134825743e-41	1.08362944504824e-40
asRNA_80	11.8758776442911	1.98	0.507058258282365	3.90795335633464	9.30812701663807e-05	0.000160200166448119
asRNA_81	1.14496548871867	1.96	1.61630370951239	1.21360334451164	0.224899229290427	0.277742242011498
asRNA_82	1.18750566680859	1.18	1.50318253580334	0.784348864914	0.432835434221848	0.495495666629575
asRNA_83	3.31784140064028	-0.22	0.683449992383795	-0.325160979535854	0.745059239183218	0.789349121536596
asRNA_84	0.604671602107448	-0.26	1.99156643337907	-0.132669801360627	0.894454526724554	0.913181111756298
asRNA_85	14.637477630902	-0.31	0.338255304812073	-0.918450971413563	0.358382815875983	0.42153503066686
asRNA_86	50.1874200094673	-0.14	0.234318454517058	-0.580822942212814	0.561359791063321	0.622138329047765
asRNA_87	2.10927838727247	0.32	0.827222849427418	0.38420679075054	0.700825185578605	0.750639788458354
asRNA_88	14.8261598907416	0.21	0.391523586952129	0.537252308880533	0.591093343247653	0.649758524778494
asRNA_89	2.60423905033957	1.66	0.885965523748165	1.86949591791683	0.0615538510352392	0.0834101007274121
asRNA_90	6.99700234555011	0.89	0.581023868601917	1.52427261337716	0.127440625471625	0.163719003304382
asRNA_91	26.6516945923561	2.30	0.378589056531241	6.07907688088334	1.20876397161346e-09	2.64421825815256e-09
asRNA_92	2.03606125097204	1.25	0.964666481783605	1.29654829008817	0.194786654382333	0.244248551262989
asRNA_93	68.6370870359898	1.43	0.209883278885494	6.79816639838988	1.05959033303045e-11	2.54461125805056e-11
asRNA_94	1.1459453105399	1.23	1.40983486148683	0.87338574315684	0.3824528592128	0.447175080482354
asRNA_95	540.853880385772	4.91	0.251759905036431	19.5108377410175	8.88146823708247e-85	1.20397046256357e-83
asRNA_96	2.81352761351347	1.67	0.963736600970292	1.73569440061861	0.0826178840976279	0.109543576686847
asRNA_97	150.735411739039	1.24	0.179574723965105	6.90139715453762	5.14935454718355e-12	1.25464148613195e-11
asRNA_98	7.92039668261448	0.60	0.463358594237059	1.28861495030693	0.197531983290769	0.247337658107664
asRNA_99	6.9869274863959	0.82	0.505418540770237	1.6300939454177	0.103081643168116	0.134492623249073
asRNA_100	9.79168725324323	2.50	0.513352378965069	4.86700337151914	1.13303096870742e-06	2.17025189914444e-06
asRNA_101	130.610390945403	2.38	0.190930367985882	12.4433250969104	1.52040309652472e-35	7.04239481780776e-35
asRNA_102	39.5062709349411	1.83	0.280764581612806	6.52983321912766	6.58429685860329e-11	1.52288974114336e-10
asRNA_103	0.605439915153906	0.24	1.78663232078176	0.134244645816848	0.893209123142054	0.912532979813851
asRNA_104	4.86958367264176	-0.95	0.617977146742246	-1.54225076390668	0.123012668498298	0.158421864164626
asRNA_105	152.222297248881	1.11	0.161096231566788	6.87406081198753	6.23995867428158e-12	1.51511029774569e-11
asRNA_106	27.1767101099746	-0.36	0.25169069161301	-1.44636858360568	0.148073848670385	0.188706817670316
asRNA_107	733.486129817629	1.49	0.172254053312102	8.67045822959136	4.30384818677731e-18	1.23960713566654e-17
asRNA_108	2.33137978566341	3.03	1.1901743363592	2.54724061691652	0.0108578538060058	0.0159106530521228
asRNA_109	5.05125713166251	0.01	0.655262796469346	0.0197821345845801	0.984217169631947	0.98702841547494
asRNA_110	2.05849825437173	-2.27	1.00851785346376	-2.2473607724561	0.0246169798648421	0.0348790219150365
asRNA_111	1.34604833357406	1.51	1.22208612500206	1.23871129403956	0.215452434622479	0.267392540812839
asRNA_112	2.02516470477392	2.19	1.145224229804	1.90895497629034	0.056267900038549	0.0767210085574158
asRNA_113	20.8120760257939	2.35	0.33983481215221	6.90499022365421	5.02068852790743e-12	1.22414148760298e-11
asRNA_114	2.60561110966406	0.41	0.803481261272324	0.51339990244342	0.607671613819342	0.664913223345598
asRNA_115	2.73336549158746	-0.31	0.774894753549813	-0.398448224662907	0.690299816154845	0.741175123706319
asRNA_116	1.99164731366299	1.14	0.932591478941745	1.22003078669919	0.222453204298463	0.275108559454704
asRNA_117	3.03939644897149	-0.16	0.698038022601251	-0.2361048244578	0.81335133037818	0.849398132349134
asRNA_118	19.4878806722403	2.68	0.374734235874359	7.14875978747391	8.75654053589332e-13	2.18664394178673e-12
asRNA_119	64.4639195212422	0.74	0.190048704064364	3.8916997678095	9.95443788994616e-05	0.000171072106860504
asRNA_120	110.908904213813	1.52	0.190335725270329	7.96823646769476	1.60954662012793e-15	4.3336795883966e-15
asRNA_121	10.1340069122279	-2.20	0.467670706123833	-4.71200015039142	2.45297198905792e-06	4.61295375124925e-06
asRNA_122	2.28695007254154	-0.17	0.992961370395847	-0.173985563733973	0.861876807665101	0.887404537158994
asRNA_123	43.282289654079	2.65	0.259105842989482	10.2221275058716	1.57838076673232e-24	5.40126205847679e-24
asRNA_124	12.6273009472648	0.18	0.373538973104647	0.476188492936058	0.63394009667573	0.689731539953048
asRNA_125	16.0007194508412	2.69	0.454370185482167	5.91771595764656	3.26443087459295e-09	7.01862633233058e-09
asRNA_126	2.94188499910351	-1.76	0.860409693360634	-2.05059768564088	0.0403061419537572	0.0560454908513431
asRNA_127	10.2870662883804	0.01	0.418892505835313	0.0128841363244478	0.989720230956834	0.991414473862894
asRNA_128	16.3074060459255	0.70	0.336514909657899	2.08633280004536	0.0369484875165864	0.0516631380608263
asRNA_129	0.249664903094035	0.96	3.74345865252419	0.256826704768113	0.79731255393296	NA
asRNA_130	1.92256427486172	1.36	0.973137925609925	1.39414302605667	0.163274418583814	0.207101330797605
asRNA_131	1.28030010402105	2.19	1.31346524930072	1.671056133809	0.0947105907412996	0.124496025493337
asRNA_132	68.7224229088901	4.52	0.377505442368954	11.9754952130317	4.77577419291202e-33	2.04984635590637e-32
asRNA_133	1.90933258699184	1.17	0.934391660110037	1.25597875957925	0.209123671160726	0.260366386328124
asRNA_134	11.1421733886274	1.10	0.460083231929905	2.39157971752836	0.0167760403818901	0.0241891900537233
asRNA_135	107.686853510407	3.82	0.358722577930902	10.660583588664	1.55617864402478e-26	5.59236767571237e-26
asRNA_136	54.2259539924809	1.09	0.265513337572899	4.11637117750474	3.84884292278287e-05	6.77697467497025e-05
asRNA_137	13.8737229497699	1.79	0.392796680638496	4.56302654619112	5.04214364685114e-06	9.34193474622392e-06
asRNA_138	6.97120265094438	1.65	0.57889398736499	2.85591161050665	0.00429134583251835	0.0065451412762693
asRNA_139	0.290468224453422	-0.48	2.67970425049185	-0.179584894150476	0.857478464593554	NA
asRNA_140	210.489259779441	2.23	0.184143864120447	12.1365085629018	6.7651609768743e-34	2.96535333206063e-33
asRNA_141	1.50797826877415	0.14	1.04574282184943	0.138433326049632	0.889897960184304	0.910382208102299
asRNA_142	1.11455899136876	0.30	1.22707701609166	0.245762434312208	0.805866138366759	0.843337112311681
asRNA_143	2.4650748337768	0.75	0.892405888986492	0.84105241861214	0.400318569288109	0.464480666480684
asRNA_144	25.5870575850036	3.10	0.387573668806699	8.00913339925243	1.15519551382372e-15	3.12472376659097e-15
asRNA_145	0.133650262526817	0.00	4.32794324777715	0	1	NA
asRNA_146	5.80459138675061	-0.79	0.580250139001214	-1.36767719574756	0.171413141074407	0.216798104579338
asRNA_147	56.0091807668261	2.68	0.287189445948442	9.33631881036771	9.97416884660279e-21	3.08268545954423e-20
asRNA_148	17.5046349618778	2.25	0.405786554743243	5.55461381749058	2.78226178376233e-08	5.76313930548056e-08
asRNA_149	6.12843311071493	0.32	0.544540409148775	0.59293303320553	0.553225969854143	0.614287280252338
asRNA_150	44.030525074501	1.53	0.273294225989946	5.60665571293207	2.06273400232415e-08	4.29552733224204e-08
asRNA_151	19.168027633632	1.84	0.423130870488356	4.36017228162396	1.29960083207207e-05	2.36297178736667e-05
asRNA_152	336.319295249949	3.14	0.15885987224151	19.7423460418321	9.33417894206848e-87	1.33764499043275e-85
asRNA_153	899.449437426852	2.29	0.102658810108623	22.3393911951472	1.53115748722676e-110	3.73325967892581e-109
asRNA_154	2.21095589858513	-0.63	1.00005725049456	-0.634404766875603	0.525816699458184	0.586822133438552
asRNA_155	0.447035919405518	0.85	1.99014573968126	0.427453293484868	0.669049197493793	0.721557570196518
asRNA_156	4.18878314917544	1.84	0.66486258755148	2.76619324308688	0.00567149156025252	0.00855720106061307
asRNA_157	117.867816645342	1.91	0.178368171761591	10.7009406799765	1.00750176025542e-26	3.63176455878521e-26
asRNA_158	5.37805453548763	-1.36	0.660707572369635	-2.05958306443074	0.0394384166254869	0.0549041557383365
asRNA_159	1.02220213869074	-0.75	1.33542941736364	-0.558199359917137	0.576708257909885	0.636736696075977
asRNA_160	6.70291646263409	0.98	0.491901768231877	1.98496875595177	0.047147947755014	0.0649417201129283
asRNA_161	28.0394576358965	1.57	0.298997450262339	5.26746398187475	1.38321289057702e-07	2.78466769427518e-07
asRNA_162	65.6930386817027	3.25	0.231918225204501	13.9969061966127	1.62805188361271e-44	9.3706396120725e-44
asRNA_163	11.9343901314614	2.55	0.463295206876874	5.49887662851699	3.8221842756161e-08	7.87540433784514e-08
asRNA_164	1.24078278770317	0.28	1.19467501576133	0.237605841859246	0.812186819117645	0.84868688152442
asRNA_165	3.99591808237976	1.24	0.784250648278524	1.57669609033663	0.114865470430219	0.148597150582351
asRNA_166	14.9074663423161	3.01	0.490948571560251	6.1217654788994	9.25441676057485e-10	2.03458091711824e-09
asRNA_167	24.0321052231729	2.02	0.306012714679217	6.58953119653118	4.41217520581145e-11	1.03068177961437e-10
asRNA_168	7.72858632767882	1.13	0.502136039010663	2.24772395076634	0.0245937977918888	0.0348602438624633
asRNA_169	1.65973919268429	-0.44	1.19433709587045	-0.367557279180184	0.71320337440023	0.760418174163136
asRNA_170	17.4704430108525	0.92	0.327811622870748	2.80289774528364	0.00506457240070235	0.00767776930002847
asRNA_171	6.56987558340593	0.69	0.560118602635117	1.23918610620287	0.21527658468704	0.267268772572913
asRNA_172	2.85664762990679	1.77	0.821169087370908	2.15728437509197	0.0309835136893024	0.0435306588888118
asRNA_173	0.80329214856466	-2.78	1.4649251657747	-1.89503929051316	0.058087196554479	0.0790787697180209
asRNA_174	0.519675360500339	1.66	2.04481457537631	0.811609164290577	0.417015931079439	0.480530816721673
asRNA_175	287.877959762821	4.38	0.270079309875312	16.2214542955314	3.55672373657893e-59	2.87072575612152e-58
asRNA_176	10.0743157015716	1.00	0.440817345134931	2.26771774191548	0.0233464157810211	0.0331456796632289
asRNA_177	6.8938872116311	2.07	0.583630100157372	3.55411530570668	0.000379252897812321	0.000626025822387898
asRNA_178	7.10877595122478	0.34	0.492035007168387	0.700384959128297	0.48368692683699	0.545732327574765
asRNA_179	2.99418124188971	-0.16	0.801349494557903	-0.196286155554331	0.84438619688467	0.873751823537306
asRNA_180	1.13881824624236	1.05	1.33597793009509	0.786357101161252	0.431658308336591	0.494452519060771
asRNA_181	0.122211178425477	0.00	4.32794324777983	0	1	NA
asRNA_182	72.1738605708177	-0.75	0.200952474151043	-3.7160449098842	0.000202365628427962	0.000340933647509872
asRNA_183	8.27630234866501	1.58	0.522807980282248	3.03116955293105	0.00243608408692167	0.00378287980061122
asRNA_184	9.66070426012706	-0.22	0.435137075860118	-0.516162092234099	0.605741203765159	0.663161012291697
asRNA_185	12.9551511379702	1.66	0.4906740620326	3.3821211897007	0.000719284048954079	0.00116164043048656
asRNA_186	60.6750220525587	2.33	0.24097113308464	9.66506813224562	4.24337468044955e-22	1.35440804573258e-21
asRNA_187	17.8992550486371	1.06	0.353250995620587	3.00396376165487	0.00266487063902608	0.00412356139868689
asRNA_188	5.01305643116467	0.08	0.558845947601538	0.14401075576841	0.885491976298559	0.907461275185125
asRNA_189	6.25280839002383	-0.40	0.494981749335448	-0.809571011680265	0.418186774377803	0.481394676996875
asRNA_190	25.2032769938039	0.80	0.26631480960877	2.99669311066835	0.00272925314956195	0.0042138996517643
asRNA_191	38.1593116228087	-1.45	0.22607439582466	-6.40881063822699	1.46659211482012e-10	3.33713863586094e-10
asRNA_192	45.2954178104227	2.56	0.266224803332247	9.61864780890564	6.67022165859319e-22	2.11937993152223e-21
asRNA_193	1122.80773256948	1.45	0.500974658477852	2.88616148192208	0.00389972012469389	0.00597639343422097
asRNA_194	84.668847148784	3.22	0.284677511230127	11.3250729594774	9.85967455398274e-30	3.91598612658749e-29
asRNA_195	1.7916673018283	0.30	1.21370550581962	0.244805574083014	0.806606977731397	0.84360950217901
asRNA_196	58.250804392143	1.74	0.294229559709184	5.91483084391489	3.32216827332063e-09	7.13839217113141e-09
asRNA_197	51.2952554371931	1.81	0.265601900628593	6.82736081390924	8.64909721142301e-12	2.0870776844884e-11
asRNA_198	5.37923693535331	1.18	0.623965413145098	1.89253731561072	0.0584194266918213	0.0795002353158855
asRNA_199	2.28099834875136	0.07	0.962921753331987	0.0687383690974087	0.945197876294738	0.955539805260819
asRNA_200	7.15354046180275	0.90	0.463383271369647	1.95215479492904	0.0509198293235197	0.069863040545087
asRNA_201	13.1770271506416	0.14	0.338286259854962	0.427632825747184	0.66891846319128	0.721557570196518
asRNA_202	0.771891119406267	-0.79	1.55589648343214	-0.505201428455888	0.613417367129194	0.670102170501121
asRNA_203	24.9352362821593	1.06	0.273576076696578	3.88221519255371	0.000103509214542921	0.000177451588017673
asRNA_204	0.891265359382834	0.18	1.88400103073896	0.0957950284175859	0.923683365949677	0.936756874017711
asRNA_205	1.69546971800476	-0.13	0.961095337612033	-0.134129880011182	0.893299872292853	0.912532979813851
asRNA_206	8.53515357009224	2.15	0.501394957882349	4.28310124865518	1.84306251290229e-05	3.32357086944014e-05
asRNA_207	1.90974195623809	1.21	1.40443149282725	0.863119895684907	0.388071550072977	0.452965163665633
asRNA_208	20.4280530911678	0.79	0.421635689262296	1.86903388179596	0.061618100674449	0.0834649504120333
asRNA_209	8.32521517564942	0.87	0.533485845853891	1.62828753056877	0.103463932240123	0.134891149682537
asRNA_210	3.53246598555029	0.68	0.792082262641098	0.856057566445339	0.391965938410584	0.456600003238075
asRNA_211	212.16302501696	4.96	0.262847941381265	18.8760021914617	1.79682832073394e-79	2.18292880072556e-78
asRNA_212	0.83605912287486	2.29	1.77113397706253	1.29383224129944	0.195723373430493	0.245247952931643
asRNA_213	2.77269156614634	0.41	0.741592808916737	0.549494760972295	0.582665958954279	0.641901531813139
asRNA_214	11.3564403337067	-0.28	0.393401351315439	-0.700341984923925	0.483713757736448	0.545732327574765
asRNA_215	10.8197051286309	-0.12	0.456182478757163	-0.260672007535173	0.794345454657086	0.834264699761001
asRNA_216	2.06181342184467	0.97	1.00301863598769	0.962810009418695	0.335642876681005	0.397719250768481
asRNA_217	5.91964056798871	1.48	0.635006487689382	2.33417059736368	0.0195867908363506	0.0279663369769934
asRNA_218	1.39218987475654	-0.81	1.22601414016382	-0.659574728765353	0.50952677592981	0.570974464718724
asRNA_219	0	NA	NA	NA	NA	NA
asRNA_220	0.907460899193604	-0.87	1.24877827907064	-0.697384390911001	0.485562267326717	0.547290247378525
asRNA_221	1.26937414650386	0.09	1.07022781695338	0.0875953376171285	0.930198307978713	0.942003536000363
asRNA_222	1.05897179908377	0.29	1.10706886946577	0.266443416055018	0.789897732084293	0.829841692803097
asRNA_223	2.10445767253675	-0.61	0.904338822809843	-0.671932538977917	0.501626644286117	0.562687267759922
asRNA_224	5.27126650967833	-1.01	0.564229251983176	-1.79675830560182	0.0723739981837745	0.0970237142509478
asRNA_225	13.3337164087372	-0.39	0.498351488178748	-0.786143583623882	0.431783373238486	0.494452519060771
asRNA_226	16.1656440310968	0.11	0.382092817185902	0.2783417169589	0.780750055334689	0.822446277911819
asRNA_227	0.111166397655844	0.24	4.32794324778021	0.0554785770269753	0.955757196716153	NA
asRNA_228	0.245569540722536	-0.48	2.77183855713986	-0.173614957312333	0.862168076309494	NA
asRNA_229	2.82402142363122	0.51	0.843375156058544	0.605416180556655	0.544902502615219	0.606003385075082
asRNA_230	13.8568653893789	0.82	0.404192092830074	2.04059298691022	0.0412912998440998	0.0573245368733232
asRNA_231	3.59424966860387	-0.65	0.682503820121385	-0.947346161215378	0.343462415853147	0.405616058547057
asRNA_232	9.47199635015627	-0.19	0.494581913343459	-0.374366283670027	0.708131823919049	0.757310640810168
asRNA_233	8.72444711023553	0.71	0.430404363508922	1.64175201068873	0.100641408077973	0.131749434661358
asRNA_234	1.59021838368941	1.44	1.10727124258967	1.30369086719766	0.192339004564177	0.241351767342683
asRNA_235	1.29448059780034	-0.06	1.04818828522875	-0.0536245888507714	0.957234265624365	0.965483914566833
asRNA_236	3.97120788992146	0.59	0.617965870142518	0.954455126783177	0.339853313189786	0.40189457144134
asRNA_237	16.0197845848356	0.54	0.376330084782678	1.43233129452614	0.152049031004428	0.193632262552247
asRNA_238	4.15542406100505	1.65	0.680546066896173	2.42689249350973	0.0152287677883212	0.0220669433366883
asRNA_239	7.73446244586445	-0.86	0.556299901943745	-1.55096171374588	0.12091085938607	0.155900854683985
asRNA_240	0.0676233166619397	-0.48	4.32794324778021	-0.11119043110852	0.911465339449942	NA
asRNA_241	0.578367551471093	-2.47	1.86432896763621	-1.32704402106729	0.184494121133333	0.232171634157395
asRNA_242	2.85406792370076	1.20	0.75664418673528	1.57997542822107	0.114112493758018	0.147731919463275
asRNA_243	0.63672212670692	-1.00	1.65382286756764	-0.604146263711613	0.545746403575759	0.606749722278179
asRNA_244	7.69049656080731	0.21	0.504382664038267	0.421714893462682	0.673233132221243	0.72484560785918
asRNA_245	14.1393646564596	2.89	0.497593477223545	5.80458897291864	6.45240907449412e-09	1.3721628261992e-08
asRNA_246	15.7030366073786	3.03	0.463126203263415	6.53463324066329	6.3765605365307e-11	1.47776264315243e-10
asRNA_247	3.0580063686367	-1.75	0.813817642741956	-2.14536017439151	0.0319240607293252	0.0447804143909951
asRNA_248	2.64397926890602	-1.32	0.826842446872581	-1.59793349183097	0.110057779422044	0.142957034240028
asRNA_249	1.86252427265955	-0.55	0.925077116865491	-0.591880188432294	0.55393082118936	0.614875470501373
asRNA_250	11.9125312189446	1.50	0.473281068407539	3.16625029479736	0.00154417860850475	0.00243558449885902
asRNA_251	0.366895957747009	-1.30	2.21978562816005	-0.584457372732195	0.5589126365167	NA
asRNA_252	0.917605346276587	3.81	1.78070490628124	2.13897239865518	0.0324379038217059	0.0454648624023989
asRNA_253	0.562119190590315	-1.17	2.03395342134722	-0.576523657046878	0.564261284288304	0.624959422440453
asRNA_254	3.85694389050608	0.42	0.64279240591372	0.650823341761582	0.515160530694481	0.576211730891469
asRNA_255	1.76515541500157	0.44	0.952443697111975	0.457657543498387	0.647198494941647	0.701764643526906
asRNA_256	1.90831321261645	-1.55	1.31370825502357	-1.17692061961657	0.23922719121342	0.293475425698923
asRNA_257	1.68220967360283	-1.04	1.10630759640744	-0.944296437573846	0.345018185882032	0.407179445590526
asRNA_258	2.03885109683077	-1.13	0.908018254734198	-1.23946888040905	0.215171906469225	0.267233308671188
asRNA_259	63.930571218275	1.23	0.190096547606887	6.46098110490167	1.04026309383657e-10	2.38872709121007e-10
asRNA_260	4.43872192174225	0.91	0.732212301569073	1.23641122703753	0.216305745011473	0.268261911245242
asRNA_261	1.06587014286016	0.78	1.14836315271072	0.680216277683926	0.496367527016154	0.557503829011785
asRNA_262	536.088386963747	4.32	0.270844496367624	15.9393351107717	3.379301594655e-57	2.62493980062692e-56
asRNA_263	2.02478748736813	1.54	1.31366323623321	1.17530495645517	0.239872732275813	0.29416456968927
asRNA_264	22.1854584148619	1.72	0.346364713229217	4.9753430835825	6.51321778054041e-07	1.26063437858199e-06
asRNA_265	0.453540052479806	-1.89	2.08955696877898	-0.902982471308323	0.36653519806818	0.430691124637677
asRNA_266	7.38278080616432	0.56	0.560105470301429	1.00560137177727	0.314607363768757	0.376093447120227
asRNA_267	20.3665609399195	2.42	0.418142268194225	5.79690757888759	6.75488918177442e-09	1.43561839692554e-08
asRNA_268	96.8861327794764	3.59	0.261970755955392	13.7101219006027	8.83093496836953e-43	4.89044363942357e-42
asRNA_269	0.117961315601864	0.00	4.32794324777993	0	1	NA
asRNA_270	73.2460681557778	1.07	0.190775999788778	5.62000424146023	1.9095277098253e-08	3.98357206725884e-08
asRNA_271	9.09534389895244	-0.68	0.474378864032228	-1.42748894052275	0.153439010732222	0.195331532516618
asRNA_272	11.8085705261622	0.11	0.377998527649246	0.299663738441126	0.764433660677687	0.807681788335648
asRNA_273	4.21353610649232	-0.54	0.618787071237344	-0.872774396179185	0.382786057884065	0.447390762060903
asRNA_274	4.81587310084304	0.79	0.647590944279826	1.22011169985899	0.222422533892746	0.275108559454704
asRNA_275	12.6218531007196	2.01	0.457382524742023	4.38450263766952	1.16251074388076e-05	2.11919793445761e-05
asRNA_276	5.35419403398234	1.12	0.652168025046541	1.71283840163597	0.0867422731586114	0.114708896821049
asRNA_277	28.3189593437473	1.51	0.241980412774102	6.23489526736264	4.52080446120463e-10	1.00906194935089e-09
asRNA_278	15.817159238683	2.21	0.358065402721121	6.17378394639776	6.66746394150051e-10	1.47600667708753e-09
asRNA_279	1.12311616271865	-0.24	1.10564753638709	-0.215827522411162	0.829122194095528	0.862788388698695
asRNA_280	0.412833587043017	-0.51	2.06668353457052	-0.248346679126848	0.803866185261292	NA
asRNA_281	1.23015968352091	-4.11	1.42948950933247	-2.87790950872488	0.0040031995397758	0.00612428478612324
asRNA_282	7.71978293817333	-0.18	0.484604925861723	-0.370161841445151	0.711261906493048	0.758809040928925
asRNA_283	23.241198632777	-0.93	0.335345062849655	-2.78442826959655	0.00536221800917032	0.00812197904667688
asRNA_284	0.217173492193166	-0.48	3.26315850305071	-0.147474521019659	0.882757489106293	NA
asRNA_285	0.470733410684606	-1.01	1.76876826165594	-0.570113168534172	0.568600944165531	0.62897224794114
asRNA_286	7.56218263891621	0.80	0.495387034277676	1.60691933109808	0.108072065231242	0.140585780298959
asRNA_287	4.22965121095615	-0.53	0.652451511749874	-0.815789879631404	0.414620322479422	0.478701727137538
asRNA_288	3.19220856663313	0.61	0.787262941724033	0.774237538517956	0.438790333258072	0.501658371888339
asRNA_289	1.15752254391942	-0.23	1.21201845947383	-0.191366412996804	0.848238532300633	0.877221056526516
asRNA_290	2.45664612715688	3.27	1.10401195895713	2.9661440463006	0.00301559212593802	0.00464171150993792
asRNA_291	1.58013781399411	2.32	1.14157621837712	2.03506324585191	0.0418445095898999	0.0580466507981583
asRNA_292	0.532320200276627	0.29	1.80897000692554	0.158398009962565	0.874143181803709	0.897402547167492
asRNA_293	0.793706264257605	1.53	1.61591214621057	0.94462058021658	0.344852616326171	0.407120893046801
asRNA_294	8.70307704510359	1.93	0.533333577706379	3.62546304517856	0.000288444144577736	0.000481105649222058
asRNA_295	0.69969953000902	-0.52	1.77068643982977	-0.29383910986811	0.768880848238205	0.811403864792407
asRNA_296	4.37737569519599	0.47	0.721113225821903	0.655898389169945	0.511889504722912	0.573283588861928
asRNA_297	0.692251054931625	-1.49	1.78692830580896	-0.83192788395354	0.405449651635911	0.469658108509959
asRNA_298	0.463362858448237	-1.11	1.98063875936565	-0.561810474675924	0.574245154649652	0.634416217109795
asRNA_299	35.7353972836426	3.27	0.369816396985191	8.82922736902564	1.05401266431305e-18	3.07361998704578e-18
asRNA_300	0.116144479659902	-0.48	4.32794324778021	-0.111191992098704	0.911464101635524	NA
asRNA_301	14.6048078456376	1.32	0.372649595150628	3.54327096954665	0.000395196412919855	0.000651424697540662
asRNA_302	0.414220295104002	-0.48	2.2521670031534	-0.213675696916938	0.830799964690548	NA
asRNA_303	3.69073076523488	0.58	0.675288292737663	0.857721941324556	0.391046021385798	0.456143141132933
asRNA_304	145.07382672719	2.62	0.20442038397147	12.8065685091851	1.50650650692124e-37	7.36677485487532e-37
asRNA_305	2.98288000110336	-0.43	0.826057476237242	-0.522566383300345	0.601276039342508	0.658477908337974
asRNA_306	1.14856370510473	-0.90	1.10618240475474	-0.813985076329774	0.4156535004005	0.479606064845228
asRNA_307	1.99431224797239	-0.40	0.996437274679632	-0.397382867098841	0.691085147700232	0.741791486877259
asRNA_308	0.282229999990062	0.93	2.40138572197753	0.388917222760871	0.697337381291149	NA
asRNA_309	2.76703053927764	1.55	0.804572420508603	1.92637632702251	0.0540574011373783	0.0739079187668751
asRNA_310	7.12892926640582	0.50	0.473461000209666	1.04581852922154	0.295644824612638	0.354753581413183
asRNA_311	3.12423766686256	0.47	0.693647419273332	0.683409288327671	0.494348252428924	0.555765838705717
asRNA_312	0.991115888127776	0.10	1.8537916397488	0.0525327245899787	0.958104220872323	0.966083836726802
asRNA_313	4.40260269648839	2.39	0.796480918266185	2.99697620724675	0.00272671993824449	0.0042118406085246
asRNA_314	0.754495718871903	-1.09	1.54053221574743	-0.70879895172842	0.478449248389174	0.540489299629448
asRNA_315	4.11565200760919	-0.67	0.692222430333727	-0.965967474928498	0.33406045648104	0.396513273395852
asRNA_316	3.12103455215641	-0.50	0.726024062132094	-0.682036116393037	0.495216113881172	0.556563308526503
asRNA_317	3.17710240607126	-0.13	0.729674114068827	-0.1731295584148	0.862549591508468	0.887836885308188
asRNA_318	15.9857279694025	0.89	0.381094482183666	2.34705776478727	0.0189223209314447	0.0270836807135354
asRNA_319	1.67349775594616	-1.55	1.16569061562569	-1.32804201375472	0.184164227791215	0.231839585433831
asRNA_320	3.40765515824392	2.14	0.885365884575746	2.41889754692337	0.0155676241899187	0.0225393519714657
asRNA_321	72.7066932333567	3.09	0.286533503199273	10.7818234029363	4.19486765621995e-27	1.52623630476562e-26
asRNA_322	7.69909248718545	-0.02	0.472748341656289	-0.049977580250689	0.960140254358604	0.967451836614559
asRNA_323	3.26609581682888	-0.26	0.727573776836552	-0.351543887407289	0.725180353406346	0.771685869536599
asRNA_324	0.733704425201084	0.88	1.56044604799878	0.562227944619937	0.57396072430262	0.6343015747644
asRNA_325	0.910703808915066	2.54	1.45130318872538	1.74823735604693	0.0804229355394329	0.106915913168856
asRNA_326	0	NA	NA	NA	NA	NA
asRNA_327	0.559172211959556	-1.01	2.18642812546211	-0.463873274910316	0.642738541168811	0.697790667298607
asRNA_328	1.03465276442826	0.24	1.26705031971444	0.185828322748515	0.852579393025259	0.880186230862439
asRNA_329	0.489572134421225	-0.40	1.85197475728399	-0.214028277366134	0.830525005929363	0.863480395563516
asRNA_330	0.762226834245711	-1.75	1.53236256044232	-1.13893447530198	0.254730484951765	0.310433437232088
asRNA_331	0.504153297298835	1.34	1.93309734796213	0.695210054995969	0.486923671879234	0.548648591774067
asRNA_332	1.32063765812594	-0.13	1.23791783099307	-0.101945676346043	0.918799794319002	0.932612338205844
asRNA_333	64.8710475364078	3.05	0.226429592822887	13.4506707674303	3.05092102973596e-41	1.61565365541523e-40
asRNA_334	4.91118521275092	1.20	0.583511712496305	2.06138063743321	0.0392667406120999	0.0546868410508063
asRNA_335	3.40349684298734	2.28	0.813807352637816	2.8036006392112	0.0050535457871273	0.00766436253071445
asRNA_336	16.4267819250931	1.70	0.3885730553763	4.36445658806156	1.27439153222357e-05	2.31833609825749e-05
asRNA_337	0.310914679212854	-1.24	2.36327432921247	-0.526383646044432	0.598621676098034	NA
asRNA_338	1.34282650017606	1.09	1.10945128110738	0.979677754283234	0.32724521037434	0.389213392149156
asRNA_339	2.33090947153367	0.66	1.00484841492754	0.654515322053209	0.512779859002393	0.573914595141027
asRNA_340	0.554058790820339	0.25	1.75949389119036	0.142552407194661	0.886643687037898	0.90811143091892
asRNA_341	0.901352829758507	-0.47	1.34855015343361	-0.351260094939455	0.725393229481304	0.771685869536599
asRNA_342	13.6152259520912	-0.17	0.403952397376294	-0.430183520958173	0.667062148322081	0.720410705247255
asRNA_343	7.44258540375919	-1.06	0.464667533023066	-2.28337739985906	0.0224081473422707	0.0318393384535461
asRNA_344	13.6514722966559	1.84	0.399540290072465	4.59461014030257	4.33559082427976e-06	8.06691011343202e-06
asRNA_345	0.791382847645494	-0.11	1.40227850272516	-0.0799941817682375	0.936241883418853	0.947304107401611
asRNA_346	1.26224282562308	0.54	1.21227065382229	0.445029180743242	0.656298666240944	0.709878193829931
asRNA_347	3.12956285546918	-0.81	0.724082095545663	-1.11620844256869	0.264332921506694	0.321021406921481
asRNA_348	17.8351621576975	0.21	0.380848866258837	0.541948145398645	0.58785422851296	0.646602818392544
asRNA_349	10.7531196773457	-0.13	0.585801515258682	-0.214207672853433	0.830385112881427	0.863480395563516
asRNA_350	3.19679117630696	1.57	0.844504465244172	1.85785753950821	0.0631892474853377	0.0853626194386382
asRNA_351	3.39955961194863	1.44	0.860342596810957	1.66840584737001	0.095235188284115	0.125138752270033
asRNA_352	4.72638902511401	1.55	0.61817148084353	2.51198742049613	0.0120053368053017	0.0175262941885298
asRNA_353	2.34573657471966	-0.59	0.833750949568192	-0.708796458886788	0.478450795570585	0.540489299629448
asRNA_354	3.25867863140015	0.26	0.832875394653235	0.316860593739812	0.751349384071164	0.795053552584044
asRNA_355	2.0429053205882	1.41	1.04074788943095	1.35736331117717	0.174665799785704	0.220514787144052
asRNA_356	1.32869528070774	1.57	1.27536182447741	1.23094992505088	0.218341593408218	0.270500118015615
asRNA_357	2.28565602929841	1.90	1.00460313607652	1.88807389326897	0.0590160310853027	0.0801878038469419
asRNA_358	9.62297220918366	-0.08	0.404286166936056	-0.207041317821904	0.835977590570605	0.867607839341826
asRNA_359	1.61432006542852	-0.88	1.07478836123524	-0.819184629007684	0.412681083302226	0.476776335463678
asRNA_360	4.7955059490469	-0.21	0.644395165624899	-0.32914335540242	0.742047335356083	0.787346084749232
asRNA_361	4.38493508571307	-0.83	0.723044184652559	-1.14319469863261	0.252957762871156	0.308487219673717
asRNA_362	2.00814268564723	-0.61	0.958115590201176	-0.640260517580376	0.522003244637375	0.583122300961445
asRNA_363	3.65991321137322	0.09	0.65983731883649	0.141554975167658	0.887431533309665	0.90838837126829
asRNA_364	7.37682368378606	0.70	0.550510548283177	1.26573177884955	0.205609126814479	0.256445344314613
asRNA_365	3.13730993035452	1.00	0.797273079340271	1.24911834243089	0.211621792725411	0.263383237950698
asRNA_366	16.4143133614726	1.97	0.415965590109348	4.74532586407676	2.08170933809921e-06	3.92350005309087e-06
asRNA_367	19.8381235199449	1.06	0.316232926410063	3.36729658245945	0.0007590900416599	0.0012231138762129
asRNA_368	85.3347764980319	1.12	0.226497807581896	4.92736049030484	8.33478942885176e-07	1.60172116500813e-06
asRNA_369	3.25128844430435	0.18	0.715642028924513	0.253963797569822	0.799523526672665	0.838783471100367
asRNA_370	1.04600188502742	-0.35	1.27185382011438	-0.274277127477382	0.78387166039666	0.824992026274782
asRNA_371	434.471426739655	2.97	0.236490948020715	12.5657556561883	3.25747762589886e-36	1.53311044832854e-35
asRNA_372	19.139525655003	1.26	0.336836963285881	3.75140206779973	0.000175848439309164	0.000298118720625049
asRNA_373	9.12991242403484	-0.70	0.431432430930783	-1.62853262953424	0.103411996300607	0.134873521178094
asRNA_374	1.36081361263863	-0.67	1.22402573956301	-0.543900641737642	0.586509847337661	0.645528549844053
asRNA_375	1.63671945442455	0.71	0.938514205548063	0.751687099750393	0.452239250037867	0.51468784663953
asRNA_376	1.78110287310736	1.52	0.930487973474506	1.63606140064853	0.101826737563049	0.133102634245668
asRNA_377	5.6223784620701	1.69	0.619214480433073	2.72337907404683	0.00646178667339971	0.00967889633545494
asRNA_378	0.701830122142306	-2.77	1.79809203668211	-1.54279740793498	0.122879938602265	0.158323473186258
asRNA_379	0.372990418272122	-1.37	1.98296827777895	-0.692159501414911	0.488837168455389	NA
asRNA_380	0.557689691890967	-1.71	1.75286939541654	-0.978176530879044	0.327987021843105	0.389852612437309
asRNA_381	5.92464060661322	-0.26	0.616819504260712	-0.428194098071354	0.668509812847484	0.721530265265145
asRNA_382	1.21981262300728	0.22	1.22807020648303	0.182788269895467	0.854964152815643	0.881579776956159
asRNA_383	22.2863882464679	0.40	0.293006163296573	1.36418589373827	0.172509066703776	0.218027117781482
asRNA_384	5.54003677132535	-0.54	0.545806809773149	-0.992561616955028	0.320923637738	0.382602000712434
asRNA_385	16.9347133980251	0.26	0.33043622384515	0.786520515508982	0.431562604859285	0.494452519060771
asRNA_386	10.8977324443654	-0.06	0.374315180476441	-0.155172107198165	0.876685637148128	0.899749567970499
asRNA_387	13.4985386536353	0.06	0.361944764412196	0.166036035753126	0.86812859131958	0.892794224992105
asRNA_388	1.01499092772795	0.24	1.39587691577286	0.174271593440319	0.861652022766914	0.887404537158994
asRNA_389	3.6298005355512	0.26	0.672472772377409	0.386320777403314	0.699259114522474	0.749190952422462
asRNA_390	1.60008808146393	-1.02	1.16735776556136	-0.875549777015535	0.381274838489589	0.44621865264565
asRNA_391	1.42875248853976	0.00	1.0718533981921	0.00386216826365655	0.996918443232134	0.996918443232134
asRNA_392	48.5998247461457	1.06	0.24325112649311	4.34026677205538	1.42309841730637e-05	2.57950363611908e-05
asRNA_393	35.552573953	0.22	0.242774427904916	0.920717572443342	0.357197899310342	0.42056399211221
asRNA_394	7.05543454798562	-2.62	0.598864092376959	-4.3788360177562	1.19314865652741e-05	2.17392056723805e-05
asRNA_395	0.907460466883236	-2.07	1.52199102714839	-1.36288649537284	0.172918285460828	0.218465671195742
asRNA_396	3.13763791956172	-0.78	0.906388278748778	-0.857237012835555	0.391313910877925	0.456143141132933
asRNA_397	0.423577173817602	0.94	2.07696430827642	0.451503457045994	0.651626734015453	NA
asRNA_398	21.9132909671839	-2.49	0.324955479224592	-7.67400395487767	1.66708937674437e-14	4.36151326508903e-14
asRNA_399	1.05946862513049	-0.96	1.3135623128708	-0.729447200798095	0.46572815394934	0.528156184921231
asRNA_400	2.78355575436892	-0.18	0.836240999742705	-0.209326041351944	0.834193723997201	0.866040833200336
asRNA_401	7.71737604639193	2.84	0.757077950244202	3.7536122573811	0.000174304418573227	0.000295643871309469
asRNA_402	2.3107312438712	2.66	1.05172267986087	2.5284590335148	0.0114564455513977	0.0167598251378988
asRNA_403	8.86049438447829	2.22	0.526782918956065	4.20669050478233	2.59137644993722e-05	4.61375391264177e-05
asRNA_404	2.08375812693097	0.39	0.838189796032379	0.464180502298503	0.642518429210317	0.697767462096327
asRNA_405	2.95610020500169	1.85	0.831509115362279	2.2237552281632	0.0261649171885629	0.0370124996974393
asRNA_406	3.65730576930674	-0.10	0.70093805333891	-0.138835733066382	0.889579956512194	0.910322129791405
asRNA_407	12.0892454087948	0.78	0.432391859679288	1.79706068928442	0.072325985584178	0.0969980754394933
asRNA_408	16.6960478210215	1.45	0.343664499776952	4.21491510572666	2.49872163565736e-05	4.45556712178415e-05
asRNA_409	53.2373907751569	4.23	0.332560014681809	12.7276226865264	4.15292196950647e-37	2.00012469615051e-36
asRNA_410	3.71882378111757	2.67	0.844438846824462	3.1621473243341	0.00156610310140445	0.00246473860159261
asRNA_411	8.04371803880377	2.73	0.608848209673212	4.4785648684679	7.51465357685553e-06	1.38135857111727e-05
asRNA_412	12.6488210557451	1.37	0.381122027282945	3.58293656843184	0.000339753132243401	0.000562145733886231
asRNA_413	3.86170804042059	0.69	0.632547527092014	1.09100313547688	0.275271502915538	0.332209682011508
asRNA_414	10.1848088532558	1.48	0.416014315434616	3.54750383817839	0.000388900085156623	0.00064134720478389
asRNA_415	16.9907177228385	1.67	0.395343031582252	4.22336009878908	2.40686797065742e-05	4.29832830365117e-05
asRNA_416	0.82076572181283	1.99	1.56824690045609	1.26832324785052	0.204682538248909	0.255471166651944
asRNA_417	22.0473260900189	3.16	0.392980908247273	8.0531307536911	8.07026079222596e-16	2.19478587463248e-15
asRNA_418	1.16209569276152	-0.72	1.24561206406981	-0.578556632001112	0.56288837447566	0.623635557836555
asRNA_419	3.04519799516464	0.16	0.707366500267694	0.226638014990152	0.820705229660391	0.855043341643215
asRNA_420	8.42868932624028	2.67	0.56413629460553	4.73430842301423	2.19803271687922e-06	4.13795864287558e-06
asRNA_421	13.7047326819152	0.41	0.380632879734505	1.07334815467711	0.283114936909349	0.341000529498705
asRNA_422	156.325726567617	-0.95	0.190334033031712	-4.9915064984197	5.99101668342577e-07	1.16212483842585e-06
asRNA_423	16.388129972679	0.02	0.322828302125319	0.0601937984503387	0.95200128488018	0.961310472020222
asRNA_424	2.35741854859028	-0.90	0.933238587895398	-0.965121680544925	0.334483868931504	0.396747589127875
asRNA_425	1.12774607547499	-0.24	1.30397032101635	-0.186241067307129	0.852255720239141	0.880186230862439
asRNA_426	0.973341311962161	0.84	1.55022695648227	0.543403241018382	0.586852194699951	0.645702931868232
asRNA_427	0.516791564026125	-1.42	1.80110324543894	-0.788275652886445	0.430535485794589	0.49399022569438
asRNA_428	7.51825871560267	0.55	0.454611569895131	1.2049668142937	0.228216113296158	0.28154138221462
asRNA_429	1.40581128101242	-0.01	1.2223835578208	-0.00503436765711332	0.995983172740644	0.996266928630314
asRNA_430	7.33135829836389	1.06	0.482700374297611	2.18660718579764	0.0287712123262614	0.0405685648504031
asRNA_431	0.284911689134452	0.24	2.40468432751837	0.0998520610092021	0.920461775832823	NA
asRNA_432	1.6705930601696	-0.09	0.951571497885583	-0.0965285050202407	0.923100835894307	0.936436589085499
asRNA_433	9.69243038201541	-2.32	0.625491064544013	-3.71300250562224	0.000204814858583246	0.000344729131584744
asRNA_434	5.95399632180392	-1.51	0.566527267668912	-2.66793366920666	0.00763193238531346	0.0113589294636861
asRNA_435	5.1898258450465	-0.10	0.530774161681213	-0.189104751567231	0.850010717467293	0.878536246402021
asRNA_436	4.17286165480579	-0.70	0.728095699414573	-0.963757449109457	0.335167544372089	0.397299173826942
asRNA_437	216.02619630153	3.49	0.209790063900291	16.6158787816449	5.34853110872097e-62	4.55793512687363e-61
asRNA_438	101.246429029652	1.15	0.223651190651633	5.14552706274577	2.66770737775541e-07	5.26789685224929e-07
asRNA_439	10.3650737173161	-1.27	0.438763151732621	-2.88549175252269	0.00390802701145697	0.00598651083648578
asRNA_440	5.6106196645238	0.59	0.529099730854041	1.12226578477007	0.261749449331192	0.317993881177098
asRNA_441	0.303407309811737	2.20	2.58392200131084	0.849919553253715	0.395369813733758	NA
asRNA_442	77.8144630384827	2.29	0.197956263218537	11.5772304933864	5.37547373605855e-31	2.21777770708596e-30
asRNA_443	7.20354967345702	-1.25	0.515799445295004	-2.41375951361099	0.015788879624754	0.0228408555263746
asRNA_444	6.98956402559952	0.03	0.52824937661499	0.0589252213490887	0.953011669219627	0.962054045609578
asRNA_445	15.460215980576	0.14	0.397402245514132	0.351078070458079	0.725529779362094	0.771685869536599
asRNA_446	12.1601080175404	0.60	0.451101871241152	1.320632726918	0.186623855075052	0.234683508298176
asRNA_447	238.2345702482	-4.40	0.248591679237837	-17.6797197306126	6.00941863584058e-70	6.16931837147259e-69
asRNA_448	169.312573974734	-5.40	0.351128867441521	-15.3853181165325	2.05364696206617e-53	1.4655192040273e-52
asRNA_449	4.08169018351171	0.34	0.598715914597636	0.57520141977622	0.565155082691498	0.625751969514301
asRNA_450	3.24697825074452	1.67	0.816824651536751	2.05006692783383	0.040357900171209	0.0560952444580819
asRNA_451	1.30169905333924	0.41	1.079984976917	0.383833786142475	0.701101644881937	0.750706884775993
asRNA_452	87.5786446592569	3.49	0.230107315928466	15.163020151669	6.21447196926912e-52	4.26986518279919e-51
asRNA_453	4.41602967655339	0.50	0.569911043492753	0.87620400547638	0.380919139407684	0.44595101649229
asRNA_454	4.61095266300436	1.28	0.634768000632007	2.01416697390317	0.0439920058326828	0.0607854909400036
asRNA_455	7.13635214270469	1.39	0.511743258554548	2.72248260059655	0.00647934452733484	0.0096969218395024
asRNA_456	0	NA	NA	NA	NA	NA
asRNA_457	6.77518049299336	2.13	0.632893847984439	3.37237364451971	0.000745232723746436	0.00120244121924345
asRNA_458	1.34585466629035	1.29	1.15019457174557	1.12261933043673	0.261599202022286	0.317993881177098
asRNA_459	0.232231938178144	-0.53	2.8072588304012	-0.187223598281549	0.851485323216447	NA
asRNA_460	3.21719047239517	0.74	0.841757147502458	0.882704565432805	0.37739591481168	0.442564147262461
asRNA_461	9.17386687090425	1.79	0.478926579517344	3.74620416978062	0.000179530492490853	0.000303920713180031
asRNA_462	4.32526587498583	-0.08	0.603917562325131	-0.136732314994793	0.891242385739404	0.911325303037262
asRNA_463	8.99224771740973	0.98	0.484152919715387	2.02842589110373	0.0425167998454041	0.0589559574475568
asRNA_464	7.15134946933817	0.28	0.501694812296577	0.550034064502585	0.582296009371896	0.641695319806883
asRNA_465	2.97569884518891	0.77	0.789862652436859	0.97814071553281	0.328004732879467	0.389852612437309
asRNA_466	5.17878538837143	0.21	0.619590526777809	0.342409421774385	0.732042799017888	0.777435652556505
asRNA_467	14.2698051967948	0.90	0.383011309477116	2.35941361140675	0.0183038420474507	0.0262626846868
asRNA_468	2.20026171705503	1.09	0.957697749250793	1.13916053118826	0.254636204271465	0.310426289304553
asRNA_469	11.0863684249995	1.81	0.484735177165922	3.73003567193957	0.000191452663001787	0.00032301311859648
asRNA_470	2.17879918732207	0.85	0.861547197343524	0.991527082286215	0.321428274889981	0.382813661173244
asRNA_471	2.1159578570881	0.64	0.951514563295191	0.674060679212563	0.500272736868458	0.561347900014431
asRNA_472	2.58656305406487	1.73	0.902180496913193	1.91484450201294	0.0555123372176322	0.0757790886357335
asRNA_473	0.457493792855811	0.24	1.91584960292142	0.125038838689574	0.90049280278033	0.918011100627682
asRNA_474	0.672860401740848	-0.75	1.60598357114454	-0.464975362950655	0.641949099843931	0.697364879193083
asRNA_475	14.0339558961421	2.24	0.370982297352121	6.02590787583648	1.68162953770501e-09	3.66265589756965e-09
asRNA_476	23.038381015009	1.67	0.323223818016413	5.15666179516518	2.5139126830895e-07	4.97819934028609e-07
asRNA_477	3.81798299247899	1.60	0.769078701630767	2.0791833544657	0.0376005010010761	0.0524703334716924
asRNA_478	2.60442706908908	1.02	0.910912030489959	1.11512677743493	0.264796098138065	0.321361597152695
asRNA_479	0.809529424517351	-1.25	1.83183285047003	-0.680211516942915	0.496370541011347	0.557503829011785
asRNA_480	454.012362697024	3.51	0.182797700014603	19.2191028294326	2.56160896973246e-82	3.34342345454672e-81
asRNA_481	0.499093900905519	2.00	1.90445997981702	1.05120283122683	0.293165443127301	0.352139538426258
asRNA_482	400.375927718879	-0.13	0.153421067846733	-0.855738096690692	0.392142662677144	0.456654357764329
asRNA_483	2.24539951692751	0.99	0.92421119429061	1.07636251877831	0.28176515827434	0.339724406147392
asRNA_484	154.606206277407	3.22	0.232790031806879	13.8344089555499	1.58030019083586e-43	8.8917211058088e-43
asRNA_485	17.2946920979724	1.65	0.33910870169514	4.85944864638945	1.17713109630237e-06	2.25103882304881e-06
asRNA_486	2.8311010590555	2.27	0.847866972342998	2.67188874042582	0.00754256519569505	0.0112354460764045
asRNA_487	0.350022362052669	0.00	2.26730722711701	0	1	NA
asRNA_488	1.32613646771467	1.03	1.28989061806222	0.795113380081505	0.426547552156506	0.489894817017171
asRNA_489	1.90252949197906	-1.38	1.03705081754133	-1.33106773416506	0.183166724594923	0.230666560277178
asRNA_490	1.987759733883	0.75	0.888144217931949	0.840488128665941	0.400634754933138	0.464540496885815
asRNA_491	1.80802077373492	0.73	1.32270892913687	0.54843670170658	0.583392081324953	0.642499873755304
asRNA_492	0.427113012092291	0.99	2.09672009535056	0.47398321860166	0.635511874138926	0.691227444269445
asRNA_493	1.07518738933981	-0.78	1.45995456450071	-0.532108549097624	0.594650816623006	0.652647395174547
asRNA_494	9.74950008232976	-1.29	0.467983062883869	-2.7573747941009	0.00582675230386529	0.00877261035114538
asRNA_495	6.48453503020121	-0.19	0.520637343944668	-0.372284233791726	0.709681235981346	0.758069488752086
asRNA_496	2.19382418128449	1.35	0.998112319409625	1.34824589608388	0.177579307355527	0.223951489987519
asRNA_497	100.825704875221	2.01	0.175979257008229	11.4212506549214	3.2748695787917e-30	1.32161690702732e-29
asRNA_498	13.8980788910069	2.03	0.452183831422269	4.4916212690064	7.06830351395947e-06	1.30135362545945e-05
asRNA_499	4.42648675974193	-0.01	0.609002878437531	-0.0177780672063151	0.985815901829341	0.988265804850189
asRNA_500	11.2346666161251	1.23	0.438588509575102	2.80985670364364	0.00495635620487731	0.00752021030048584
asRNA_501	2.3643327384081	-3.02	1.23350225796341	-2.44735391941364	0.0143909448559919	0.0209133308730908
asRNA_502	15.0001146143863	0.88	0.337138031607722	2.60960019239056	0.00906480965804882	0.0133724986173989
asRNA_503	3.88965397936681	-0.41	0.704225751967367	-0.581881752139115	0.560646332624137	0.621936579413379
asRNA_504	5.64366599684006	-0.51	0.659651405840683	-0.768773403860788	0.442027840177033	0.504866540943905
asRNA_505	25.4358735551405	2.84	0.309394947941702	9.17594922373184	4.47613248614722e-20	1.35831470690258e-19
asRNA_506	1.46248143526793	0.10	1.08747460575651	0.089229118685802	0.928899824305425	0.940959977823528
asRNA_507	0.524773755245477	0.78	1.74014398885802	0.449594525186554	0.653002836448521	0.706966684789009
asRNA_508	62.9292935399281	2.93	0.243336224797421	12.0436650479802	2.09439517509279e-33	9.10076913335494e-33
asRNA_509	6.15068768691352	2.42	0.690466027095849	3.50623064977904	0.000454501184001412	0.00074498303316011
asRNA_510	15.4428031668213	1.54	0.3540797935841	4.35888924493784	1.30724246098219e-05	2.37563575595676e-05
asRNA_511	13.327244511882	2.17	0.421449866825307	5.15541632146108	2.53068035110583e-07	5.00857875576807e-07
asRNA_512	1.77432803380247	2.94	1.33892276747036	2.19858072654014	0.0279077486602518	0.0393826790780322
asRNA_513	6.2100783002737	2.24	0.588717529739484	3.81077695665279	0.000138530714839912	0.000236222117437071
asRNA_514	14.4693909452512	0.97	0.378596474228327	2.56567919595919	0.0102974016559041	0.015133602852189
asRNA_515	2.99826039692041	1.66	0.801091400035757	2.07438653381264	0.0380434269443088	0.0530673309501265
asRNA_516	6.88025590915667	0.01	0.600779911752814	0.0236940083030184	0.981096685347171	0.985306196296887
asRNA_517	1.27639718294081	-0.05	1.21034474171966	-0.0409044365801759	0.967372080529902	0.973750967528809
asRNA_518	151.0477792852	-1.34	0.216347862719871	-6.19209250798156	5.93706877120826e-10	1.31763896685918e-09
asRNA_519	510.504078146011	2.72	0.231308518704149	11.7621244811142	6.11753294753968e-32	2.56614793056294e-31
asRNA_520	0.804493701070247	0.32	1.43700204693229	0.22021247109577	0.825705684485514	0.859997822079098
asRNA_521	1.28333545334511	0.76	1.21386698407667	0.629964658509217	0.528717707222952	0.589684838011367
asRNA_522	2.22337778157177	0.27	0.837600669083001	0.319194540856126	0.749578996388768	0.793419311522751
asRNA_523	6.51352205939957	1.51	0.571469167212813	2.63512418520561	0.00841065054148164	0.0124545736192079
asRNA_524	1.79092650184329	-0.38	0.88076318058803	-0.428975832445365	0.667940812469733	0.721137820596935
asRNA_525	6.23983833848621	-0.14	0.588402157445368	-0.236292018897093	0.81320607961387	0.849398132349134
asRNA_526	87.9772226817497	-0.71	0.217303943192464	-3.2459104481995	0.00117075661028225	0.00186503015367558
asRNA_527	35.3506057104844	0.96	0.22890019641107	4.17996390056228	2.91555375440394e-05	5.17779930789694e-05
asRNA_528	6.7458884157331	-0.48	0.567823266056695	-0.847231272859871	0.396866225636407	0.461084486502127
asRNA_529	21.0783736308349	0.14	0.300203740401339	0.47759693054654	0.632937115975662	0.68885375517376
asRNA_530	153.26071090702	0.61	0.17342525515795	3.50802136888604	0.000451452785752438	0.000740331962062965
asRNA_531	15.6140002850034	1.98	0.430220773732782	4.5960915425438	4.30489626347371e-06	8.01404601328536e-06
asRNA_532	0.954892187210137	-0.72	1.69898530928172	-0.425604458319043	0.670396091075721	0.722455701585898
asRNA_533	11.7343091802507	3.87	0.588882147710181	6.57681459042287	4.80633482834412e-11	1.11977714547553e-10
asRNA_534	14.6682832456311	0.64	0.344156416825301	1.85675478026893	0.0633460498836323	0.0855415312082434
asRNA_535	6.27687722577476	1.49	0.603493911288619	2.46504514789483	0.0136995988478408	0.0199333989037585
asRNA_536	370.579506121168	1.31	0.189627062430321	6.89492800017856	5.38920915043728e-12	1.31126218483613e-11
asRNA_537	2.09947400020178	-0.12	0.922347179649429	-0.133545383073456	0.893762075168434	0.912739571238037
asRNA_538	62.4625201374865	-4.12	0.386957058736086	-10.637493415622	1.99422001173066e-26	7.14459842978198e-26
asRNA_539	15.8093607318241	-0.28	0.354519543391221	-0.780471317339237	0.435113504042363	0.497616779378742
asRNA_540	2.92434164349384	0.73	0.793289257975686	0.915714554403968	0.359816629270957	0.422938127007141
asRNA_541	2.75219582665344	3.63	1.15012494414898	3.15712622683852	0.00159332358111856	0.00250522126883441
asRNA_542	1.91455767040016	-2.62	1.33261173798387	-1.96805115218082	0.0490621524472751	0.0674724705218891
asRNA_543	0.432495404432516	2.26	2.00068139788948	1.13114949399662	0.257992175473394	0.314081320418546
asRNA_544	1.83843693785162	0.27	0.998387846660281	0.271423631217871	0.78606522889441	0.826764235083232
asRNA_545	2.24567139024644	-0.97	0.87256595102462	-1.11193398089201	0.266166536949117	0.322801627367306
asRNA_546	1.01096076983368	-0.70	1.32422524126931	-0.529733669983866	0.596296599860369	0.654044786663467
asRNA_547	265.771372380493	2.22	0.149053732930218	14.9039458581093	3.10677088616103e-50	2.03126118832614e-49
asRNA_548	1.77640954945039	-0.75	1.08282902635031	-0.694061363295233	0.487643727281688	0.549107481233485
asRNA_549	1.73839902345231	2.71	1.27510211680565	2.12462865530194	0.0336176108582838	0.0470807465988969
asRNA_550	1.8656893751992	1.67	1.19351199935702	1.40128551045871	0.161128712321923	0.204601413729574
asRNA_551	13.6803947647191	2.75	0.524617751970447	5.2435759529651	1.57493932419148e-07	3.15977826699216e-07
asRNA_552	0.667567700384581	-1.81	1.79640478607238	-1.00921460132305	0.312871725518734	0.374401032139153
asRNA_553	3.42463819370941	-1.74	0.740848468579502	-2.34674434525762	0.0189382441611081	0.0270954259371029
asRNA_554	2.56113100424884	-1.12	0.996447478011478	-1.1277427230757	0.259428589032914	0.315611149027914
asRNA_555	51.549078535819	2.55	0.277427515005305	9.17598318524164	4.47472161809083e-20	1.35831470690258e-19
asRNA_556	0.723614360210997	0.80	1.58914024847926	0.506080017702661	0.612800477672418	0.669845104952634
asRNA_557	34.7733115162439	0.78	0.258610683985962	2.9975451688129	0.00272163523929273	0.00420583685086125
asRNA_558	25.024070427098	-1.42	0.273104867220012	-5.18775688387032	2.12842213586865e-07	4.23633226702655e-07
asRNA_559	109.301570997623	-0.73	0.219323869862276	-3.32416989438822	0.00088682152618876	0.00142110012708751
asRNA_560	59.878746356865	1.57	0.234900175208832	6.68625904835376	2.28947610443842e-11	5.42033081772305e-11
asRNA_561	27.1754240188741	1.96	0.307049247352412	6.38417072141621	1.72328755496312e-10	3.91109412118649e-10
asRNA_562	92.2327351064439	2.93	0.226751323961837	12.9216750002378	3.39665682775105e-38	1.69398609690823e-37
asRNA_563	50.5805897713094	2.93	0.281626424295165	10.3926899579627	2.67694859067119e-25	9.39876650184655e-25
asRNA_564	5.24680911372086	-0.52	0.597891906660686	-0.864084405324894	0.387541525098324	0.452496938683145
asRNA_565	3.62118818468983	4.02	1.15596384174824	3.47749152008252	0.000506129060040276	0.000827290097672909
asRNA_566	15.0253641623915	3.93	0.733770471217842	5.34919802027303	8.83448375328573e-08	1.78983684118789e-07
asRNA_567	30.500736012707	4.48	0.722501703440581	6.20101494090564	5.61001870982679e-10	1.24663137279759e-09
asRNA_568	30.5591687411176	7.23	1.17468851228297	6.15217422314866	7.64278509447203e-10	1.68766153878562e-09
asRNA_569	23.6751828176337	1.28	0.265251326278263	4.83081913957838	1.35972476699186e-06	2.59174465630208e-06
asRNA_570	148.223759420107	2.74	0.29013542974853	9.45949871024132	3.09423012800402e-21	9.68256860911062e-21
asRNA_571	221.510860648687	3.18	0.227224976910597	14.015278265319	1.25704606097374e-44	7.29502267781621e-44
asRNA_572	7.65607781332949	1.34	0.482833186000525	2.77312146055352	0.0055521393459804	0.00838793513069587
asRNA_573	7.98375735871501	0.79	0.455056619480382	1.74333247769969	0.0812755553861744	0.107967640923518
asRNA_574	32.0702204956592	1.76	0.318531781177947	5.53320125739754	3.14438323262415e-08	6.50555658794542e-08
asRNA_575	2.6576063112273	1.28	0.856283962963635	1.49926214074864	0.133805639842859	0.171269267768238
asRNA_576	237.324487621943	4.68	0.429967849591389	10.8865920399281	1.33544495320084e-27	4.94072416300119e-27
asRNA_577	216.995360567584	4.59	0.41081965677895	11.1818592619189	5.00306850451166e-29	1.93668947291515e-28
asRNA_578	10.3604875434982	2.91	0.564719642332882	5.15087856454373	2.59269029501027e-07	5.12552681631816e-07
asRNA_579	0.705472965008735	-1.12	1.66071684670061	-0.67615087690924	0.498944857386082	0.560036890755286
asRNA_580	8.06547731487734	-0.39	0.684459035282764	-0.571436933139143	0.567703499514157	0.628177430442548
asRNA_581	3.27254261611111	0.52	0.746564922588374	0.699257610961202	0.484391052686586	0.546320907800387
asRNA_582	0.483579280543596	1.00	2.25100577219019	0.444003174115291	0.657040289058556	0.710461489031288
asRNA_583	368.435696319378	1.55	0.143945784430428	10.7792534741307	4.31372352226749e-27	1.56785541269991e-26
asRNA_584	12.3909230551486	1.44	0.436203193787449	3.30847602190373	0.000938052171466419	0.00149977284791375
asRNA_585	0.63992942137677	1.20	1.74784236925868	0.687198872199747	0.491957414970527	0.553609770500487
asRNA_586	5.55613299611296	2.33	0.694080808313901	3.35031948014563	0.000807184031284663	0.00129822406497501
asRNA_587	0.991359482428902	-1.67	1.49882881617404	-1.11147494541709	0.266363968656117	0.322922887596933
asRNA_588	3.96464248835993	-1.18	0.673856322560869	-1.75087740937702	0.0799670288660617	0.106390389673643
asRNA_589	44.5080507347602	3.46	0.335273862278833	10.3295313800163	5.18130894634075e-25	1.79758653266822e-24
asRNA_590	38.392081768838	-0.71	0.334319206719405	-2.13370033004527	0.0328673190436178	0.0460483468324589
asRNA_591	20.4087563519168	0.08	0.363792027424107	0.228742335231003	0.819069188243982	0.853592140078546
asRNA_592	104.436090906569	0.02	0.183108417224758	0.0850457025960559	0.932225056879135	0.943511725195343
asRNA_593	5.71615104517895	-0.01	0.530546675856421	-0.0124236677240284	0.990087602327441	0.9914995926331
asRNA_594	0.553176098984897	0.84	1.66006707660651	0.503900750507823	0.614331123149754	0.670683014110319
asRNA_595	477.777808075453	4.50	0.216694225362544	20.757309298103	1.05299849121885e-95	1.8034525378875e-94
asRNA_596	84.8136969848116	3.31	0.244409174930053	13.5240931533746	1.12725134603716e-41	6.03320042063485e-41
asRNA_597	14.5418146381823	3.12	0.464568571277137	6.71084074736621	1.93506207647118e-11	4.59675436433714e-11
asRNA_598	0.902369200189773	-3.98	1.69031398496275	-2.35714567069557	0.0184160210368504	0.0264020620091392
asRNA_599	2.58293545956188	-2.95	0.960042381945541	-3.07043858306417	0.00213744641576381	0.00332944736723458
asRNA_600	8.29594036924835	-0.47	0.522731837491195	-0.900141934278875	0.36804472228178	0.432320180639454
asRNA_601	7.53368382785807	0.53	0.472144965053261	1.1252918997025	0.260465361123087	0.316762688916924
asRNA_602	25.7001713565153	-0.55	0.35278897420096	-1.55228752515844	0.1205934414841	0.155605870286907
asRNA_603	2.9949231921455	-0.57	0.766739710582079	-0.745702559995025	0.455847112401026	0.517954437423949
asRNA_604	1.64813755510308	0.59	1.09860763896839	0.533448530729991	0.593723130641854	0.651832993021748
asRNA_605	1.81975506823018	-0.84	1.11508613168735	-0.755886500219167	0.449717248544387	0.512482070639189
asRNA_606	24.4379582113086	0.54	0.318613910053492	1.70248112856553	0.088665213149399	0.11698743456127
asRNA_607	3.10851420454827	0.57	0.811948055647713	0.702355185009394	0.482457686000396	0.544665252587585
asRNA_608	13.972565282186	-0.56	0.337292172520021	-1.67372526424348	0.0941846061732308	0.123850993361129
asRNA_609	226.262047254666	0.86	0.203949582244577	4.21518838669091	2.49569773165386e-05	4.45243634951052e-05
asRNA_610	2.84310666028373	-1.24	0.759581960471378	-1.63088689416305	0.102914187646738	0.134324056813271
asRNA_611	1.11609634389943	-1.46	1.33132757714687	-1.09472831536591	0.273635679728667	0.330376503276255
asRNA_612	2.1411505394737	-3.33	1.15938457677883	-2.87316562371644	0.00406381009258905	0.00620889348785037
asRNA_613	48.4297154775493	2.57	0.301113121710624	8.53474177515739	1.40468799989275e-17	4.0096419248971e-17
asRNA_614	1.5035948040566	-0.12	1.26713806094204	-0.0920206302540778	0.926681648561143	0.938983915757049
asRNA_615	2.40158117924474	-1.82	0.949660190070549	-1.91428374011752	0.0555839108814141	0.0758473031887466
asRNA_616	0.65777187138347	-0.81	1.55595345511212	-0.523589165510315	0.6005643188366	0.657903689059377
asRNA_617	2.13027983262651	1.11	0.922390350223283	1.20438528039675	0.228440698626754	0.28171945657834
asRNA_618	408.81337259741	-5.16	0.296976779035139	-17.3694128627582	1.40657819066076e-67	1.36422542193645e-66
asRNA_619	6.17062632737249	-1.43	0.602619992133123	-2.37614541376168	0.0174945668832357	0.0251632217644574
asRNA_620	6.97455277474347	-1.48	0.512378219330553	-2.89754824619707	0.00376091887134858	0.00576871391756438
asRNA_621	3.74527771958904	-2.78	0.82684336108755	-3.35666776244868	0.000788878456070553	0.0012693640051621
asRNA_622	5.11375531137356	-1.15	0.702409403071994	-1.63621091988151	0.10179545180703	0.133102634245668
asRNA_623	93.0481744290134	0.93	0.193192060418965	4.82494092478645	1.40044770941323e-06	2.66647066580795e-06
asRNA_624	36.0365440709518	-4.87	0.538225247484034	-9.04467948116679	1.50104882041984e-19	4.48908211967126e-19
asRNA_625	2.00997537532683	-1.11	0.938113750512812	-1.18463318449767	0.23616251053759	0.290222812214728
asRNA_626	48.3490190115918	0.07	0.195980903672226	0.369835719775999	0.711504898761241	0.758837697311883
asRNA_627	51.9395430416669	1.17	0.210514623747056	5.56130857189886	2.67759276321485e-08	5.55288138904154e-08
asRNA_628	0.252973853071386	0.00	2.74507640211946	0	1	NA
asRNA_629	2.62628858055124	0.55	0.840040701873715	0.65502749746777	0.512450050228148	0.573728356617036
asRNA_630	2.63657122208608	0.36	0.783524899561154	0.46352744507763	0.642986347240816	0.697843915042506
asRNA_631	1.94478479747896	0.91	1.01538458794843	0.898103120385816	0.369130575623991	0.433450652513656
asRNA_632	3.69365866908777	-0.53	0.694819434590289	-0.769047331205811	0.441865213056442	0.50484502539576
asRNA_633	10.7778598404043	1.61	0.580661433923972	2.77337386477607	0.00554783429394069	0.00838503926217209
asRNA_634	203.96827499455	-0.48	0.179489911616616	-2.67485343059505	0.00747619273459313	0.0111460351130176
asRNA_635	2.88017714413441	0.24	0.806362719483112	0.296200682134608	0.767076827932485	0.80998699033713
asRNA_636	0.370911013468358	2.31	2.09102343042118	1.10247590133891	0.270254829664556	NA
asRNA_637	1.30801247548794	0.84	1.16524164049775	0.716945791878099	0.473407545406471	0.535826528666061
asRNA_638	2.54293793842831	-1.60	0.953841422585159	-1.67864805185938	0.0932206557588698	0.122721305725306
asRNA_639	2.66741122066986	-1.78	0.940236050971284	-1.89190880232826	0.0585031327871848	0.0795833007422727
asRNA_640	14.2244085935005	-0.27	0.359415674736422	-0.743573897941799	0.457134299321668	0.519081023582916
asRNA_641	1.41532857628781	0.63	1.24567143794255	0.505373131240126	0.613296786818185	0.670102170501121
asRNA_642	3.29302167035109	-0.57	0.723974483783023	-0.789740790218853	0.429679164297732	0.493168861016455
asRNA_643	1.30996338325779	-1.47	1.27884669124186	-1.14814765411687	0.250907614410033	0.306519357757003
asRNA_644	2.91645926585289	-1.61	0.894956884939469	-1.79469147813411	0.0727028690553056	0.0974034157856641
asRNA_645	1.59708754811081	-0.22	1.03978188034167	-0.209291037966537	0.834221047531626	0.866040833200336
asRNA_646	0.945406747427591	0.16	1.53716981961585	0.103086996888255	0.917893925018803	0.931962281879994
asRNA_647	2.91563231050628	0.36	0.752331023712739	0.481221236500788	0.630359269115375	0.68647375740201
asRNA_648	10.6950817210389	1.66	0.432636028271005	3.82539007731454	0.000130565183413335	0.000222964182375593
asRNA_649	4.12155147617088	-0.60	0.736421030697257	-0.813944400849455	0.415676802997445	0.479606064845228
asRNA_650	0.466957649760461	1.17	1.78177145046589	0.659359340961416	0.509665044838644	0.570974464718724
asRNA_651	4.27740295194078	0.21	0.661605391489725	0.324151083753427	0.74582365374237	0.789920617885207
asRNA_652	0.0661945404380891	0.00	4.32794324778021	0	1	NA
asRNA_653	0.472263014253999	0.27	2.22878790082741	0.119016585329331	0.905262215983253	0.921268301541218
asRNA_654	1.00119366499144	-0.05	1.34772537991829	-0.0356226831128729	0.971583221289842	0.977709570062664
asRNA_655	6.06972441731477	-0.23	0.583043231365894	-0.395767151997064	0.692276811322509	0.742843485499183
asRNA_656	17.8434385952846	0.82	0.39073492158715	2.10986943533642	0.0348696035903919	0.048814664356406
asRNA_657	5.64151504774097	0.77	0.580706628530235	1.32279139595144	0.185904759319072	0.233862991748213
asRNA_658	3.71039747660078	-0.22	0.659706139439185	-0.327806644674997	0.743057862968897	0.787704153648489
asRNA_659	16.1282717561052	0.45	0.360640902456293	1.25723591086416	0.208668223300368	0.259891497696911
asRNA_660	12.1315984476635	-0.02	0.400760557191087	-0.0497927203402297	0.960287567815932	0.967451836614559
asRNA_661	2.18326658837146	-0.74	0.984845509421444	-0.753518808257937	0.451138213409408	0.513767845371531
asRNA_662	72.6694362323678	3.34	0.302120163006629	11.0698494159591	1.75695590345931e-28	6.73435827188389e-28
asRNA_663	120.329026879987	2.00	0.174959382695132	11.4402736685221	2.63054449179278e-30	1.06649442386657e-29
asRNA_664	3.16100496541146	1.56	0.873844512958303	1.78967806747782	0.0735056802537492	0.0983905617121286
asRNA_665	6.71140047814222	1.88	0.543650930745679	3.45236580391442	0.000555693812793839	0.000904096838146046
asRNA_666	0.583042612907708	-1.12	1.84352971651241	-0.609925097152044	0.541911426545183	0.603058959936652
asRNA_667	1.98787345508339	0.27	1.05740704629259	0.252615770586453	0.800565142042931	0.839541282470948
asRNA_668	1.19923884704312	0.59	1.30385992768151	0.450528001002869	0.652329768623751	0.706584624888221
asRNA_669	53.5565178599196	1.55	0.375597948989627	4.12988583708963	3.6294341524338e-05	6.40670855163151e-05
asRNA_670	18.0914297213441	-1.45	0.32612560813647	-4.44290850007293	8.87509150952334e-06	1.62717735195491e-05
asRNA_671	2.93800138719246	0.97	0.738469779060029	1.3180943562376	0.187472063558392	0.235665741193525
asRNA_672	0	NA	NA	NA	NA	NA
asRNA_673	3.56193518720375	-0.09	0.703281004199216	-0.128573662223789	0.89769500779687	0.91569063694794
asRNA_674	4.96134212050815	-0.59	0.585643654787182	-1.00317914119782	0.31577443524412	0.377360123261438
asRNA_675	15.6382062395001	1.78	0.492633862741225	3.60365606790275	0.000313772196498698	0.000520876681752684
asRNA_676	5.99583099510632	0.02	0.518760952172718	0.0449147981084754	0.964175221563424	0.97081135730117
asRNA_677	4.42847577147624	-0.35	0.65810243576984	-0.534372250373308	0.59308401393429	0.651334993094555
asRNA_678	19.5124709104174	2.55	0.388368792016644	6.56300869706453	5.27327706154786e-11	1.22693676362455e-10
asRNA_679	0.405831816276045	-0.26	2.02305643436214	-0.130568913453915	0.896116335623274	NA
asRNA_680	2.319642254745	3.54	1.18128475839734	2.99933834244317	0.00270566661933618	0.00418300110105211
asRNA_681	0.872385704287989	-1.03	1.36015738918769	-0.756667086829485	0.449249338041814	0.51211507333273
asRNA_682	1.56491108403901	-1.28	1.1309314869942	-1.13288252628305	0.257263588883657	0.31330296932727
asRNA_683	3.96923829325749	-2.66	0.769181448627204	-3.46453397184565	0.000531151048219862	0.000865771276833768
asRNA_684	1.30816277356954	-2.03	1.15262892933695	-1.7620016131876	0.0780690249228141	0.104062394268793
asRNA_685	10.8544960782442	0.46	0.397827823121741	1.14463769432888	0.252359270895117	0.3078642807897
asRNA_686	11.5871016326645	0.22	0.362192642938145	0.594773997271208	0.551994551128332	0.613113846571203
asRNA_687	2.2694533442893	-2.13	0.94299200083814	-2.25396406728965	0.0241984285953886	0.0343136844904723
asRNA_688	0.582660571286619	-2.46	1.67422802823625	-1.46879156327983	0.141889333089983	0.181125964746539
asRNA_689	0.713280342145753	-1.94	1.56380950105221	-1.24174114912458	0.214332082417614	0.266378740307343
asRNA_690	29.1864914079541	2.60	0.376898693973457	6.90074892698569	5.17290894480965e-12	1.25950647054277e-11
asRNA_691	2.02902766532539	-1.93	0.98274467108372	-1.96692184080844	0.0491922221607144	0.0676248598301755
asRNA_692	11.6226998703021	-0.52	0.381223727685014	-1.35140064473262	0.176567127393858	0.222835077023665
asRNA_693	58.3338819934237	2.30	0.241193122790803	9.54647796414658	1.34180499666897e-21	4.23658034469853e-21
asRNA_694	5.03849986611566	-0.20	0.617301801495865	-0.325602515685771	0.744725108596184	0.789233279891699
asRNA_695	14.4367919165476	-0.35	0.359521179826267	-0.969026554832328	0.332531940112404	0.394832479450338
asRNA_696	13.6484441035537	-0.81	0.36719264684309	-2.19555574990699	0.0281237564197555	0.0396715583727447
asRNA_697	8.84607608683992	-0.10	0.450320676632375	-0.215046854798975	0.829730788168535	0.863165865854734
asRNA_698	2.54188866583723	-0.99	0.861525437344807	-1.15292422924583	0.248941486131596	0.304329233220068
asRNA_699	10.1396455252816	1.22	0.454853003677899	2.68821942769489	0.00718341751420398	0.0107232053113819
asRNA_700	60.7252222903182	2.51	0.21660721165863	11.5670415605162	6.05341279507142e-31	2.4887040191447e-30
asRNA_701	1.33851101493979	1.51	1.2482725562338	1.20897858793603	0.226671071671668	0.279733614284438
asRNA_702	0.960580478760432	-0.74	1.27261899256648	-0.58102961798557	0.56122049212979	0.622138329047765
asRNA_703	5.62254118225035	-0.72	0.612563091574556	-1.18210399549817	0.237164439237105	0.291250208520978
asRNA_704	10.8954870408666	0.23	0.382287517664061	0.600537206967117	0.548148272054026	0.609034361766356
asRNA_705	7.88755049485776	-0.13	0.465512534713237	-0.273623713374528	0.784373808597645	0.825273132150534
asRNA_706	20.6792438142657	3.52	0.396027746359744	8.88983606100159	6.11991361123844e-19	1.79807671038144e-18
asRNA_707	5.24336877967811	1.14	0.613192616300671	1.86285923524275	0.0624820734268496	0.084504838136236
asRNA_708	2.82339318872137	0.57	0.696438431529776	0.811353644629412	0.41716261161141	0.480530816721673
asRNA_709	21.0700518736511	1.62	0.322941119040396	5.02074753541093	5.14707737652168e-07	1.00118496780984e-06
asRNA_710	5.89440840095156	-0.10	0.660841146038918	-0.158716891539839	0.873891929353004	0.897402547167492
asRNA_711	0.347457419861496	0.89	2.61632514240626	0.340729782533401	0.733307015665935	NA
asRNA_712	0.60825985545978	-0.46	1.83035887680068	-0.249058715147441	0.803315363864635	0.841922460456339
asRNA_713	1.18136935957593	0.07	1.05734575155876	0.0689291748842471	0.945045995542277	0.955539805260819
asRNA_714	40.8695731870095	2.65	0.271577818457817	9.7402039247669	2.03146282143668e-22	6.54354675785705e-22
asRNA_715	2.34096059429258	-0.73	1.00462162918218	-0.730653447395245	0.464990857010734	0.527490435852888
asRNA_716	2.38321862567036	0.47	0.947023360288009	0.49990340361689	0.617143095568799	0.673543490376765
asRNA_717	6.71659854882731	-1.11	0.571373404761055	-1.9508291071907	0.0510773780976012	0.0700518259768273
asRNA_718	0.0857273126353844	-1.08	4.32417162435754	-0.250654285271433	0.802081407542592	NA
asRNA_719	1.20809959885774	0.48	1.2895045336697	0.373746397912117	0.70859300223014	0.757573090995743
asRNA_720	2.48569251696828	1.42	0.882861373459243	1.60445937432469	0.10861283247535	0.141236909192946
asRNA_721	1.8285013543758	-0.93	1.05361078088909	-0.883149295463845	0.377155612902059	0.442430122585743
asRNA_722	3.0115198319378	0.32	0.744908829932478	0.433080687496069	0.664956152500732	0.718370868073029
asRNA_723	1.48454045465957	-1.97	1.38444348607624	-1.42089754223891	0.155346547621736	0.197544994096311
asRNA_724	4.9558734804572	0.33	0.605067114147127	0.553061855688656	0.580221054971718	0.640212483974137
asRNA_725	11.4012339232951	1.35	0.430250094410342	3.12742897967128	0.0017634241875306	0.00276648003682749
asRNA_726	2.61400732067923	0.11	0.913801160043378	0.123005122711162	0.902103041438236	0.919118914245399
asRNA_727	0.672443870051673	1.94	1.76203349168081	1.09957718265848	0.271516388091646	0.328138692270144
asRNA_728	3.59780136133564	1.03	0.696785430159544	1.48201631637096	0.138335953535253	0.176874556759751
asRNA_729	3.34203728197332	0.47	0.727002501418079	0.644229826027594	0.519426412692215	0.580428432515075
asRNA_730	3.14848690823258	0.73	0.679713428634893	1.07460716019896	0.282550644782345	0.340554518994443
asRNA_731	189.721160959812	1.89	0.19533362495858	9.66571914946671	4.2164795290467e-22	1.3470481916727e-21
asRNA_732	10.8598623496105	0.25	0.391784520688156	0.649183448527074	0.516219808663371	0.577028891504965
asRNA_733	1.43933380521808	1.08	0.988922013669293	1.09084008033528	0.275343256808171	0.332209682011508
asRNA_734	2.86831104453062	1.55	0.887784797478417	1.74848678584697	0.0803797717817695	0.106899007093103
asRNA_735	547.369768030248	2.26	0.191152284627612	11.8294792696008	2.74841493045596e-32	1.15981788711909e-31
asRNA_736	0.579001577989513	0.41	1.75970879172799	0.230475467585824	0.817722324434124	0.852441532389611
asRNA_737	3.7749232461672	-0.64	0.655320990208284	-0.969504143721613	0.33229371375903	0.394816659562759
asRNA_738	6.13437907021933	0.35	0.595426817672343	0.581468096204194	0.560925014342759	0.622049186783774
asRNA_739	24.5581808798115	2.19	0.299040868148701	7.33256549309226	2.25788066303195e-13	5.71551478580041e-13
asRNA_740	12.7284240142783	0.51	0.406652528704926	1.24631310414454	0.212649468839005	0.26456849223733
asRNA_741	151.888565134089	1.84	0.149983121922049	12.2922002939644	9.97533756323573e-35	4.5249883959329e-34
asRNA_742	10.8788376490064	2.69	0.496692511120692	5.42349155443235	5.84459780183081e-08	1.1937395510313e-07
asRNA_743	4.16003037306247	0.78	0.67863036147883	1.14737515545916	0.25122660474527	0.306722329076876
asRNA_744	1.25723851934157	0.07	1.12409474051155	0.0611478896623639	0.951241430043344	0.960819522693377
asRNA_745	1.33765137444847	-0.93	1.10987130874203	-0.840783275319526	0.400469358235221	0.464502119842702
asRNA_746	66.7812031344586	0.19	0.2197706089328	0.867065373375232	0.385906191683765	0.450887400666123
asRNA_747	15.3369693510703	0.01	0.345673484329147	0.0175297634169793	0.986013988718375	0.988265804850189
asRNA_748	30.6579490470958	0.16	0.264639932635061	0.621486791300728	0.534279382621111	0.595131634639188
asRNA_749	11.4274657259721	0.69	0.442668876117998	1.56835421480261	0.116798489982718	0.150986560504169
asRNA_750	33.2417408078106	1.94	0.327006666923585	5.91952734310001	3.22868159874629e-09	6.95027657461572e-09
asRNA_751	1.88264815425306	3.88	1.22196965518063	3.17127871492123	0.00151769449528927	0.00239812122995528
asRNA_752	10.0138473017597	2.38	0.499212102319811	4.76712686257095	1.86871650779562e-06	3.53315221263889e-06
asRNA_753	1.5291955219435	-1.85	1.13154960398781	-1.63744094527917	0.101538368731669	0.13282770829236
asRNA_754	6.12748508632331	1.25	0.574388256515091	2.1775719127035	0.0294379225273817	0.0414587027651974
asRNA_755	26.4015831189648	1.09	0.338165328803769	3.23312432243904	0.00122444263999311	0.00194613766818279
asRNA_756	55.3634930308063	2.65	0.282771838468961	9.36412049959805	7.66862850903801e-21	2.3784942310276e-20
asRNA_757	7.93978045150168	-0.09	0.471274851321711	-0.186284073766212	0.852221996160218	0.880186230862439
asRNA_758	2.34417494834397	-0.81	0.826382467108816	-0.983915200888895	0.325157208994512	0.386992190094825
asRNA_759	10.7119843811639	0.61	0.444030285852595	1.38132916257114	0.167177775446975	0.211746453677607
asRNA_760	1.89556394906082	-0.30	1.13276293224029	-0.267185608208001	0.789326256471514	0.829595169429313
asRNA_761	17.7256874018837	0.52	0.322916892354003	1.62462775103075	0.104241900344204	0.135804568500371
asRNA_762	1.28227862383115	-1.09	1.07645985841215	-1.01339244407516	0.310872747055515	0.372262692671185
asRNA_763	0.135926058000091	0.24	4.32794324778021	0.0554785770269753	0.955757196716153	NA
asRNA_764	2.36622209361738	0.25	0.936831271189319	0.271167807935127	0.786261971217007	0.826764235083232
asRNA_765	369.380568895226	2.15	0.145100850109122	14.843014518658	7.72070266506395e-50	5.01988649204436e-49
asRNA_766	43.5154043893812	0.49	0.223738174634462	2.17516540507241	0.0296177236092493	0.0416784880128554
asRNA_767	15.3222022151399	2.21	0.407074984343792	5.42127186639533	5.91764824300252e-08	1.20795715006871e-07
asRNA_768	6.92655068505326	2.77	0.642972638083806	4.3031916698999	1.68355083640531e-05	3.0437420116473e-05
asRNA_769	1.93326219325932	-1.11	0.959050931937661	-1.15539187980296	0.247929985673285	0.303409613000664
asRNA_770	45.511333079397	-2.57	0.287357503365126	-8.93132573787568	4.20933695640036e-19	1.24297578249972e-18
asRNA_771	2.23585862318918	-0.25	0.848906953427091	-0.29700781944014	0.766460539321113	0.809579709252836
asRNA_772	0	NA	NA	NA	NA	NA
asRNA_773	17.5611419389577	-0.44	0.345726311282437	-1.27638523144912	0.201819374274564	0.252076778042687
asRNA_774	14.2509999729668	0.17	0.369208641943685	0.472690672183892	0.636433882397087	0.692015906192682
asRNA_775	75.0188014171675	2.66	0.240967918087138	11.0402932522658	2.44234754992747e-28	9.29044663899821e-28
asRNA_776	61.1823102270178	0.79	0.218462686182553	3.59805009039392	0.000320611880879188	0.000531477013109928
asRNA_777	0	NA	NA	NA	NA	NA
asRNA_778	88.7554903624844	0.13	0.18008501296332	0.709988171886493	0.477711471067258	0.540001601711894
asRNA_779	20.8154525072868	1.42	0.328649382446909	4.3215940049636	1.54906028323185e-05	2.80492555669264e-05
asRNA_780	14.4960548161108	-0.03	0.324382085554474	-0.0944168159213935	0.9247780583027	0.937325566599532
asRNA_781	156.212762367604	2.82	0.180205890892743	15.6400423240642	3.8846978591316e-55	2.85936565689959e-54
asRNA_782	32.8031635208424	1.80	0.254880223990005	7.05099886769115	1.77637941523551e-12	4.40768065504725e-12
asRNA_783	5.91743980867602	0.55	0.644981549856496	0.856646232899346	0.391640426488908	0.456372232792087
asRNA_784	3.19436878109604	1.34	0.744583913599999	1.79705274765079	0.0723272462263155	0.0969980754394933
asRNA_785	8.3831155498419	2.32	0.580438068005867	3.99971190580599	6.34196395350026e-05	0.000110121836996733
asRNA_786	191.034224867764	0.94	0.138247071134595	6.78547940897308	1.15701653111451e-11	2.77289081279388e-11
asRNA_787	3.63514935316923	2.39	0.847840885583348	2.82308542411611	0.00475638965396198	0.00722617225229793
asRNA_788	3.37384392493795	1.52	0.737372360633471	2.05788099626197	0.0396015584011914	0.0551094219368145
asRNA_789	0.563297257697915	-0.18	1.50152187037803	-0.119824508990551	0.904622166454284	0.920883858051897
asRNA_790	17.830740101496	0.75	0.392009268711797	1.9149164545239	0.0555031590153441	0.0757790886357335
asRNA_791	7.32187527989583	0.75	0.52971127634505	1.42212930019012	0.154988718283052	0.197161373149202
asRNA_792	4.86068637975355	0.88	0.687533142085246	1.28104725898004	0.200177067126848	0.250203518220848
asRNA_793	10.5168514077016	2.08	0.474670502921835	4.38935624461474	1.13686701153409e-05	2.07460502988368e-05
asRNA_794	1.27527113691229	0.42	1.14299098887239	0.365223627787908	0.714944482293322	0.761811859584781
asRNA_795	18.358736179711	0.42	0.334513068953324	1.25884941060012	0.20808472946293	0.259256737098774
asRNA_796	14.5099326354697	0.09	0.373678627985752	0.239382197064809	0.810809233447764	0.847752000784723
asRNA_797	0.941897567593951	-0.93	1.47473196536858	-0.629394166644337	0.529091035998588	0.589913822607508
asRNA_798	1.61741134577988	1.85	1.08191061871908	1.70865877811597	0.0875141740288379	0.115686093755742
asRNA_799	1.58651539143991	-0.92	1.1072441650844	-0.830947203257151	0.406003455927043	0.469966032153057
asRNA_800	22.8851605430015	2.02	0.331625590929408	6.09995336425938	1.06099416058968e-09	2.32967510808653e-09
asRNA_801	76.3985645729572	-0.28	0.180334758531445	-1.55199941121461	0.120662364489618	0.155637605335433
asRNA_802	3.94241302846685	1.46	0.716088072168175	2.03612935189517	0.0417373680537909	0.0579209087892727
asRNA_803	4.59330747156442	0.12	0.59439661025408	0.202475556490527	0.839544965752841	0.870024313683065
asRNA_804	12.7950204804735	1.54	0.373614520497347	4.12655981572896	3.6823025868339e-05	6.49350295448209e-05
asRNA_805	0.526054010809089	-1.71	1.72755536233415	-0.991714983423864	0.321336579833155	0.382813661173244
asRNA_806	17.4556789005595	3.17	0.45397997578527	6.9840725421028	2.86743881531769e-12	7.05012442617675e-12
asRNA_807	0.81572588810611	0.88	1.66633979421141	0.527709085589177	0.597701266235195	0.654971643493062
asRNA_808	17.7160547281384	2.30	0.392361945296316	5.8688465912587	4.3883723907496e-09	9.39486308775722e-09
asRNA_809	44.8635510649798	1.31	0.221800502737595	5.92106377613278	3.19865776290639e-09	6.89409908260548e-09
asRNA_810	2.41403610000088	0.42	0.824806590775536	0.511821472431103	0.608775961031664	0.665860560492888
asRNA_811	2.04738591367066	-0.27	0.94854719790011	-0.279681309474849	0.779722019174914	0.821609846735631
asRNA_812	1.59137105607753	1.98	1.38755030343755	1.42458502167744	0.154277192266056	0.196327372977934
asRNA_813	0.979215090817438	-1.01	1.36337194233371	-0.74403847085775	0.456853201326277	0.518929663492901
asRNA_814	52.5302005882929	-0.88	0.303340190109599	-2.90650547217374	0.00365490506125414	0.00561591757989641
asRNA_815	1.49528299061254	0.99	1.24392317915896	0.795172089084747	0.426513405121643	0.489894817017171
asRNA_816	2.8127518240823	0.39	0.841456218658186	0.458558271701277	0.646551407947211	0.701279577788896
asRNA_817	51.3218280858205	0.39	0.187203055146171	2.07351343291239	0.0381245222935404	0.0531593319192297
asRNA_818	2.88326567563651	1.51	0.877823004592892	1.71946964778234	0.0855288897835089	0.113146922392577
asRNA_819	16.9856447327663	1.53	0.337946140071608	4.51616745983128	6.29688754193663e-06	1.16237498211038e-05
asRNA_820	34.699606408324	1.98	0.283322506209782	6.9946734124602	2.65877537680619e-12	6.56005646378533e-12
asRNA_821	20.1610435108288	0.90	0.328516161308076	2.74522906761385	0.00604686738990512	0.00909231323595584
asRNA_822	2.98662773742383	3.24	1.17605833058029	2.75845770377881	0.00580748200877654	0.00874734849112588
asRNA_823	9.80525309841138	1.85	0.454624784133661	4.07569162818212	4.5877783382309e-05	8.04579907369065e-05
asRNA_824	117.672014136028	3.03	0.225137565778666	13.4602537268004	2.6799438266813e-41	1.4234920991646e-40
asRNA_825	0.283167693076508	0.96	2.68616971305248	0.357923813021541	0.720400329486557	NA
asRNA_826	62.8664614400645	2.06	0.208595428324769	9.87393316894843	5.40045396924862e-23	1.77371317923591e-22
asRNA_827	14.4673841485288	0.38	0.333211322161915	1.14577727951673	0.251887318475303	0.307395333738891
asRNA_828	78.8935278764919	0.52	0.167545478502193	3.07851651798422	0.00208033996613271	0.00324625494270754
asRNA_829	18.0287983277015	0.90	0.345006251759004	2.6018715588222	0.00927165692632412	0.0136718972987501
asRNA_830	4.9574026791168	-0.25	0.667710816855635	-0.370632575484186	0.710911215717111	0.758665434158899
asRNA_831	3.56865428542121	0.33	0.776856917589963	0.42401641220081	0.671553844023378	0.723277520806931
asRNA_832	173.905816275627	5.43	0.30985868209838	17.5190141295716	1.02587717095903e-68	1.02616944365731e-67
asRNA_833	11.6137308998297	1.67	0.455661186660591	3.66886010984909	0.000243634338642755	0.000409086639394889
asRNA_834	144.148851236922	3.40	0.245721043543385	13.8165383744794	2.02579754210291e-43	1.13619411666507e-42
asRNA_835	32.4833288603035	0.86	0.257285249218435	3.33022914543784	0.000867745407695234	0.00139116626777076
asRNA_836	14.5465594922206	0.71	0.364090516122928	1.96250701916884	0.0497034842163875	0.0682742304709454
asRNA_837	105.390061568248	2.16	0.182062120006602	11.8895844140926	1.34072031221102e-32	5.71270511671467e-32
asRNA_838	54.5381183363433	1.94	0.22050483197902	8.78440765793031	1.57190648575573e-18	4.56112700123005e-18
asRNA_839	3.47064128656933	1.20	0.775179850388421	1.54211131357994	0.123046546162614	0.158421864164626
asRNA_840	33.3472362945255	2.61	0.287114213600036	9.07739965871293	1.11199667756236e-19	3.34551871030116e-19
asRNA_841	16.4034965168977	2.32	0.396094557906941	5.86505016215684	4.48996937399098e-09	9.60650973313976e-09
asRNA_842	4.28864369155771	1.40	0.691764590326338	2.02299761891595	0.043073393008306	0.0596335500205688
asRNA_843	1.90964025537936	0.63	0.971065742017337	0.651222719390122	0.514902726449358	0.576106906489387
asRNA_844	14.5847692672535	-0.16	0.442424777983928	-0.371672275650663	0.710136869412023	0.758069488752086
asRNA_845	3.37997873161187	3.31	0.976599367534923	3.39282288095154	0.000691763518006357	0.00111873869724566
asRNA_846	0.538642686980389	-0.28	1.83984090477386	-0.153813420235698	0.877756851946287	0.900585712210232
asRNA_847	5.60464800793239	-0.62	0.523570674089625	-1.18612824359957	0.235571658288533	0.289699506918053
asRNA_848	19.7776989118143	1.05	0.318400041538219	3.29490317142779	0.000984555985785457	0.00157054796278634
asRNA_849	15.5345779834109	0.31	0.376793896225253	0.827141247749124	0.408157007499786	0.47201556433852
asRNA_850	0.772980699505434	1.58	1.66279602515646	0.947629015503677	0.343318349473278	0.405582343539933
asRNA_851	1.6828524883288	1.77	0.988877266614526	1.78911478874601	0.0735963309372129	0.098474358963626
asRNA_852	11.421345974766	1.67	0.430630376821735	3.88429823617697	0.000102625874257481	0.000176023177585743
asRNA_853	2.84332398362894	0.14	0.743836548885669	0.185656964840251	0.852713778571743	0.880186230862439
asRNA_854	2.31752262941073	0.92	0.79051817085004	1.1634385979384	0.244651596974619	0.29981562198181
asRNA_855	3926.79153564954	5.92	0.322774312645801	18.3284804173643	4.90415258329988e-75	5.50111173161849e-74
asRNA_856	14.1269402394258	1.69	0.39850951976922	4.23142940976986	2.32210872973735e-05	4.15329788594388e-05
asRNA_857	40.6175718534193	3.71	0.381741939224584	9.7160397689794	2.57606236627564e-22	8.27251594180408e-22
asRNA_858	2.59227701810596	0.64	0.792358248260557	0.80879000952463	0.418635943732753	0.481595936581159
asRNA_859	5.39642148345999	0.64	0.561836681418809	1.14732220170803	0.251248481465421	0.306722329076876
asRNA_860	3.81783715977596	0.82	0.592540083003611	1.38228605540015	0.166883885917483	0.211450495653656
asRNA_861	33.8810999813565	1.65	0.257905501462355	6.41382045835053	1.41917335163034e-10	3.23343130277359e-10
asRNA_862	2.05179169565147	-0.19	0.850249536226225	-0.219190623908934	0.826501558943175	0.860571463063312
asRNA_863	11.3322681975443	1.49	0.44535914948385	3.33659694862668	0.000848108432453372	0.00136092719668363
asRNA_864	1.91700584860638	0.43	0.998823116743387	0.43306333096213	0.664968761389161	0.718370868073029
asRNA_865	18.9056815194784	2.42	0.362562951438596	6.67572373386525	2.4601502876113e-11	5.81655734666887e-11
asRNA_866	8.99272939859134	3.86	0.651873887750355	5.92704632354177	3.08431991121562e-09	6.65174889943369e-09
asRNA_867	1.19658202356649	2.51	1.47026783164406	1.70747493383867	0.0877338129325988	0.115889171258975
asRNA_868	4.21017106286196	0.13	0.667642197786045	0.200327131008729	0.841224745113765	0.870993830756246
asRNA_869	2.06624895296289	-0.52	0.930288882896054	-0.556448165902705	0.577904519700624	0.637856890496351
asRNA_870	514.183621839319	3.11	0.125162051431137	24.8391078692723	3.39094215071436e-136	1.38437184780908e-134
asRNA_871	249.188636074036	4.26	0.192715651004892	22.122566977973	1.91704066039666e-108	4.48715317243513e-107
asRNA_872	251.645722048074	0.69	0.129689143540677	5.31069626594825	1.09207205127176e-07	2.2086779792714e-07
asRNA_873	9.33631614273915	-2.73	0.630667045729734	-4.32180478233523	1.54758088041059e-05	2.80369270955706e-05
asRNA_874	17.881017700153	1.58	0.359092980482869	4.3892258229931	1.13754896994945e-05	2.07477113428182e-05
asRNA_875	1.54459389949514	-0.23	1.12776513676854	-0.202936264384917	0.8391848491041	0.869907884618982
asRNA_876	0.607701023192905	1.92	1.92295125965285	0.998338179373197	0.318115399982701	0.379511780271581
asRNA_877	34.8004988863078	3.18	0.324733603106024	9.78125782966439	1.35515789328318e-22	4.39331427822462e-22
asRNA_878	0.569516299523577	-2.50	1.91808459467596	-1.30442221393069	0.192089665267356	0.241125067841861
asRNA_879	4.1340140966455	2.76	0.756260713953394	3.64818992730927	0.000264094383222546	0.000442594453219264
asRNA_880	8.2669847430392	4.54	0.897499886078553	5.0540586003314	4.32518804479136e-07	8.43651956959025e-07
asRNA_881	10.5475842358377	1.88	0.450715407375629	4.1789559024191	2.92850456788178e-05	5.19816963490037e-05
asRNA_882	7.6635318936873	1.42	0.496311483618008	2.85258365186817	0.00433653970661481	0.0066083293879881
asRNA_883	3.12744731076186	2.49	0.911153091428146	2.73485289777646	0.00624081588645008	0.00936789421860891
asRNA_884	83.7123144248727	2.52	0.221685372314048	11.3744432987404	5.60594083310612e-30	2.24685596632826e-29
asRNA_885	5.34904793247889	1.06	0.609720518558804	1.73863172711692	0.0820995620773948	0.108938610148803
asRNA_886	14.0588546205225	0.27	0.329492594444595	0.831307182952219	0.405800117835878	0.469909041464963
asRNA_887	248.934512561071	2.85	0.192262388458203	14.8050383389651	1.35909518837663e-49	8.82030167539803e-49
asRNA_888	5.79708158966394	1.14	0.575028383749884	1.98595855941414	0.0470379255510073	0.0648156030649869
asRNA_889	3.56641343107162	0.63	0.740906147744313	0.852870232364731	0.393731271005017	0.457896817654394
asRNA_890	4.92194975699151	0.74	0.619529384117543	1.19446135789501	0.232297547725908	0.286174277216022
asRNA_891	1.2444287203793	0.27	1.13449618662796	0.238339939852832	0.811617446203992	0.848344404174521
asRNA_892	0.86584381113837	0.30	1.38075403143844	0.216833997305113	0.82833771618911	0.86222760792765
asRNA_893	42.7069901743365	3.44	0.293554615413031	11.7144793076075	1.07449341489027e-31	4.49647959437393e-31
asRNA_894	67.5122118017575	0.68	0.172057152382528	3.92958289395474	8.50933388556506e-05	0.000146812143843828
asRNA_895	2.73561806451234	1.14	0.891668343518744	1.2831384429801	0.199443577528122	0.249553243300512
asRNA_896	2.32442937633189	-0.67	0.8772375349882	-0.765075071939168	0.444226842802074	0.507213152870921
asRNA_897	1.11731110140069	0.15	1.20921350320977	0.123871009613493	0.901417407106996	0.918686942337493
asRNA_898	55.8750344024511	-2.09	0.227581883661733	-9.19700500028735	3.68065341065092e-20	1.11982444755593e-19
asRNA_899	40.8164821600413	-0.42	0.210204976214968	-2.02181514304502	0.0431954527678945	0.0597789651825296
asRNA_900	8.31408489974806	1.41	0.497515771947872	2.82641761726318	0.00470718504641919	0.00715451372206831
asRNA_901	9.91275008485171	1.15	0.448871757966605	2.57163145765729	0.0101220579010048	0.014882137893814
asRNA_902	2.41617437784073	0.20	0.970263589383424	0.209948300123843	0.833708024167626	0.866040833200336
asRNA_903	4.281702563705	1.59	0.713451248051063	2.23474580421989	0.0254340416696056	0.0359931158008808
asRNA_904	3.65004428752103	1.73	0.770786754487371	2.24027211670339	0.0250732622941287	0.0354968644817282
asRNA_905	13.9920907872942	1.68	0.408254062516021	4.11802131305581	3.82139361644187e-05	6.73201855861887e-05
asRNA_906	0.731006333137106	-2.00	1.55941760487184	-1.28214329932159	0.19979238216263	0.249900624785534
asRNA_907	2.22312288298329	0.38	0.936179602297982	0.401880379405824	0.687772063145047	0.738686972683469
asRNA_908	34.1712697880289	1.85	0.2799958766326	6.61238432058296	3.78178622251661e-11	8.8755691358662e-11
asRNA_909	10.281790316771	1.85	0.45226574315767	4.08394227124789	4.42780351312707e-05	7.77689751605259e-05
asRNA_910	1.33122936725799	0.91	1.37167771147935	0.666357294814064	0.505182751917765	0.566495254545919
asRNA_911	0.0632305206245447	0.00	4.32794324778021	0	1	NA
asRNA_912	2.61559452921684	-0.97	0.865156339261321	-1.12246477280805	0.261664877482749	0.317993881177098
asRNA_913	2.16827407917803	-1.65	0.860237797298267	-1.91645428336099	0.0553072969724451	0.0755579453969863
asRNA_914	2.28225270783529	-1.80	0.951713579173787	-1.8878497436548	0.0590461249851405	0.0801976575716937
asRNA_915	6.01971323000734	-0.58	0.526146301204996	-1.10490015879509	0.269202853622048	0.325808762174082
asRNA_916	25.8194288582659	0.84	0.334896405054466	2.52298329833551	0.0116363927539575	0.0170018206238638
asRNA_917	429.814719324651	0.78	0.1045857200108	7.41974070040126	1.17349850890451e-13	2.98561830779982e-13
asRNA_918	1.40145736407438	-0.17	1.09642391569184	-0.15105329919742	0.879933671532036	0.902555396070399
asRNA_919	6.10138967714891	0.89	0.496085329164486	1.79796207114399	0.0721830185423155	0.0968786613540022
asRNA_920	19.0627200088201	0.02	0.294967444876387	0.0552507730115806	0.955938679664226	0.964731447054067
asRNA_921	10.1801265394433	1.68	0.503055770825507	3.34174936024453	0.000832521991659443	0.00133713847791231
asRNA_922	0.582211632042452	0.99	2.03602799206196	0.486945187455566	0.626297175061918	0.682473426952947
asRNA_923	1.38989358135035	2.24	1.3693050609214	1.63347459745876	0.102369219077973	0.133712175663231
asRNA_924	199.247228082675	0.52	0.144819427674969	3.60161238163944	0.000316249658132592	0.000524741280578228
asRNA_925	18.9364190826963	0.99	0.357138446160904	2.76946703438429	0.00561480859132766	0.00847896471576405
asRNA_926	6.18908920959784	1.09	0.523974207006603	2.07967198437624	0.037555629434276	0.0524285546495996
asRNA_927	17.2592265359227	1.55	0.376258512254955	4.13075510091947	3.61573611689169e-05	6.38573918833336e-05
asRNA_928	15.5608253221588	0.75	0.387953057434126	1.93580243721362	0.0528919023156555	0.0723990132671604
asRNA_929	21.0562759832049	0.82	0.305175012013005	2.68652875679999	0.00721987330592967	0.0107730451241475
asRNA_930	0.706542075764739	-0.04	2.14664523622439	-0.020334523156387	0.983776515978994	0.986874695103532
asRNA_931	18.5880985383725	0.27	0.313716626801435	0.850448440772735	0.395075814250552	0.459308339017777
asRNA_932	177.394547657699	1.34	0.148735415132343	9.014472023378	1.97821032497572e-19	5.89100631975383e-19
asRNA_933	3.34936745765872	-0.50	0.660093891898667	-0.7636310412374	0.445087145579888	0.508030223709684
asRNA_934	4.41344817600294	1.91	0.754950359924511	2.53323841634647	0.0113014055960639	0.0165399062308381
asRNA_935	1.50975143983479	0.22	1.08420773868533	0.200593653142102	0.841016321262593	0.870993830756246
asRNA_936	4.68522908878645	-3.07	0.847313937195075	-3.62696372046817	0.000286773568510538	0.000478774131735853
asRNA_937	3.05427875977204	-3.41	1.13711215077841	-2.99997861863944	0.00269998558723624	0.00417605700298962
asRNA_938	240.558148625255	0.97	0.152660288923191	6.37671962237544	1.809212371203e-10	4.10080350890493e-10
asRNA_939	79.6432195473528	1.90	0.191535834666231	9.90746438025977	3.8632613695516e-23	1.27720439439696e-22
asRNA_940	8.33113463271954	-0.37	0.445780482244803	-0.826239320850003	0.408668346971182	0.472451289501423
asRNA_941	25.5002726054045	-1.07	0.277137682771618	-3.86251130916294	0.000112227368195306	0.000192303704116017
asRNA_942	10.669927994768	-0.26	0.385299215391404	-0.662626312536971	0.50756991386108	0.568990411100335
asRNA_943	16.0323576091233	-1.79	0.397711723061991	-4.49991055207846	6.79820624985592e-06	1.25293974505219e-05
asRNA_944	61.818525097854	2.56	0.236920037863757	10.8247312663082	2.62849071913438e-27	9.63322642471901e-27
asRNA_945	3.21732813241561	1.32	0.844331189947928	1.56895298393245	0.116658894656548	0.150861649775005
asRNA_946	18.9763297598146	7.85	1.06401826592393	7.38000677418331	1.58281478813549e-13	4.02408596751897e-13
asRNA_947	11.8248171749017	-0.83	0.388130442177345	-2.1471562371048	0.0317808454202459	0.0446151732388978
asRNA_948	1.85849204493833	-0.16	0.936669089932467	-0.168748294360673	0.865994630050505	0.890860576064261
asRNA_949	5.35369908279561	-0.02	0.570355806047596	-0.0331957252018318	0.973518507040202	0.97897406500072
asRNA_950	1.96611096380262	0.30	1.06590357405321	0.285292554847918	0.775420016325303	0.817567470666108
asRNA_951	244.891739704735	-3.57	0.192625396138565	-18.5301219382911	1.1801919878984e-76	1.34972445260954e-75
asRNA_952	138.023214039272	-4.23	0.253700192904265	-16.6823116213361	1.76264124827312e-62	1.51311330628042e-61
asRNA_953	73.1680695784543	3.42	0.279808303899707	12.2192873619169	2.45224891526166e-34	1.0967956613355e-33
asRNA_954	79.8238171440105	2.78	0.3005613932277	9.23797957481336	2.51195447031079e-20	7.66244321916699e-20
asRNA_955	16.501002609183	-0.42	0.335561986899855	-1.26344983407283	0.206427564412187	0.257374708327837
asRNA_956	43.248604759902	1.64	0.303397798143639	5.41142547931359	6.25250136031801e-08	1.27482765830874e-07
asRNA_957	3.96721569542012	1.95	0.714107162935605	2.7295207004535	0.00634264668940464	0.00951668056688022
asRNA_958	34.3481228872154	5.08	0.552920964050948	9.18315036300857	4.18660146379752e-20	1.272654349731e-19
asRNA_959	173.388849175751	2.57	0.210818850188348	12.1678491635373	4.61072108041547e-34	2.03625681928789e-33
asRNA_960	9.6492229175631	3.34	0.567806888940662	5.87372421723723	4.26112029338956e-09	9.12800082372833e-09
asRNA_961	2.70309058302108	0.28	0.748166824802759	0.371726065114267	0.710096816310379	0.758069488752086
asRNA_962	10.9775685493008	-0.06	0.38315395913048	-0.165676279859914	0.868411713981084	0.892823873437067
asRNA_963	301.537309183484	3.23	0.189752363364556	17.045085925456	3.80185019558488e-65	3.46708987966195e-64
asRNA_964	227.738886752014	2.89	0.17143822792202	16.8444774872575	1.15181835061963e-63	1.01864842040945e-62
asRNA_965	124.16171578661	1.73	0.221923811906612	7.77398022895895	7.60576154905335e-15	2.01538330556425e-14
asRNA_966	25.3742344871617	-1.42	0.428662060538547	-3.31958426345689	0.000901515930449004	0.00144398833567813
asRNA_967	1.6169446520317	-0.92	1.07115767313485	-0.857379575408155	0.391235143344401	0.456143141132933
asRNA_968	1.24749181753074	0.84	1.21203188138639	0.694213782751717	0.487548150352539	0.549107481233485
asRNA_969	7.74054106029923	-0.66	0.53934902260511	-1.23122840791359	0.218237449372032	0.270466531854996
asRNA_970	4.28164002263321	0.58	0.614236776710924	0.942216608259525	0.346081752531255	0.408297390167082
asRNA_971	0.813566155650093	0.64	1.50944615009862	0.421123828258239	0.673664662568123	0.725062865025091
asRNA_972	80.3662102424152	0.81	0.173679735492112	4.67681736817407	2.91361527276288e-06	5.46750573098368e-06
asRNA_973	79.9610362423272	2.33	0.207565765121054	11.2128947269989	3.52473936179194e-29	1.37963878475491e-28
asRNA_974	4.45889141069202	0.54	0.691432798885272	0.780654555940254	0.435005695323838	0.497616779378742
asRNA_975	49.5037961306407	2.28	0.240621202118471	9.47984175008536	2.54668995080956e-21	8.00485981852496e-21
asRNA_976	174.946571590307	1.89	0.13314414092132	14.2044799286972	8.59382784841119e-46	5.15776573944815e-45
asRNA_977	2.94712675715177	2.80	0.959088602452599	2.91668118975351	0.00353777176430979	0.00543831727867412
asRNA_978	23.3915639117815	3.33	0.422260172424145	7.87925733643554	3.29332612135237e-15	8.78637386935271e-15
asRNA_979	9.02378849915965	1.52	0.473545045328822	3.21524354327913	0.00130333894641799	0.00206685774203865
asRNA_980	18.3606755562481	0.95	0.320107528217186	2.95885075697891	0.0030878860717291	0.00475090622166559
asRNA_981	273.107703828538	3.03	0.202929842572582	14.9153293084014	2.61981575201244e-50	1.71928469258237e-49
asRNA_982	34.3931499993773	-1.43	0.374235157501978	-3.82167853514825	0.000132546401630363	0.000226237440993779
asRNA_983	99.5529831323342	-1.02	0.242218525853258	-4.1998926008697	2.67041617561549e-05	4.75206852133096e-05
asRNA_984	35.1945574259226	-1.37	0.350625131383329	-3.91235985769031	9.13985793767192e-05	0.000157458494696595
asRNA_985	129.414371797564	-1.16	0.240799310892542	-4.82997361912002	1.36551141019365e-06	2.60136221442751e-06
asRNA_986	169.368289180316	-1.12	0.215696935204473	-5.18426194279821	2.16871954488526e-07	4.31165023901028e-07
asRNA_987	1.37988543041186	0.67	1.0369486359985	0.64923278354997	0.516187924568542	0.577028891504965
asRNA_988	36.1639819466935	1.64	0.23332815026498	7.03657431727005	1.97023588813184e-12	4.87834852131938e-12
asRNA_989	5.1998725624215	1.18	0.632886403248246	1.86681034415791	0.0619280774531479	0.083852479729272
asRNA_990	4.52376797327319	-0.51	0.617439907557953	-0.829307697716617	0.40693031617437	0.470752006618852
CDS_1	4.48321791761931	1.59	0.667142551636985	2.38738457037404	0.0169687305089977	0.0244469482220316
CDS_2	15.5920067305991	2.17	0.391348860692166	5.55728724348662	2.73999650432078e-08	5.67894198740864e-08
CDS_3	166.623914504385	-0.14	0.26651436865365	-0.529769997632668	0.596271409301635	0.654044786663467
CDS_4	437.222251028345	0.07	0.16796071198327	0.391737308265727	0.695252320763804	0.745352946015791
CDS_5	2.97501914413184	0.65	0.76352650532986	0.845449049952127	0.397860168241995	0.461933548511126
CDS_6	26.8690805639937	2.09	0.321778869702602	6.48361583410173	8.9550066485449e-11	2.06712875365162e-10
CDS_7	0.0640957545620145	0.96	4.32794324778021	0.222142902177298	0.82420264098708	NA
CDS_8	0	NA	NA	NA	NA	NA
CDS_9	7.05567515032301	-1.50	0.606054770436339	-2.47112859708476	0.013468737522184	0.0196137442722472
CDS_10	1.12118533314856	1.23	1.26766616571159	0.969125481757659	0.332482585267652	0.394832479450338
CDS_11	61.3455676337175	2.50	0.273229559221279	9.14980502488725	5.70363963967071e-20	1.72633437714516e-19
CDS_12	55.2076737391763	-0.26	0.204311467382634	-1.25974505438533	0.207761346689118	0.258945718219912
CDS_13	0.254869618573287	0.00	2.74364136758303	0	1	NA
CDS_14	186.470936019085	2.79	0.246007503659551	11.3564976402581	6.88498643588027e-30	2.74383511650121e-29
CDS_15	0.940524120343532	0.77	1.35428579477879	0.568762493194534	0.569517331264297	0.62978751183274
CDS_16	14.0003375246703	-1.72	0.367864498157736	-4.66452519244506	3.09330436348005e-06	5.80159808770217e-06
CDS_17	2.63845039101565	2.96	1.15482818104544	2.55891037753937	0.0105000807282317	0.0154121168214136
CDS_18	14.7262532494822	3.19	0.53151950494092	5.99784003851151	1.99959343228244e-09	4.34172698870974e-09
CDS_19	0	NA	NA	NA	NA	NA
CDS_20	0	NA	NA	NA	NA	NA
CDS_21	0.892990161563085	2.96	1.61407738147039	1.83523705403912	0.0664705731088474	0.0895885536219437
CDS_22	24.7201660396156	4.06	0.453807613549852	8.94579552410313	3.69280182568574e-19	1.09228535888649e-18
CDS_23	1.27947758637761	1.46	1.26916628123958	1.1531454151638	0.2488507035347	0.304324214597817
CDS_24	9.02109558495219	2.60	0.598376309518252	4.34916324097269	1.36657962060103e-05	2.47961811262544e-05
CDS_25	0.16288539537727	0.00	4.18944555923806	0	1	NA
CDS_26	79.7827627476979	-0.44	0.296375413322429	-1.48165827533513	0.13843124453578	0.176931961982207
CDS_27	0.246234435105258	1.65	2.75825207815644	0.59916806664923	0.549060815157548	NA
CDS_28	2.70290692336641	1.39	0.877277344539045	1.58265344411199	0.113500475030325	0.147156635092863
CDS_29	284.751577664903	2.92	0.193976588141611	15.0525880844337	3.31988004738387e-51	2.23725505688383e-50
CDS_30	49.8389734512425	1.51	0.248263571584431	6.08742279402897	1.14742676223648e-09	2.51474117491404e-09
CDS_31	2.49627168680647	-2.35	1.02503512132509	-2.29263414660621	0.021869076766376	0.0311237651101524
CDS_32	171.235503124855	1.10	0.134805477798799	8.14712302781132	3.72684471878573e-16	1.01907724358697e-15
CDS_33	50.2133611409499	5.66	0.510638641738738	11.0806416971508	1.55752243065335e-28	5.97646038691138e-28
CDS_34	6.90113237627325	0.45	0.551152034645428	0.811514872990484	0.41707005526397	0.480530816721673
CDS_35	51.6575187530971	2.53	0.250295224343163	10.1252340816735	4.26955894531137e-24	1.44834989922592e-23
CDS_36	7.05396713040521	2.04	0.584723607221308	3.48954411475356	0.000483845190199018	0.000791234495942595
CDS_37	0	NA	NA	NA	NA	NA
CDS_38	0	NA	NA	NA	NA	NA
CDS_39	0.631309524822795	0.72	1.82260869990719	0.3927722317122	0.694487715698889	0.744851649462173
CDS_40	0.336181548344833	-0.44	2.3447631215875	-0.186904909269096	0.851735189990103	NA
CDS_41	64.2986736899616	2.33	0.217813975979303	10.6961178711931	1.06132057829181e-26	3.82184261577698e-26
CDS_42	7.04190300437529	-0.62	0.562492404633859	-1.0993962097034	0.271595283320147	0.328138692270144
CDS_43	0	NA	NA	NA	NA	NA
CDS_44	13.1759922808804	-1.76	0.356419011054021	-4.94669993580524	7.5482194576881e-07	1.45374649017789e-06
CDS_45	75.771590740718	1.68	0.213119166807579	7.89963097197999	2.7973036798933e-15	7.4800709977954e-15
CDS_46	46.8403613815574	0.84	0.195674339699041	4.27115345867154	1.94464529917675e-05	3.50135879251774e-05
CDS_47	62.7116931357141	1.87	0.244700622736371	7.65026851833243	2.00560067438055e-14	5.21604738351861e-14
CDS_48	0	NA	NA	NA	NA	NA
CDS_49	0.817262485291385	-0.75	1.42393464592343	-0.528804897191902	0.596940800204058	0.654345945639222
CDS_50	6.51204724482288	-0.89	0.538668382376187	-1.65922731540531	0.0970699953252679	0.127406636854959
CDS_51	12.2278071407515	3.39	0.483171165046488	7.01331296052785	2.32740039331816e-12	5.75457942319723e-12
CDS_52	25.9778043609434	0.32	0.290613523035904	1.11127389715874	0.266450471480579	0.322922887596933
CDS_53	95.1071111256142	-0.50	0.190422365729187	-2.6498918047776	0.0080517551507748	0.0119533667375773
CDS_54	0	NA	NA	NA	NA	NA
CDS_55	5.07163642312346	1.90	0.697217007077792	2.7227597689879	0.00647391147640105	0.00969292247063714
CDS_56	0.280467854087866	0.96	2.67871116809119	0.358920574311481	0.719654507692453	NA
CDS_57	241.726762798455	1.65	0.251081259410275	6.59085536637325	4.37299742556678e-11	1.02220998409886e-10
CDS_58	61.928376168368	3.32	0.29279016295564	11.3262811169745	9.72465961114755e-30	3.86673611491948e-29
CDS_59	15.3758074583963	2.61	0.426420048378405	6.13090791882026	8.73789706100884e-10	1.92705757419611e-09
CDS_60	1.41137989676607	2.05	1.34929940325193	1.51561238291581	0.129617394058071	0.166272075461413
CDS_61	4.25650343778118	1.49	0.718391698553487	2.08035500607178	0.0374929829685985	0.052361918537291
CDS_62	39.2669197175337	1.07	0.244569718876573	4.375803355454	1.20986050794941e-05	2.20322626732904e-05
CDS_63	34.4604553259689	-0.03	0.241840314190306	-0.121306713904513	0.903448102365923	0.919955419781542
CDS_64	0.0661945404380891	0.00	4.32794324778021	0	1	NA
CDS_65	0.519091109154058	-1.79	1.85154185758281	-0.965196017687239	0.334446641214347	0.396747589127875
CDS_66	0.115228576430986	-0.48	4.32794324778021	-0.111191992098705	0.911464101635524	NA
CDS_67	58.6145800955025	-0.02	0.19314555402134	-0.121452839438693	0.903332366775457	0.919955419781542
CDS_68	218.003775768286	3.97	0.323638345113873	12.2648618032686	1.39850686576094e-34	6.30315482116388e-34
CDS_69	0	NA	NA	NA	NA	NA
CDS_70	100.718781140694	3.19	0.3030472241184	10.5426705815926	5.49168746992838e-26	1.95550859096537e-25
CDS_71	3.10881372236825	-1.38	0.879314495883486	-1.56682792099743	0.117154919187807	0.151391579414203
CDS_72	9.06340702527068	1.38	0.495879787306553	2.77701988624925	0.00548598223700015	0.00829870040245908
CDS_73	34.7849683988095	-3.51	0.354123664518329	-9.91846474669186	3.46037622475474e-23	1.14725032342908e-22
CDS_74	0.0972036820285713	0.24	4.32794324778021	0.0554785770269754	0.955757196716153	NA
CDS_75	2.67635110275889	0.75	0.857427100650808	0.873346655828282	0.382474157416266	0.447175080482354
CDS_76	4.31191854017572	0.43	0.606940183869842	0.711854860340132	0.476554656858561	0.539041043888663
CDS_77	7.5930022811466	2.80	0.653671984091888	4.27747054516202	1.89028960451165e-05	3.4052369427606e-05
CDS_78	8.27747825931821	1.52	0.643197146434221	2.36197308654252	0.0181779618245473	0.0261140850924654
CDS_79	0.439622797724039	1.00	2.24353040094498	0.44536896650981	0.656053135328249	0.70983129680662
CDS_80	5.29693642481522	1.60	0.584160923934571	2.73695318365209	0.00620111173070492	0.00931626156889386
CDS_81	11.4802219675441	-0.31	0.415921769640573	-0.751727608929612	0.452214883634559	0.51468784663953
CDS_82	0.571112342727931	0.21	1.92904532713343	0.110983364864021	0.911629538146679	0.926639409431856
CDS_83	38.7191527159054	0.78	0.236252035054281	3.31194925443261	0.000926483498931427	0.00148195151013587
CDS_84	23.3296937491585	2.28	0.370776566795128	6.16142896405035	7.20914092955695e-10	1.59391018914826e-09
CDS_85	26.6299664629037	2.65	0.342208950246156	7.73297451768616	1.05062333687087e-14	2.77140385856772e-14
CDS_86	2.44649937880242	1.85	1.01738113082985	1.81780595992447	0.0690937954013813	0.0930169921987153
CDS_87	1.41430217905227	0.22	1.06485212098668	0.203238622784674	0.838948526117481	0.869907884618982
CDS_88	0.628108678522009	0.96	2.05053335509027	0.468878607751789	0.639156407987924	0.694761036670465
CDS_89	44.3489531359014	1.94	0.285394542852845	6.80385179884015	1.01858325022836e-11	2.44780683884448e-11
CDS_90	350.127345281735	-0.90	0.179523194422536	-5.03516079767672	4.77447878470633e-07	9.29739046761172e-07
CDS_91	0	NA	NA	NA	NA	NA
CDS_92	13.3727317791677	1.87	0.407863254254378	4.58380832181395	4.56582813130171e-06	8.49079585222473e-06
CDS_93	2.73974756765188	1.60	0.942671884861944	1.70199465196331	0.0887563708112231	0.117063718226223
CDS_94	0.19249270743508	1.74	3.39417888708091	0.513728696454851	0.607441685880876	NA
CDS_95	0.185157723999406	0.24	3.43027515682331	0.0699971890901796	0.944195896932636	NA
ncRNA_1	12.6177786150497	0.17	0.364820605586785	0.478259934099048	0.632465209326693	0.688553596882487
ncRNA_2	15.9137509095907	3.15	0.497505584716	6.33586689374507	2.36010476292999e-10	5.31174860426101e-10
ncRNA_3	13.029223531844	3.33	0.65581374282598	5.084411586274	3.68767494834311e-07	7.21707176345188e-07
ncRNA_4	3.09163087113212	-0.31	0.762139884117701	-0.40733180571212	0.683764305681926	0.73505709652457
ncRNA_5	1.48629387169904	-0.30	1.18314195442047	-0.255885990593434	0.798038872467563	0.837893086493306
ncRNA_6	0.434048706830813	-1.39	1.95909679727254	-0.710094371089637	0.477645616686721	0.540001601711894
ncRNA_7	2.04700421524586	0.20	0.877563293819121	0.232613539270951	0.816061512865499	0.85121567785822
ncRNA_8	1.60875069168413	-0.37	1.0585670052169	-0.346675428129825	0.72883517222252	0.774291627032816
ncRNA_9	68.6776041871375	1.33	0.253908507583766	5.22852883067281	1.70864192438797e-07	3.41242423010589e-07
ncRNA_10	16.4518957775639	2.24	0.377284733900415	5.9350305878814	2.93790721376413e-09	6.34378365776497e-09
ncRNA_11	26162.451242286	5.76	0.177606343724933	32.4455983494463	6.24903176817433e-231	1.29060885518e-228
ncRNA_12	6.36422536013058	0.44	0.509883992893407	0.865335840257815	0.386854484798623	0.451845008691938
ncRNA_13	45.6759525599865	3.11	0.397829729632377	7.82189167295216	5.20353797137169e-15	1.38406225890045e-14
ncRNA_14	0	NA	NA	NA	NA	NA
ncRNA_15	1.04137201675071	0.89	1.67550760681413	0.528800416459652	0.596943908824389	0.654345945639222
ncRNA_16	0.3568625004218	1.52	2.04139284428011	0.745565997847708	0.455929629308446	NA
ncRNA_17	0	NA	NA	NA	NA	NA
ncRNA_18	0.316079554728199	0.00	3.01322584414711	0	1	NA
ncRNA_19	23.776769843871	3.39	0.499902542763159	6.77308080634766	1.26068489624467e-11	3.01516666942442e-11
ncRNA_20	0.907105681400792	2.41	1.41415414081614	1.70078045873034	0.0889842200294094	0.117320163921613
ncRNA_21	17.172891743169	3.10	0.454560069671021	6.82664168733399	8.69254412497677e-12	2.09612104552153e-11
ncRNA_22	0	NA	NA	NA	NA	NA
ncRNA_23	8.29754896793206	1.47	0.532898420534935	2.75491159419772	0.00587079961101882	0.00883513820586673
ncRNA_24	0.564211509295063	-0.23	1.74985386960881	-0.129522386207244	0.896944312514227	0.915190782109111
ncRNA_25	48.2385456700395	0.27	0.207143468807477	1.28157140717596	0.199993035742133	0.250062517268743
ncRNA_26	18.1305769959215	1.68	0.389707803328997	4.30148108860391	1.69660256179725e-05	3.06575995598052e-05
ncRNA_27	0.599145494249917	-0.32	1.75193492797854	-0.18445625983067	0.853655537931965	0.880747750126103
ncRNA_28	54.6566560059178	2.37	0.253621590158652	9.3627615467871	7.76793419038794e-21	2.40716830913081e-20
ncRNA_29	2.6835393309562	0.75	0.998532382109045	0.750840045455584	0.452748925896148	0.515100932864996
ncRNA_30	49.0605469351438	2.62	0.270022409773405	9.71902321801598	2.50169730638767e-22	8.04346084498821e-22
ncRNA_31	1.57328327462077	0.91	1.06041229997623	0.85432714221622	0.392923752318947	0.457260621276706
ncRNA_32	0.943863591965047	-0.13	1.28341962052501	-0.0980257523259214	0.921911844443315	0.935500718451006
ncRNA_33	9.3349126555459	-1.02	0.445341340118626	-2.27997669034036	0.0226090709904017	0.0321118318152509
ncRNA_34	7.27136001619006	-1.70	0.516823509032139	-3.29375140903527	0.000988598883164053	0.00157628096221117
ncRNA_35	9.50521099784963	0.66	0.449744406092105	1.46195551995917	0.143753399187125	0.183333884687975
ncRNA_36	0.295314715242836	0.74	2.61023694938599	0.283963861689717	0.776438075294167	NA
ncRNA_37	0.451067037331499	0.24	2.23826670151729	0.107275720035261	0.914570245976675	0.929125038664382
ncRNA_38	6.35917478823873	-1.49	0.495778789749394	-2.99545929226205	0.00274031875718384	0.0042272667647067
ncRNA_39	0.166804921883068	-1.25	3.54350548130791	-0.353265542931096	0.723889375059546	NA
ncRNA_40	5.01840531786644	3.27	0.839786400937219	3.88817022482607	0.000101002782655645	0.000173493527350279
ncRNA_41	2.24409794902135	1.14	1.0061890761846	1.13673202537027	0.255650327101729	0.311446321462238
ncRNA_42	3.66617058535087	5.65	1.21686702593854	4.64343808992706	3.42658703134982e-06	6.41982234101879e-06
ncRNA_43	11.0101247635183	-0.51	0.418195669398059	-1.21745362490017	0.223431670743549	0.276124109813657
ncRNA_44	65.9584393931799	1.23	0.285505002175064	4.31846752175301	1.57116336854898e-05	2.84348174586365e-05
ncRNA_45	69.7823983311213	3.52	0.306452716368955	11.4931552585253	1.42799109658049e-30	5.80286659733114e-30
ncRNA_46	427.694619051472	1.21	0.14406174033156	8.36846475380403	5.83737585842369e-17	1.63960213111405e-16
ncRNA_47	44.5572719471476	0.44	0.277093887499122	1.57861266546813	0.114424927766468	0.148081799258411
ncRNA_48	6.58787932060648	-2.17	0.573689701938459	-3.78953799048509	0.00015092772902404	0.000256862460786915
ncRNA_49	1.69586188871992	2.54	1.27323951334301	1.99755641647548	0.0457647723279112	0.0631108074011376
ncRNA_50	0.538029433564646	-0.73	1.95616268012601	-0.375496486478309	0.707291258988785	0.756642172550159
ncRNA_51	0	NA	NA	NA	NA	NA
ncRNA_52	0.427772012998597	1.62	2.27264813500062	0.712435598824164	0.476195077906843	0.538807901556856
ncRNA_53	3.88012320364546	5.38	1.14830583015275	4.68228998193176	2.83687778690583e-06	5.32920166389853e-06
ncRNA_54	0.473909092778979	0.16	1.9378471968306	0.0851421008044041	0.932148420201936	0.943511725195343
ncRNA_55	0.128663888769835	0.96	4.32794324778021	0.222141341187113	0.824203856122394	NA
ncRNA_56	5.90325788766375	-0.08	0.526981201395639	-0.148952446417499	0.88159115651775	0.903991399104503
ncRNA_57	116.299647025778	-0.31	0.162704978241142	-1.90564670010722	0.0566960588359286	0.077274791371485
ncRNA_58	2.62187086521218	1.83	0.838650955268372	2.18000217978781	0.0292572999738028	0.0412208588314693
ncRNA_59	0	NA	NA	NA	NA	NA
ncRNA_60	30.8471090429983	1.15	0.28203553656432	4.07261782818327	4.64876690761125e-05	8.14868727539846e-05
ncRNA_61	21.9192982869968	1.77	0.340738121965417	5.19153772130156	2.0856432051221e-07	4.15354128938384e-07
ncRNA_62	12.8645199417901	2.28	0.484376085739849	4.71704686801561	2.39292581531576e-06	4.50244508980367e-06
ncRNA_63	4.81122600619275	1.87	0.715545945277079	2.61358814066585	0.00895969700934471	0.013229665366849
ncRNA_64	574.726886263204	-0.67	0.18953052010729	-3.50886202366664	0.00045002830337878	0.000738340828580792
ncRNA_65	0	NA	NA	NA	NA	NA
ncRNA_66	1.93254545070959	-0.89	1.01164790474751	-0.880277198208511	0.378709161853723	0.443511630176257
ncRNA_67	21.6251083044045	2.55	0.389660679656523	6.54386870087467	5.99474335976658e-11	1.39111328064378e-10
ncRNA_68	5.41276932043872	0.42	0.566602150979127	0.741689975370482	0.458275194914405	0.52020827977513
ncRNA_69	8.73155048361955	-0.37	0.476434728559893	-0.786728352347958	0.431440903156626	0.494452519060771
ncRNA_70	634.087991486198	4.42	0.205149170457066	21.5422155326359	6.2638204930871e-103	1.29366316183699e-101
ncRNA_71	0.0618563828440069	0.00	4.32794324778021	0	1	NA
ncRNA_72	24.3298434307836	0.42	0.291929669096137	1.43472180317311	0.151366388597105	0.19283287023383
ncRNA_73	6.59823363321994	0.19	0.533613537623569	0.350666865265344	0.725838286579779	0.771780201145247
ncRNA_74	757.406179963675	3.71	0.34245292238052	10.8243709465873	2.63884903777546e-27	9.66110424570346e-27
ncRNA_75	0	NA	NA	NA	NA	NA
ncRNA_76	1557.64430764651	-0.17	0.558035887353096	-0.311654582675677	0.755303047682404	0.798274834561384
ncRNA_77	56.0084883696236	3.43	0.414696496887393	8.26672477525301	1.37689331372034e-16	3.81251768491492e-16
ncRNA_78	0.834750925923448	-2.98	1.6216492547554	-1.83870794406544	0.0659581543444814	0.0889320583346674
ncRNA_79	0.180892071278767	-1.31	3.4661079738672	-0.378778994155756	0.704851987338487	NA
ncRNA_80	0.63397400946762	-0.12	1.58666966640444	-0.0752219857390517	0.940038091819332	0.950871143871413
ncRNA_81	8.05142106132253	-1.11	0.56129457921409	-1.98067909163858	0.0476272729633527	0.0655762177938554
ncRNA_82	0.253319644275654	0.00	3.17173191633562	0	1	NA
ncRNA_83	0.15566091015721	-0.50	4.29919424020158	-0.116047505911006	0.907614891830673	NA
ncRNA_84	0.0640957545620145	0.96	4.32794324778021	0.222142902177298	0.82420264098708	NA
ncRNA_85	15.7500243499698	2.08	0.389439252719655	5.34573575256546	9.0050503649852e-08	1.82334093607053e-07
ncRNA_86	55.2622425574081	1.16	0.212454161732378	5.44238740355562	5.25711898893056e-08	1.07688125846763e-07
ncRNA_87	26.3917270050826	2.03	0.340498211497282	5.97615448575298	2.28466357939771e-09	4.95151470818849e-09
ncRNA_88	3.15780896258896	-0.87	0.887342478502126	-0.982309487287736	0.325947402019684	0.387801195693361
ncRNA_89	1.70789547451277	4.08	1.28778313325796	3.16905628090468	0.00152934777668866	0.0024143615305548
ncRNA_90	1.20583360657322	2.24	1.52355434939831	1.46783256234503	0.142149710090926	0.181354517488824
ncRNA_91	1.33258597794781	2.26	1.28857378090527	1.75367147960136	0.0794868152060338	0.105831705797643
ncRNA_92	0.246959083200795	0.96	2.76832725540808	0.347300918253443	0.72836526100543	NA
ncRNA_93	1.22579527175446	-1.79	1.45305465321586	-1.22912847594936	0.219023640137686	0.271153737843235
ncRNA_94	21.6574984255771	2.19	0.399203630235374	5.4739997225674	4.39989751704571e-08	9.06043412454397e-08
ncRNA_95	12.8259340144908	-1.56	0.411490404262729	-3.78490538647006	0.000153767067037599	0.000261567912969481
ncRNA_96	2.50325599653986	-1.31	0.944122465100638	-1.38993849162881	0.164547555884253	0.208640833770175
ncRNA_97	138.306608896608	1.76	0.193123902109327	9.12844437528447	6.94906096456743e-20	2.0978635465689e-19
ncRNA_98	162.133031921538	-0.65	0.185575535113765	-3.51317646238426	0.000442783301114351	0.000727474108662838
ncRNA_99	0	NA	NA	NA	NA	NA
ncRNA_100	0.109058196755781	-0.48	4.32794324778021	-0.111191992098704	0.911464101635524	NA
ncRNA_101	0.634293262146351	-0.97	1.72541943972577	-0.564302497586964	0.572548281960922	0.63293986711738
ncRNA_102	0.128062786119929	0.00	4.32794324778021	0	1	NA
ncRNA_103	0.65051329860818	0.20	1.4443062498973	0.136500073627811	0.891425966348681	0.911325303037262
ncRNA_104	0.0543400257108791	0.96	4.32794324778021	0.222142902177298	0.82420264098708	NA
ncRNA_105	23.0423763355592	-0.23	0.281859500085354	-0.824383691121095	0.409721578596053	0.473512989615123
ncRNA_106	1.27310274684536	-0.21	1.16791450987187	-0.175885857708867	0.860383616057118	0.886386994124572
ncRNA_107	124.958769107186	-2.17	0.197564917866751	-10.9928243805246	4.13771593645738e-28	1.55374552437453e-27
ncRNA_108	0.303321512392451	0.96	2.3716804403115	0.405386949099321	0.685193102633244	NA
ncRNA_109	12.6612583882343	-0.61	0.380827245906531	-1.60072660688658	0.109437485390692	0.14220392716755
ncRNA_110	4.91744994097921	1.46	0.629442742287965	2.31219587197445	0.0207668916761794	0.0296031492793608
ncRNA_111	6.48347229816304	2.02	0.633098884717225	3.19381596504398	0.00140405594225134	0.00222256105195872
ncRNA_112	15.232567328318	4.08	0.670708583742265	6.08279638821284	1.18104294335725e-09	2.58518813848336e-09
ncRNA_113	48.7785497379532	1.49	0.199928637559841	7.47378744881224	7.79189625836815e-14	1.9925235078755e-13
ncRNA_114	0.379617811272645	1.72	2.09822041996261	0.817458357182902	0.413666537767505	NA
ncRNA_115	8.11434076628965	1.87	0.520309627493424	3.58522640608747	0.000336785906619283	0.00055749897130613
ncRNA_116	23.1682328938134	2.67	0.343288869787552	7.77306281569609	7.66107252989313e-15	2.02850872190458e-14
ncRNA_117	7.56423476195735	-0.70	0.459721474051749	-1.51913754207476	0.128727878676775	0.165191367702543
ncRNA_118	0.422655389883321	0.24	2.23885203514616	0.107248043198587	0.914592202228801	NA
ncRNA_119	0.488977977734885	-1.03	1.90229553480218	-0.543955422219439	0.586472149084648	0.645528549844053
ncRNA_120	13.519430897965	-0.02	0.394965514821469	-0.0518054114051758	0.958683743665774	0.966390647146291
ncRNA_121	0.18347629412652	0.96	4.07548256005665	0.235902245241129	0.813508525966424	NA
ncRNA_122	26.5699269515533	3.02	0.364340558701697	8.27765949235536	1.25619822026528e-16	3.48381670722859e-16
ncRNA_123	11.1992837611829	0.66	0.386620055465212	1.70584066777825	0.0880377490458425	0.116246911207203
ncRNA_124	0.410175964971765	-0.31	2.02055110516373	-0.154721414794634	0.877040946727653	NA
ncRNA_125	78.9228243541705	2.47	0.219350325250115	11.2723381657038	1.79732581674361e-29	7.08239163028822e-29
ncRNA_126	10.8594239432953	1.33	0.443235655203952	3.00881362772544	0.00262269948629187	0.00406009607423754
ncRNA_127	94.4453682567131	1.09	0.15748288556302	6.9396473427342	3.93079954562673e-12	9.61744752940448e-12
ncRNA_128	35.0146701772759	0.11	0.300702933025331	0.379564904768499	0.704268416408771	0.753867807930242
ncRNA_129	4.68698248628324	0.93	0.642065566136549	1.45236401602584	0.146400416220427	0.186641924963659
ncRNA_130	0.931796323767322	0.30	1.59731088189166	0.190318528337774	0.849059535478039	0.877811551549881
ncRNA_131	7.61658099615334	2.73	0.66087672663525	4.13732400221862	3.51379777665876e-05	6.20882938794609e-05
ncRNA_132	494.515874488336	-1.20	0.139438486414067	-8.6207487454307	6.65177194285681e-18	1.90803687020999e-17
ncRNA_133	72.7415220900799	-0.77	0.180581430868273	-4.28074790825548	1.86266261607716e-05	3.35719119355591e-05
ncRNA_134	31.6007477197305	-1.48	0.232301133772471	-6.37726503765702	1.80278325750298e-10	4.08887081207556e-10
ncRNA_135	28.4175189459596	2.34	0.364967490031057	6.40843269794868	1.47023153684149e-10	3.34325319031765e-10
ncRNA_136	1.68668645760174	2.95	1.28887680833127	2.28550974592033	0.0222829556228679	0.0316871029533775
ncRNA_137	0.266626159274347	0.00	3.64571707078262	0	1	NA
ncRNA_138	7.0397979689525	0.12	0.567340986748536	0.209711858723272	0.833892569421809	0.866040833200336
ncRNA_139	48.4789911090013	1.10	0.231110832044231	4.7755687490044	1.79200055408658e-06	3.39358896731283e-06
ncRNA_140	15.169688361151	3.28	0.446462970377024	7.34090658931721	2.12151843665943e-13	5.37808753148828e-13
ncRNA_141	7.88487069885382	3.36	0.658662123511262	5.09582282020166	3.47229769124679e-07	6.81455404917132e-07
ncRNA_142	1.82977190777694	0.28	1.03591051583985	0.267055031198309	0.789426790391152	0.829595169429313
ncRNA_143	228.430314628262	-0.23	0.232873966223307	-0.989394772294315	0.322470031269162	0.383924136923034
ncRNA_144	3.34486660879026	1.93	0.956886929872422	2.01329494513296	0.0440836098357396	0.0608881015473178
ncRNA_145	1489.49270790676	2.89	0.207508050262389	13.9254218044236	4.43913022554837e-44	2.52605935525127e-43
ncRNA_146	75.2381127034658	3.60	0.333080223289481	10.802684463337	3.34284691712778e-27	1.22257661729538e-26
ncRNA_147	1.37824417155994	0.99	1.42053653100385	0.698931811755335	0.48459464574626	0.546375016446731
ncRNA_148	72.063194029099	-1.94	0.220842082457424	-8.80582453852019	1.29894111030141e-18	3.77844427362739e-18
ncRNA_149	114.94136274461	-0.60	0.166366481306459	-3.60107400189667	0.000316905350568438	0.000525580862468486
ncRNA_150	31.7697563093659	-2.36	0.392685740666486	-6.01157029317959	1.83734810777597e-09	3.99438340953649e-09
ncRNA_151	1.88824173699028	1.01	1.25422148631201	0.809232492482296	0.418381428422495	0.481460896490128
ncRNA_152	0.12045818375367	0.96	4.32794324778021	0.222141341187113	0.824203856122394	NA
ncRNA_153	2.18802357832226	0.03	0.90735445556139	0.0329978721095434	0.973676284529341	0.97897406500072
ncRNA_154	0.129777442503816	0.96	4.32794324778021	0.222141341187113	0.824203856122394	NA
ncRNA_155	7.86393050584793	1.39	0.459602682974786	3.02372028639516	0.00249687175927534	0.00387384743562338
ncRNA_156	1.39952472255536	3.62	1.36390046714274	2.65248681013594	0.00799012496203517	0.0118668903306707
ncRNA_157	0.460580890140053	-2.17	2.16861386134525	-1.00170559565025	0.316485803338633	0.378081543219443
ncRNA_158	1.27151330849498	1.09	1.04362545642414	1.04652013434877	0.295320953944772	0.354486109162425
ncRNA_159	5.50347593138989	2.73	0.753496522100858	3.61744868451845	0.000297521292820084	0.000495304532523147
ncRNA_160	3.24969507915243	2.60	0.974806914099143	2.67192913985548	0.00754165720793147	0.0112354460764045
